image_path,label,source,generator
C:\Users\angus\Desktop\tiktoktechjam2026\data\real_ext\unsplash\unsplash_000000.jpg,0,unsplash_real,Real_Unsplash
C:\Users\angus\Desktop\tiktoktechjam2026\data\real_ext\unsplash\unsplash_000001.jpg,0,unsplash_real,Real_Unsplash
C:\Users\angus\Desktop\tiktoktechjam2026\data\real_ext\unsplash\unsplash_000002.jpg,0,unsplash_real,Real_Unsplash
C:\Users\angus\Desktop\tiktoktechjam2026\data\real_ext\unsplash\unsplash_000003.jpg,0,unsplash_real,Real_Unsplash
C:\Users\angus\Desktop\tiktoktechjam2026\data\real_ext\unsplash\unsplash_000004.jpg,0,unsplash_real,Real_Unsplash
C:\Users\angus\Desktop\tiktoktechjam2026\data\real_ext\unsplash\unsplash_000005.jpg,0,unsplash_real,Real_Unsplash
C:\Users\angus\Desktop\tiktoktechjam2026\data\real_ext\unsplash\unsplash_000006.jpg,0,unsplash_real,Real_Unsplash
C:\Users\angus\Desktop\tiktoktechjam2026\data\real_ext\unsplash\unsplash_000007.jpg,0,unsplash_real,Real_Unsplash
C:\Users\angus\Desktop\tiktoktechjam2026\data\real_ext\unsplash\unsplash_000008.jpg,0,unsplash_real,Real_Unsplash
C:\Users\angus\Desktop\tiktoktechjam2026\data\real_ext\unsplash\unsplash_000009.jpg,0,unsplash_real,Real_Unsplash
C:\Users\angus\Desktop\tiktoktechjam2026\data\real_ext\unsplash\unsplash_000010.jpg,0,unsplash_real,Real_Unsplash
C:\Users\angus\Desktop\tiktoktechjam2026\data\real_ext\unsplash\unsplash_000011.jpg,0,unsplash_real,Real_Unsplash
C:\Users\angus\Desktop\tiktoktechjam2026\data\real_ext\unsplash\unsplash_000012.jpg,0,unsplash_real,Real_Unsplash
C:\Users\angus\Desktop\tiktoktechjam2026\data\real_ext\unsplash\unsplash_000013.jpg,0,unsplash_real,Real_Unsplash
C:\Users\angus\Desktop\tiktoktechjam2026\data\real_ext\unsplash\unsplash_000014.jpg,0,unsplash_real,Real_Unsplash
C:\Users\angus\Desktop\tiktoktechjam2026\data\real_ext\unsplash\unsplash_000015.jpg,0,unsplash_real,Real_Unsplash
C:\Users\angus\Desktop\tiktoktechjam2026\data\real_ext\unsplash\unsplash_000016.jpg,0,unsplash_real,Real_Unsplash
C:\Users\angus\Desktop\tiktoktechjam2026\data\real_ext\unsplash\unsplash_000017.jpg,0,unsplash_real,Real_Unsplash
C:\Users\angus\Desktop\tiktoktechjam2026\data\real_ext\unsplash\unsplash_000018.jpg,0,unsplash_real,Real_Unsplash
C:\Users\angus\Desktop\tiktoktechjam2026\data\real_ext\unsplash\unsplash_000019.jpg,0,unsplash_real,Real_Unsplash
C:\Users\angus\Desktop\tiktoktechjam2026\data\real_ext\unsplash\unsplash_000020.jpg,0,unsplash_real,Real_Unsplash
C:\Users\angus\Desktop\tiktoktechjam2026\data\real_ext\unsplash\unsplash_000021.jpg,0,unsplash_real,Real_Unsplash
C:\Users\angus\Desktop\tiktoktechjam2026\data\real_ext\unsplash\unsplash_000022.jpg,0,unsplash_real,Real_Unsplash
C:\Users\angus\Desktop\tiktoktechjam2026\data\real_ext\unsplash\unsplash_000023.jpg,0,unsplash_real,Real_Unsplash
C:\Users\angus\Desktop\tiktoktechjam2026\data\real_ext\unsplash\unsplash_000024.jpg,0,unsplash_real,Real_Unsplash
C:\Users\angus\Desktop\tiktoktechjam2026\data\real_ext\unsplash\unsplash_000025.jpg,0,unsplash_real,Real_Unsplash
C:\Users\angus\Desktop\tiktoktechjam2026\data\real_ext\unsplash\unsplash_000026.jpg,0,unsplash_real,Real_Unsplash
C:\Users\angus\Desktop\tiktoktechjam2026\data\real_ext\unsplash\unsplash_000027.jpg,0,unsplash_real,Real_Unsplash
C:\Users\angus\Desktop\tiktoktechjam2026\data\real_ext\unsplash\unsplash_000028.jpg,0,unsplash_real,Real_Unsplash
C:\Users\angus\Desktop\tiktoktechjam2026\data\real_ext\unsplash\unsplash_000029.jpg,0,unsplash_real,Real_Unsplash
C:\Users\angus\Desktop\tiktoktechjam2026\data\real_ext\unsplash\unsplash_000030.jpg,0,unsplash_real,Real_Unsplash
C:\Users\angus\Desktop\tiktoktechjam2026\data\real_ext\unsplash\unsplash_000031.jpg,0,unsplash_real,Real_Unsplash
C:\Users\angus\Desktop\tiktoktechjam2026\data\real_ext\unsplash\unsplash_000032.jpg,0,unsplash_real,Real_Unsplash
C:\Users\angus\Desktop\tiktoktechjam2026\data\real_ext\unsplash\unsplash_000033.jpg,0,unsplash_real,Real_Unsplash
C:\Users\angus\Desktop\tiktoktechjam2026\data\real_ext\unsplash\unsplash_000034.jpg,0,unsplash_real,Real_Unsplash
C:\Users\angus\Desktop\tiktoktechjam2026\data\real_ext\unsplash\unsplash_000035.jpg,0,unsplash_real,Real_Unsplash
C:\Users\angus\Desktop\tiktoktechjam2026\data\real_ext\unsplash\unsplash_000036.jpg,0,unsplash_real,Real_Unsplash
C:\Users\angus\Desktop\tiktoktechjam2026\data\real_ext\unsplash\unsplash_000037.jpg,0,unsplash_real,Real_Unsplash
C:\Users\angus\Desktop\tiktoktechjam2026\data\real_ext\unsplash\unsplash_000038.jpg,0,unsplash_real,Real_Unsplash
C:\Users\angus\Desktop\tiktoktechjam2026\data\real_ext\unsplash\unsplash_000039.jpg,0,unsplash_real,Real_Unsplash
C:\Users\angus\Desktop\tiktoktechjam2026\data\real_ext\unsplash\unsplash_000040.jpg,0,unsplash_real,Real_Unsplash
C:\Users\angus\Desktop\tiktoktechjam2026\data\real_ext\unsplash\unsplash_000041.jpg,0,unsplash_real,Real_Unsplash
C:\Users\angus\Desktop\tiktoktechjam2026\data\real_ext\unsplash\unsplash_000042.jpg,0,unsplash_real,Real_Unsplash
C:\Users\angus\Desktop\tiktoktechjam2026\data\real_ext\unsplash\unsplash_000043.jpg,0,unsplash_real,Real_Unsplash
C:\Users\angus\Desktop\tiktoktechjam2026\data\real_ext\unsplash\unsplash_000044.jpg,0,unsplash_real,Real_Unsplash
C:\Users\angus\Desktop\tiktoktechjam2026\data\real_ext\unsplash\unsplash_000045.jpg,0,unsplash_real,Real_Unsplash
C:\Users\angus\Desktop\tiktoktechjam2026\data\real_ext\unsplash\unsplash_000046.jpg,0,unsplash_real,Real_Unsplash
C:\Users\angus\Desktop\tiktoktechjam2026\data\real_ext\unsplash\unsplash_000047.jpg,0,unsplash_real,Real_Unsplash
C:\Users\angus\Desktop\tiktoktechjam2026\data\real_ext\unsplash\unsplash_000048.jpg,0,unsplash_real,Real_Unsplash
C:\Users\angus\Desktop\tiktoktechjam2026\data\real_ext\unsplash\unsplash_000049.jpg,0,unsplash_real,Real_Unsplash
C:\Users\angus\Desktop\tiktoktechjam2026\data\real_ext\unsplash\unsplash_000050.jpg,0,unsplash_real,Real_Unsplash
C:\Users\angus\Desktop\tiktoktechjam2026\data\real_ext\unsplash\unsplash_000051.jpg,0,unsplash_real,Real_Unsplash
C:\Users\angus\Desktop\tiktoktechjam2026\data\real_ext\unsplash\unsplash_000052.jpg,0,unsplash_real,Real_Unsplash
C:\Users\angus\Desktop\tiktoktechjam2026\data\real_ext\unsplash\unsplash_000053.jpg,0,unsplash_real,Real_Unsplash
C:\Users\angus\Desktop\tiktoktechjam2026\data\real_ext\unsplash\unsplash_000054.jpg,0,unsplash_real,Real_Unsplash
C:\Users\angus\Desktop\tiktoktechjam2026\data\real_ext\unsplash\unsplash_000055.jpg,0,unsplash_real,Real_Unsplash
C:\Users\angus\Desktop\tiktoktechjam2026\data\real_ext\unsplash\unsplash_000056.jpg,0,unsplash_real,Real_Unsplash
C:\Users\angus\Desktop\tiktoktechjam2026\data\real_ext\unsplash\unsplash_000057.jpg,0,unsplash_real,Real_Unsplash
C:\Users\angus\Desktop\tiktoktechjam2026\data\real_ext\unsplash\unsplash_000058.jpg,0,unsplash_real,Real_Unsplash
C:\Users\angus\Desktop\tiktoktechjam2026\data\real_ext\unsplash\unsplash_000059.jpg,0,unsplash_real,Real_Unsplash
C:\Users\angus\Desktop\tiktoktechjam2026\data\real_ext\unsplash\unsplash_000060.jpg,0,unsplash_real,Real_Unsplash
C:\Users\angus\Desktop\tiktoktechjam2026\data\real_ext\unsplash\unsplash_000061.jpg,0,unsplash_real,Real_Unsplash
C:\Users\angus\Desktop\tiktoktechjam2026\data\real_ext\unsplash\unsplash_000062.jpg,0,unsplash_real,Real_Unsplash
C:\Users\angus\Desktop\tiktoktechjam2026\data\real_ext\unsplash\unsplash_000063.jpg,0,unsplash_real,Real_Unsplash
C:\Users\angus\Desktop\tiktoktechjam2026\data\real_ext\unsplash\unsplash_000064.jpg,0,unsplash_real,Real_Unsplash
C:\Users\angus\Desktop\tiktoktechjam2026\data\real_ext\unsplash\unsplash_000065.jpg,0,unsplash_real,Real_Unsplash
C:\Users\angus\Desktop\tiktoktechjam2026\data\real_ext\unsplash\unsplash_000066.jpg,0,unsplash_real,Real_Unsplash
C:\Users\angus\Desktop\tiktoktechjam2026\data\real_ext\unsplash\unsplash_000067.jpg,0,unsplash_real,Real_Unsplash
C:\Users\angus\Desktop\tiktoktechjam2026\data\real_ext\unsplash\unsplash_000068.jpg,0,unsplash_real,Real_Unsplash
C:\Users\angus\Desktop\tiktoktechjam2026\data\real_ext\unsplash\unsplash_000069.jpg,0,unsplash_real,Real_Unsplash
C:\Users\angus\Desktop\tiktoktechjam2026\data\real_ext\unsplash\unsplash_000070.jpg,0,unsplash_real,Real_Unsplash
C:\Users\angus\Desktop\tiktoktechjam2026\data\real_ext\unsplash\unsplash_000071.jpg,0,unsplash_real,Real_Unsplash
C:\Users\angus\Desktop\tiktoktechjam2026\data\real_ext\unsplash\unsplash_000072.jpg,0,unsplash_real,Real_Unsplash
C:\Users\angus\Desktop\tiktoktechjam2026\data\real_ext\unsplash\unsplash_000073.jpg,0,unsplash_real,Real_Unsplash
C:\Users\angus\Desktop\tiktoktechjam2026\data\real_ext\unsplash\unsplash_000074.jpg,0,unsplash_real,Real_Unsplash
C:\Users\angus\Desktop\tiktoktechjam2026\data\real_ext\unsplash\unsplash_000075.jpg,0,unsplash_real,Real_Unsplash
C:\Users\angus\Desktop\tiktoktechjam2026\data\real_ext\unsplash\unsplash_000076.jpg,0,unsplash_real,Real_Unsplash
C:\Users\angus\Desktop\tiktoktechjam2026\data\real_ext\unsplash\unsplash_000077.jpg,0,unsplash_real,Real_Unsplash
C:\Users\angus\Desktop\tiktoktechjam2026\data\real_ext\unsplash\unsplash_000078.jpg,0,unsplash_real,Real_Unsplash
C:\Users\angus\Desktop\tiktoktechjam2026\data\real_ext\unsplash\unsplash_000079.jpg,0,unsplash_real,Real_Unsplash
C:\Users\angus\Desktop\tiktoktechjam2026\data\real_ext\unsplash\unsplash_000080.jpg,0,unsplash_real,Real_Unsplash
C:\Users\angus\Desktop\tiktoktechjam2026\data\real_ext\unsplash\unsplash_000081.jpg,0,unsplash_real,Real_Unsplash
C:\Users\angus\Desktop\tiktoktechjam2026\data\real_ext\unsplash\unsplash_000082.jpg,0,unsplash_real,Real_Unsplash
C:\Users\angus\Desktop\tiktoktechjam2026\data\real_ext\unsplash\unsplash_000083.jpg,0,unsplash_real,Real_Unsplash
C:\Users\angus\Desktop\tiktoktechjam2026\data\real_ext\unsplash\unsplash_000084.jpg,0,unsplash_real,Real_Unsplash
C:\Users\angus\Desktop\tiktoktechjam2026\data\real_ext\unsplash\unsplash_000085.jpg,0,unsplash_real,Real_Unsplash
C:\Users\angus\Desktop\tiktoktechjam2026\data\real_ext\unsplash\unsplash_000086.jpg,0,unsplash_real,Real_Unsplash
C:\Users\angus\Desktop\tiktoktechjam2026\data\real_ext\unsplash\unsplash_000087.jpg,0,unsplash_real,Real_Unsplash
C:\Users\angus\Desktop\tiktoktechjam2026\data\real_ext\unsplash\unsplash_000088.jpg,0,unsplash_real,Real_Unsplash
C:\Users\angus\Desktop\tiktoktechjam2026\data\real_ext\unsplash\unsplash_000089.jpg,0,unsplash_real,Real_Unsplash
C:\Users\angus\Desktop\tiktoktechjam2026\data\real_ext\unsplash\unsplash_000090.jpg,0,unsplash_real,Real_Unsplash
C:\Users\angus\Desktop\tiktoktechjam2026\data\real_ext\unsplash\unsplash_000091.jpg,0,unsplash_real,Real_Unsplash
C:\Users\angus\Desktop\tiktoktechjam2026\data\real_ext\unsplash\unsplash_000092.jpg,0,unsplash_real,Real_Unsplash
C:\Users\angus\Desktop\tiktoktechjam2026\data\real_ext\unsplash\unsplash_000093.jpg,0,unsplash_real,Real_Unsplash
C:\Users\angus\Desktop\tiktoktechjam2026\data\real_ext\unsplash\unsplash_000094.jpg,0,unsplash_real,Real_Unsplash
C:\Users\angus\Desktop\tiktoktechjam2026\data\real_ext\unsplash\unsplash_000095.jpg,0,unsplash_real,Real_Unsplash
C:\Users\angus\Desktop\tiktoktechjam2026\data\real_ext\unsplash\unsplash_000096.jpg,0,unsplash_real,Real_Unsplash
C:\Users\angus\Desktop\tiktoktechjam2026\data\real_ext\unsplash\unsplash_000097.jpg,0,unsplash_real,Real_Unsplash
C:\Users\angus\Desktop\tiktoktechjam2026\data\real_ext\unsplash\unsplash_000098.jpg,0,unsplash_real,Real_Unsplash
C:\Users\angus\Desktop\tiktoktechjam2026\data\real_ext\unsplash\unsplash_000099.jpg,0,unsplash_real,Real_Unsplash
C:\Users\angus\Desktop\tiktoktechjam2026\data\real_ext\unsplash\unsplash_000100.jpg,0,unsplash_real,Real_Unsplash
C:\Users\angus\Desktop\tiktoktechjam2026\data\real_ext\unsplash\unsplash_000101.jpg,0,unsplash_real,Real_Unsplash
C:\Users\angus\Desktop\tiktoktechjam2026\data\real_ext\unsplash\unsplash_000102.jpg,0,unsplash_real,Real_Unsplash
C:\Users\angus\Desktop\tiktoktechjam2026\data\real_ext\unsplash\unsplash_000103.jpg,0,unsplash_real,Real_Unsplash
C:\Users\angus\Desktop\tiktoktechjam2026\data\real_ext\unsplash\unsplash_000104.jpg,0,unsplash_real,Real_Unsplash
C:\Users\angus\Desktop\tiktoktechjam2026\data\real_ext\unsplash\unsplash_000105.jpg,0,unsplash_real,Real_Unsplash
C:\Users\angus\Desktop\tiktoktechjam2026\data\real_ext\unsplash\unsplash_000106.jpg,0,unsplash_real,Real_Unsplash
C:\Users\angus\Desktop\tiktoktechjam2026\data\real_ext\unsplash\unsplash_000107.jpg,0,unsplash_real,Real_Unsplash
C:\Users\angus\Desktop\tiktoktechjam2026\data\real_ext\unsplash\unsplash_000108.jpg,0,unsplash_real,Real_Unsplash
C:\Users\angus\Desktop\tiktoktechjam2026\data\real_ext\unsplash\unsplash_000109.jpg,0,unsplash_real,Real_Unsplash
C:\Users\angus\Desktop\tiktoktechjam2026\data\real_ext\unsplash\unsplash_000110.jpg,0,unsplash_real,Real_Unsplash
C:\Users\angus\Desktop\tiktoktechjam2026\data\real_ext\unsplash\unsplash_000111.jpg,0,unsplash_real,Real_Unsplash
C:\Users\angus\Desktop\tiktoktechjam2026\data\real_ext\unsplash\unsplash_000112.jpg,0,unsplash_real,Real_Unsplash
C:\Users\angus\Desktop\tiktoktechjam2026\data\real_ext\unsplash\unsplash_000113.jpg,0,unsplash_real,Real_Unsplash
C:\Users\angus\Desktop\tiktoktechjam2026\data\real_ext\unsplash\unsplash_000114.jpg,0,unsplash_real,Real_Unsplash
C:\Users\angus\Desktop\tiktoktechjam2026\data\real_ext\unsplash\unsplash_000115.jpg,0,unsplash_real,Real_Unsplash
C:\Users\angus\Desktop\tiktoktechjam2026\data\real_ext\unsplash\unsplash_000116.jpg,0,unsplash_real,Real_Unsplash
C:\Users\angus\Desktop\tiktoktechjam2026\data\real_ext\unsplash\unsplash_000117.jpg,0,unsplash_real,Real_Unsplash
C:\Users\angus\Desktop\tiktoktechjam2026\data\real_ext\unsplash\unsplash_000118.jpg,0,unsplash_real,Real_Unsplash
C:\Users\angus\Desktop\tiktoktechjam2026\data\real_ext\unsplash\unsplash_000119.jpg,0,unsplash_real,Real_Unsplash
C:\Users\angus\Desktop\tiktoktechjam2026\data\real_ext\unsplash\unsplash_000120.jpg,0,unsplash_real,Real_Unsplash
C:\Users\angus\Desktop\tiktoktechjam2026\data\real_ext\unsplash\unsplash_000121.jpg,0,unsplash_real,Real_Unsplash
C:\Users\angus\Desktop\tiktoktechjam2026\data\real_ext\unsplash\unsplash_000122.jpg,0,unsplash_real,Real_Unsplash
C:\Users\angus\Desktop\tiktoktechjam2026\data\real_ext\unsplash\unsplash_000123.jpg,0,unsplash_real,Real_Unsplash
C:\Users\angus\Desktop\tiktoktechjam2026\data\real_ext\unsplash\unsplash_000124.jpg,0,unsplash_real,Real_Unsplash
C:\Users\angus\Desktop\tiktoktechjam2026\data\real_ext\unsplash\unsplash_000125.jpg,0,unsplash_real,Real_Unsplash
C:\Users\angus\Desktop\tiktoktechjam2026\data\real_ext\unsplash\unsplash_000126.jpg,0,unsplash_real,Real_Unsplash
C:\Users\angus\Desktop\tiktoktechjam2026\data\real_ext\unsplash\unsplash_000127.jpg,0,unsplash_real,Real_Unsplash
C:\Users\angus\Desktop\tiktoktechjam2026\data\real_ext\unsplash\unsplash_000128.jpg,0,unsplash_real,Real_Unsplash
C:\Users\angus\Desktop\tiktoktechjam2026\data\real_ext\unsplash\unsplash_000129.jpg,0,unsplash_real,Real_Unsplash
C:\Users\angus\Desktop\tiktoktechjam2026\data\real_ext\unsplash\unsplash_000130.jpg,0,unsplash_real,Real_Unsplash
C:\Users\angus\Desktop\tiktoktechjam2026\data\real_ext\unsplash\unsplash_000131.jpg,0,unsplash_real,Real_Unsplash
C:\Users\angus\Desktop\tiktoktechjam2026\data\real_ext\unsplash\unsplash_000132.jpg,0,unsplash_real,Real_Unsplash
C:\Users\angus\Desktop\tiktoktechjam2026\data\real_ext\unsplash\unsplash_000133.jpg,0,unsplash_real,Real_Unsplash
C:\Users\angus\Desktop\tiktoktechjam2026\data\real_ext\unsplash\unsplash_000134.jpg,0,unsplash_real,Real_Unsplash
C:\Users\angus\Desktop\tiktoktechjam2026\data\real_ext\unsplash\unsplash_000135.jpg,0,unsplash_real,Real_Unsplash
C:\Users\angus\Desktop\tiktoktechjam2026\data\real_ext\unsplash\unsplash_000136.jpg,0,unsplash_real,Real_Unsplash
C:\Users\angus\Desktop\tiktoktechjam2026\data\real_ext\unsplash\unsplash_000137.jpg,0,unsplash_real,Real_Unsplash
C:\Users\angus\Desktop\tiktoktechjam2026\data\real_ext\unsplash\unsplash_000138.jpg,0,unsplash_real,Real_Unsplash
C:\Users\angus\Desktop\tiktoktechjam2026\data\real_ext\unsplash\unsplash_000139.jpg,0,unsplash_real,Real_Unsplash
C:\Users\angus\Desktop\tiktoktechjam2026\data\real_ext\unsplash\unsplash_000140.jpg,0,unsplash_real,Real_Unsplash
C:\Users\angus\Desktop\tiktoktechjam2026\data\real_ext\unsplash\unsplash_000141.jpg,0,unsplash_real,Real_Unsplash
C:\Users\angus\Desktop\tiktoktechjam2026\data\real_ext\unsplash\unsplash_000142.jpg,0,unsplash_real,Real_Unsplash
C:\Users\angus\Desktop\tiktoktechjam2026\data\real_ext\unsplash\unsplash_000143.jpg,0,unsplash_real,Real_Unsplash
C:\Users\angus\Desktop\tiktoktechjam2026\data\real_ext\unsplash\unsplash_000144.jpg,0,unsplash_real,Real_Unsplash
C:\Users\angus\Desktop\tiktoktechjam2026\data\real_ext\unsplash\unsplash_000145.jpg,0,unsplash_real,Real_Unsplash
C:\Users\angus\Desktop\tiktoktechjam2026\data\real_ext\unsplash\unsplash_000146.jpg,0,unsplash_real,Real_Unsplash
C:\Users\angus\Desktop\tiktoktechjam2026\data\real_ext\unsplash\unsplash_000147.jpg,0,unsplash_real,Real_Unsplash
C:\Users\angus\Desktop\tiktoktechjam2026\data\real_ext\unsplash\unsplash_000148.jpg,0,unsplash_real,Real_Unsplash
C:\Users\angus\Desktop\tiktoktechjam2026\data\real_ext\unsplash\unsplash_000149.jpg,0,unsplash_real,Real_Unsplash
C:\Users\angus\Desktop\tiktoktechjam2026\data\real_ext\unsplash\unsplash_000150.jpg,0,unsplash_real,Real_Unsplash
C:\Users\angus\Desktop\tiktoktechjam2026\data\real_ext\unsplash\unsplash_000151.jpg,0,unsplash_real,Real_Unsplash
C:\Users\angus\Desktop\tiktoktechjam2026\data\real_ext\unsplash\unsplash_000152.jpg,0,unsplash_real,Real_Unsplash
C:\Users\angus\Desktop\tiktoktechjam2026\data\real_ext\unsplash\unsplash_000153.jpg,0,unsplash_real,Real_Unsplash
C:\Users\angus\Desktop\tiktoktechjam2026\data\real_ext\unsplash\unsplash_000154.jpg,0,unsplash_real,Real_Unsplash
C:\Users\angus\Desktop\tiktoktechjam2026\data\real_ext\unsplash\unsplash_000155.jpg,0,unsplash_real,Real_Unsplash
C:\Users\angus\Desktop\tiktoktechjam2026\data\real_ext\unsplash\unsplash_000156.jpg,0,unsplash_real,Real_Unsplash
C:\Users\angus\Desktop\tiktoktechjam2026\data\real_ext\unsplash\unsplash_000157.jpg,0,unsplash_real,Real_Unsplash
C:\Users\angus\Desktop\tiktoktechjam2026\data\real_ext\unsplash\unsplash_000158.jpg,0,unsplash_real,Real_Unsplash
C:\Users\angus\Desktop\tiktoktechjam2026\data\real_ext\unsplash\unsplash_000159.jpg,0,unsplash_real,Real_Unsplash
C:\Users\angus\Desktop\tiktoktechjam2026\data\real_ext\unsplash\unsplash_000160.jpg,0,unsplash_real,Real_Unsplash
C:\Users\angus\Desktop\tiktoktechjam2026\data\real_ext\unsplash\unsplash_000161.jpg,0,unsplash_real,Real_Unsplash
C:\Users\angus\Desktop\tiktoktechjam2026\data\real_ext\unsplash\unsplash_000162.jpg,0,unsplash_real,Real_Unsplash
C:\Users\angus\Desktop\tiktoktechjam2026\data\real_ext\unsplash\unsplash_000163.jpg,0,unsplash_real,Real_Unsplash
C:\Users\angus\Desktop\tiktoktechjam2026\data\real_ext\unsplash\unsplash_000164.jpg,0,unsplash_real,Real_Unsplash
C:\Users\angus\Desktop\tiktoktechjam2026\data\real_ext\unsplash\unsplash_000165.jpg,0,unsplash_real,Real_Unsplash
C:\Users\angus\Desktop\tiktoktechjam2026\data\real_ext\unsplash\unsplash_000166.jpg,0,unsplash_real,Real_Unsplash
C:\Users\angus\Desktop\tiktoktechjam2026\data\real_ext\unsplash\unsplash_000167.jpg,0,unsplash_real,Real_Unsplash
C:\Users\angus\Desktop\tiktoktechjam2026\data\real_ext\unsplash\unsplash_000168.jpg,0,unsplash_real,Real_Unsplash
C:\Users\angus\Desktop\tiktoktechjam2026\data\real_ext\unsplash\unsplash_000169.jpg,0,unsplash_real,Real_Unsplash
C:\Users\angus\Desktop\tiktoktechjam2026\data\real_ext\unsplash\unsplash_000170.jpg,0,unsplash_real,Real_Unsplash
C:\Users\angus\Desktop\tiktoktechjam2026\data\real_ext\unsplash\unsplash_000171.jpg,0,unsplash_real,Real_Unsplash
C:\Users\angus\Desktop\tiktoktechjam2026\data\real_ext\unsplash\unsplash_000172.jpg,0,unsplash_real,Real_Unsplash
C:\Users\angus\Desktop\tiktoktechjam2026\data\real_ext\unsplash\unsplash_000173.jpg,0,unsplash_real,Real_Unsplash
C:\Users\angus\Desktop\tiktoktechjam2026\data\real_ext\unsplash\unsplash_000174.jpg,0,unsplash_real,Real_Unsplash
C:\Users\angus\Desktop\tiktoktechjam2026\data\real_ext\unsplash\unsplash_000175.jpg,0,unsplash_real,Real_Unsplash
C:\Users\angus\Desktop\tiktoktechjam2026\data\real_ext\unsplash\unsplash_000176.jpg,0,unsplash_real,Real_Unsplash
C:\Users\angus\Desktop\tiktoktechjam2026\data\real_ext\unsplash\unsplash_000177.jpg,0,unsplash_real,Real_Unsplash
C:\Users\angus\Desktop\tiktoktechjam2026\data\real_ext\unsplash\unsplash_000178.jpg,0,unsplash_real,Real_Unsplash
C:\Users\angus\Desktop\tiktoktechjam2026\data\real_ext\unsplash\unsplash_000179.jpg,0,unsplash_real,Real_Unsplash
C:\Users\angus\Desktop\tiktoktechjam2026\data\real_ext\unsplash\unsplash_000180.jpg,0,unsplash_real,Real_Unsplash
C:\Users\angus\Desktop\tiktoktechjam2026\data\real_ext\unsplash\unsplash_000181.jpg,0,unsplash_real,Real_Unsplash
C:\Users\angus\Desktop\tiktoktechjam2026\data\real_ext\unsplash\unsplash_000182.jpg,0,unsplash_real,Real_Unsplash
C:\Users\angus\Desktop\tiktoktechjam2026\data\real_ext\unsplash\unsplash_000183.jpg,0,unsplash_real,Real_Unsplash
C:\Users\angus\Desktop\tiktoktechjam2026\data\real_ext\unsplash\unsplash_000184.jpg,0,unsplash_real,Real_Unsplash
C:\Users\angus\Desktop\tiktoktechjam2026\data\real_ext\unsplash\unsplash_000185.jpg,0,unsplash_real,Real_Unsplash
C:\Users\angus\Desktop\tiktoktechjam2026\data\real_ext\unsplash\unsplash_000186.jpg,0,unsplash_real,Real_Unsplash
C:\Users\angus\Desktop\tiktoktechjam2026\data\real_ext\unsplash\unsplash_000187.jpg,0,unsplash_real,Real_Unsplash
C:\Users\angus\Desktop\tiktoktechjam2026\data\real_ext\unsplash\unsplash_000188.jpg,0,unsplash_real,Real_Unsplash
C:\Users\angus\Desktop\tiktoktechjam2026\data\real_ext\unsplash\unsplash_000189.jpg,0,unsplash_real,Real_Unsplash
C:\Users\angus\Desktop\tiktoktechjam2026\data\real_ext\unsplash\unsplash_000190.jpg,0,unsplash_real,Real_Unsplash
C:\Users\angus\Desktop\tiktoktechjam2026\data\real_ext\unsplash\unsplash_000191.jpg,0,unsplash_real,Real_Unsplash
C:\Users\angus\Desktop\tiktoktechjam2026\data\real_ext\unsplash\unsplash_000192.jpg,0,unsplash_real,Real_Unsplash
C:\Users\angus\Desktop\tiktoktechjam2026\data\real_ext\unsplash\unsplash_000193.jpg,0,unsplash_real,Real_Unsplash
C:\Users\angus\Desktop\tiktoktechjam2026\data\real_ext\unsplash\unsplash_000194.jpg,0,unsplash_real,Real_Unsplash
C:\Users\angus\Desktop\tiktoktechjam2026\data\real_ext\unsplash\unsplash_000195.jpg,0,unsplash_real,Real_Unsplash
C:\Users\angus\Desktop\tiktoktechjam2026\data\real_ext\unsplash\unsplash_000196.jpg,0,unsplash_real,Real_Unsplash
C:\Users\angus\Desktop\tiktoktechjam2026\data\real_ext\unsplash\unsplash_000197.jpg,0,unsplash_real,Real_Unsplash
C:\Users\angus\Desktop\tiktoktechjam2026\data\real_ext\unsplash\unsplash_000198.jpg,0,unsplash_real,Real_Unsplash
C:\Users\angus\Desktop\tiktoktechjam2026\data\real_ext\unsplash\unsplash_000199.jpg,0,unsplash_real,Real_Unsplash
C:\Users\angus\Desktop\tiktoktechjam2026\data\real_ext\unsplash\unsplash_000200.jpg,0,unsplash_real,Real_Unsplash
C:\Users\angus\Desktop\tiktoktechjam2026\data\real_ext\unsplash\unsplash_000201.jpg,0,unsplash_real,Real_Unsplash
C:\Users\angus\Desktop\tiktoktechjam2026\data\real_ext\unsplash\unsplash_000202.jpg,0,unsplash_real,Real_Unsplash
C:\Users\angus\Desktop\tiktoktechjam2026\data\real_ext\unsplash\unsplash_000203.jpg,0,unsplash_real,Real_Unsplash
C:\Users\angus\Desktop\tiktoktechjam2026\data\real_ext\unsplash\unsplash_000204.jpg,0,unsplash_real,Real_Unsplash
C:\Users\angus\Desktop\tiktoktechjam2026\data\real_ext\unsplash\unsplash_000205.jpg,0,unsplash_real,Real_Unsplash
C:\Users\angus\Desktop\tiktoktechjam2026\data\real_ext\unsplash\unsplash_000206.jpg,0,unsplash_real,Real_Unsplash
C:\Users\angus\Desktop\tiktoktechjam2026\data\real_ext\unsplash\unsplash_000207.jpg,0,unsplash_real,Real_Unsplash
C:\Users\angus\Desktop\tiktoktechjam2026\data\real_ext\unsplash\unsplash_000208.jpg,0,unsplash_real,Real_Unsplash
C:\Users\angus\Desktop\tiktoktechjam2026\data\real_ext\unsplash\unsplash_000209.jpg,0,unsplash_real,Real_Unsplash
C:\Users\angus\Desktop\tiktoktechjam2026\data\real_ext\unsplash\unsplash_000210.jpg,0,unsplash_real,Real_Unsplash
C:\Users\angus\Desktop\tiktoktechjam2026\data\real_ext\unsplash\unsplash_000211.jpg,0,unsplash_real,Real_Unsplash
C:\Users\angus\Desktop\tiktoktechjam2026\data\real_ext\unsplash\unsplash_000212.jpg,0,unsplash_real,Real_Unsplash
C:\Users\angus\Desktop\tiktoktechjam2026\data\real_ext\unsplash\unsplash_000213.jpg,0,unsplash_real,Real_Unsplash
C:\Users\angus\Desktop\tiktoktechjam2026\data\real_ext\unsplash\unsplash_000214.jpg,0,unsplash_real,Real_Unsplash
C:\Users\angus\Desktop\tiktoktechjam2026\data\real_ext\unsplash\unsplash_000215.jpg,0,unsplash_real,Real_Unsplash
C:\Users\angus\Desktop\tiktoktechjam2026\data\real_ext\unsplash\unsplash_000216.jpg,0,unsplash_real,Real_Unsplash
C:\Users\angus\Desktop\tiktoktechjam2026\data\real_ext\unsplash\unsplash_000217.jpg,0,unsplash_real,Real_Unsplash
C:\Users\angus\Desktop\tiktoktechjam2026\data\real_ext\unsplash\unsplash_000218.jpg,0,unsplash_real,Real_Unsplash
C:\Users\angus\Desktop\tiktoktechjam2026\data\real_ext\unsplash\unsplash_000219.jpg,0,unsplash_real,Real_Unsplash
C:\Users\angus\Desktop\tiktoktechjam2026\data\real_ext\unsplash\unsplash_000220.jpg,0,unsplash_real,Real_Unsplash
C:\Users\angus\Desktop\tiktoktechjam2026\data\real_ext\unsplash\unsplash_000221.jpg,0,unsplash_real,Real_Unsplash
C:\Users\angus\Desktop\tiktoktechjam2026\data\real_ext\unsplash\unsplash_000222.jpg,0,unsplash_real,Real_Unsplash
C:\Users\angus\Desktop\tiktoktechjam2026\data\real_ext\unsplash\unsplash_000223.jpg,0,unsplash_real,Real_Unsplash
C:\Users\angus\Desktop\tiktoktechjam2026\data\real_ext\unsplash\unsplash_000224.jpg,0,unsplash_real,Real_Unsplash
C:\Users\angus\Desktop\tiktoktechjam2026\data\real_ext\unsplash\unsplash_000225.jpg,0,unsplash_real,Real_Unsplash
C:\Users\angus\Desktop\tiktoktechjam2026\data\real_ext\unsplash\unsplash_000226.jpg,0,unsplash_real,Real_Unsplash
C:\Users\angus\Desktop\tiktoktechjam2026\data\real_ext\unsplash\unsplash_000227.jpg,0,unsplash_real,Real_Unsplash
C:\Users\angus\Desktop\tiktoktechjam2026\data\real_ext\unsplash\unsplash_000228.jpg,0,unsplash_real,Real_Unsplash
C:\Users\angus\Desktop\tiktoktechjam2026\data\real_ext\unsplash\unsplash_000229.jpg,0,unsplash_real,Real_Unsplash
C:\Users\angus\Desktop\tiktoktechjam2026\data\real_ext\unsplash\unsplash_000230.jpg,0,unsplash_real,Real_Unsplash
C:\Users\angus\Desktop\tiktoktechjam2026\data\real_ext\unsplash\unsplash_000231.jpg,0,unsplash_real,Real_Unsplash
C:\Users\angus\Desktop\tiktoktechjam2026\data\real_ext\unsplash\unsplash_000232.jpg,0,unsplash_real,Real_Unsplash
C:\Users\angus\Desktop\tiktoktechjam2026\data\real_ext\unsplash\unsplash_000233.jpg,0,unsplash_real,Real_Unsplash
C:\Users\angus\Desktop\tiktoktechjam2026\data\real_ext\unsplash\unsplash_000234.jpg,0,unsplash_real,Real_Unsplash
C:\Users\angus\Desktop\tiktoktechjam2026\data\real_ext\unsplash\unsplash_000235.jpg,0,unsplash_real,Real_Unsplash
C:\Users\angus\Desktop\tiktoktechjam2026\data\real_ext\unsplash\unsplash_000236.jpg,0,unsplash_real,Real_Unsplash
C:\Users\angus\Desktop\tiktoktechjam2026\data\real_ext\unsplash\unsplash_000237.jpg,0,unsplash_real,Real_Unsplash
C:\Users\angus\Desktop\tiktoktechjam2026\data\real_ext\unsplash\unsplash_000238.jpg,0,unsplash_real,Real_Unsplash
C:\Users\angus\Desktop\tiktoktechjam2026\data\real_ext\unsplash\unsplash_000239.jpg,0,unsplash_real,Real_Unsplash
C:\Users\angus\Desktop\tiktoktechjam2026\data\real_ext\unsplash\unsplash_000240.jpg,0,unsplash_real,Real_Unsplash
C:\Users\angus\Desktop\tiktoktechjam2026\data\real_ext\unsplash\unsplash_000241.jpg,0,unsplash_real,Real_Unsplash
C:\Users\angus\Desktop\tiktoktechjam2026\data\real_ext\unsplash\unsplash_000242.jpg,0,unsplash_real,Real_Unsplash
C:\Users\angus\Desktop\tiktoktechjam2026\data\real_ext\unsplash\unsplash_000243.jpg,0,unsplash_real,Real_Unsplash
C:\Users\angus\Desktop\tiktoktechjam2026\data\real_ext\unsplash\unsplash_000244.jpg,0,unsplash_real,Real_Unsplash
C:\Users\angus\Desktop\tiktoktechjam2026\data\real_ext\unsplash\unsplash_000245.jpg,0,unsplash_real,Real_Unsplash
C:\Users\angus\Desktop\tiktoktechjam2026\data\real_ext\unsplash\unsplash_000246.jpg,0,unsplash_real,Real_Unsplash
C:\Users\angus\Desktop\tiktoktechjam2026\data\real_ext\unsplash\unsplash_000247.jpg,0,unsplash_real,Real_Unsplash
C:\Users\angus\Desktop\tiktoktechjam2026\data\real_ext\unsplash\unsplash_000248.jpg,0,unsplash_real,Real_Unsplash
C:\Users\angus\Desktop\tiktoktechjam2026\data\real_ext\unsplash\unsplash_000249.jpg,0,unsplash_real,Real_Unsplash
C:\Users\angus\Desktop\tiktoktechjam2026\data\real_ext\unsplash\unsplash_000250.jpg,0,unsplash_real,Real_Unsplash
C:\Users\angus\Desktop\tiktoktechjam2026\data\real_ext\unsplash\unsplash_000251.jpg,0,unsplash_real,Real_Unsplash
C:\Users\angus\Desktop\tiktoktechjam2026\data\real_ext\unsplash\unsplash_000252.jpg,0,unsplash_real,Real_Unsplash
C:\Users\angus\Desktop\tiktoktechjam2026\data\real_ext\unsplash\unsplash_000253.jpg,0,unsplash_real,Real_Unsplash
C:\Users\angus\Desktop\tiktoktechjam2026\data\real_ext\unsplash\unsplash_000254.jpg,0,unsplash_real,Real_Unsplash
C:\Users\angus\Desktop\tiktoktechjam2026\data\real_ext\unsplash\unsplash_000255.jpg,0,unsplash_real,Real_Unsplash
C:\Users\angus\Desktop\tiktoktechjam2026\data\real_ext\unsplash\unsplash_000256.jpg,0,unsplash_real,Real_Unsplash
C:\Users\angus\Desktop\tiktoktechjam2026\data\real_ext\unsplash\unsplash_000257.jpg,0,unsplash_real,Real_Unsplash
C:\Users\angus\Desktop\tiktoktechjam2026\data\real_ext\unsplash\unsplash_000258.jpg,0,unsplash_real,Real_Unsplash
C:\Users\angus\Desktop\tiktoktechjam2026\data\real_ext\unsplash\unsplash_000259.jpg,0,unsplash_real,Real_Unsplash
C:\Users\angus\Desktop\tiktoktechjam2026\data\real_ext\unsplash\unsplash_000260.jpg,0,unsplash_real,Real_Unsplash
C:\Users\angus\Desktop\tiktoktechjam2026\data\real_ext\unsplash\unsplash_000261.jpg,0,unsplash_real,Real_Unsplash
C:\Users\angus\Desktop\tiktoktechjam2026\data\real_ext\unsplash\unsplash_000262.jpg,0,unsplash_real,Real_Unsplash
C:\Users\angus\Desktop\tiktoktechjam2026\data\real_ext\unsplash\unsplash_000263.jpg,0,unsplash_real,Real_Unsplash
C:\Users\angus\Desktop\tiktoktechjam2026\data\real_ext\unsplash\unsplash_000264.jpg,0,unsplash_real,Real_Unsplash
C:\Users\angus\Desktop\tiktoktechjam2026\data\real_ext\unsplash\unsplash_000265.jpg,0,unsplash_real,Real_Unsplash
C:\Users\angus\Desktop\tiktoktechjam2026\data\real_ext\unsplash\unsplash_000266.jpg,0,unsplash_real,Real_Unsplash
C:\Users\angus\Desktop\tiktoktechjam2026\data\real_ext\unsplash\unsplash_000267.jpg,0,unsplash_real,Real_Unsplash
C:\Users\angus\Desktop\tiktoktechjam2026\data\real_ext\unsplash\unsplash_000268.jpg,0,unsplash_real,Real_Unsplash
C:\Users\angus\Desktop\tiktoktechjam2026\data\real_ext\unsplash\unsplash_000269.jpg,0,unsplash_real,Real_Unsplash
C:\Users\angus\Desktop\tiktoktechjam2026\data\real_ext\unsplash\unsplash_000270.jpg,0,unsplash_real,Real_Unsplash
C:\Users\angus\Desktop\tiktoktechjam2026\data\real_ext\unsplash\unsplash_000271.jpg,0,unsplash_real,Real_Unsplash
C:\Users\angus\Desktop\tiktoktechjam2026\data\real_ext\unsplash\unsplash_000272.jpg,0,unsplash_real,Real_Unsplash
C:\Users\angus\Desktop\tiktoktechjam2026\data\real_ext\unsplash\unsplash_000273.jpg,0,unsplash_real,Real_Unsplash
C:\Users\angus\Desktop\tiktoktechjam2026\data\real_ext\unsplash\unsplash_000274.jpg,0,unsplash_real,Real_Unsplash
C:\Users\angus\Desktop\tiktoktechjam2026\data\real_ext\unsplash\unsplash_000275.jpg,0,unsplash_real,Real_Unsplash
C:\Users\angus\Desktop\tiktoktechjam2026\data\real_ext\unsplash\unsplash_000276.jpg,0,unsplash_real,Real_Unsplash
C:\Users\angus\Desktop\tiktoktechjam2026\data\real_ext\unsplash\unsplash_000277.jpg,0,unsplash_real,Real_Unsplash
C:\Users\angus\Desktop\tiktoktechjam2026\data\real_ext\unsplash\unsplash_000278.jpg,0,unsplash_real,Real_Unsplash
C:\Users\angus\Desktop\tiktoktechjam2026\data\real_ext\unsplash\unsplash_000279.jpg,0,unsplash_real,Real_Unsplash
C:\Users\angus\Desktop\tiktoktechjam2026\data\real_ext\unsplash\unsplash_000280.jpg,0,unsplash_real,Real_Unsplash
C:\Users\angus\Desktop\tiktoktechjam2026\data\real_ext\unsplash\unsplash_000281.jpg,0,unsplash_real,Real_Unsplash
C:\Users\angus\Desktop\tiktoktechjam2026\data\real_ext\unsplash\unsplash_000282.jpg,0,unsplash_real,Real_Unsplash
C:\Users\angus\Desktop\tiktoktechjam2026\data\real_ext\unsplash\unsplash_000283.jpg,0,unsplash_real,Real_Unsplash
C:\Users\angus\Desktop\tiktoktechjam2026\data\real_ext\unsplash\unsplash_000284.jpg,0,unsplash_real,Real_Unsplash
C:\Users\angus\Desktop\tiktoktechjam2026\data\real_ext\unsplash\unsplash_000285.jpg,0,unsplash_real,Real_Unsplash
C:\Users\angus\Desktop\tiktoktechjam2026\data\real_ext\unsplash\unsplash_000286.jpg,0,unsplash_real,Real_Unsplash
C:\Users\angus\Desktop\tiktoktechjam2026\data\real_ext\unsplash\unsplash_000287.jpg,0,unsplash_real,Real_Unsplash
C:\Users\angus\Desktop\tiktoktechjam2026\data\real_ext\unsplash\unsplash_000288.jpg,0,unsplash_real,Real_Unsplash
C:\Users\angus\Desktop\tiktoktechjam2026\data\real_ext\unsplash\unsplash_000289.jpg,0,unsplash_real,Real_Unsplash
C:\Users\angus\Desktop\tiktoktechjam2026\data\real_ext\unsplash\unsplash_000290.jpg,0,unsplash_real,Real_Unsplash
C:\Users\angus\Desktop\tiktoktechjam2026\data\real_ext\unsplash\unsplash_000291.jpg,0,unsplash_real,Real_Unsplash
C:\Users\angus\Desktop\tiktoktechjam2026\data\real_ext\unsplash\unsplash_000292.jpg,0,unsplash_real,Real_Unsplash
C:\Users\angus\Desktop\tiktoktechjam2026\data\real_ext\unsplash\unsplash_000293.jpg,0,unsplash_real,Real_Unsplash
C:\Users\angus\Desktop\tiktoktechjam2026\data\real_ext\unsplash\unsplash_000294.jpg,0,unsplash_real,Real_Unsplash
C:\Users\angus\Desktop\tiktoktechjam2026\data\real_ext\unsplash\unsplash_000295.jpg,0,unsplash_real,Real_Unsplash
C:\Users\angus\Desktop\tiktoktechjam2026\data\real_ext\unsplash\unsplash_000296.jpg,0,unsplash_real,Real_Unsplash
C:\Users\angus\Desktop\tiktoktechjam2026\data\real_ext\unsplash\unsplash_000297.jpg,0,unsplash_real,Real_Unsplash
C:\Users\angus\Desktop\tiktoktechjam2026\data\real_ext\unsplash\unsplash_000298.jpg,0,unsplash_real,Real_Unsplash
C:\Users\angus\Desktop\tiktoktechjam2026\data\real_ext\unsplash\unsplash_000299.jpg,0,unsplash_real,Real_Unsplash
C:\Users\angus\Desktop\tiktoktechjam2026\data\real_ext\unsplash\unsplash_000300.jpg,0,unsplash_real,Real_Unsplash
C:\Users\angus\Desktop\tiktoktechjam2026\data\real_ext\unsplash\unsplash_000301.jpg,0,unsplash_real,Real_Unsplash
C:\Users\angus\Desktop\tiktoktechjam2026\data\real_ext\unsplash\unsplash_000302.jpg,0,unsplash_real,Real_Unsplash
C:\Users\angus\Desktop\tiktoktechjam2026\data\real_ext\unsplash\unsplash_000303.jpg,0,unsplash_real,Real_Unsplash
C:\Users\angus\Desktop\tiktoktechjam2026\data\real_ext\unsplash\unsplash_000304.jpg,0,unsplash_real,Real_Unsplash
C:\Users\angus\Desktop\tiktoktechjam2026\data\real_ext\unsplash\unsplash_000305.jpg,0,unsplash_real,Real_Unsplash
C:\Users\angus\Desktop\tiktoktechjam2026\data\real_ext\unsplash\unsplash_000306.jpg,0,unsplash_real,Real_Unsplash
C:\Users\angus\Desktop\tiktoktechjam2026\data\real_ext\unsplash\unsplash_000307.jpg,0,unsplash_real,Real_Unsplash
C:\Users\angus\Desktop\tiktoktechjam2026\data\real_ext\unsplash\unsplash_000308.jpg,0,unsplash_real,Real_Unsplash
C:\Users\angus\Desktop\tiktoktechjam2026\data\real_ext\unsplash\unsplash_000309.jpg,0,unsplash_real,Real_Unsplash
C:\Users\angus\Desktop\tiktoktechjam2026\data\real_ext\unsplash\unsplash_000310.jpg,0,unsplash_real,Real_Unsplash
C:\Users\angus\Desktop\tiktoktechjam2026\data\real_ext\unsplash\unsplash_000311.jpg,0,unsplash_real,Real_Unsplash
C:\Users\angus\Desktop\tiktoktechjam2026\data\real_ext\unsplash\unsplash_000312.jpg,0,unsplash_real,Real_Unsplash
C:\Users\angus\Desktop\tiktoktechjam2026\data\real_ext\unsplash\unsplash_000313.jpg,0,unsplash_real,Real_Unsplash
C:\Users\angus\Desktop\tiktoktechjam2026\data\real_ext\unsplash\unsplash_000314.jpg,0,unsplash_real,Real_Unsplash
C:\Users\angus\Desktop\tiktoktechjam2026\data\real_ext\unsplash\unsplash_000315.jpg,0,unsplash_real,Real_Unsplash
C:\Users\angus\Desktop\tiktoktechjam2026\data\real_ext\unsplash\unsplash_000316.jpg,0,unsplash_real,Real_Unsplash
C:\Users\angus\Desktop\tiktoktechjam2026\data\real_ext\unsplash\unsplash_000317.jpg,0,unsplash_real,Real_Unsplash
C:\Users\angus\Desktop\tiktoktechjam2026\data\real_ext\unsplash\unsplash_000318.jpg,0,unsplash_real,Real_Unsplash
C:\Users\angus\Desktop\tiktoktechjam2026\data\real_ext\unsplash\unsplash_000319.jpg,0,unsplash_real,Real_Unsplash
C:\Users\angus\Desktop\tiktoktechjam2026\data\real_ext\unsplash\unsplash_000320.jpg,0,unsplash_real,Real_Unsplash
C:\Users\angus\Desktop\tiktoktechjam2026\data\real_ext\unsplash\unsplash_000321.jpg,0,unsplash_real,Real_Unsplash
C:\Users\angus\Desktop\tiktoktechjam2026\data\real_ext\unsplash\unsplash_000322.jpg,0,unsplash_real,Real_Unsplash
C:\Users\angus\Desktop\tiktoktechjam2026\data\real_ext\unsplash\unsplash_000323.jpg,0,unsplash_real,Real_Unsplash
C:\Users\angus\Desktop\tiktoktechjam2026\data\real_ext\unsplash\unsplash_000324.jpg,0,unsplash_real,Real_Unsplash
C:\Users\angus\Desktop\tiktoktechjam2026\data\real_ext\unsplash\unsplash_000325.jpg,0,unsplash_real,Real_Unsplash
C:\Users\angus\Desktop\tiktoktechjam2026\data\real_ext\unsplash\unsplash_000326.jpg,0,unsplash_real,Real_Unsplash
C:\Users\angus\Desktop\tiktoktechjam2026\data\real_ext\unsplash\unsplash_000327.jpg,0,unsplash_real,Real_Unsplash
C:\Users\angus\Desktop\tiktoktechjam2026\data\real_ext\unsplash\unsplash_000328.jpg,0,unsplash_real,Real_Unsplash
C:\Users\angus\Desktop\tiktoktechjam2026\data\real_ext\unsplash\unsplash_000329.jpg,0,unsplash_real,Real_Unsplash
C:\Users\angus\Desktop\tiktoktechjam2026\data\real_ext\unsplash\unsplash_000330.jpg,0,unsplash_real,Real_Unsplash
C:\Users\angus\Desktop\tiktoktechjam2026\data\real_ext\unsplash\unsplash_000331.jpg,0,unsplash_real,Real_Unsplash
C:\Users\angus\Desktop\tiktoktechjam2026\data\real_ext\unsplash\unsplash_000332.jpg,0,unsplash_real,Real_Unsplash
C:\Users\angus\Desktop\tiktoktechjam2026\data\real_ext\unsplash\unsplash_000333.jpg,0,unsplash_real,Real_Unsplash
C:\Users\angus\Desktop\tiktoktechjam2026\data\real_ext\unsplash\unsplash_000334.jpg,0,unsplash_real,Real_Unsplash
C:\Users\angus\Desktop\tiktoktechjam2026\data\real_ext\unsplash\unsplash_000335.jpg,0,unsplash_real,Real_Unsplash
C:\Users\angus\Desktop\tiktoktechjam2026\data\real_ext\unsplash\unsplash_000336.jpg,0,unsplash_real,Real_Unsplash
C:\Users\angus\Desktop\tiktoktechjam2026\data\real_ext\unsplash\unsplash_000337.jpg,0,unsplash_real,Real_Unsplash
C:\Users\angus\Desktop\tiktoktechjam2026\data\real_ext\unsplash\unsplash_000338.jpg,0,unsplash_real,Real_Unsplash
C:\Users\angus\Desktop\tiktoktechjam2026\data\real_ext\unsplash\unsplash_000339.jpg,0,unsplash_real,Real_Unsplash
C:\Users\angus\Desktop\tiktoktechjam2026\data\real_ext\unsplash\unsplash_000340.jpg,0,unsplash_real,Real_Unsplash
C:\Users\angus\Desktop\tiktoktechjam2026\data\real_ext\unsplash\unsplash_000341.jpg,0,unsplash_real,Real_Unsplash
C:\Users\angus\Desktop\tiktoktechjam2026\data\real_ext\unsplash\unsplash_000342.jpg,0,unsplash_real,Real_Unsplash
C:\Users\angus\Desktop\tiktoktechjam2026\data\real_ext\unsplash\unsplash_000343.jpg,0,unsplash_real,Real_Unsplash
C:\Users\angus\Desktop\tiktoktechjam2026\data\real_ext\unsplash\unsplash_000344.jpg,0,unsplash_real,Real_Unsplash
C:\Users\angus\Desktop\tiktoktechjam2026\data\real_ext\unsplash\unsplash_000345.jpg,0,unsplash_real,Real_Unsplash
C:\Users\angus\Desktop\tiktoktechjam2026\data\real_ext\unsplash\unsplash_000346.jpg,0,unsplash_real,Real_Unsplash
C:\Users\angus\Desktop\tiktoktechjam2026\data\real_ext\unsplash\unsplash_000347.jpg,0,unsplash_real,Real_Unsplash
C:\Users\angus\Desktop\tiktoktechjam2026\data\real_ext\unsplash\unsplash_000348.jpg,0,unsplash_real,Real_Unsplash
C:\Users\angus\Desktop\tiktoktechjam2026\data\real_ext\unsplash\unsplash_000349.jpg,0,unsplash_real,Real_Unsplash
C:\Users\angus\Desktop\tiktoktechjam2026\data\real_ext\unsplash\unsplash_000350.jpg,0,unsplash_real,Real_Unsplash
C:\Users\angus\Desktop\tiktoktechjam2026\data\real_ext\unsplash\unsplash_000351.jpg,0,unsplash_real,Real_Unsplash
C:\Users\angus\Desktop\tiktoktechjam2026\data\real_ext\unsplash\unsplash_000352.jpg,0,unsplash_real,Real_Unsplash
C:\Users\angus\Desktop\tiktoktechjam2026\data\real_ext\unsplash\unsplash_000353.jpg,0,unsplash_real,Real_Unsplash
C:\Users\angus\Desktop\tiktoktechjam2026\data\real_ext\unsplash\unsplash_000354.jpg,0,unsplash_real,Real_Unsplash
C:\Users\angus\Desktop\tiktoktechjam2026\data\real_ext\unsplash\unsplash_000355.jpg,0,unsplash_real,Real_Unsplash
C:\Users\angus\Desktop\tiktoktechjam2026\data\real_ext\unsplash\unsplash_000356.jpg,0,unsplash_real,Real_Unsplash
C:\Users\angus\Desktop\tiktoktechjam2026\data\real_ext\unsplash\unsplash_000357.jpg,0,unsplash_real,Real_Unsplash
C:\Users\angus\Desktop\tiktoktechjam2026\data\real_ext\unsplash\unsplash_000358.jpg,0,unsplash_real,Real_Unsplash
C:\Users\angus\Desktop\tiktoktechjam2026\data\real_ext\unsplash\unsplash_000359.jpg,0,unsplash_real,Real_Unsplash
C:\Users\angus\Desktop\tiktoktechjam2026\data\real_ext\unsplash\unsplash_000360.jpg,0,unsplash_real,Real_Unsplash
C:\Users\angus\Desktop\tiktoktechjam2026\data\real_ext\unsplash\unsplash_000361.jpg,0,unsplash_real,Real_Unsplash
C:\Users\angus\Desktop\tiktoktechjam2026\data\real_ext\unsplash\unsplash_000362.jpg,0,unsplash_real,Real_Unsplash
C:\Users\angus\Desktop\tiktoktechjam2026\data\real_ext\unsplash\unsplash_000363.jpg,0,unsplash_real,Real_Unsplash
C:\Users\angus\Desktop\tiktoktechjam2026\data\real_ext\unsplash\unsplash_000364.jpg,0,unsplash_real,Real_Unsplash
C:\Users\angus\Desktop\tiktoktechjam2026\data\real_ext\unsplash\unsplash_000365.jpg,0,unsplash_real,Real_Unsplash
C:\Users\angus\Desktop\tiktoktechjam2026\data\real_ext\unsplash\unsplash_000366.jpg,0,unsplash_real,Real_Unsplash
C:\Users\angus\Desktop\tiktoktechjam2026\data\real_ext\unsplash\unsplash_000367.jpg,0,unsplash_real,Real_Unsplash
C:\Users\angus\Desktop\tiktoktechjam2026\data\real_ext\unsplash\unsplash_000368.jpg,0,unsplash_real,Real_Unsplash
C:\Users\angus\Desktop\tiktoktechjam2026\data\real_ext\unsplash\unsplash_000369.jpg,0,unsplash_real,Real_Unsplash
C:\Users\angus\Desktop\tiktoktechjam2026\data\real_ext\unsplash\unsplash_000370.jpg,0,unsplash_real,Real_Unsplash
C:\Users\angus\Desktop\tiktoktechjam2026\data\real_ext\unsplash\unsplash_000371.jpg,0,unsplash_real,Real_Unsplash
C:\Users\angus\Desktop\tiktoktechjam2026\data\real_ext\unsplash\unsplash_000372.jpg,0,unsplash_real,Real_Unsplash
C:\Users\angus\Desktop\tiktoktechjam2026\data\real_ext\unsplash\unsplash_000373.jpg,0,unsplash_real,Real_Unsplash
C:\Users\angus\Desktop\tiktoktechjam2026\data\real_ext\unsplash\unsplash_000374.jpg,0,unsplash_real,Real_Unsplash
C:\Users\angus\Desktop\tiktoktechjam2026\data\real_ext\unsplash\unsplash_000375.jpg,0,unsplash_real,Real_Unsplash
C:\Users\angus\Desktop\tiktoktechjam2026\data\real_ext\unsplash\unsplash_000376.jpg,0,unsplash_real,Real_Unsplash
C:\Users\angus\Desktop\tiktoktechjam2026\data\real_ext\unsplash\unsplash_000377.jpg,0,unsplash_real,Real_Unsplash
C:\Users\angus\Desktop\tiktoktechjam2026\data\real_ext\unsplash\unsplash_000378.jpg,0,unsplash_real,Real_Unsplash
C:\Users\angus\Desktop\tiktoktechjam2026\data\real_ext\unsplash\unsplash_000379.jpg,0,unsplash_real,Real_Unsplash
C:\Users\angus\Desktop\tiktoktechjam2026\data\real_ext\unsplash\unsplash_000380.jpg,0,unsplash_real,Real_Unsplash
C:\Users\angus\Desktop\tiktoktechjam2026\data\real_ext\unsplash\unsplash_000381.jpg,0,unsplash_real,Real_Unsplash
C:\Users\angus\Desktop\tiktoktechjam2026\data\real_ext\unsplash\unsplash_000382.jpg,0,unsplash_real,Real_Unsplash
C:\Users\angus\Desktop\tiktoktechjam2026\data\real_ext\unsplash\unsplash_000383.jpg,0,unsplash_real,Real_Unsplash
C:\Users\angus\Desktop\tiktoktechjam2026\data\real_ext\unsplash\unsplash_000384.jpg,0,unsplash_real,Real_Unsplash
C:\Users\angus\Desktop\tiktoktechjam2026\data\real_ext\unsplash\unsplash_000385.jpg,0,unsplash_real,Real_Unsplash
C:\Users\angus\Desktop\tiktoktechjam2026\data\real_ext\unsplash\unsplash_000386.jpg,0,unsplash_real,Real_Unsplash
C:\Users\angus\Desktop\tiktoktechjam2026\data\real_ext\unsplash\unsplash_000387.jpg,0,unsplash_real,Real_Unsplash
C:\Users\angus\Desktop\tiktoktechjam2026\data\real_ext\unsplash\unsplash_000388.jpg,0,unsplash_real,Real_Unsplash
C:\Users\angus\Desktop\tiktoktechjam2026\data\real_ext\unsplash\unsplash_000389.jpg,0,unsplash_real,Real_Unsplash
C:\Users\angus\Desktop\tiktoktechjam2026\data\real_ext\unsplash\unsplash_000390.jpg,0,unsplash_real,Real_Unsplash
C:\Users\angus\Desktop\tiktoktechjam2026\data\real_ext\unsplash\unsplash_000391.jpg,0,unsplash_real,Real_Unsplash
C:\Users\angus\Desktop\tiktoktechjam2026\data\real_ext\unsplash\unsplash_000392.jpg,0,unsplash_real,Real_Unsplash
C:\Users\angus\Desktop\tiktoktechjam2026\data\real_ext\unsplash\unsplash_000393.jpg,0,unsplash_real,Real_Unsplash
C:\Users\angus\Desktop\tiktoktechjam2026\data\real_ext\unsplash\unsplash_000394.jpg,0,unsplash_real,Real_Unsplash
C:\Users\angus\Desktop\tiktoktechjam2026\data\real_ext\unsplash\unsplash_000395.jpg,0,unsplash_real,Real_Unsplash
C:\Users\angus\Desktop\tiktoktechjam2026\data\real_ext\unsplash\unsplash_000396.jpg,0,unsplash_real,Real_Unsplash
C:\Users\angus\Desktop\tiktoktechjam2026\data\real_ext\unsplash\unsplash_000397.jpg,0,unsplash_real,Real_Unsplash
C:\Users\angus\Desktop\tiktoktechjam2026\data\real_ext\unsplash\unsplash_000398.jpg,0,unsplash_real,Real_Unsplash
C:\Users\angus\Desktop\tiktoktechjam2026\data\real_ext\unsplash\unsplash_000399.jpg,0,unsplash_real,Real_Unsplash
C:\Users\angus\Desktop\tiktoktechjam2026\data\real_ext\unsplash\unsplash_000400.jpg,0,unsplash_real,Real_Unsplash
C:\Users\angus\Desktop\tiktoktechjam2026\data\real_ext\unsplash\unsplash_000401.jpg,0,unsplash_real,Real_Unsplash
C:\Users\angus\Desktop\tiktoktechjam2026\data\real_ext\unsplash\unsplash_000402.jpg,0,unsplash_real,Real_Unsplash
C:\Users\angus\Desktop\tiktoktechjam2026\data\real_ext\unsplash\unsplash_000403.jpg,0,unsplash_real,Real_Unsplash
C:\Users\angus\Desktop\tiktoktechjam2026\data\real_ext\unsplash\unsplash_000404.jpg,0,unsplash_real,Real_Unsplash
C:\Users\angus\Desktop\tiktoktechjam2026\data\real_ext\unsplash\unsplash_000405.jpg,0,unsplash_real,Real_Unsplash
C:\Users\angus\Desktop\tiktoktechjam2026\data\real_ext\unsplash\unsplash_000406.jpg,0,unsplash_real,Real_Unsplash
C:\Users\angus\Desktop\tiktoktechjam2026\data\real_ext\unsplash\unsplash_000407.jpg,0,unsplash_real,Real_Unsplash
C:\Users\angus\Desktop\tiktoktechjam2026\data\real_ext\unsplash\unsplash_000408.jpg,0,unsplash_real,Real_Unsplash
C:\Users\angus\Desktop\tiktoktechjam2026\data\real_ext\unsplash\unsplash_000409.jpg,0,unsplash_real,Real_Unsplash
C:\Users\angus\Desktop\tiktoktechjam2026\data\real_ext\unsplash\unsplash_000410.jpg,0,unsplash_real,Real_Unsplash
C:\Users\angus\Desktop\tiktoktechjam2026\data\real_ext\unsplash\unsplash_000411.jpg,0,unsplash_real,Real_Unsplash
C:\Users\angus\Desktop\tiktoktechjam2026\data\real_ext\unsplash\unsplash_000412.jpg,0,unsplash_real,Real_Unsplash
C:\Users\angus\Desktop\tiktoktechjam2026\data\real_ext\unsplash\unsplash_000413.jpg,0,unsplash_real,Real_Unsplash
C:\Users\angus\Desktop\tiktoktechjam2026\data\real_ext\unsplash\unsplash_000414.jpg,0,unsplash_real,Real_Unsplash
C:\Users\angus\Desktop\tiktoktechjam2026\data\real_ext\unsplash\unsplash_000415.jpg,0,unsplash_real,Real_Unsplash
C:\Users\angus\Desktop\tiktoktechjam2026\data\real_ext\unsplash\unsplash_000416.jpg,0,unsplash_real,Real_Unsplash
C:\Users\angus\Desktop\tiktoktechjam2026\data\real_ext\unsplash\unsplash_000417.jpg,0,unsplash_real,Real_Unsplash
C:\Users\angus\Desktop\tiktoktechjam2026\data\real_ext\unsplash\unsplash_000418.jpg,0,unsplash_real,Real_Unsplash
C:\Users\angus\Desktop\tiktoktechjam2026\data\real_ext\unsplash\unsplash_000419.jpg,0,unsplash_real,Real_Unsplash
C:\Users\angus\Desktop\tiktoktechjam2026\data\real_ext\unsplash\unsplash_000420.jpg,0,unsplash_real,Real_Unsplash
C:\Users\angus\Desktop\tiktoktechjam2026\data\real_ext\unsplash\unsplash_000421.jpg,0,unsplash_real,Real_Unsplash
C:\Users\angus\Desktop\tiktoktechjam2026\data\real_ext\unsplash\unsplash_000422.jpg,0,unsplash_real,Real_Unsplash
C:\Users\angus\Desktop\tiktoktechjam2026\data\real_ext\unsplash\unsplash_000423.jpg,0,unsplash_real,Real_Unsplash
C:\Users\angus\Desktop\tiktoktechjam2026\data\real_ext\unsplash\unsplash_000424.jpg,0,unsplash_real,Real_Unsplash
C:\Users\angus\Desktop\tiktoktechjam2026\data\real_ext\unsplash\unsplash_000425.jpg,0,unsplash_real,Real_Unsplash
C:\Users\angus\Desktop\tiktoktechjam2026\data\real_ext\unsplash\unsplash_000426.jpg,0,unsplash_real,Real_Unsplash
C:\Users\angus\Desktop\tiktoktechjam2026\data\real_ext\unsplash\unsplash_000427.jpg,0,unsplash_real,Real_Unsplash
C:\Users\angus\Desktop\tiktoktechjam2026\data\real_ext\unsplash\unsplash_000428.jpg,0,unsplash_real,Real_Unsplash
C:\Users\angus\Desktop\tiktoktechjam2026\data\real_ext\unsplash\unsplash_000429.jpg,0,unsplash_real,Real_Unsplash
C:\Users\angus\Desktop\tiktoktechjam2026\data\real_ext\unsplash\unsplash_000430.jpg,0,unsplash_real,Real_Unsplash
C:\Users\angus\Desktop\tiktoktechjam2026\data\real_ext\unsplash\unsplash_000431.jpg,0,unsplash_real,Real_Unsplash
C:\Users\angus\Desktop\tiktoktechjam2026\data\real_ext\unsplash\unsplash_000432.jpg,0,unsplash_real,Real_Unsplash
C:\Users\angus\Desktop\tiktoktechjam2026\data\real_ext\unsplash\unsplash_000433.jpg,0,unsplash_real,Real_Unsplash
C:\Users\angus\Desktop\tiktoktechjam2026\data\real_ext\unsplash\unsplash_000434.jpg,0,unsplash_real,Real_Unsplash
C:\Users\angus\Desktop\tiktoktechjam2026\data\real_ext\unsplash\unsplash_000435.jpg,0,unsplash_real,Real_Unsplash
C:\Users\angus\Desktop\tiktoktechjam2026\data\real_ext\unsplash\unsplash_000436.jpg,0,unsplash_real,Real_Unsplash
C:\Users\angus\Desktop\tiktoktechjam2026\data\real_ext\unsplash\unsplash_000437.jpg,0,unsplash_real,Real_Unsplash
C:\Users\angus\Desktop\tiktoktechjam2026\data\real_ext\unsplash\unsplash_000438.jpg,0,unsplash_real,Real_Unsplash
C:\Users\angus\Desktop\tiktoktechjam2026\data\real_ext\unsplash\unsplash_000439.jpg,0,unsplash_real,Real_Unsplash
C:\Users\angus\Desktop\tiktoktechjam2026\data\real_ext\unsplash\unsplash_000440.jpg,0,unsplash_real,Real_Unsplash
C:\Users\angus\Desktop\tiktoktechjam2026\data\real_ext\unsplash\unsplash_000441.jpg,0,unsplash_real,Real_Unsplash
C:\Users\angus\Desktop\tiktoktechjam2026\data\real_ext\unsplash\unsplash_000442.jpg,0,unsplash_real,Real_Unsplash
C:\Users\angus\Desktop\tiktoktechjam2026\data\real_ext\unsplash\unsplash_000443.jpg,0,unsplash_real,Real_Unsplash
C:\Users\angus\Desktop\tiktoktechjam2026\data\real_ext\unsplash\unsplash_000444.jpg,0,unsplash_real,Real_Unsplash
C:\Users\angus\Desktop\tiktoktechjam2026\data\real_ext\unsplash\unsplash_000445.jpg,0,unsplash_real,Real_Unsplash
C:\Users\angus\Desktop\tiktoktechjam2026\data\real_ext\unsplash\unsplash_000446.jpg,0,unsplash_real,Real_Unsplash
C:\Users\angus\Desktop\tiktoktechjam2026\data\real_ext\unsplash\unsplash_000447.jpg,0,unsplash_real,Real_Unsplash
C:\Users\angus\Desktop\tiktoktechjam2026\data\real_ext\unsplash\unsplash_000448.jpg,0,unsplash_real,Real_Unsplash
C:\Users\angus\Desktop\tiktoktechjam2026\data\real_ext\unsplash\unsplash_000449.jpg,0,unsplash_real,Real_Unsplash
C:\Users\angus\Desktop\tiktoktechjam2026\data\real_ext\unsplash\unsplash_000450.jpg,0,unsplash_real,Real_Unsplash
C:\Users\angus\Desktop\tiktoktechjam2026\data\real_ext\unsplash\unsplash_000451.jpg,0,unsplash_real,Real_Unsplash
C:\Users\angus\Desktop\tiktoktechjam2026\data\real_ext\unsplash\unsplash_000452.jpg,0,unsplash_real,Real_Unsplash
C:\Users\angus\Desktop\tiktoktechjam2026\data\real_ext\unsplash\unsplash_000453.jpg,0,unsplash_real,Real_Unsplash
C:\Users\angus\Desktop\tiktoktechjam2026\data\real_ext\unsplash\unsplash_000454.jpg,0,unsplash_real,Real_Unsplash
C:\Users\angus\Desktop\tiktoktechjam2026\data\real_ext\unsplash\unsplash_000455.jpg,0,unsplash_real,Real_Unsplash
C:\Users\angus\Desktop\tiktoktechjam2026\data\real_ext\unsplash\unsplash_000456.jpg,0,unsplash_real,Real_Unsplash
C:\Users\angus\Desktop\tiktoktechjam2026\data\real_ext\unsplash\unsplash_000457.jpg,0,unsplash_real,Real_Unsplash
C:\Users\angus\Desktop\tiktoktechjam2026\data\real_ext\unsplash\unsplash_000458.jpg,0,unsplash_real,Real_Unsplash
C:\Users\angus\Desktop\tiktoktechjam2026\data\real_ext\unsplash\unsplash_000459.jpg,0,unsplash_real,Real_Unsplash
C:\Users\angus\Desktop\tiktoktechjam2026\data\real_ext\unsplash\unsplash_000460.jpg,0,unsplash_real,Real_Unsplash
C:\Users\angus\Desktop\tiktoktechjam2026\data\real_ext\unsplash\unsplash_000461.jpg,0,unsplash_real,Real_Unsplash
C:\Users\angus\Desktop\tiktoktechjam2026\data\real_ext\unsplash\unsplash_000462.jpg,0,unsplash_real,Real_Unsplash
C:\Users\angus\Desktop\tiktoktechjam2026\data\real_ext\unsplash\unsplash_000463.jpg,0,unsplash_real,Real_Unsplash
C:\Users\angus\Desktop\tiktoktechjam2026\data\real_ext\unsplash\unsplash_000464.jpg,0,unsplash_real,Real_Unsplash
C:\Users\angus\Desktop\tiktoktechjam2026\data\real_ext\unsplash\unsplash_000465.jpg,0,unsplash_real,Real_Unsplash
C:\Users\angus\Desktop\tiktoktechjam2026\data\real_ext\unsplash\unsplash_000466.jpg,0,unsplash_real,Real_Unsplash
C:\Users\angus\Desktop\tiktoktechjam2026\data\real_ext\unsplash\unsplash_000467.jpg,0,unsplash_real,Real_Unsplash
C:\Users\angus\Desktop\tiktoktechjam2026\data\real_ext\unsplash\unsplash_000468.jpg,0,unsplash_real,Real_Unsplash
C:\Users\angus\Desktop\tiktoktechjam2026\data\real_ext\unsplash\unsplash_000469.jpg,0,unsplash_real,Real_Unsplash
C:\Users\angus\Desktop\tiktoktechjam2026\data\real_ext\unsplash\unsplash_000470.jpg,0,unsplash_real,Real_Unsplash
C:\Users\angus\Desktop\tiktoktechjam2026\data\real_ext\unsplash\unsplash_000471.jpg,0,unsplash_real,Real_Unsplash
C:\Users\angus\Desktop\tiktoktechjam2026\data\real_ext\unsplash\unsplash_000472.jpg,0,unsplash_real,Real_Unsplash
C:\Users\angus\Desktop\tiktoktechjam2026\data\real_ext\unsplash\unsplash_000473.jpg,0,unsplash_real,Real_Unsplash
C:\Users\angus\Desktop\tiktoktechjam2026\data\real_ext\unsplash\unsplash_000474.jpg,0,unsplash_real,Real_Unsplash
C:\Users\angus\Desktop\tiktoktechjam2026\data\real_ext\unsplash\unsplash_000475.jpg,0,unsplash_real,Real_Unsplash
C:\Users\angus\Desktop\tiktoktechjam2026\data\real_ext\unsplash\unsplash_000476.jpg,0,unsplash_real,Real_Unsplash
C:\Users\angus\Desktop\tiktoktechjam2026\data\real_ext\unsplash\unsplash_000477.jpg,0,unsplash_real,Real_Unsplash
C:\Users\angus\Desktop\tiktoktechjam2026\data\real_ext\unsplash\unsplash_000478.jpg,0,unsplash_real,Real_Unsplash
C:\Users\angus\Desktop\tiktoktechjam2026\data\real_ext\unsplash\unsplash_000479.jpg,0,unsplash_real,Real_Unsplash
C:\Users\angus\Desktop\tiktoktechjam2026\data\real_ext\unsplash\unsplash_000480.jpg,0,unsplash_real,Real_Unsplash
C:\Users\angus\Desktop\tiktoktechjam2026\data\real_ext\unsplash\unsplash_000481.jpg,0,unsplash_real,Real_Unsplash
C:\Users\angus\Desktop\tiktoktechjam2026\data\real_ext\unsplash\unsplash_000482.jpg,0,unsplash_real,Real_Unsplash
C:\Users\angus\Desktop\tiktoktechjam2026\data\real_ext\unsplash\unsplash_000483.jpg,0,unsplash_real,Real_Unsplash
C:\Users\angus\Desktop\tiktoktechjam2026\data\real_ext\unsplash\unsplash_000484.jpg,0,unsplash_real,Real_Unsplash
C:\Users\angus\Desktop\tiktoktechjam2026\data\real_ext\unsplash\unsplash_000485.jpg,0,unsplash_real,Real_Unsplash
C:\Users\angus\Desktop\tiktoktechjam2026\data\real_ext\unsplash\unsplash_000486.jpg,0,unsplash_real,Real_Unsplash
C:\Users\angus\Desktop\tiktoktechjam2026\data\real_ext\unsplash\unsplash_000487.jpg,0,unsplash_real,Real_Unsplash
C:\Users\angus\Desktop\tiktoktechjam2026\data\real_ext\unsplash\unsplash_000488.jpg,0,unsplash_real,Real_Unsplash
C:\Users\angus\Desktop\tiktoktechjam2026\data\real_ext\unsplash\unsplash_000489.jpg,0,unsplash_real,Real_Unsplash
C:\Users\angus\Desktop\tiktoktechjam2026\data\real_ext\unsplash\unsplash_000490.jpg,0,unsplash_real,Real_Unsplash
C:\Users\angus\Desktop\tiktoktechjam2026\data\real_ext\unsplash\unsplash_000491.jpg,0,unsplash_real,Real_Unsplash
C:\Users\angus\Desktop\tiktoktechjam2026\data\real_ext\unsplash\unsplash_000492.jpg,0,unsplash_real,Real_Unsplash
C:\Users\angus\Desktop\tiktoktechjam2026\data\real_ext\unsplash\unsplash_000493.jpg,0,unsplash_real,Real_Unsplash
C:\Users\angus\Desktop\tiktoktechjam2026\data\real_ext\unsplash\unsplash_000494.jpg,0,unsplash_real,Real_Unsplash
C:\Users\angus\Desktop\tiktoktechjam2026\data\real_ext\unsplash\unsplash_000495.jpg,0,unsplash_real,Real_Unsplash
C:\Users\angus\Desktop\tiktoktechjam2026\data\real_ext\unsplash\unsplash_000496.jpg,0,unsplash_real,Real_Unsplash
C:\Users\angus\Desktop\tiktoktechjam2026\data\real_ext\unsplash\unsplash_000497.jpg,0,unsplash_real,Real_Unsplash
C:\Users\angus\Desktop\tiktoktechjam2026\data\real_ext\unsplash\unsplash_000498.jpg,0,unsplash_real,Real_Unsplash
C:\Users\angus\Desktop\tiktoktechjam2026\data\real_ext\unsplash\unsplash_000499.jpg,0,unsplash_real,Real_Unsplash
C:\Users\angus\Desktop\tiktoktechjam2026\data\real_ext\unsplash\unsplash_000500.jpg,0,unsplash_real,Real_Unsplash
C:\Users\angus\Desktop\tiktoktechjam2026\data\real_ext\unsplash\unsplash_000501.jpg,0,unsplash_real,Real_Unsplash
C:\Users\angus\Desktop\tiktoktechjam2026\data\real_ext\unsplash\unsplash_000502.jpg,0,unsplash_real,Real_Unsplash
C:\Users\angus\Desktop\tiktoktechjam2026\data\real_ext\unsplash\unsplash_000503.jpg,0,unsplash_real,Real_Unsplash
C:\Users\angus\Desktop\tiktoktechjam2026\data\real_ext\unsplash\unsplash_000504.jpg,0,unsplash_real,Real_Unsplash
C:\Users\angus\Desktop\tiktoktechjam2026\data\real_ext\unsplash\unsplash_000505.jpg,0,unsplash_real,Real_Unsplash
C:\Users\angus\Desktop\tiktoktechjam2026\data\real_ext\unsplash\unsplash_000506.jpg,0,unsplash_real,Real_Unsplash
C:\Users\angus\Desktop\tiktoktechjam2026\data\real_ext\unsplash\unsplash_000507.jpg,0,unsplash_real,Real_Unsplash
C:\Users\angus\Desktop\tiktoktechjam2026\data\real_ext\unsplash\unsplash_000508.jpg,0,unsplash_real,Real_Unsplash
C:\Users\angus\Desktop\tiktoktechjam2026\data\real_ext\unsplash\unsplash_000509.jpg,0,unsplash_real,Real_Unsplash
C:\Users\angus\Desktop\tiktoktechjam2026\data\real_ext\unsplash\unsplash_000510.jpg,0,unsplash_real,Real_Unsplash
C:\Users\angus\Desktop\tiktoktechjam2026\data\real_ext\unsplash\unsplash_000511.jpg,0,unsplash_real,Real_Unsplash
C:\Users\angus\Desktop\tiktoktechjam2026\data\real_ext\unsplash\unsplash_000512.jpg,0,unsplash_real,Real_Unsplash
C:\Users\angus\Desktop\tiktoktechjam2026\data\real_ext\unsplash\unsplash_000513.jpg,0,unsplash_real,Real_Unsplash
C:\Users\angus\Desktop\tiktoktechjam2026\data\real_ext\unsplash\unsplash_000514.jpg,0,unsplash_real,Real_Unsplash
C:\Users\angus\Desktop\tiktoktechjam2026\data\real_ext\unsplash\unsplash_000515.jpg,0,unsplash_real,Real_Unsplash
C:\Users\angus\Desktop\tiktoktechjam2026\data\real_ext\unsplash\unsplash_000516.jpg,0,unsplash_real,Real_Unsplash
C:\Users\angus\Desktop\tiktoktechjam2026\data\real_ext\unsplash\unsplash_000517.jpg,0,unsplash_real,Real_Unsplash
C:\Users\angus\Desktop\tiktoktechjam2026\data\real_ext\unsplash\unsplash_000518.jpg,0,unsplash_real,Real_Unsplash
C:\Users\angus\Desktop\tiktoktechjam2026\data\real_ext\unsplash\unsplash_000519.jpg,0,unsplash_real,Real_Unsplash
C:\Users\angus\Desktop\tiktoktechjam2026\data\real_ext\unsplash\unsplash_000520.jpg,0,unsplash_real,Real_Unsplash
C:\Users\angus\Desktop\tiktoktechjam2026\data\real_ext\unsplash\unsplash_000521.jpg,0,unsplash_real,Real_Unsplash
C:\Users\angus\Desktop\tiktoktechjam2026\data\real_ext\unsplash\unsplash_000522.jpg,0,unsplash_real,Real_Unsplash
C:\Users\angus\Desktop\tiktoktechjam2026\data\real_ext\unsplash\unsplash_000523.jpg,0,unsplash_real,Real_Unsplash
C:\Users\angus\Desktop\tiktoktechjam2026\data\real_ext\unsplash\unsplash_000524.jpg,0,unsplash_real,Real_Unsplash
C:\Users\angus\Desktop\tiktoktechjam2026\data\real_ext\unsplash\unsplash_000525.jpg,0,unsplash_real,Real_Unsplash
C:\Users\angus\Desktop\tiktoktechjam2026\data\real_ext\unsplash\unsplash_000526.jpg,0,unsplash_real,Real_Unsplash
C:\Users\angus\Desktop\tiktoktechjam2026\data\real_ext\unsplash\unsplash_000527.jpg,0,unsplash_real,Real_Unsplash
C:\Users\angus\Desktop\tiktoktechjam2026\data\real_ext\unsplash\unsplash_000528.jpg,0,unsplash_real,Real_Unsplash
C:\Users\angus\Desktop\tiktoktechjam2026\data\real_ext\unsplash\unsplash_000529.jpg,0,unsplash_real,Real_Unsplash
C:\Users\angus\Desktop\tiktoktechjam2026\data\real_ext\unsplash\unsplash_000530.jpg,0,unsplash_real,Real_Unsplash
C:\Users\angus\Desktop\tiktoktechjam2026\data\real_ext\unsplash\unsplash_000531.jpg,0,unsplash_real,Real_Unsplash
C:\Users\angus\Desktop\tiktoktechjam2026\data\real_ext\unsplash\unsplash_000532.jpg,0,unsplash_real,Real_Unsplash
C:\Users\angus\Desktop\tiktoktechjam2026\data\real_ext\unsplash\unsplash_000533.jpg,0,unsplash_real,Real_Unsplash
C:\Users\angus\Desktop\tiktoktechjam2026\data\real_ext\unsplash\unsplash_000534.jpg,0,unsplash_real,Real_Unsplash
C:\Users\angus\Desktop\tiktoktechjam2026\data\real_ext\unsplash\unsplash_000535.jpg,0,unsplash_real,Real_Unsplash
C:\Users\angus\Desktop\tiktoktechjam2026\data\real_ext\unsplash\unsplash_000536.jpg,0,unsplash_real,Real_Unsplash
C:\Users\angus\Desktop\tiktoktechjam2026\data\real_ext\unsplash\unsplash_000537.jpg,0,unsplash_real,Real_Unsplash
C:\Users\angus\Desktop\tiktoktechjam2026\data\real_ext\unsplash\unsplash_000538.jpg,0,unsplash_real,Real_Unsplash
C:\Users\angus\Desktop\tiktoktechjam2026\data\real_ext\unsplash\unsplash_000539.jpg,0,unsplash_real,Real_Unsplash
C:\Users\angus\Desktop\tiktoktechjam2026\data\real_ext\unsplash\unsplash_000540.jpg,0,unsplash_real,Real_Unsplash
C:\Users\angus\Desktop\tiktoktechjam2026\data\real_ext\unsplash\unsplash_000541.jpg,0,unsplash_real,Real_Unsplash
C:\Users\angus\Desktop\tiktoktechjam2026\data\real_ext\unsplash\unsplash_000542.jpg,0,unsplash_real,Real_Unsplash
C:\Users\angus\Desktop\tiktoktechjam2026\data\real_ext\unsplash\unsplash_000543.jpg,0,unsplash_real,Real_Unsplash
C:\Users\angus\Desktop\tiktoktechjam2026\data\real_ext\unsplash\unsplash_000544.jpg,0,unsplash_real,Real_Unsplash
C:\Users\angus\Desktop\tiktoktechjam2026\data\real_ext\unsplash\unsplash_000545.jpg,0,unsplash_real,Real_Unsplash
C:\Users\angus\Desktop\tiktoktechjam2026\data\real_ext\unsplash\unsplash_000546.jpg,0,unsplash_real,Real_Unsplash
C:\Users\angus\Desktop\tiktoktechjam2026\data\real_ext\unsplash\unsplash_000547.jpg,0,unsplash_real,Real_Unsplash
C:\Users\angus\Desktop\tiktoktechjam2026\data\real_ext\unsplash\unsplash_000548.jpg,0,unsplash_real,Real_Unsplash
C:\Users\angus\Desktop\tiktoktechjam2026\data\real_ext\unsplash\unsplash_000549.jpg,0,unsplash_real,Real_Unsplash
C:\Users\angus\Desktop\tiktoktechjam2026\data\real_ext\unsplash\unsplash_000550.jpg,0,unsplash_real,Real_Unsplash
C:\Users\angus\Desktop\tiktoktechjam2026\data\real_ext\unsplash\unsplash_000551.jpg,0,unsplash_real,Real_Unsplash
C:\Users\angus\Desktop\tiktoktechjam2026\data\real_ext\unsplash\unsplash_000552.jpg,0,unsplash_real,Real_Unsplash
C:\Users\angus\Desktop\tiktoktechjam2026\data\real_ext\unsplash\unsplash_000553.jpg,0,unsplash_real,Real_Unsplash
C:\Users\angus\Desktop\tiktoktechjam2026\data\real_ext\unsplash\unsplash_000554.jpg,0,unsplash_real,Real_Unsplash
C:\Users\angus\Desktop\tiktoktechjam2026\data\real_ext\unsplash\unsplash_000555.jpg,0,unsplash_real,Real_Unsplash
C:\Users\angus\Desktop\tiktoktechjam2026\data\real_ext\unsplash\unsplash_000556.jpg,0,unsplash_real,Real_Unsplash
C:\Users\angus\Desktop\tiktoktechjam2026\data\real_ext\unsplash\unsplash_000557.jpg,0,unsplash_real,Real_Unsplash
C:\Users\angus\Desktop\tiktoktechjam2026\data\real_ext\unsplash\unsplash_000558.jpg,0,unsplash_real,Real_Unsplash
C:\Users\angus\Desktop\tiktoktechjam2026\data\real_ext\unsplash\unsplash_000559.jpg,0,unsplash_real,Real_Unsplash
C:\Users\angus\Desktop\tiktoktechjam2026\data\real_ext\unsplash\unsplash_000560.jpg,0,unsplash_real,Real_Unsplash
C:\Users\angus\Desktop\tiktoktechjam2026\data\real_ext\unsplash\unsplash_000561.jpg,0,unsplash_real,Real_Unsplash
C:\Users\angus\Desktop\tiktoktechjam2026\data\real_ext\unsplash\unsplash_000562.jpg,0,unsplash_real,Real_Unsplash
C:\Users\angus\Desktop\tiktoktechjam2026\data\real_ext\unsplash\unsplash_000563.jpg,0,unsplash_real,Real_Unsplash
C:\Users\angus\Desktop\tiktoktechjam2026\data\real_ext\unsplash\unsplash_000564.jpg,0,unsplash_real,Real_Unsplash
C:\Users\angus\Desktop\tiktoktechjam2026\data\real_ext\unsplash\unsplash_000565.jpg,0,unsplash_real,Real_Unsplash
C:\Users\angus\Desktop\tiktoktechjam2026\data\real_ext\unsplash\unsplash_000566.jpg,0,unsplash_real,Real_Unsplash
C:\Users\angus\Desktop\tiktoktechjam2026\data\real_ext\unsplash\unsplash_000567.jpg,0,unsplash_real,Real_Unsplash
C:\Users\angus\Desktop\tiktoktechjam2026\data\real_ext\unsplash\unsplash_000568.jpg,0,unsplash_real,Real_Unsplash
C:\Users\angus\Desktop\tiktoktechjam2026\data\real_ext\unsplash\unsplash_000569.jpg,0,unsplash_real,Real_Unsplash
C:\Users\angus\Desktop\tiktoktechjam2026\data\real_ext\unsplash\unsplash_000570.jpg,0,unsplash_real,Real_Unsplash
C:\Users\angus\Desktop\tiktoktechjam2026\data\real_ext\unsplash\unsplash_000571.jpg,0,unsplash_real,Real_Unsplash
C:\Users\angus\Desktop\tiktoktechjam2026\data\real_ext\unsplash\unsplash_000572.jpg,0,unsplash_real,Real_Unsplash
C:\Users\angus\Desktop\tiktoktechjam2026\data\real_ext\unsplash\unsplash_000573.jpg,0,unsplash_real,Real_Unsplash
C:\Users\angus\Desktop\tiktoktechjam2026\data\real_ext\unsplash\unsplash_000574.jpg,0,unsplash_real,Real_Unsplash
C:\Users\angus\Desktop\tiktoktechjam2026\data\real_ext\unsplash\unsplash_000575.jpg,0,unsplash_real,Real_Unsplash
C:\Users\angus\Desktop\tiktoktechjam2026\data\real_ext\unsplash\unsplash_000576.jpg,0,unsplash_real,Real_Unsplash
C:\Users\angus\Desktop\tiktoktechjam2026\data\real_ext\unsplash\unsplash_000577.jpg,0,unsplash_real,Real_Unsplash
C:\Users\angus\Desktop\tiktoktechjam2026\data\real_ext\unsplash\unsplash_000578.jpg,0,unsplash_real,Real_Unsplash
C:\Users\angus\Desktop\tiktoktechjam2026\data\real_ext\unsplash\unsplash_000579.jpg,0,unsplash_real,Real_Unsplash
C:\Users\angus\Desktop\tiktoktechjam2026\data\real_ext\unsplash\unsplash_000580.jpg,0,unsplash_real,Real_Unsplash
C:\Users\angus\Desktop\tiktoktechjam2026\data\real_ext\unsplash\unsplash_000581.jpg,0,unsplash_real,Real_Unsplash
C:\Users\angus\Desktop\tiktoktechjam2026\data\real_ext\unsplash\unsplash_000582.jpg,0,unsplash_real,Real_Unsplash
C:\Users\angus\Desktop\tiktoktechjam2026\data\real_ext\unsplash\unsplash_000583.jpg,0,unsplash_real,Real_Unsplash
C:\Users\angus\Desktop\tiktoktechjam2026\data\real_ext\unsplash\unsplash_000584.jpg,0,unsplash_real,Real_Unsplash
C:\Users\angus\Desktop\tiktoktechjam2026\data\real_ext\unsplash\unsplash_000585.jpg,0,unsplash_real,Real_Unsplash
C:\Users\angus\Desktop\tiktoktechjam2026\data\real_ext\unsplash\unsplash_000586.jpg,0,unsplash_real,Real_Unsplash
C:\Users\angus\Desktop\tiktoktechjam2026\data\real_ext\unsplash\unsplash_000587.jpg,0,unsplash_real,Real_Unsplash
C:\Users\angus\Desktop\tiktoktechjam2026\data\real_ext\unsplash\unsplash_000588.jpg,0,unsplash_real,Real_Unsplash
C:\Users\angus\Desktop\tiktoktechjam2026\data\real_ext\unsplash\unsplash_000589.jpg,0,unsplash_real,Real_Unsplash
C:\Users\angus\Desktop\tiktoktechjam2026\data\real_ext\unsplash\unsplash_000590.jpg,0,unsplash_real,Real_Unsplash
C:\Users\angus\Desktop\tiktoktechjam2026\data\real_ext\unsplash\unsplash_000591.jpg,0,unsplash_real,Real_Unsplash
C:\Users\angus\Desktop\tiktoktechjam2026\data\real_ext\unsplash\unsplash_000592.jpg,0,unsplash_real,Real_Unsplash
C:\Users\angus\Desktop\tiktoktechjam2026\data\real_ext\unsplash\unsplash_000593.jpg,0,unsplash_real,Real_Unsplash
C:\Users\angus\Desktop\tiktoktechjam2026\data\real_ext\unsplash\unsplash_000594.jpg,0,unsplash_real,Real_Unsplash
C:\Users\angus\Desktop\tiktoktechjam2026\data\real_ext\unsplash\unsplash_000595.jpg,0,unsplash_real,Real_Unsplash
C:\Users\angus\Desktop\tiktoktechjam2026\data\real_ext\unsplash\unsplash_000596.jpg,0,unsplash_real,Real_Unsplash
C:\Users\angus\Desktop\tiktoktechjam2026\data\real_ext\unsplash\unsplash_000597.jpg,0,unsplash_real,Real_Unsplash
C:\Users\angus\Desktop\tiktoktechjam2026\data\real_ext\unsplash\unsplash_000598.jpg,0,unsplash_real,Real_Unsplash
C:\Users\angus\Desktop\tiktoktechjam2026\data\real_ext\unsplash\unsplash_000599.jpg,0,unsplash_real,Real_Unsplash
C:\Users\angus\Desktop\tiktoktechjam2026\data\real_ext\unsplash\unsplash_000600.jpg,0,unsplash_real,Real_Unsplash
C:\Users\angus\Desktop\tiktoktechjam2026\data\real_ext\unsplash\unsplash_000601.jpg,0,unsplash_real,Real_Unsplash
C:\Users\angus\Desktop\tiktoktechjam2026\data\real_ext\unsplash\unsplash_000602.jpg,0,unsplash_real,Real_Unsplash
C:\Users\angus\Desktop\tiktoktechjam2026\data\real_ext\unsplash\unsplash_000603.jpg,0,unsplash_real,Real_Unsplash
C:\Users\angus\Desktop\tiktoktechjam2026\data\real_ext\unsplash\unsplash_000604.jpg,0,unsplash_real,Real_Unsplash
C:\Users\angus\Desktop\tiktoktechjam2026\data\real_ext\unsplash\unsplash_000605.jpg,0,unsplash_real,Real_Unsplash
C:\Users\angus\Desktop\tiktoktechjam2026\data\real_ext\unsplash\unsplash_000606.jpg,0,unsplash_real,Real_Unsplash
C:\Users\angus\Desktop\tiktoktechjam2026\data\real_ext\unsplash\unsplash_000607.jpg,0,unsplash_real,Real_Unsplash
C:\Users\angus\Desktop\tiktoktechjam2026\data\real_ext\unsplash\unsplash_000608.jpg,0,unsplash_real,Real_Unsplash
C:\Users\angus\Desktop\tiktoktechjam2026\data\real_ext\unsplash\unsplash_000609.jpg,0,unsplash_real,Real_Unsplash
C:\Users\angus\Desktop\tiktoktechjam2026\data\real_ext\unsplash\unsplash_000610.jpg,0,unsplash_real,Real_Unsplash
C:\Users\angus\Desktop\tiktoktechjam2026\data\real_ext\unsplash\unsplash_000611.jpg,0,unsplash_real,Real_Unsplash
C:\Users\angus\Desktop\tiktoktechjam2026\data\real_ext\unsplash\unsplash_000612.jpg,0,unsplash_real,Real_Unsplash
C:\Users\angus\Desktop\tiktoktechjam2026\data\real_ext\unsplash\unsplash_000613.jpg,0,unsplash_real,Real_Unsplash
C:\Users\angus\Desktop\tiktoktechjam2026\data\real_ext\unsplash\unsplash_000614.jpg,0,unsplash_real,Real_Unsplash
C:\Users\angus\Desktop\tiktoktechjam2026\data\real_ext\unsplash\unsplash_000615.jpg,0,unsplash_real,Real_Unsplash
C:\Users\angus\Desktop\tiktoktechjam2026\data\real_ext\unsplash\unsplash_000616.jpg,0,unsplash_real,Real_Unsplash
C:\Users\angus\Desktop\tiktoktechjam2026\data\real_ext\unsplash\unsplash_000617.jpg,0,unsplash_real,Real_Unsplash
C:\Users\angus\Desktop\tiktoktechjam2026\data\real_ext\unsplash\unsplash_000618.jpg,0,unsplash_real,Real_Unsplash
C:\Users\angus\Desktop\tiktoktechjam2026\data\real_ext\unsplash\unsplash_000619.jpg,0,unsplash_real,Real_Unsplash
C:\Users\angus\Desktop\tiktoktechjam2026\data\real_ext\unsplash\unsplash_000620.jpg,0,unsplash_real,Real_Unsplash
C:\Users\angus\Desktop\tiktoktechjam2026\data\real_ext\unsplash\unsplash_000621.jpg,0,unsplash_real,Real_Unsplash
C:\Users\angus\Desktop\tiktoktechjam2026\data\real_ext\unsplash\unsplash_000622.jpg,0,unsplash_real,Real_Unsplash
C:\Users\angus\Desktop\tiktoktechjam2026\data\real_ext\unsplash\unsplash_000623.jpg,0,unsplash_real,Real_Unsplash
C:\Users\angus\Desktop\tiktoktechjam2026\data\real_ext\unsplash\unsplash_000624.jpg,0,unsplash_real,Real_Unsplash
C:\Users\angus\Desktop\tiktoktechjam2026\data\real_ext\unsplash\unsplash_000625.jpg,0,unsplash_real,Real_Unsplash
C:\Users\angus\Desktop\tiktoktechjam2026\data\real_ext\unsplash\unsplash_000626.jpg,0,unsplash_real,Real_Unsplash
C:\Users\angus\Desktop\tiktoktechjam2026\data\real_ext\unsplash\unsplash_000627.jpg,0,unsplash_real,Real_Unsplash
C:\Users\angus\Desktop\tiktoktechjam2026\data\real_ext\unsplash\unsplash_000628.jpg,0,unsplash_real,Real_Unsplash
C:\Users\angus\Desktop\tiktoktechjam2026\data\real_ext\unsplash\unsplash_000629.jpg,0,unsplash_real,Real_Unsplash
C:\Users\angus\Desktop\tiktoktechjam2026\data\real_ext\unsplash\unsplash_000630.jpg,0,unsplash_real,Real_Unsplash
C:\Users\angus\Desktop\tiktoktechjam2026\data\real_ext\unsplash\unsplash_000631.jpg,0,unsplash_real,Real_Unsplash
C:\Users\angus\Desktop\tiktoktechjam2026\data\real_ext\unsplash\unsplash_000632.jpg,0,unsplash_real,Real_Unsplash
C:\Users\angus\Desktop\tiktoktechjam2026\data\real_ext\unsplash\unsplash_000633.jpg,0,unsplash_real,Real_Unsplash
C:\Users\angus\Desktop\tiktoktechjam2026\data\real_ext\unsplash\unsplash_000634.jpg,0,unsplash_real,Real_Unsplash
C:\Users\angus\Desktop\tiktoktechjam2026\data\real_ext\unsplash\unsplash_000635.jpg,0,unsplash_real,Real_Unsplash
C:\Users\angus\Desktop\tiktoktechjam2026\data\real_ext\unsplash\unsplash_000636.jpg,0,unsplash_real,Real_Unsplash
C:\Users\angus\Desktop\tiktoktechjam2026\data\real_ext\unsplash\unsplash_000637.jpg,0,unsplash_real,Real_Unsplash
C:\Users\angus\Desktop\tiktoktechjam2026\data\real_ext\unsplash\unsplash_000638.jpg,0,unsplash_real,Real_Unsplash
C:\Users\angus\Desktop\tiktoktechjam2026\data\real_ext\unsplash\unsplash_000639.jpg,0,unsplash_real,Real_Unsplash
C:\Users\angus\Desktop\tiktoktechjam2026\data\real_ext\unsplash\unsplash_000640.jpg,0,unsplash_real,Real_Unsplash
C:\Users\angus\Desktop\tiktoktechjam2026\data\real_ext\unsplash\unsplash_000641.jpg,0,unsplash_real,Real_Unsplash
C:\Users\angus\Desktop\tiktoktechjam2026\data\real_ext\unsplash\unsplash_000642.jpg,0,unsplash_real,Real_Unsplash
C:\Users\angus\Desktop\tiktoktechjam2026\data\real_ext\unsplash\unsplash_000643.jpg,0,unsplash_real,Real_Unsplash
C:\Users\angus\Desktop\tiktoktechjam2026\data\real_ext\unsplash\unsplash_000644.jpg,0,unsplash_real,Real_Unsplash
C:\Users\angus\Desktop\tiktoktechjam2026\data\real_ext\unsplash\unsplash_000645.jpg,0,unsplash_real,Real_Unsplash
C:\Users\angus\Desktop\tiktoktechjam2026\data\real_ext\unsplash\unsplash_000646.jpg,0,unsplash_real,Real_Unsplash
C:\Users\angus\Desktop\tiktoktechjam2026\data\real_ext\unsplash\unsplash_000647.jpg,0,unsplash_real,Real_Unsplash
C:\Users\angus\Desktop\tiktoktechjam2026\data\real_ext\unsplash\unsplash_000648.jpg,0,unsplash_real,Real_Unsplash
C:\Users\angus\Desktop\tiktoktechjam2026\data\real_ext\unsplash\unsplash_000649.jpg,0,unsplash_real,Real_Unsplash
C:\Users\angus\Desktop\tiktoktechjam2026\data\real_ext\unsplash\unsplash_000650.jpg,0,unsplash_real,Real_Unsplash
C:\Users\angus\Desktop\tiktoktechjam2026\data\real_ext\unsplash\unsplash_000651.jpg,0,unsplash_real,Real_Unsplash
C:\Users\angus\Desktop\tiktoktechjam2026\data\real_ext\unsplash\unsplash_000652.jpg,0,unsplash_real,Real_Unsplash
C:\Users\angus\Desktop\tiktoktechjam2026\data\real_ext\unsplash\unsplash_000653.jpg,0,unsplash_real,Real_Unsplash
C:\Users\angus\Desktop\tiktoktechjam2026\data\real_ext\unsplash\unsplash_000654.jpg,0,unsplash_real,Real_Unsplash
C:\Users\angus\Desktop\tiktoktechjam2026\data\real_ext\unsplash\unsplash_000655.jpg,0,unsplash_real,Real_Unsplash
C:\Users\angus\Desktop\tiktoktechjam2026\data\real_ext\unsplash\unsplash_000656.jpg,0,unsplash_real,Real_Unsplash
C:\Users\angus\Desktop\tiktoktechjam2026\data\real_ext\unsplash\unsplash_000657.jpg,0,unsplash_real,Real_Unsplash
C:\Users\angus\Desktop\tiktoktechjam2026\data\real_ext\unsplash\unsplash_000658.jpg,0,unsplash_real,Real_Unsplash
C:\Users\angus\Desktop\tiktoktechjam2026\data\real_ext\unsplash\unsplash_000659.jpg,0,unsplash_real,Real_Unsplash
C:\Users\angus\Desktop\tiktoktechjam2026\data\real_ext\unsplash\unsplash_000660.jpg,0,unsplash_real,Real_Unsplash
C:\Users\angus\Desktop\tiktoktechjam2026\data\real_ext\unsplash\unsplash_000661.jpg,0,unsplash_real,Real_Unsplash
C:\Users\angus\Desktop\tiktoktechjam2026\data\real_ext\unsplash\unsplash_000662.jpg,0,unsplash_real,Real_Unsplash
C:\Users\angus\Desktop\tiktoktechjam2026\data\real_ext\unsplash\unsplash_000663.jpg,0,unsplash_real,Real_Unsplash
C:\Users\angus\Desktop\tiktoktechjam2026\data\real_ext\unsplash\unsplash_000664.jpg,0,unsplash_real,Real_Unsplash
C:\Users\angus\Desktop\tiktoktechjam2026\data\real_ext\unsplash\unsplash_000665.jpg,0,unsplash_real,Real_Unsplash
C:\Users\angus\Desktop\tiktoktechjam2026\data\real_ext\unsplash\unsplash_000666.jpg,0,unsplash_real,Real_Unsplash
C:\Users\angus\Desktop\tiktoktechjam2026\data\real_ext\unsplash\unsplash_000667.jpg,0,unsplash_real,Real_Unsplash
C:\Users\angus\Desktop\tiktoktechjam2026\data\real_ext\unsplash\unsplash_000668.jpg,0,unsplash_real,Real_Unsplash
C:\Users\angus\Desktop\tiktoktechjam2026\data\real_ext\unsplash\unsplash_000669.jpg,0,unsplash_real,Real_Unsplash
C:\Users\angus\Desktop\tiktoktechjam2026\data\real_ext\unsplash\unsplash_000670.jpg,0,unsplash_real,Real_Unsplash
C:\Users\angus\Desktop\tiktoktechjam2026\data\real_ext\unsplash\unsplash_000671.jpg,0,unsplash_real,Real_Unsplash
C:\Users\angus\Desktop\tiktoktechjam2026\data\real_ext\unsplash\unsplash_000672.jpg,0,unsplash_real,Real_Unsplash
C:\Users\angus\Desktop\tiktoktechjam2026\data\real_ext\unsplash\unsplash_000673.jpg,0,unsplash_real,Real_Unsplash
C:\Users\angus\Desktop\tiktoktechjam2026\data\real_ext\unsplash\unsplash_000674.jpg,0,unsplash_real,Real_Unsplash
C:\Users\angus\Desktop\tiktoktechjam2026\data\real_ext\unsplash\unsplash_000675.jpg,0,unsplash_real,Real_Unsplash
C:\Users\angus\Desktop\tiktoktechjam2026\data\real_ext\unsplash\unsplash_000676.jpg,0,unsplash_real,Real_Unsplash
C:\Users\angus\Desktop\tiktoktechjam2026\data\real_ext\unsplash\unsplash_000677.jpg,0,unsplash_real,Real_Unsplash
C:\Users\angus\Desktop\tiktoktechjam2026\data\real_ext\unsplash\unsplash_000678.jpg,0,unsplash_real,Real_Unsplash
C:\Users\angus\Desktop\tiktoktechjam2026\data\real_ext\unsplash\unsplash_000679.jpg,0,unsplash_real,Real_Unsplash
C:\Users\angus\Desktop\tiktoktechjam2026\data\real_ext\unsplash\unsplash_000680.jpg,0,unsplash_real,Real_Unsplash
C:\Users\angus\Desktop\tiktoktechjam2026\data\real_ext\unsplash\unsplash_000681.jpg,0,unsplash_real,Real_Unsplash
C:\Users\angus\Desktop\tiktoktechjam2026\data\real_ext\unsplash\unsplash_000682.jpg,0,unsplash_real,Real_Unsplash
C:\Users\angus\Desktop\tiktoktechjam2026\data\real_ext\unsplash\unsplash_000683.jpg,0,unsplash_real,Real_Unsplash
C:\Users\angus\Desktop\tiktoktechjam2026\data\real_ext\unsplash\unsplash_000684.jpg,0,unsplash_real,Real_Unsplash
C:\Users\angus\Desktop\tiktoktechjam2026\data\real_ext\unsplash\unsplash_000685.jpg,0,unsplash_real,Real_Unsplash
C:\Users\angus\Desktop\tiktoktechjam2026\data\real_ext\unsplash\unsplash_000686.jpg,0,unsplash_real,Real_Unsplash
C:\Users\angus\Desktop\tiktoktechjam2026\data\real_ext\unsplash\unsplash_000687.jpg,0,unsplash_real,Real_Unsplash
C:\Users\angus\Desktop\tiktoktechjam2026\data\real_ext\unsplash\unsplash_000688.jpg,0,unsplash_real,Real_Unsplash
C:\Users\angus\Desktop\tiktoktechjam2026\data\real_ext\unsplash\unsplash_000689.jpg,0,unsplash_real,Real_Unsplash
C:\Users\angus\Desktop\tiktoktechjam2026\data\real_ext\unsplash\unsplash_000690.jpg,0,unsplash_real,Real_Unsplash
C:\Users\angus\Desktop\tiktoktechjam2026\data\real_ext\unsplash\unsplash_000691.jpg,0,unsplash_real,Real_Unsplash
C:\Users\angus\Desktop\tiktoktechjam2026\data\real_ext\unsplash\unsplash_000692.jpg,0,unsplash_real,Real_Unsplash
C:\Users\angus\Desktop\tiktoktechjam2026\data\real_ext\unsplash\unsplash_000693.jpg,0,unsplash_real,Real_Unsplash
C:\Users\angus\Desktop\tiktoktechjam2026\data\real_ext\unsplash\unsplash_000694.jpg,0,unsplash_real,Real_Unsplash
C:\Users\angus\Desktop\tiktoktechjam2026\data\real_ext\unsplash\unsplash_000695.jpg,0,unsplash_real,Real_Unsplash
C:\Users\angus\Desktop\tiktoktechjam2026\data\real_ext\unsplash\unsplash_000696.jpg,0,unsplash_real,Real_Unsplash
C:\Users\angus\Desktop\tiktoktechjam2026\data\real_ext\unsplash\unsplash_000697.jpg,0,unsplash_real,Real_Unsplash
C:\Users\angus\Desktop\tiktoktechjam2026\data\real_ext\unsplash\unsplash_000698.jpg,0,unsplash_real,Real_Unsplash
C:\Users\angus\Desktop\tiktoktechjam2026\data\real_ext\unsplash\unsplash_000699.jpg,0,unsplash_real,Real_Unsplash
C:\Users\angus\Desktop\tiktoktechjam2026\data\real_ext\unsplash\unsplash_000700.jpg,0,unsplash_real,Real_Unsplash
C:\Users\angus\Desktop\tiktoktechjam2026\data\real_ext\unsplash\unsplash_000701.jpg,0,unsplash_real,Real_Unsplash
C:\Users\angus\Desktop\tiktoktechjam2026\data\real_ext\unsplash\unsplash_000702.jpg,0,unsplash_real,Real_Unsplash
C:\Users\angus\Desktop\tiktoktechjam2026\data\real_ext\unsplash\unsplash_000703.jpg,0,unsplash_real,Real_Unsplash
C:\Users\angus\Desktop\tiktoktechjam2026\data\real_ext\unsplash\unsplash_000704.jpg,0,unsplash_real,Real_Unsplash
C:\Users\angus\Desktop\tiktoktechjam2026\data\real_ext\unsplash\unsplash_000705.jpg,0,unsplash_real,Real_Unsplash
C:\Users\angus\Desktop\tiktoktechjam2026\data\real_ext\unsplash\unsplash_000706.jpg,0,unsplash_real,Real_Unsplash
C:\Users\angus\Desktop\tiktoktechjam2026\data\real_ext\unsplash\unsplash_000707.jpg,0,unsplash_real,Real_Unsplash
C:\Users\angus\Desktop\tiktoktechjam2026\data\real_ext\unsplash\unsplash_000708.jpg,0,unsplash_real,Real_Unsplash
C:\Users\angus\Desktop\tiktoktechjam2026\data\real_ext\unsplash\unsplash_000709.jpg,0,unsplash_real,Real_Unsplash
C:\Users\angus\Desktop\tiktoktechjam2026\data\real_ext\unsplash\unsplash_000710.jpg,0,unsplash_real,Real_Unsplash
C:\Users\angus\Desktop\tiktoktechjam2026\data\real_ext\unsplash\unsplash_000711.jpg,0,unsplash_real,Real_Unsplash
C:\Users\angus\Desktop\tiktoktechjam2026\data\real_ext\unsplash\unsplash_000712.jpg,0,unsplash_real,Real_Unsplash
C:\Users\angus\Desktop\tiktoktechjam2026\data\real_ext\unsplash\unsplash_000713.jpg,0,unsplash_real,Real_Unsplash
C:\Users\angus\Desktop\tiktoktechjam2026\data\real_ext\unsplash\unsplash_000714.jpg,0,unsplash_real,Real_Unsplash
C:\Users\angus\Desktop\tiktoktechjam2026\data\real_ext\unsplash\unsplash_000715.jpg,0,unsplash_real,Real_Unsplash
C:\Users\angus\Desktop\tiktoktechjam2026\data\real_ext\unsplash\unsplash_000716.jpg,0,unsplash_real,Real_Unsplash
C:\Users\angus\Desktop\tiktoktechjam2026\data\real_ext\unsplash\unsplash_000717.jpg,0,unsplash_real,Real_Unsplash
C:\Users\angus\Desktop\tiktoktechjam2026\data\real_ext\unsplash\unsplash_000718.jpg,0,unsplash_real,Real_Unsplash
C:\Users\angus\Desktop\tiktoktechjam2026\data\real_ext\unsplash\unsplash_000719.jpg,0,unsplash_real,Real_Unsplash
C:\Users\angus\Desktop\tiktoktechjam2026\data\real_ext\unsplash\unsplash_000720.jpg,0,unsplash_real,Real_Unsplash
C:\Users\angus\Desktop\tiktoktechjam2026\data\real_ext\unsplash\unsplash_000721.jpg,0,unsplash_real,Real_Unsplash
C:\Users\angus\Desktop\tiktoktechjam2026\data\real_ext\unsplash\unsplash_000722.jpg,0,unsplash_real,Real_Unsplash
C:\Users\angus\Desktop\tiktoktechjam2026\data\real_ext\unsplash\unsplash_000723.jpg,0,unsplash_real,Real_Unsplash
C:\Users\angus\Desktop\tiktoktechjam2026\data\real_ext\unsplash\unsplash_000724.jpg,0,unsplash_real,Real_Unsplash
C:\Users\angus\Desktop\tiktoktechjam2026\data\real_ext\unsplash\unsplash_000725.jpg,0,unsplash_real,Real_Unsplash
C:\Users\angus\Desktop\tiktoktechjam2026\data\real_ext\unsplash\unsplash_000726.jpg,0,unsplash_real,Real_Unsplash
C:\Users\angus\Desktop\tiktoktechjam2026\data\real_ext\unsplash\unsplash_000727.jpg,0,unsplash_real,Real_Unsplash
C:\Users\angus\Desktop\tiktoktechjam2026\data\real_ext\unsplash\unsplash_000728.jpg,0,unsplash_real,Real_Unsplash
C:\Users\angus\Desktop\tiktoktechjam2026\data\real_ext\unsplash\unsplash_000729.jpg,0,unsplash_real,Real_Unsplash
C:\Users\angus\Desktop\tiktoktechjam2026\data\real_ext\unsplash\unsplash_000730.jpg,0,unsplash_real,Real_Unsplash
C:\Users\angus\Desktop\tiktoktechjam2026\data\real_ext\unsplash\unsplash_000731.jpg,0,unsplash_real,Real_Unsplash
C:\Users\angus\Desktop\tiktoktechjam2026\data\real_ext\unsplash\unsplash_000732.jpg,0,unsplash_real,Real_Unsplash
C:\Users\angus\Desktop\tiktoktechjam2026\data\real_ext\unsplash\unsplash_000733.jpg,0,unsplash_real,Real_Unsplash
C:\Users\angus\Desktop\tiktoktechjam2026\data\real_ext\unsplash\unsplash_000734.jpg,0,unsplash_real,Real_Unsplash
C:\Users\angus\Desktop\tiktoktechjam2026\data\real_ext\unsplash\unsplash_000735.jpg,0,unsplash_real,Real_Unsplash
C:\Users\angus\Desktop\tiktoktechjam2026\data\real_ext\unsplash\unsplash_000736.jpg,0,unsplash_real,Real_Unsplash
C:\Users\angus\Desktop\tiktoktechjam2026\data\real_ext\unsplash\unsplash_000737.jpg,0,unsplash_real,Real_Unsplash
C:\Users\angus\Desktop\tiktoktechjam2026\data\real_ext\unsplash\unsplash_000738.jpg,0,unsplash_real,Real_Unsplash
C:\Users\angus\Desktop\tiktoktechjam2026\data\real_ext\unsplash\unsplash_000739.jpg,0,unsplash_real,Real_Unsplash
C:\Users\angus\Desktop\tiktoktechjam2026\data\real_ext\unsplash\unsplash_000740.jpg,0,unsplash_real,Real_Unsplash
C:\Users\angus\Desktop\tiktoktechjam2026\data\real_ext\unsplash\unsplash_000741.jpg,0,unsplash_real,Real_Unsplash
C:\Users\angus\Desktop\tiktoktechjam2026\data\real_ext\unsplash\unsplash_000742.jpg,0,unsplash_real,Real_Unsplash
C:\Users\angus\Desktop\tiktoktechjam2026\data\real_ext\unsplash\unsplash_000743.jpg,0,unsplash_real,Real_Unsplash
C:\Users\angus\Desktop\tiktoktechjam2026\data\real_ext\unsplash\unsplash_000744.jpg,0,unsplash_real,Real_Unsplash
C:\Users\angus\Desktop\tiktoktechjam2026\data\real_ext\unsplash\unsplash_000745.jpg,0,unsplash_real,Real_Unsplash
C:\Users\angus\Desktop\tiktoktechjam2026\data\real_ext\unsplash\unsplash_000746.jpg,0,unsplash_real,Real_Unsplash
C:\Users\angus\Desktop\tiktoktechjam2026\data\real_ext\unsplash\unsplash_000747.jpg,0,unsplash_real,Real_Unsplash
C:\Users\angus\Desktop\tiktoktechjam2026\data\real_ext\unsplash\unsplash_000748.jpg,0,unsplash_real,Real_Unsplash
C:\Users\angus\Desktop\tiktoktechjam2026\data\real_ext\unsplash\unsplash_000749.jpg,0,unsplash_real,Real_Unsplash
C:\Users\angus\Desktop\tiktoktechjam2026\data\real_ext\unsplash\unsplash_000750.jpg,0,unsplash_real,Real_Unsplash
C:\Users\angus\Desktop\tiktoktechjam2026\data\real_ext\unsplash\unsplash_000751.jpg,0,unsplash_real,Real_Unsplash
C:\Users\angus\Desktop\tiktoktechjam2026\data\real_ext\unsplash\unsplash_000752.jpg,0,unsplash_real,Real_Unsplash
C:\Users\angus\Desktop\tiktoktechjam2026\data\real_ext\unsplash\unsplash_000753.jpg,0,unsplash_real,Real_Unsplash
C:\Users\angus\Desktop\tiktoktechjam2026\data\real_ext\unsplash\unsplash_000754.jpg,0,unsplash_real,Real_Unsplash
C:\Users\angus\Desktop\tiktoktechjam2026\data\real_ext\unsplash\unsplash_000755.jpg,0,unsplash_real,Real_Unsplash
C:\Users\angus\Desktop\tiktoktechjam2026\data\real_ext\unsplash\unsplash_000756.jpg,0,unsplash_real,Real_Unsplash
C:\Users\angus\Desktop\tiktoktechjam2026\data\real_ext\unsplash\unsplash_000757.jpg,0,unsplash_real,Real_Unsplash
C:\Users\angus\Desktop\tiktoktechjam2026\data\real_ext\unsplash\unsplash_000758.jpg,0,unsplash_real,Real_Unsplash
C:\Users\angus\Desktop\tiktoktechjam2026\data\real_ext\unsplash\unsplash_000759.jpg,0,unsplash_real,Real_Unsplash
C:\Users\angus\Desktop\tiktoktechjam2026\data\real_ext\unsplash\unsplash_000760.jpg,0,unsplash_real,Real_Unsplash
C:\Users\angus\Desktop\tiktoktechjam2026\data\real_ext\unsplash\unsplash_000761.jpg,0,unsplash_real,Real_Unsplash
C:\Users\angus\Desktop\tiktoktechjam2026\data\real_ext\unsplash\unsplash_000762.jpg,0,unsplash_real,Real_Unsplash
C:\Users\angus\Desktop\tiktoktechjam2026\data\real_ext\unsplash\unsplash_000763.jpg,0,unsplash_real,Real_Unsplash
C:\Users\angus\Desktop\tiktoktechjam2026\data\real_ext\unsplash\unsplash_000764.jpg,0,unsplash_real,Real_Unsplash
C:\Users\angus\Desktop\tiktoktechjam2026\data\real_ext\unsplash\unsplash_000765.jpg,0,unsplash_real,Real_Unsplash
C:\Users\angus\Desktop\tiktoktechjam2026\data\real_ext\unsplash\unsplash_000766.jpg,0,unsplash_real,Real_Unsplash
C:\Users\angus\Desktop\tiktoktechjam2026\data\real_ext\unsplash\unsplash_000767.jpg,0,unsplash_real,Real_Unsplash
C:\Users\angus\Desktop\tiktoktechjam2026\data\real_ext\unsplash\unsplash_000768.jpg,0,unsplash_real,Real_Unsplash
C:\Users\angus\Desktop\tiktoktechjam2026\data\real_ext\unsplash\unsplash_000769.jpg,0,unsplash_real,Real_Unsplash
C:\Users\angus\Desktop\tiktoktechjam2026\data\real_ext\unsplash\unsplash_000770.jpg,0,unsplash_real,Real_Unsplash
C:\Users\angus\Desktop\tiktoktechjam2026\data\real_ext\unsplash\unsplash_000771.jpg,0,unsplash_real,Real_Unsplash
C:\Users\angus\Desktop\tiktoktechjam2026\data\real_ext\unsplash\unsplash_000772.jpg,0,unsplash_real,Real_Unsplash
C:\Users\angus\Desktop\tiktoktechjam2026\data\real_ext\unsplash\unsplash_000773.jpg,0,unsplash_real,Real_Unsplash
C:\Users\angus\Desktop\tiktoktechjam2026\data\real_ext\unsplash\unsplash_000774.jpg,0,unsplash_real,Real_Unsplash
C:\Users\angus\Desktop\tiktoktechjam2026\data\real_ext\unsplash\unsplash_000775.jpg,0,unsplash_real,Real_Unsplash
C:\Users\angus\Desktop\tiktoktechjam2026\data\real_ext\unsplash\unsplash_000776.jpg,0,unsplash_real,Real_Unsplash
C:\Users\angus\Desktop\tiktoktechjam2026\data\real_ext\unsplash\unsplash_000777.jpg,0,unsplash_real,Real_Unsplash
C:\Users\angus\Desktop\tiktoktechjam2026\data\real_ext\unsplash\unsplash_000778.jpg,0,unsplash_real,Real_Unsplash
C:\Users\angus\Desktop\tiktoktechjam2026\data\real_ext\unsplash\unsplash_000779.jpg,0,unsplash_real,Real_Unsplash
C:\Users\angus\Desktop\tiktoktechjam2026\data\real_ext\unsplash\unsplash_000780.jpg,0,unsplash_real,Real_Unsplash
C:\Users\angus\Desktop\tiktoktechjam2026\data\real_ext\unsplash\unsplash_000781.jpg,0,unsplash_real,Real_Unsplash
C:\Users\angus\Desktop\tiktoktechjam2026\data\real_ext\unsplash\unsplash_000782.jpg,0,unsplash_real,Real_Unsplash
C:\Users\angus\Desktop\tiktoktechjam2026\data\real_ext\unsplash\unsplash_000783.jpg,0,unsplash_real,Real_Unsplash
C:\Users\angus\Desktop\tiktoktechjam2026\data\real_ext\unsplash\unsplash_000784.jpg,0,unsplash_real,Real_Unsplash
C:\Users\angus\Desktop\tiktoktechjam2026\data\real_ext\unsplash\unsplash_000785.jpg,0,unsplash_real,Real_Unsplash
C:\Users\angus\Desktop\tiktoktechjam2026\data\real_ext\unsplash\unsplash_000786.jpg,0,unsplash_real,Real_Unsplash
C:\Users\angus\Desktop\tiktoktechjam2026\data\real_ext\unsplash\unsplash_000787.jpg,0,unsplash_real,Real_Unsplash
C:\Users\angus\Desktop\tiktoktechjam2026\data\real_ext\unsplash\unsplash_000788.jpg,0,unsplash_real,Real_Unsplash
C:\Users\angus\Desktop\tiktoktechjam2026\data\real_ext\unsplash\unsplash_000789.jpg,0,unsplash_real,Real_Unsplash
C:\Users\angus\Desktop\tiktoktechjam2026\data\real_ext\unsplash\unsplash_000790.jpg,0,unsplash_real,Real_Unsplash
C:\Users\angus\Desktop\tiktoktechjam2026\data\real_ext\unsplash\unsplash_000791.jpg,0,unsplash_real,Real_Unsplash
C:\Users\angus\Desktop\tiktoktechjam2026\data\real_ext\unsplash\unsplash_000792.jpg,0,unsplash_real,Real_Unsplash
C:\Users\angus\Desktop\tiktoktechjam2026\data\real_ext\unsplash\unsplash_000793.jpg,0,unsplash_real,Real_Unsplash
C:\Users\angus\Desktop\tiktoktechjam2026\data\real_ext\unsplash\unsplash_000794.jpg,0,unsplash_real,Real_Unsplash
C:\Users\angus\Desktop\tiktoktechjam2026\data\real_ext\unsplash\unsplash_000795.jpg,0,unsplash_real,Real_Unsplash
C:\Users\angus\Desktop\tiktoktechjam2026\data\real_ext\unsplash\unsplash_000796.jpg,0,unsplash_real,Real_Unsplash
C:\Users\angus\Desktop\tiktoktechjam2026\data\real_ext\unsplash\unsplash_000797.jpg,0,unsplash_real,Real_Unsplash
C:\Users\angus\Desktop\tiktoktechjam2026\data\real_ext\unsplash\unsplash_000798.jpg,0,unsplash_real,Real_Unsplash
C:\Users\angus\Desktop\tiktoktechjam2026\data\real_ext\unsplash\unsplash_000799.jpg,0,unsplash_real,Real_Unsplash
C:\Users\angus\Desktop\tiktoktechjam2026\data\real_ext\unsplash\unsplash_000800.jpg,0,unsplash_real,Real_Unsplash
C:\Users\angus\Desktop\tiktoktechjam2026\data\real_ext\unsplash\unsplash_000801.jpg,0,unsplash_real,Real_Unsplash
C:\Users\angus\Desktop\tiktoktechjam2026\data\real_ext\unsplash\unsplash_000802.jpg,0,unsplash_real,Real_Unsplash
C:\Users\angus\Desktop\tiktoktechjam2026\data\real_ext\unsplash\unsplash_000803.jpg,0,unsplash_real,Real_Unsplash
C:\Users\angus\Desktop\tiktoktechjam2026\data\real_ext\unsplash\unsplash_000804.jpg,0,unsplash_real,Real_Unsplash
C:\Users\angus\Desktop\tiktoktechjam2026\data\real_ext\unsplash\unsplash_000805.jpg,0,unsplash_real,Real_Unsplash
C:\Users\angus\Desktop\tiktoktechjam2026\data\real_ext\unsplash\unsplash_000806.jpg,0,unsplash_real,Real_Unsplash
C:\Users\angus\Desktop\tiktoktechjam2026\data\real_ext\unsplash\unsplash_000807.jpg,0,unsplash_real,Real_Unsplash
C:\Users\angus\Desktop\tiktoktechjam2026\data\real_ext\unsplash\unsplash_000808.jpg,0,unsplash_real,Real_Unsplash
C:\Users\angus\Desktop\tiktoktechjam2026\data\real_ext\unsplash\unsplash_000809.jpg,0,unsplash_real,Real_Unsplash
C:\Users\angus\Desktop\tiktoktechjam2026\data\real_ext\unsplash\unsplash_000810.jpg,0,unsplash_real,Real_Unsplash
C:\Users\angus\Desktop\tiktoktechjam2026\data\real_ext\unsplash\unsplash_000811.jpg,0,unsplash_real,Real_Unsplash
C:\Users\angus\Desktop\tiktoktechjam2026\data\real_ext\unsplash\unsplash_000812.jpg,0,unsplash_real,Real_Unsplash
C:\Users\angus\Desktop\tiktoktechjam2026\data\real_ext\unsplash\unsplash_000813.jpg,0,unsplash_real,Real_Unsplash
C:\Users\angus\Desktop\tiktoktechjam2026\data\real_ext\unsplash\unsplash_000814.jpg,0,unsplash_real,Real_Unsplash
C:\Users\angus\Desktop\tiktoktechjam2026\data\real_ext\unsplash\unsplash_000815.jpg,0,unsplash_real,Real_Unsplash
C:\Users\angus\Desktop\tiktoktechjam2026\data\real_ext\unsplash\unsplash_000816.jpg,0,unsplash_real,Real_Unsplash
C:\Users\angus\Desktop\tiktoktechjam2026\data\real_ext\unsplash\unsplash_000817.jpg,0,unsplash_real,Real_Unsplash
C:\Users\angus\Desktop\tiktoktechjam2026\data\real_ext\unsplash\unsplash_000818.jpg,0,unsplash_real,Real_Unsplash
C:\Users\angus\Desktop\tiktoktechjam2026\data\real_ext\unsplash\unsplash_000819.jpg,0,unsplash_real,Real_Unsplash
C:\Users\angus\Desktop\tiktoktechjam2026\data\real_ext\unsplash\unsplash_000820.jpg,0,unsplash_real,Real_Unsplash
C:\Users\angus\Desktop\tiktoktechjam2026\data\real_ext\unsplash\unsplash_000821.jpg,0,unsplash_real,Real_Unsplash
C:\Users\angus\Desktop\tiktoktechjam2026\data\real_ext\unsplash\unsplash_000822.jpg,0,unsplash_real,Real_Unsplash
C:\Users\angus\Desktop\tiktoktechjam2026\data\real_ext\unsplash\unsplash_000823.jpg,0,unsplash_real,Real_Unsplash
C:\Users\angus\Desktop\tiktoktechjam2026\data\real_ext\unsplash\unsplash_000824.jpg,0,unsplash_real,Real_Unsplash
C:\Users\angus\Desktop\tiktoktechjam2026\data\real_ext\unsplash\unsplash_000825.jpg,0,unsplash_real,Real_Unsplash
C:\Users\angus\Desktop\tiktoktechjam2026\data\real_ext\unsplash\unsplash_000826.jpg,0,unsplash_real,Real_Unsplash
C:\Users\angus\Desktop\tiktoktechjam2026\data\real_ext\unsplash\unsplash_000827.jpg,0,unsplash_real,Real_Unsplash
C:\Users\angus\Desktop\tiktoktechjam2026\data\real_ext\unsplash\unsplash_000828.jpg,0,unsplash_real,Real_Unsplash
C:\Users\angus\Desktop\tiktoktechjam2026\data\real_ext\unsplash\unsplash_000829.jpg,0,unsplash_real,Real_Unsplash
C:\Users\angus\Desktop\tiktoktechjam2026\data\real_ext\unsplash\unsplash_000830.jpg,0,unsplash_real,Real_Unsplash
C:\Users\angus\Desktop\tiktoktechjam2026\data\real_ext\unsplash\unsplash_000831.jpg,0,unsplash_real,Real_Unsplash
C:\Users\angus\Desktop\tiktoktechjam2026\data\real_ext\unsplash\unsplash_000832.jpg,0,unsplash_real,Real_Unsplash
C:\Users\angus\Desktop\tiktoktechjam2026\data\real_ext\unsplash\unsplash_000833.jpg,0,unsplash_real,Real_Unsplash
C:\Users\angus\Desktop\tiktoktechjam2026\data\real_ext\unsplash\unsplash_000834.jpg,0,unsplash_real,Real_Unsplash
C:\Users\angus\Desktop\tiktoktechjam2026\data\real_ext\unsplash\unsplash_000835.jpg,0,unsplash_real,Real_Unsplash
C:\Users\angus\Desktop\tiktoktechjam2026\data\real_ext\unsplash\unsplash_000836.jpg,0,unsplash_real,Real_Unsplash
C:\Users\angus\Desktop\tiktoktechjam2026\data\real_ext\unsplash\unsplash_000837.jpg,0,unsplash_real,Real_Unsplash
C:\Users\angus\Desktop\tiktoktechjam2026\data\real_ext\unsplash\unsplash_000838.jpg,0,unsplash_real,Real_Unsplash
C:\Users\angus\Desktop\tiktoktechjam2026\data\real_ext\unsplash\unsplash_000839.jpg,0,unsplash_real,Real_Unsplash
C:\Users\angus\Desktop\tiktoktechjam2026\data\real_ext\unsplash\unsplash_000840.jpg,0,unsplash_real,Real_Unsplash
C:\Users\angus\Desktop\tiktoktechjam2026\data\real_ext\unsplash\unsplash_000841.jpg,0,unsplash_real,Real_Unsplash
C:\Users\angus\Desktop\tiktoktechjam2026\data\real_ext\unsplash\unsplash_000842.jpg,0,unsplash_real,Real_Unsplash
C:\Users\angus\Desktop\tiktoktechjam2026\data\real_ext\unsplash\unsplash_000843.jpg,0,unsplash_real,Real_Unsplash
C:\Users\angus\Desktop\tiktoktechjam2026\data\real_ext\unsplash\unsplash_000844.jpg,0,unsplash_real,Real_Unsplash
C:\Users\angus\Desktop\tiktoktechjam2026\data\real_ext\unsplash\unsplash_000845.jpg,0,unsplash_real,Real_Unsplash
C:\Users\angus\Desktop\tiktoktechjam2026\data\real_ext\unsplash\unsplash_000846.jpg,0,unsplash_real,Real_Unsplash
C:\Users\angus\Desktop\tiktoktechjam2026\data\real_ext\unsplash\unsplash_000847.jpg,0,unsplash_real,Real_Unsplash
C:\Users\angus\Desktop\tiktoktechjam2026\data\real_ext\unsplash\unsplash_000848.jpg,0,unsplash_real,Real_Unsplash
C:\Users\angus\Desktop\tiktoktechjam2026\data\real_ext\unsplash\unsplash_000849.jpg,0,unsplash_real,Real_Unsplash
C:\Users\angus\Desktop\tiktoktechjam2026\data\real_ext\unsplash\unsplash_000850.jpg,0,unsplash_real,Real_Unsplash
C:\Users\angus\Desktop\tiktoktechjam2026\data\real_ext\unsplash\unsplash_000851.jpg,0,unsplash_real,Real_Unsplash
C:\Users\angus\Desktop\tiktoktechjam2026\data\real_ext\unsplash\unsplash_000852.jpg,0,unsplash_real,Real_Unsplash
C:\Users\angus\Desktop\tiktoktechjam2026\data\real_ext\unsplash\unsplash_000853.jpg,0,unsplash_real,Real_Unsplash
C:\Users\angus\Desktop\tiktoktechjam2026\data\real_ext\unsplash\unsplash_000854.jpg,0,unsplash_real,Real_Unsplash
C:\Users\angus\Desktop\tiktoktechjam2026\data\real_ext\unsplash\unsplash_000855.jpg,0,unsplash_real,Real_Unsplash
C:\Users\angus\Desktop\tiktoktechjam2026\data\real_ext\unsplash\unsplash_000856.jpg,0,unsplash_real,Real_Unsplash
C:\Users\angus\Desktop\tiktoktechjam2026\data\real_ext\unsplash\unsplash_000857.jpg,0,unsplash_real,Real_Unsplash
C:\Users\angus\Desktop\tiktoktechjam2026\data\real_ext\unsplash\unsplash_000858.jpg,0,unsplash_real,Real_Unsplash
C:\Users\angus\Desktop\tiktoktechjam2026\data\real_ext\unsplash\unsplash_000859.jpg,0,unsplash_real,Real_Unsplash
C:\Users\angus\Desktop\tiktoktechjam2026\data\real_ext\unsplash\unsplash_000860.jpg,0,unsplash_real,Real_Unsplash
C:\Users\angus\Desktop\tiktoktechjam2026\data\real_ext\unsplash\unsplash_000861.jpg,0,unsplash_real,Real_Unsplash
C:\Users\angus\Desktop\tiktoktechjam2026\data\real_ext\unsplash\unsplash_000862.jpg,0,unsplash_real,Real_Unsplash
C:\Users\angus\Desktop\tiktoktechjam2026\data\real_ext\unsplash\unsplash_000863.jpg,0,unsplash_real,Real_Unsplash
C:\Users\angus\Desktop\tiktoktechjam2026\data\real_ext\unsplash\unsplash_000864.jpg,0,unsplash_real,Real_Unsplash
C:\Users\angus\Desktop\tiktoktechjam2026\data\real_ext\unsplash\unsplash_000865.jpg,0,unsplash_real,Real_Unsplash
C:\Users\angus\Desktop\tiktoktechjam2026\data\real_ext\unsplash\unsplash_000866.jpg,0,unsplash_real,Real_Unsplash
C:\Users\angus\Desktop\tiktoktechjam2026\data\real_ext\unsplash\unsplash_000867.jpg,0,unsplash_real,Real_Unsplash
C:\Users\angus\Desktop\tiktoktechjam2026\data\real_ext\unsplash\unsplash_000868.jpg,0,unsplash_real,Real_Unsplash
C:\Users\angus\Desktop\tiktoktechjam2026\data\real_ext\unsplash\unsplash_000869.jpg,0,unsplash_real,Real_Unsplash
C:\Users\angus\Desktop\tiktoktechjam2026\data\real_ext\unsplash\unsplash_000870.jpg,0,unsplash_real,Real_Unsplash
C:\Users\angus\Desktop\tiktoktechjam2026\data\real_ext\unsplash\unsplash_000871.jpg,0,unsplash_real,Real_Unsplash
C:\Users\angus\Desktop\tiktoktechjam2026\data\real_ext\unsplash\unsplash_000872.jpg,0,unsplash_real,Real_Unsplash
C:\Users\angus\Desktop\tiktoktechjam2026\data\real_ext\unsplash\unsplash_000873.jpg,0,unsplash_real,Real_Unsplash
C:\Users\angus\Desktop\tiktoktechjam2026\data\real_ext\unsplash\unsplash_000874.jpg,0,unsplash_real,Real_Unsplash
C:\Users\angus\Desktop\tiktoktechjam2026\data\real_ext\unsplash\unsplash_000875.jpg,0,unsplash_real,Real_Unsplash
C:\Users\angus\Desktop\tiktoktechjam2026\data\real_ext\unsplash\unsplash_000876.jpg,0,unsplash_real,Real_Unsplash
C:\Users\angus\Desktop\tiktoktechjam2026\data\real_ext\unsplash\unsplash_000877.jpg,0,unsplash_real,Real_Unsplash
C:\Users\angus\Desktop\tiktoktechjam2026\data\real_ext\unsplash\unsplash_000878.jpg,0,unsplash_real,Real_Unsplash
C:\Users\angus\Desktop\tiktoktechjam2026\data\real_ext\unsplash\unsplash_000879.jpg,0,unsplash_real,Real_Unsplash
C:\Users\angus\Desktop\tiktoktechjam2026\data\real_ext\unsplash\unsplash_000880.jpg,0,unsplash_real,Real_Unsplash
C:\Users\angus\Desktop\tiktoktechjam2026\data\real_ext\unsplash\unsplash_000881.jpg,0,unsplash_real,Real_Unsplash
C:\Users\angus\Desktop\tiktoktechjam2026\data\real_ext\unsplash\unsplash_000882.jpg,0,unsplash_real,Real_Unsplash
C:\Users\angus\Desktop\tiktoktechjam2026\data\real_ext\unsplash\unsplash_000883.jpg,0,unsplash_real,Real_Unsplash
C:\Users\angus\Desktop\tiktoktechjam2026\data\real_ext\unsplash\unsplash_000884.jpg,0,unsplash_real,Real_Unsplash
C:\Users\angus\Desktop\tiktoktechjam2026\data\real_ext\unsplash\unsplash_000885.jpg,0,unsplash_real,Real_Unsplash
C:\Users\angus\Desktop\tiktoktechjam2026\data\real_ext\unsplash\unsplash_000886.jpg,0,unsplash_real,Real_Unsplash
C:\Users\angus\Desktop\tiktoktechjam2026\data\real_ext\unsplash\unsplash_000887.jpg,0,unsplash_real,Real_Unsplash
C:\Users\angus\Desktop\tiktoktechjam2026\data\real_ext\unsplash\unsplash_000888.jpg,0,unsplash_real,Real_Unsplash
C:\Users\angus\Desktop\tiktoktechjam2026\data\real_ext\unsplash\unsplash_000889.jpg,0,unsplash_real,Real_Unsplash
C:\Users\angus\Desktop\tiktoktechjam2026\data\real_ext\unsplash\unsplash_000890.jpg,0,unsplash_real,Real_Unsplash
C:\Users\angus\Desktop\tiktoktechjam2026\data\real_ext\unsplash\unsplash_000891.jpg,0,unsplash_real,Real_Unsplash
C:\Users\angus\Desktop\tiktoktechjam2026\data\real_ext\unsplash\unsplash_000892.jpg,0,unsplash_real,Real_Unsplash
C:\Users\angus\Desktop\tiktoktechjam2026\data\real_ext\unsplash\unsplash_000893.jpg,0,unsplash_real,Real_Unsplash
C:\Users\angus\Desktop\tiktoktechjam2026\data\real_ext\unsplash\unsplash_000894.jpg,0,unsplash_real,Real_Unsplash
C:\Users\angus\Desktop\tiktoktechjam2026\data\real_ext\unsplash\unsplash_000895.jpg,0,unsplash_real,Real_Unsplash
C:\Users\angus\Desktop\tiktoktechjam2026\data\real_ext\unsplash\unsplash_000896.jpg,0,unsplash_real,Real_Unsplash
C:\Users\angus\Desktop\tiktoktechjam2026\data\real_ext\unsplash\unsplash_000897.jpg,0,unsplash_real,Real_Unsplash
C:\Users\angus\Desktop\tiktoktechjam2026\data\real_ext\unsplash\unsplash_000898.jpg,0,unsplash_real,Real_Unsplash
C:\Users\angus\Desktop\tiktoktechjam2026\data\real_ext\unsplash\unsplash_000899.jpg,0,unsplash_real,Real_Unsplash
C:\Users\angus\Desktop\tiktoktechjam2026\data\real_ext\unsplash\unsplash_000900.jpg,0,unsplash_real,Real_Unsplash
C:\Users\angus\Desktop\tiktoktechjam2026\data\real_ext\unsplash\unsplash_000901.jpg,0,unsplash_real,Real_Unsplash
C:\Users\angus\Desktop\tiktoktechjam2026\data\real_ext\unsplash\unsplash_000902.jpg,0,unsplash_real,Real_Unsplash
C:\Users\angus\Desktop\tiktoktechjam2026\data\real_ext\unsplash\unsplash_000903.jpg,0,unsplash_real,Real_Unsplash
C:\Users\angus\Desktop\tiktoktechjam2026\data\real_ext\unsplash\unsplash_000904.jpg,0,unsplash_real,Real_Unsplash
C:\Users\angus\Desktop\tiktoktechjam2026\data\real_ext\unsplash\unsplash_000905.jpg,0,unsplash_real,Real_Unsplash
C:\Users\angus\Desktop\tiktoktechjam2026\data\real_ext\unsplash\unsplash_000906.jpg,0,unsplash_real,Real_Unsplash
C:\Users\angus\Desktop\tiktoktechjam2026\data\real_ext\unsplash\unsplash_000907.jpg,0,unsplash_real,Real_Unsplash
C:\Users\angus\Desktop\tiktoktechjam2026\data\real_ext\unsplash\unsplash_000908.jpg,0,unsplash_real,Real_Unsplash
C:\Users\angus\Desktop\tiktoktechjam2026\data\real_ext\unsplash\unsplash_000909.jpg,0,unsplash_real,Real_Unsplash
C:\Users\angus\Desktop\tiktoktechjam2026\data\real_ext\unsplash\unsplash_000910.jpg,0,unsplash_real,Real_Unsplash
C:\Users\angus\Desktop\tiktoktechjam2026\data\real_ext\unsplash\unsplash_000911.jpg,0,unsplash_real,Real_Unsplash
C:\Users\angus\Desktop\tiktoktechjam2026\data\real_ext\unsplash\unsplash_000912.jpg,0,unsplash_real,Real_Unsplash
C:\Users\angus\Desktop\tiktoktechjam2026\data\real_ext\unsplash\unsplash_000913.jpg,0,unsplash_real,Real_Unsplash
C:\Users\angus\Desktop\tiktoktechjam2026\data\real_ext\unsplash\unsplash_000914.jpg,0,unsplash_real,Real_Unsplash
C:\Users\angus\Desktop\tiktoktechjam2026\data\real_ext\unsplash\unsplash_000915.jpg,0,unsplash_real,Real_Unsplash
C:\Users\angus\Desktop\tiktoktechjam2026\data\real_ext\unsplash\unsplash_000916.jpg,0,unsplash_real,Real_Unsplash
C:\Users\angus\Desktop\tiktoktechjam2026\data\real_ext\unsplash\unsplash_000917.jpg,0,unsplash_real,Real_Unsplash
C:\Users\angus\Desktop\tiktoktechjam2026\data\real_ext\unsplash\unsplash_000918.jpg,0,unsplash_real,Real_Unsplash
C:\Users\angus\Desktop\tiktoktechjam2026\data\real_ext\unsplash\unsplash_000919.jpg,0,unsplash_real,Real_Unsplash
C:\Users\angus\Desktop\tiktoktechjam2026\data\real_ext\unsplash\unsplash_000920.jpg,0,unsplash_real,Real_Unsplash
C:\Users\angus\Desktop\tiktoktechjam2026\data\real_ext\unsplash\unsplash_000921.jpg,0,unsplash_real,Real_Unsplash
C:\Users\angus\Desktop\tiktoktechjam2026\data\real_ext\unsplash\unsplash_000922.jpg,0,unsplash_real,Real_Unsplash
C:\Users\angus\Desktop\tiktoktechjam2026\data\real_ext\unsplash\unsplash_000923.jpg,0,unsplash_real,Real_Unsplash
C:\Users\angus\Desktop\tiktoktechjam2026\data\real_ext\unsplash\unsplash_000924.jpg,0,unsplash_real,Real_Unsplash
C:\Users\angus\Desktop\tiktoktechjam2026\data\real_ext\unsplash\unsplash_000925.jpg,0,unsplash_real,Real_Unsplash
C:\Users\angus\Desktop\tiktoktechjam2026\data\real_ext\unsplash\unsplash_000926.jpg,0,unsplash_real,Real_Unsplash
C:\Users\angus\Desktop\tiktoktechjam2026\data\real_ext\unsplash\unsplash_000927.jpg,0,unsplash_real,Real_Unsplash
C:\Users\angus\Desktop\tiktoktechjam2026\data\real_ext\unsplash\unsplash_000928.jpg,0,unsplash_real,Real_Unsplash
C:\Users\angus\Desktop\tiktoktechjam2026\data\real_ext\unsplash\unsplash_000929.jpg,0,unsplash_real,Real_Unsplash
C:\Users\angus\Desktop\tiktoktechjam2026\data\real_ext\unsplash\unsplash_000930.jpg,0,unsplash_real,Real_Unsplash
C:\Users\angus\Desktop\tiktoktechjam2026\data\real_ext\unsplash\unsplash_000931.jpg,0,unsplash_real,Real_Unsplash
C:\Users\angus\Desktop\tiktoktechjam2026\data\real_ext\unsplash\unsplash_000932.jpg,0,unsplash_real,Real_Unsplash
C:\Users\angus\Desktop\tiktoktechjam2026\data\real_ext\unsplash\unsplash_000933.jpg,0,unsplash_real,Real_Unsplash
C:\Users\angus\Desktop\tiktoktechjam2026\data\real_ext\unsplash\unsplash_000934.jpg,0,unsplash_real,Real_Unsplash
C:\Users\angus\Desktop\tiktoktechjam2026\data\real_ext\unsplash\unsplash_000935.jpg,0,unsplash_real,Real_Unsplash
C:\Users\angus\Desktop\tiktoktechjam2026\data\real_ext\unsplash\unsplash_000936.jpg,0,unsplash_real,Real_Unsplash
C:\Users\angus\Desktop\tiktoktechjam2026\data\real_ext\unsplash\unsplash_000937.jpg,0,unsplash_real,Real_Unsplash
C:\Users\angus\Desktop\tiktoktechjam2026\data\real_ext\unsplash\unsplash_000938.jpg,0,unsplash_real,Real_Unsplash
C:\Users\angus\Desktop\tiktoktechjam2026\data\real_ext\unsplash\unsplash_000939.jpg,0,unsplash_real,Real_Unsplash
C:\Users\angus\Desktop\tiktoktechjam2026\data\real_ext\unsplash\unsplash_000940.jpg,0,unsplash_real,Real_Unsplash
C:\Users\angus\Desktop\tiktoktechjam2026\data\real_ext\unsplash\unsplash_000941.jpg,0,unsplash_real,Real_Unsplash
C:\Users\angus\Desktop\tiktoktechjam2026\data\real_ext\unsplash\unsplash_000942.jpg,0,unsplash_real,Real_Unsplash
C:\Users\angus\Desktop\tiktoktechjam2026\data\real_ext\unsplash\unsplash_000943.jpg,0,unsplash_real,Real_Unsplash
C:\Users\angus\Desktop\tiktoktechjam2026\data\real_ext\unsplash\unsplash_000944.jpg,0,unsplash_real,Real_Unsplash
C:\Users\angus\Desktop\tiktoktechjam2026\data\real_ext\unsplash\unsplash_000945.jpg,0,unsplash_real,Real_Unsplash
C:\Users\angus\Desktop\tiktoktechjam2026\data\real_ext\unsplash\unsplash_000946.jpg,0,unsplash_real,Real_Unsplash
C:\Users\angus\Desktop\tiktoktechjam2026\data\real_ext\unsplash\unsplash_000947.jpg,0,unsplash_real,Real_Unsplash
C:\Users\angus\Desktop\tiktoktechjam2026\data\real_ext\unsplash\unsplash_000948.jpg,0,unsplash_real,Real_Unsplash
C:\Users\angus\Desktop\tiktoktechjam2026\data\real_ext\unsplash\unsplash_000949.jpg,0,unsplash_real,Real_Unsplash
C:\Users\angus\Desktop\tiktoktechjam2026\data\real_ext\unsplash\unsplash_000950.jpg,0,unsplash_real,Real_Unsplash
C:\Users\angus\Desktop\tiktoktechjam2026\data\real_ext\unsplash\unsplash_000951.jpg,0,unsplash_real,Real_Unsplash
C:\Users\angus\Desktop\tiktoktechjam2026\data\real_ext\unsplash\unsplash_000952.jpg,0,unsplash_real,Real_Unsplash
C:\Users\angus\Desktop\tiktoktechjam2026\data\real_ext\unsplash\unsplash_000953.jpg,0,unsplash_real,Real_Unsplash
C:\Users\angus\Desktop\tiktoktechjam2026\data\real_ext\unsplash\unsplash_000954.jpg,0,unsplash_real,Real_Unsplash
C:\Users\angus\Desktop\tiktoktechjam2026\data\real_ext\unsplash\unsplash_000955.jpg,0,unsplash_real,Real_Unsplash
C:\Users\angus\Desktop\tiktoktechjam2026\data\real_ext\unsplash\unsplash_000956.jpg,0,unsplash_real,Real_Unsplash
C:\Users\angus\Desktop\tiktoktechjam2026\data\real_ext\unsplash\unsplash_000957.jpg,0,unsplash_real,Real_Unsplash
C:\Users\angus\Desktop\tiktoktechjam2026\data\real_ext\unsplash\unsplash_000958.jpg,0,unsplash_real,Real_Unsplash
C:\Users\angus\Desktop\tiktoktechjam2026\data\real_ext\unsplash\unsplash_000959.jpg,0,unsplash_real,Real_Unsplash
C:\Users\angus\Desktop\tiktoktechjam2026\data\real_ext\unsplash\unsplash_000960.jpg,0,unsplash_real,Real_Unsplash
C:\Users\angus\Desktop\tiktoktechjam2026\data\real_ext\unsplash\unsplash_000961.jpg,0,unsplash_real,Real_Unsplash
C:\Users\angus\Desktop\tiktoktechjam2026\data\real_ext\unsplash\unsplash_000962.jpg,0,unsplash_real,Real_Unsplash
C:\Users\angus\Desktop\tiktoktechjam2026\data\real_ext\unsplash\unsplash_000963.jpg,0,unsplash_real,Real_Unsplash
C:\Users\angus\Desktop\tiktoktechjam2026\data\real_ext\unsplash\unsplash_000964.jpg,0,unsplash_real,Real_Unsplash
C:\Users\angus\Desktop\tiktoktechjam2026\data\real_ext\unsplash\unsplash_000965.jpg,0,unsplash_real,Real_Unsplash
C:\Users\angus\Desktop\tiktoktechjam2026\data\real_ext\unsplash\unsplash_000966.jpg,0,unsplash_real,Real_Unsplash
C:\Users\angus\Desktop\tiktoktechjam2026\data\real_ext\unsplash\unsplash_000967.jpg,0,unsplash_real,Real_Unsplash
C:\Users\angus\Desktop\tiktoktechjam2026\data\real_ext\unsplash\unsplash_000968.jpg,0,unsplash_real,Real_Unsplash
C:\Users\angus\Desktop\tiktoktechjam2026\data\real_ext\unsplash\unsplash_000969.jpg,0,unsplash_real,Real_Unsplash
C:\Users\angus\Desktop\tiktoktechjam2026\data\real_ext\unsplash\unsplash_000970.jpg,0,unsplash_real,Real_Unsplash
C:\Users\angus\Desktop\tiktoktechjam2026\data\real_ext\unsplash\unsplash_000971.jpg,0,unsplash_real,Real_Unsplash
C:\Users\angus\Desktop\tiktoktechjam2026\data\real_ext\unsplash\unsplash_000972.jpg,0,unsplash_real,Real_Unsplash
C:\Users\angus\Desktop\tiktoktechjam2026\data\real_ext\unsplash\unsplash_000973.jpg,0,unsplash_real,Real_Unsplash
C:\Users\angus\Desktop\tiktoktechjam2026\data\real_ext\unsplash\unsplash_000974.jpg,0,unsplash_real,Real_Unsplash
C:\Users\angus\Desktop\tiktoktechjam2026\data\real_ext\unsplash\unsplash_000975.jpg,0,unsplash_real,Real_Unsplash
C:\Users\angus\Desktop\tiktoktechjam2026\data\real_ext\unsplash\unsplash_000976.jpg,0,unsplash_real,Real_Unsplash
C:\Users\angus\Desktop\tiktoktechjam2026\data\real_ext\unsplash\unsplash_000977.jpg,0,unsplash_real,Real_Unsplash
C:\Users\angus\Desktop\tiktoktechjam2026\data\real_ext\unsplash\unsplash_000978.jpg,0,unsplash_real,Real_Unsplash
C:\Users\angus\Desktop\tiktoktechjam2026\data\real_ext\unsplash\unsplash_000979.jpg,0,unsplash_real,Real_Unsplash
C:\Users\angus\Desktop\tiktoktechjam2026\data\real_ext\unsplash\unsplash_000980.jpg,0,unsplash_real,Real_Unsplash
C:\Users\angus\Desktop\tiktoktechjam2026\data\real_ext\unsplash\unsplash_000981.jpg,0,unsplash_real,Real_Unsplash
C:\Users\angus\Desktop\tiktoktechjam2026\data\real_ext\unsplash\unsplash_000982.jpg,0,unsplash_real,Real_Unsplash
C:\Users\angus\Desktop\tiktoktechjam2026\data\real_ext\unsplash\unsplash_000983.jpg,0,unsplash_real,Real_Unsplash
C:\Users\angus\Desktop\tiktoktechjam2026\data\real_ext\unsplash\unsplash_000984.jpg,0,unsplash_real,Real_Unsplash
C:\Users\angus\Desktop\tiktoktechjam2026\data\real_ext\unsplash\unsplash_000985.jpg,0,unsplash_real,Real_Unsplash
C:\Users\angus\Desktop\tiktoktechjam2026\data\real_ext\unsplash\unsplash_000986.jpg,0,unsplash_real,Real_Unsplash
C:\Users\angus\Desktop\tiktoktechjam2026\data\real_ext\unsplash\unsplash_000987.jpg,0,unsplash_real,Real_Unsplash
C:\Users\angus\Desktop\tiktoktechjam2026\data\real_ext\unsplash\unsplash_000988.jpg,0,unsplash_real,Real_Unsplash
C:\Users\angus\Desktop\tiktoktechjam2026\data\real_ext\unsplash\unsplash_000989.jpg,0,unsplash_real,Real_Unsplash
C:\Users\angus\Desktop\tiktoktechjam2026\data\real_ext\unsplash\unsplash_000990.jpg,0,unsplash_real,Real_Unsplash
C:\Users\angus\Desktop\tiktoktechjam2026\data\real_ext\unsplash\unsplash_000991.jpg,0,unsplash_real,Real_Unsplash
C:\Users\angus\Desktop\tiktoktechjam2026\data\real_ext\unsplash\unsplash_000992.jpg,0,unsplash_real,Real_Unsplash
C:\Users\angus\Desktop\tiktoktechjam2026\data\real_ext\unsplash\unsplash_000993.jpg,0,unsplash_real,Real_Unsplash
C:\Users\angus\Desktop\tiktoktechjam2026\data\real_ext\unsplash\unsplash_000994.jpg,0,unsplash_real,Real_Unsplash
C:\Users\angus\Desktop\tiktoktechjam2026\data\real_ext\unsplash\unsplash_000995.jpg,0,unsplash_real,Real_Unsplash
C:\Users\angus\Desktop\tiktoktechjam2026\data\real_ext\unsplash\unsplash_000996.jpg,0,unsplash_real,Real_Unsplash
C:\Users\angus\Desktop\tiktoktechjam2026\data\real_ext\unsplash\unsplash_000997.jpg,0,unsplash_real,Real_Unsplash
C:\Users\angus\Desktop\tiktoktechjam2026\data\real_ext\unsplash\unsplash_000998.jpg,0,unsplash_real,Real_Unsplash
C:\Users\angus\Desktop\tiktoktechjam2026\data\real_ext\unsplash\unsplash_000999.jpg,0,unsplash_real,Real_Unsplash
C:\Users\angus\Desktop\tiktoktechjam2026\data\real_ext\unsplash\unsplash_001000.jpg,0,unsplash_real,Real_Unsplash
C:\Users\angus\Desktop\tiktoktechjam2026\data\real_ext\unsplash\unsplash_001001.jpg,0,unsplash_real,Real_Unsplash
C:\Users\angus\Desktop\tiktoktechjam2026\data\real_ext\unsplash\unsplash_001002.jpg,0,unsplash_real,Real_Unsplash
C:\Users\angus\Desktop\tiktoktechjam2026\data\real_ext\unsplash\unsplash_001003.jpg,0,unsplash_real,Real_Unsplash
C:\Users\angus\Desktop\tiktoktechjam2026\data\real_ext\unsplash\unsplash_001004.jpg,0,unsplash_real,Real_Unsplash
C:\Users\angus\Desktop\tiktoktechjam2026\data\real_ext\unsplash\unsplash_001005.jpg,0,unsplash_real,Real_Unsplash
C:\Users\angus\Desktop\tiktoktechjam2026\data\real_ext\unsplash\unsplash_001006.jpg,0,unsplash_real,Real_Unsplash
C:\Users\angus\Desktop\tiktoktechjam2026\data\real_ext\unsplash\unsplash_001007.jpg,0,unsplash_real,Real_Unsplash
C:\Users\angus\Desktop\tiktoktechjam2026\data\real_ext\unsplash\unsplash_001008.jpg,0,unsplash_real,Real_Unsplash
C:\Users\angus\Desktop\tiktoktechjam2026\data\real_ext\unsplash\unsplash_001009.jpg,0,unsplash_real,Real_Unsplash
C:\Users\angus\Desktop\tiktoktechjam2026\data\real_ext\unsplash\unsplash_001010.jpg,0,unsplash_real,Real_Unsplash
C:\Users\angus\Desktop\tiktoktechjam2026\data\real_ext\unsplash\unsplash_001011.jpg,0,unsplash_real,Real_Unsplash
C:\Users\angus\Desktop\tiktoktechjam2026\data\real_ext\unsplash\unsplash_001012.jpg,0,unsplash_real,Real_Unsplash
C:\Users\angus\Desktop\tiktoktechjam2026\data\real_ext\unsplash\unsplash_001013.jpg,0,unsplash_real,Real_Unsplash
C:\Users\angus\Desktop\tiktoktechjam2026\data\real_ext\unsplash\unsplash_001014.jpg,0,unsplash_real,Real_Unsplash
C:\Users\angus\Desktop\tiktoktechjam2026\data\real_ext\unsplash\unsplash_001015.jpg,0,unsplash_real,Real_Unsplash
C:\Users\angus\Desktop\tiktoktechjam2026\data\real_ext\unsplash\unsplash_001016.jpg,0,unsplash_real,Real_Unsplash
C:\Users\angus\Desktop\tiktoktechjam2026\data\real_ext\unsplash\unsplash_001017.jpg,0,unsplash_real,Real_Unsplash
C:\Users\angus\Desktop\tiktoktechjam2026\data\real_ext\unsplash\unsplash_001018.jpg,0,unsplash_real,Real_Unsplash
C:\Users\angus\Desktop\tiktoktechjam2026\data\real_ext\unsplash\unsplash_001019.jpg,0,unsplash_real,Real_Unsplash
C:\Users\angus\Desktop\tiktoktechjam2026\data\real_ext\unsplash\unsplash_001020.jpg,0,unsplash_real,Real_Unsplash
C:\Users\angus\Desktop\tiktoktechjam2026\data\real_ext\unsplash\unsplash_001021.jpg,0,unsplash_real,Real_Unsplash
C:\Users\angus\Desktop\tiktoktechjam2026\data\real_ext\unsplash\unsplash_001022.jpg,0,unsplash_real,Real_Unsplash
C:\Users\angus\Desktop\tiktoktechjam2026\data\real_ext\unsplash\unsplash_001023.jpg,0,unsplash_real,Real_Unsplash
C:\Users\angus\Desktop\tiktoktechjam2026\data\real_ext\unsplash\unsplash_001024.jpg,0,unsplash_real,Real_Unsplash
C:\Users\angus\Desktop\tiktoktechjam2026\data\real_ext\unsplash\unsplash_001025.jpg,0,unsplash_real,Real_Unsplash
C:\Users\angus\Desktop\tiktoktechjam2026\data\real_ext\unsplash\unsplash_001026.jpg,0,unsplash_real,Real_Unsplash
C:\Users\angus\Desktop\tiktoktechjam2026\data\real_ext\unsplash\unsplash_001027.jpg,0,unsplash_real,Real_Unsplash
C:\Users\angus\Desktop\tiktoktechjam2026\data\real_ext\unsplash\unsplash_001028.jpg,0,unsplash_real,Real_Unsplash
C:\Users\angus\Desktop\tiktoktechjam2026\data\real_ext\unsplash\unsplash_001029.jpg,0,unsplash_real,Real_Unsplash
C:\Users\angus\Desktop\tiktoktechjam2026\data\real_ext\unsplash\unsplash_001030.jpg,0,unsplash_real,Real_Unsplash
C:\Users\angus\Desktop\tiktoktechjam2026\data\real_ext\unsplash\unsplash_001031.jpg,0,unsplash_real,Real_Unsplash
C:\Users\angus\Desktop\tiktoktechjam2026\data\real_ext\unsplash\unsplash_001032.jpg,0,unsplash_real,Real_Unsplash
C:\Users\angus\Desktop\tiktoktechjam2026\data\real_ext\unsplash\unsplash_001033.jpg,0,unsplash_real,Real_Unsplash
C:\Users\angus\Desktop\tiktoktechjam2026\data\real_ext\unsplash\unsplash_001034.jpg,0,unsplash_real,Real_Unsplash
C:\Users\angus\Desktop\tiktoktechjam2026\data\real_ext\unsplash\unsplash_001035.jpg,0,unsplash_real,Real_Unsplash
C:\Users\angus\Desktop\tiktoktechjam2026\data\real_ext\unsplash\unsplash_001036.jpg,0,unsplash_real,Real_Unsplash
C:\Users\angus\Desktop\tiktoktechjam2026\data\real_ext\unsplash\unsplash_001037.jpg,0,unsplash_real,Real_Unsplash
C:\Users\angus\Desktop\tiktoktechjam2026\data\real_ext\unsplash\unsplash_001038.jpg,0,unsplash_real,Real_Unsplash
C:\Users\angus\Desktop\tiktoktechjam2026\data\real_ext\unsplash\unsplash_001039.jpg,0,unsplash_real,Real_Unsplash
C:\Users\angus\Desktop\tiktoktechjam2026\data\real_ext\unsplash\unsplash_001040.jpg,0,unsplash_real,Real_Unsplash
C:\Users\angus\Desktop\tiktoktechjam2026\data\real_ext\unsplash\unsplash_001041.jpg,0,unsplash_real,Real_Unsplash
C:\Users\angus\Desktop\tiktoktechjam2026\data\real_ext\unsplash\unsplash_001042.jpg,0,unsplash_real,Real_Unsplash
C:\Users\angus\Desktop\tiktoktechjam2026\data\real_ext\unsplash\unsplash_001043.jpg,0,unsplash_real,Real_Unsplash
C:\Users\angus\Desktop\tiktoktechjam2026\data\real_ext\unsplash\unsplash_001044.jpg,0,unsplash_real,Real_Unsplash
C:\Users\angus\Desktop\tiktoktechjam2026\data\real_ext\unsplash\unsplash_001045.jpg,0,unsplash_real,Real_Unsplash
C:\Users\angus\Desktop\tiktoktechjam2026\data\real_ext\unsplash\unsplash_001046.jpg,0,unsplash_real,Real_Unsplash
C:\Users\angus\Desktop\tiktoktechjam2026\data\real_ext\unsplash\unsplash_001047.jpg,0,unsplash_real,Real_Unsplash
C:\Users\angus\Desktop\tiktoktechjam2026\data\real_ext\unsplash\unsplash_001048.jpg,0,unsplash_real,Real_Unsplash
C:\Users\angus\Desktop\tiktoktechjam2026\data\real_ext\unsplash\unsplash_001049.jpg,0,unsplash_real,Real_Unsplash
C:\Users\angus\Desktop\tiktoktechjam2026\data\real_ext\unsplash\unsplash_001050.jpg,0,unsplash_real,Real_Unsplash
C:\Users\angus\Desktop\tiktoktechjam2026\data\real_ext\unsplash\unsplash_001051.jpg,0,unsplash_real,Real_Unsplash
C:\Users\angus\Desktop\tiktoktechjam2026\data\real_ext\unsplash\unsplash_001052.jpg,0,unsplash_real,Real_Unsplash
C:\Users\angus\Desktop\tiktoktechjam2026\data\real_ext\unsplash\unsplash_001053.jpg,0,unsplash_real,Real_Unsplash
C:\Users\angus\Desktop\tiktoktechjam2026\data\real_ext\unsplash\unsplash_001054.jpg,0,unsplash_real,Real_Unsplash
C:\Users\angus\Desktop\tiktoktechjam2026\data\real_ext\unsplash\unsplash_001055.jpg,0,unsplash_real,Real_Unsplash
C:\Users\angus\Desktop\tiktoktechjam2026\data\real_ext\unsplash\unsplash_001056.jpg,0,unsplash_real,Real_Unsplash
C:\Users\angus\Desktop\tiktoktechjam2026\data\real_ext\unsplash\unsplash_001057.jpg,0,unsplash_real,Real_Unsplash
C:\Users\angus\Desktop\tiktoktechjam2026\data\real_ext\unsplash\unsplash_001058.jpg,0,unsplash_real,Real_Unsplash
C:\Users\angus\Desktop\tiktoktechjam2026\data\real_ext\unsplash\unsplash_001059.jpg,0,unsplash_real,Real_Unsplash
C:\Users\angus\Desktop\tiktoktechjam2026\data\real_ext\unsplash\unsplash_001060.jpg,0,unsplash_real,Real_Unsplash
C:\Users\angus\Desktop\tiktoktechjam2026\data\real_ext\unsplash\unsplash_001061.jpg,0,unsplash_real,Real_Unsplash
C:\Users\angus\Desktop\tiktoktechjam2026\data\real_ext\unsplash\unsplash_001062.jpg,0,unsplash_real,Real_Unsplash
C:\Users\angus\Desktop\tiktoktechjam2026\data\real_ext\unsplash\unsplash_001063.jpg,0,unsplash_real,Real_Unsplash
C:\Users\angus\Desktop\tiktoktechjam2026\data\real_ext\unsplash\unsplash_001064.jpg,0,unsplash_real,Real_Unsplash
C:\Users\angus\Desktop\tiktoktechjam2026\data\real_ext\unsplash\unsplash_001065.jpg,0,unsplash_real,Real_Unsplash
C:\Users\angus\Desktop\tiktoktechjam2026\data\real_ext\unsplash\unsplash_001066.jpg,0,unsplash_real,Real_Unsplash
C:\Users\angus\Desktop\tiktoktechjam2026\data\real_ext\unsplash\unsplash_001067.jpg,0,unsplash_real,Real_Unsplash
C:\Users\angus\Desktop\tiktoktechjam2026\data\real_ext\unsplash\unsplash_001068.jpg,0,unsplash_real,Real_Unsplash
C:\Users\angus\Desktop\tiktoktechjam2026\data\real_ext\unsplash\unsplash_001069.jpg,0,unsplash_real,Real_Unsplash
C:\Users\angus\Desktop\tiktoktechjam2026\data\real_ext\unsplash\unsplash_001070.jpg,0,unsplash_real,Real_Unsplash
C:\Users\angus\Desktop\tiktoktechjam2026\data\real_ext\unsplash\unsplash_001071.jpg,0,unsplash_real,Real_Unsplash
C:\Users\angus\Desktop\tiktoktechjam2026\data\real_ext\unsplash\unsplash_001072.jpg,0,unsplash_real,Real_Unsplash
C:\Users\angus\Desktop\tiktoktechjam2026\data\real_ext\unsplash\unsplash_001073.jpg,0,unsplash_real,Real_Unsplash
C:\Users\angus\Desktop\tiktoktechjam2026\data\real_ext\unsplash\unsplash_001074.jpg,0,unsplash_real,Real_Unsplash
C:\Users\angus\Desktop\tiktoktechjam2026\data\real_ext\unsplash\unsplash_001075.jpg,0,unsplash_real,Real_Unsplash
C:\Users\angus\Desktop\tiktoktechjam2026\data\real_ext\unsplash\unsplash_001076.jpg,0,unsplash_real,Real_Unsplash
C:\Users\angus\Desktop\tiktoktechjam2026\data\real_ext\unsplash\unsplash_001077.jpg,0,unsplash_real,Real_Unsplash
C:\Users\angus\Desktop\tiktoktechjam2026\data\real_ext\unsplash\unsplash_001078.jpg,0,unsplash_real,Real_Unsplash
C:\Users\angus\Desktop\tiktoktechjam2026\data\real_ext\unsplash\unsplash_001079.jpg,0,unsplash_real,Real_Unsplash
C:\Users\angus\Desktop\tiktoktechjam2026\data\real_ext\unsplash\unsplash_001080.jpg,0,unsplash_real,Real_Unsplash
C:\Users\angus\Desktop\tiktoktechjam2026\data\real_ext\unsplash\unsplash_001081.jpg,0,unsplash_real,Real_Unsplash
C:\Users\angus\Desktop\tiktoktechjam2026\data\real_ext\unsplash\unsplash_001082.jpg,0,unsplash_real,Real_Unsplash
C:\Users\angus\Desktop\tiktoktechjam2026\data\real_ext\unsplash\unsplash_001083.jpg,0,unsplash_real,Real_Unsplash
C:\Users\angus\Desktop\tiktoktechjam2026\data\real_ext\unsplash\unsplash_001084.jpg,0,unsplash_real,Real_Unsplash
C:\Users\angus\Desktop\tiktoktechjam2026\data\real_ext\unsplash\unsplash_001085.jpg,0,unsplash_real,Real_Unsplash
C:\Users\angus\Desktop\tiktoktechjam2026\data\real_ext\unsplash\unsplash_001086.jpg,0,unsplash_real,Real_Unsplash
C:\Users\angus\Desktop\tiktoktechjam2026\data\real_ext\unsplash\unsplash_001087.jpg,0,unsplash_real,Real_Unsplash
C:\Users\angus\Desktop\tiktoktechjam2026\data\real_ext\unsplash\unsplash_001088.jpg,0,unsplash_real,Real_Unsplash
C:\Users\angus\Desktop\tiktoktechjam2026\data\real_ext\unsplash\unsplash_001089.jpg,0,unsplash_real,Real_Unsplash
C:\Users\angus\Desktop\tiktoktechjam2026\data\real_ext\unsplash\unsplash_001090.jpg,0,unsplash_real,Real_Unsplash
C:\Users\angus\Desktop\tiktoktechjam2026\data\real_ext\unsplash\unsplash_001091.jpg,0,unsplash_real,Real_Unsplash
C:\Users\angus\Desktop\tiktoktechjam2026\data\real_ext\unsplash\unsplash_001092.jpg,0,unsplash_real,Real_Unsplash
C:\Users\angus\Desktop\tiktoktechjam2026\data\real_ext\unsplash\unsplash_001093.jpg,0,unsplash_real,Real_Unsplash
C:\Users\angus\Desktop\tiktoktechjam2026\data\real_ext\unsplash\unsplash_001094.jpg,0,unsplash_real,Real_Unsplash
C:\Users\angus\Desktop\tiktoktechjam2026\data\real_ext\unsplash\unsplash_001095.jpg,0,unsplash_real,Real_Unsplash
C:\Users\angus\Desktop\tiktoktechjam2026\data\real_ext\unsplash\unsplash_001096.jpg,0,unsplash_real,Real_Unsplash
C:\Users\angus\Desktop\tiktoktechjam2026\data\real_ext\unsplash\unsplash_001097.jpg,0,unsplash_real,Real_Unsplash
C:\Users\angus\Desktop\tiktoktechjam2026\data\real_ext\unsplash\unsplash_001098.jpg,0,unsplash_real,Real_Unsplash
C:\Users\angus\Desktop\tiktoktechjam2026\data\real_ext\unsplash\unsplash_001099.jpg,0,unsplash_real,Real_Unsplash
C:\Users\angus\Desktop\tiktoktechjam2026\data\real_ext\unsplash\unsplash_001100.jpg,0,unsplash_real,Real_Unsplash
C:\Users\angus\Desktop\tiktoktechjam2026\data\real_ext\unsplash\unsplash_001101.jpg,0,unsplash_real,Real_Unsplash
C:\Users\angus\Desktop\tiktoktechjam2026\data\real_ext\unsplash\unsplash_001102.jpg,0,unsplash_real,Real_Unsplash
C:\Users\angus\Desktop\tiktoktechjam2026\data\real_ext\unsplash\unsplash_001103.jpg,0,unsplash_real,Real_Unsplash
C:\Users\angus\Desktop\tiktoktechjam2026\data\real_ext\unsplash\unsplash_001104.jpg,0,unsplash_real,Real_Unsplash
C:\Users\angus\Desktop\tiktoktechjam2026\data\real_ext\unsplash\unsplash_001105.jpg,0,unsplash_real,Real_Unsplash
C:\Users\angus\Desktop\tiktoktechjam2026\data\real_ext\unsplash\unsplash_001106.jpg,0,unsplash_real,Real_Unsplash
C:\Users\angus\Desktop\tiktoktechjam2026\data\real_ext\unsplash\unsplash_001107.jpg,0,unsplash_real,Real_Unsplash
C:\Users\angus\Desktop\tiktoktechjam2026\data\real_ext\unsplash\unsplash_001108.jpg,0,unsplash_real,Real_Unsplash
C:\Users\angus\Desktop\tiktoktechjam2026\data\real_ext\unsplash\unsplash_001109.jpg,0,unsplash_real,Real_Unsplash
C:\Users\angus\Desktop\tiktoktechjam2026\data\real_ext\unsplash\unsplash_001110.jpg,0,unsplash_real,Real_Unsplash
C:\Users\angus\Desktop\tiktoktechjam2026\data\real_ext\unsplash\unsplash_001111.jpg,0,unsplash_real,Real_Unsplash
C:\Users\angus\Desktop\tiktoktechjam2026\data\real_ext\unsplash\unsplash_001112.jpg,0,unsplash_real,Real_Unsplash
C:\Users\angus\Desktop\tiktoktechjam2026\data\real_ext\unsplash\unsplash_001113.jpg,0,unsplash_real,Real_Unsplash
C:\Users\angus\Desktop\tiktoktechjam2026\data\real_ext\unsplash\unsplash_001114.jpg,0,unsplash_real,Real_Unsplash
C:\Users\angus\Desktop\tiktoktechjam2026\data\real_ext\unsplash\unsplash_001115.jpg,0,unsplash_real,Real_Unsplash
C:\Users\angus\Desktop\tiktoktechjam2026\data\real_ext\unsplash\unsplash_001116.jpg,0,unsplash_real,Real_Unsplash
C:\Users\angus\Desktop\tiktoktechjam2026\data\real_ext\unsplash\unsplash_001117.jpg,0,unsplash_real,Real_Unsplash
C:\Users\angus\Desktop\tiktoktechjam2026\data\real_ext\unsplash\unsplash_001118.jpg,0,unsplash_real,Real_Unsplash
C:\Users\angus\Desktop\tiktoktechjam2026\data\real_ext\unsplash\unsplash_001119.jpg,0,unsplash_real,Real_Unsplash
C:\Users\angus\Desktop\tiktoktechjam2026\data\real_ext\unsplash\unsplash_001120.jpg,0,unsplash_real,Real_Unsplash
C:\Users\angus\Desktop\tiktoktechjam2026\data\real_ext\unsplash\unsplash_001121.jpg,0,unsplash_real,Real_Unsplash
C:\Users\angus\Desktop\tiktoktechjam2026\data\real_ext\unsplash\unsplash_001122.jpg,0,unsplash_real,Real_Unsplash
C:\Users\angus\Desktop\tiktoktechjam2026\data\real_ext\unsplash\unsplash_001123.jpg,0,unsplash_real,Real_Unsplash
C:\Users\angus\Desktop\tiktoktechjam2026\data\real_ext\unsplash\unsplash_001124.jpg,0,unsplash_real,Real_Unsplash
C:\Users\angus\Desktop\tiktoktechjam2026\data\real_ext\unsplash\unsplash_001125.jpg,0,unsplash_real,Real_Unsplash
C:\Users\angus\Desktop\tiktoktechjam2026\data\real_ext\unsplash\unsplash_001126.jpg,0,unsplash_real,Real_Unsplash
C:\Users\angus\Desktop\tiktoktechjam2026\data\real_ext\unsplash\unsplash_001127.jpg,0,unsplash_real,Real_Unsplash
C:\Users\angus\Desktop\tiktoktechjam2026\data\real_ext\unsplash\unsplash_001128.jpg,0,unsplash_real,Real_Unsplash
C:\Users\angus\Desktop\tiktoktechjam2026\data\real_ext\unsplash\unsplash_001129.jpg,0,unsplash_real,Real_Unsplash
C:\Users\angus\Desktop\tiktoktechjam2026\data\real_ext\unsplash\unsplash_001130.jpg,0,unsplash_real,Real_Unsplash
C:\Users\angus\Desktop\tiktoktechjam2026\data\real_ext\unsplash\unsplash_001131.jpg,0,unsplash_real,Real_Unsplash
C:\Users\angus\Desktop\tiktoktechjam2026\data\real_ext\unsplash\unsplash_001132.jpg,0,unsplash_real,Real_Unsplash
C:\Users\angus\Desktop\tiktoktechjam2026\data\real_ext\unsplash\unsplash_001133.jpg,0,unsplash_real,Real_Unsplash
C:\Users\angus\Desktop\tiktoktechjam2026\data\real_ext\unsplash\unsplash_001134.jpg,0,unsplash_real,Real_Unsplash
C:\Users\angus\Desktop\tiktoktechjam2026\data\real_ext\unsplash\unsplash_001135.jpg,0,unsplash_real,Real_Unsplash
C:\Users\angus\Desktop\tiktoktechjam2026\data\real_ext\unsplash\unsplash_001136.jpg,0,unsplash_real,Real_Unsplash
C:\Users\angus\Desktop\tiktoktechjam2026\data\real_ext\unsplash\unsplash_001137.jpg,0,unsplash_real,Real_Unsplash
C:\Users\angus\Desktop\tiktoktechjam2026\data\real_ext\unsplash\unsplash_001138.jpg,0,unsplash_real,Real_Unsplash
C:\Users\angus\Desktop\tiktoktechjam2026\data\real_ext\unsplash\unsplash_001139.jpg,0,unsplash_real,Real_Unsplash
C:\Users\angus\Desktop\tiktoktechjam2026\data\real_ext\unsplash\unsplash_001140.jpg,0,unsplash_real,Real_Unsplash
C:\Users\angus\Desktop\tiktoktechjam2026\data\real_ext\unsplash\unsplash_001141.jpg,0,unsplash_real,Real_Unsplash
C:\Users\angus\Desktop\tiktoktechjam2026\data\real_ext\unsplash\unsplash_001142.jpg,0,unsplash_real,Real_Unsplash
C:\Users\angus\Desktop\tiktoktechjam2026\data\real_ext\unsplash\unsplash_001143.jpg,0,unsplash_real,Real_Unsplash
C:\Users\angus\Desktop\tiktoktechjam2026\data\real_ext\unsplash\unsplash_001144.jpg,0,unsplash_real,Real_Unsplash
C:\Users\angus\Desktop\tiktoktechjam2026\data\real_ext\unsplash\unsplash_001145.jpg,0,unsplash_real,Real_Unsplash
C:\Users\angus\Desktop\tiktoktechjam2026\data\real_ext\unsplash\unsplash_001146.jpg,0,unsplash_real,Real_Unsplash
C:\Users\angus\Desktop\tiktoktechjam2026\data\real_ext\unsplash\unsplash_001147.jpg,0,unsplash_real,Real_Unsplash
C:\Users\angus\Desktop\tiktoktechjam2026\data\real_ext\unsplash\unsplash_001148.jpg,0,unsplash_real,Real_Unsplash
C:\Users\angus\Desktop\tiktoktechjam2026\data\real_ext\unsplash\unsplash_001149.jpg,0,unsplash_real,Real_Unsplash
C:\Users\angus\Desktop\tiktoktechjam2026\data\real_ext\unsplash\unsplash_001150.jpg,0,unsplash_real,Real_Unsplash
C:\Users\angus\Desktop\tiktoktechjam2026\data\real_ext\unsplash\unsplash_001151.jpg,0,unsplash_real,Real_Unsplash
C:\Users\angus\Desktop\tiktoktechjam2026\data\real_ext\unsplash\unsplash_001152.jpg,0,unsplash_real,Real_Unsplash
C:\Users\angus\Desktop\tiktoktechjam2026\data\real_ext\unsplash\unsplash_001153.jpg,0,unsplash_real,Real_Unsplash
C:\Users\angus\Desktop\tiktoktechjam2026\data\real_ext\unsplash\unsplash_001154.jpg,0,unsplash_real,Real_Unsplash
C:\Users\angus\Desktop\tiktoktechjam2026\data\real_ext\unsplash\unsplash_001155.jpg,0,unsplash_real,Real_Unsplash
C:\Users\angus\Desktop\tiktoktechjam2026\data\real_ext\unsplash\unsplash_001156.jpg,0,unsplash_real,Real_Unsplash
C:\Users\angus\Desktop\tiktoktechjam2026\data\real_ext\unsplash\unsplash_001157.jpg,0,unsplash_real,Real_Unsplash
C:\Users\angus\Desktop\tiktoktechjam2026\data\real_ext\unsplash\unsplash_001158.jpg,0,unsplash_real,Real_Unsplash
C:\Users\angus\Desktop\tiktoktechjam2026\data\real_ext\unsplash\unsplash_001159.jpg,0,unsplash_real,Real_Unsplash
C:\Users\angus\Desktop\tiktoktechjam2026\data\real_ext\unsplash\unsplash_001160.jpg,0,unsplash_real,Real_Unsplash
C:\Users\angus\Desktop\tiktoktechjam2026\data\real_ext\unsplash\unsplash_001161.jpg,0,unsplash_real,Real_Unsplash
C:\Users\angus\Desktop\tiktoktechjam2026\data\real_ext\unsplash\unsplash_001162.jpg,0,unsplash_real,Real_Unsplash
C:\Users\angus\Desktop\tiktoktechjam2026\data\real_ext\unsplash\unsplash_001163.jpg,0,unsplash_real,Real_Unsplash
C:\Users\angus\Desktop\tiktoktechjam2026\data\real_ext\unsplash\unsplash_001164.jpg,0,unsplash_real,Real_Unsplash
C:\Users\angus\Desktop\tiktoktechjam2026\data\real_ext\unsplash\unsplash_001165.jpg,0,unsplash_real,Real_Unsplash
C:\Users\angus\Desktop\tiktoktechjam2026\data\real_ext\unsplash\unsplash_001166.jpg,0,unsplash_real,Real_Unsplash
C:\Users\angus\Desktop\tiktoktechjam2026\data\real_ext\unsplash\unsplash_001167.jpg,0,unsplash_real,Real_Unsplash
C:\Users\angus\Desktop\tiktoktechjam2026\data\real_ext\unsplash\unsplash_001168.jpg,0,unsplash_real,Real_Unsplash
C:\Users\angus\Desktop\tiktoktechjam2026\data\real_ext\unsplash\unsplash_001169.jpg,0,unsplash_real,Real_Unsplash
C:\Users\angus\Desktop\tiktoktechjam2026\data\real_ext\unsplash\unsplash_001170.jpg,0,unsplash_real,Real_Unsplash
C:\Users\angus\Desktop\tiktoktechjam2026\data\real_ext\unsplash\unsplash_001171.jpg,0,unsplash_real,Real_Unsplash
C:\Users\angus\Desktop\tiktoktechjam2026\data\real_ext\unsplash\unsplash_001172.jpg,0,unsplash_real,Real_Unsplash
C:\Users\angus\Desktop\tiktoktechjam2026\data\real_ext\unsplash\unsplash_001173.jpg,0,unsplash_real,Real_Unsplash
C:\Users\angus\Desktop\tiktoktechjam2026\data\real_ext\unsplash\unsplash_001174.jpg,0,unsplash_real,Real_Unsplash
C:\Users\angus\Desktop\tiktoktechjam2026\data\real_ext\unsplash\unsplash_001175.jpg,0,unsplash_real,Real_Unsplash
C:\Users\angus\Desktop\tiktoktechjam2026\data\real_ext\unsplash\unsplash_001176.jpg,0,unsplash_real,Real_Unsplash
C:\Users\angus\Desktop\tiktoktechjam2026\data\real_ext\unsplash\unsplash_001177.jpg,0,unsplash_real,Real_Unsplash
C:\Users\angus\Desktop\tiktoktechjam2026\data\real_ext\unsplash\unsplash_001178.jpg,0,unsplash_real,Real_Unsplash
C:\Users\angus\Desktop\tiktoktechjam2026\data\real_ext\unsplash\unsplash_001179.jpg,0,unsplash_real,Real_Unsplash
C:\Users\angus\Desktop\tiktoktechjam2026\data\real_ext\unsplash\unsplash_001180.jpg,0,unsplash_real,Real_Unsplash
C:\Users\angus\Desktop\tiktoktechjam2026\data\real_ext\unsplash\unsplash_001181.jpg,0,unsplash_real,Real_Unsplash
C:\Users\angus\Desktop\tiktoktechjam2026\data\real_ext\unsplash\unsplash_001182.jpg,0,unsplash_real,Real_Unsplash
C:\Users\angus\Desktop\tiktoktechjam2026\data\real_ext\unsplash\unsplash_001183.jpg,0,unsplash_real,Real_Unsplash
C:\Users\angus\Desktop\tiktoktechjam2026\data\real_ext\unsplash\unsplash_001184.jpg,0,unsplash_real,Real_Unsplash
C:\Users\angus\Desktop\tiktoktechjam2026\data\real_ext\unsplash\unsplash_001185.jpg,0,unsplash_real,Real_Unsplash
C:\Users\angus\Desktop\tiktoktechjam2026\data\real_ext\unsplash\unsplash_001186.jpg,0,unsplash_real,Real_Unsplash
C:\Users\angus\Desktop\tiktoktechjam2026\data\real_ext\unsplash\unsplash_001187.jpg,0,unsplash_real,Real_Unsplash
C:\Users\angus\Desktop\tiktoktechjam2026\data\real_ext\unsplash\unsplash_001188.jpg,0,unsplash_real,Real_Unsplash
C:\Users\angus\Desktop\tiktoktechjam2026\data\real_ext\unsplash\unsplash_001189.jpg,0,unsplash_real,Real_Unsplash
C:\Users\angus\Desktop\tiktoktechjam2026\data\real_ext\unsplash\unsplash_001190.jpg,0,unsplash_real,Real_Unsplash
C:\Users\angus\Desktop\tiktoktechjam2026\data\real_ext\unsplash\unsplash_001191.jpg,0,unsplash_real,Real_Unsplash
C:\Users\angus\Desktop\tiktoktechjam2026\data\real_ext\unsplash\unsplash_001192.jpg,0,unsplash_real,Real_Unsplash
C:\Users\angus\Desktop\tiktoktechjam2026\data\real_ext\unsplash\unsplash_001193.jpg,0,unsplash_real,Real_Unsplash
C:\Users\angus\Desktop\tiktoktechjam2026\data\real_ext\unsplash\unsplash_001194.jpg,0,unsplash_real,Real_Unsplash
C:\Users\angus\Desktop\tiktoktechjam2026\data\real_ext\unsplash\unsplash_001195.jpg,0,unsplash_real,Real_Unsplash
C:\Users\angus\Desktop\tiktoktechjam2026\data\real_ext\unsplash\unsplash_001196.jpg,0,unsplash_real,Real_Unsplash
C:\Users\angus\Desktop\tiktoktechjam2026\data\real_ext\unsplash\unsplash_001197.jpg,0,unsplash_real,Real_Unsplash
C:\Users\angus\Desktop\tiktoktechjam2026\data\real_ext\unsplash\unsplash_001198.jpg,0,unsplash_real,Real_Unsplash
C:\Users\angus\Desktop\tiktoktechjam2026\data\real_ext\unsplash\unsplash_001199.jpg,0,unsplash_real,Real_Unsplash
C:\Users\angus\Desktop\tiktoktechjam2026\data\real_ext\unsplash\unsplash_001200.jpg,0,unsplash_real,Real_Unsplash
C:\Users\angus\Desktop\tiktoktechjam2026\data\real_ext\unsplash\unsplash_001201.jpg,0,unsplash_real,Real_Unsplash
C:\Users\angus\Desktop\tiktoktechjam2026\data\real_ext\unsplash\unsplash_001202.jpg,0,unsplash_real,Real_Unsplash
C:\Users\angus\Desktop\tiktoktechjam2026\data\real_ext\unsplash\unsplash_001203.jpg,0,unsplash_real,Real_Unsplash
C:\Users\angus\Desktop\tiktoktechjam2026\data\real_ext\unsplash\unsplash_001204.jpg,0,unsplash_real,Real_Unsplash
C:\Users\angus\Desktop\tiktoktechjam2026\data\real_ext\unsplash\unsplash_001205.jpg,0,unsplash_real,Real_Unsplash
C:\Users\angus\Desktop\tiktoktechjam2026\data\real_ext\unsplash\unsplash_001206.jpg,0,unsplash_real,Real_Unsplash
C:\Users\angus\Desktop\tiktoktechjam2026\data\real_ext\unsplash\unsplash_001207.jpg,0,unsplash_real,Real_Unsplash
C:\Users\angus\Desktop\tiktoktechjam2026\data\real_ext\unsplash\unsplash_001208.jpg,0,unsplash_real,Real_Unsplash
C:\Users\angus\Desktop\tiktoktechjam2026\data\real_ext\unsplash\unsplash_001209.jpg,0,unsplash_real,Real_Unsplash
C:\Users\angus\Desktop\tiktoktechjam2026\data\real_ext\unsplash\unsplash_001210.jpg,0,unsplash_real,Real_Unsplash
C:\Users\angus\Desktop\tiktoktechjam2026\data\real_ext\unsplash\unsplash_001211.jpg,0,unsplash_real,Real_Unsplash
C:\Users\angus\Desktop\tiktoktechjam2026\data\real_ext\unsplash\unsplash_001212.jpg,0,unsplash_real,Real_Unsplash
C:\Users\angus\Desktop\tiktoktechjam2026\data\real_ext\unsplash\unsplash_001213.jpg,0,unsplash_real,Real_Unsplash
C:\Users\angus\Desktop\tiktoktechjam2026\data\real_ext\unsplash\unsplash_001214.jpg,0,unsplash_real,Real_Unsplash
C:\Users\angus\Desktop\tiktoktechjam2026\data\real_ext\unsplash\unsplash_001215.jpg,0,unsplash_real,Real_Unsplash
C:\Users\angus\Desktop\tiktoktechjam2026\data\real_ext\unsplash\unsplash_001216.jpg,0,unsplash_real,Real_Unsplash
C:\Users\angus\Desktop\tiktoktechjam2026\data\real_ext\unsplash\unsplash_001217.jpg,0,unsplash_real,Real_Unsplash
C:\Users\angus\Desktop\tiktoktechjam2026\data\real_ext\unsplash\unsplash_001218.jpg,0,unsplash_real,Real_Unsplash
C:\Users\angus\Desktop\tiktoktechjam2026\data\real_ext\unsplash\unsplash_001219.jpg,0,unsplash_real,Real_Unsplash
C:\Users\angus\Desktop\tiktoktechjam2026\data\real_ext\unsplash\unsplash_001220.jpg,0,unsplash_real,Real_Unsplash
C:\Users\angus\Desktop\tiktoktechjam2026\data\real_ext\unsplash\unsplash_001221.jpg,0,unsplash_real,Real_Unsplash
C:\Users\angus\Desktop\tiktoktechjam2026\data\real_ext\unsplash\unsplash_001222.jpg,0,unsplash_real,Real_Unsplash
C:\Users\angus\Desktop\tiktoktechjam2026\data\real_ext\unsplash\unsplash_001223.jpg,0,unsplash_real,Real_Unsplash
C:\Users\angus\Desktop\tiktoktechjam2026\data\real_ext\unsplash\unsplash_001224.jpg,0,unsplash_real,Real_Unsplash
C:\Users\angus\Desktop\tiktoktechjam2026\data\real_ext\unsplash\unsplash_001225.jpg,0,unsplash_real,Real_Unsplash
C:\Users\angus\Desktop\tiktoktechjam2026\data\real_ext\unsplash\unsplash_001226.jpg,0,unsplash_real,Real_Unsplash
C:\Users\angus\Desktop\tiktoktechjam2026\data\real_ext\unsplash\unsplash_001227.jpg,0,unsplash_real,Real_Unsplash
C:\Users\angus\Desktop\tiktoktechjam2026\data\real_ext\unsplash\unsplash_001228.jpg,0,unsplash_real,Real_Unsplash
C:\Users\angus\Desktop\tiktoktechjam2026\data\real_ext\unsplash\unsplash_001229.jpg,0,unsplash_real,Real_Unsplash
C:\Users\angus\Desktop\tiktoktechjam2026\data\real_ext\unsplash\unsplash_001230.jpg,0,unsplash_real,Real_Unsplash
C:\Users\angus\Desktop\tiktoktechjam2026\data\real_ext\unsplash\unsplash_001231.jpg,0,unsplash_real,Real_Unsplash
C:\Users\angus\Desktop\tiktoktechjam2026\data\real_ext\unsplash\unsplash_001232.jpg,0,unsplash_real,Real_Unsplash
C:\Users\angus\Desktop\tiktoktechjam2026\data\real_ext\unsplash\unsplash_001233.jpg,0,unsplash_real,Real_Unsplash
C:\Users\angus\Desktop\tiktoktechjam2026\data\real_ext\unsplash\unsplash_001234.jpg,0,unsplash_real,Real_Unsplash
C:\Users\angus\Desktop\tiktoktechjam2026\data\real_ext\unsplash\unsplash_001235.jpg,0,unsplash_real,Real_Unsplash
C:\Users\angus\Desktop\tiktoktechjam2026\data\real_ext\unsplash\unsplash_001236.jpg,0,unsplash_real,Real_Unsplash
C:\Users\angus\Desktop\tiktoktechjam2026\data\real_ext\unsplash\unsplash_001237.jpg,0,unsplash_real,Real_Unsplash
C:\Users\angus\Desktop\tiktoktechjam2026\data\real_ext\unsplash\unsplash_001238.jpg,0,unsplash_real,Real_Unsplash
C:\Users\angus\Desktop\tiktoktechjam2026\data\real_ext\unsplash\unsplash_001239.jpg,0,unsplash_real,Real_Unsplash
C:\Users\angus\Desktop\tiktoktechjam2026\data\real_ext\unsplash\unsplash_001240.jpg,0,unsplash_real,Real_Unsplash
C:\Users\angus\Desktop\tiktoktechjam2026\data\real_ext\unsplash\unsplash_001241.jpg,0,unsplash_real,Real_Unsplash
C:\Users\angus\Desktop\tiktoktechjam2026\data\real_ext\unsplash\unsplash_001242.jpg,0,unsplash_real,Real_Unsplash
C:\Users\angus\Desktop\tiktoktechjam2026\data\real_ext\unsplash\unsplash_001243.jpg,0,unsplash_real,Real_Unsplash
C:\Users\angus\Desktop\tiktoktechjam2026\data\real_ext\unsplash\unsplash_001244.jpg,0,unsplash_real,Real_Unsplash
C:\Users\angus\Desktop\tiktoktechjam2026\data\real_ext\unsplash\unsplash_001245.jpg,0,unsplash_real,Real_Unsplash
C:\Users\angus\Desktop\tiktoktechjam2026\data\real_ext\unsplash\unsplash_001246.jpg,0,unsplash_real,Real_Unsplash
C:\Users\angus\Desktop\tiktoktechjam2026\data\real_ext\unsplash\unsplash_001247.jpg,0,unsplash_real,Real_Unsplash
C:\Users\angus\Desktop\tiktoktechjam2026\data\real_ext\unsplash\unsplash_001248.jpg,0,unsplash_real,Real_Unsplash
C:\Users\angus\Desktop\tiktoktechjam2026\data\real_ext\unsplash\unsplash_001249.jpg,0,unsplash_real,Real_Unsplash
C:\Users\angus\Desktop\tiktoktechjam2026\data\real_ext\unsplash\unsplash_001250.jpg,0,unsplash_real,Real_Unsplash
C:\Users\angus\Desktop\tiktoktechjam2026\data\real_ext\unsplash\unsplash_001251.jpg,0,unsplash_real,Real_Unsplash
C:\Users\angus\Desktop\tiktoktechjam2026\data\real_ext\unsplash\unsplash_001252.jpg,0,unsplash_real,Real_Unsplash
C:\Users\angus\Desktop\tiktoktechjam2026\data\real_ext\unsplash\unsplash_001253.jpg,0,unsplash_real,Real_Unsplash
C:\Users\angus\Desktop\tiktoktechjam2026\data\real_ext\unsplash\unsplash_001254.jpg,0,unsplash_real,Real_Unsplash
C:\Users\angus\Desktop\tiktoktechjam2026\data\real_ext\unsplash\unsplash_001255.jpg,0,unsplash_real,Real_Unsplash
C:\Users\angus\Desktop\tiktoktechjam2026\data\real_ext\unsplash\unsplash_001256.jpg,0,unsplash_real,Real_Unsplash
C:\Users\angus\Desktop\tiktoktechjam2026\data\real_ext\unsplash\unsplash_001257.jpg,0,unsplash_real,Real_Unsplash
C:\Users\angus\Desktop\tiktoktechjam2026\data\real_ext\unsplash\unsplash_001258.jpg,0,unsplash_real,Real_Unsplash
C:\Users\angus\Desktop\tiktoktechjam2026\data\real_ext\unsplash\unsplash_001259.jpg,0,unsplash_real,Real_Unsplash
C:\Users\angus\Desktop\tiktoktechjam2026\data\real_ext\unsplash\unsplash_001260.jpg,0,unsplash_real,Real_Unsplash
C:\Users\angus\Desktop\tiktoktechjam2026\data\real_ext\unsplash\unsplash_001261.jpg,0,unsplash_real,Real_Unsplash
C:\Users\angus\Desktop\tiktoktechjam2026\data\real_ext\unsplash\unsplash_001262.jpg,0,unsplash_real,Real_Unsplash
C:\Users\angus\Desktop\tiktoktechjam2026\data\real_ext\unsplash\unsplash_001263.jpg,0,unsplash_real,Real_Unsplash
C:\Users\angus\Desktop\tiktoktechjam2026\data\real_ext\unsplash\unsplash_001264.jpg,0,unsplash_real,Real_Unsplash
C:\Users\angus\Desktop\tiktoktechjam2026\data\real_ext\unsplash\unsplash_001265.jpg,0,unsplash_real,Real_Unsplash
C:\Users\angus\Desktop\tiktoktechjam2026\data\real_ext\unsplash\unsplash_001266.jpg,0,unsplash_real,Real_Unsplash
C:\Users\angus\Desktop\tiktoktechjam2026\data\real_ext\unsplash\unsplash_001267.jpg,0,unsplash_real,Real_Unsplash
C:\Users\angus\Desktop\tiktoktechjam2026\data\real_ext\unsplash\unsplash_001268.jpg,0,unsplash_real,Real_Unsplash
C:\Users\angus\Desktop\tiktoktechjam2026\data\real_ext\unsplash\unsplash_001269.jpg,0,unsplash_real,Real_Unsplash
C:\Users\angus\Desktop\tiktoktechjam2026\data\real_ext\unsplash\unsplash_001270.jpg,0,unsplash_real,Real_Unsplash
C:\Users\angus\Desktop\tiktoktechjam2026\data\real_ext\unsplash\unsplash_001271.jpg,0,unsplash_real,Real_Unsplash
C:\Users\angus\Desktop\tiktoktechjam2026\data\real_ext\unsplash\unsplash_001272.jpg,0,unsplash_real,Real_Unsplash
C:\Users\angus\Desktop\tiktoktechjam2026\data\real_ext\unsplash\unsplash_001273.jpg,0,unsplash_real,Real_Unsplash
C:\Users\angus\Desktop\tiktoktechjam2026\data\real_ext\unsplash\unsplash_001274.jpg,0,unsplash_real,Real_Unsplash
C:\Users\angus\Desktop\tiktoktechjam2026\data\real_ext\unsplash\unsplash_001275.jpg,0,unsplash_real,Real_Unsplash
C:\Users\angus\Desktop\tiktoktechjam2026\data\real_ext\unsplash\unsplash_001276.jpg,0,unsplash_real,Real_Unsplash
C:\Users\angus\Desktop\tiktoktechjam2026\data\real_ext\unsplash\unsplash_001277.jpg,0,unsplash_real,Real_Unsplash
C:\Users\angus\Desktop\tiktoktechjam2026\data\real_ext\unsplash\unsplash_001278.jpg,0,unsplash_real,Real_Unsplash
C:\Users\angus\Desktop\tiktoktechjam2026\data\real_ext\unsplash\unsplash_001279.jpg,0,unsplash_real,Real_Unsplash
C:\Users\angus\Desktop\tiktoktechjam2026\data\real_ext\unsplash\unsplash_001280.jpg,0,unsplash_real,Real_Unsplash
C:\Users\angus\Desktop\tiktoktechjam2026\data\real_ext\unsplash\unsplash_001281.jpg,0,unsplash_real,Real_Unsplash
C:\Users\angus\Desktop\tiktoktechjam2026\data\real_ext\unsplash\unsplash_001282.jpg,0,unsplash_real,Real_Unsplash
C:\Users\angus\Desktop\tiktoktechjam2026\data\real_ext\unsplash\unsplash_001283.jpg,0,unsplash_real,Real_Unsplash
C:\Users\angus\Desktop\tiktoktechjam2026\data\real_ext\unsplash\unsplash_001284.jpg,0,unsplash_real,Real_Unsplash
C:\Users\angus\Desktop\tiktoktechjam2026\data\real_ext\unsplash\unsplash_001285.jpg,0,unsplash_real,Real_Unsplash
C:\Users\angus\Desktop\tiktoktechjam2026\data\real_ext\unsplash\unsplash_001286.jpg,0,unsplash_real,Real_Unsplash
C:\Users\angus\Desktop\tiktoktechjam2026\data\real_ext\unsplash\unsplash_001287.jpg,0,unsplash_real,Real_Unsplash
C:\Users\angus\Desktop\tiktoktechjam2026\data\real_ext\unsplash\unsplash_001288.jpg,0,unsplash_real,Real_Unsplash
C:\Users\angus\Desktop\tiktoktechjam2026\data\real_ext\unsplash\unsplash_001289.jpg,0,unsplash_real,Real_Unsplash
C:\Users\angus\Desktop\tiktoktechjam2026\data\real_ext\unsplash\unsplash_001290.jpg,0,unsplash_real,Real_Unsplash
C:\Users\angus\Desktop\tiktoktechjam2026\data\real_ext\unsplash\unsplash_001291.jpg,0,unsplash_real,Real_Unsplash
C:\Users\angus\Desktop\tiktoktechjam2026\data\real_ext\unsplash\unsplash_001292.jpg,0,unsplash_real,Real_Unsplash
C:\Users\angus\Desktop\tiktoktechjam2026\data\real_ext\unsplash\unsplash_001293.jpg,0,unsplash_real,Real_Unsplash
C:\Users\angus\Desktop\tiktoktechjam2026\data\real_ext\unsplash\unsplash_001294.jpg,0,unsplash_real,Real_Unsplash
C:\Users\angus\Desktop\tiktoktechjam2026\data\real_ext\unsplash\unsplash_001295.jpg,0,unsplash_real,Real_Unsplash
C:\Users\angus\Desktop\tiktoktechjam2026\data\real_ext\unsplash\unsplash_001296.jpg,0,unsplash_real,Real_Unsplash
C:\Users\angus\Desktop\tiktoktechjam2026\data\real_ext\unsplash\unsplash_001297.jpg,0,unsplash_real,Real_Unsplash
C:\Users\angus\Desktop\tiktoktechjam2026\data\real_ext\unsplash\unsplash_001298.jpg,0,unsplash_real,Real_Unsplash
C:\Users\angus\Desktop\tiktoktechjam2026\data\real_ext\unsplash\unsplash_001299.jpg,0,unsplash_real,Real_Unsplash
C:\Users\angus\Desktop\tiktoktechjam2026\data\real_ext\unsplash\unsplash_001300.jpg,0,unsplash_real,Real_Unsplash
C:\Users\angus\Desktop\tiktoktechjam2026\data\real_ext\unsplash\unsplash_001301.jpg,0,unsplash_real,Real_Unsplash
C:\Users\angus\Desktop\tiktoktechjam2026\data\real_ext\unsplash\unsplash_001302.jpg,0,unsplash_real,Real_Unsplash
C:\Users\angus\Desktop\tiktoktechjam2026\data\real_ext\unsplash\unsplash_001303.jpg,0,unsplash_real,Real_Unsplash
C:\Users\angus\Desktop\tiktoktechjam2026\data\real_ext\unsplash\unsplash_001304.jpg,0,unsplash_real,Real_Unsplash
C:\Users\angus\Desktop\tiktoktechjam2026\data\real_ext\unsplash\unsplash_001305.jpg,0,unsplash_real,Real_Unsplash
C:\Users\angus\Desktop\tiktoktechjam2026\data\real_ext\unsplash\unsplash_001306.jpg,0,unsplash_real,Real_Unsplash
C:\Users\angus\Desktop\tiktoktechjam2026\data\real_ext\unsplash\unsplash_001307.jpg,0,unsplash_real,Real_Unsplash
C:\Users\angus\Desktop\tiktoktechjam2026\data\real_ext\unsplash\unsplash_001308.jpg,0,unsplash_real,Real_Unsplash
C:\Users\angus\Desktop\tiktoktechjam2026\data\real_ext\unsplash\unsplash_001309.jpg,0,unsplash_real,Real_Unsplash
C:\Users\angus\Desktop\tiktoktechjam2026\data\real_ext\unsplash\unsplash_001310.jpg,0,unsplash_real,Real_Unsplash
C:\Users\angus\Desktop\tiktoktechjam2026\data\real_ext\unsplash\unsplash_001311.jpg,0,unsplash_real,Real_Unsplash
C:\Users\angus\Desktop\tiktoktechjam2026\data\real_ext\unsplash\unsplash_001312.jpg,0,unsplash_real,Real_Unsplash
C:\Users\angus\Desktop\tiktoktechjam2026\data\real_ext\unsplash\unsplash_001313.jpg,0,unsplash_real,Real_Unsplash
C:\Users\angus\Desktop\tiktoktechjam2026\data\real_ext\unsplash\unsplash_001314.jpg,0,unsplash_real,Real_Unsplash
C:\Users\angus\Desktop\tiktoktechjam2026\data\real_ext\unsplash\unsplash_001315.jpg,0,unsplash_real,Real_Unsplash
C:\Users\angus\Desktop\tiktoktechjam2026\data\real_ext\unsplash\unsplash_001316.jpg,0,unsplash_real,Real_Unsplash
C:\Users\angus\Desktop\tiktoktechjam2026\data\real_ext\unsplash\unsplash_001317.jpg,0,unsplash_real,Real_Unsplash
C:\Users\angus\Desktop\tiktoktechjam2026\data\real_ext\unsplash\unsplash_001318.jpg,0,unsplash_real,Real_Unsplash
C:\Users\angus\Desktop\tiktoktechjam2026\data\real_ext\unsplash\unsplash_001319.jpg,0,unsplash_real,Real_Unsplash
C:\Users\angus\Desktop\tiktoktechjam2026\data\real_ext\unsplash\unsplash_001320.jpg,0,unsplash_real,Real_Unsplash
C:\Users\angus\Desktop\tiktoktechjam2026\data\real_ext\unsplash\unsplash_001321.jpg,0,unsplash_real,Real_Unsplash
C:\Users\angus\Desktop\tiktoktechjam2026\data\real_ext\unsplash\unsplash_001322.jpg,0,unsplash_real,Real_Unsplash
C:\Users\angus\Desktop\tiktoktechjam2026\data\real_ext\unsplash\unsplash_001323.jpg,0,unsplash_real,Real_Unsplash
C:\Users\angus\Desktop\tiktoktechjam2026\data\real_ext\unsplash\unsplash_001324.jpg,0,unsplash_real,Real_Unsplash
C:\Users\angus\Desktop\tiktoktechjam2026\data\real_ext\unsplash\unsplash_001325.jpg,0,unsplash_real,Real_Unsplash
C:\Users\angus\Desktop\tiktoktechjam2026\data\real_ext\unsplash\unsplash_001326.jpg,0,unsplash_real,Real_Unsplash
C:\Users\angus\Desktop\tiktoktechjam2026\data\real_ext\unsplash\unsplash_001327.jpg,0,unsplash_real,Real_Unsplash
C:\Users\angus\Desktop\tiktoktechjam2026\data\real_ext\unsplash\unsplash_001328.jpg,0,unsplash_real,Real_Unsplash
C:\Users\angus\Desktop\tiktoktechjam2026\data\real_ext\unsplash\unsplash_001329.jpg,0,unsplash_real,Real_Unsplash
C:\Users\angus\Desktop\tiktoktechjam2026\data\real_ext\unsplash\unsplash_001330.jpg,0,unsplash_real,Real_Unsplash
C:\Users\angus\Desktop\tiktoktechjam2026\data\real_ext\unsplash\unsplash_001331.jpg,0,unsplash_real,Real_Unsplash
C:\Users\angus\Desktop\tiktoktechjam2026\data\real_ext\unsplash\unsplash_001332.jpg,0,unsplash_real,Real_Unsplash
C:\Users\angus\Desktop\tiktoktechjam2026\data\real_ext\unsplash\unsplash_001333.jpg,0,unsplash_real,Real_Unsplash
C:\Users\angus\Desktop\tiktoktechjam2026\data\real_ext\unsplash\unsplash_001334.jpg,0,unsplash_real,Real_Unsplash
C:\Users\angus\Desktop\tiktoktechjam2026\data\real_ext\unsplash\unsplash_001335.jpg,0,unsplash_real,Real_Unsplash
C:\Users\angus\Desktop\tiktoktechjam2026\data\real_ext\unsplash\unsplash_001336.jpg,0,unsplash_real,Real_Unsplash
C:\Users\angus\Desktop\tiktoktechjam2026\data\real_ext\unsplash\unsplash_001337.jpg,0,unsplash_real,Real_Unsplash
C:\Users\angus\Desktop\tiktoktechjam2026\data\real_ext\unsplash\unsplash_001338.jpg,0,unsplash_real,Real_Unsplash
C:\Users\angus\Desktop\tiktoktechjam2026\data\real_ext\unsplash\unsplash_001339.jpg,0,unsplash_real,Real_Unsplash
C:\Users\angus\Desktop\tiktoktechjam2026\data\real_ext\unsplash\unsplash_001340.jpg,0,unsplash_real,Real_Unsplash
C:\Users\angus\Desktop\tiktoktechjam2026\data\real_ext\unsplash\unsplash_001341.jpg,0,unsplash_real,Real_Unsplash
C:\Users\angus\Desktop\tiktoktechjam2026\data\real_ext\unsplash\unsplash_001342.jpg,0,unsplash_real,Real_Unsplash
C:\Users\angus\Desktop\tiktoktechjam2026\data\real_ext\unsplash\unsplash_001343.jpg,0,unsplash_real,Real_Unsplash
C:\Users\angus\Desktop\tiktoktechjam2026\data\real_ext\unsplash\unsplash_001344.jpg,0,unsplash_real,Real_Unsplash
C:\Users\angus\Desktop\tiktoktechjam2026\data\real_ext\unsplash\unsplash_001345.jpg,0,unsplash_real,Real_Unsplash
C:\Users\angus\Desktop\tiktoktechjam2026\data\real_ext\unsplash\unsplash_001346.jpg,0,unsplash_real,Real_Unsplash
C:\Users\angus\Desktop\tiktoktechjam2026\data\real_ext\unsplash\unsplash_001347.jpg,0,unsplash_real,Real_Unsplash
C:\Users\angus\Desktop\tiktoktechjam2026\data\real_ext\unsplash\unsplash_001348.jpg,0,unsplash_real,Real_Unsplash
C:\Users\angus\Desktop\tiktoktechjam2026\data\real_ext\unsplash\unsplash_001349.jpg,0,unsplash_real,Real_Unsplash
C:\Users\angus\Desktop\tiktoktechjam2026\data\real_ext\unsplash\unsplash_001350.jpg,0,unsplash_real,Real_Unsplash
C:\Users\angus\Desktop\tiktoktechjam2026\data\real_ext\unsplash\unsplash_001351.jpg,0,unsplash_real,Real_Unsplash
C:\Users\angus\Desktop\tiktoktechjam2026\data\real_ext\unsplash\unsplash_001352.jpg,0,unsplash_real,Real_Unsplash
C:\Users\angus\Desktop\tiktoktechjam2026\data\real_ext\unsplash\unsplash_001353.jpg,0,unsplash_real,Real_Unsplash
C:\Users\angus\Desktop\tiktoktechjam2026\data\real_ext\unsplash\unsplash_001354.jpg,0,unsplash_real,Real_Unsplash
C:\Users\angus\Desktop\tiktoktechjam2026\data\real_ext\unsplash\unsplash_001355.jpg,0,unsplash_real,Real_Unsplash
C:\Users\angus\Desktop\tiktoktechjam2026\data\real_ext\unsplash\unsplash_001356.jpg,0,unsplash_real,Real_Unsplash
C:\Users\angus\Desktop\tiktoktechjam2026\data\real_ext\unsplash\unsplash_001357.jpg,0,unsplash_real,Real_Unsplash
C:\Users\angus\Desktop\tiktoktechjam2026\data\real_ext\unsplash\unsplash_001358.jpg,0,unsplash_real,Real_Unsplash
C:\Users\angus\Desktop\tiktoktechjam2026\data\real_ext\unsplash\unsplash_001359.jpg,0,unsplash_real,Real_Unsplash
C:\Users\angus\Desktop\tiktoktechjam2026\data\real_ext\unsplash\unsplash_001360.jpg,0,unsplash_real,Real_Unsplash
C:\Users\angus\Desktop\tiktoktechjam2026\data\real_ext\unsplash\unsplash_001361.jpg,0,unsplash_real,Real_Unsplash
C:\Users\angus\Desktop\tiktoktechjam2026\data\real_ext\unsplash\unsplash_001362.jpg,0,unsplash_real,Real_Unsplash
C:\Users\angus\Desktop\tiktoktechjam2026\data\real_ext\unsplash\unsplash_001363.jpg,0,unsplash_real,Real_Unsplash
C:\Users\angus\Desktop\tiktoktechjam2026\data\real_ext\unsplash\unsplash_001364.jpg,0,unsplash_real,Real_Unsplash
C:\Users\angus\Desktop\tiktoktechjam2026\data\real_ext\unsplash\unsplash_001365.jpg,0,unsplash_real,Real_Unsplash
C:\Users\angus\Desktop\tiktoktechjam2026\data\real_ext\unsplash\unsplash_001366.jpg,0,unsplash_real,Real_Unsplash
C:\Users\angus\Desktop\tiktoktechjam2026\data\real_ext\unsplash\unsplash_001367.jpg,0,unsplash_real,Real_Unsplash
C:\Users\angus\Desktop\tiktoktechjam2026\data\real_ext\unsplash\unsplash_001368.jpg,0,unsplash_real,Real_Unsplash
C:\Users\angus\Desktop\tiktoktechjam2026\data\real_ext\unsplash\unsplash_001369.jpg,0,unsplash_real,Real_Unsplash
C:\Users\angus\Desktop\tiktoktechjam2026\data\real_ext\unsplash\unsplash_001370.jpg,0,unsplash_real,Real_Unsplash
C:\Users\angus\Desktop\tiktoktechjam2026\data\real_ext\unsplash\unsplash_001371.jpg,0,unsplash_real,Real_Unsplash
C:\Users\angus\Desktop\tiktoktechjam2026\data\real_ext\unsplash\unsplash_001372.jpg,0,unsplash_real,Real_Unsplash
C:\Users\angus\Desktop\tiktoktechjam2026\data\real_ext\unsplash\unsplash_001373.jpg,0,unsplash_real,Real_Unsplash
C:\Users\angus\Desktop\tiktoktechjam2026\data\real_ext\unsplash\unsplash_001374.jpg,0,unsplash_real,Real_Unsplash
C:\Users\angus\Desktop\tiktoktechjam2026\data\real_ext\unsplash\unsplash_001375.jpg,0,unsplash_real,Real_Unsplash
C:\Users\angus\Desktop\tiktoktechjam2026\data\real_ext\unsplash\unsplash_001376.jpg,0,unsplash_real,Real_Unsplash
C:\Users\angus\Desktop\tiktoktechjam2026\data\real_ext\unsplash\unsplash_001377.jpg,0,unsplash_real,Real_Unsplash
C:\Users\angus\Desktop\tiktoktechjam2026\data\real_ext\unsplash\unsplash_001378.jpg,0,unsplash_real,Real_Unsplash
C:\Users\angus\Desktop\tiktoktechjam2026\data\real_ext\unsplash\unsplash_001379.jpg,0,unsplash_real,Real_Unsplash
C:\Users\angus\Desktop\tiktoktechjam2026\data\real_ext\unsplash\unsplash_001380.jpg,0,unsplash_real,Real_Unsplash
C:\Users\angus\Desktop\tiktoktechjam2026\data\real_ext\unsplash\unsplash_001381.jpg,0,unsplash_real,Real_Unsplash
C:\Users\angus\Desktop\tiktoktechjam2026\data\real_ext\unsplash\unsplash_001382.jpg,0,unsplash_real,Real_Unsplash
C:\Users\angus\Desktop\tiktoktechjam2026\data\real_ext\unsplash\unsplash_001383.jpg,0,unsplash_real,Real_Unsplash
C:\Users\angus\Desktop\tiktoktechjam2026\data\real_ext\unsplash\unsplash_001384.jpg,0,unsplash_real,Real_Unsplash
C:\Users\angus\Desktop\tiktoktechjam2026\data\real_ext\unsplash\unsplash_001385.jpg,0,unsplash_real,Real_Unsplash
C:\Users\angus\Desktop\tiktoktechjam2026\data\real_ext\unsplash\unsplash_001386.jpg,0,unsplash_real,Real_Unsplash
C:\Users\angus\Desktop\tiktoktechjam2026\data\real_ext\unsplash\unsplash_001387.jpg,0,unsplash_real,Real_Unsplash
C:\Users\angus\Desktop\tiktoktechjam2026\data\real_ext\unsplash\unsplash_001388.jpg,0,unsplash_real,Real_Unsplash
C:\Users\angus\Desktop\tiktoktechjam2026\data\real_ext\unsplash\unsplash_001389.jpg,0,unsplash_real,Real_Unsplash
C:\Users\angus\Desktop\tiktoktechjam2026\data\real_ext\unsplash\unsplash_001390.jpg,0,unsplash_real,Real_Unsplash
C:\Users\angus\Desktop\tiktoktechjam2026\data\real_ext\unsplash\unsplash_001391.jpg,0,unsplash_real,Real_Unsplash
C:\Users\angus\Desktop\tiktoktechjam2026\data\real_ext\unsplash\unsplash_001392.jpg,0,unsplash_real,Real_Unsplash
C:\Users\angus\Desktop\tiktoktechjam2026\data\real_ext\unsplash\unsplash_001393.jpg,0,unsplash_real,Real_Unsplash
C:\Users\angus\Desktop\tiktoktechjam2026\data\real_ext\unsplash\unsplash_001394.jpg,0,unsplash_real,Real_Unsplash
C:\Users\angus\Desktop\tiktoktechjam2026\data\real_ext\unsplash\unsplash_001395.jpg,0,unsplash_real,Real_Unsplash
C:\Users\angus\Desktop\tiktoktechjam2026\data\real_ext\unsplash\unsplash_001396.jpg,0,unsplash_real,Real_Unsplash
C:\Users\angus\Desktop\tiktoktechjam2026\data\real_ext\unsplash\unsplash_001397.jpg,0,unsplash_real,Real_Unsplash
C:\Users\angus\Desktop\tiktoktechjam2026\data\real_ext\unsplash\unsplash_001398.jpg,0,unsplash_real,Real_Unsplash
C:\Users\angus\Desktop\tiktoktechjam2026\data\real_ext\unsplash\unsplash_001399.jpg,0,unsplash_real,Real_Unsplash
C:\Users\angus\Desktop\tiktoktechjam2026\data\real_ext\unsplash\unsplash_001400.jpg,0,unsplash_real,Real_Unsplash
C:\Users\angus\Desktop\tiktoktechjam2026\data\real_ext\unsplash\unsplash_001401.jpg,0,unsplash_real,Real_Unsplash
C:\Users\angus\Desktop\tiktoktechjam2026\data\real_ext\unsplash\unsplash_001402.jpg,0,unsplash_real,Real_Unsplash
C:\Users\angus\Desktop\tiktoktechjam2026\data\real_ext\unsplash\unsplash_001403.jpg,0,unsplash_real,Real_Unsplash
C:\Users\angus\Desktop\tiktoktechjam2026\data\real_ext\unsplash\unsplash_001404.jpg,0,unsplash_real,Real_Unsplash
C:\Users\angus\Desktop\tiktoktechjam2026\data\real_ext\unsplash\unsplash_001405.jpg,0,unsplash_real,Real_Unsplash
C:\Users\angus\Desktop\tiktoktechjam2026\data\real_ext\unsplash\unsplash_001406.jpg,0,unsplash_real,Real_Unsplash
C:\Users\angus\Desktop\tiktoktechjam2026\data\real_ext\unsplash\unsplash_001407.jpg,0,unsplash_real,Real_Unsplash
C:\Users\angus\Desktop\tiktoktechjam2026\data\real_ext\unsplash\unsplash_001408.jpg,0,unsplash_real,Real_Unsplash
C:\Users\angus\Desktop\tiktoktechjam2026\data\real_ext\unsplash\unsplash_001409.jpg,0,unsplash_real,Real_Unsplash
C:\Users\angus\Desktop\tiktoktechjam2026\data\real_ext\unsplash\unsplash_001410.jpg,0,unsplash_real,Real_Unsplash
C:\Users\angus\Desktop\tiktoktechjam2026\data\real_ext\unsplash\unsplash_001411.jpg,0,unsplash_real,Real_Unsplash
C:\Users\angus\Desktop\tiktoktechjam2026\data\real_ext\unsplash\unsplash_001412.jpg,0,unsplash_real,Real_Unsplash
C:\Users\angus\Desktop\tiktoktechjam2026\data\real_ext\unsplash\unsplash_001413.jpg,0,unsplash_real,Real_Unsplash
C:\Users\angus\Desktop\tiktoktechjam2026\data\real_ext\unsplash\unsplash_001414.jpg,0,unsplash_real,Real_Unsplash
C:\Users\angus\Desktop\tiktoktechjam2026\data\real_ext\unsplash\unsplash_001415.jpg,0,unsplash_real,Real_Unsplash
C:\Users\angus\Desktop\tiktoktechjam2026\data\real_ext\unsplash\unsplash_001416.jpg,0,unsplash_real,Real_Unsplash
C:\Users\angus\Desktop\tiktoktechjam2026\data\real_ext\unsplash\unsplash_001417.jpg,0,unsplash_real,Real_Unsplash
C:\Users\angus\Desktop\tiktoktechjam2026\data\real_ext\unsplash\unsplash_001418.jpg,0,unsplash_real,Real_Unsplash
C:\Users\angus\Desktop\tiktoktechjam2026\data\real_ext\unsplash\unsplash_001419.jpg,0,unsplash_real,Real_Unsplash
C:\Users\angus\Desktop\tiktoktechjam2026\data\real_ext\unsplash\unsplash_001420.jpg,0,unsplash_real,Real_Unsplash
C:\Users\angus\Desktop\tiktoktechjam2026\data\real_ext\unsplash\unsplash_001421.jpg,0,unsplash_real,Real_Unsplash
C:\Users\angus\Desktop\tiktoktechjam2026\data\real_ext\unsplash\unsplash_001422.jpg,0,unsplash_real,Real_Unsplash
C:\Users\angus\Desktop\tiktoktechjam2026\data\real_ext\unsplash\unsplash_001423.jpg,0,unsplash_real,Real_Unsplash
C:\Users\angus\Desktop\tiktoktechjam2026\data\real_ext\unsplash\unsplash_001424.jpg,0,unsplash_real,Real_Unsplash
C:\Users\angus\Desktop\tiktoktechjam2026\data\real_ext\unsplash\unsplash_001425.jpg,0,unsplash_real,Real_Unsplash
C:\Users\angus\Desktop\tiktoktechjam2026\data\real_ext\unsplash\unsplash_001426.jpg,0,unsplash_real,Real_Unsplash
C:\Users\angus\Desktop\tiktoktechjam2026\data\real_ext\unsplash\unsplash_001427.jpg,0,unsplash_real,Real_Unsplash
C:\Users\angus\Desktop\tiktoktechjam2026\data\real_ext\unsplash\unsplash_001428.jpg,0,unsplash_real,Real_Unsplash
C:\Users\angus\Desktop\tiktoktechjam2026\data\real_ext\unsplash\unsplash_001429.jpg,0,unsplash_real,Real_Unsplash
C:\Users\angus\Desktop\tiktoktechjam2026\data\real_ext\unsplash\unsplash_001430.jpg,0,unsplash_real,Real_Unsplash
C:\Users\angus\Desktop\tiktoktechjam2026\data\real_ext\unsplash\unsplash_001431.jpg,0,unsplash_real,Real_Unsplash
C:\Users\angus\Desktop\tiktoktechjam2026\data\real_ext\unsplash\unsplash_001432.jpg,0,unsplash_real,Real_Unsplash
C:\Users\angus\Desktop\tiktoktechjam2026\data\real_ext\unsplash\unsplash_001433.jpg,0,unsplash_real,Real_Unsplash
C:\Users\angus\Desktop\tiktoktechjam2026\data\real_ext\unsplash\unsplash_001434.jpg,0,unsplash_real,Real_Unsplash
C:\Users\angus\Desktop\tiktoktechjam2026\data\real_ext\unsplash\unsplash_001435.jpg,0,unsplash_real,Real_Unsplash
C:\Users\angus\Desktop\tiktoktechjam2026\data\real_ext\unsplash\unsplash_001436.jpg,0,unsplash_real,Real_Unsplash
C:\Users\angus\Desktop\tiktoktechjam2026\data\real_ext\unsplash\unsplash_001437.jpg,0,unsplash_real,Real_Unsplash
C:\Users\angus\Desktop\tiktoktechjam2026\data\real_ext\unsplash\unsplash_001438.jpg,0,unsplash_real,Real_Unsplash
C:\Users\angus\Desktop\tiktoktechjam2026\data\real_ext\unsplash\unsplash_001439.jpg,0,unsplash_real,Real_Unsplash
C:\Users\angus\Desktop\tiktoktechjam2026\data\real_ext\unsplash\unsplash_001440.jpg,0,unsplash_real,Real_Unsplash
C:\Users\angus\Desktop\tiktoktechjam2026\data\real_ext\unsplash\unsplash_001441.jpg,0,unsplash_real,Real_Unsplash
C:\Users\angus\Desktop\tiktoktechjam2026\data\real_ext\unsplash\unsplash_001442.jpg,0,unsplash_real,Real_Unsplash
C:\Users\angus\Desktop\tiktoktechjam2026\data\real_ext\unsplash\unsplash_001443.jpg,0,unsplash_real,Real_Unsplash
C:\Users\angus\Desktop\tiktoktechjam2026\data\real_ext\unsplash\unsplash_001444.jpg,0,unsplash_real,Real_Unsplash
C:\Users\angus\Desktop\tiktoktechjam2026\data\real_ext\unsplash\unsplash_001445.jpg,0,unsplash_real,Real_Unsplash
C:\Users\angus\Desktop\tiktoktechjam2026\data\real_ext\unsplash\unsplash_001446.jpg,0,unsplash_real,Real_Unsplash
C:\Users\angus\Desktop\tiktoktechjam2026\data\real_ext\unsplash\unsplash_001447.jpg,0,unsplash_real,Real_Unsplash
C:\Users\angus\Desktop\tiktoktechjam2026\data\real_ext\unsplash\unsplash_001448.jpg,0,unsplash_real,Real_Unsplash
C:\Users\angus\Desktop\tiktoktechjam2026\data\real_ext\unsplash\unsplash_001449.jpg,0,unsplash_real,Real_Unsplash
C:\Users\angus\Desktop\tiktoktechjam2026\data\real_ext\unsplash\unsplash_001450.jpg,0,unsplash_real,Real_Unsplash
C:\Users\angus\Desktop\tiktoktechjam2026\data\real_ext\unsplash\unsplash_001451.jpg,0,unsplash_real,Real_Unsplash
C:\Users\angus\Desktop\tiktoktechjam2026\data\real_ext\unsplash\unsplash_001452.jpg,0,unsplash_real,Real_Unsplash
C:\Users\angus\Desktop\tiktoktechjam2026\data\real_ext\unsplash\unsplash_001453.jpg,0,unsplash_real,Real_Unsplash
C:\Users\angus\Desktop\tiktoktechjam2026\data\real_ext\unsplash\unsplash_001454.jpg,0,unsplash_real,Real_Unsplash
C:\Users\angus\Desktop\tiktoktechjam2026\data\real_ext\unsplash\unsplash_001455.jpg,0,unsplash_real,Real_Unsplash
C:\Users\angus\Desktop\tiktoktechjam2026\data\real_ext\unsplash\unsplash_001456.jpg,0,unsplash_real,Real_Unsplash
C:\Users\angus\Desktop\tiktoktechjam2026\data\real_ext\unsplash\unsplash_001457.jpg,0,unsplash_real,Real_Unsplash
C:\Users\angus\Desktop\tiktoktechjam2026\data\real_ext\unsplash\unsplash_001458.jpg,0,unsplash_real,Real_Unsplash
C:\Users\angus\Desktop\tiktoktechjam2026\data\real_ext\unsplash\unsplash_001459.jpg,0,unsplash_real,Real_Unsplash
C:\Users\angus\Desktop\tiktoktechjam2026\data\real_ext\unsplash\unsplash_001460.jpg,0,unsplash_real,Real_Unsplash
C:\Users\angus\Desktop\tiktoktechjam2026\data\real_ext\unsplash\unsplash_001461.jpg,0,unsplash_real,Real_Unsplash
C:\Users\angus\Desktop\tiktoktechjam2026\data\real_ext\unsplash\unsplash_001462.jpg,0,unsplash_real,Real_Unsplash
C:\Users\angus\Desktop\tiktoktechjam2026\data\real_ext\unsplash\unsplash_001463.jpg,0,unsplash_real,Real_Unsplash
C:\Users\angus\Desktop\tiktoktechjam2026\data\real_ext\unsplash\unsplash_001464.jpg,0,unsplash_real,Real_Unsplash
C:\Users\angus\Desktop\tiktoktechjam2026\data\real_ext\unsplash\unsplash_001465.jpg,0,unsplash_real,Real_Unsplash
C:\Users\angus\Desktop\tiktoktechjam2026\data\real_ext\unsplash\unsplash_001466.jpg,0,unsplash_real,Real_Unsplash
C:\Users\angus\Desktop\tiktoktechjam2026\data\real_ext\unsplash\unsplash_001467.jpg,0,unsplash_real,Real_Unsplash
C:\Users\angus\Desktop\tiktoktechjam2026\data\real_ext\unsplash\unsplash_001468.jpg,0,unsplash_real,Real_Unsplash
C:\Users\angus\Desktop\tiktoktechjam2026\data\real_ext\unsplash\unsplash_001469.jpg,0,unsplash_real,Real_Unsplash
C:\Users\angus\Desktop\tiktoktechjam2026\data\real_ext\unsplash\unsplash_001470.jpg,0,unsplash_real,Real_Unsplash
C:\Users\angus\Desktop\tiktoktechjam2026\data\real_ext\unsplash\unsplash_001471.jpg,0,unsplash_real,Real_Unsplash
C:\Users\angus\Desktop\tiktoktechjam2026\data\real_ext\unsplash\unsplash_001472.jpg,0,unsplash_real,Real_Unsplash
C:\Users\angus\Desktop\tiktoktechjam2026\data\real_ext\unsplash\unsplash_001473.jpg,0,unsplash_real,Real_Unsplash
C:\Users\angus\Desktop\tiktoktechjam2026\data\real_ext\unsplash\unsplash_001474.jpg,0,unsplash_real,Real_Unsplash
C:\Users\angus\Desktop\tiktoktechjam2026\data\real_ext\unsplash\unsplash_001475.jpg,0,unsplash_real,Real_Unsplash
C:\Users\angus\Desktop\tiktoktechjam2026\data\real_ext\unsplash\unsplash_001476.jpg,0,unsplash_real,Real_Unsplash
C:\Users\angus\Desktop\tiktoktechjam2026\data\real_ext\unsplash\unsplash_001477.jpg,0,unsplash_real,Real_Unsplash
C:\Users\angus\Desktop\tiktoktechjam2026\data\real_ext\unsplash\unsplash_001478.jpg,0,unsplash_real,Real_Unsplash
C:\Users\angus\Desktop\tiktoktechjam2026\data\real_ext\unsplash\unsplash_001479.jpg,0,unsplash_real,Real_Unsplash
C:\Users\angus\Desktop\tiktoktechjam2026\data\real_ext\unsplash\unsplash_001480.jpg,0,unsplash_real,Real_Unsplash
C:\Users\angus\Desktop\tiktoktechjam2026\data\real_ext\unsplash\unsplash_001481.jpg,0,unsplash_real,Real_Unsplash
C:\Users\angus\Desktop\tiktoktechjam2026\data\real_ext\unsplash\unsplash_001482.jpg,0,unsplash_real,Real_Unsplash
C:\Users\angus\Desktop\tiktoktechjam2026\data\real_ext\unsplash\unsplash_001483.jpg,0,unsplash_real,Real_Unsplash
C:\Users\angus\Desktop\tiktoktechjam2026\data\real_ext\unsplash\unsplash_001484.jpg,0,unsplash_real,Real_Unsplash
C:\Users\angus\Desktop\tiktoktechjam2026\data\real_ext\unsplash\unsplash_001485.jpg,0,unsplash_real,Real_Unsplash
C:\Users\angus\Desktop\tiktoktechjam2026\data\real_ext\unsplash\unsplash_001486.jpg,0,unsplash_real,Real_Unsplash
C:\Users\angus\Desktop\tiktoktechjam2026\data\real_ext\unsplash\unsplash_001487.jpg,0,unsplash_real,Real_Unsplash
C:\Users\angus\Desktop\tiktoktechjam2026\data\real_ext\unsplash\unsplash_001488.jpg,0,unsplash_real,Real_Unsplash
C:\Users\angus\Desktop\tiktoktechjam2026\data\real_ext\unsplash\unsplash_001489.jpg,0,unsplash_real,Real_Unsplash
C:\Users\angus\Desktop\tiktoktechjam2026\data\real_ext\unsplash\unsplash_001490.jpg,0,unsplash_real,Real_Unsplash
C:\Users\angus\Desktop\tiktoktechjam2026\data\real_ext\unsplash\unsplash_001491.jpg,0,unsplash_real,Real_Unsplash
C:\Users\angus\Desktop\tiktoktechjam2026\data\real_ext\unsplash\unsplash_001492.jpg,0,unsplash_real,Real_Unsplash
C:\Users\angus\Desktop\tiktoktechjam2026\data\real_ext\unsplash\unsplash_001493.jpg,0,unsplash_real,Real_Unsplash
C:\Users\angus\Desktop\tiktoktechjam2026\data\real_ext\unsplash\unsplash_001494.jpg,0,unsplash_real,Real_Unsplash
C:\Users\angus\Desktop\tiktoktechjam2026\data\real_ext\unsplash\unsplash_001495.jpg,0,unsplash_real,Real_Unsplash
C:\Users\angus\Desktop\tiktoktechjam2026\data\real_ext\unsplash\unsplash_001496.jpg,0,unsplash_real,Real_Unsplash
C:\Users\angus\Desktop\tiktoktechjam2026\data\real_ext\unsplash\unsplash_001497.jpg,0,unsplash_real,Real_Unsplash
C:\Users\angus\Desktop\tiktoktechjam2026\data\real_ext\unsplash\unsplash_001498.jpg,0,unsplash_real,Real_Unsplash
C:\Users\angus\Desktop\tiktoktechjam2026\data\real_ext\unsplash\unsplash_001499.jpg,0,unsplash_real,Real_Unsplash
C:\Users\angus\Desktop\tiktoktechjam2026\data\real_ext\unsplash\unsplash_001500.jpg,0,unsplash_real,Real_Unsplash
C:\Users\angus\Desktop\tiktoktechjam2026\data\real_ext\unsplash\unsplash_001501.jpg,0,unsplash_real,Real_Unsplash
C:\Users\angus\Desktop\tiktoktechjam2026\data\real_ext\unsplash\unsplash_001502.jpg,0,unsplash_real,Real_Unsplash
C:\Users\angus\Desktop\tiktoktechjam2026\data\real_ext\unsplash\unsplash_001503.jpg,0,unsplash_real,Real_Unsplash
C:\Users\angus\Desktop\tiktoktechjam2026\data\real_ext\unsplash\unsplash_001504.jpg,0,unsplash_real,Real_Unsplash
C:\Users\angus\Desktop\tiktoktechjam2026\data\real_ext\unsplash\unsplash_001505.jpg,0,unsplash_real,Real_Unsplash
C:\Users\angus\Desktop\tiktoktechjam2026\data\real_ext\unsplash\unsplash_001506.jpg,0,unsplash_real,Real_Unsplash
C:\Users\angus\Desktop\tiktoktechjam2026\data\real_ext\unsplash\unsplash_001507.jpg,0,unsplash_real,Real_Unsplash
C:\Users\angus\Desktop\tiktoktechjam2026\data\real_ext\unsplash\unsplash_001508.jpg,0,unsplash_real,Real_Unsplash
C:\Users\angus\Desktop\tiktoktechjam2026\data\real_ext\unsplash\unsplash_001509.jpg,0,unsplash_real,Real_Unsplash
C:\Users\angus\Desktop\tiktoktechjam2026\data\real_ext\unsplash\unsplash_001510.jpg,0,unsplash_real,Real_Unsplash
C:\Users\angus\Desktop\tiktoktechjam2026\data\real_ext\unsplash\unsplash_001511.jpg,0,unsplash_real,Real_Unsplash
C:\Users\angus\Desktop\tiktoktechjam2026\data\real_ext\unsplash\unsplash_001512.jpg,0,unsplash_real,Real_Unsplash
C:\Users\angus\Desktop\tiktoktechjam2026\data\real_ext\unsplash\unsplash_001513.jpg,0,unsplash_real,Real_Unsplash
C:\Users\angus\Desktop\tiktoktechjam2026\data\real_ext\unsplash\unsplash_001514.jpg,0,unsplash_real,Real_Unsplash
C:\Users\angus\Desktop\tiktoktechjam2026\data\real_ext\unsplash\unsplash_001515.jpg,0,unsplash_real,Real_Unsplash
C:\Users\angus\Desktop\tiktoktechjam2026\data\real_ext\unsplash\unsplash_001516.jpg,0,unsplash_real,Real_Unsplash
C:\Users\angus\Desktop\tiktoktechjam2026\data\real_ext\unsplash\unsplash_001517.jpg,0,unsplash_real,Real_Unsplash
C:\Users\angus\Desktop\tiktoktechjam2026\data\real_ext\unsplash\unsplash_001518.jpg,0,unsplash_real,Real_Unsplash
C:\Users\angus\Desktop\tiktoktechjam2026\data\real_ext\unsplash\unsplash_001519.jpg,0,unsplash_real,Real_Unsplash
C:\Users\angus\Desktop\tiktoktechjam2026\data\real_ext\unsplash\unsplash_001520.jpg,0,unsplash_real,Real_Unsplash
C:\Users\angus\Desktop\tiktoktechjam2026\data\real_ext\unsplash\unsplash_001521.jpg,0,unsplash_real,Real_Unsplash
C:\Users\angus\Desktop\tiktoktechjam2026\data\real_ext\unsplash\unsplash_001522.jpg,0,unsplash_real,Real_Unsplash
C:\Users\angus\Desktop\tiktoktechjam2026\data\real_ext\unsplash\unsplash_001523.jpg,0,unsplash_real,Real_Unsplash
C:\Users\angus\Desktop\tiktoktechjam2026\data\real_ext\unsplash\unsplash_001524.jpg,0,unsplash_real,Real_Unsplash
C:\Users\angus\Desktop\tiktoktechjam2026\data\real_ext\unsplash\unsplash_001525.jpg,0,unsplash_real,Real_Unsplash
C:\Users\angus\Desktop\tiktoktechjam2026\data\real_ext\unsplash\unsplash_001526.jpg,0,unsplash_real,Real_Unsplash
C:\Users\angus\Desktop\tiktoktechjam2026\data\real_ext\unsplash\unsplash_001527.jpg,0,unsplash_real,Real_Unsplash
C:\Users\angus\Desktop\tiktoktechjam2026\data\real_ext\unsplash\unsplash_001528.jpg,0,unsplash_real,Real_Unsplash
C:\Users\angus\Desktop\tiktoktechjam2026\data\real_ext\unsplash\unsplash_001529.jpg,0,unsplash_real,Real_Unsplash
C:\Users\angus\Desktop\tiktoktechjam2026\data\real_ext\unsplash\unsplash_001530.jpg,0,unsplash_real,Real_Unsplash
C:\Users\angus\Desktop\tiktoktechjam2026\data\real_ext\unsplash\unsplash_001531.jpg,0,unsplash_real,Real_Unsplash
C:\Users\angus\Desktop\tiktoktechjam2026\data\real_ext\unsplash\unsplash_001532.jpg,0,unsplash_real,Real_Unsplash
C:\Users\angus\Desktop\tiktoktechjam2026\data\real_ext\unsplash\unsplash_001533.jpg,0,unsplash_real,Real_Unsplash
C:\Users\angus\Desktop\tiktoktechjam2026\data\real_ext\unsplash\unsplash_001534.jpg,0,unsplash_real,Real_Unsplash
C:\Users\angus\Desktop\tiktoktechjam2026\data\real_ext\unsplash\unsplash_001535.jpg,0,unsplash_real,Real_Unsplash
C:\Users\angus\Desktop\tiktoktechjam2026\data\real_ext\unsplash\unsplash_001536.jpg,0,unsplash_real,Real_Unsplash
C:\Users\angus\Desktop\tiktoktechjam2026\data\real_ext\unsplash\unsplash_001537.jpg,0,unsplash_real,Real_Unsplash
C:\Users\angus\Desktop\tiktoktechjam2026\data\real_ext\unsplash\unsplash_001538.jpg,0,unsplash_real,Real_Unsplash
C:\Users\angus\Desktop\tiktoktechjam2026\data\real_ext\unsplash\unsplash_001539.jpg,0,unsplash_real,Real_Unsplash
C:\Users\angus\Desktop\tiktoktechjam2026\data\real_ext\unsplash\unsplash_001540.jpg,0,unsplash_real,Real_Unsplash
C:\Users\angus\Desktop\tiktoktechjam2026\data\real_ext\unsplash\unsplash_001541.jpg,0,unsplash_real,Real_Unsplash
C:\Users\angus\Desktop\tiktoktechjam2026\data\real_ext\unsplash\unsplash_001542.jpg,0,unsplash_real,Real_Unsplash
C:\Users\angus\Desktop\tiktoktechjam2026\data\real_ext\unsplash\unsplash_001543.jpg,0,unsplash_real,Real_Unsplash
C:\Users\angus\Desktop\tiktoktechjam2026\data\real_ext\unsplash\unsplash_001544.jpg,0,unsplash_real,Real_Unsplash
C:\Users\angus\Desktop\tiktoktechjam2026\data\real_ext\unsplash\unsplash_001545.jpg,0,unsplash_real,Real_Unsplash
C:\Users\angus\Desktop\tiktoktechjam2026\data\real_ext\unsplash\unsplash_001546.jpg,0,unsplash_real,Real_Unsplash
C:\Users\angus\Desktop\tiktoktechjam2026\data\real_ext\unsplash\unsplash_001547.jpg,0,unsplash_real,Real_Unsplash
C:\Users\angus\Desktop\tiktoktechjam2026\data\real_ext\unsplash\unsplash_001548.jpg,0,unsplash_real,Real_Unsplash
C:\Users\angus\Desktop\tiktoktechjam2026\data\real_ext\unsplash\unsplash_001549.jpg,0,unsplash_real,Real_Unsplash
C:\Users\angus\Desktop\tiktoktechjam2026\data\real_ext\unsplash\unsplash_001550.jpg,0,unsplash_real,Real_Unsplash
C:\Users\angus\Desktop\tiktoktechjam2026\data\real_ext\unsplash\unsplash_001551.jpg,0,unsplash_real,Real_Unsplash
C:\Users\angus\Desktop\tiktoktechjam2026\data\real_ext\unsplash\unsplash_001552.jpg,0,unsplash_real,Real_Unsplash
C:\Users\angus\Desktop\tiktoktechjam2026\data\real_ext\unsplash\unsplash_001553.jpg,0,unsplash_real,Real_Unsplash
C:\Users\angus\Desktop\tiktoktechjam2026\data\real_ext\unsplash\unsplash_001554.jpg,0,unsplash_real,Real_Unsplash
C:\Users\angus\Desktop\tiktoktechjam2026\data\real_ext\unsplash\unsplash_001555.jpg,0,unsplash_real,Real_Unsplash
C:\Users\angus\Desktop\tiktoktechjam2026\data\real_ext\unsplash\unsplash_001556.jpg,0,unsplash_real,Real_Unsplash
C:\Users\angus\Desktop\tiktoktechjam2026\data\real_ext\unsplash\unsplash_001557.jpg,0,unsplash_real,Real_Unsplash
C:\Users\angus\Desktop\tiktoktechjam2026\data\real_ext\unsplash\unsplash_001558.jpg,0,unsplash_real,Real_Unsplash
C:\Users\angus\Desktop\tiktoktechjam2026\data\real_ext\unsplash\unsplash_001559.jpg,0,unsplash_real,Real_Unsplash
C:\Users\angus\Desktop\tiktoktechjam2026\data\real_ext\unsplash\unsplash_001560.jpg,0,unsplash_real,Real_Unsplash
C:\Users\angus\Desktop\tiktoktechjam2026\data\real_ext\unsplash\unsplash_001561.jpg,0,unsplash_real,Real_Unsplash
C:\Users\angus\Desktop\tiktoktechjam2026\data\real_ext\unsplash\unsplash_001562.jpg,0,unsplash_real,Real_Unsplash
C:\Users\angus\Desktop\tiktoktechjam2026\data\real_ext\unsplash\unsplash_001563.jpg,0,unsplash_real,Real_Unsplash
C:\Users\angus\Desktop\tiktoktechjam2026\data\real_ext\unsplash\unsplash_001564.jpg,0,unsplash_real,Real_Unsplash
C:\Users\angus\Desktop\tiktoktechjam2026\data\real_ext\unsplash\unsplash_001565.jpg,0,unsplash_real,Real_Unsplash
C:\Users\angus\Desktop\tiktoktechjam2026\data\real_ext\unsplash\unsplash_001566.jpg,0,unsplash_real,Real_Unsplash
C:\Users\angus\Desktop\tiktoktechjam2026\data\real_ext\unsplash\unsplash_001567.jpg,0,unsplash_real,Real_Unsplash
C:\Users\angus\Desktop\tiktoktechjam2026\data\real_ext\unsplash\unsplash_001568.jpg,0,unsplash_real,Real_Unsplash
C:\Users\angus\Desktop\tiktoktechjam2026\data\real_ext\unsplash\unsplash_001569.jpg,0,unsplash_real,Real_Unsplash
C:\Users\angus\Desktop\tiktoktechjam2026\data\real_ext\unsplash\unsplash_001570.jpg,0,unsplash_real,Real_Unsplash
C:\Users\angus\Desktop\tiktoktechjam2026\data\real_ext\unsplash\unsplash_001571.jpg,0,unsplash_real,Real_Unsplash
C:\Users\angus\Desktop\tiktoktechjam2026\data\real_ext\unsplash\unsplash_001572.jpg,0,unsplash_real,Real_Unsplash
C:\Users\angus\Desktop\tiktoktechjam2026\data\real_ext\unsplash\unsplash_001573.jpg,0,unsplash_real,Real_Unsplash
C:\Users\angus\Desktop\tiktoktechjam2026\data\real_ext\unsplash\unsplash_001574.jpg,0,unsplash_real,Real_Unsplash
C:\Users\angus\Desktop\tiktoktechjam2026\data\real_ext\unsplash\unsplash_001575.jpg,0,unsplash_real,Real_Unsplash
C:\Users\angus\Desktop\tiktoktechjam2026\data\real_ext\unsplash\unsplash_001576.jpg,0,unsplash_real,Real_Unsplash
C:\Users\angus\Desktop\tiktoktechjam2026\data\real_ext\unsplash\unsplash_001577.jpg,0,unsplash_real,Real_Unsplash
C:\Users\angus\Desktop\tiktoktechjam2026\data\real_ext\unsplash\unsplash_001578.jpg,0,unsplash_real,Real_Unsplash
C:\Users\angus\Desktop\tiktoktechjam2026\data\real_ext\unsplash\unsplash_001579.jpg,0,unsplash_real,Real_Unsplash
C:\Users\angus\Desktop\tiktoktechjam2026\data\real_ext\unsplash\unsplash_001580.jpg,0,unsplash_real,Real_Unsplash
C:\Users\angus\Desktop\tiktoktechjam2026\data\real_ext\unsplash\unsplash_001581.jpg,0,unsplash_real,Real_Unsplash
C:\Users\angus\Desktop\tiktoktechjam2026\data\real_ext\unsplash\unsplash_001582.jpg,0,unsplash_real,Real_Unsplash
C:\Users\angus\Desktop\tiktoktechjam2026\data\real_ext\unsplash\unsplash_001583.jpg,0,unsplash_real,Real_Unsplash
C:\Users\angus\Desktop\tiktoktechjam2026\data\real_ext\unsplash\unsplash_001584.jpg,0,unsplash_real,Real_Unsplash
C:\Users\angus\Desktop\tiktoktechjam2026\data\real_ext\unsplash\unsplash_001585.jpg,0,unsplash_real,Real_Unsplash
C:\Users\angus\Desktop\tiktoktechjam2026\data\real_ext\unsplash\unsplash_001586.jpg,0,unsplash_real,Real_Unsplash
C:\Users\angus\Desktop\tiktoktechjam2026\data\real_ext\unsplash\unsplash_001587.jpg,0,unsplash_real,Real_Unsplash
C:\Users\angus\Desktop\tiktoktechjam2026\data\real_ext\unsplash\unsplash_001588.jpg,0,unsplash_real,Real_Unsplash
C:\Users\angus\Desktop\tiktoktechjam2026\data\real_ext\unsplash\unsplash_001589.jpg,0,unsplash_real,Real_Unsplash
C:\Users\angus\Desktop\tiktoktechjam2026\data\real_ext\unsplash\unsplash_001590.jpg,0,unsplash_real,Real_Unsplash
C:\Users\angus\Desktop\tiktoktechjam2026\data\real_ext\unsplash\unsplash_001591.jpg,0,unsplash_real,Real_Unsplash
C:\Users\angus\Desktop\tiktoktechjam2026\data\real_ext\unsplash\unsplash_001592.jpg,0,unsplash_real,Real_Unsplash
C:\Users\angus\Desktop\tiktoktechjam2026\data\real_ext\unsplash\unsplash_001593.jpg,0,unsplash_real,Real_Unsplash
C:\Users\angus\Desktop\tiktoktechjam2026\data\real_ext\unsplash\unsplash_001594.jpg,0,unsplash_real,Real_Unsplash
C:\Users\angus\Desktop\tiktoktechjam2026\data\real_ext\unsplash\unsplash_001595.jpg,0,unsplash_real,Real_Unsplash
C:\Users\angus\Desktop\tiktoktechjam2026\data\real_ext\unsplash\unsplash_001596.jpg,0,unsplash_real,Real_Unsplash
C:\Users\angus\Desktop\tiktoktechjam2026\data\real_ext\unsplash\unsplash_001597.jpg,0,unsplash_real,Real_Unsplash
C:\Users\angus\Desktop\tiktoktechjam2026\data\real_ext\unsplash\unsplash_001598.jpg,0,unsplash_real,Real_Unsplash
C:\Users\angus\Desktop\tiktoktechjam2026\data\real_ext\unsplash\unsplash_001599.jpg,0,unsplash_real,Real_Unsplash
C:\Users\angus\Desktop\tiktoktechjam2026\data\real_ext\unsplash\unsplash_001600.jpg,0,unsplash_real,Real_Unsplash
C:\Users\angus\Desktop\tiktoktechjam2026\data\real_ext\unsplash\unsplash_001601.jpg,0,unsplash_real,Real_Unsplash
C:\Users\angus\Desktop\tiktoktechjam2026\data\real_ext\unsplash\unsplash_001602.jpg,0,unsplash_real,Real_Unsplash
C:\Users\angus\Desktop\tiktoktechjam2026\data\real_ext\unsplash\unsplash_001603.jpg,0,unsplash_real,Real_Unsplash
C:\Users\angus\Desktop\tiktoktechjam2026\data\real_ext\unsplash\unsplash_001604.jpg,0,unsplash_real,Real_Unsplash
C:\Users\angus\Desktop\tiktoktechjam2026\data\real_ext\unsplash\unsplash_001605.jpg,0,unsplash_real,Real_Unsplash
C:\Users\angus\Desktop\tiktoktechjam2026\data\real_ext\unsplash\unsplash_001606.jpg,0,unsplash_real,Real_Unsplash
C:\Users\angus\Desktop\tiktoktechjam2026\data\real_ext\unsplash\unsplash_001607.jpg,0,unsplash_real,Real_Unsplash
C:\Users\angus\Desktop\tiktoktechjam2026\data\real_ext\unsplash\unsplash_001608.jpg,0,unsplash_real,Real_Unsplash
C:\Users\angus\Desktop\tiktoktechjam2026\data\real_ext\unsplash\unsplash_001609.jpg,0,unsplash_real,Real_Unsplash
C:\Users\angus\Desktop\tiktoktechjam2026\data\real_ext\unsplash\unsplash_001610.jpg,0,unsplash_real,Real_Unsplash
C:\Users\angus\Desktop\tiktoktechjam2026\data\real_ext\unsplash\unsplash_001611.jpg,0,unsplash_real,Real_Unsplash
C:\Users\angus\Desktop\tiktoktechjam2026\data\real_ext\unsplash\unsplash_001612.jpg,0,unsplash_real,Real_Unsplash
C:\Users\angus\Desktop\tiktoktechjam2026\data\real_ext\unsplash\unsplash_001613.jpg,0,unsplash_real,Real_Unsplash
C:\Users\angus\Desktop\tiktoktechjam2026\data\real_ext\unsplash\unsplash_001614.jpg,0,unsplash_real,Real_Unsplash
C:\Users\angus\Desktop\tiktoktechjam2026\data\real_ext\unsplash\unsplash_001615.jpg,0,unsplash_real,Real_Unsplash
C:\Users\angus\Desktop\tiktoktechjam2026\data\real_ext\unsplash\unsplash_001616.jpg,0,unsplash_real,Real_Unsplash
C:\Users\angus\Desktop\tiktoktechjam2026\data\real_ext\unsplash\unsplash_001617.jpg,0,unsplash_real,Real_Unsplash
C:\Users\angus\Desktop\tiktoktechjam2026\data\real_ext\unsplash\unsplash_001618.jpg,0,unsplash_real,Real_Unsplash
C:\Users\angus\Desktop\tiktoktechjam2026\data\real_ext\unsplash\unsplash_001619.jpg,0,unsplash_real,Real_Unsplash
C:\Users\angus\Desktop\tiktoktechjam2026\data\real_ext\unsplash\unsplash_001620.jpg,0,unsplash_real,Real_Unsplash
C:\Users\angus\Desktop\tiktoktechjam2026\data\real_ext\unsplash\unsplash_001621.jpg,0,unsplash_real,Real_Unsplash
C:\Users\angus\Desktop\tiktoktechjam2026\data\real_ext\unsplash\unsplash_001622.jpg,0,unsplash_real,Real_Unsplash
C:\Users\angus\Desktop\tiktoktechjam2026\data\real_ext\unsplash\unsplash_001623.jpg,0,unsplash_real,Real_Unsplash
C:\Users\angus\Desktop\tiktoktechjam2026\data\real_ext\unsplash\unsplash_001624.jpg,0,unsplash_real,Real_Unsplash
C:\Users\angus\Desktop\tiktoktechjam2026\data\real_ext\unsplash\unsplash_001625.jpg,0,unsplash_real,Real_Unsplash
C:\Users\angus\Desktop\tiktoktechjam2026\data\real_ext\unsplash\unsplash_001626.jpg,0,unsplash_real,Real_Unsplash
C:\Users\angus\Desktop\tiktoktechjam2026\data\real_ext\unsplash\unsplash_001627.jpg,0,unsplash_real,Real_Unsplash
C:\Users\angus\Desktop\tiktoktechjam2026\data\real_ext\unsplash\unsplash_001628.jpg,0,unsplash_real,Real_Unsplash
C:\Users\angus\Desktop\tiktoktechjam2026\data\real_ext\unsplash\unsplash_001629.jpg,0,unsplash_real,Real_Unsplash
C:\Users\angus\Desktop\tiktoktechjam2026\data\real_ext\unsplash\unsplash_001630.jpg,0,unsplash_real,Real_Unsplash
C:\Users\angus\Desktop\tiktoktechjam2026\data\real_ext\unsplash\unsplash_001631.jpg,0,unsplash_real,Real_Unsplash
C:\Users\angus\Desktop\tiktoktechjam2026\data\real_ext\unsplash\unsplash_001632.jpg,0,unsplash_real,Real_Unsplash
C:\Users\angus\Desktop\tiktoktechjam2026\data\real_ext\unsplash\unsplash_001633.jpg,0,unsplash_real,Real_Unsplash
C:\Users\angus\Desktop\tiktoktechjam2026\data\real_ext\unsplash\unsplash_001634.jpg,0,unsplash_real,Real_Unsplash
C:\Users\angus\Desktop\tiktoktechjam2026\data\real_ext\unsplash\unsplash_001635.jpg,0,unsplash_real,Real_Unsplash
C:\Users\angus\Desktop\tiktoktechjam2026\data\real_ext\unsplash\unsplash_001636.jpg,0,unsplash_real,Real_Unsplash
C:\Users\angus\Desktop\tiktoktechjam2026\data\real_ext\unsplash\unsplash_001637.jpg,0,unsplash_real,Real_Unsplash
C:\Users\angus\Desktop\tiktoktechjam2026\data\real_ext\unsplash\unsplash_001638.jpg,0,unsplash_real,Real_Unsplash
C:\Users\angus\Desktop\tiktoktechjam2026\data\real_ext\unsplash\unsplash_001639.jpg,0,unsplash_real,Real_Unsplash
C:\Users\angus\Desktop\tiktoktechjam2026\data\real_ext\unsplash\unsplash_001640.jpg,0,unsplash_real,Real_Unsplash
C:\Users\angus\Desktop\tiktoktechjam2026\data\real_ext\unsplash\unsplash_001641.jpg,0,unsplash_real,Real_Unsplash
C:\Users\angus\Desktop\tiktoktechjam2026\data\real_ext\unsplash\unsplash_001642.jpg,0,unsplash_real,Real_Unsplash
C:\Users\angus\Desktop\tiktoktechjam2026\data\real_ext\unsplash\unsplash_001643.jpg,0,unsplash_real,Real_Unsplash
C:\Users\angus\Desktop\tiktoktechjam2026\data\real_ext\unsplash\unsplash_001644.jpg,0,unsplash_real,Real_Unsplash
C:\Users\angus\Desktop\tiktoktechjam2026\data\real_ext\unsplash\unsplash_001645.jpg,0,unsplash_real,Real_Unsplash
C:\Users\angus\Desktop\tiktoktechjam2026\data\real_ext\unsplash\unsplash_001646.jpg,0,unsplash_real,Real_Unsplash
C:\Users\angus\Desktop\tiktoktechjam2026\data\real_ext\unsplash\unsplash_001647.jpg,0,unsplash_real,Real_Unsplash
C:\Users\angus\Desktop\tiktoktechjam2026\data\real_ext\unsplash\unsplash_001648.jpg,0,unsplash_real,Real_Unsplash
C:\Users\angus\Desktop\tiktoktechjam2026\data\real_ext\unsplash\unsplash_001649.jpg,0,unsplash_real,Real_Unsplash
C:\Users\angus\Desktop\tiktoktechjam2026\data\real_ext\unsplash\unsplash_001650.jpg,0,unsplash_real,Real_Unsplash
C:\Users\angus\Desktop\tiktoktechjam2026\data\real_ext\unsplash\unsplash_001651.jpg,0,unsplash_real,Real_Unsplash
C:\Users\angus\Desktop\tiktoktechjam2026\data\real_ext\unsplash\unsplash_001652.jpg,0,unsplash_real,Real_Unsplash
C:\Users\angus\Desktop\tiktoktechjam2026\data\real_ext\unsplash\unsplash_001653.jpg,0,unsplash_real,Real_Unsplash
C:\Users\angus\Desktop\tiktoktechjam2026\data\real_ext\unsplash\unsplash_001654.jpg,0,unsplash_real,Real_Unsplash
C:\Users\angus\Desktop\tiktoktechjam2026\data\real_ext\unsplash\unsplash_001655.jpg,0,unsplash_real,Real_Unsplash
C:\Users\angus\Desktop\tiktoktechjam2026\data\real_ext\unsplash\unsplash_001656.jpg,0,unsplash_real,Real_Unsplash
C:\Users\angus\Desktop\tiktoktechjam2026\data\real_ext\unsplash\unsplash_001657.jpg,0,unsplash_real,Real_Unsplash
C:\Users\angus\Desktop\tiktoktechjam2026\data\real_ext\unsplash\unsplash_001658.jpg,0,unsplash_real,Real_Unsplash
C:\Users\angus\Desktop\tiktoktechjam2026\data\real_ext\unsplash\unsplash_001659.jpg,0,unsplash_real,Real_Unsplash
C:\Users\angus\Desktop\tiktoktechjam2026\data\real_ext\unsplash\unsplash_001660.jpg,0,unsplash_real,Real_Unsplash
C:\Users\angus\Desktop\tiktoktechjam2026\data\real_ext\unsplash\unsplash_001661.jpg,0,unsplash_real,Real_Unsplash
C:\Users\angus\Desktop\tiktoktechjam2026\data\real_ext\unsplash\unsplash_001662.jpg,0,unsplash_real,Real_Unsplash
C:\Users\angus\Desktop\tiktoktechjam2026\data\real_ext\unsplash\unsplash_001663.jpg,0,unsplash_real,Real_Unsplash
C:\Users\angus\Desktop\tiktoktechjam2026\data\real_ext\unsplash\unsplash_001664.jpg,0,unsplash_real,Real_Unsplash
C:\Users\angus\Desktop\tiktoktechjam2026\data\real_ext\unsplash\unsplash_001665.jpg,0,unsplash_real,Real_Unsplash
C:\Users\angus\Desktop\tiktoktechjam2026\data\real_ext\unsplash\unsplash_001666.jpg,0,unsplash_real,Real_Unsplash
C:\Users\angus\Desktop\tiktoktechjam2026\data\real_ext\unsplash\unsplash_001667.jpg,0,unsplash_real,Real_Unsplash
C:\Users\angus\Desktop\tiktoktechjam2026\data\real_ext\unsplash\unsplash_001668.jpg,0,unsplash_real,Real_Unsplash
C:\Users\angus\Desktop\tiktoktechjam2026\data\real_ext\unsplash\unsplash_001669.jpg,0,unsplash_real,Real_Unsplash
C:\Users\angus\Desktop\tiktoktechjam2026\data\real_ext\unsplash\unsplash_001670.jpg,0,unsplash_real,Real_Unsplash
C:\Users\angus\Desktop\tiktoktechjam2026\data\real_ext\unsplash\unsplash_001671.jpg,0,unsplash_real,Real_Unsplash
C:\Users\angus\Desktop\tiktoktechjam2026\data\real_ext\unsplash\unsplash_001672.jpg,0,unsplash_real,Real_Unsplash
C:\Users\angus\Desktop\tiktoktechjam2026\data\real_ext\unsplash\unsplash_001673.jpg,0,unsplash_real,Real_Unsplash
C:\Users\angus\Desktop\tiktoktechjam2026\data\real_ext\unsplash\unsplash_001674.jpg,0,unsplash_real,Real_Unsplash
C:\Users\angus\Desktop\tiktoktechjam2026\data\real_ext\unsplash\unsplash_001675.jpg,0,unsplash_real,Real_Unsplash
C:\Users\angus\Desktop\tiktoktechjam2026\data\real_ext\unsplash\unsplash_001676.jpg,0,unsplash_real,Real_Unsplash
C:\Users\angus\Desktop\tiktoktechjam2026\data\real_ext\unsplash\unsplash_001677.jpg,0,unsplash_real,Real_Unsplash
C:\Users\angus\Desktop\tiktoktechjam2026\data\real_ext\unsplash\unsplash_001678.jpg,0,unsplash_real,Real_Unsplash
C:\Users\angus\Desktop\tiktoktechjam2026\data\real_ext\unsplash\unsplash_001679.jpg,0,unsplash_real,Real_Unsplash
C:\Users\angus\Desktop\tiktoktechjam2026\data\real_ext\unsplash\unsplash_001680.jpg,0,unsplash_real,Real_Unsplash
C:\Users\angus\Desktop\tiktoktechjam2026\data\real_ext\unsplash\unsplash_001681.jpg,0,unsplash_real,Real_Unsplash
C:\Users\angus\Desktop\tiktoktechjam2026\data\real_ext\unsplash\unsplash_001682.jpg,0,unsplash_real,Real_Unsplash
C:\Users\angus\Desktop\tiktoktechjam2026\data\real_ext\unsplash\unsplash_001683.jpg,0,unsplash_real,Real_Unsplash
C:\Users\angus\Desktop\tiktoktechjam2026\data\real_ext\unsplash\unsplash_001684.jpg,0,unsplash_real,Real_Unsplash
C:\Users\angus\Desktop\tiktoktechjam2026\data\real_ext\unsplash\unsplash_001685.jpg,0,unsplash_real,Real_Unsplash
C:\Users\angus\Desktop\tiktoktechjam2026\data\real_ext\unsplash\unsplash_001686.jpg,0,unsplash_real,Real_Unsplash
C:\Users\angus\Desktop\tiktoktechjam2026\data\real_ext\unsplash\unsplash_001687.jpg,0,unsplash_real,Real_Unsplash
C:\Users\angus\Desktop\tiktoktechjam2026\data\real_ext\unsplash\unsplash_001688.jpg,0,unsplash_real,Real_Unsplash
C:\Users\angus\Desktop\tiktoktechjam2026\data\real_ext\unsplash\unsplash_001689.jpg,0,unsplash_real,Real_Unsplash
C:\Users\angus\Desktop\tiktoktechjam2026\data\real_ext\unsplash\unsplash_001690.jpg,0,unsplash_real,Real_Unsplash
C:\Users\angus\Desktop\tiktoktechjam2026\data\real_ext\unsplash\unsplash_001691.jpg,0,unsplash_real,Real_Unsplash
C:\Users\angus\Desktop\tiktoktechjam2026\data\real_ext\unsplash\unsplash_001692.jpg,0,unsplash_real,Real_Unsplash
C:\Users\angus\Desktop\tiktoktechjam2026\data\real_ext\unsplash\unsplash_001693.jpg,0,unsplash_real,Real_Unsplash
C:\Users\angus\Desktop\tiktoktechjam2026\data\real_ext\unsplash\unsplash_001694.jpg,0,unsplash_real,Real_Unsplash
C:\Users\angus\Desktop\tiktoktechjam2026\data\real_ext\unsplash\unsplash_001695.jpg,0,unsplash_real,Real_Unsplash
C:\Users\angus\Desktop\tiktoktechjam2026\data\real_ext\unsplash\unsplash_001696.jpg,0,unsplash_real,Real_Unsplash
C:\Users\angus\Desktop\tiktoktechjam2026\data\real_ext\unsplash\unsplash_001697.jpg,0,unsplash_real,Real_Unsplash
C:\Users\angus\Desktop\tiktoktechjam2026\data\real_ext\unsplash\unsplash_001698.jpg,0,unsplash_real,Real_Unsplash
C:\Users\angus\Desktop\tiktoktechjam2026\data\real_ext\unsplash\unsplash_001699.jpg,0,unsplash_real,Real_Unsplash
C:\Users\angus\Desktop\tiktoktechjam2026\data\real_ext\unsplash\unsplash_001700.jpg,0,unsplash_real,Real_Unsplash
C:\Users\angus\Desktop\tiktoktechjam2026\data\real_ext\unsplash\unsplash_001701.jpg,0,unsplash_real,Real_Unsplash
C:\Users\angus\Desktop\tiktoktechjam2026\data\real_ext\unsplash\unsplash_001702.jpg,0,unsplash_real,Real_Unsplash
C:\Users\angus\Desktop\tiktoktechjam2026\data\real_ext\unsplash\unsplash_001703.jpg,0,unsplash_real,Real_Unsplash
C:\Users\angus\Desktop\tiktoktechjam2026\data\real_ext\unsplash\unsplash_001704.jpg,0,unsplash_real,Real_Unsplash
C:\Users\angus\Desktop\tiktoktechjam2026\data\real_ext\unsplash\unsplash_001705.jpg,0,unsplash_real,Real_Unsplash
C:\Users\angus\Desktop\tiktoktechjam2026\data\real_ext\unsplash\unsplash_001706.jpg,0,unsplash_real,Real_Unsplash
C:\Users\angus\Desktop\tiktoktechjam2026\data\real_ext\unsplash\unsplash_001707.jpg,0,unsplash_real,Real_Unsplash
C:\Users\angus\Desktop\tiktoktechjam2026\data\real_ext\unsplash\unsplash_001708.jpg,0,unsplash_real,Real_Unsplash
C:\Users\angus\Desktop\tiktoktechjam2026\data\real_ext\unsplash\unsplash_001709.jpg,0,unsplash_real,Real_Unsplash
C:\Users\angus\Desktop\tiktoktechjam2026\data\real_ext\unsplash\unsplash_001710.jpg,0,unsplash_real,Real_Unsplash
C:\Users\angus\Desktop\tiktoktechjam2026\data\real_ext\unsplash\unsplash_001711.jpg,0,unsplash_real,Real_Unsplash
C:\Users\angus\Desktop\tiktoktechjam2026\data\real_ext\unsplash\unsplash_001712.jpg,0,unsplash_real,Real_Unsplash
C:\Users\angus\Desktop\tiktoktechjam2026\data\real_ext\unsplash\unsplash_001713.jpg,0,unsplash_real,Real_Unsplash
C:\Users\angus\Desktop\tiktoktechjam2026\data\real_ext\unsplash\unsplash_001714.jpg,0,unsplash_real,Real_Unsplash
C:\Users\angus\Desktop\tiktoktechjam2026\data\real_ext\unsplash\unsplash_001715.jpg,0,unsplash_real,Real_Unsplash
C:\Users\angus\Desktop\tiktoktechjam2026\data\real_ext\unsplash\unsplash_001716.jpg,0,unsplash_real,Real_Unsplash
C:\Users\angus\Desktop\tiktoktechjam2026\data\real_ext\unsplash\unsplash_001717.jpg,0,unsplash_real,Real_Unsplash
C:\Users\angus\Desktop\tiktoktechjam2026\data\real_ext\unsplash\unsplash_001718.jpg,0,unsplash_real,Real_Unsplash
C:\Users\angus\Desktop\tiktoktechjam2026\data\real_ext\unsplash\unsplash_001719.jpg,0,unsplash_real,Real_Unsplash
C:\Users\angus\Desktop\tiktoktechjam2026\data\real_ext\unsplash\unsplash_001720.jpg,0,unsplash_real,Real_Unsplash
C:\Users\angus\Desktop\tiktoktechjam2026\data\real_ext\unsplash\unsplash_001721.jpg,0,unsplash_real,Real_Unsplash
C:\Users\angus\Desktop\tiktoktechjam2026\data\real_ext\unsplash\unsplash_001722.jpg,0,unsplash_real,Real_Unsplash
C:\Users\angus\Desktop\tiktoktechjam2026\data\real_ext\unsplash\unsplash_001723.jpg,0,unsplash_real,Real_Unsplash
C:\Users\angus\Desktop\tiktoktechjam2026\data\real_ext\unsplash\unsplash_001724.jpg,0,unsplash_real,Real_Unsplash
C:\Users\angus\Desktop\tiktoktechjam2026\data\real_ext\unsplash\unsplash_001725.jpg,0,unsplash_real,Real_Unsplash
C:\Users\angus\Desktop\tiktoktechjam2026\data\real_ext\unsplash\unsplash_001726.jpg,0,unsplash_real,Real_Unsplash
C:\Users\angus\Desktop\tiktoktechjam2026\data\real_ext\unsplash\unsplash_001727.jpg,0,unsplash_real,Real_Unsplash
C:\Users\angus\Desktop\tiktoktechjam2026\data\real_ext\unsplash\unsplash_001728.jpg,0,unsplash_real,Real_Unsplash
C:\Users\angus\Desktop\tiktoktechjam2026\data\real_ext\unsplash\unsplash_001729.jpg,0,unsplash_real,Real_Unsplash
C:\Users\angus\Desktop\tiktoktechjam2026\data\real_ext\unsplash\unsplash_001730.jpg,0,unsplash_real,Real_Unsplash
C:\Users\angus\Desktop\tiktoktechjam2026\data\real_ext\unsplash\unsplash_001731.jpg,0,unsplash_real,Real_Unsplash
C:\Users\angus\Desktop\tiktoktechjam2026\data\real_ext\unsplash\unsplash_001732.jpg,0,unsplash_real,Real_Unsplash
C:\Users\angus\Desktop\tiktoktechjam2026\data\real_ext\unsplash\unsplash_001733.jpg,0,unsplash_real,Real_Unsplash
C:\Users\angus\Desktop\tiktoktechjam2026\data\real_ext\unsplash\unsplash_001734.jpg,0,unsplash_real,Real_Unsplash
C:\Users\angus\Desktop\tiktoktechjam2026\data\real_ext\unsplash\unsplash_001735.jpg,0,unsplash_real,Real_Unsplash
C:\Users\angus\Desktop\tiktoktechjam2026\data\real_ext\unsplash\unsplash_001736.jpg,0,unsplash_real,Real_Unsplash
C:\Users\angus\Desktop\tiktoktechjam2026\data\real_ext\unsplash\unsplash_001737.jpg,0,unsplash_real,Real_Unsplash
C:\Users\angus\Desktop\tiktoktechjam2026\data\real_ext\unsplash\unsplash_001738.jpg,0,unsplash_real,Real_Unsplash
C:\Users\angus\Desktop\tiktoktechjam2026\data\real_ext\unsplash\unsplash_001739.jpg,0,unsplash_real,Real_Unsplash
C:\Users\angus\Desktop\tiktoktechjam2026\data\real_ext\unsplash\unsplash_001740.jpg,0,unsplash_real,Real_Unsplash
C:\Users\angus\Desktop\tiktoktechjam2026\data\real_ext\unsplash\unsplash_001741.jpg,0,unsplash_real,Real_Unsplash
C:\Users\angus\Desktop\tiktoktechjam2026\data\real_ext\unsplash\unsplash_001742.jpg,0,unsplash_real,Real_Unsplash
C:\Users\angus\Desktop\tiktoktechjam2026\data\real_ext\unsplash\unsplash_001743.jpg,0,unsplash_real,Real_Unsplash
C:\Users\angus\Desktop\tiktoktechjam2026\data\real_ext\unsplash\unsplash_001744.jpg,0,unsplash_real,Real_Unsplash
C:\Users\angus\Desktop\tiktoktechjam2026\data\real_ext\unsplash\unsplash_001745.jpg,0,unsplash_real,Real_Unsplash
C:\Users\angus\Desktop\tiktoktechjam2026\data\real_ext\unsplash\unsplash_001746.jpg,0,unsplash_real,Real_Unsplash
C:\Users\angus\Desktop\tiktoktechjam2026\data\real_ext\unsplash\unsplash_001747.jpg,0,unsplash_real,Real_Unsplash
C:\Users\angus\Desktop\tiktoktechjam2026\data\real_ext\unsplash\unsplash_001748.jpg,0,unsplash_real,Real_Unsplash
C:\Users\angus\Desktop\tiktoktechjam2026\data\real_ext\unsplash\unsplash_001749.jpg,0,unsplash_real,Real_Unsplash
C:\Users\angus\Desktop\tiktoktechjam2026\data\real_ext\unsplash\unsplash_001750.jpg,0,unsplash_real,Real_Unsplash
C:\Users\angus\Desktop\tiktoktechjam2026\data\real_ext\unsplash\unsplash_001751.jpg,0,unsplash_real,Real_Unsplash
C:\Users\angus\Desktop\tiktoktechjam2026\data\real_ext\unsplash\unsplash_001752.jpg,0,unsplash_real,Real_Unsplash
C:\Users\angus\Desktop\tiktoktechjam2026\data\real_ext\unsplash\unsplash_001753.jpg,0,unsplash_real,Real_Unsplash
C:\Users\angus\Desktop\tiktoktechjam2026\data\real_ext\unsplash\unsplash_001754.jpg,0,unsplash_real,Real_Unsplash
C:\Users\angus\Desktop\tiktoktechjam2026\data\real_ext\unsplash\unsplash_001755.jpg,0,unsplash_real,Real_Unsplash
C:\Users\angus\Desktop\tiktoktechjam2026\data\real_ext\unsplash\unsplash_001756.jpg,0,unsplash_real,Real_Unsplash
C:\Users\angus\Desktop\tiktoktechjam2026\data\real_ext\unsplash\unsplash_001757.jpg,0,unsplash_real,Real_Unsplash
C:\Users\angus\Desktop\tiktoktechjam2026\data\real_ext\unsplash\unsplash_001758.jpg,0,unsplash_real,Real_Unsplash
C:\Users\angus\Desktop\tiktoktechjam2026\data\real_ext\unsplash\unsplash_001759.jpg,0,unsplash_real,Real_Unsplash
C:\Users\angus\Desktop\tiktoktechjam2026\data\real_ext\unsplash\unsplash_001760.jpg,0,unsplash_real,Real_Unsplash
C:\Users\angus\Desktop\tiktoktechjam2026\data\real_ext\unsplash\unsplash_001761.jpg,0,unsplash_real,Real_Unsplash
C:\Users\angus\Desktop\tiktoktechjam2026\data\real_ext\unsplash\unsplash_001762.jpg,0,unsplash_real,Real_Unsplash
C:\Users\angus\Desktop\tiktoktechjam2026\data\real_ext\unsplash\unsplash_001763.jpg,0,unsplash_real,Real_Unsplash
C:\Users\angus\Desktop\tiktoktechjam2026\data\real_ext\unsplash\unsplash_001764.jpg,0,unsplash_real,Real_Unsplash
C:\Users\angus\Desktop\tiktoktechjam2026\data\real_ext\unsplash\unsplash_001765.jpg,0,unsplash_real,Real_Unsplash
C:\Users\angus\Desktop\tiktoktechjam2026\data\real_ext\unsplash\unsplash_001766.jpg,0,unsplash_real,Real_Unsplash
C:\Users\angus\Desktop\tiktoktechjam2026\data\real_ext\unsplash\unsplash_001767.jpg,0,unsplash_real,Real_Unsplash
C:\Users\angus\Desktop\tiktoktechjam2026\data\real_ext\unsplash\unsplash_001768.jpg,0,unsplash_real,Real_Unsplash
C:\Users\angus\Desktop\tiktoktechjam2026\data\real_ext\unsplash\unsplash_001769.jpg,0,unsplash_real,Real_Unsplash
C:\Users\angus\Desktop\tiktoktechjam2026\data\real_ext\unsplash\unsplash_001770.jpg,0,unsplash_real,Real_Unsplash
C:\Users\angus\Desktop\tiktoktechjam2026\data\real_ext\unsplash\unsplash_001771.jpg,0,unsplash_real,Real_Unsplash
C:\Users\angus\Desktop\tiktoktechjam2026\data\real_ext\unsplash\unsplash_001772.jpg,0,unsplash_real,Real_Unsplash
C:\Users\angus\Desktop\tiktoktechjam2026\data\real_ext\unsplash\unsplash_001773.jpg,0,unsplash_real,Real_Unsplash
C:\Users\angus\Desktop\tiktoktechjam2026\data\real_ext\unsplash\unsplash_001774.jpg,0,unsplash_real,Real_Unsplash
C:\Users\angus\Desktop\tiktoktechjam2026\data\real_ext\unsplash\unsplash_001775.jpg,0,unsplash_real,Real_Unsplash
C:\Users\angus\Desktop\tiktoktechjam2026\data\real_ext\unsplash\unsplash_001776.jpg,0,unsplash_real,Real_Unsplash
C:\Users\angus\Desktop\tiktoktechjam2026\data\real_ext\unsplash\unsplash_001777.jpg,0,unsplash_real,Real_Unsplash
C:\Users\angus\Desktop\tiktoktechjam2026\data\real_ext\unsplash\unsplash_001778.jpg,0,unsplash_real,Real_Unsplash
C:\Users\angus\Desktop\tiktoktechjam2026\data\real_ext\unsplash\unsplash_001779.jpg,0,unsplash_real,Real_Unsplash
C:\Users\angus\Desktop\tiktoktechjam2026\data\real_ext\unsplash\unsplash_001780.jpg,0,unsplash_real,Real_Unsplash
C:\Users\angus\Desktop\tiktoktechjam2026\data\real_ext\unsplash\unsplash_001781.jpg,0,unsplash_real,Real_Unsplash
C:\Users\angus\Desktop\tiktoktechjam2026\data\real_ext\unsplash\unsplash_001782.jpg,0,unsplash_real,Real_Unsplash
C:\Users\angus\Desktop\tiktoktechjam2026\data\real_ext\unsplash\unsplash_001783.jpg,0,unsplash_real,Real_Unsplash
C:\Users\angus\Desktop\tiktoktechjam2026\data\real_ext\unsplash\unsplash_001784.jpg,0,unsplash_real,Real_Unsplash
C:\Users\angus\Desktop\tiktoktechjam2026\data\real_ext\unsplash\unsplash_001785.jpg,0,unsplash_real,Real_Unsplash
C:\Users\angus\Desktop\tiktoktechjam2026\data\real_ext\unsplash\unsplash_001786.jpg,0,unsplash_real,Real_Unsplash
C:\Users\angus\Desktop\tiktoktechjam2026\data\real_ext\unsplash\unsplash_001787.jpg,0,unsplash_real,Real_Unsplash
C:\Users\angus\Desktop\tiktoktechjam2026\data\real_ext\unsplash\unsplash_001788.jpg,0,unsplash_real,Real_Unsplash
C:\Users\angus\Desktop\tiktoktechjam2026\data\real_ext\unsplash\unsplash_001789.jpg,0,unsplash_real,Real_Unsplash
C:\Users\angus\Desktop\tiktoktechjam2026\data\real_ext\unsplash\unsplash_001790.jpg,0,unsplash_real,Real_Unsplash
C:\Users\angus\Desktop\tiktoktechjam2026\data\real_ext\unsplash\unsplash_001791.jpg,0,unsplash_real,Real_Unsplash
C:\Users\angus\Desktop\tiktoktechjam2026\data\real_ext\unsplash\unsplash_001792.jpg,0,unsplash_real,Real_Unsplash
C:\Users\angus\Desktop\tiktoktechjam2026\data\real_ext\unsplash\unsplash_001793.jpg,0,unsplash_real,Real_Unsplash
C:\Users\angus\Desktop\tiktoktechjam2026\data\real_ext\unsplash\unsplash_001794.jpg,0,unsplash_real,Real_Unsplash
C:\Users\angus\Desktop\tiktoktechjam2026\data\real_ext\unsplash\unsplash_001795.jpg,0,unsplash_real,Real_Unsplash
C:\Users\angus\Desktop\tiktoktechjam2026\data\real_ext\unsplash\unsplash_001796.jpg,0,unsplash_real,Real_Unsplash
C:\Users\angus\Desktop\tiktoktechjam2026\data\real_ext\unsplash\unsplash_001797.jpg,0,unsplash_real,Real_Unsplash
C:\Users\angus\Desktop\tiktoktechjam2026\data\real_ext\unsplash\unsplash_001798.jpg,0,unsplash_real,Real_Unsplash
C:\Users\angus\Desktop\tiktoktechjam2026\data\real_ext\unsplash\unsplash_001799.jpg,0,unsplash_real,Real_Unsplash
C:\Users\angus\Desktop\tiktoktechjam2026\data\real_ext\unsplash\unsplash_001800.jpg,0,unsplash_real,Real_Unsplash
C:\Users\angus\Desktop\tiktoktechjam2026\data\real_ext\unsplash\unsplash_001801.jpg,0,unsplash_real,Real_Unsplash
C:\Users\angus\Desktop\tiktoktechjam2026\data\real_ext\unsplash\unsplash_001802.jpg,0,unsplash_real,Real_Unsplash
C:\Users\angus\Desktop\tiktoktechjam2026\data\real_ext\unsplash\unsplash_001803.jpg,0,unsplash_real,Real_Unsplash
C:\Users\angus\Desktop\tiktoktechjam2026\data\real_ext\unsplash\unsplash_001804.jpg,0,unsplash_real,Real_Unsplash
C:\Users\angus\Desktop\tiktoktechjam2026\data\real_ext\unsplash\unsplash_001805.jpg,0,unsplash_real,Real_Unsplash
C:\Users\angus\Desktop\tiktoktechjam2026\data\real_ext\unsplash\unsplash_001806.jpg,0,unsplash_real,Real_Unsplash
C:\Users\angus\Desktop\tiktoktechjam2026\data\real_ext\unsplash\unsplash_001807.jpg,0,unsplash_real,Real_Unsplash
C:\Users\angus\Desktop\tiktoktechjam2026\data\real_ext\unsplash\unsplash_001808.jpg,0,unsplash_real,Real_Unsplash
C:\Users\angus\Desktop\tiktoktechjam2026\data\real_ext\unsplash\unsplash_001809.jpg,0,unsplash_real,Real_Unsplash
C:\Users\angus\Desktop\tiktoktechjam2026\data\real_ext\unsplash\unsplash_001810.jpg,0,unsplash_real,Real_Unsplash
C:\Users\angus\Desktop\tiktoktechjam2026\data\real_ext\unsplash\unsplash_001811.jpg,0,unsplash_real,Real_Unsplash
C:\Users\angus\Desktop\tiktoktechjam2026\data\real_ext\unsplash\unsplash_001812.jpg,0,unsplash_real,Real_Unsplash
C:\Users\angus\Desktop\tiktoktechjam2026\data\real_ext\unsplash\unsplash_001813.jpg,0,unsplash_real,Real_Unsplash
C:\Users\angus\Desktop\tiktoktechjam2026\data\real_ext\unsplash\unsplash_001814.jpg,0,unsplash_real,Real_Unsplash
C:\Users\angus\Desktop\tiktoktechjam2026\data\real_ext\unsplash\unsplash_001815.jpg,0,unsplash_real,Real_Unsplash
C:\Users\angus\Desktop\tiktoktechjam2026\data\real_ext\unsplash\unsplash_001816.jpg,0,unsplash_real,Real_Unsplash
C:\Users\angus\Desktop\tiktoktechjam2026\data\real_ext\unsplash\unsplash_001817.jpg,0,unsplash_real,Real_Unsplash
C:\Users\angus\Desktop\tiktoktechjam2026\data\real_ext\unsplash\unsplash_001818.jpg,0,unsplash_real,Real_Unsplash
C:\Users\angus\Desktop\tiktoktechjam2026\data\real_ext\unsplash\unsplash_001819.jpg,0,unsplash_real,Real_Unsplash
C:\Users\angus\Desktop\tiktoktechjam2026\data\real_ext\unsplash\unsplash_001820.jpg,0,unsplash_real,Real_Unsplash
C:\Users\angus\Desktop\tiktoktechjam2026\data\real_ext\unsplash\unsplash_001821.jpg,0,unsplash_real,Real_Unsplash
C:\Users\angus\Desktop\tiktoktechjam2026\data\real_ext\unsplash\unsplash_001822.jpg,0,unsplash_real,Real_Unsplash
C:\Users\angus\Desktop\tiktoktechjam2026\data\real_ext\unsplash\unsplash_001823.jpg,0,unsplash_real,Real_Unsplash
C:\Users\angus\Desktop\tiktoktechjam2026\data\real_ext\unsplash\unsplash_001824.jpg,0,unsplash_real,Real_Unsplash
C:\Users\angus\Desktop\tiktoktechjam2026\data\real_ext\unsplash\unsplash_001825.jpg,0,unsplash_real,Real_Unsplash
C:\Users\angus\Desktop\tiktoktechjam2026\data\real_ext\unsplash\unsplash_001826.jpg,0,unsplash_real,Real_Unsplash
C:\Users\angus\Desktop\tiktoktechjam2026\data\real_ext\unsplash\unsplash_001827.jpg,0,unsplash_real,Real_Unsplash
C:\Users\angus\Desktop\tiktoktechjam2026\data\real_ext\unsplash\unsplash_001828.jpg,0,unsplash_real,Real_Unsplash
C:\Users\angus\Desktop\tiktoktechjam2026\data\real_ext\unsplash\unsplash_001829.jpg,0,unsplash_real,Real_Unsplash
C:\Users\angus\Desktop\tiktoktechjam2026\data\real_ext\unsplash\unsplash_001830.jpg,0,unsplash_real,Real_Unsplash
C:\Users\angus\Desktop\tiktoktechjam2026\data\real_ext\unsplash\unsplash_001831.jpg,0,unsplash_real,Real_Unsplash
C:\Users\angus\Desktop\tiktoktechjam2026\data\real_ext\unsplash\unsplash_001832.jpg,0,unsplash_real,Real_Unsplash
C:\Users\angus\Desktop\tiktoktechjam2026\data\real_ext\unsplash\unsplash_001833.jpg,0,unsplash_real,Real_Unsplash
C:\Users\angus\Desktop\tiktoktechjam2026\data\real_ext\unsplash\unsplash_001834.jpg,0,unsplash_real,Real_Unsplash
C:\Users\angus\Desktop\tiktoktechjam2026\data\real_ext\unsplash\unsplash_001835.jpg,0,unsplash_real,Real_Unsplash
C:\Users\angus\Desktop\tiktoktechjam2026\data\real_ext\unsplash\unsplash_001836.jpg,0,unsplash_real,Real_Unsplash
C:\Users\angus\Desktop\tiktoktechjam2026\data\real_ext\unsplash\unsplash_001837.jpg,0,unsplash_real,Real_Unsplash
C:\Users\angus\Desktop\tiktoktechjam2026\data\real_ext\unsplash\unsplash_001838.jpg,0,unsplash_real,Real_Unsplash
C:\Users\angus\Desktop\tiktoktechjam2026\data\real_ext\unsplash\unsplash_001839.jpg,0,unsplash_real,Real_Unsplash
C:\Users\angus\Desktop\tiktoktechjam2026\data\real_ext\unsplash\unsplash_001840.jpg,0,unsplash_real,Real_Unsplash
C:\Users\angus\Desktop\tiktoktechjam2026\data\real_ext\unsplash\unsplash_001841.jpg,0,unsplash_real,Real_Unsplash
C:\Users\angus\Desktop\tiktoktechjam2026\data\real_ext\unsplash\unsplash_001842.jpg,0,unsplash_real,Real_Unsplash
C:\Users\angus\Desktop\tiktoktechjam2026\data\real_ext\unsplash\unsplash_001843.jpg,0,unsplash_real,Real_Unsplash
C:\Users\angus\Desktop\tiktoktechjam2026\data\real_ext\unsplash\unsplash_001844.jpg,0,unsplash_real,Real_Unsplash
C:\Users\angus\Desktop\tiktoktechjam2026\data\real_ext\unsplash\unsplash_001845.jpg,0,unsplash_real,Real_Unsplash
C:\Users\angus\Desktop\tiktoktechjam2026\data\real_ext\unsplash\unsplash_001846.jpg,0,unsplash_real,Real_Unsplash
C:\Users\angus\Desktop\tiktoktechjam2026\data\real_ext\unsplash\unsplash_001847.jpg,0,unsplash_real,Real_Unsplash
C:\Users\angus\Desktop\tiktoktechjam2026\data\real_ext\unsplash\unsplash_001848.jpg,0,unsplash_real,Real_Unsplash
C:\Users\angus\Desktop\tiktoktechjam2026\data\real_ext\unsplash\unsplash_001849.jpg,0,unsplash_real,Real_Unsplash
C:\Users\angus\Desktop\tiktoktechjam2026\data\real_ext\unsplash\unsplash_001850.jpg,0,unsplash_real,Real_Unsplash
C:\Users\angus\Desktop\tiktoktechjam2026\data\real_ext\unsplash\unsplash_001851.jpg,0,unsplash_real,Real_Unsplash
C:\Users\angus\Desktop\tiktoktechjam2026\data\real_ext\unsplash\unsplash_001852.jpg,0,unsplash_real,Real_Unsplash
C:\Users\angus\Desktop\tiktoktechjam2026\data\real_ext\unsplash\unsplash_001853.jpg,0,unsplash_real,Real_Unsplash
C:\Users\angus\Desktop\tiktoktechjam2026\data\real_ext\unsplash\unsplash_001854.jpg,0,unsplash_real,Real_Unsplash
C:\Users\angus\Desktop\tiktoktechjam2026\data\real_ext\unsplash\unsplash_001855.jpg,0,unsplash_real,Real_Unsplash
C:\Users\angus\Desktop\tiktoktechjam2026\data\real_ext\unsplash\unsplash_001856.jpg,0,unsplash_real,Real_Unsplash
C:\Users\angus\Desktop\tiktoktechjam2026\data\real_ext\unsplash\unsplash_001857.jpg,0,unsplash_real,Real_Unsplash
C:\Users\angus\Desktop\tiktoktechjam2026\data\real_ext\unsplash\unsplash_001858.jpg,0,unsplash_real,Real_Unsplash
C:\Users\angus\Desktop\tiktoktechjam2026\data\real_ext\unsplash\unsplash_001859.jpg,0,unsplash_real,Real_Unsplash
C:\Users\angus\Desktop\tiktoktechjam2026\data\real_ext\unsplash\unsplash_001860.jpg,0,unsplash_real,Real_Unsplash
C:\Users\angus\Desktop\tiktoktechjam2026\data\real_ext\unsplash\unsplash_001861.jpg,0,unsplash_real,Real_Unsplash
C:\Users\angus\Desktop\tiktoktechjam2026\data\real_ext\unsplash\unsplash_001862.jpg,0,unsplash_real,Real_Unsplash
C:\Users\angus\Desktop\tiktoktechjam2026\data\real_ext\unsplash\unsplash_001863.jpg,0,unsplash_real,Real_Unsplash
C:\Users\angus\Desktop\tiktoktechjam2026\data\real_ext\unsplash\unsplash_001864.jpg,0,unsplash_real,Real_Unsplash
C:\Users\angus\Desktop\tiktoktechjam2026\data\real_ext\unsplash\unsplash_001865.jpg,0,unsplash_real,Real_Unsplash
C:\Users\angus\Desktop\tiktoktechjam2026\data\real_ext\unsplash\unsplash_001866.jpg,0,unsplash_real,Real_Unsplash
C:\Users\angus\Desktop\tiktoktechjam2026\data\real_ext\unsplash\unsplash_001867.jpg,0,unsplash_real,Real_Unsplash
C:\Users\angus\Desktop\tiktoktechjam2026\data\real_ext\unsplash\unsplash_001868.jpg,0,unsplash_real,Real_Unsplash
C:\Users\angus\Desktop\tiktoktechjam2026\data\real_ext\unsplash\unsplash_001869.jpg,0,unsplash_real,Real_Unsplash
C:\Users\angus\Desktop\tiktoktechjam2026\data\real_ext\unsplash\unsplash_001870.jpg,0,unsplash_real,Real_Unsplash
C:\Users\angus\Desktop\tiktoktechjam2026\data\real_ext\unsplash\unsplash_001871.jpg,0,unsplash_real,Real_Unsplash
C:\Users\angus\Desktop\tiktoktechjam2026\data\real_ext\unsplash\unsplash_001872.jpg,0,unsplash_real,Real_Unsplash
C:\Users\angus\Desktop\tiktoktechjam2026\data\real_ext\unsplash\unsplash_001873.jpg,0,unsplash_real,Real_Unsplash
C:\Users\angus\Desktop\tiktoktechjam2026\data\real_ext\unsplash\unsplash_001874.jpg,0,unsplash_real,Real_Unsplash
C:\Users\angus\Desktop\tiktoktechjam2026\data\real_ext\unsplash\unsplash_001875.jpg,0,unsplash_real,Real_Unsplash
C:\Users\angus\Desktop\tiktoktechjam2026\data\real_ext\unsplash\unsplash_001876.jpg,0,unsplash_real,Real_Unsplash
C:\Users\angus\Desktop\tiktoktechjam2026\data\real_ext\unsplash\unsplash_001877.jpg,0,unsplash_real,Real_Unsplash
C:\Users\angus\Desktop\tiktoktechjam2026\data\real_ext\unsplash\unsplash_001878.jpg,0,unsplash_real,Real_Unsplash
C:\Users\angus\Desktop\tiktoktechjam2026\data\real_ext\unsplash\unsplash_001879.jpg,0,unsplash_real,Real_Unsplash
C:\Users\angus\Desktop\tiktoktechjam2026\data\real_ext\unsplash\unsplash_001880.jpg,0,unsplash_real,Real_Unsplash
C:\Users\angus\Desktop\tiktoktechjam2026\data\real_ext\unsplash\unsplash_001881.jpg,0,unsplash_real,Real_Unsplash
C:\Users\angus\Desktop\tiktoktechjam2026\data\real_ext\unsplash\unsplash_001882.jpg,0,unsplash_real,Real_Unsplash
C:\Users\angus\Desktop\tiktoktechjam2026\data\real_ext\unsplash\unsplash_001883.jpg,0,unsplash_real,Real_Unsplash
C:\Users\angus\Desktop\tiktoktechjam2026\data\real_ext\unsplash\unsplash_001884.jpg,0,unsplash_real,Real_Unsplash
C:\Users\angus\Desktop\tiktoktechjam2026\data\real_ext\unsplash\unsplash_001885.jpg,0,unsplash_real,Real_Unsplash
C:\Users\angus\Desktop\tiktoktechjam2026\data\real_ext\unsplash\unsplash_001886.jpg,0,unsplash_real,Real_Unsplash
C:\Users\angus\Desktop\tiktoktechjam2026\data\real_ext\unsplash\unsplash_001887.jpg,0,unsplash_real,Real_Unsplash
C:\Users\angus\Desktop\tiktoktechjam2026\data\real_ext\unsplash\unsplash_001888.jpg,0,unsplash_real,Real_Unsplash
C:\Users\angus\Desktop\tiktoktechjam2026\data\real_ext\unsplash\unsplash_001889.jpg,0,unsplash_real,Real_Unsplash
C:\Users\angus\Desktop\tiktoktechjam2026\data\real_ext\unsplash\unsplash_001890.jpg,0,unsplash_real,Real_Unsplash
C:\Users\angus\Desktop\tiktoktechjam2026\data\real_ext\unsplash\unsplash_001891.jpg,0,unsplash_real,Real_Unsplash
C:\Users\angus\Desktop\tiktoktechjam2026\data\real_ext\unsplash\unsplash_001892.jpg,0,unsplash_real,Real_Unsplash
C:\Users\angus\Desktop\tiktoktechjam2026\data\real_ext\unsplash\unsplash_001893.jpg,0,unsplash_real,Real_Unsplash
C:\Users\angus\Desktop\tiktoktechjam2026\data\real_ext\unsplash\unsplash_001894.jpg,0,unsplash_real,Real_Unsplash
C:\Users\angus\Desktop\tiktoktechjam2026\data\real_ext\unsplash\unsplash_001895.jpg,0,unsplash_real,Real_Unsplash
C:\Users\angus\Desktop\tiktoktechjam2026\data\real_ext\unsplash\unsplash_001896.jpg,0,unsplash_real,Real_Unsplash
C:\Users\angus\Desktop\tiktoktechjam2026\data\real_ext\unsplash\unsplash_001897.jpg,0,unsplash_real,Real_Unsplash
C:\Users\angus\Desktop\tiktoktechjam2026\data\real_ext\unsplash\unsplash_001898.jpg,0,unsplash_real,Real_Unsplash
C:\Users\angus\Desktop\tiktoktechjam2026\data\real_ext\unsplash\unsplash_001899.jpg,0,unsplash_real,Real_Unsplash
C:\Users\angus\Desktop\tiktoktechjam2026\data\real_ext\unsplash\unsplash_001900.jpg,0,unsplash_real,Real_Unsplash
C:\Users\angus\Desktop\tiktoktechjam2026\data\real_ext\unsplash\unsplash_001901.jpg,0,unsplash_real,Real_Unsplash
C:\Users\angus\Desktop\tiktoktechjam2026\data\real_ext\unsplash\unsplash_001902.jpg,0,unsplash_real,Real_Unsplash
C:\Users\angus\Desktop\tiktoktechjam2026\data\real_ext\unsplash\unsplash_001903.jpg,0,unsplash_real,Real_Unsplash
C:\Users\angus\Desktop\tiktoktechjam2026\data\real_ext\unsplash\unsplash_001904.jpg,0,unsplash_real,Real_Unsplash
C:\Users\angus\Desktop\tiktoktechjam2026\data\real_ext\unsplash\unsplash_001905.jpg,0,unsplash_real,Real_Unsplash
C:\Users\angus\Desktop\tiktoktechjam2026\data\real_ext\unsplash\unsplash_001906.jpg,0,unsplash_real,Real_Unsplash
C:\Users\angus\Desktop\tiktoktechjam2026\data\real_ext\unsplash\unsplash_001907.jpg,0,unsplash_real,Real_Unsplash
C:\Users\angus\Desktop\tiktoktechjam2026\data\real_ext\unsplash\unsplash_001908.jpg,0,unsplash_real,Real_Unsplash
C:\Users\angus\Desktop\tiktoktechjam2026\data\real_ext\unsplash\unsplash_001909.jpg,0,unsplash_real,Real_Unsplash
C:\Users\angus\Desktop\tiktoktechjam2026\data\real_ext\unsplash\unsplash_001910.jpg,0,unsplash_real,Real_Unsplash
C:\Users\angus\Desktop\tiktoktechjam2026\data\real_ext\unsplash\unsplash_001911.jpg,0,unsplash_real,Real_Unsplash
C:\Users\angus\Desktop\tiktoktechjam2026\data\real_ext\unsplash\unsplash_001912.jpg,0,unsplash_real,Real_Unsplash
C:\Users\angus\Desktop\tiktoktechjam2026\data\real_ext\unsplash\unsplash_001913.jpg,0,unsplash_real,Real_Unsplash
C:\Users\angus\Desktop\tiktoktechjam2026\data\real_ext\unsplash\unsplash_001914.jpg,0,unsplash_real,Real_Unsplash
C:\Users\angus\Desktop\tiktoktechjam2026\data\real_ext\unsplash\unsplash_001915.jpg,0,unsplash_real,Real_Unsplash
C:\Users\angus\Desktop\tiktoktechjam2026\data\real_ext\unsplash\unsplash_001916.jpg,0,unsplash_real,Real_Unsplash
C:\Users\angus\Desktop\tiktoktechjam2026\data\real_ext\unsplash\unsplash_001917.jpg,0,unsplash_real,Real_Unsplash
C:\Users\angus\Desktop\tiktoktechjam2026\data\real_ext\unsplash\unsplash_001918.jpg,0,unsplash_real,Real_Unsplash
C:\Users\angus\Desktop\tiktoktechjam2026\data\real_ext\unsplash\unsplash_001919.jpg,0,unsplash_real,Real_Unsplash
C:\Users\angus\Desktop\tiktoktechjam2026\data\real_ext\unsplash\unsplash_001920.jpg,0,unsplash_real,Real_Unsplash
C:\Users\angus\Desktop\tiktoktechjam2026\data\real_ext\unsplash\unsplash_001921.jpg,0,unsplash_real,Real_Unsplash
C:\Users\angus\Desktop\tiktoktechjam2026\data\real_ext\unsplash\unsplash_001922.jpg,0,unsplash_real,Real_Unsplash
C:\Users\angus\Desktop\tiktoktechjam2026\data\real_ext\unsplash\unsplash_001923.jpg,0,unsplash_real,Real_Unsplash
C:\Users\angus\Desktop\tiktoktechjam2026\data\real_ext\unsplash\unsplash_001924.jpg,0,unsplash_real,Real_Unsplash
C:\Users\angus\Desktop\tiktoktechjam2026\data\real_ext\unsplash\unsplash_001925.jpg,0,unsplash_real,Real_Unsplash
C:\Users\angus\Desktop\tiktoktechjam2026\data\real_ext\unsplash\unsplash_001926.jpg,0,unsplash_real,Real_Unsplash
C:\Users\angus\Desktop\tiktoktechjam2026\data\real_ext\unsplash\unsplash_001927.jpg,0,unsplash_real,Real_Unsplash
C:\Users\angus\Desktop\tiktoktechjam2026\data\real_ext\unsplash\unsplash_001928.jpg,0,unsplash_real,Real_Unsplash
C:\Users\angus\Desktop\tiktoktechjam2026\data\real_ext\unsplash\unsplash_001929.jpg,0,unsplash_real,Real_Unsplash
C:\Users\angus\Desktop\tiktoktechjam2026\data\real_ext\unsplash\unsplash_001930.jpg,0,unsplash_real,Real_Unsplash
C:\Users\angus\Desktop\tiktoktechjam2026\data\real_ext\unsplash\unsplash_001931.jpg,0,unsplash_real,Real_Unsplash
C:\Users\angus\Desktop\tiktoktechjam2026\data\real_ext\unsplash\unsplash_001932.jpg,0,unsplash_real,Real_Unsplash
C:\Users\angus\Desktop\tiktoktechjam2026\data\real_ext\unsplash\unsplash_001933.jpg,0,unsplash_real,Real_Unsplash
C:\Users\angus\Desktop\tiktoktechjam2026\data\real_ext\unsplash\unsplash_001934.jpg,0,unsplash_real,Real_Unsplash
C:\Users\angus\Desktop\tiktoktechjam2026\data\real_ext\unsplash\unsplash_001935.jpg,0,unsplash_real,Real_Unsplash
C:\Users\angus\Desktop\tiktoktechjam2026\data\real_ext\unsplash\unsplash_001936.jpg,0,unsplash_real,Real_Unsplash
C:\Users\angus\Desktop\tiktoktechjam2026\data\real_ext\unsplash\unsplash_001937.jpg,0,unsplash_real,Real_Unsplash
C:\Users\angus\Desktop\tiktoktechjam2026\data\real_ext\unsplash\unsplash_001938.jpg,0,unsplash_real,Real_Unsplash
C:\Users\angus\Desktop\tiktoktechjam2026\data\real_ext\unsplash\unsplash_001939.jpg,0,unsplash_real,Real_Unsplash
C:\Users\angus\Desktop\tiktoktechjam2026\data\real_ext\unsplash\unsplash_001940.jpg,0,unsplash_real,Real_Unsplash
C:\Users\angus\Desktop\tiktoktechjam2026\data\real_ext\unsplash\unsplash_001941.jpg,0,unsplash_real,Real_Unsplash
C:\Users\angus\Desktop\tiktoktechjam2026\data\real_ext\unsplash\unsplash_001942.jpg,0,unsplash_real,Real_Unsplash
C:\Users\angus\Desktop\tiktoktechjam2026\data\real_ext\unsplash\unsplash_001943.jpg,0,unsplash_real,Real_Unsplash
C:\Users\angus\Desktop\tiktoktechjam2026\data\real_ext\unsplash\unsplash_001944.jpg,0,unsplash_real,Real_Unsplash
C:\Users\angus\Desktop\tiktoktechjam2026\data\real_ext\unsplash\unsplash_001945.jpg,0,unsplash_real,Real_Unsplash
C:\Users\angus\Desktop\tiktoktechjam2026\data\real_ext\unsplash\unsplash_001946.jpg,0,unsplash_real,Real_Unsplash
C:\Users\angus\Desktop\tiktoktechjam2026\data\real_ext\unsplash\unsplash_001947.jpg,0,unsplash_real,Real_Unsplash
C:\Users\angus\Desktop\tiktoktechjam2026\data\real_ext\unsplash\unsplash_001948.jpg,0,unsplash_real,Real_Unsplash
C:\Users\angus\Desktop\tiktoktechjam2026\data\real_ext\unsplash\unsplash_001949.jpg,0,unsplash_real,Real_Unsplash
C:\Users\angus\Desktop\tiktoktechjam2026\data\real_ext\unsplash\unsplash_001950.jpg,0,unsplash_real,Real_Unsplash
C:\Users\angus\Desktop\tiktoktechjam2026\data\real_ext\unsplash\unsplash_001951.jpg,0,unsplash_real,Real_Unsplash
C:\Users\angus\Desktop\tiktoktechjam2026\data\real_ext\unsplash\unsplash_001952.jpg,0,unsplash_real,Real_Unsplash
C:\Users\angus\Desktop\tiktoktechjam2026\data\real_ext\unsplash\unsplash_001953.jpg,0,unsplash_real,Real_Unsplash
C:\Users\angus\Desktop\tiktoktechjam2026\data\real_ext\unsplash\unsplash_001954.jpg,0,unsplash_real,Real_Unsplash
C:\Users\angus\Desktop\tiktoktechjam2026\data\real_ext\unsplash\unsplash_001955.jpg,0,unsplash_real,Real_Unsplash
C:\Users\angus\Desktop\tiktoktechjam2026\data\real_ext\unsplash\unsplash_001956.jpg,0,unsplash_real,Real_Unsplash
C:\Users\angus\Desktop\tiktoktechjam2026\data\real_ext\unsplash\unsplash_001957.jpg,0,unsplash_real,Real_Unsplash
C:\Users\angus\Desktop\tiktoktechjam2026\data\real_ext\unsplash\unsplash_001958.jpg,0,unsplash_real,Real_Unsplash
C:\Users\angus\Desktop\tiktoktechjam2026\data\real_ext\unsplash\unsplash_001959.jpg,0,unsplash_real,Real_Unsplash
C:\Users\angus\Desktop\tiktoktechjam2026\data\real_ext\unsplash\unsplash_001960.jpg,0,unsplash_real,Real_Unsplash
C:\Users\angus\Desktop\tiktoktechjam2026\data\real_ext\unsplash\unsplash_001961.jpg,0,unsplash_real,Real_Unsplash
C:\Users\angus\Desktop\tiktoktechjam2026\data\real_ext\unsplash\unsplash_001962.jpg,0,unsplash_real,Real_Unsplash
C:\Users\angus\Desktop\tiktoktechjam2026\data\real_ext\unsplash\unsplash_001963.jpg,0,unsplash_real,Real_Unsplash
C:\Users\angus\Desktop\tiktoktechjam2026\data\real_ext\unsplash\unsplash_001964.jpg,0,unsplash_real,Real_Unsplash
C:\Users\angus\Desktop\tiktoktechjam2026\data\real_ext\unsplash\unsplash_001965.jpg,0,unsplash_real,Real_Unsplash
C:\Users\angus\Desktop\tiktoktechjam2026\data\real_ext\unsplash\unsplash_001966.jpg,0,unsplash_real,Real_Unsplash
C:\Users\angus\Desktop\tiktoktechjam2026\data\real_ext\unsplash\unsplash_001967.jpg,0,unsplash_real,Real_Unsplash
C:\Users\angus\Desktop\tiktoktechjam2026\data\real_ext\unsplash\unsplash_001968.jpg,0,unsplash_real,Real_Unsplash
C:\Users\angus\Desktop\tiktoktechjam2026\data\real_ext\unsplash\unsplash_001969.jpg,0,unsplash_real,Real_Unsplash
C:\Users\angus\Desktop\tiktoktechjam2026\data\real_ext\unsplash\unsplash_001970.jpg,0,unsplash_real,Real_Unsplash
C:\Users\angus\Desktop\tiktoktechjam2026\data\real_ext\unsplash\unsplash_001971.jpg,0,unsplash_real,Real_Unsplash
C:\Users\angus\Desktop\tiktoktechjam2026\data\real_ext\unsplash\unsplash_001972.jpg,0,unsplash_real,Real_Unsplash
C:\Users\angus\Desktop\tiktoktechjam2026\data\real_ext\unsplash\unsplash_001973.jpg,0,unsplash_real,Real_Unsplash
C:\Users\angus\Desktop\tiktoktechjam2026\data\real_ext\unsplash\unsplash_001974.jpg,0,unsplash_real,Real_Unsplash
C:\Users\angus\Desktop\tiktoktechjam2026\data\real_ext\unsplash\unsplash_001975.jpg,0,unsplash_real,Real_Unsplash
C:\Users\angus\Desktop\tiktoktechjam2026\data\real_ext\unsplash\unsplash_001976.jpg,0,unsplash_real,Real_Unsplash
C:\Users\angus\Desktop\tiktoktechjam2026\data\real_ext\unsplash\unsplash_001977.jpg,0,unsplash_real,Real_Unsplash
C:\Users\angus\Desktop\tiktoktechjam2026\data\real_ext\unsplash\unsplash_001978.jpg,0,unsplash_real,Real_Unsplash
C:\Users\angus\Desktop\tiktoktechjam2026\data\real_ext\unsplash\unsplash_001979.jpg,0,unsplash_real,Real_Unsplash
C:\Users\angus\Desktop\tiktoktechjam2026\data\real_ext\unsplash\unsplash_001980.jpg,0,unsplash_real,Real_Unsplash
C:\Users\angus\Desktop\tiktoktechjam2026\data\real_ext\unsplash\unsplash_001981.jpg,0,unsplash_real,Real_Unsplash
C:\Users\angus\Desktop\tiktoktechjam2026\data\real_ext\unsplash\unsplash_001982.jpg,0,unsplash_real,Real_Unsplash
C:\Users\angus\Desktop\tiktoktechjam2026\data\real_ext\unsplash\unsplash_001983.jpg,0,unsplash_real,Real_Unsplash
C:\Users\angus\Desktop\tiktoktechjam2026\data\real_ext\unsplash\unsplash_001984.jpg,0,unsplash_real,Real_Unsplash
C:\Users\angus\Desktop\tiktoktechjam2026\data\real_ext\unsplash\unsplash_001985.jpg,0,unsplash_real,Real_Unsplash
C:\Users\angus\Desktop\tiktoktechjam2026\data\real_ext\unsplash\unsplash_001986.jpg,0,unsplash_real,Real_Unsplash
C:\Users\angus\Desktop\tiktoktechjam2026\data\real_ext\unsplash\unsplash_001987.jpg,0,unsplash_real,Real_Unsplash
C:\Users\angus\Desktop\tiktoktechjam2026\data\real_ext\unsplash\unsplash_001988.jpg,0,unsplash_real,Real_Unsplash
C:\Users\angus\Desktop\tiktoktechjam2026\data\real_ext\unsplash\unsplash_001989.jpg,0,unsplash_real,Real_Unsplash
C:\Users\angus\Desktop\tiktoktechjam2026\data\real_ext\unsplash\unsplash_001990.jpg,0,unsplash_real,Real_Unsplash
C:\Users\angus\Desktop\tiktoktechjam2026\data\real_ext\unsplash\unsplash_001991.jpg,0,unsplash_real,Real_Unsplash
C:\Users\angus\Desktop\tiktoktechjam2026\data\real_ext\unsplash\unsplash_001992.jpg,0,unsplash_real,Real_Unsplash
C:\Users\angus\Desktop\tiktoktechjam2026\data\real_ext\unsplash\unsplash_001993.jpg,0,unsplash_real,Real_Unsplash
C:\Users\angus\Desktop\tiktoktechjam2026\data\real_ext\unsplash\unsplash_001994.jpg,0,unsplash_real,Real_Unsplash
C:\Users\angus\Desktop\tiktoktechjam2026\data\real_ext\unsplash\unsplash_001995.jpg,0,unsplash_real,Real_Unsplash
C:\Users\angus\Desktop\tiktoktechjam2026\data\real_ext\unsplash\unsplash_001996.jpg,0,unsplash_real,Real_Unsplash
C:\Users\angus\Desktop\tiktoktechjam2026\data\real_ext\unsplash\unsplash_001997.jpg,0,unsplash_real,Real_Unsplash
C:\Users\angus\Desktop\tiktoktechjam2026\data\real_ext\unsplash\unsplash_001998.jpg,0,unsplash_real,Real_Unsplash
C:\Users\angus\Desktop\tiktoktechjam2026\data\real_ext\unsplash\unsplash_001999.jpg,0,unsplash_real,Real_Unsplash
C:\Users\angus\Desktop\tiktoktechjam2026\data\real_ext\unsplash\unsplash_002000.jpg,0,unsplash_real,Real_Unsplash
C:\Users\angus\Desktop\tiktoktechjam2026\data\real_ext\unsplash\unsplash_002001.jpg,0,unsplash_real,Real_Unsplash
C:\Users\angus\Desktop\tiktoktechjam2026\data\real_ext\unsplash\unsplash_002002.jpg,0,unsplash_real,Real_Unsplash
C:\Users\angus\Desktop\tiktoktechjam2026\data\real_ext\unsplash\unsplash_002003.jpg,0,unsplash_real,Real_Unsplash
C:\Users\angus\Desktop\tiktoktechjam2026\data\real_ext\unsplash\unsplash_002004.jpg,0,unsplash_real,Real_Unsplash
C:\Users\angus\Desktop\tiktoktechjam2026\data\real_ext\unsplash\unsplash_002005.jpg,0,unsplash_real,Real_Unsplash
C:\Users\angus\Desktop\tiktoktechjam2026\data\real_ext\unsplash\unsplash_002006.jpg,0,unsplash_real,Real_Unsplash
C:\Users\angus\Desktop\tiktoktechjam2026\data\real_ext\unsplash\unsplash_002007.jpg,0,unsplash_real,Real_Unsplash
C:\Users\angus\Desktop\tiktoktechjam2026\data\real_ext\unsplash\unsplash_002008.jpg,0,unsplash_real,Real_Unsplash
C:\Users\angus\Desktop\tiktoktechjam2026\data\real_ext\unsplash\unsplash_002009.jpg,0,unsplash_real,Real_Unsplash
C:\Users\angus\Desktop\tiktoktechjam2026\data\real_ext\unsplash\unsplash_002010.jpg,0,unsplash_real,Real_Unsplash
C:\Users\angus\Desktop\tiktoktechjam2026\data\real_ext\unsplash\unsplash_002011.jpg,0,unsplash_real,Real_Unsplash
C:\Users\angus\Desktop\tiktoktechjam2026\data\real_ext\unsplash\unsplash_002012.jpg,0,unsplash_real,Real_Unsplash
C:\Users\angus\Desktop\tiktoktechjam2026\data\real_ext\unsplash\unsplash_002013.jpg,0,unsplash_real,Real_Unsplash
C:\Users\angus\Desktop\tiktoktechjam2026\data\real_ext\unsplash\unsplash_002014.jpg,0,unsplash_real,Real_Unsplash
C:\Users\angus\Desktop\tiktoktechjam2026\data\real_ext\unsplash\unsplash_002015.jpg,0,unsplash_real,Real_Unsplash
C:\Users\angus\Desktop\tiktoktechjam2026\data\real_ext\unsplash\unsplash_002016.jpg,0,unsplash_real,Real_Unsplash
C:\Users\angus\Desktop\tiktoktechjam2026\data\real_ext\unsplash\unsplash_002017.jpg,0,unsplash_real,Real_Unsplash
C:\Users\angus\Desktop\tiktoktechjam2026\data\real_ext\unsplash\unsplash_002018.jpg,0,unsplash_real,Real_Unsplash
C:\Users\angus\Desktop\tiktoktechjam2026\data\real_ext\unsplash\unsplash_002019.jpg,0,unsplash_real,Real_Unsplash
C:\Users\angus\Desktop\tiktoktechjam2026\data\real_ext\unsplash\unsplash_002020.jpg,0,unsplash_real,Real_Unsplash
C:\Users\angus\Desktop\tiktoktechjam2026\data\real_ext\unsplash\unsplash_002021.jpg,0,unsplash_real,Real_Unsplash
C:\Users\angus\Desktop\tiktoktechjam2026\data\real_ext\unsplash\unsplash_002022.jpg,0,unsplash_real,Real_Unsplash
C:\Users\angus\Desktop\tiktoktechjam2026\data\real_ext\unsplash\unsplash_002023.jpg,0,unsplash_real,Real_Unsplash
C:\Users\angus\Desktop\tiktoktechjam2026\data\real_ext\unsplash\unsplash_002024.jpg,0,unsplash_real,Real_Unsplash
C:\Users\angus\Desktop\tiktoktechjam2026\data\real_ext\unsplash\unsplash_002025.jpg,0,unsplash_real,Real_Unsplash
C:\Users\angus\Desktop\tiktoktechjam2026\data\real_ext\unsplash\unsplash_002026.jpg,0,unsplash_real,Real_Unsplash
C:\Users\angus\Desktop\tiktoktechjam2026\data\real_ext\unsplash\unsplash_002027.jpg,0,unsplash_real,Real_Unsplash
C:\Users\angus\Desktop\tiktoktechjam2026\data\real_ext\unsplash\unsplash_002028.jpg,0,unsplash_real,Real_Unsplash
C:\Users\angus\Desktop\tiktoktechjam2026\data\real_ext\unsplash\unsplash_002029.jpg,0,unsplash_real,Real_Unsplash
C:\Users\angus\Desktop\tiktoktechjam2026\data\real_ext\unsplash\unsplash_002030.jpg,0,unsplash_real,Real_Unsplash
C:\Users\angus\Desktop\tiktoktechjam2026\data\real_ext\unsplash\unsplash_002031.jpg,0,unsplash_real,Real_Unsplash
C:\Users\angus\Desktop\tiktoktechjam2026\data\real_ext\unsplash\unsplash_002032.jpg,0,unsplash_real,Real_Unsplash
C:\Users\angus\Desktop\tiktoktechjam2026\data\real_ext\unsplash\unsplash_002033.jpg,0,unsplash_real,Real_Unsplash
C:\Users\angus\Desktop\tiktoktechjam2026\data\real_ext\unsplash\unsplash_002034.jpg,0,unsplash_real,Real_Unsplash
C:\Users\angus\Desktop\tiktoktechjam2026\data\real_ext\unsplash\unsplash_002035.jpg,0,unsplash_real,Real_Unsplash
C:\Users\angus\Desktop\tiktoktechjam2026\data\real_ext\unsplash\unsplash_002036.jpg,0,unsplash_real,Real_Unsplash
C:\Users\angus\Desktop\tiktoktechjam2026\data\real_ext\unsplash\unsplash_002037.jpg,0,unsplash_real,Real_Unsplash
C:\Users\angus\Desktop\tiktoktechjam2026\data\real_ext\unsplash\unsplash_002038.jpg,0,unsplash_real,Real_Unsplash
C:\Users\angus\Desktop\tiktoktechjam2026\data\real_ext\unsplash\unsplash_002039.jpg,0,unsplash_real,Real_Unsplash
C:\Users\angus\Desktop\tiktoktechjam2026\data\real_ext\unsplash\unsplash_002040.jpg,0,unsplash_real,Real_Unsplash
C:\Users\angus\Desktop\tiktoktechjam2026\data\real_ext\unsplash\unsplash_002041.jpg,0,unsplash_real,Real_Unsplash
C:\Users\angus\Desktop\tiktoktechjam2026\data\real_ext\unsplash\unsplash_002042.jpg,0,unsplash_real,Real_Unsplash
C:\Users\angus\Desktop\tiktoktechjam2026\data\real_ext\unsplash\unsplash_002043.jpg,0,unsplash_real,Real_Unsplash
C:\Users\angus\Desktop\tiktoktechjam2026\data\real_ext\unsplash\unsplash_002044.jpg,0,unsplash_real,Real_Unsplash
C:\Users\angus\Desktop\tiktoktechjam2026\data\real_ext\unsplash\unsplash_002045.jpg,0,unsplash_real,Real_Unsplash
C:\Users\angus\Desktop\tiktoktechjam2026\data\real_ext\unsplash\unsplash_002046.jpg,0,unsplash_real,Real_Unsplash
C:\Users\angus\Desktop\tiktoktechjam2026\data\real_ext\unsplash\unsplash_002047.jpg,0,unsplash_real,Real_Unsplash
C:\Users\angus\Desktop\tiktoktechjam2026\data\real_ext\unsplash\unsplash_002048.jpg,0,unsplash_real,Real_Unsplash
C:\Users\angus\Desktop\tiktoktechjam2026\data\real_ext\unsplash\unsplash_002049.jpg,0,unsplash_real,Real_Unsplash
C:\Users\angus\Desktop\tiktoktechjam2026\data\real_ext\unsplash\unsplash_002050.jpg,0,unsplash_real,Real_Unsplash
C:\Users\angus\Desktop\tiktoktechjam2026\data\real_ext\unsplash\unsplash_002051.jpg,0,unsplash_real,Real_Unsplash
C:\Users\angus\Desktop\tiktoktechjam2026\data\real_ext\unsplash\unsplash_002052.jpg,0,unsplash_real,Real_Unsplash
C:\Users\angus\Desktop\tiktoktechjam2026\data\real_ext\unsplash\unsplash_002053.jpg,0,unsplash_real,Real_Unsplash
C:\Users\angus\Desktop\tiktoktechjam2026\data\real_ext\unsplash\unsplash_002054.jpg,0,unsplash_real,Real_Unsplash
C:\Users\angus\Desktop\tiktoktechjam2026\data\real_ext\unsplash\unsplash_002055.jpg,0,unsplash_real,Real_Unsplash
C:\Users\angus\Desktop\tiktoktechjam2026\data\real_ext\unsplash\unsplash_002056.jpg,0,unsplash_real,Real_Unsplash
C:\Users\angus\Desktop\tiktoktechjam2026\data\real_ext\unsplash\unsplash_002057.jpg,0,unsplash_real,Real_Unsplash
C:\Users\angus\Desktop\tiktoktechjam2026\data\real_ext\unsplash\unsplash_002058.jpg,0,unsplash_real,Real_Unsplash
C:\Users\angus\Desktop\tiktoktechjam2026\data\real_ext\unsplash\unsplash_002059.jpg,0,unsplash_real,Real_Unsplash
C:\Users\angus\Desktop\tiktoktechjam2026\data\real_ext\unsplash\unsplash_002060.jpg,0,unsplash_real,Real_Unsplash
C:\Users\angus\Desktop\tiktoktechjam2026\data\real_ext\unsplash\unsplash_002061.jpg,0,unsplash_real,Real_Unsplash
C:\Users\angus\Desktop\tiktoktechjam2026\data\real_ext\unsplash\unsplash_002062.jpg,0,unsplash_real,Real_Unsplash
C:\Users\angus\Desktop\tiktoktechjam2026\data\real_ext\unsplash\unsplash_002063.jpg,0,unsplash_real,Real_Unsplash
C:\Users\angus\Desktop\tiktoktechjam2026\data\real_ext\unsplash\unsplash_002064.jpg,0,unsplash_real,Real_Unsplash
C:\Users\angus\Desktop\tiktoktechjam2026\data\real_ext\unsplash\unsplash_002065.jpg,0,unsplash_real,Real_Unsplash
C:\Users\angus\Desktop\tiktoktechjam2026\data\real_ext\unsplash\unsplash_002066.jpg,0,unsplash_real,Real_Unsplash
C:\Users\angus\Desktop\tiktoktechjam2026\data\real_ext\unsplash\unsplash_002067.jpg,0,unsplash_real,Real_Unsplash
C:\Users\angus\Desktop\tiktoktechjam2026\data\real_ext\unsplash\unsplash_002068.jpg,0,unsplash_real,Real_Unsplash
C:\Users\angus\Desktop\tiktoktechjam2026\data\real_ext\unsplash\unsplash_002069.jpg,0,unsplash_real,Real_Unsplash
C:\Users\angus\Desktop\tiktoktechjam2026\data\real_ext\unsplash\unsplash_002070.jpg,0,unsplash_real,Real_Unsplash
C:\Users\angus\Desktop\tiktoktechjam2026\data\real_ext\unsplash\unsplash_002071.jpg,0,unsplash_real,Real_Unsplash
C:\Users\angus\Desktop\tiktoktechjam2026\data\real_ext\unsplash\unsplash_002072.jpg,0,unsplash_real,Real_Unsplash
C:\Users\angus\Desktop\tiktoktechjam2026\data\real_ext\unsplash\unsplash_002073.jpg,0,unsplash_real,Real_Unsplash
C:\Users\angus\Desktop\tiktoktechjam2026\data\real_ext\unsplash\unsplash_002074.jpg,0,unsplash_real,Real_Unsplash
C:\Users\angus\Desktop\tiktoktechjam2026\data\real_ext\unsplash\unsplash_002075.jpg,0,unsplash_real,Real_Unsplash
C:\Users\angus\Desktop\tiktoktechjam2026\data\real_ext\unsplash\unsplash_002076.jpg,0,unsplash_real,Real_Unsplash
C:\Users\angus\Desktop\tiktoktechjam2026\data\real_ext\unsplash\unsplash_002077.jpg,0,unsplash_real,Real_Unsplash
C:\Users\angus\Desktop\tiktoktechjam2026\data\real_ext\unsplash\unsplash_002078.jpg,0,unsplash_real,Real_Unsplash
C:\Users\angus\Desktop\tiktoktechjam2026\data\real_ext\unsplash\unsplash_002079.jpg,0,unsplash_real,Real_Unsplash
C:\Users\angus\Desktop\tiktoktechjam2026\data\real_ext\unsplash\unsplash_002080.jpg,0,unsplash_real,Real_Unsplash
C:\Users\angus\Desktop\tiktoktechjam2026\data\real_ext\unsplash\unsplash_002081.jpg,0,unsplash_real,Real_Unsplash
C:\Users\angus\Desktop\tiktoktechjam2026\data\real_ext\unsplash\unsplash_002082.jpg,0,unsplash_real,Real_Unsplash
C:\Users\angus\Desktop\tiktoktechjam2026\data\real_ext\unsplash\unsplash_002083.jpg,0,unsplash_real,Real_Unsplash
C:\Users\angus\Desktop\tiktoktechjam2026\data\real_ext\unsplash\unsplash_002084.jpg,0,unsplash_real,Real_Unsplash
C:\Users\angus\Desktop\tiktoktechjam2026\data\real_ext\unsplash\unsplash_002085.jpg,0,unsplash_real,Real_Unsplash
C:\Users\angus\Desktop\tiktoktechjam2026\data\real_ext\unsplash\unsplash_002086.jpg,0,unsplash_real,Real_Unsplash
C:\Users\angus\Desktop\tiktoktechjam2026\data\real_ext\unsplash\unsplash_002087.jpg,0,unsplash_real,Real_Unsplash
C:\Users\angus\Desktop\tiktoktechjam2026\data\real_ext\unsplash\unsplash_002088.jpg,0,unsplash_real,Real_Unsplash
C:\Users\angus\Desktop\tiktoktechjam2026\data\real_ext\unsplash\unsplash_002089.jpg,0,unsplash_real,Real_Unsplash
C:\Users\angus\Desktop\tiktoktechjam2026\data\real_ext\unsplash\unsplash_002090.jpg,0,unsplash_real,Real_Unsplash
C:\Users\angus\Desktop\tiktoktechjam2026\data\real_ext\unsplash\unsplash_002091.jpg,0,unsplash_real,Real_Unsplash
C:\Users\angus\Desktop\tiktoktechjam2026\data\real_ext\unsplash\unsplash_002092.jpg,0,unsplash_real,Real_Unsplash
C:\Users\angus\Desktop\tiktoktechjam2026\data\real_ext\unsplash\unsplash_002093.jpg,0,unsplash_real,Real_Unsplash
C:\Users\angus\Desktop\tiktoktechjam2026\data\real_ext\unsplash\unsplash_002094.jpg,0,unsplash_real,Real_Unsplash
C:\Users\angus\Desktop\tiktoktechjam2026\data\real_ext\unsplash\unsplash_002095.jpg,0,unsplash_real,Real_Unsplash
C:\Users\angus\Desktop\tiktoktechjam2026\data\real_ext\unsplash\unsplash_002096.jpg,0,unsplash_real,Real_Unsplash
C:\Users\angus\Desktop\tiktoktechjam2026\data\real_ext\unsplash\unsplash_002097.jpg,0,unsplash_real,Real_Unsplash
C:\Users\angus\Desktop\tiktoktechjam2026\data\real_ext\unsplash\unsplash_002098.jpg,0,unsplash_real,Real_Unsplash
C:\Users\angus\Desktop\tiktoktechjam2026\data\real_ext\unsplash\unsplash_002099.jpg,0,unsplash_real,Real_Unsplash
C:\Users\angus\Desktop\tiktoktechjam2026\data\real_ext\unsplash\unsplash_002100.jpg,0,unsplash_real,Real_Unsplash
C:\Users\angus\Desktop\tiktoktechjam2026\data\real_ext\unsplash\unsplash_002101.jpg,0,unsplash_real,Real_Unsplash
C:\Users\angus\Desktop\tiktoktechjam2026\data\real_ext\unsplash\unsplash_002102.jpg,0,unsplash_real,Real_Unsplash
C:\Users\angus\Desktop\tiktoktechjam2026\data\real_ext\unsplash\unsplash_002103.jpg,0,unsplash_real,Real_Unsplash
C:\Users\angus\Desktop\tiktoktechjam2026\data\real_ext\unsplash\unsplash_002104.jpg,0,unsplash_real,Real_Unsplash
C:\Users\angus\Desktop\tiktoktechjam2026\data\real_ext\unsplash\unsplash_002105.jpg,0,unsplash_real,Real_Unsplash
C:\Users\angus\Desktop\tiktoktechjam2026\data\real_ext\unsplash\unsplash_002106.jpg,0,unsplash_real,Real_Unsplash
C:\Users\angus\Desktop\tiktoktechjam2026\data\real_ext\unsplash\unsplash_002107.jpg,0,unsplash_real,Real_Unsplash
C:\Users\angus\Desktop\tiktoktechjam2026\data\real_ext\unsplash\unsplash_002108.jpg,0,unsplash_real,Real_Unsplash
C:\Users\angus\Desktop\tiktoktechjam2026\data\real_ext\unsplash\unsplash_002109.jpg,0,unsplash_real,Real_Unsplash
C:\Users\angus\Desktop\tiktoktechjam2026\data\real_ext\unsplash\unsplash_002110.jpg,0,unsplash_real,Real_Unsplash
C:\Users\angus\Desktop\tiktoktechjam2026\data\real_ext\unsplash\unsplash_002111.jpg,0,unsplash_real,Real_Unsplash
C:\Users\angus\Desktop\tiktoktechjam2026\data\real_ext\unsplash\unsplash_002112.jpg,0,unsplash_real,Real_Unsplash
C:\Users\angus\Desktop\tiktoktechjam2026\data\real_ext\unsplash\unsplash_002113.jpg,0,unsplash_real,Real_Unsplash
C:\Users\angus\Desktop\tiktoktechjam2026\data\real_ext\unsplash\unsplash_002114.jpg,0,unsplash_real,Real_Unsplash
C:\Users\angus\Desktop\tiktoktechjam2026\data\real_ext\unsplash\unsplash_002115.jpg,0,unsplash_real,Real_Unsplash
C:\Users\angus\Desktop\tiktoktechjam2026\data\real_ext\unsplash\unsplash_002116.jpg,0,unsplash_real,Real_Unsplash
C:\Users\angus\Desktop\tiktoktechjam2026\data\real_ext\unsplash\unsplash_002117.jpg,0,unsplash_real,Real_Unsplash
C:\Users\angus\Desktop\tiktoktechjam2026\data\real_ext\unsplash\unsplash_002118.jpg,0,unsplash_real,Real_Unsplash
C:\Users\angus\Desktop\tiktoktechjam2026\data\real_ext\unsplash\unsplash_002119.jpg,0,unsplash_real,Real_Unsplash
C:\Users\angus\Desktop\tiktoktechjam2026\data\real_ext\unsplash\unsplash_002120.jpg,0,unsplash_real,Real_Unsplash
C:\Users\angus\Desktop\tiktoktechjam2026\data\real_ext\unsplash\unsplash_002121.jpg,0,unsplash_real,Real_Unsplash
C:\Users\angus\Desktop\tiktoktechjam2026\data\real_ext\unsplash\unsplash_002122.jpg,0,unsplash_real,Real_Unsplash
C:\Users\angus\Desktop\tiktoktechjam2026\data\real_ext\unsplash\unsplash_002123.jpg,0,unsplash_real,Real_Unsplash
C:\Users\angus\Desktop\tiktoktechjam2026\data\real_ext\unsplash\unsplash_002124.jpg,0,unsplash_real,Real_Unsplash
C:\Users\angus\Desktop\tiktoktechjam2026\data\real_ext\unsplash\unsplash_002125.jpg,0,unsplash_real,Real_Unsplash
C:\Users\angus\Desktop\tiktoktechjam2026\data\real_ext\unsplash\unsplash_002126.jpg,0,unsplash_real,Real_Unsplash
C:\Users\angus\Desktop\tiktoktechjam2026\data\real_ext\unsplash\unsplash_002127.jpg,0,unsplash_real,Real_Unsplash
C:\Users\angus\Desktop\tiktoktechjam2026\data\real_ext\unsplash\unsplash_002128.jpg,0,unsplash_real,Real_Unsplash
C:\Users\angus\Desktop\tiktoktechjam2026\data\real_ext\unsplash\unsplash_002129.jpg,0,unsplash_real,Real_Unsplash
C:\Users\angus\Desktop\tiktoktechjam2026\data\real_ext\unsplash\unsplash_002130.jpg,0,unsplash_real,Real_Unsplash
C:\Users\angus\Desktop\tiktoktechjam2026\data\real_ext\unsplash\unsplash_002131.jpg,0,unsplash_real,Real_Unsplash
C:\Users\angus\Desktop\tiktoktechjam2026\data\real_ext\unsplash\unsplash_002132.jpg,0,unsplash_real,Real_Unsplash
C:\Users\angus\Desktop\tiktoktechjam2026\data\real_ext\unsplash\unsplash_002133.jpg,0,unsplash_real,Real_Unsplash
C:\Users\angus\Desktop\tiktoktechjam2026\data\real_ext\unsplash\unsplash_002134.jpg,0,unsplash_real,Real_Unsplash
C:\Users\angus\Desktop\tiktoktechjam2026\data\real_ext\unsplash\unsplash_002135.jpg,0,unsplash_real,Real_Unsplash
C:\Users\angus\Desktop\tiktoktechjam2026\data\real_ext\unsplash\unsplash_002136.jpg,0,unsplash_real,Real_Unsplash
C:\Users\angus\Desktop\tiktoktechjam2026\data\real_ext\unsplash\unsplash_002137.jpg,0,unsplash_real,Real_Unsplash
C:\Users\angus\Desktop\tiktoktechjam2026\data\real_ext\unsplash\unsplash_002138.jpg,0,unsplash_real,Real_Unsplash
C:\Users\angus\Desktop\tiktoktechjam2026\data\real_ext\unsplash\unsplash_002139.jpg,0,unsplash_real,Real_Unsplash
C:\Users\angus\Desktop\tiktoktechjam2026\data\real_ext\unsplash\unsplash_002140.jpg,0,unsplash_real,Real_Unsplash
C:\Users\angus\Desktop\tiktoktechjam2026\data\real_ext\unsplash\unsplash_002141.jpg,0,unsplash_real,Real_Unsplash
C:\Users\angus\Desktop\tiktoktechjam2026\data\real_ext\unsplash\unsplash_002142.jpg,0,unsplash_real,Real_Unsplash
C:\Users\angus\Desktop\tiktoktechjam2026\data\real_ext\unsplash\unsplash_002143.jpg,0,unsplash_real,Real_Unsplash
C:\Users\angus\Desktop\tiktoktechjam2026\data\real_ext\unsplash\unsplash_002144.jpg,0,unsplash_real,Real_Unsplash
C:\Users\angus\Desktop\tiktoktechjam2026\data\real_ext\unsplash\unsplash_002145.jpg,0,unsplash_real,Real_Unsplash
C:\Users\angus\Desktop\tiktoktechjam2026\data\real_ext\unsplash\unsplash_002146.jpg,0,unsplash_real,Real_Unsplash
C:\Users\angus\Desktop\tiktoktechjam2026\data\real_ext\unsplash\unsplash_002147.jpg,0,unsplash_real,Real_Unsplash
C:\Users\angus\Desktop\tiktoktechjam2026\data\real_ext\unsplash\unsplash_002148.jpg,0,unsplash_real,Real_Unsplash
C:\Users\angus\Desktop\tiktoktechjam2026\data\real_ext\unsplash\unsplash_002149.jpg,0,unsplash_real,Real_Unsplash
C:\Users\angus\Desktop\tiktoktechjam2026\data\real_ext\unsplash\unsplash_002150.jpg,0,unsplash_real,Real_Unsplash
C:\Users\angus\Desktop\tiktoktechjam2026\data\real_ext\unsplash\unsplash_002151.jpg,0,unsplash_real,Real_Unsplash
C:\Users\angus\Desktop\tiktoktechjam2026\data\real_ext\unsplash\unsplash_002152.jpg,0,unsplash_real,Real_Unsplash
C:\Users\angus\Desktop\tiktoktechjam2026\data\real_ext\unsplash\unsplash_002153.jpg,0,unsplash_real,Real_Unsplash
C:\Users\angus\Desktop\tiktoktechjam2026\data\real_ext\unsplash\unsplash_002154.jpg,0,unsplash_real,Real_Unsplash
C:\Users\angus\Desktop\tiktoktechjam2026\data\real_ext\unsplash\unsplash_002155.jpg,0,unsplash_real,Real_Unsplash
C:\Users\angus\Desktop\tiktoktechjam2026\data\real_ext\unsplash\unsplash_002156.jpg,0,unsplash_real,Real_Unsplash
C:\Users\angus\Desktop\tiktoktechjam2026\data\real_ext\unsplash\unsplash_002157.jpg,0,unsplash_real,Real_Unsplash
C:\Users\angus\Desktop\tiktoktechjam2026\data\real_ext\unsplash\unsplash_002158.jpg,0,unsplash_real,Real_Unsplash
C:\Users\angus\Desktop\tiktoktechjam2026\data\real_ext\unsplash\unsplash_002159.jpg,0,unsplash_real,Real_Unsplash
C:\Users\angus\Desktop\tiktoktechjam2026\data\real_ext\unsplash\unsplash_002160.jpg,0,unsplash_real,Real_Unsplash
C:\Users\angus\Desktop\tiktoktechjam2026\data\real_ext\unsplash\unsplash_002161.jpg,0,unsplash_real,Real_Unsplash
C:\Users\angus\Desktop\tiktoktechjam2026\data\real_ext\unsplash\unsplash_002162.jpg,0,unsplash_real,Real_Unsplash
C:\Users\angus\Desktop\tiktoktechjam2026\data\real_ext\unsplash\unsplash_002163.jpg,0,unsplash_real,Real_Unsplash
C:\Users\angus\Desktop\tiktoktechjam2026\data\real_ext\unsplash\unsplash_002164.jpg,0,unsplash_real,Real_Unsplash
C:\Users\angus\Desktop\tiktoktechjam2026\data\real_ext\unsplash\unsplash_002165.jpg,0,unsplash_real,Real_Unsplash
C:\Users\angus\Desktop\tiktoktechjam2026\data\real_ext\unsplash\unsplash_002166.jpg,0,unsplash_real,Real_Unsplash
C:\Users\angus\Desktop\tiktoktechjam2026\data\real_ext\unsplash\unsplash_002167.jpg,0,unsplash_real,Real_Unsplash
C:\Users\angus\Desktop\tiktoktechjam2026\data\real_ext\unsplash\unsplash_002168.jpg,0,unsplash_real,Real_Unsplash
C:\Users\angus\Desktop\tiktoktechjam2026\data\real_ext\unsplash\unsplash_002169.jpg,0,unsplash_real,Real_Unsplash
C:\Users\angus\Desktop\tiktoktechjam2026\data\real_ext\unsplash\unsplash_002170.jpg,0,unsplash_real,Real_Unsplash
C:\Users\angus\Desktop\tiktoktechjam2026\data\real_ext\unsplash\unsplash_002171.jpg,0,unsplash_real,Real_Unsplash
C:\Users\angus\Desktop\tiktoktechjam2026\data\real_ext\unsplash\unsplash_002172.jpg,0,unsplash_real,Real_Unsplash
C:\Users\angus\Desktop\tiktoktechjam2026\data\real_ext\unsplash\unsplash_002173.jpg,0,unsplash_real,Real_Unsplash
C:\Users\angus\Desktop\tiktoktechjam2026\data\real_ext\unsplash\unsplash_002174.jpg,0,unsplash_real,Real_Unsplash
C:\Users\angus\Desktop\tiktoktechjam2026\data\real_ext\unsplash\unsplash_002175.jpg,0,unsplash_real,Real_Unsplash
C:\Users\angus\Desktop\tiktoktechjam2026\data\real_ext\unsplash\unsplash_002176.jpg,0,unsplash_real,Real_Unsplash
C:\Users\angus\Desktop\tiktoktechjam2026\data\real_ext\unsplash\unsplash_002177.jpg,0,unsplash_real,Real_Unsplash
C:\Users\angus\Desktop\tiktoktechjam2026\data\real_ext\unsplash\unsplash_002178.jpg,0,unsplash_real,Real_Unsplash
C:\Users\angus\Desktop\tiktoktechjam2026\data\real_ext\unsplash\unsplash_002179.jpg,0,unsplash_real,Real_Unsplash
C:\Users\angus\Desktop\tiktoktechjam2026\data\real_ext\unsplash\unsplash_002180.jpg,0,unsplash_real,Real_Unsplash
C:\Users\angus\Desktop\tiktoktechjam2026\data\real_ext\unsplash\unsplash_002181.jpg,0,unsplash_real,Real_Unsplash
C:\Users\angus\Desktop\tiktoktechjam2026\data\real_ext\unsplash\unsplash_002182.jpg,0,unsplash_real,Real_Unsplash
C:\Users\angus\Desktop\tiktoktechjam2026\data\real_ext\unsplash\unsplash_002183.jpg,0,unsplash_real,Real_Unsplash
C:\Users\angus\Desktop\tiktoktechjam2026\data\real_ext\unsplash\unsplash_002184.jpg,0,unsplash_real,Real_Unsplash
C:\Users\angus\Desktop\tiktoktechjam2026\data\real_ext\unsplash\unsplash_002185.jpg,0,unsplash_real,Real_Unsplash
C:\Users\angus\Desktop\tiktoktechjam2026\data\real_ext\unsplash\unsplash_002186.jpg,0,unsplash_real,Real_Unsplash
C:\Users\angus\Desktop\tiktoktechjam2026\data\real_ext\unsplash\unsplash_002187.jpg,0,unsplash_real,Real_Unsplash
C:\Users\angus\Desktop\tiktoktechjam2026\data\real_ext\unsplash\unsplash_002188.jpg,0,unsplash_real,Real_Unsplash
C:\Users\angus\Desktop\tiktoktechjam2026\data\real_ext\unsplash\unsplash_002189.jpg,0,unsplash_real,Real_Unsplash
C:\Users\angus\Desktop\tiktoktechjam2026\data\real_ext\unsplash\unsplash_002190.jpg,0,unsplash_real,Real_Unsplash
C:\Users\angus\Desktop\tiktoktechjam2026\data\real_ext\unsplash\unsplash_002191.jpg,0,unsplash_real,Real_Unsplash
C:\Users\angus\Desktop\tiktoktechjam2026\data\real_ext\unsplash\unsplash_002192.jpg,0,unsplash_real,Real_Unsplash
C:\Users\angus\Desktop\tiktoktechjam2026\data\real_ext\unsplash\unsplash_002193.jpg,0,unsplash_real,Real_Unsplash
C:\Users\angus\Desktop\tiktoktechjam2026\data\real_ext\unsplash\unsplash_002194.jpg,0,unsplash_real,Real_Unsplash
C:\Users\angus\Desktop\tiktoktechjam2026\data\real_ext\unsplash\unsplash_002195.jpg,0,unsplash_real,Real_Unsplash
C:\Users\angus\Desktop\tiktoktechjam2026\data\real_ext\unsplash\unsplash_002196.jpg,0,unsplash_real,Real_Unsplash
C:\Users\angus\Desktop\tiktoktechjam2026\data\real_ext\unsplash\unsplash_002197.jpg,0,unsplash_real,Real_Unsplash
C:\Users\angus\Desktop\tiktoktechjam2026\data\real_ext\unsplash\unsplash_002198.jpg,0,unsplash_real,Real_Unsplash
C:\Users\angus\Desktop\tiktoktechjam2026\data\real_ext\unsplash\unsplash_002199.jpg,0,unsplash_real,Real_Unsplash
C:\Users\angus\Desktop\tiktoktechjam2026\data\real_ext\unsplash\unsplash_002200.jpg,0,unsplash_real,Real_Unsplash
C:\Users\angus\Desktop\tiktoktechjam2026\data\real_ext\unsplash\unsplash_002201.jpg,0,unsplash_real,Real_Unsplash
C:\Users\angus\Desktop\tiktoktechjam2026\data\real_ext\unsplash\unsplash_002202.jpg,0,unsplash_real,Real_Unsplash
C:\Users\angus\Desktop\tiktoktechjam2026\data\real_ext\unsplash\unsplash_002203.jpg,0,unsplash_real,Real_Unsplash
C:\Users\angus\Desktop\tiktoktechjam2026\data\real_ext\unsplash\unsplash_002204.jpg,0,unsplash_real,Real_Unsplash
C:\Users\angus\Desktop\tiktoktechjam2026\data\real_ext\unsplash\unsplash_002205.jpg,0,unsplash_real,Real_Unsplash
C:\Users\angus\Desktop\tiktoktechjam2026\data\real_ext\unsplash\unsplash_002206.jpg,0,unsplash_real,Real_Unsplash
C:\Users\angus\Desktop\tiktoktechjam2026\data\real_ext\unsplash\unsplash_002207.jpg,0,unsplash_real,Real_Unsplash
C:\Users\angus\Desktop\tiktoktechjam2026\data\real_ext\unsplash\unsplash_002208.jpg,0,unsplash_real,Real_Unsplash
C:\Users\angus\Desktop\tiktoktechjam2026\data\real_ext\unsplash\unsplash_002209.jpg,0,unsplash_real,Real_Unsplash
C:\Users\angus\Desktop\tiktoktechjam2026\data\real_ext\unsplash\unsplash_002210.jpg,0,unsplash_real,Real_Unsplash
C:\Users\angus\Desktop\tiktoktechjam2026\data\real_ext\unsplash\unsplash_002211.jpg,0,unsplash_real,Real_Unsplash
C:\Users\angus\Desktop\tiktoktechjam2026\data\real_ext\unsplash\unsplash_002212.jpg,0,unsplash_real,Real_Unsplash
C:\Users\angus\Desktop\tiktoktechjam2026\data\real_ext\unsplash\unsplash_002213.jpg,0,unsplash_real,Real_Unsplash
C:\Users\angus\Desktop\tiktoktechjam2026\data\real_ext\unsplash\unsplash_002214.jpg,0,unsplash_real,Real_Unsplash
C:\Users\angus\Desktop\tiktoktechjam2026\data\real_ext\unsplash\unsplash_002215.jpg,0,unsplash_real,Real_Unsplash
C:\Users\angus\Desktop\tiktoktechjam2026\data\real_ext\unsplash\unsplash_002216.jpg,0,unsplash_real,Real_Unsplash
C:\Users\angus\Desktop\tiktoktechjam2026\data\real_ext\unsplash\unsplash_002217.jpg,0,unsplash_real,Real_Unsplash
C:\Users\angus\Desktop\tiktoktechjam2026\data\real_ext\unsplash\unsplash_002218.jpg,0,unsplash_real,Real_Unsplash
C:\Users\angus\Desktop\tiktoktechjam2026\data\real_ext\unsplash\unsplash_002219.jpg,0,unsplash_real,Real_Unsplash
C:\Users\angus\Desktop\tiktoktechjam2026\data\real_ext\unsplash\unsplash_002220.jpg,0,unsplash_real,Real_Unsplash
C:\Users\angus\Desktop\tiktoktechjam2026\data\real_ext\unsplash\unsplash_002221.jpg,0,unsplash_real,Real_Unsplash
C:\Users\angus\Desktop\tiktoktechjam2026\data\real_ext\unsplash\unsplash_002222.jpg,0,unsplash_real,Real_Unsplash
C:\Users\angus\Desktop\tiktoktechjam2026\data\real_ext\unsplash\unsplash_002223.jpg,0,unsplash_real,Real_Unsplash
C:\Users\angus\Desktop\tiktoktechjam2026\data\real_ext\unsplash\unsplash_002224.jpg,0,unsplash_real,Real_Unsplash
C:\Users\angus\Desktop\tiktoktechjam2026\data\real_ext\unsplash\unsplash_002225.jpg,0,unsplash_real,Real_Unsplash
C:\Users\angus\Desktop\tiktoktechjam2026\data\real_ext\unsplash\unsplash_002226.jpg,0,unsplash_real,Real_Unsplash
C:\Users\angus\Desktop\tiktoktechjam2026\data\real_ext\unsplash\unsplash_002227.jpg,0,unsplash_real,Real_Unsplash
C:\Users\angus\Desktop\tiktoktechjam2026\data\real_ext\unsplash\unsplash_002228.jpg,0,unsplash_real,Real_Unsplash
C:\Users\angus\Desktop\tiktoktechjam2026\data\real_ext\unsplash\unsplash_002229.jpg,0,unsplash_real,Real_Unsplash
C:\Users\angus\Desktop\tiktoktechjam2026\data\real_ext\unsplash\unsplash_002230.jpg,0,unsplash_real,Real_Unsplash
C:\Users\angus\Desktop\tiktoktechjam2026\data\real_ext\unsplash\unsplash_002231.jpg,0,unsplash_real,Real_Unsplash
C:\Users\angus\Desktop\tiktoktechjam2026\data\real_ext\unsplash\unsplash_002232.jpg,0,unsplash_real,Real_Unsplash
C:\Users\angus\Desktop\tiktoktechjam2026\data\real_ext\unsplash\unsplash_002233.jpg,0,unsplash_real,Real_Unsplash
C:\Users\angus\Desktop\tiktoktechjam2026\data\real_ext\unsplash\unsplash_002234.jpg,0,unsplash_real,Real_Unsplash
C:\Users\angus\Desktop\tiktoktechjam2026\data\real_ext\unsplash\unsplash_002235.jpg,0,unsplash_real,Real_Unsplash
C:\Users\angus\Desktop\tiktoktechjam2026\data\real_ext\unsplash\unsplash_002236.jpg,0,unsplash_real,Real_Unsplash
C:\Users\angus\Desktop\tiktoktechjam2026\data\real_ext\unsplash\unsplash_002237.jpg,0,unsplash_real,Real_Unsplash
C:\Users\angus\Desktop\tiktoktechjam2026\data\real_ext\unsplash\unsplash_002238.jpg,0,unsplash_real,Real_Unsplash
C:\Users\angus\Desktop\tiktoktechjam2026\data\real_ext\unsplash\unsplash_002239.jpg,0,unsplash_real,Real_Unsplash
C:\Users\angus\Desktop\tiktoktechjam2026\data\real_ext\unsplash\unsplash_002240.jpg,0,unsplash_real,Real_Unsplash
C:\Users\angus\Desktop\tiktoktechjam2026\data\real_ext\unsplash\unsplash_002241.jpg,0,unsplash_real,Real_Unsplash
C:\Users\angus\Desktop\tiktoktechjam2026\data\real_ext\unsplash\unsplash_002242.jpg,0,unsplash_real,Real_Unsplash
C:\Users\angus\Desktop\tiktoktechjam2026\data\real_ext\unsplash\unsplash_002243.jpg,0,unsplash_real,Real_Unsplash
C:\Users\angus\Desktop\tiktoktechjam2026\data\real_ext\unsplash\unsplash_002244.jpg,0,unsplash_real,Real_Unsplash
C:\Users\angus\Desktop\tiktoktechjam2026\data\real_ext\unsplash\unsplash_002245.jpg,0,unsplash_real,Real_Unsplash
C:\Users\angus\Desktop\tiktoktechjam2026\data\real_ext\unsplash\unsplash_002246.jpg,0,unsplash_real,Real_Unsplash
C:\Users\angus\Desktop\tiktoktechjam2026\data\real_ext\unsplash\unsplash_002247.jpg,0,unsplash_real,Real_Unsplash
C:\Users\angus\Desktop\tiktoktechjam2026\data\real_ext\unsplash\unsplash_002248.jpg,0,unsplash_real,Real_Unsplash
C:\Users\angus\Desktop\tiktoktechjam2026\data\real_ext\unsplash\unsplash_002249.jpg,0,unsplash_real,Real_Unsplash
C:\Users\angus\Desktop\tiktoktechjam2026\data\real_ext\unsplash\unsplash_002250.jpg,0,unsplash_real,Real_Unsplash
C:\Users\angus\Desktop\tiktoktechjam2026\data\real_ext\unsplash\unsplash_002251.jpg,0,unsplash_real,Real_Unsplash
C:\Users\angus\Desktop\tiktoktechjam2026\data\real_ext\unsplash\unsplash_002252.jpg,0,unsplash_real,Real_Unsplash
C:\Users\angus\Desktop\tiktoktechjam2026\data\real_ext\unsplash\unsplash_002253.jpg,0,unsplash_real,Real_Unsplash
C:\Users\angus\Desktop\tiktoktechjam2026\data\real_ext\unsplash\unsplash_002254.jpg,0,unsplash_real,Real_Unsplash
C:\Users\angus\Desktop\tiktoktechjam2026\data\real_ext\unsplash\unsplash_002255.jpg,0,unsplash_real,Real_Unsplash
C:\Users\angus\Desktop\tiktoktechjam2026\data\real_ext\unsplash\unsplash_002256.jpg,0,unsplash_real,Real_Unsplash
C:\Users\angus\Desktop\tiktoktechjam2026\data\real_ext\unsplash\unsplash_002257.jpg,0,unsplash_real,Real_Unsplash
C:\Users\angus\Desktop\tiktoktechjam2026\data\real_ext\unsplash\unsplash_002258.jpg,0,unsplash_real,Real_Unsplash
C:\Users\angus\Desktop\tiktoktechjam2026\data\real_ext\unsplash\unsplash_002259.jpg,0,unsplash_real,Real_Unsplash
C:\Users\angus\Desktop\tiktoktechjam2026\data\real_ext\unsplash\unsplash_002260.jpg,0,unsplash_real,Real_Unsplash
C:\Users\angus\Desktop\tiktoktechjam2026\data\real_ext\unsplash\unsplash_002261.jpg,0,unsplash_real,Real_Unsplash
C:\Users\angus\Desktop\tiktoktechjam2026\data\real_ext\unsplash\unsplash_002262.jpg,0,unsplash_real,Real_Unsplash
C:\Users\angus\Desktop\tiktoktechjam2026\data\real_ext\unsplash\unsplash_002263.jpg,0,unsplash_real,Real_Unsplash
C:\Users\angus\Desktop\tiktoktechjam2026\data\real_ext\unsplash\unsplash_002264.jpg,0,unsplash_real,Real_Unsplash
C:\Users\angus\Desktop\tiktoktechjam2026\data\real_ext\unsplash\unsplash_002265.jpg,0,unsplash_real,Real_Unsplash
C:\Users\angus\Desktop\tiktoktechjam2026\data\real_ext\unsplash\unsplash_002266.jpg,0,unsplash_real,Real_Unsplash
C:\Users\angus\Desktop\tiktoktechjam2026\data\real_ext\unsplash\unsplash_002267.jpg,0,unsplash_real,Real_Unsplash
C:\Users\angus\Desktop\tiktoktechjam2026\data\real_ext\unsplash\unsplash_002268.jpg,0,unsplash_real,Real_Unsplash
C:\Users\angus\Desktop\tiktoktechjam2026\data\real_ext\unsplash\unsplash_002269.jpg,0,unsplash_real,Real_Unsplash
C:\Users\angus\Desktop\tiktoktechjam2026\data\real_ext\unsplash\unsplash_002270.jpg,0,unsplash_real,Real_Unsplash
C:\Users\angus\Desktop\tiktoktechjam2026\data\real_ext\unsplash\unsplash_002271.jpg,0,unsplash_real,Real_Unsplash
C:\Users\angus\Desktop\tiktoktechjam2026\data\real_ext\unsplash\unsplash_002272.jpg,0,unsplash_real,Real_Unsplash
C:\Users\angus\Desktop\tiktoktechjam2026\data\real_ext\unsplash\unsplash_002273.jpg,0,unsplash_real,Real_Unsplash
C:\Users\angus\Desktop\tiktoktechjam2026\data\real_ext\unsplash\unsplash_002274.jpg,0,unsplash_real,Real_Unsplash
C:\Users\angus\Desktop\tiktoktechjam2026\data\real_ext\unsplash\unsplash_002275.jpg,0,unsplash_real,Real_Unsplash
C:\Users\angus\Desktop\tiktoktechjam2026\data\real_ext\unsplash\unsplash_002276.jpg,0,unsplash_real,Real_Unsplash
C:\Users\angus\Desktop\tiktoktechjam2026\data\real_ext\unsplash\unsplash_002277.jpg,0,unsplash_real,Real_Unsplash
C:\Users\angus\Desktop\tiktoktechjam2026\data\real_ext\unsplash\unsplash_002278.jpg,0,unsplash_real,Real_Unsplash
C:\Users\angus\Desktop\tiktoktechjam2026\data\real_ext\unsplash\unsplash_002279.jpg,0,unsplash_real,Real_Unsplash
C:\Users\angus\Desktop\tiktoktechjam2026\data\real_ext\unsplash\unsplash_002280.jpg,0,unsplash_real,Real_Unsplash
C:\Users\angus\Desktop\tiktoktechjam2026\data\real_ext\unsplash\unsplash_002281.jpg,0,unsplash_real,Real_Unsplash
C:\Users\angus\Desktop\tiktoktechjam2026\data\real_ext\unsplash\unsplash_002282.jpg,0,unsplash_real,Real_Unsplash
C:\Users\angus\Desktop\tiktoktechjam2026\data\real_ext\unsplash\unsplash_002283.jpg,0,unsplash_real,Real_Unsplash
C:\Users\angus\Desktop\tiktoktechjam2026\data\real_ext\unsplash\unsplash_002284.jpg,0,unsplash_real,Real_Unsplash
C:\Users\angus\Desktop\tiktoktechjam2026\data\real_ext\unsplash\unsplash_002285.jpg,0,unsplash_real,Real_Unsplash
C:\Users\angus\Desktop\tiktoktechjam2026\data\real_ext\unsplash\unsplash_002286.jpg,0,unsplash_real,Real_Unsplash
C:\Users\angus\Desktop\tiktoktechjam2026\data\real_ext\unsplash\unsplash_002287.jpg,0,unsplash_real,Real_Unsplash
C:\Users\angus\Desktop\tiktoktechjam2026\data\real_ext\unsplash\unsplash_002288.jpg,0,unsplash_real,Real_Unsplash
C:\Users\angus\Desktop\tiktoktechjam2026\data\real_ext\unsplash\unsplash_002289.jpg,0,unsplash_real,Real_Unsplash
C:\Users\angus\Desktop\tiktoktechjam2026\data\real_ext\unsplash\unsplash_002290.jpg,0,unsplash_real,Real_Unsplash
C:\Users\angus\Desktop\tiktoktechjam2026\data\real_ext\unsplash\unsplash_002291.jpg,0,unsplash_real,Real_Unsplash
C:\Users\angus\Desktop\tiktoktechjam2026\data\real_ext\unsplash\unsplash_002292.jpg,0,unsplash_real,Real_Unsplash
C:\Users\angus\Desktop\tiktoktechjam2026\data\real_ext\unsplash\unsplash_002293.jpg,0,unsplash_real,Real_Unsplash
C:\Users\angus\Desktop\tiktoktechjam2026\data\real_ext\unsplash\unsplash_002294.jpg,0,unsplash_real,Real_Unsplash
C:\Users\angus\Desktop\tiktoktechjam2026\data\real_ext\unsplash\unsplash_002295.jpg,0,unsplash_real,Real_Unsplash
C:\Users\angus\Desktop\tiktoktechjam2026\data\real_ext\unsplash\unsplash_002296.jpg,0,unsplash_real,Real_Unsplash
C:\Users\angus\Desktop\tiktoktechjam2026\data\real_ext\unsplash\unsplash_002297.jpg,0,unsplash_real,Real_Unsplash
C:\Users\angus\Desktop\tiktoktechjam2026\data\real_ext\unsplash\unsplash_002298.jpg,0,unsplash_real,Real_Unsplash
C:\Users\angus\Desktop\tiktoktechjam2026\data\real_ext\unsplash\unsplash_002299.jpg,0,unsplash_real,Real_Unsplash
C:\Users\angus\Desktop\tiktoktechjam2026\data\real_ext\unsplash\unsplash_002300.jpg,0,unsplash_real,Real_Unsplash
C:\Users\angus\Desktop\tiktoktechjam2026\data\real_ext\unsplash\unsplash_002301.jpg,0,unsplash_real,Real_Unsplash
C:\Users\angus\Desktop\tiktoktechjam2026\data\real_ext\unsplash\unsplash_002302.jpg,0,unsplash_real,Real_Unsplash
C:\Users\angus\Desktop\tiktoktechjam2026\data\real_ext\unsplash\unsplash_002303.jpg,0,unsplash_real,Real_Unsplash
C:\Users\angus\Desktop\tiktoktechjam2026\data\real_ext\unsplash\unsplash_002304.jpg,0,unsplash_real,Real_Unsplash
C:\Users\angus\Desktop\tiktoktechjam2026\data\real_ext\unsplash\unsplash_002305.jpg,0,unsplash_real,Real_Unsplash
C:\Users\angus\Desktop\tiktoktechjam2026\data\real_ext\unsplash\unsplash_002306.jpg,0,unsplash_real,Real_Unsplash
C:\Users\angus\Desktop\tiktoktechjam2026\data\real_ext\unsplash\unsplash_002307.jpg,0,unsplash_real,Real_Unsplash
C:\Users\angus\Desktop\tiktoktechjam2026\data\real_ext\unsplash\unsplash_002308.jpg,0,unsplash_real,Real_Unsplash
C:\Users\angus\Desktop\tiktoktechjam2026\data\real_ext\unsplash\unsplash_002309.jpg,0,unsplash_real,Real_Unsplash
C:\Users\angus\Desktop\tiktoktechjam2026\data\real_ext\unsplash\unsplash_002310.jpg,0,unsplash_real,Real_Unsplash
C:\Users\angus\Desktop\tiktoktechjam2026\data\real_ext\unsplash\unsplash_002311.jpg,0,unsplash_real,Real_Unsplash
C:\Users\angus\Desktop\tiktoktechjam2026\data\real_ext\unsplash\unsplash_002312.jpg,0,unsplash_real,Real_Unsplash
C:\Users\angus\Desktop\tiktoktechjam2026\data\real_ext\unsplash\unsplash_002313.jpg,0,unsplash_real,Real_Unsplash
C:\Users\angus\Desktop\tiktoktechjam2026\data\real_ext\unsplash\unsplash_002314.jpg,0,unsplash_real,Real_Unsplash
C:\Users\angus\Desktop\tiktoktechjam2026\data\real_ext\unsplash\unsplash_002315.jpg,0,unsplash_real,Real_Unsplash
C:\Users\angus\Desktop\tiktoktechjam2026\data\real_ext\unsplash\unsplash_002316.jpg,0,unsplash_real,Real_Unsplash
C:\Users\angus\Desktop\tiktoktechjam2026\data\real_ext\unsplash\unsplash_002317.jpg,0,unsplash_real,Real_Unsplash
C:\Users\angus\Desktop\tiktoktechjam2026\data\real_ext\unsplash\unsplash_002318.jpg,0,unsplash_real,Real_Unsplash
C:\Users\angus\Desktop\tiktoktechjam2026\data\real_ext\unsplash\unsplash_002319.jpg,0,unsplash_real,Real_Unsplash
C:\Users\angus\Desktop\tiktoktechjam2026\data\real_ext\unsplash\unsplash_002320.jpg,0,unsplash_real,Real_Unsplash
C:\Users\angus\Desktop\tiktoktechjam2026\data\real_ext\unsplash\unsplash_002321.jpg,0,unsplash_real,Real_Unsplash
C:\Users\angus\Desktop\tiktoktechjam2026\data\real_ext\unsplash\unsplash_002322.jpg,0,unsplash_real,Real_Unsplash
C:\Users\angus\Desktop\tiktoktechjam2026\data\real_ext\unsplash\unsplash_002323.jpg,0,unsplash_real,Real_Unsplash
C:\Users\angus\Desktop\tiktoktechjam2026\data\real_ext\unsplash\unsplash_002324.jpg,0,unsplash_real,Real_Unsplash
C:\Users\angus\Desktop\tiktoktechjam2026\data\real_ext\unsplash\unsplash_002325.jpg,0,unsplash_real,Real_Unsplash
C:\Users\angus\Desktop\tiktoktechjam2026\data\real_ext\unsplash\unsplash_002326.jpg,0,unsplash_real,Real_Unsplash
C:\Users\angus\Desktop\tiktoktechjam2026\data\real_ext\unsplash\unsplash_002327.jpg,0,unsplash_real,Real_Unsplash
C:\Users\angus\Desktop\tiktoktechjam2026\data\real_ext\unsplash\unsplash_002328.jpg,0,unsplash_real,Real_Unsplash
C:\Users\angus\Desktop\tiktoktechjam2026\data\real_ext\unsplash\unsplash_002329.jpg,0,unsplash_real,Real_Unsplash
C:\Users\angus\Desktop\tiktoktechjam2026\data\real_ext\unsplash\unsplash_002330.jpg,0,unsplash_real,Real_Unsplash
C:\Users\angus\Desktop\tiktoktechjam2026\data\real_ext\unsplash\unsplash_002331.jpg,0,unsplash_real,Real_Unsplash
C:\Users\angus\Desktop\tiktoktechjam2026\data\real_ext\unsplash\unsplash_002332.jpg,0,unsplash_real,Real_Unsplash
C:\Users\angus\Desktop\tiktoktechjam2026\data\real_ext\unsplash\unsplash_002333.jpg,0,unsplash_real,Real_Unsplash
C:\Users\angus\Desktop\tiktoktechjam2026\data\real_ext\unsplash\unsplash_002334.jpg,0,unsplash_real,Real_Unsplash
C:\Users\angus\Desktop\tiktoktechjam2026\data\real_ext\unsplash\unsplash_002335.jpg,0,unsplash_real,Real_Unsplash
C:\Users\angus\Desktop\tiktoktechjam2026\data\real_ext\unsplash\unsplash_002336.jpg,0,unsplash_real,Real_Unsplash
C:\Users\angus\Desktop\tiktoktechjam2026\data\real_ext\unsplash\unsplash_002337.jpg,0,unsplash_real,Real_Unsplash
C:\Users\angus\Desktop\tiktoktechjam2026\data\real_ext\unsplash\unsplash_002338.jpg,0,unsplash_real,Real_Unsplash
C:\Users\angus\Desktop\tiktoktechjam2026\data\real_ext\unsplash\unsplash_002339.jpg,0,unsplash_real,Real_Unsplash
C:\Users\angus\Desktop\tiktoktechjam2026\data\real_ext\unsplash\unsplash_002340.jpg,0,unsplash_real,Real_Unsplash
C:\Users\angus\Desktop\tiktoktechjam2026\data\real_ext\unsplash\unsplash_002341.jpg,0,unsplash_real,Real_Unsplash
C:\Users\angus\Desktop\tiktoktechjam2026\data\real_ext\unsplash\unsplash_002342.jpg,0,unsplash_real,Real_Unsplash
C:\Users\angus\Desktop\tiktoktechjam2026\data\real_ext\unsplash\unsplash_002343.jpg,0,unsplash_real,Real_Unsplash
C:\Users\angus\Desktop\tiktoktechjam2026\data\real_ext\unsplash\unsplash_002344.jpg,0,unsplash_real,Real_Unsplash
C:\Users\angus\Desktop\tiktoktechjam2026\data\real_ext\unsplash\unsplash_002345.jpg,0,unsplash_real,Real_Unsplash
C:\Users\angus\Desktop\tiktoktechjam2026\data\real_ext\unsplash\unsplash_002346.jpg,0,unsplash_real,Real_Unsplash
C:\Users\angus\Desktop\tiktoktechjam2026\data\real_ext\unsplash\unsplash_002347.jpg,0,unsplash_real,Real_Unsplash
C:\Users\angus\Desktop\tiktoktechjam2026\data\real_ext\unsplash\unsplash_002348.jpg,0,unsplash_real,Real_Unsplash
C:\Users\angus\Desktop\tiktoktechjam2026\data\real_ext\unsplash\unsplash_002349.jpg,0,unsplash_real,Real_Unsplash
C:\Users\angus\Desktop\tiktoktechjam2026\data\real_ext\unsplash\unsplash_002350.jpg,0,unsplash_real,Real_Unsplash
C:\Users\angus\Desktop\tiktoktechjam2026\data\real_ext\unsplash\unsplash_002351.jpg,0,unsplash_real,Real_Unsplash
C:\Users\angus\Desktop\tiktoktechjam2026\data\real_ext\unsplash\unsplash_002352.jpg,0,unsplash_real,Real_Unsplash
C:\Users\angus\Desktop\tiktoktechjam2026\data\real_ext\unsplash\unsplash_002353.jpg,0,unsplash_real,Real_Unsplash
C:\Users\angus\Desktop\tiktoktechjam2026\data\real_ext\unsplash\unsplash_002354.jpg,0,unsplash_real,Real_Unsplash
C:\Users\angus\Desktop\tiktoktechjam2026\data\real_ext\unsplash\unsplash_002355.jpg,0,unsplash_real,Real_Unsplash
C:\Users\angus\Desktop\tiktoktechjam2026\data\real_ext\unsplash\unsplash_002356.jpg,0,unsplash_real,Real_Unsplash
C:\Users\angus\Desktop\tiktoktechjam2026\data\real_ext\unsplash\unsplash_002357.jpg,0,unsplash_real,Real_Unsplash
C:\Users\angus\Desktop\tiktoktechjam2026\data\real_ext\unsplash\unsplash_002358.jpg,0,unsplash_real,Real_Unsplash
C:\Users\angus\Desktop\tiktoktechjam2026\data\real_ext\unsplash\unsplash_002359.jpg,0,unsplash_real,Real_Unsplash
C:\Users\angus\Desktop\tiktoktechjam2026\data\real_ext\unsplash\unsplash_002360.jpg,0,unsplash_real,Real_Unsplash
C:\Users\angus\Desktop\tiktoktechjam2026\data\real_ext\unsplash\unsplash_002361.jpg,0,unsplash_real,Real_Unsplash
C:\Users\angus\Desktop\tiktoktechjam2026\data\real_ext\unsplash\unsplash_002362.jpg,0,unsplash_real,Real_Unsplash
C:\Users\angus\Desktop\tiktoktechjam2026\data\real_ext\unsplash\unsplash_002363.jpg,0,unsplash_real,Real_Unsplash
C:\Users\angus\Desktop\tiktoktechjam2026\data\real_ext\unsplash\unsplash_002364.jpg,0,unsplash_real,Real_Unsplash
C:\Users\angus\Desktop\tiktoktechjam2026\data\real_ext\unsplash\unsplash_002365.jpg,0,unsplash_real,Real_Unsplash
C:\Users\angus\Desktop\tiktoktechjam2026\data\real_ext\unsplash\unsplash_002366.jpg,0,unsplash_real,Real_Unsplash
C:\Users\angus\Desktop\tiktoktechjam2026\data\real_ext\unsplash\unsplash_002367.jpg,0,unsplash_real,Real_Unsplash
C:\Users\angus\Desktop\tiktoktechjam2026\data\real_ext\unsplash\unsplash_002368.jpg,0,unsplash_real,Real_Unsplash
C:\Users\angus\Desktop\tiktoktechjam2026\data\real_ext\unsplash\unsplash_002369.jpg,0,unsplash_real,Real_Unsplash
C:\Users\angus\Desktop\tiktoktechjam2026\data\real_ext\unsplash\unsplash_002370.jpg,0,unsplash_real,Real_Unsplash
C:\Users\angus\Desktop\tiktoktechjam2026\data\real_ext\unsplash\unsplash_002371.jpg,0,unsplash_real,Real_Unsplash
C:\Users\angus\Desktop\tiktoktechjam2026\data\real_ext\unsplash\unsplash_002372.jpg,0,unsplash_real,Real_Unsplash
C:\Users\angus\Desktop\tiktoktechjam2026\data\real_ext\unsplash\unsplash_002373.jpg,0,unsplash_real,Real_Unsplash
C:\Users\angus\Desktop\tiktoktechjam2026\data\real_ext\unsplash\unsplash_002374.jpg,0,unsplash_real,Real_Unsplash
C:\Users\angus\Desktop\tiktoktechjam2026\data\real_ext\unsplash\unsplash_002375.jpg,0,unsplash_real,Real_Unsplash
C:\Users\angus\Desktop\tiktoktechjam2026\data\real_ext\unsplash\unsplash_002376.jpg,0,unsplash_real,Real_Unsplash
C:\Users\angus\Desktop\tiktoktechjam2026\data\real_ext\unsplash\unsplash_002377.jpg,0,unsplash_real,Real_Unsplash
C:\Users\angus\Desktop\tiktoktechjam2026\data\real_ext\unsplash\unsplash_002378.jpg,0,unsplash_real,Real_Unsplash
C:\Users\angus\Desktop\tiktoktechjam2026\data\real_ext\unsplash\unsplash_002379.jpg,0,unsplash_real,Real_Unsplash
C:\Users\angus\Desktop\tiktoktechjam2026\data\real_ext\unsplash\unsplash_002380.jpg,0,unsplash_real,Real_Unsplash
C:\Users\angus\Desktop\tiktoktechjam2026\data\real_ext\unsplash\unsplash_002381.jpg,0,unsplash_real,Real_Unsplash
C:\Users\angus\Desktop\tiktoktechjam2026\data\real_ext\unsplash\unsplash_002382.jpg,0,unsplash_real,Real_Unsplash
C:\Users\angus\Desktop\tiktoktechjam2026\data\real_ext\unsplash\unsplash_002383.jpg,0,unsplash_real,Real_Unsplash
C:\Users\angus\Desktop\tiktoktechjam2026\data\real_ext\unsplash\unsplash_002384.jpg,0,unsplash_real,Real_Unsplash
C:\Users\angus\Desktop\tiktoktechjam2026\data\real_ext\unsplash\unsplash_002385.jpg,0,unsplash_real,Real_Unsplash
C:\Users\angus\Desktop\tiktoktechjam2026\data\real_ext\unsplash\unsplash_002386.jpg,0,unsplash_real,Real_Unsplash
C:\Users\angus\Desktop\tiktoktechjam2026\data\real_ext\unsplash\unsplash_002387.jpg,0,unsplash_real,Real_Unsplash
C:\Users\angus\Desktop\tiktoktechjam2026\data\real_ext\unsplash\unsplash_002388.jpg,0,unsplash_real,Real_Unsplash
C:\Users\angus\Desktop\tiktoktechjam2026\data\real_ext\unsplash\unsplash_002389.jpg,0,unsplash_real,Real_Unsplash
C:\Users\angus\Desktop\tiktoktechjam2026\data\real_ext\unsplash\unsplash_002390.jpg,0,unsplash_real,Real_Unsplash
C:\Users\angus\Desktop\tiktoktechjam2026\data\real_ext\unsplash\unsplash_002391.jpg,0,unsplash_real,Real_Unsplash
C:\Users\angus\Desktop\tiktoktechjam2026\data\real_ext\unsplash\unsplash_002392.jpg,0,unsplash_real,Real_Unsplash
C:\Users\angus\Desktop\tiktoktechjam2026\data\real_ext\unsplash\unsplash_002393.jpg,0,unsplash_real,Real_Unsplash
C:\Users\angus\Desktop\tiktoktechjam2026\data\real_ext\unsplash\unsplash_002394.jpg,0,unsplash_real,Real_Unsplash
C:\Users\angus\Desktop\tiktoktechjam2026\data\real_ext\unsplash\unsplash_002395.jpg,0,unsplash_real,Real_Unsplash
C:\Users\angus\Desktop\tiktoktechjam2026\data\real_ext\unsplash\unsplash_002396.jpg,0,unsplash_real,Real_Unsplash
C:\Users\angus\Desktop\tiktoktechjam2026\data\real_ext\unsplash\unsplash_002397.jpg,0,unsplash_real,Real_Unsplash
C:\Users\angus\Desktop\tiktoktechjam2026\data\real_ext\unsplash\unsplash_002398.jpg,0,unsplash_real,Real_Unsplash
C:\Users\angus\Desktop\tiktoktechjam2026\data\real_ext\unsplash\unsplash_002399.jpg,0,unsplash_real,Real_Unsplash
C:\Users\angus\Desktop\tiktoktechjam2026\data\real_ext\unsplash\unsplash_002400.jpg,0,unsplash_real,Real_Unsplash
C:\Users\angus\Desktop\tiktoktechjam2026\data\real_ext\unsplash\unsplash_002401.jpg,0,unsplash_real,Real_Unsplash
C:\Users\angus\Desktop\tiktoktechjam2026\data\real_ext\unsplash\unsplash_002402.jpg,0,unsplash_real,Real_Unsplash
C:\Users\angus\Desktop\tiktoktechjam2026\data\real_ext\unsplash\unsplash_002403.jpg,0,unsplash_real,Real_Unsplash
C:\Users\angus\Desktop\tiktoktechjam2026\data\real_ext\unsplash\unsplash_002404.jpg,0,unsplash_real,Real_Unsplash
C:\Users\angus\Desktop\tiktoktechjam2026\data\real_ext\unsplash\unsplash_002405.jpg,0,unsplash_real,Real_Unsplash
C:\Users\angus\Desktop\tiktoktechjam2026\data\real_ext\unsplash\unsplash_002406.jpg,0,unsplash_real,Real_Unsplash
C:\Users\angus\Desktop\tiktoktechjam2026\data\real_ext\unsplash\unsplash_002407.jpg,0,unsplash_real,Real_Unsplash
C:\Users\angus\Desktop\tiktoktechjam2026\data\real_ext\unsplash\unsplash_002408.jpg,0,unsplash_real,Real_Unsplash
C:\Users\angus\Desktop\tiktoktechjam2026\data\real_ext\unsplash\unsplash_002409.jpg,0,unsplash_real,Real_Unsplash
C:\Users\angus\Desktop\tiktoktechjam2026\data\real_ext\unsplash\unsplash_002410.jpg,0,unsplash_real,Real_Unsplash
C:\Users\angus\Desktop\tiktoktechjam2026\data\real_ext\unsplash\unsplash_002411.jpg,0,unsplash_real,Real_Unsplash
C:\Users\angus\Desktop\tiktoktechjam2026\data\real_ext\unsplash\unsplash_002412.jpg,0,unsplash_real,Real_Unsplash
C:\Users\angus\Desktop\tiktoktechjam2026\data\real_ext\unsplash\unsplash_002413.jpg,0,unsplash_real,Real_Unsplash
C:\Users\angus\Desktop\tiktoktechjam2026\data\real_ext\unsplash\unsplash_002414.jpg,0,unsplash_real,Real_Unsplash
C:\Users\angus\Desktop\tiktoktechjam2026\data\real_ext\unsplash\unsplash_002415.jpg,0,unsplash_real,Real_Unsplash
C:\Users\angus\Desktop\tiktoktechjam2026\data\real_ext\unsplash\unsplash_002416.jpg,0,unsplash_real,Real_Unsplash
C:\Users\angus\Desktop\tiktoktechjam2026\data\real_ext\unsplash\unsplash_002417.jpg,0,unsplash_real,Real_Unsplash
C:\Users\angus\Desktop\tiktoktechjam2026\data\real_ext\unsplash\unsplash_002418.jpg,0,unsplash_real,Real_Unsplash
C:\Users\angus\Desktop\tiktoktechjam2026\data\real_ext\unsplash\unsplash_002419.jpg,0,unsplash_real,Real_Unsplash
C:\Users\angus\Desktop\tiktoktechjam2026\data\real_ext\unsplash\unsplash_002420.jpg,0,unsplash_real,Real_Unsplash
C:\Users\angus\Desktop\tiktoktechjam2026\data\real_ext\unsplash\unsplash_002421.jpg,0,unsplash_real,Real_Unsplash
C:\Users\angus\Desktop\tiktoktechjam2026\data\real_ext\unsplash\unsplash_002422.jpg,0,unsplash_real,Real_Unsplash
C:\Users\angus\Desktop\tiktoktechjam2026\data\real_ext\unsplash\unsplash_002423.jpg,0,unsplash_real,Real_Unsplash
C:\Users\angus\Desktop\tiktoktechjam2026\data\real_ext\unsplash\unsplash_002424.jpg,0,unsplash_real,Real_Unsplash
C:\Users\angus\Desktop\tiktoktechjam2026\data\real_ext\unsplash\unsplash_002425.jpg,0,unsplash_real,Real_Unsplash
C:\Users\angus\Desktop\tiktoktechjam2026\data\real_ext\unsplash\unsplash_002426.jpg,0,unsplash_real,Real_Unsplash
C:\Users\angus\Desktop\tiktoktechjam2026\data\real_ext\unsplash\unsplash_002427.jpg,0,unsplash_real,Real_Unsplash
C:\Users\angus\Desktop\tiktoktechjam2026\data\real_ext\unsplash\unsplash_002428.jpg,0,unsplash_real,Real_Unsplash
C:\Users\angus\Desktop\tiktoktechjam2026\data\real_ext\unsplash\unsplash_002429.jpg,0,unsplash_real,Real_Unsplash
C:\Users\angus\Desktop\tiktoktechjam2026\data\real_ext\unsplash\unsplash_002430.jpg,0,unsplash_real,Real_Unsplash
C:\Users\angus\Desktop\tiktoktechjam2026\data\real_ext\unsplash\unsplash_002431.jpg,0,unsplash_real,Real_Unsplash
C:\Users\angus\Desktop\tiktoktechjam2026\data\real_ext\unsplash\unsplash_002432.jpg,0,unsplash_real,Real_Unsplash
C:\Users\angus\Desktop\tiktoktechjam2026\data\real_ext\unsplash\unsplash_002433.jpg,0,unsplash_real,Real_Unsplash
C:\Users\angus\Desktop\tiktoktechjam2026\data\real_ext\unsplash\unsplash_002434.jpg,0,unsplash_real,Real_Unsplash
C:\Users\angus\Desktop\tiktoktechjam2026\data\real_ext\unsplash\unsplash_002435.jpg,0,unsplash_real,Real_Unsplash
C:\Users\angus\Desktop\tiktoktechjam2026\data\real_ext\unsplash\unsplash_002436.jpg,0,unsplash_real,Real_Unsplash
C:\Users\angus\Desktop\tiktoktechjam2026\data\real_ext\unsplash\unsplash_002437.jpg,0,unsplash_real,Real_Unsplash
C:\Users\angus\Desktop\tiktoktechjam2026\data\real_ext\unsplash\unsplash_002438.jpg,0,unsplash_real,Real_Unsplash
C:\Users\angus\Desktop\tiktoktechjam2026\data\real_ext\unsplash\unsplash_002439.jpg,0,unsplash_real,Real_Unsplash
C:\Users\angus\Desktop\tiktoktechjam2026\data\real_ext\unsplash\unsplash_002440.jpg,0,unsplash_real,Real_Unsplash
C:\Users\angus\Desktop\tiktoktechjam2026\data\real_ext\unsplash\unsplash_002441.jpg,0,unsplash_real,Real_Unsplash
C:\Users\angus\Desktop\tiktoktechjam2026\data\real_ext\unsplash\unsplash_002442.jpg,0,unsplash_real,Real_Unsplash
C:\Users\angus\Desktop\tiktoktechjam2026\data\real_ext\unsplash\unsplash_002443.jpg,0,unsplash_real,Real_Unsplash
C:\Users\angus\Desktop\tiktoktechjam2026\data\real_ext\unsplash\unsplash_002444.jpg,0,unsplash_real,Real_Unsplash
C:\Users\angus\Desktop\tiktoktechjam2026\data\real_ext\unsplash\unsplash_002445.jpg,0,unsplash_real,Real_Unsplash
C:\Users\angus\Desktop\tiktoktechjam2026\data\real_ext\unsplash\unsplash_002446.jpg,0,unsplash_real,Real_Unsplash
C:\Users\angus\Desktop\tiktoktechjam2026\data\real_ext\unsplash\unsplash_002447.jpg,0,unsplash_real,Real_Unsplash
C:\Users\angus\Desktop\tiktoktechjam2026\data\real_ext\unsplash\unsplash_002448.jpg,0,unsplash_real,Real_Unsplash
C:\Users\angus\Desktop\tiktoktechjam2026\data\real_ext\unsplash\unsplash_002449.jpg,0,unsplash_real,Real_Unsplash
C:\Users\angus\Desktop\tiktoktechjam2026\data\real_ext\unsplash\unsplash_002450.jpg,0,unsplash_real,Real_Unsplash
C:\Users\angus\Desktop\tiktoktechjam2026\data\real_ext\unsplash\unsplash_002451.jpg,0,unsplash_real,Real_Unsplash
C:\Users\angus\Desktop\tiktoktechjam2026\data\real_ext\unsplash\unsplash_002452.jpg,0,unsplash_real,Real_Unsplash
C:\Users\angus\Desktop\tiktoktechjam2026\data\real_ext\unsplash\unsplash_002453.jpg,0,unsplash_real,Real_Unsplash
C:\Users\angus\Desktop\tiktoktechjam2026\data\real_ext\unsplash\unsplash_002454.jpg,0,unsplash_real,Real_Unsplash
C:\Users\angus\Desktop\tiktoktechjam2026\data\real_ext\unsplash\unsplash_002455.jpg,0,unsplash_real,Real_Unsplash
C:\Users\angus\Desktop\tiktoktechjam2026\data\real_ext\unsplash\unsplash_002456.jpg,0,unsplash_real,Real_Unsplash
C:\Users\angus\Desktop\tiktoktechjam2026\data\real_ext\unsplash\unsplash_002457.jpg,0,unsplash_real,Real_Unsplash
C:\Users\angus\Desktop\tiktoktechjam2026\data\real_ext\unsplash\unsplash_002458.jpg,0,unsplash_real,Real_Unsplash
C:\Users\angus\Desktop\tiktoktechjam2026\data\real_ext\unsplash\unsplash_002459.jpg,0,unsplash_real,Real_Unsplash
C:\Users\angus\Desktop\tiktoktechjam2026\data\real_ext\unsplash\unsplash_002460.jpg,0,unsplash_real,Real_Unsplash
C:\Users\angus\Desktop\tiktoktechjam2026\data\real_ext\unsplash\unsplash_002461.jpg,0,unsplash_real,Real_Unsplash
C:\Users\angus\Desktop\tiktoktechjam2026\data\real_ext\unsplash\unsplash_002462.jpg,0,unsplash_real,Real_Unsplash
C:\Users\angus\Desktop\tiktoktechjam2026\data\real_ext\unsplash\unsplash_002463.jpg,0,unsplash_real,Real_Unsplash
C:\Users\angus\Desktop\tiktoktechjam2026\data\real_ext\unsplash\unsplash_002464.jpg,0,unsplash_real,Real_Unsplash
C:\Users\angus\Desktop\tiktoktechjam2026\data\real_ext\unsplash\unsplash_002465.jpg,0,unsplash_real,Real_Unsplash
C:\Users\angus\Desktop\tiktoktechjam2026\data\real_ext\unsplash\unsplash_002466.jpg,0,unsplash_real,Real_Unsplash
C:\Users\angus\Desktop\tiktoktechjam2026\data\real_ext\unsplash\unsplash_002467.jpg,0,unsplash_real,Real_Unsplash
C:\Users\angus\Desktop\tiktoktechjam2026\data\real_ext\unsplash\unsplash_002468.jpg,0,unsplash_real,Real_Unsplash
C:\Users\angus\Desktop\tiktoktechjam2026\data\real_ext\unsplash\unsplash_002469.jpg,0,unsplash_real,Real_Unsplash
C:\Users\angus\Desktop\tiktoktechjam2026\data\real_ext\unsplash\unsplash_002470.jpg,0,unsplash_real,Real_Unsplash
C:\Users\angus\Desktop\tiktoktechjam2026\data\real_ext\unsplash\unsplash_002471.jpg,0,unsplash_real,Real_Unsplash
C:\Users\angus\Desktop\tiktoktechjam2026\data\real_ext\unsplash\unsplash_002472.jpg,0,unsplash_real,Real_Unsplash
C:\Users\angus\Desktop\tiktoktechjam2026\data\real_ext\unsplash\unsplash_002473.jpg,0,unsplash_real,Real_Unsplash
C:\Users\angus\Desktop\tiktoktechjam2026\data\real_ext\unsplash\unsplash_002474.jpg,0,unsplash_real,Real_Unsplash
C:\Users\angus\Desktop\tiktoktechjam2026\data\real_ext\unsplash\unsplash_002475.jpg,0,unsplash_real,Real_Unsplash
C:\Users\angus\Desktop\tiktoktechjam2026\data\real_ext\unsplash\unsplash_002476.jpg,0,unsplash_real,Real_Unsplash
C:\Users\angus\Desktop\tiktoktechjam2026\data\real_ext\unsplash\unsplash_002477.jpg,0,unsplash_real,Real_Unsplash
C:\Users\angus\Desktop\tiktoktechjam2026\data\real_ext\unsplash\unsplash_002478.jpg,0,unsplash_real,Real_Unsplash
C:\Users\angus\Desktop\tiktoktechjam2026\data\real_ext\unsplash\unsplash_002479.jpg,0,unsplash_real,Real_Unsplash
C:\Users\angus\Desktop\tiktoktechjam2026\data\real_ext\unsplash\unsplash_002480.jpg,0,unsplash_real,Real_Unsplash
C:\Users\angus\Desktop\tiktoktechjam2026\data\real_ext\unsplash\unsplash_002481.jpg,0,unsplash_real,Real_Unsplash
C:\Users\angus\Desktop\tiktoktechjam2026\data\real_ext\unsplash\unsplash_002482.jpg,0,unsplash_real,Real_Unsplash
C:\Users\angus\Desktop\tiktoktechjam2026\data\real_ext\unsplash\unsplash_002483.jpg,0,unsplash_real,Real_Unsplash
C:\Users\angus\Desktop\tiktoktechjam2026\data\real_ext\unsplash\unsplash_002484.jpg,0,unsplash_real,Real_Unsplash
C:\Users\angus\Desktop\tiktoktechjam2026\data\real_ext\unsplash\unsplash_002485.jpg,0,unsplash_real,Real_Unsplash
C:\Users\angus\Desktop\tiktoktechjam2026\data\real_ext\unsplash\unsplash_002486.jpg,0,unsplash_real,Real_Unsplash
C:\Users\angus\Desktop\tiktoktechjam2026\data\real_ext\unsplash\unsplash_002487.jpg,0,unsplash_real,Real_Unsplash
C:\Users\angus\Desktop\tiktoktechjam2026\data\real_ext\unsplash\unsplash_002488.jpg,0,unsplash_real,Real_Unsplash
C:\Users\angus\Desktop\tiktoktechjam2026\data\real_ext\unsplash\unsplash_002489.jpg,0,unsplash_real,Real_Unsplash
C:\Users\angus\Desktop\tiktoktechjam2026\data\real_ext\unsplash\unsplash_002490.jpg,0,unsplash_real,Real_Unsplash
C:\Users\angus\Desktop\tiktoktechjam2026\data\real_ext\unsplash\unsplash_002491.jpg,0,unsplash_real,Real_Unsplash
C:\Users\angus\Desktop\tiktoktechjam2026\data\real_ext\unsplash\unsplash_002492.jpg,0,unsplash_real,Real_Unsplash
C:\Users\angus\Desktop\tiktoktechjam2026\data\real_ext\unsplash\unsplash_002493.jpg,0,unsplash_real,Real_Unsplash
C:\Users\angus\Desktop\tiktoktechjam2026\data\real_ext\unsplash\unsplash_002494.jpg,0,unsplash_real,Real_Unsplash
C:\Users\angus\Desktop\tiktoktechjam2026\data\real_ext\unsplash\unsplash_002495.jpg,0,unsplash_real,Real_Unsplash
C:\Users\angus\Desktop\tiktoktechjam2026\data\real_ext\unsplash\unsplash_002496.jpg,0,unsplash_real,Real_Unsplash
C:\Users\angus\Desktop\tiktoktechjam2026\data\real_ext\unsplash\unsplash_002497.jpg,0,unsplash_real,Real_Unsplash
C:\Users\angus\Desktop\tiktoktechjam2026\data\real_ext\unsplash\unsplash_002498.jpg,0,unsplash_real,Real_Unsplash
C:\Users\angus\Desktop\tiktoktechjam2026\data\real_ext\unsplash\unsplash_002499.jpg,0,unsplash_real,Real_Unsplash
C:\Users\angus\Desktop\tiktoktechjam2026\data\real_ext\unsplash\unsplash_002500.jpg,0,unsplash_real,Real_Unsplash
C:\Users\angus\Desktop\tiktoktechjam2026\data\real_ext\unsplash\unsplash_002501.jpg,0,unsplash_real,Real_Unsplash
C:\Users\angus\Desktop\tiktoktechjam2026\data\real_ext\unsplash\unsplash_002502.jpg,0,unsplash_real,Real_Unsplash
C:\Users\angus\Desktop\tiktoktechjam2026\data\real_ext\unsplash\unsplash_002503.jpg,0,unsplash_real,Real_Unsplash
C:\Users\angus\Desktop\tiktoktechjam2026\data\real_ext\unsplash\unsplash_002504.jpg,0,unsplash_real,Real_Unsplash
C:\Users\angus\Desktop\tiktoktechjam2026\data\real_ext\unsplash\unsplash_002505.jpg,0,unsplash_real,Real_Unsplash
C:\Users\angus\Desktop\tiktoktechjam2026\data\real_ext\unsplash\unsplash_002506.jpg,0,unsplash_real,Real_Unsplash
C:\Users\angus\Desktop\tiktoktechjam2026\data\real_ext\unsplash\unsplash_002507.jpg,0,unsplash_real,Real_Unsplash
C:\Users\angus\Desktop\tiktoktechjam2026\data\real_ext\unsplash\unsplash_002508.jpg,0,unsplash_real,Real_Unsplash
C:\Users\angus\Desktop\tiktoktechjam2026\data\real_ext\unsplash\unsplash_002509.jpg,0,unsplash_real,Real_Unsplash
C:\Users\angus\Desktop\tiktoktechjam2026\data\real_ext\unsplash\unsplash_002510.jpg,0,unsplash_real,Real_Unsplash
C:\Users\angus\Desktop\tiktoktechjam2026\data\real_ext\unsplash\unsplash_002511.jpg,0,unsplash_real,Real_Unsplash
C:\Users\angus\Desktop\tiktoktechjam2026\data\real_ext\unsplash\unsplash_002512.jpg,0,unsplash_real,Real_Unsplash
C:\Users\angus\Desktop\tiktoktechjam2026\data\real_ext\unsplash\unsplash_002513.jpg,0,unsplash_real,Real_Unsplash
C:\Users\angus\Desktop\tiktoktechjam2026\data\real_ext\unsplash\unsplash_002514.jpg,0,unsplash_real,Real_Unsplash
C:\Users\angus\Desktop\tiktoktechjam2026\data\real_ext\unsplash\unsplash_002515.jpg,0,unsplash_real,Real_Unsplash
C:\Users\angus\Desktop\tiktoktechjam2026\data\real_ext\unsplash\unsplash_002516.jpg,0,unsplash_real,Real_Unsplash
C:\Users\angus\Desktop\tiktoktechjam2026\data\real_ext\unsplash\unsplash_002517.jpg,0,unsplash_real,Real_Unsplash
C:\Users\angus\Desktop\tiktoktechjam2026\data\real_ext\unsplash\unsplash_002518.jpg,0,unsplash_real,Real_Unsplash
C:\Users\angus\Desktop\tiktoktechjam2026\data\real_ext\unsplash\unsplash_002519.jpg,0,unsplash_real,Real_Unsplash
C:\Users\angus\Desktop\tiktoktechjam2026\data\real_ext\unsplash\unsplash_002520.jpg,0,unsplash_real,Real_Unsplash
C:\Users\angus\Desktop\tiktoktechjam2026\data\real_ext\unsplash\unsplash_002521.jpg,0,unsplash_real,Real_Unsplash
C:\Users\angus\Desktop\tiktoktechjam2026\data\real_ext\unsplash\unsplash_002522.jpg,0,unsplash_real,Real_Unsplash
C:\Users\angus\Desktop\tiktoktechjam2026\data\real_ext\unsplash\unsplash_002523.jpg,0,unsplash_real,Real_Unsplash
C:\Users\angus\Desktop\tiktoktechjam2026\data\real_ext\unsplash\unsplash_002524.jpg,0,unsplash_real,Real_Unsplash
C:\Users\angus\Desktop\tiktoktechjam2026\data\real_ext\unsplash\unsplash_002525.jpg,0,unsplash_real,Real_Unsplash
C:\Users\angus\Desktop\tiktoktechjam2026\data\real_ext\unsplash\unsplash_002526.jpg,0,unsplash_real,Real_Unsplash
C:\Users\angus\Desktop\tiktoktechjam2026\data\real_ext\unsplash\unsplash_002527.jpg,0,unsplash_real,Real_Unsplash
C:\Users\angus\Desktop\tiktoktechjam2026\data\real_ext\unsplash\unsplash_002528.jpg,0,unsplash_real,Real_Unsplash
C:\Users\angus\Desktop\tiktoktechjam2026\data\real_ext\unsplash\unsplash_002529.jpg,0,unsplash_real,Real_Unsplash
C:\Users\angus\Desktop\tiktoktechjam2026\data\real_ext\unsplash\unsplash_002530.jpg,0,unsplash_real,Real_Unsplash
C:\Users\angus\Desktop\tiktoktechjam2026\data\real_ext\unsplash\unsplash_002531.jpg,0,unsplash_real,Real_Unsplash
C:\Users\angus\Desktop\tiktoktechjam2026\data\real_ext\unsplash\unsplash_002532.jpg,0,unsplash_real,Real_Unsplash
C:\Users\angus\Desktop\tiktoktechjam2026\data\real_ext\unsplash\unsplash_002533.jpg,0,unsplash_real,Real_Unsplash
C:\Users\angus\Desktop\tiktoktechjam2026\data\real_ext\unsplash\unsplash_002534.jpg,0,unsplash_real,Real_Unsplash
C:\Users\angus\Desktop\tiktoktechjam2026\data\real_ext\unsplash\unsplash_002535.jpg,0,unsplash_real,Real_Unsplash
C:\Users\angus\Desktop\tiktoktechjam2026\data\real_ext\unsplash\unsplash_002536.jpg,0,unsplash_real,Real_Unsplash
C:\Users\angus\Desktop\tiktoktechjam2026\data\real_ext\unsplash\unsplash_002537.jpg,0,unsplash_real,Real_Unsplash
C:\Users\angus\Desktop\tiktoktechjam2026\data\real_ext\unsplash\unsplash_002538.jpg,0,unsplash_real,Real_Unsplash
C:\Users\angus\Desktop\tiktoktechjam2026\data\real_ext\unsplash\unsplash_002539.jpg,0,unsplash_real,Real_Unsplash
C:\Users\angus\Desktop\tiktoktechjam2026\data\real_ext\unsplash\unsplash_002540.jpg,0,unsplash_real,Real_Unsplash
C:\Users\angus\Desktop\tiktoktechjam2026\data\real_ext\unsplash\unsplash_002541.jpg,0,unsplash_real,Real_Unsplash
C:\Users\angus\Desktop\tiktoktechjam2026\data\real_ext\unsplash\unsplash_002542.jpg,0,unsplash_real,Real_Unsplash
C:\Users\angus\Desktop\tiktoktechjam2026\data\real_ext\unsplash\unsplash_002543.jpg,0,unsplash_real,Real_Unsplash
C:\Users\angus\Desktop\tiktoktechjam2026\data\real_ext\unsplash\unsplash_002544.jpg,0,unsplash_real,Real_Unsplash
C:\Users\angus\Desktop\tiktoktechjam2026\data\real_ext\unsplash\unsplash_002545.jpg,0,unsplash_real,Real_Unsplash
C:\Users\angus\Desktop\tiktoktechjam2026\data\real_ext\unsplash\unsplash_002546.jpg,0,unsplash_real,Real_Unsplash
C:\Users\angus\Desktop\tiktoktechjam2026\data\real_ext\unsplash\unsplash_002547.jpg,0,unsplash_real,Real_Unsplash
C:\Users\angus\Desktop\tiktoktechjam2026\data\real_ext\unsplash\unsplash_002548.jpg,0,unsplash_real,Real_Unsplash
C:\Users\angus\Desktop\tiktoktechjam2026\data\real_ext\unsplash\unsplash_002549.jpg,0,unsplash_real,Real_Unsplash
C:\Users\angus\Desktop\tiktoktechjam2026\data\real_ext\unsplash\unsplash_002550.jpg,0,unsplash_real,Real_Unsplash
C:\Users\angus\Desktop\tiktoktechjam2026\data\real_ext\unsplash\unsplash_002551.jpg,0,unsplash_real,Real_Unsplash
C:\Users\angus\Desktop\tiktoktechjam2026\data\real_ext\unsplash\unsplash_002552.jpg,0,unsplash_real,Real_Unsplash
C:\Users\angus\Desktop\tiktoktechjam2026\data\real_ext\unsplash\unsplash_002553.jpg,0,unsplash_real,Real_Unsplash
C:\Users\angus\Desktop\tiktoktechjam2026\data\real_ext\unsplash\unsplash_002554.jpg,0,unsplash_real,Real_Unsplash
C:\Users\angus\Desktop\tiktoktechjam2026\data\real_ext\unsplash\unsplash_002555.jpg,0,unsplash_real,Real_Unsplash
C:\Users\angus\Desktop\tiktoktechjam2026\data\real_ext\unsplash\unsplash_002556.jpg,0,unsplash_real,Real_Unsplash
C:\Users\angus\Desktop\tiktoktechjam2026\data\real_ext\unsplash\unsplash_002557.jpg,0,unsplash_real,Real_Unsplash
C:\Users\angus\Desktop\tiktoktechjam2026\data\real_ext\unsplash\unsplash_002558.jpg,0,unsplash_real,Real_Unsplash
C:\Users\angus\Desktop\tiktoktechjam2026\data\real_ext\unsplash\unsplash_002559.jpg,0,unsplash_real,Real_Unsplash
C:\Users\angus\Desktop\tiktoktechjam2026\data\real_ext\unsplash\unsplash_002560.jpg,0,unsplash_real,Real_Unsplash
C:\Users\angus\Desktop\tiktoktechjam2026\data\real_ext\unsplash\unsplash_002561.jpg,0,unsplash_real,Real_Unsplash
C:\Users\angus\Desktop\tiktoktechjam2026\data\real_ext\unsplash\unsplash_002562.jpg,0,unsplash_real,Real_Unsplash
C:\Users\angus\Desktop\tiktoktechjam2026\data\real_ext\unsplash\unsplash_002563.jpg,0,unsplash_real,Real_Unsplash
C:\Users\angus\Desktop\tiktoktechjam2026\data\real_ext\unsplash\unsplash_002564.jpg,0,unsplash_real,Real_Unsplash
C:\Users\angus\Desktop\tiktoktechjam2026\data\real_ext\unsplash\unsplash_002565.jpg,0,unsplash_real,Real_Unsplash
C:\Users\angus\Desktop\tiktoktechjam2026\data\real_ext\unsplash\unsplash_002566.jpg,0,unsplash_real,Real_Unsplash
C:\Users\angus\Desktop\tiktoktechjam2026\data\real_ext\unsplash\unsplash_002567.jpg,0,unsplash_real,Real_Unsplash
C:\Users\angus\Desktop\tiktoktechjam2026\data\real_ext\unsplash\unsplash_002568.jpg,0,unsplash_real,Real_Unsplash
C:\Users\angus\Desktop\tiktoktechjam2026\data\real_ext\unsplash\unsplash_002569.jpg,0,unsplash_real,Real_Unsplash
C:\Users\angus\Desktop\tiktoktechjam2026\data\real_ext\unsplash\unsplash_002570.jpg,0,unsplash_real,Real_Unsplash
C:\Users\angus\Desktop\tiktoktechjam2026\data\real_ext\unsplash\unsplash_002571.jpg,0,unsplash_real,Real_Unsplash
C:\Users\angus\Desktop\tiktoktechjam2026\data\real_ext\unsplash\unsplash_002572.jpg,0,unsplash_real,Real_Unsplash
C:\Users\angus\Desktop\tiktoktechjam2026\data\real_ext\unsplash\unsplash_002573.jpg,0,unsplash_real,Real_Unsplash
C:\Users\angus\Desktop\tiktoktechjam2026\data\real_ext\unsplash\unsplash_002574.jpg,0,unsplash_real,Real_Unsplash
C:\Users\angus\Desktop\tiktoktechjam2026\data\real_ext\unsplash\unsplash_002575.jpg,0,unsplash_real,Real_Unsplash
C:\Users\angus\Desktop\tiktoktechjam2026\data\real_ext\unsplash\unsplash_002576.jpg,0,unsplash_real,Real_Unsplash
C:\Users\angus\Desktop\tiktoktechjam2026\data\real_ext\unsplash\unsplash_002577.jpg,0,unsplash_real,Real_Unsplash
C:\Users\angus\Desktop\tiktoktechjam2026\data\real_ext\unsplash\unsplash_002578.jpg,0,unsplash_real,Real_Unsplash
C:\Users\angus\Desktop\tiktoktechjam2026\data\real_ext\unsplash\unsplash_002579.jpg,0,unsplash_real,Real_Unsplash
C:\Users\angus\Desktop\tiktoktechjam2026\data\real_ext\unsplash\unsplash_002580.jpg,0,unsplash_real,Real_Unsplash
C:\Users\angus\Desktop\tiktoktechjam2026\data\real_ext\unsplash\unsplash_002581.jpg,0,unsplash_real,Real_Unsplash
C:\Users\angus\Desktop\tiktoktechjam2026\data\real_ext\unsplash\unsplash_002582.jpg,0,unsplash_real,Real_Unsplash
C:\Users\angus\Desktop\tiktoktechjam2026\data\real_ext\unsplash\unsplash_002583.jpg,0,unsplash_real,Real_Unsplash
C:\Users\angus\Desktop\tiktoktechjam2026\data\real_ext\unsplash\unsplash_002584.jpg,0,unsplash_real,Real_Unsplash
C:\Users\angus\Desktop\tiktoktechjam2026\data\real_ext\unsplash\unsplash_002585.jpg,0,unsplash_real,Real_Unsplash
C:\Users\angus\Desktop\tiktoktechjam2026\data\real_ext\unsplash\unsplash_002586.jpg,0,unsplash_real,Real_Unsplash
C:\Users\angus\Desktop\tiktoktechjam2026\data\real_ext\unsplash\unsplash_002587.jpg,0,unsplash_real,Real_Unsplash
C:\Users\angus\Desktop\tiktoktechjam2026\data\real_ext\unsplash\unsplash_002588.jpg,0,unsplash_real,Real_Unsplash
C:\Users\angus\Desktop\tiktoktechjam2026\data\real_ext\unsplash\unsplash_002589.jpg,0,unsplash_real,Real_Unsplash
C:\Users\angus\Desktop\tiktoktechjam2026\data\real_ext\unsplash\unsplash_002590.jpg,0,unsplash_real,Real_Unsplash
C:\Users\angus\Desktop\tiktoktechjam2026\data\real_ext\unsplash\unsplash_002591.jpg,0,unsplash_real,Real_Unsplash
C:\Users\angus\Desktop\tiktoktechjam2026\data\real_ext\unsplash\unsplash_002592.jpg,0,unsplash_real,Real_Unsplash
C:\Users\angus\Desktop\tiktoktechjam2026\data\real_ext\unsplash\unsplash_002593.jpg,0,unsplash_real,Real_Unsplash
C:\Users\angus\Desktop\tiktoktechjam2026\data\real_ext\unsplash\unsplash_002594.jpg,0,unsplash_real,Real_Unsplash
C:\Users\angus\Desktop\tiktoktechjam2026\data\real_ext\unsplash\unsplash_002595.jpg,0,unsplash_real,Real_Unsplash
C:\Users\angus\Desktop\tiktoktechjam2026\data\real_ext\unsplash\unsplash_002596.jpg,0,unsplash_real,Real_Unsplash
C:\Users\angus\Desktop\tiktoktechjam2026\data\real_ext\unsplash\unsplash_002597.jpg,0,unsplash_real,Real_Unsplash
C:\Users\angus\Desktop\tiktoktechjam2026\data\real_ext\unsplash\unsplash_002598.jpg,0,unsplash_real,Real_Unsplash
C:\Users\angus\Desktop\tiktoktechjam2026\data\real_ext\unsplash\unsplash_002599.jpg,0,unsplash_real,Real_Unsplash
C:\Users\angus\Desktop\tiktoktechjam2026\data\real_ext\unsplash\unsplash_002600.jpg,0,unsplash_real,Real_Unsplash
C:\Users\angus\Desktop\tiktoktechjam2026\data\real_ext\unsplash\unsplash_002601.jpg,0,unsplash_real,Real_Unsplash
C:\Users\angus\Desktop\tiktoktechjam2026\data\real_ext\unsplash\unsplash_002602.jpg,0,unsplash_real,Real_Unsplash
C:\Users\angus\Desktop\tiktoktechjam2026\data\real_ext\unsplash\unsplash_002603.jpg,0,unsplash_real,Real_Unsplash
C:\Users\angus\Desktop\tiktoktechjam2026\data\real_ext\unsplash\unsplash_002604.jpg,0,unsplash_real,Real_Unsplash
C:\Users\angus\Desktop\tiktoktechjam2026\data\real_ext\unsplash\unsplash_002605.jpg,0,unsplash_real,Real_Unsplash
C:\Users\angus\Desktop\tiktoktechjam2026\data\real_ext\unsplash\unsplash_002606.jpg,0,unsplash_real,Real_Unsplash
C:\Users\angus\Desktop\tiktoktechjam2026\data\real_ext\unsplash\unsplash_002607.jpg,0,unsplash_real,Real_Unsplash
C:\Users\angus\Desktop\tiktoktechjam2026\data\real_ext\unsplash\unsplash_002608.jpg,0,unsplash_real,Real_Unsplash
C:\Users\angus\Desktop\tiktoktechjam2026\data\real_ext\unsplash\unsplash_002609.jpg,0,unsplash_real,Real_Unsplash
C:\Users\angus\Desktop\tiktoktechjam2026\data\real_ext\unsplash\unsplash_002610.jpg,0,unsplash_real,Real_Unsplash
C:\Users\angus\Desktop\tiktoktechjam2026\data\real_ext\unsplash\unsplash_002611.jpg,0,unsplash_real,Real_Unsplash
C:\Users\angus\Desktop\tiktoktechjam2026\data\real_ext\unsplash\unsplash_002612.jpg,0,unsplash_real,Real_Unsplash
C:\Users\angus\Desktop\tiktoktechjam2026\data\real_ext\unsplash\unsplash_002613.jpg,0,unsplash_real,Real_Unsplash
C:\Users\angus\Desktop\tiktoktechjam2026\data\real_ext\unsplash\unsplash_002614.jpg,0,unsplash_real,Real_Unsplash
C:\Users\angus\Desktop\tiktoktechjam2026\data\real_ext\unsplash\unsplash_002615.jpg,0,unsplash_real,Real_Unsplash
C:\Users\angus\Desktop\tiktoktechjam2026\data\real_ext\unsplash\unsplash_002616.jpg,0,unsplash_real,Real_Unsplash
C:\Users\angus\Desktop\tiktoktechjam2026\data\real_ext\unsplash\unsplash_002617.jpg,0,unsplash_real,Real_Unsplash
C:\Users\angus\Desktop\tiktoktechjam2026\data\real_ext\unsplash\unsplash_002618.jpg,0,unsplash_real,Real_Unsplash
C:\Users\angus\Desktop\tiktoktechjam2026\data\real_ext\unsplash\unsplash_002619.jpg,0,unsplash_real,Real_Unsplash
C:\Users\angus\Desktop\tiktoktechjam2026\data\real_ext\unsplash\unsplash_002620.jpg,0,unsplash_real,Real_Unsplash
C:\Users\angus\Desktop\tiktoktechjam2026\data\real_ext\unsplash\unsplash_002621.jpg,0,unsplash_real,Real_Unsplash
C:\Users\angus\Desktop\tiktoktechjam2026\data\real_ext\unsplash\unsplash_002622.jpg,0,unsplash_real,Real_Unsplash
C:\Users\angus\Desktop\tiktoktechjam2026\data\real_ext\unsplash\unsplash_002623.jpg,0,unsplash_real,Real_Unsplash
C:\Users\angus\Desktop\tiktoktechjam2026\data\real_ext\unsplash\unsplash_002624.jpg,0,unsplash_real,Real_Unsplash
C:\Users\angus\Desktop\tiktoktechjam2026\data\real_ext\unsplash\unsplash_002625.jpg,0,unsplash_real,Real_Unsplash
C:\Users\angus\Desktop\tiktoktechjam2026\data\real_ext\unsplash\unsplash_002626.jpg,0,unsplash_real,Real_Unsplash
C:\Users\angus\Desktop\tiktoktechjam2026\data\real_ext\unsplash\unsplash_002627.jpg,0,unsplash_real,Real_Unsplash
C:\Users\angus\Desktop\tiktoktechjam2026\data\real_ext\unsplash\unsplash_002628.jpg,0,unsplash_real,Real_Unsplash
C:\Users\angus\Desktop\tiktoktechjam2026\data\real_ext\unsplash\unsplash_002629.jpg,0,unsplash_real,Real_Unsplash
C:\Users\angus\Desktop\tiktoktechjam2026\data\real_ext\unsplash\unsplash_002630.jpg,0,unsplash_real,Real_Unsplash
C:\Users\angus\Desktop\tiktoktechjam2026\data\real_ext\unsplash\unsplash_002631.jpg,0,unsplash_real,Real_Unsplash
C:\Users\angus\Desktop\tiktoktechjam2026\data\real_ext\unsplash\unsplash_002632.jpg,0,unsplash_real,Real_Unsplash
C:\Users\angus\Desktop\tiktoktechjam2026\data\real_ext\unsplash\unsplash_002633.jpg,0,unsplash_real,Real_Unsplash
C:\Users\angus\Desktop\tiktoktechjam2026\data\real_ext\unsplash\unsplash_002634.jpg,0,unsplash_real,Real_Unsplash
C:\Users\angus\Desktop\tiktoktechjam2026\data\real_ext\unsplash\unsplash_002635.jpg,0,unsplash_real,Real_Unsplash
C:\Users\angus\Desktop\tiktoktechjam2026\data\real_ext\unsplash\unsplash_002636.jpg,0,unsplash_real,Real_Unsplash
C:\Users\angus\Desktop\tiktoktechjam2026\data\real_ext\unsplash\unsplash_002637.jpg,0,unsplash_real,Real_Unsplash
C:\Users\angus\Desktop\tiktoktechjam2026\data\real_ext\unsplash\unsplash_002638.jpg,0,unsplash_real,Real_Unsplash
C:\Users\angus\Desktop\tiktoktechjam2026\data\real_ext\unsplash\unsplash_002639.jpg,0,unsplash_real,Real_Unsplash
C:\Users\angus\Desktop\tiktoktechjam2026\data\real_ext\unsplash\unsplash_002640.jpg,0,unsplash_real,Real_Unsplash
C:\Users\angus\Desktop\tiktoktechjam2026\data\real_ext\unsplash\unsplash_002641.jpg,0,unsplash_real,Real_Unsplash
C:\Users\angus\Desktop\tiktoktechjam2026\data\real_ext\unsplash\unsplash_002642.jpg,0,unsplash_real,Real_Unsplash
C:\Users\angus\Desktop\tiktoktechjam2026\data\real_ext\unsplash\unsplash_002643.jpg,0,unsplash_real,Real_Unsplash
C:\Users\angus\Desktop\tiktoktechjam2026\data\real_ext\unsplash\unsplash_002644.jpg,0,unsplash_real,Real_Unsplash
C:\Users\angus\Desktop\tiktoktechjam2026\data\real_ext\unsplash\unsplash_002645.jpg,0,unsplash_real,Real_Unsplash
C:\Users\angus\Desktop\tiktoktechjam2026\data\real_ext\unsplash\unsplash_002646.jpg,0,unsplash_real,Real_Unsplash
C:\Users\angus\Desktop\tiktoktechjam2026\data\real_ext\unsplash\unsplash_002647.jpg,0,unsplash_real,Real_Unsplash
C:\Users\angus\Desktop\tiktoktechjam2026\data\real_ext\unsplash\unsplash_002648.jpg,0,unsplash_real,Real_Unsplash
C:\Users\angus\Desktop\tiktoktechjam2026\data\real_ext\unsplash\unsplash_002649.jpg,0,unsplash_real,Real_Unsplash
C:\Users\angus\Desktop\tiktoktechjam2026\data\real_ext\unsplash\unsplash_002650.jpg,0,unsplash_real,Real_Unsplash
C:\Users\angus\Desktop\tiktoktechjam2026\data\real_ext\unsplash\unsplash_002651.jpg,0,unsplash_real,Real_Unsplash
C:\Users\angus\Desktop\tiktoktechjam2026\data\real_ext\unsplash\unsplash_002652.jpg,0,unsplash_real,Real_Unsplash
C:\Users\angus\Desktop\tiktoktechjam2026\data\real_ext\unsplash\unsplash_002653.jpg,0,unsplash_real,Real_Unsplash
C:\Users\angus\Desktop\tiktoktechjam2026\data\real_ext\unsplash\unsplash_002654.jpg,0,unsplash_real,Real_Unsplash
C:\Users\angus\Desktop\tiktoktechjam2026\data\real_ext\unsplash\unsplash_002655.jpg,0,unsplash_real,Real_Unsplash
C:\Users\angus\Desktop\tiktoktechjam2026\data\real_ext\unsplash\unsplash_002656.jpg,0,unsplash_real,Real_Unsplash
C:\Users\angus\Desktop\tiktoktechjam2026\data\real_ext\unsplash\unsplash_002657.jpg,0,unsplash_real,Real_Unsplash
C:\Users\angus\Desktop\tiktoktechjam2026\data\real_ext\unsplash\unsplash_002658.jpg,0,unsplash_real,Real_Unsplash
C:\Users\angus\Desktop\tiktoktechjam2026\data\real_ext\unsplash\unsplash_002659.jpg,0,unsplash_real,Real_Unsplash
C:\Users\angus\Desktop\tiktoktechjam2026\data\real_ext\unsplash\unsplash_002660.jpg,0,unsplash_real,Real_Unsplash
C:\Users\angus\Desktop\tiktoktechjam2026\data\real_ext\unsplash\unsplash_002661.jpg,0,unsplash_real,Real_Unsplash
C:\Users\angus\Desktop\tiktoktechjam2026\data\real_ext\unsplash\unsplash_002662.jpg,0,unsplash_real,Real_Unsplash
C:\Users\angus\Desktop\tiktoktechjam2026\data\real_ext\unsplash\unsplash_002663.jpg,0,unsplash_real,Real_Unsplash
C:\Users\angus\Desktop\tiktoktechjam2026\data\real_ext\unsplash\unsplash_002664.jpg,0,unsplash_real,Real_Unsplash
C:\Users\angus\Desktop\tiktoktechjam2026\data\real_ext\unsplash\unsplash_002665.jpg,0,unsplash_real,Real_Unsplash
C:\Users\angus\Desktop\tiktoktechjam2026\data\real_ext\unsplash\unsplash_002666.jpg,0,unsplash_real,Real_Unsplash
C:\Users\angus\Desktop\tiktoktechjam2026\data\real_ext\unsplash\unsplash_002667.jpg,0,unsplash_real,Real_Unsplash
C:\Users\angus\Desktop\tiktoktechjam2026\data\real_ext\unsplash\unsplash_002668.jpg,0,unsplash_real,Real_Unsplash
C:\Users\angus\Desktop\tiktoktechjam2026\data\real_ext\unsplash\unsplash_002669.jpg,0,unsplash_real,Real_Unsplash
C:\Users\angus\Desktop\tiktoktechjam2026\data\real_ext\unsplash\unsplash_002670.jpg,0,unsplash_real,Real_Unsplash
C:\Users\angus\Desktop\tiktoktechjam2026\data\real_ext\unsplash\unsplash_002671.jpg,0,unsplash_real,Real_Unsplash
C:\Users\angus\Desktop\tiktoktechjam2026\data\real_ext\unsplash\unsplash_002672.jpg,0,unsplash_real,Real_Unsplash
C:\Users\angus\Desktop\tiktoktechjam2026\data\real_ext\unsplash\unsplash_002673.jpg,0,unsplash_real,Real_Unsplash
C:\Users\angus\Desktop\tiktoktechjam2026\data\real_ext\unsplash\unsplash_002674.jpg,0,unsplash_real,Real_Unsplash
C:\Users\angus\Desktop\tiktoktechjam2026\data\real_ext\unsplash\unsplash_002675.jpg,0,unsplash_real,Real_Unsplash
C:\Users\angus\Desktop\tiktoktechjam2026\data\real_ext\unsplash\unsplash_002676.jpg,0,unsplash_real,Real_Unsplash
C:\Users\angus\Desktop\tiktoktechjam2026\data\real_ext\unsplash\unsplash_002677.jpg,0,unsplash_real,Real_Unsplash
C:\Users\angus\Desktop\tiktoktechjam2026\data\real_ext\unsplash\unsplash_002678.jpg,0,unsplash_real,Real_Unsplash
C:\Users\angus\Desktop\tiktoktechjam2026\data\real_ext\unsplash\unsplash_002679.jpg,0,unsplash_real,Real_Unsplash
C:\Users\angus\Desktop\tiktoktechjam2026\data\real_ext\unsplash\unsplash_002680.jpg,0,unsplash_real,Real_Unsplash
C:\Users\angus\Desktop\tiktoktechjam2026\data\real_ext\unsplash\unsplash_002681.jpg,0,unsplash_real,Real_Unsplash
C:\Users\angus\Desktop\tiktoktechjam2026\data\real_ext\unsplash\unsplash_002682.jpg,0,unsplash_real,Real_Unsplash
C:\Users\angus\Desktop\tiktoktechjam2026\data\real_ext\unsplash\unsplash_002683.jpg,0,unsplash_real,Real_Unsplash
C:\Users\angus\Desktop\tiktoktechjam2026\data\real_ext\unsplash\unsplash_002684.jpg,0,unsplash_real,Real_Unsplash
C:\Users\angus\Desktop\tiktoktechjam2026\data\real_ext\unsplash\unsplash_002685.jpg,0,unsplash_real,Real_Unsplash
C:\Users\angus\Desktop\tiktoktechjam2026\data\real_ext\unsplash\unsplash_002686.jpg,0,unsplash_real,Real_Unsplash
C:\Users\angus\Desktop\tiktoktechjam2026\data\real_ext\unsplash\unsplash_002687.jpg,0,unsplash_real,Real_Unsplash
C:\Users\angus\Desktop\tiktoktechjam2026\data\real_ext\unsplash\unsplash_002688.jpg,0,unsplash_real,Real_Unsplash
C:\Users\angus\Desktop\tiktoktechjam2026\data\real_ext\unsplash\unsplash_002689.jpg,0,unsplash_real,Real_Unsplash
C:\Users\angus\Desktop\tiktoktechjam2026\data\real_ext\unsplash\unsplash_002690.jpg,0,unsplash_real,Real_Unsplash
C:\Users\angus\Desktop\tiktoktechjam2026\data\real_ext\unsplash\unsplash_002691.jpg,0,unsplash_real,Real_Unsplash
C:\Users\angus\Desktop\tiktoktechjam2026\data\real_ext\unsplash\unsplash_002692.jpg,0,unsplash_real,Real_Unsplash
C:\Users\angus\Desktop\tiktoktechjam2026\data\real_ext\unsplash\unsplash_002693.jpg,0,unsplash_real,Real_Unsplash
C:\Users\angus\Desktop\tiktoktechjam2026\data\real_ext\unsplash\unsplash_002694.jpg,0,unsplash_real,Real_Unsplash
C:\Users\angus\Desktop\tiktoktechjam2026\data\real_ext\unsplash\unsplash_002695.jpg,0,unsplash_real,Real_Unsplash
C:\Users\angus\Desktop\tiktoktechjam2026\data\real_ext\unsplash\unsplash_002696.jpg,0,unsplash_real,Real_Unsplash
C:\Users\angus\Desktop\tiktoktechjam2026\data\real_ext\unsplash\unsplash_002697.jpg,0,unsplash_real,Real_Unsplash
C:\Users\angus\Desktop\tiktoktechjam2026\data\real_ext\unsplash\unsplash_002698.jpg,0,unsplash_real,Real_Unsplash
C:\Users\angus\Desktop\tiktoktechjam2026\data\real_ext\unsplash\unsplash_002699.jpg,0,unsplash_real,Real_Unsplash
C:\Users\angus\Desktop\tiktoktechjam2026\data\real_ext\unsplash\unsplash_002700.jpg,0,unsplash_real,Real_Unsplash
C:\Users\angus\Desktop\tiktoktechjam2026\data\real_ext\unsplash\unsplash_002701.jpg,0,unsplash_real,Real_Unsplash
C:\Users\angus\Desktop\tiktoktechjam2026\data\real_ext\unsplash\unsplash_002702.jpg,0,unsplash_real,Real_Unsplash
C:\Users\angus\Desktop\tiktoktechjam2026\data\real_ext\unsplash\unsplash_002703.jpg,0,unsplash_real,Real_Unsplash
C:\Users\angus\Desktop\tiktoktechjam2026\data\real_ext\unsplash\unsplash_002704.jpg,0,unsplash_real,Real_Unsplash
C:\Users\angus\Desktop\tiktoktechjam2026\data\real_ext\unsplash\unsplash_002705.jpg,0,unsplash_real,Real_Unsplash
C:\Users\angus\Desktop\tiktoktechjam2026\data\real_ext\unsplash\unsplash_002706.jpg,0,unsplash_real,Real_Unsplash
C:\Users\angus\Desktop\tiktoktechjam2026\data\real_ext\unsplash\unsplash_002707.jpg,0,unsplash_real,Real_Unsplash
C:\Users\angus\Desktop\tiktoktechjam2026\data\real_ext\unsplash\unsplash_002708.jpg,0,unsplash_real,Real_Unsplash
C:\Users\angus\Desktop\tiktoktechjam2026\data\real_ext\unsplash\unsplash_002709.jpg,0,unsplash_real,Real_Unsplash
C:\Users\angus\Desktop\tiktoktechjam2026\data\real_ext\unsplash\unsplash_002710.jpg,0,unsplash_real,Real_Unsplash
C:\Users\angus\Desktop\tiktoktechjam2026\data\real_ext\unsplash\unsplash_002711.jpg,0,unsplash_real,Real_Unsplash
C:\Users\angus\Desktop\tiktoktechjam2026\data\real_ext\unsplash\unsplash_002712.jpg,0,unsplash_real,Real_Unsplash
C:\Users\angus\Desktop\tiktoktechjam2026\data\real_ext\unsplash\unsplash_002713.jpg,0,unsplash_real,Real_Unsplash
C:\Users\angus\Desktop\tiktoktechjam2026\data\real_ext\unsplash\unsplash_002714.jpg,0,unsplash_real,Real_Unsplash
C:\Users\angus\Desktop\tiktoktechjam2026\data\real_ext\unsplash\unsplash_002715.jpg,0,unsplash_real,Real_Unsplash
C:\Users\angus\Desktop\tiktoktechjam2026\data\real_ext\unsplash\unsplash_002716.jpg,0,unsplash_real,Real_Unsplash
C:\Users\angus\Desktop\tiktoktechjam2026\data\real_ext\unsplash\unsplash_002717.jpg,0,unsplash_real,Real_Unsplash
C:\Users\angus\Desktop\tiktoktechjam2026\data\real_ext\unsplash\unsplash_002718.jpg,0,unsplash_real,Real_Unsplash
C:\Users\angus\Desktop\tiktoktechjam2026\data\real_ext\unsplash\unsplash_002719.jpg,0,unsplash_real,Real_Unsplash
C:\Users\angus\Desktop\tiktoktechjam2026\data\real_ext\unsplash\unsplash_002720.jpg,0,unsplash_real,Real_Unsplash
C:\Users\angus\Desktop\tiktoktechjam2026\data\real_ext\unsplash\unsplash_002721.jpg,0,unsplash_real,Real_Unsplash
C:\Users\angus\Desktop\tiktoktechjam2026\data\real_ext\unsplash\unsplash_002722.jpg,0,unsplash_real,Real_Unsplash
C:\Users\angus\Desktop\tiktoktechjam2026\data\real_ext\unsplash\unsplash_002723.jpg,0,unsplash_real,Real_Unsplash
C:\Users\angus\Desktop\tiktoktechjam2026\data\real_ext\unsplash\unsplash_002724.jpg,0,unsplash_real,Real_Unsplash
C:\Users\angus\Desktop\tiktoktechjam2026\data\real_ext\unsplash\unsplash_002725.jpg,0,unsplash_real,Real_Unsplash
C:\Users\angus\Desktop\tiktoktechjam2026\data\real_ext\unsplash\unsplash_002726.jpg,0,unsplash_real,Real_Unsplash
C:\Users\angus\Desktop\tiktoktechjam2026\data\real_ext\unsplash\unsplash_002727.jpg,0,unsplash_real,Real_Unsplash
C:\Users\angus\Desktop\tiktoktechjam2026\data\real_ext\unsplash\unsplash_002728.jpg,0,unsplash_real,Real_Unsplash
C:\Users\angus\Desktop\tiktoktechjam2026\data\real_ext\unsplash\unsplash_002729.jpg,0,unsplash_real,Real_Unsplash
C:\Users\angus\Desktop\tiktoktechjam2026\data\real_ext\unsplash\unsplash_002730.jpg,0,unsplash_real,Real_Unsplash
C:\Users\angus\Desktop\tiktoktechjam2026\data\real_ext\unsplash\unsplash_002731.jpg,0,unsplash_real,Real_Unsplash
C:\Users\angus\Desktop\tiktoktechjam2026\data\real_ext\unsplash\unsplash_002732.jpg,0,unsplash_real,Real_Unsplash
C:\Users\angus\Desktop\tiktoktechjam2026\data\real_ext\unsplash\unsplash_002733.jpg,0,unsplash_real,Real_Unsplash
C:\Users\angus\Desktop\tiktoktechjam2026\data\real_ext\unsplash\unsplash_002734.jpg,0,unsplash_real,Real_Unsplash
C:\Users\angus\Desktop\tiktoktechjam2026\data\real_ext\unsplash\unsplash_002735.jpg,0,unsplash_real,Real_Unsplash
C:\Users\angus\Desktop\tiktoktechjam2026\data\real_ext\unsplash\unsplash_002736.jpg,0,unsplash_real,Real_Unsplash
C:\Users\angus\Desktop\tiktoktechjam2026\data\real_ext\unsplash\unsplash_002737.jpg,0,unsplash_real,Real_Unsplash
C:\Users\angus\Desktop\tiktoktechjam2026\data\real_ext\unsplash\unsplash_002738.jpg,0,unsplash_real,Real_Unsplash
C:\Users\angus\Desktop\tiktoktechjam2026\data\real_ext\unsplash\unsplash_002739.jpg,0,unsplash_real,Real_Unsplash
C:\Users\angus\Desktop\tiktoktechjam2026\data\real_ext\unsplash\unsplash_002740.jpg,0,unsplash_real,Real_Unsplash
C:\Users\angus\Desktop\tiktoktechjam2026\data\real_ext\unsplash\unsplash_002741.jpg,0,unsplash_real,Real_Unsplash
C:\Users\angus\Desktop\tiktoktechjam2026\data\real_ext\unsplash\unsplash_002742.jpg,0,unsplash_real,Real_Unsplash
C:\Users\angus\Desktop\tiktoktechjam2026\data\real_ext\unsplash\unsplash_002743.jpg,0,unsplash_real,Real_Unsplash
C:\Users\angus\Desktop\tiktoktechjam2026\data\real_ext\unsplash\unsplash_002744.jpg,0,unsplash_real,Real_Unsplash
C:\Users\angus\Desktop\tiktoktechjam2026\data\real_ext\unsplash\unsplash_002745.jpg,0,unsplash_real,Real_Unsplash
C:\Users\angus\Desktop\tiktoktechjam2026\data\real_ext\unsplash\unsplash_002746.jpg,0,unsplash_real,Real_Unsplash
C:\Users\angus\Desktop\tiktoktechjam2026\data\real_ext\unsplash\unsplash_002747.jpg,0,unsplash_real,Real_Unsplash
C:\Users\angus\Desktop\tiktoktechjam2026\data\real_ext\unsplash\unsplash_002748.jpg,0,unsplash_real,Real_Unsplash
C:\Users\angus\Desktop\tiktoktechjam2026\data\real_ext\unsplash\unsplash_002749.jpg,0,unsplash_real,Real_Unsplash
C:\Users\angus\Desktop\tiktoktechjam2026\data\real_ext\unsplash\unsplash_002750.jpg,0,unsplash_real,Real_Unsplash
C:\Users\angus\Desktop\tiktoktechjam2026\data\real_ext\unsplash\unsplash_002751.jpg,0,unsplash_real,Real_Unsplash
C:\Users\angus\Desktop\tiktoktechjam2026\data\real_ext\unsplash\unsplash_002752.jpg,0,unsplash_real,Real_Unsplash
C:\Users\angus\Desktop\tiktoktechjam2026\data\real_ext\unsplash\unsplash_002753.jpg,0,unsplash_real,Real_Unsplash
C:\Users\angus\Desktop\tiktoktechjam2026\data\real_ext\unsplash\unsplash_002754.jpg,0,unsplash_real,Real_Unsplash
C:\Users\angus\Desktop\tiktoktechjam2026\data\real_ext\unsplash\unsplash_002755.jpg,0,unsplash_real,Real_Unsplash
C:\Users\angus\Desktop\tiktoktechjam2026\data\real_ext\unsplash\unsplash_002756.jpg,0,unsplash_real,Real_Unsplash
C:\Users\angus\Desktop\tiktoktechjam2026\data\real_ext\unsplash\unsplash_002757.jpg,0,unsplash_real,Real_Unsplash
C:\Users\angus\Desktop\tiktoktechjam2026\data\real_ext\unsplash\unsplash_002758.jpg,0,unsplash_real,Real_Unsplash
C:\Users\angus\Desktop\tiktoktechjam2026\data\real_ext\unsplash\unsplash_002759.jpg,0,unsplash_real,Real_Unsplash
C:\Users\angus\Desktop\tiktoktechjam2026\data\real_ext\unsplash\unsplash_002760.jpg,0,unsplash_real,Real_Unsplash
C:\Users\angus\Desktop\tiktoktechjam2026\data\real_ext\unsplash\unsplash_002761.jpg,0,unsplash_real,Real_Unsplash
C:\Users\angus\Desktop\tiktoktechjam2026\data\real_ext\unsplash\unsplash_002762.jpg,0,unsplash_real,Real_Unsplash
C:\Users\angus\Desktop\tiktoktechjam2026\data\real_ext\unsplash\unsplash_002763.jpg,0,unsplash_real,Real_Unsplash
C:\Users\angus\Desktop\tiktoktechjam2026\data\real_ext\unsplash\unsplash_002764.jpg,0,unsplash_real,Real_Unsplash
C:\Users\angus\Desktop\tiktoktechjam2026\data\real_ext\unsplash\unsplash_002765.jpg,0,unsplash_real,Real_Unsplash
C:\Users\angus\Desktop\tiktoktechjam2026\data\real_ext\unsplash\unsplash_002766.jpg,0,unsplash_real,Real_Unsplash
C:\Users\angus\Desktop\tiktoktechjam2026\data\real_ext\unsplash\unsplash_002767.jpg,0,unsplash_real,Real_Unsplash
C:\Users\angus\Desktop\tiktoktechjam2026\data\real_ext\unsplash\unsplash_002768.jpg,0,unsplash_real,Real_Unsplash
C:\Users\angus\Desktop\tiktoktechjam2026\data\real_ext\unsplash\unsplash_002769.jpg,0,unsplash_real,Real_Unsplash
C:\Users\angus\Desktop\tiktoktechjam2026\data\real_ext\unsplash\unsplash_002770.jpg,0,unsplash_real,Real_Unsplash
C:\Users\angus\Desktop\tiktoktechjam2026\data\real_ext\unsplash\unsplash_002771.jpg,0,unsplash_real,Real_Unsplash
C:\Users\angus\Desktop\tiktoktechjam2026\data\real_ext\unsplash\unsplash_002772.jpg,0,unsplash_real,Real_Unsplash
C:\Users\angus\Desktop\tiktoktechjam2026\data\real_ext\unsplash\unsplash_002773.jpg,0,unsplash_real,Real_Unsplash
C:\Users\angus\Desktop\tiktoktechjam2026\data\real_ext\unsplash\unsplash_002774.jpg,0,unsplash_real,Real_Unsplash
C:\Users\angus\Desktop\tiktoktechjam2026\data\real_ext\unsplash\unsplash_002775.jpg,0,unsplash_real,Real_Unsplash
C:\Users\angus\Desktop\tiktoktechjam2026\data\real_ext\unsplash\unsplash_002776.jpg,0,unsplash_real,Real_Unsplash
C:\Users\angus\Desktop\tiktoktechjam2026\data\real_ext\unsplash\unsplash_002777.jpg,0,unsplash_real,Real_Unsplash
C:\Users\angus\Desktop\tiktoktechjam2026\data\real_ext\unsplash\unsplash_002778.jpg,0,unsplash_real,Real_Unsplash
C:\Users\angus\Desktop\tiktoktechjam2026\data\real_ext\unsplash\unsplash_002779.jpg,0,unsplash_real,Real_Unsplash
C:\Users\angus\Desktop\tiktoktechjam2026\data\real_ext\unsplash\unsplash_002780.jpg,0,unsplash_real,Real_Unsplash
C:\Users\angus\Desktop\tiktoktechjam2026\data\real_ext\unsplash\unsplash_002781.jpg,0,unsplash_real,Real_Unsplash
C:\Users\angus\Desktop\tiktoktechjam2026\data\real_ext\unsplash\unsplash_002782.jpg,0,unsplash_real,Real_Unsplash
C:\Users\angus\Desktop\tiktoktechjam2026\data\real_ext\unsplash\unsplash_002783.jpg,0,unsplash_real,Real_Unsplash
C:\Users\angus\Desktop\tiktoktechjam2026\data\real_ext\unsplash\unsplash_002784.jpg,0,unsplash_real,Real_Unsplash
C:\Users\angus\Desktop\tiktoktechjam2026\data\real_ext\unsplash\unsplash_002785.jpg,0,unsplash_real,Real_Unsplash
C:\Users\angus\Desktop\tiktoktechjam2026\data\real_ext\unsplash\unsplash_002786.jpg,0,unsplash_real,Real_Unsplash
C:\Users\angus\Desktop\tiktoktechjam2026\data\real_ext\unsplash\unsplash_002787.jpg,0,unsplash_real,Real_Unsplash
C:\Users\angus\Desktop\tiktoktechjam2026\data\real_ext\unsplash\unsplash_002788.jpg,0,unsplash_real,Real_Unsplash
C:\Users\angus\Desktop\tiktoktechjam2026\data\real_ext\unsplash\unsplash_002789.jpg,0,unsplash_real,Real_Unsplash
C:\Users\angus\Desktop\tiktoktechjam2026\data\real_ext\unsplash\unsplash_002790.jpg,0,unsplash_real,Real_Unsplash
C:\Users\angus\Desktop\tiktoktechjam2026\data\real_ext\unsplash\unsplash_002791.jpg,0,unsplash_real,Real_Unsplash
C:\Users\angus\Desktop\tiktoktechjam2026\data\real_ext\unsplash\unsplash_002792.jpg,0,unsplash_real,Real_Unsplash
C:\Users\angus\Desktop\tiktoktechjam2026\data\real_ext\unsplash\unsplash_002793.jpg,0,unsplash_real,Real_Unsplash
C:\Users\angus\Desktop\tiktoktechjam2026\data\real_ext\unsplash\unsplash_002794.jpg,0,unsplash_real,Real_Unsplash
C:\Users\angus\Desktop\tiktoktechjam2026\data\real_ext\unsplash\unsplash_002795.jpg,0,unsplash_real,Real_Unsplash
C:\Users\angus\Desktop\tiktoktechjam2026\data\real_ext\unsplash\unsplash_002796.jpg,0,unsplash_real,Real_Unsplash
C:\Users\angus\Desktop\tiktoktechjam2026\data\real_ext\unsplash\unsplash_002797.jpg,0,unsplash_real,Real_Unsplash
C:\Users\angus\Desktop\tiktoktechjam2026\data\real_ext\unsplash\unsplash_002798.jpg,0,unsplash_real,Real_Unsplash
C:\Users\angus\Desktop\tiktoktechjam2026\data\real_ext\unsplash\unsplash_002799.jpg,0,unsplash_real,Real_Unsplash
C:\Users\angus\Desktop\tiktoktechjam2026\data\real_ext\unsplash\unsplash_002800.jpg,0,unsplash_real,Real_Unsplash
C:\Users\angus\Desktop\tiktoktechjam2026\data\real_ext\unsplash\unsplash_002801.jpg,0,unsplash_real,Real_Unsplash
C:\Users\angus\Desktop\tiktoktechjam2026\data\real_ext\unsplash\unsplash_002802.jpg,0,unsplash_real,Real_Unsplash
C:\Users\angus\Desktop\tiktoktechjam2026\data\real_ext\unsplash\unsplash_002803.jpg,0,unsplash_real,Real_Unsplash
C:\Users\angus\Desktop\tiktoktechjam2026\data\real_ext\unsplash\unsplash_002804.jpg,0,unsplash_real,Real_Unsplash
C:\Users\angus\Desktop\tiktoktechjam2026\data\real_ext\unsplash\unsplash_002805.jpg,0,unsplash_real,Real_Unsplash
C:\Users\angus\Desktop\tiktoktechjam2026\data\real_ext\unsplash\unsplash_002806.jpg,0,unsplash_real,Real_Unsplash
C:\Users\angus\Desktop\tiktoktechjam2026\data\real_ext\unsplash\unsplash_002807.jpg,0,unsplash_real,Real_Unsplash
C:\Users\angus\Desktop\tiktoktechjam2026\data\real_ext\unsplash\unsplash_002808.jpg,0,unsplash_real,Real_Unsplash
C:\Users\angus\Desktop\tiktoktechjam2026\data\real_ext\unsplash\unsplash_002809.jpg,0,unsplash_real,Real_Unsplash
C:\Users\angus\Desktop\tiktoktechjam2026\data\real_ext\unsplash\unsplash_002810.jpg,0,unsplash_real,Real_Unsplash
C:\Users\angus\Desktop\tiktoktechjam2026\data\real_ext\unsplash\unsplash_002811.jpg,0,unsplash_real,Real_Unsplash
C:\Users\angus\Desktop\tiktoktechjam2026\data\real_ext\unsplash\unsplash_002812.jpg,0,unsplash_real,Real_Unsplash
C:\Users\angus\Desktop\tiktoktechjam2026\data\real_ext\unsplash\unsplash_002813.jpg,0,unsplash_real,Real_Unsplash
C:\Users\angus\Desktop\tiktoktechjam2026\data\real_ext\unsplash\unsplash_002814.jpg,0,unsplash_real,Real_Unsplash
C:\Users\angus\Desktop\tiktoktechjam2026\data\real_ext\unsplash\unsplash_002815.jpg,0,unsplash_real,Real_Unsplash
C:\Users\angus\Desktop\tiktoktechjam2026\data\real_ext\unsplash\unsplash_002816.jpg,0,unsplash_real,Real_Unsplash
C:\Users\angus\Desktop\tiktoktechjam2026\data\real_ext\unsplash\unsplash_002817.jpg,0,unsplash_real,Real_Unsplash
C:\Users\angus\Desktop\tiktoktechjam2026\data\real_ext\unsplash\unsplash_002818.jpg,0,unsplash_real,Real_Unsplash
C:\Users\angus\Desktop\tiktoktechjam2026\data\real_ext\unsplash\unsplash_002819.jpg,0,unsplash_real,Real_Unsplash
C:\Users\angus\Desktop\tiktoktechjam2026\data\real_ext\unsplash\unsplash_002820.jpg,0,unsplash_real,Real_Unsplash
C:\Users\angus\Desktop\tiktoktechjam2026\data\real_ext\unsplash\unsplash_002821.jpg,0,unsplash_real,Real_Unsplash
C:\Users\angus\Desktop\tiktoktechjam2026\data\real_ext\unsplash\unsplash_002822.jpg,0,unsplash_real,Real_Unsplash
C:\Users\angus\Desktop\tiktoktechjam2026\data\real_ext\unsplash\unsplash_002823.jpg,0,unsplash_real,Real_Unsplash
C:\Users\angus\Desktop\tiktoktechjam2026\data\real_ext\unsplash\unsplash_002824.jpg,0,unsplash_real,Real_Unsplash
C:\Users\angus\Desktop\tiktoktechjam2026\data\real_ext\unsplash\unsplash_002825.jpg,0,unsplash_real,Real_Unsplash
C:\Users\angus\Desktop\tiktoktechjam2026\data\real_ext\unsplash\unsplash_002826.jpg,0,unsplash_real,Real_Unsplash
C:\Users\angus\Desktop\tiktoktechjam2026\data\real_ext\unsplash\unsplash_002827.jpg,0,unsplash_real,Real_Unsplash
C:\Users\angus\Desktop\tiktoktechjam2026\data\real_ext\unsplash\unsplash_002828.jpg,0,unsplash_real,Real_Unsplash
C:\Users\angus\Desktop\tiktoktechjam2026\data\real_ext\unsplash\unsplash_002829.jpg,0,unsplash_real,Real_Unsplash
C:\Users\angus\Desktop\tiktoktechjam2026\data\real_ext\unsplash\unsplash_002830.jpg,0,unsplash_real,Real_Unsplash
C:\Users\angus\Desktop\tiktoktechjam2026\data\real_ext\unsplash\unsplash_002831.jpg,0,unsplash_real,Real_Unsplash
C:\Users\angus\Desktop\tiktoktechjam2026\data\real_ext\unsplash\unsplash_002832.jpg,0,unsplash_real,Real_Unsplash
C:\Users\angus\Desktop\tiktoktechjam2026\data\real_ext\unsplash\unsplash_002833.jpg,0,unsplash_real,Real_Unsplash
C:\Users\angus\Desktop\tiktoktechjam2026\data\real_ext\unsplash\unsplash_002834.jpg,0,unsplash_real,Real_Unsplash
C:\Users\angus\Desktop\tiktoktechjam2026\data\real_ext\unsplash\unsplash_002835.jpg,0,unsplash_real,Real_Unsplash
C:\Users\angus\Desktop\tiktoktechjam2026\data\real_ext\unsplash\unsplash_002836.jpg,0,unsplash_real,Real_Unsplash
C:\Users\angus\Desktop\tiktoktechjam2026\data\real_ext\unsplash\unsplash_002837.jpg,0,unsplash_real,Real_Unsplash
C:\Users\angus\Desktop\tiktoktechjam2026\data\real_ext\unsplash\unsplash_002838.jpg,0,unsplash_real,Real_Unsplash
C:\Users\angus\Desktop\tiktoktechjam2026\data\real_ext\unsplash\unsplash_002839.jpg,0,unsplash_real,Real_Unsplash
C:\Users\angus\Desktop\tiktoktechjam2026\data\real_ext\unsplash\unsplash_002840.jpg,0,unsplash_real,Real_Unsplash
C:\Users\angus\Desktop\tiktoktechjam2026\data\real_ext\unsplash\unsplash_002841.jpg,0,unsplash_real,Real_Unsplash
C:\Users\angus\Desktop\tiktoktechjam2026\data\real_ext\unsplash\unsplash_002842.jpg,0,unsplash_real,Real_Unsplash
C:\Users\angus\Desktop\tiktoktechjam2026\data\real_ext\unsplash\unsplash_002843.jpg,0,unsplash_real,Real_Unsplash
C:\Users\angus\Desktop\tiktoktechjam2026\data\real_ext\unsplash\unsplash_002844.jpg,0,unsplash_real,Real_Unsplash
C:\Users\angus\Desktop\tiktoktechjam2026\data\real_ext\unsplash\unsplash_002845.jpg,0,unsplash_real,Real_Unsplash
C:\Users\angus\Desktop\tiktoktechjam2026\data\real_ext\unsplash\unsplash_002846.jpg,0,unsplash_real,Real_Unsplash
C:\Users\angus\Desktop\tiktoktechjam2026\data\real_ext\unsplash\unsplash_002847.jpg,0,unsplash_real,Real_Unsplash
C:\Users\angus\Desktop\tiktoktechjam2026\data\real_ext\unsplash\unsplash_002848.jpg,0,unsplash_real,Real_Unsplash
C:\Users\angus\Desktop\tiktoktechjam2026\data\real_ext\unsplash\unsplash_002849.jpg,0,unsplash_real,Real_Unsplash
C:\Users\angus\Desktop\tiktoktechjam2026\data\real_ext\unsplash\unsplash_002850.jpg,0,unsplash_real,Real_Unsplash
C:\Users\angus\Desktop\tiktoktechjam2026\data\real_ext\unsplash\unsplash_002851.jpg,0,unsplash_real,Real_Unsplash
C:\Users\angus\Desktop\tiktoktechjam2026\data\real_ext\unsplash\unsplash_002852.jpg,0,unsplash_real,Real_Unsplash
C:\Users\angus\Desktop\tiktoktechjam2026\data\real_ext\unsplash\unsplash_002853.jpg,0,unsplash_real,Real_Unsplash
C:\Users\angus\Desktop\tiktoktechjam2026\data\real_ext\unsplash\unsplash_002854.jpg,0,unsplash_real,Real_Unsplash
C:\Users\angus\Desktop\tiktoktechjam2026\data\real_ext\unsplash\unsplash_002855.jpg,0,unsplash_real,Real_Unsplash
C:\Users\angus\Desktop\tiktoktechjam2026\data\real_ext\unsplash\unsplash_002856.jpg,0,unsplash_real,Real_Unsplash
C:\Users\angus\Desktop\tiktoktechjam2026\data\real_ext\unsplash\unsplash_002857.jpg,0,unsplash_real,Real_Unsplash
C:\Users\angus\Desktop\tiktoktechjam2026\data\real_ext\unsplash\unsplash_002858.jpg,0,unsplash_real,Real_Unsplash
C:\Users\angus\Desktop\tiktoktechjam2026\data\real_ext\unsplash\unsplash_002859.jpg,0,unsplash_real,Real_Unsplash
C:\Users\angus\Desktop\tiktoktechjam2026\data\real_ext\unsplash\unsplash_002860.jpg,0,unsplash_real,Real_Unsplash
C:\Users\angus\Desktop\tiktoktechjam2026\data\real_ext\unsplash\unsplash_002861.jpg,0,unsplash_real,Real_Unsplash
C:\Users\angus\Desktop\tiktoktechjam2026\data\real_ext\unsplash\unsplash_002862.jpg,0,unsplash_real,Real_Unsplash
C:\Users\angus\Desktop\tiktoktechjam2026\data\real_ext\unsplash\unsplash_002863.jpg,0,unsplash_real,Real_Unsplash
C:\Users\angus\Desktop\tiktoktechjam2026\data\real_ext\unsplash\unsplash_002864.jpg,0,unsplash_real,Real_Unsplash
C:\Users\angus\Desktop\tiktoktechjam2026\data\real_ext\unsplash\unsplash_002865.jpg,0,unsplash_real,Real_Unsplash
C:\Users\angus\Desktop\tiktoktechjam2026\data\real_ext\unsplash\unsplash_002866.jpg,0,unsplash_real,Real_Unsplash
C:\Users\angus\Desktop\tiktoktechjam2026\data\real_ext\unsplash\unsplash_002867.jpg,0,unsplash_real,Real_Unsplash
C:\Users\angus\Desktop\tiktoktechjam2026\data\real_ext\unsplash\unsplash_002868.jpg,0,unsplash_real,Real_Unsplash
C:\Users\angus\Desktop\tiktoktechjam2026\data\real_ext\unsplash\unsplash_002869.jpg,0,unsplash_real,Real_Unsplash
C:\Users\angus\Desktop\tiktoktechjam2026\data\real_ext\unsplash\unsplash_002870.jpg,0,unsplash_real,Real_Unsplash
C:\Users\angus\Desktop\tiktoktechjam2026\data\real_ext\unsplash\unsplash_002871.jpg,0,unsplash_real,Real_Unsplash
C:\Users\angus\Desktop\tiktoktechjam2026\data\real_ext\unsplash\unsplash_002872.jpg,0,unsplash_real,Real_Unsplash
C:\Users\angus\Desktop\tiktoktechjam2026\data\real_ext\unsplash\unsplash_002873.jpg,0,unsplash_real,Real_Unsplash
C:\Users\angus\Desktop\tiktoktechjam2026\data\real_ext\unsplash\unsplash_002874.jpg,0,unsplash_real,Real_Unsplash
C:\Users\angus\Desktop\tiktoktechjam2026\data\real_ext\unsplash\unsplash_002875.jpg,0,unsplash_real,Real_Unsplash
C:\Users\angus\Desktop\tiktoktechjam2026\data\real_ext\unsplash\unsplash_002876.jpg,0,unsplash_real,Real_Unsplash
C:\Users\angus\Desktop\tiktoktechjam2026\data\real_ext\unsplash\unsplash_002877.jpg,0,unsplash_real,Real_Unsplash
C:\Users\angus\Desktop\tiktoktechjam2026\data\real_ext\unsplash\unsplash_002878.jpg,0,unsplash_real,Real_Unsplash
C:\Users\angus\Desktop\tiktoktechjam2026\data\real_ext\unsplash\unsplash_002879.jpg,0,unsplash_real,Real_Unsplash
C:\Users\angus\Desktop\tiktoktechjam2026\data\real_ext\unsplash\unsplash_002880.jpg,0,unsplash_real,Real_Unsplash
C:\Users\angus\Desktop\tiktoktechjam2026\data\real_ext\unsplash\unsplash_002881.jpg,0,unsplash_real,Real_Unsplash
C:\Users\angus\Desktop\tiktoktechjam2026\data\real_ext\unsplash\unsplash_002882.jpg,0,unsplash_real,Real_Unsplash
C:\Users\angus\Desktop\tiktoktechjam2026\data\real_ext\unsplash\unsplash_002883.jpg,0,unsplash_real,Real_Unsplash
C:\Users\angus\Desktop\tiktoktechjam2026\data\real_ext\unsplash\unsplash_002884.jpg,0,unsplash_real,Real_Unsplash
C:\Users\angus\Desktop\tiktoktechjam2026\data\real_ext\unsplash\unsplash_002885.jpg,0,unsplash_real,Real_Unsplash
C:\Users\angus\Desktop\tiktoktechjam2026\data\real_ext\unsplash\unsplash_002886.jpg,0,unsplash_real,Real_Unsplash
C:\Users\angus\Desktop\tiktoktechjam2026\data\real_ext\unsplash\unsplash_002887.jpg,0,unsplash_real,Real_Unsplash
C:\Users\angus\Desktop\tiktoktechjam2026\data\real_ext\unsplash\unsplash_002888.jpg,0,unsplash_real,Real_Unsplash
C:\Users\angus\Desktop\tiktoktechjam2026\data\real_ext\unsplash\unsplash_002889.jpg,0,unsplash_real,Real_Unsplash
C:\Users\angus\Desktop\tiktoktechjam2026\data\real_ext\unsplash\unsplash_002890.jpg,0,unsplash_real,Real_Unsplash
C:\Users\angus\Desktop\tiktoktechjam2026\data\real_ext\unsplash\unsplash_002891.jpg,0,unsplash_real,Real_Unsplash
C:\Users\angus\Desktop\tiktoktechjam2026\data\real_ext\unsplash\unsplash_002892.jpg,0,unsplash_real,Real_Unsplash
C:\Users\angus\Desktop\tiktoktechjam2026\data\real_ext\unsplash\unsplash_002893.jpg,0,unsplash_real,Real_Unsplash
C:\Users\angus\Desktop\tiktoktechjam2026\data\real_ext\unsplash\unsplash_002894.jpg,0,unsplash_real,Real_Unsplash
C:\Users\angus\Desktop\tiktoktechjam2026\data\real_ext\unsplash\unsplash_002895.jpg,0,unsplash_real,Real_Unsplash
C:\Users\angus\Desktop\tiktoktechjam2026\data\real_ext\unsplash\unsplash_002896.jpg,0,unsplash_real,Real_Unsplash
C:\Users\angus\Desktop\tiktoktechjam2026\data\real_ext\unsplash\unsplash_002897.jpg,0,unsplash_real,Real_Unsplash
C:\Users\angus\Desktop\tiktoktechjam2026\data\real_ext\unsplash\unsplash_002898.jpg,0,unsplash_real,Real_Unsplash
C:\Users\angus\Desktop\tiktoktechjam2026\data\real_ext\unsplash\unsplash_002899.jpg,0,unsplash_real,Real_Unsplash
C:\Users\angus\Desktop\tiktoktechjam2026\data\real_ext\unsplash\unsplash_002900.jpg,0,unsplash_real,Real_Unsplash
C:\Users\angus\Desktop\tiktoktechjam2026\data\real_ext\unsplash\unsplash_002901.jpg,0,unsplash_real,Real_Unsplash
C:\Users\angus\Desktop\tiktoktechjam2026\data\real_ext\unsplash\unsplash_002902.jpg,0,unsplash_real,Real_Unsplash
C:\Users\angus\Desktop\tiktoktechjam2026\data\real_ext\unsplash\unsplash_002903.jpg,0,unsplash_real,Real_Unsplash
C:\Users\angus\Desktop\tiktoktechjam2026\data\real_ext\unsplash\unsplash_002904.jpg,0,unsplash_real,Real_Unsplash
C:\Users\angus\Desktop\tiktoktechjam2026\data\real_ext\unsplash\unsplash_002905.jpg,0,unsplash_real,Real_Unsplash
C:\Users\angus\Desktop\tiktoktechjam2026\data\real_ext\unsplash\unsplash_002906.jpg,0,unsplash_real,Real_Unsplash
C:\Users\angus\Desktop\tiktoktechjam2026\data\real_ext\unsplash\unsplash_002907.jpg,0,unsplash_real,Real_Unsplash
C:\Users\angus\Desktop\tiktoktechjam2026\data\real_ext\unsplash\unsplash_002908.jpg,0,unsplash_real,Real_Unsplash
C:\Users\angus\Desktop\tiktoktechjam2026\data\real_ext\unsplash\unsplash_002909.jpg,0,unsplash_real,Real_Unsplash
C:\Users\angus\Desktop\tiktoktechjam2026\data\real_ext\unsplash\unsplash_002910.jpg,0,unsplash_real,Real_Unsplash
C:\Users\angus\Desktop\tiktoktechjam2026\data\real_ext\unsplash\unsplash_002911.jpg,0,unsplash_real,Real_Unsplash
C:\Users\angus\Desktop\tiktoktechjam2026\data\real_ext\unsplash\unsplash_002912.jpg,0,unsplash_real,Real_Unsplash
C:\Users\angus\Desktop\tiktoktechjam2026\data\real_ext\unsplash\unsplash_002913.jpg,0,unsplash_real,Real_Unsplash
C:\Users\angus\Desktop\tiktoktechjam2026\data\real_ext\unsplash\unsplash_002914.jpg,0,unsplash_real,Real_Unsplash
C:\Users\angus\Desktop\tiktoktechjam2026\data\real_ext\unsplash\unsplash_002915.jpg,0,unsplash_real,Real_Unsplash
C:\Users\angus\Desktop\tiktoktechjam2026\data\real_ext\unsplash\unsplash_002916.jpg,0,unsplash_real,Real_Unsplash
C:\Users\angus\Desktop\tiktoktechjam2026\data\real_ext\unsplash\unsplash_002917.jpg,0,unsplash_real,Real_Unsplash
C:\Users\angus\Desktop\tiktoktechjam2026\data\real_ext\unsplash\unsplash_002918.jpg,0,unsplash_real,Real_Unsplash
C:\Users\angus\Desktop\tiktoktechjam2026\data\real_ext\unsplash\unsplash_002919.jpg,0,unsplash_real,Real_Unsplash
C:\Users\angus\Desktop\tiktoktechjam2026\data\real_ext\unsplash\unsplash_002920.jpg,0,unsplash_real,Real_Unsplash
C:\Users\angus\Desktop\tiktoktechjam2026\data\real_ext\unsplash\unsplash_002921.jpg,0,unsplash_real,Real_Unsplash
C:\Users\angus\Desktop\tiktoktechjam2026\data\real_ext\unsplash\unsplash_002922.jpg,0,unsplash_real,Real_Unsplash
C:\Users\angus\Desktop\tiktoktechjam2026\data\real_ext\unsplash\unsplash_002923.jpg,0,unsplash_real,Real_Unsplash
C:\Users\angus\Desktop\tiktoktechjam2026\data\real_ext\unsplash\unsplash_002924.jpg,0,unsplash_real,Real_Unsplash
C:\Users\angus\Desktop\tiktoktechjam2026\data\real_ext\unsplash\unsplash_002925.jpg,0,unsplash_real,Real_Unsplash
C:\Users\angus\Desktop\tiktoktechjam2026\data\real_ext\unsplash\unsplash_002926.jpg,0,unsplash_real,Real_Unsplash
C:\Users\angus\Desktop\tiktoktechjam2026\data\real_ext\unsplash\unsplash_002927.jpg,0,unsplash_real,Real_Unsplash
C:\Users\angus\Desktop\tiktoktechjam2026\data\real_ext\unsplash\unsplash_002928.jpg,0,unsplash_real,Real_Unsplash
C:\Users\angus\Desktop\tiktoktechjam2026\data\real_ext\unsplash\unsplash_002929.jpg,0,unsplash_real,Real_Unsplash
C:\Users\angus\Desktop\tiktoktechjam2026\data\real_ext\unsplash\unsplash_002930.jpg,0,unsplash_real,Real_Unsplash
C:\Users\angus\Desktop\tiktoktechjam2026\data\real_ext\unsplash\unsplash_002931.jpg,0,unsplash_real,Real_Unsplash
C:\Users\angus\Desktop\tiktoktechjam2026\data\real_ext\unsplash\unsplash_002932.jpg,0,unsplash_real,Real_Unsplash
C:\Users\angus\Desktop\tiktoktechjam2026\data\real_ext\unsplash\unsplash_002933.jpg,0,unsplash_real,Real_Unsplash
C:\Users\angus\Desktop\tiktoktechjam2026\data\real_ext\unsplash\unsplash_002934.jpg,0,unsplash_real,Real_Unsplash
C:\Users\angus\Desktop\tiktoktechjam2026\data\real_ext\unsplash\unsplash_002935.jpg,0,unsplash_real,Real_Unsplash
C:\Users\angus\Desktop\tiktoktechjam2026\data\real_ext\unsplash\unsplash_002936.jpg,0,unsplash_real,Real_Unsplash
C:\Users\angus\Desktop\tiktoktechjam2026\data\real_ext\unsplash\unsplash_002937.jpg,0,unsplash_real,Real_Unsplash
C:\Users\angus\Desktop\tiktoktechjam2026\data\real_ext\unsplash\unsplash_002938.jpg,0,unsplash_real,Real_Unsplash
C:\Users\angus\Desktop\tiktoktechjam2026\data\real_ext\unsplash\unsplash_002939.jpg,0,unsplash_real,Real_Unsplash
C:\Users\angus\Desktop\tiktoktechjam2026\data\real_ext\unsplash\unsplash_002940.jpg,0,unsplash_real,Real_Unsplash
C:\Users\angus\Desktop\tiktoktechjam2026\data\real_ext\unsplash\unsplash_002941.jpg,0,unsplash_real,Real_Unsplash
C:\Users\angus\Desktop\tiktoktechjam2026\data\real_ext\unsplash\unsplash_002942.jpg,0,unsplash_real,Real_Unsplash
C:\Users\angus\Desktop\tiktoktechjam2026\data\real_ext\unsplash\unsplash_002943.jpg,0,unsplash_real,Real_Unsplash
C:\Users\angus\Desktop\tiktoktechjam2026\data\real_ext\unsplash\unsplash_002944.jpg,0,unsplash_real,Real_Unsplash
C:\Users\angus\Desktop\tiktoktechjam2026\data\real_ext\unsplash\unsplash_002945.jpg,0,unsplash_real,Real_Unsplash
C:\Users\angus\Desktop\tiktoktechjam2026\data\real_ext\unsplash\unsplash_002946.jpg,0,unsplash_real,Real_Unsplash
C:\Users\angus\Desktop\tiktoktechjam2026\data\real_ext\unsplash\unsplash_002947.jpg,0,unsplash_real,Real_Unsplash
C:\Users\angus\Desktop\tiktoktechjam2026\data\real_ext\unsplash\unsplash_002948.jpg,0,unsplash_real,Real_Unsplash
C:\Users\angus\Desktop\tiktoktechjam2026\data\real_ext\unsplash\unsplash_002949.jpg,0,unsplash_real,Real_Unsplash
C:\Users\angus\Desktop\tiktoktechjam2026\data\real_ext\unsplash\unsplash_002950.jpg,0,unsplash_real,Real_Unsplash
C:\Users\angus\Desktop\tiktoktechjam2026\data\real_ext\unsplash\unsplash_002951.jpg,0,unsplash_real,Real_Unsplash
C:\Users\angus\Desktop\tiktoktechjam2026\data\real_ext\unsplash\unsplash_002952.jpg,0,unsplash_real,Real_Unsplash
C:\Users\angus\Desktop\tiktoktechjam2026\data\real_ext\unsplash\unsplash_002953.jpg,0,unsplash_real,Real_Unsplash
C:\Users\angus\Desktop\tiktoktechjam2026\data\real_ext\unsplash\unsplash_002954.jpg,0,unsplash_real,Real_Unsplash
C:\Users\angus\Desktop\tiktoktechjam2026\data\real_ext\unsplash\unsplash_002955.jpg,0,unsplash_real,Real_Unsplash
C:\Users\angus\Desktop\tiktoktechjam2026\data\real_ext\unsplash\unsplash_002956.jpg,0,unsplash_real,Real_Unsplash
C:\Users\angus\Desktop\tiktoktechjam2026\data\real_ext\unsplash\unsplash_002957.jpg,0,unsplash_real,Real_Unsplash
C:\Users\angus\Desktop\tiktoktechjam2026\data\real_ext\unsplash\unsplash_002958.jpg,0,unsplash_real,Real_Unsplash
C:\Users\angus\Desktop\tiktoktechjam2026\data\real_ext\unsplash\unsplash_002959.jpg,0,unsplash_real,Real_Unsplash
C:\Users\angus\Desktop\tiktoktechjam2026\data\real_ext\unsplash\unsplash_002960.jpg,0,unsplash_real,Real_Unsplash
C:\Users\angus\Desktop\tiktoktechjam2026\data\real_ext\unsplash\unsplash_002961.jpg,0,unsplash_real,Real_Unsplash
C:\Users\angus\Desktop\tiktoktechjam2026\data\real_ext\unsplash\unsplash_002962.jpg,0,unsplash_real,Real_Unsplash
C:\Users\angus\Desktop\tiktoktechjam2026\data\real_ext\unsplash\unsplash_002963.jpg,0,unsplash_real,Real_Unsplash
C:\Users\angus\Desktop\tiktoktechjam2026\data\real_ext\unsplash\unsplash_002964.jpg,0,unsplash_real,Real_Unsplash
C:\Users\angus\Desktop\tiktoktechjam2026\data\real_ext\unsplash\unsplash_002965.jpg,0,unsplash_real,Real_Unsplash
C:\Users\angus\Desktop\tiktoktechjam2026\data\real_ext\unsplash\unsplash_002966.jpg,0,unsplash_real,Real_Unsplash
C:\Users\angus\Desktop\tiktoktechjam2026\data\real_ext\unsplash\unsplash_002967.jpg,0,unsplash_real,Real_Unsplash
C:\Users\angus\Desktop\tiktoktechjam2026\data\real_ext\unsplash\unsplash_002968.jpg,0,unsplash_real,Real_Unsplash
C:\Users\angus\Desktop\tiktoktechjam2026\data\real_ext\unsplash\unsplash_002969.jpg,0,unsplash_real,Real_Unsplash
C:\Users\angus\Desktop\tiktoktechjam2026\data\real_ext\unsplash\unsplash_002970.jpg,0,unsplash_real,Real_Unsplash
C:\Users\angus\Desktop\tiktoktechjam2026\data\real_ext\unsplash\unsplash_002971.jpg,0,unsplash_real,Real_Unsplash
C:\Users\angus\Desktop\tiktoktechjam2026\data\real_ext\unsplash\unsplash_002972.jpg,0,unsplash_real,Real_Unsplash
C:\Users\angus\Desktop\tiktoktechjam2026\data\real_ext\unsplash\unsplash_002973.jpg,0,unsplash_real,Real_Unsplash
C:\Users\angus\Desktop\tiktoktechjam2026\data\real_ext\unsplash\unsplash_002974.jpg,0,unsplash_real,Real_Unsplash
C:\Users\angus\Desktop\tiktoktechjam2026\data\real_ext\unsplash\unsplash_002975.jpg,0,unsplash_real,Real_Unsplash
C:\Users\angus\Desktop\tiktoktechjam2026\data\real_ext\unsplash\unsplash_002976.jpg,0,unsplash_real,Real_Unsplash
C:\Users\angus\Desktop\tiktoktechjam2026\data\real_ext\unsplash\unsplash_002977.jpg,0,unsplash_real,Real_Unsplash
C:\Users\angus\Desktop\tiktoktechjam2026\data\real_ext\unsplash\unsplash_002978.jpg,0,unsplash_real,Real_Unsplash
C:\Users\angus\Desktop\tiktoktechjam2026\data\real_ext\unsplash\unsplash_002979.jpg,0,unsplash_real,Real_Unsplash
C:\Users\angus\Desktop\tiktoktechjam2026\data\real_ext\unsplash\unsplash_002980.jpg,0,unsplash_real,Real_Unsplash
C:\Users\angus\Desktop\tiktoktechjam2026\data\real_ext\unsplash\unsplash_002981.jpg,0,unsplash_real,Real_Unsplash
C:\Users\angus\Desktop\tiktoktechjam2026\data\real_ext\unsplash\unsplash_002982.jpg,0,unsplash_real,Real_Unsplash
C:\Users\angus\Desktop\tiktoktechjam2026\data\real_ext\unsplash\unsplash_002983.jpg,0,unsplash_real,Real_Unsplash
C:\Users\angus\Desktop\tiktoktechjam2026\data\real_ext\unsplash\unsplash_002984.jpg,0,unsplash_real,Real_Unsplash
C:\Users\angus\Desktop\tiktoktechjam2026\data\real_ext\unsplash\unsplash_002985.jpg,0,unsplash_real,Real_Unsplash
C:\Users\angus\Desktop\tiktoktechjam2026\data\real_ext\unsplash\unsplash_002986.jpg,0,unsplash_real,Real_Unsplash
C:\Users\angus\Desktop\tiktoktechjam2026\data\real_ext\unsplash\unsplash_002987.jpg,0,unsplash_real,Real_Unsplash
C:\Users\angus\Desktop\tiktoktechjam2026\data\real_ext\unsplash\unsplash_002988.jpg,0,unsplash_real,Real_Unsplash
C:\Users\angus\Desktop\tiktoktechjam2026\data\real_ext\unsplash\unsplash_002989.jpg,0,unsplash_real,Real_Unsplash
C:\Users\angus\Desktop\tiktoktechjam2026\data\real_ext\unsplash\unsplash_002990.jpg,0,unsplash_real,Real_Unsplash
C:\Users\angus\Desktop\tiktoktechjam2026\data\real_ext\unsplash\unsplash_002991.jpg,0,unsplash_real,Real_Unsplash
C:\Users\angus\Desktop\tiktoktechjam2026\data\real_ext\unsplash\unsplash_002992.jpg,0,unsplash_real,Real_Unsplash
C:\Users\angus\Desktop\tiktoktechjam2026\data\real_ext\unsplash\unsplash_002993.jpg,0,unsplash_real,Real_Unsplash
C:\Users\angus\Desktop\tiktoktechjam2026\data\real_ext\unsplash\unsplash_002994.jpg,0,unsplash_real,Real_Unsplash
C:\Users\angus\Desktop\tiktoktechjam2026\data\real_ext\unsplash\unsplash_002995.jpg,0,unsplash_real,Real_Unsplash
C:\Users\angus\Desktop\tiktoktechjam2026\data\real_ext\unsplash\unsplash_002996.jpg,0,unsplash_real,Real_Unsplash
C:\Users\angus\Desktop\tiktoktechjam2026\data\real_ext\unsplash\unsplash_002997.jpg,0,unsplash_real,Real_Unsplash
C:\Users\angus\Desktop\tiktoktechjam2026\data\real_ext\unsplash\unsplash_002998.jpg,0,unsplash_real,Real_Unsplash
C:\Users\angus\Desktop\tiktoktechjam2026\data\real_ext\unsplash\unsplash_002999.jpg,0,unsplash_real,Real_Unsplash
C:\Users\angus\Desktop\tiktoktechjam2026\data\real_ext\unsplash\unsplash_003000.jpg,0,unsplash_real,Real_Unsplash
C:\Users\angus\Desktop\tiktoktechjam2026\data\real_ext\unsplash\unsplash_003001.jpg,0,unsplash_real,Real_Unsplash
C:\Users\angus\Desktop\tiktoktechjam2026\data\real_ext\unsplash\unsplash_003002.jpg,0,unsplash_real,Real_Unsplash
C:\Users\angus\Desktop\tiktoktechjam2026\data\real_ext\unsplash\unsplash_003003.jpg,0,unsplash_real,Real_Unsplash
C:\Users\angus\Desktop\tiktoktechjam2026\data\real_ext\unsplash\unsplash_003004.jpg,0,unsplash_real,Real_Unsplash
C:\Users\angus\Desktop\tiktoktechjam2026\data\real_ext\unsplash\unsplash_003005.jpg,0,unsplash_real,Real_Unsplash
C:\Users\angus\Desktop\tiktoktechjam2026\data\real_ext\unsplash\unsplash_003006.jpg,0,unsplash_real,Real_Unsplash
C:\Users\angus\Desktop\tiktoktechjam2026\data\real_ext\unsplash\unsplash_003007.jpg,0,unsplash_real,Real_Unsplash
C:\Users\angus\Desktop\tiktoktechjam2026\data\real_ext\unsplash\unsplash_003008.jpg,0,unsplash_real,Real_Unsplash
C:\Users\angus\Desktop\tiktoktechjam2026\data\real_ext\unsplash\unsplash_003009.jpg,0,unsplash_real,Real_Unsplash
C:\Users\angus\Desktop\tiktoktechjam2026\data\real_ext\unsplash\unsplash_003010.jpg,0,unsplash_real,Real_Unsplash
C:\Users\angus\Desktop\tiktoktechjam2026\data\real_ext\unsplash\unsplash_003011.jpg,0,unsplash_real,Real_Unsplash
C:\Users\angus\Desktop\tiktoktechjam2026\data\real_ext\unsplash\unsplash_003012.jpg,0,unsplash_real,Real_Unsplash
C:\Users\angus\Desktop\tiktoktechjam2026\data\real_ext\unsplash\unsplash_003013.jpg,0,unsplash_real,Real_Unsplash
C:\Users\angus\Desktop\tiktoktechjam2026\data\real_ext\unsplash\unsplash_003014.jpg,0,unsplash_real,Real_Unsplash
C:\Users\angus\Desktop\tiktoktechjam2026\data\real_ext\unsplash\unsplash_003015.jpg,0,unsplash_real,Real_Unsplash
C:\Users\angus\Desktop\tiktoktechjam2026\data\real_ext\unsplash\unsplash_003016.jpg,0,unsplash_real,Real_Unsplash
C:\Users\angus\Desktop\tiktoktechjam2026\data\real_ext\unsplash\unsplash_003017.jpg,0,unsplash_real,Real_Unsplash
C:\Users\angus\Desktop\tiktoktechjam2026\data\real_ext\unsplash\unsplash_003018.jpg,0,unsplash_real,Real_Unsplash
C:\Users\angus\Desktop\tiktoktechjam2026\data\real_ext\unsplash\unsplash_003019.jpg,0,unsplash_real,Real_Unsplash
C:\Users\angus\Desktop\tiktoktechjam2026\data\real_ext\unsplash\unsplash_003020.jpg,0,unsplash_real,Real_Unsplash
C:\Users\angus\Desktop\tiktoktechjam2026\data\real_ext\unsplash\unsplash_003021.jpg,0,unsplash_real,Real_Unsplash
C:\Users\angus\Desktop\tiktoktechjam2026\data\real_ext\unsplash\unsplash_003022.jpg,0,unsplash_real,Real_Unsplash
C:\Users\angus\Desktop\tiktoktechjam2026\data\real_ext\unsplash\unsplash_003023.jpg,0,unsplash_real,Real_Unsplash
C:\Users\angus\Desktop\tiktoktechjam2026\data\real_ext\unsplash\unsplash_003024.jpg,0,unsplash_real,Real_Unsplash
C:\Users\angus\Desktop\tiktoktechjam2026\data\real_ext\unsplash\unsplash_003025.jpg,0,unsplash_real,Real_Unsplash
C:\Users\angus\Desktop\tiktoktechjam2026\data\real_ext\unsplash\unsplash_003026.jpg,0,unsplash_real,Real_Unsplash
C:\Users\angus\Desktop\tiktoktechjam2026\data\real_ext\unsplash\unsplash_003027.jpg,0,unsplash_real,Real_Unsplash
C:\Users\angus\Desktop\tiktoktechjam2026\data\real_ext\unsplash\unsplash_003028.jpg,0,unsplash_real,Real_Unsplash
C:\Users\angus\Desktop\tiktoktechjam2026\data\real_ext\unsplash\unsplash_003029.jpg,0,unsplash_real,Real_Unsplash
C:\Users\angus\Desktop\tiktoktechjam2026\data\real_ext\unsplash\unsplash_003030.jpg,0,unsplash_real,Real_Unsplash
C:\Users\angus\Desktop\tiktoktechjam2026\data\real_ext\unsplash\unsplash_003031.jpg,0,unsplash_real,Real_Unsplash
C:\Users\angus\Desktop\tiktoktechjam2026\data\real_ext\unsplash\unsplash_003032.jpg,0,unsplash_real,Real_Unsplash
C:\Users\angus\Desktop\tiktoktechjam2026\data\real_ext\unsplash\unsplash_003033.jpg,0,unsplash_real,Real_Unsplash
C:\Users\angus\Desktop\tiktoktechjam2026\data\real_ext\unsplash\unsplash_003034.jpg,0,unsplash_real,Real_Unsplash
C:\Users\angus\Desktop\tiktoktechjam2026\data\real_ext\unsplash\unsplash_003035.jpg,0,unsplash_real,Real_Unsplash
C:\Users\angus\Desktop\tiktoktechjam2026\data\real_ext\unsplash\unsplash_003036.jpg,0,unsplash_real,Real_Unsplash
C:\Users\angus\Desktop\tiktoktechjam2026\data\real_ext\unsplash\unsplash_003037.jpg,0,unsplash_real,Real_Unsplash
C:\Users\angus\Desktop\tiktoktechjam2026\data\real_ext\unsplash\unsplash_003038.jpg,0,unsplash_real,Real_Unsplash
C:\Users\angus\Desktop\tiktoktechjam2026\data\real_ext\unsplash\unsplash_003039.jpg,0,unsplash_real,Real_Unsplash
C:\Users\angus\Desktop\tiktoktechjam2026\data\real_ext\unsplash\unsplash_003040.jpg,0,unsplash_real,Real_Unsplash
C:\Users\angus\Desktop\tiktoktechjam2026\data\real_ext\unsplash\unsplash_003041.jpg,0,unsplash_real,Real_Unsplash
C:\Users\angus\Desktop\tiktoktechjam2026\data\real_ext\unsplash\unsplash_003042.jpg,0,unsplash_real,Real_Unsplash
C:\Users\angus\Desktop\tiktoktechjam2026\data\real_ext\unsplash\unsplash_003043.jpg,0,unsplash_real,Real_Unsplash
C:\Users\angus\Desktop\tiktoktechjam2026\data\real_ext\unsplash\unsplash_003044.jpg,0,unsplash_real,Real_Unsplash
C:\Users\angus\Desktop\tiktoktechjam2026\data\real_ext\unsplash\unsplash_003045.jpg,0,unsplash_real,Real_Unsplash
C:\Users\angus\Desktop\tiktoktechjam2026\data\real_ext\unsplash\unsplash_003046.jpg,0,unsplash_real,Real_Unsplash
C:\Users\angus\Desktop\tiktoktechjam2026\data\real_ext\unsplash\unsplash_003047.jpg,0,unsplash_real,Real_Unsplash
C:\Users\angus\Desktop\tiktoktechjam2026\data\real_ext\unsplash\unsplash_003048.jpg,0,unsplash_real,Real_Unsplash
C:\Users\angus\Desktop\tiktoktechjam2026\data\real_ext\unsplash\unsplash_003049.jpg,0,unsplash_real,Real_Unsplash
C:\Users\angus\Desktop\tiktoktechjam2026\data\real_ext\unsplash\unsplash_003050.jpg,0,unsplash_real,Real_Unsplash
C:\Users\angus\Desktop\tiktoktechjam2026\data\real_ext\unsplash\unsplash_003051.jpg,0,unsplash_real,Real_Unsplash
C:\Users\angus\Desktop\tiktoktechjam2026\data\real_ext\unsplash\unsplash_003052.jpg,0,unsplash_real,Real_Unsplash
C:\Users\angus\Desktop\tiktoktechjam2026\data\real_ext\unsplash\unsplash_003053.jpg,0,unsplash_real,Real_Unsplash
C:\Users\angus\Desktop\tiktoktechjam2026\data\real_ext\unsplash\unsplash_003054.jpg,0,unsplash_real,Real_Unsplash
C:\Users\angus\Desktop\tiktoktechjam2026\data\real_ext\unsplash\unsplash_003055.jpg,0,unsplash_real,Real_Unsplash
C:\Users\angus\Desktop\tiktoktechjam2026\data\real_ext\unsplash\unsplash_003056.jpg,0,unsplash_real,Real_Unsplash
C:\Users\angus\Desktop\tiktoktechjam2026\data\real_ext\unsplash\unsplash_003057.jpg,0,unsplash_real,Real_Unsplash
C:\Users\angus\Desktop\tiktoktechjam2026\data\real_ext\unsplash\unsplash_003058.jpg,0,unsplash_real,Real_Unsplash
C:\Users\angus\Desktop\tiktoktechjam2026\data\real_ext\unsplash\unsplash_003059.jpg,0,unsplash_real,Real_Unsplash
C:\Users\angus\Desktop\tiktoktechjam2026\data\real_ext\unsplash\unsplash_003060.jpg,0,unsplash_real,Real_Unsplash
C:\Users\angus\Desktop\tiktoktechjam2026\data\real_ext\unsplash\unsplash_003061.jpg,0,unsplash_real,Real_Unsplash
C:\Users\angus\Desktop\tiktoktechjam2026\data\real_ext\unsplash\unsplash_003062.jpg,0,unsplash_real,Real_Unsplash
C:\Users\angus\Desktop\tiktoktechjam2026\data\real_ext\unsplash\unsplash_003063.jpg,0,unsplash_real,Real_Unsplash
C:\Users\angus\Desktop\tiktoktechjam2026\data\real_ext\unsplash\unsplash_003064.jpg,0,unsplash_real,Real_Unsplash
C:\Users\angus\Desktop\tiktoktechjam2026\data\real_ext\unsplash\unsplash_003065.jpg,0,unsplash_real,Real_Unsplash
C:\Users\angus\Desktop\tiktoktechjam2026\data\real_ext\unsplash\unsplash_003066.jpg,0,unsplash_real,Real_Unsplash
C:\Users\angus\Desktop\tiktoktechjam2026\data\real_ext\unsplash\unsplash_003067.jpg,0,unsplash_real,Real_Unsplash
C:\Users\angus\Desktop\tiktoktechjam2026\data\real_ext\unsplash\unsplash_003068.jpg,0,unsplash_real,Real_Unsplash
C:\Users\angus\Desktop\tiktoktechjam2026\data\real_ext\unsplash\unsplash_003069.jpg,0,unsplash_real,Real_Unsplash
C:\Users\angus\Desktop\tiktoktechjam2026\data\real_ext\unsplash\unsplash_003070.jpg,0,unsplash_real,Real_Unsplash
C:\Users\angus\Desktop\tiktoktechjam2026\data\real_ext\unsplash\unsplash_003071.jpg,0,unsplash_real,Real_Unsplash
C:\Users\angus\Desktop\tiktoktechjam2026\data\real_ext\unsplash\unsplash_003072.jpg,0,unsplash_real,Real_Unsplash
C:\Users\angus\Desktop\tiktoktechjam2026\data\real_ext\unsplash\unsplash_003073.jpg,0,unsplash_real,Real_Unsplash
C:\Users\angus\Desktop\tiktoktechjam2026\data\real_ext\unsplash\unsplash_003074.jpg,0,unsplash_real,Real_Unsplash
C:\Users\angus\Desktop\tiktoktechjam2026\data\real_ext\unsplash\unsplash_003075.jpg,0,unsplash_real,Real_Unsplash
C:\Users\angus\Desktop\tiktoktechjam2026\data\real_ext\unsplash\unsplash_003076.jpg,0,unsplash_real,Real_Unsplash
C:\Users\angus\Desktop\tiktoktechjam2026\data\real_ext\unsplash\unsplash_003077.jpg,0,unsplash_real,Real_Unsplash
C:\Users\angus\Desktop\tiktoktechjam2026\data\real_ext\unsplash\unsplash_003078.jpg,0,unsplash_real,Real_Unsplash
C:\Users\angus\Desktop\tiktoktechjam2026\data\real_ext\unsplash\unsplash_003079.jpg,0,unsplash_real,Real_Unsplash
C:\Users\angus\Desktop\tiktoktechjam2026\data\real_ext\unsplash\unsplash_003080.jpg,0,unsplash_real,Real_Unsplash
C:\Users\angus\Desktop\tiktoktechjam2026\data\real_ext\unsplash\unsplash_003081.jpg,0,unsplash_real,Real_Unsplash
C:\Users\angus\Desktop\tiktoktechjam2026\data\real_ext\unsplash\unsplash_003082.jpg,0,unsplash_real,Real_Unsplash
C:\Users\angus\Desktop\tiktoktechjam2026\data\real_ext\unsplash\unsplash_003083.jpg,0,unsplash_real,Real_Unsplash
C:\Users\angus\Desktop\tiktoktechjam2026\data\real_ext\unsplash\unsplash_003084.jpg,0,unsplash_real,Real_Unsplash
C:\Users\angus\Desktop\tiktoktechjam2026\data\real_ext\unsplash\unsplash_003085.jpg,0,unsplash_real,Real_Unsplash
C:\Users\angus\Desktop\tiktoktechjam2026\data\real_ext\unsplash\unsplash_003086.jpg,0,unsplash_real,Real_Unsplash
C:\Users\angus\Desktop\tiktoktechjam2026\data\real_ext\unsplash\unsplash_003087.jpg,0,unsplash_real,Real_Unsplash
C:\Users\angus\Desktop\tiktoktechjam2026\data\real_ext\unsplash\unsplash_003088.jpg,0,unsplash_real,Real_Unsplash
C:\Users\angus\Desktop\tiktoktechjam2026\data\real_ext\unsplash\unsplash_003089.jpg,0,unsplash_real,Real_Unsplash
C:\Users\angus\Desktop\tiktoktechjam2026\data\real_ext\unsplash\unsplash_003090.jpg,0,unsplash_real,Real_Unsplash
C:\Users\angus\Desktop\tiktoktechjam2026\data\real_ext\unsplash\unsplash_003091.jpg,0,unsplash_real,Real_Unsplash
C:\Users\angus\Desktop\tiktoktechjam2026\data\real_ext\unsplash\unsplash_003092.jpg,0,unsplash_real,Real_Unsplash
C:\Users\angus\Desktop\tiktoktechjam2026\data\real_ext\unsplash\unsplash_003093.jpg,0,unsplash_real,Real_Unsplash
C:\Users\angus\Desktop\tiktoktechjam2026\data\real_ext\unsplash\unsplash_003094.jpg,0,unsplash_real,Real_Unsplash
C:\Users\angus\Desktop\tiktoktechjam2026\data\real_ext\unsplash\unsplash_003095.jpg,0,unsplash_real,Real_Unsplash
C:\Users\angus\Desktop\tiktoktechjam2026\data\real_ext\unsplash\unsplash_003096.jpg,0,unsplash_real,Real_Unsplash
C:\Users\angus\Desktop\tiktoktechjam2026\data\real_ext\unsplash\unsplash_003097.jpg,0,unsplash_real,Real_Unsplash
C:\Users\angus\Desktop\tiktoktechjam2026\data\real_ext\unsplash\unsplash_003098.jpg,0,unsplash_real,Real_Unsplash
C:\Users\angus\Desktop\tiktoktechjam2026\data\real_ext\unsplash\unsplash_003099.jpg,0,unsplash_real,Real_Unsplash
C:\Users\angus\Desktop\tiktoktechjam2026\data\real_ext\unsplash\unsplash_003100.jpg,0,unsplash_real,Real_Unsplash
C:\Users\angus\Desktop\tiktoktechjam2026\data\real_ext\unsplash\unsplash_003101.jpg,0,unsplash_real,Real_Unsplash
C:\Users\angus\Desktop\tiktoktechjam2026\data\real_ext\unsplash\unsplash_003102.jpg,0,unsplash_real,Real_Unsplash
C:\Users\angus\Desktop\tiktoktechjam2026\data\real_ext\unsplash\unsplash_003103.jpg,0,unsplash_real,Real_Unsplash
C:\Users\angus\Desktop\tiktoktechjam2026\data\real_ext\unsplash\unsplash_003104.jpg,0,unsplash_real,Real_Unsplash
C:\Users\angus\Desktop\tiktoktechjam2026\data\real_ext\unsplash\unsplash_003105.jpg,0,unsplash_real,Real_Unsplash
C:\Users\angus\Desktop\tiktoktechjam2026\data\real_ext\unsplash\unsplash_003106.jpg,0,unsplash_real,Real_Unsplash
C:\Users\angus\Desktop\tiktoktechjam2026\data\real_ext\unsplash\unsplash_003107.jpg,0,unsplash_real,Real_Unsplash
C:\Users\angus\Desktop\tiktoktechjam2026\data\real_ext\unsplash\unsplash_003108.jpg,0,unsplash_real,Real_Unsplash
C:\Users\angus\Desktop\tiktoktechjam2026\data\real_ext\unsplash\unsplash_003109.jpg,0,unsplash_real,Real_Unsplash
C:\Users\angus\Desktop\tiktoktechjam2026\data\real_ext\unsplash\unsplash_003110.jpg,0,unsplash_real,Real_Unsplash
C:\Users\angus\Desktop\tiktoktechjam2026\data\real_ext\unsplash\unsplash_003111.jpg,0,unsplash_real,Real_Unsplash
C:\Users\angus\Desktop\tiktoktechjam2026\data\real_ext\unsplash\unsplash_003112.jpg,0,unsplash_real,Real_Unsplash
C:\Users\angus\Desktop\tiktoktechjam2026\data\real_ext\unsplash\unsplash_003113.jpg,0,unsplash_real,Real_Unsplash
C:\Users\angus\Desktop\tiktoktechjam2026\data\real_ext\unsplash\unsplash_003114.jpg,0,unsplash_real,Real_Unsplash
C:\Users\angus\Desktop\tiktoktechjam2026\data\real_ext\unsplash\unsplash_003115.jpg,0,unsplash_real,Real_Unsplash
C:\Users\angus\Desktop\tiktoktechjam2026\data\real_ext\unsplash\unsplash_003116.jpg,0,unsplash_real,Real_Unsplash
C:\Users\angus\Desktop\tiktoktechjam2026\data\real_ext\unsplash\unsplash_003117.jpg,0,unsplash_real,Real_Unsplash
C:\Users\angus\Desktop\tiktoktechjam2026\data\real_ext\unsplash\unsplash_003118.jpg,0,unsplash_real,Real_Unsplash
C:\Users\angus\Desktop\tiktoktechjam2026\data\real_ext\unsplash\unsplash_003119.jpg,0,unsplash_real,Real_Unsplash
C:\Users\angus\Desktop\tiktoktechjam2026\data\real_ext\unsplash\unsplash_003120.jpg,0,unsplash_real,Real_Unsplash
C:\Users\angus\Desktop\tiktoktechjam2026\data\real_ext\unsplash\unsplash_003121.jpg,0,unsplash_real,Real_Unsplash
C:\Users\angus\Desktop\tiktoktechjam2026\data\real_ext\unsplash\unsplash_003122.jpg,0,unsplash_real,Real_Unsplash
C:\Users\angus\Desktop\tiktoktechjam2026\data\real_ext\unsplash\unsplash_003123.jpg,0,unsplash_real,Real_Unsplash
C:\Users\angus\Desktop\tiktoktechjam2026\data\real_ext\unsplash\unsplash_003124.jpg,0,unsplash_real,Real_Unsplash
C:\Users\angus\Desktop\tiktoktechjam2026\data\real_ext\unsplash\unsplash_003125.jpg,0,unsplash_real,Real_Unsplash
C:\Users\angus\Desktop\tiktoktechjam2026\data\real_ext\unsplash\unsplash_003126.jpg,0,unsplash_real,Real_Unsplash
C:\Users\angus\Desktop\tiktoktechjam2026\data\real_ext\unsplash\unsplash_003127.jpg,0,unsplash_real,Real_Unsplash
C:\Users\angus\Desktop\tiktoktechjam2026\data\real_ext\unsplash\unsplash_003128.jpg,0,unsplash_real,Real_Unsplash
C:\Users\angus\Desktop\tiktoktechjam2026\data\real_ext\unsplash\unsplash_003129.jpg,0,unsplash_real,Real_Unsplash
C:\Users\angus\Desktop\tiktoktechjam2026\data\real_ext\unsplash\unsplash_003130.jpg,0,unsplash_real,Real_Unsplash
C:\Users\angus\Desktop\tiktoktechjam2026\data\real_ext\unsplash\unsplash_003131.jpg,0,unsplash_real,Real_Unsplash
C:\Users\angus\Desktop\tiktoktechjam2026\data\real_ext\unsplash\unsplash_003132.jpg,0,unsplash_real,Real_Unsplash
C:\Users\angus\Desktop\tiktoktechjam2026\data\real_ext\unsplash\unsplash_003133.jpg,0,unsplash_real,Real_Unsplash
C:\Users\angus\Desktop\tiktoktechjam2026\data\real_ext\unsplash\unsplash_003134.jpg,0,unsplash_real,Real_Unsplash
C:\Users\angus\Desktop\tiktoktechjam2026\data\real_ext\unsplash\unsplash_003135.jpg,0,unsplash_real,Real_Unsplash
C:\Users\angus\Desktop\tiktoktechjam2026\data\real_ext\unsplash\unsplash_003136.jpg,0,unsplash_real,Real_Unsplash
C:\Users\angus\Desktop\tiktoktechjam2026\data\real_ext\unsplash\unsplash_003137.jpg,0,unsplash_real,Real_Unsplash
C:\Users\angus\Desktop\tiktoktechjam2026\data\real_ext\unsplash\unsplash_003138.jpg,0,unsplash_real,Real_Unsplash
C:\Users\angus\Desktop\tiktoktechjam2026\data\real_ext\unsplash\unsplash_003139.jpg,0,unsplash_real,Real_Unsplash
C:\Users\angus\Desktop\tiktoktechjam2026\data\real_ext\unsplash\unsplash_003140.jpg,0,unsplash_real,Real_Unsplash
C:\Users\angus\Desktop\tiktoktechjam2026\data\real_ext\unsplash\unsplash_003141.jpg,0,unsplash_real,Real_Unsplash
C:\Users\angus\Desktop\tiktoktechjam2026\data\real_ext\unsplash\unsplash_003142.jpg,0,unsplash_real,Real_Unsplash
C:\Users\angus\Desktop\tiktoktechjam2026\data\real_ext\unsplash\unsplash_003143.jpg,0,unsplash_real,Real_Unsplash
C:\Users\angus\Desktop\tiktoktechjam2026\data\real_ext\unsplash\unsplash_003144.jpg,0,unsplash_real,Real_Unsplash
C:\Users\angus\Desktop\tiktoktechjam2026\data\real_ext\unsplash\unsplash_003145.jpg,0,unsplash_real,Real_Unsplash
C:\Users\angus\Desktop\tiktoktechjam2026\data\real_ext\unsplash\unsplash_003146.jpg,0,unsplash_real,Real_Unsplash
C:\Users\angus\Desktop\tiktoktechjam2026\data\real_ext\unsplash\unsplash_003147.jpg,0,unsplash_real,Real_Unsplash
C:\Users\angus\Desktop\tiktoktechjam2026\data\real_ext\unsplash\unsplash_003148.jpg,0,unsplash_real,Real_Unsplash
C:\Users\angus\Desktop\tiktoktechjam2026\data\real_ext\unsplash\unsplash_003149.jpg,0,unsplash_real,Real_Unsplash
C:\Users\angus\Desktop\tiktoktechjam2026\data\real_ext\unsplash\unsplash_003150.jpg,0,unsplash_real,Real_Unsplash
C:\Users\angus\Desktop\tiktoktechjam2026\data\real_ext\unsplash\unsplash_003151.jpg,0,unsplash_real,Real_Unsplash
C:\Users\angus\Desktop\tiktoktechjam2026\data\real_ext\unsplash\unsplash_003152.jpg,0,unsplash_real,Real_Unsplash
C:\Users\angus\Desktop\tiktoktechjam2026\data\real_ext\unsplash\unsplash_003153.jpg,0,unsplash_real,Real_Unsplash
C:\Users\angus\Desktop\tiktoktechjam2026\data\real_ext\unsplash\unsplash_003154.jpg,0,unsplash_real,Real_Unsplash
C:\Users\angus\Desktop\tiktoktechjam2026\data\real_ext\unsplash\unsplash_003155.jpg,0,unsplash_real,Real_Unsplash
C:\Users\angus\Desktop\tiktoktechjam2026\data\real_ext\unsplash\unsplash_003156.jpg,0,unsplash_real,Real_Unsplash
C:\Users\angus\Desktop\tiktoktechjam2026\data\real_ext\unsplash\unsplash_003157.jpg,0,unsplash_real,Real_Unsplash
C:\Users\angus\Desktop\tiktoktechjam2026\data\real_ext\unsplash\unsplash_003158.jpg,0,unsplash_real,Real_Unsplash
C:\Users\angus\Desktop\tiktoktechjam2026\data\real_ext\unsplash\unsplash_003159.jpg,0,unsplash_real,Real_Unsplash
C:\Users\angus\Desktop\tiktoktechjam2026\data\real_ext\unsplash\unsplash_003160.jpg,0,unsplash_real,Real_Unsplash
C:\Users\angus\Desktop\tiktoktechjam2026\data\real_ext\unsplash\unsplash_003161.jpg,0,unsplash_real,Real_Unsplash
C:\Users\angus\Desktop\tiktoktechjam2026\data\real_ext\unsplash\unsplash_003162.jpg,0,unsplash_real,Real_Unsplash
C:\Users\angus\Desktop\tiktoktechjam2026\data\real_ext\unsplash\unsplash_003163.jpg,0,unsplash_real,Real_Unsplash
C:\Users\angus\Desktop\tiktoktechjam2026\data\real_ext\unsplash\unsplash_003164.jpg,0,unsplash_real,Real_Unsplash
C:\Users\angus\Desktop\tiktoktechjam2026\data\real_ext\unsplash\unsplash_003165.jpg,0,unsplash_real,Real_Unsplash
C:\Users\angus\Desktop\tiktoktechjam2026\data\real_ext\unsplash\unsplash_003166.jpg,0,unsplash_real,Real_Unsplash
C:\Users\angus\Desktop\tiktoktechjam2026\data\real_ext\unsplash\unsplash_003167.jpg,0,unsplash_real,Real_Unsplash
C:\Users\angus\Desktop\tiktoktechjam2026\data\real_ext\unsplash\unsplash_003168.jpg,0,unsplash_real,Real_Unsplash
C:\Users\angus\Desktop\tiktoktechjam2026\data\real_ext\unsplash\unsplash_003169.jpg,0,unsplash_real,Real_Unsplash
C:\Users\angus\Desktop\tiktoktechjam2026\data\real_ext\unsplash\unsplash_003170.jpg,0,unsplash_real,Real_Unsplash
C:\Users\angus\Desktop\tiktoktechjam2026\data\real_ext\unsplash\unsplash_003171.jpg,0,unsplash_real,Real_Unsplash
C:\Users\angus\Desktop\tiktoktechjam2026\data\real_ext\unsplash\unsplash_003172.jpg,0,unsplash_real,Real_Unsplash
C:\Users\angus\Desktop\tiktoktechjam2026\data\real_ext\unsplash\unsplash_003173.jpg,0,unsplash_real,Real_Unsplash
C:\Users\angus\Desktop\tiktoktechjam2026\data\real_ext\unsplash\unsplash_003174.jpg,0,unsplash_real,Real_Unsplash
C:\Users\angus\Desktop\tiktoktechjam2026\data\real_ext\unsplash\unsplash_003175.jpg,0,unsplash_real,Real_Unsplash
C:\Users\angus\Desktop\tiktoktechjam2026\data\real_ext\unsplash\unsplash_003176.jpg,0,unsplash_real,Real_Unsplash
C:\Users\angus\Desktop\tiktoktechjam2026\data\real_ext\unsplash\unsplash_003177.jpg,0,unsplash_real,Real_Unsplash
C:\Users\angus\Desktop\tiktoktechjam2026\data\real_ext\unsplash\unsplash_003178.jpg,0,unsplash_real,Real_Unsplash
C:\Users\angus\Desktop\tiktoktechjam2026\data\real_ext\unsplash\unsplash_003179.jpg,0,unsplash_real,Real_Unsplash
C:\Users\angus\Desktop\tiktoktechjam2026\data\real_ext\unsplash\unsplash_003180.jpg,0,unsplash_real,Real_Unsplash
C:\Users\angus\Desktop\tiktoktechjam2026\data\real_ext\unsplash\unsplash_003181.jpg,0,unsplash_real,Real_Unsplash
C:\Users\angus\Desktop\tiktoktechjam2026\data\real_ext\unsplash\unsplash_003182.jpg,0,unsplash_real,Real_Unsplash
C:\Users\angus\Desktop\tiktoktechjam2026\data\real_ext\unsplash\unsplash_003183.jpg,0,unsplash_real,Real_Unsplash
C:\Users\angus\Desktop\tiktoktechjam2026\data\real_ext\unsplash\unsplash_003184.jpg,0,unsplash_real,Real_Unsplash
C:\Users\angus\Desktop\tiktoktechjam2026\data\real_ext\unsplash\unsplash_003185.jpg,0,unsplash_real,Real_Unsplash
C:\Users\angus\Desktop\tiktoktechjam2026\data\real_ext\unsplash\unsplash_003186.jpg,0,unsplash_real,Real_Unsplash
C:\Users\angus\Desktop\tiktoktechjam2026\data\real_ext\unsplash\unsplash_003187.jpg,0,unsplash_real,Real_Unsplash
C:\Users\angus\Desktop\tiktoktechjam2026\data\real_ext\unsplash\unsplash_003188.jpg,0,unsplash_real,Real_Unsplash
C:\Users\angus\Desktop\tiktoktechjam2026\data\real_ext\unsplash\unsplash_003189.jpg,0,unsplash_real,Real_Unsplash
C:\Users\angus\Desktop\tiktoktechjam2026\data\real_ext\unsplash\unsplash_003190.jpg,0,unsplash_real,Real_Unsplash
C:\Users\angus\Desktop\tiktoktechjam2026\data\real_ext\unsplash\unsplash_003191.jpg,0,unsplash_real,Real_Unsplash
C:\Users\angus\Desktop\tiktoktechjam2026\data\real_ext\unsplash\unsplash_003192.jpg,0,unsplash_real,Real_Unsplash
C:\Users\angus\Desktop\tiktoktechjam2026\data\real_ext\unsplash\unsplash_003193.jpg,0,unsplash_real,Real_Unsplash
C:\Users\angus\Desktop\tiktoktechjam2026\data\real_ext\unsplash\unsplash_003194.jpg,0,unsplash_real,Real_Unsplash
C:\Users\angus\Desktop\tiktoktechjam2026\data\real_ext\unsplash\unsplash_003195.jpg,0,unsplash_real,Real_Unsplash
C:\Users\angus\Desktop\tiktoktechjam2026\data\real_ext\unsplash\unsplash_003196.jpg,0,unsplash_real,Real_Unsplash
C:\Users\angus\Desktop\tiktoktechjam2026\data\real_ext\unsplash\unsplash_003197.jpg,0,unsplash_real,Real_Unsplash
C:\Users\angus\Desktop\tiktoktechjam2026\data\real_ext\unsplash\unsplash_003198.jpg,0,unsplash_real,Real_Unsplash
C:\Users\angus\Desktop\tiktoktechjam2026\data\real_ext\unsplash\unsplash_003199.jpg,0,unsplash_real,Real_Unsplash
C:\Users\angus\Desktop\tiktoktechjam2026\data\real_ext\unsplash\unsplash_003200.jpg,0,unsplash_real,Real_Unsplash
C:\Users\angus\Desktop\tiktoktechjam2026\data\real_ext\unsplash\unsplash_003201.jpg,0,unsplash_real,Real_Unsplash
C:\Users\angus\Desktop\tiktoktechjam2026\data\real_ext\unsplash\unsplash_003202.jpg,0,unsplash_real,Real_Unsplash
C:\Users\angus\Desktop\tiktoktechjam2026\data\real_ext\unsplash\unsplash_003203.jpg,0,unsplash_real,Real_Unsplash
C:\Users\angus\Desktop\tiktoktechjam2026\data\real_ext\unsplash\unsplash_003204.jpg,0,unsplash_real,Real_Unsplash
C:\Users\angus\Desktop\tiktoktechjam2026\data\real_ext\unsplash\unsplash_003205.jpg,0,unsplash_real,Real_Unsplash
C:\Users\angus\Desktop\tiktoktechjam2026\data\real_ext\unsplash\unsplash_003206.jpg,0,unsplash_real,Real_Unsplash
C:\Users\angus\Desktop\tiktoktechjam2026\data\real_ext\unsplash\unsplash_003207.jpg,0,unsplash_real,Real_Unsplash
C:\Users\angus\Desktop\tiktoktechjam2026\data\real_ext\unsplash\unsplash_003208.jpg,0,unsplash_real,Real_Unsplash
C:\Users\angus\Desktop\tiktoktechjam2026\data\real_ext\unsplash\unsplash_003209.jpg,0,unsplash_real,Real_Unsplash
C:\Users\angus\Desktop\tiktoktechjam2026\data\real_ext\unsplash\unsplash_003210.jpg,0,unsplash_real,Real_Unsplash
C:\Users\angus\Desktop\tiktoktechjam2026\data\real_ext\unsplash\unsplash_003211.jpg,0,unsplash_real,Real_Unsplash
C:\Users\angus\Desktop\tiktoktechjam2026\data\real_ext\unsplash\unsplash_003212.jpg,0,unsplash_real,Real_Unsplash
C:\Users\angus\Desktop\tiktoktechjam2026\data\real_ext\unsplash\unsplash_003213.jpg,0,unsplash_real,Real_Unsplash
C:\Users\angus\Desktop\tiktoktechjam2026\data\real_ext\unsplash\unsplash_003214.jpg,0,unsplash_real,Real_Unsplash
C:\Users\angus\Desktop\tiktoktechjam2026\data\real_ext\unsplash\unsplash_003215.jpg,0,unsplash_real,Real_Unsplash
C:\Users\angus\Desktop\tiktoktechjam2026\data\real_ext\unsplash\unsplash_003216.jpg,0,unsplash_real,Real_Unsplash
C:\Users\angus\Desktop\tiktoktechjam2026\data\real_ext\unsplash\unsplash_003217.jpg,0,unsplash_real,Real_Unsplash
C:\Users\angus\Desktop\tiktoktechjam2026\data\real_ext\unsplash\unsplash_003218.jpg,0,unsplash_real,Real_Unsplash
C:\Users\angus\Desktop\tiktoktechjam2026\data\real_ext\unsplash\unsplash_003219.jpg,0,unsplash_real,Real_Unsplash
C:\Users\angus\Desktop\tiktoktechjam2026\data\real_ext\unsplash\unsplash_003220.jpg,0,unsplash_real,Real_Unsplash
C:\Users\angus\Desktop\tiktoktechjam2026\data\real_ext\unsplash\unsplash_003221.jpg,0,unsplash_real,Real_Unsplash
C:\Users\angus\Desktop\tiktoktechjam2026\data\real_ext\unsplash\unsplash_003222.jpg,0,unsplash_real,Real_Unsplash
C:\Users\angus\Desktop\tiktoktechjam2026\data\real_ext\unsplash\unsplash_003223.jpg,0,unsplash_real,Real_Unsplash
C:\Users\angus\Desktop\tiktoktechjam2026\data\real_ext\unsplash\unsplash_003224.jpg,0,unsplash_real,Real_Unsplash
C:\Users\angus\Desktop\tiktoktechjam2026\data\real_ext\unsplash\unsplash_003225.jpg,0,unsplash_real,Real_Unsplash
C:\Users\angus\Desktop\tiktoktechjam2026\data\real_ext\unsplash\unsplash_003226.jpg,0,unsplash_real,Real_Unsplash
C:\Users\angus\Desktop\tiktoktechjam2026\data\real_ext\unsplash\unsplash_003227.jpg,0,unsplash_real,Real_Unsplash
C:\Users\angus\Desktop\tiktoktechjam2026\data\real_ext\unsplash\unsplash_003228.jpg,0,unsplash_real,Real_Unsplash
C:\Users\angus\Desktop\tiktoktechjam2026\data\real_ext\unsplash\unsplash_003229.jpg,0,unsplash_real,Real_Unsplash
C:\Users\angus\Desktop\tiktoktechjam2026\data\real_ext\unsplash\unsplash_003230.jpg,0,unsplash_real,Real_Unsplash
C:\Users\angus\Desktop\tiktoktechjam2026\data\real_ext\unsplash\unsplash_003231.jpg,0,unsplash_real,Real_Unsplash
C:\Users\angus\Desktop\tiktoktechjam2026\data\real_ext\unsplash\unsplash_003232.jpg,0,unsplash_real,Real_Unsplash
C:\Users\angus\Desktop\tiktoktechjam2026\data\real_ext\unsplash\unsplash_003233.jpg,0,unsplash_real,Real_Unsplash
C:\Users\angus\Desktop\tiktoktechjam2026\data\real_ext\unsplash\unsplash_003234.jpg,0,unsplash_real,Real_Unsplash
C:\Users\angus\Desktop\tiktoktechjam2026\data\real_ext\unsplash\unsplash_003235.jpg,0,unsplash_real,Real_Unsplash
C:\Users\angus\Desktop\tiktoktechjam2026\data\real_ext\unsplash\unsplash_003236.jpg,0,unsplash_real,Real_Unsplash
C:\Users\angus\Desktop\tiktoktechjam2026\data\real_ext\unsplash\unsplash_003237.jpg,0,unsplash_real,Real_Unsplash
C:\Users\angus\Desktop\tiktoktechjam2026\data\real_ext\unsplash\unsplash_003238.jpg,0,unsplash_real,Real_Unsplash
C:\Users\angus\Desktop\tiktoktechjam2026\data\real_ext\unsplash\unsplash_003239.jpg,0,unsplash_real,Real_Unsplash
C:\Users\angus\Desktop\tiktoktechjam2026\data\real_ext\unsplash\unsplash_003240.jpg,0,unsplash_real,Real_Unsplash
C:\Users\angus\Desktop\tiktoktechjam2026\data\real_ext\unsplash\unsplash_003241.jpg,0,unsplash_real,Real_Unsplash
C:\Users\angus\Desktop\tiktoktechjam2026\data\real_ext\unsplash\unsplash_003242.jpg,0,unsplash_real,Real_Unsplash
C:\Users\angus\Desktop\tiktoktechjam2026\data\real_ext\unsplash\unsplash_003243.jpg,0,unsplash_real,Real_Unsplash
C:\Users\angus\Desktop\tiktoktechjam2026\data\real_ext\unsplash\unsplash_003244.jpg,0,unsplash_real,Real_Unsplash
C:\Users\angus\Desktop\tiktoktechjam2026\data\real_ext\unsplash\unsplash_003245.jpg,0,unsplash_real,Real_Unsplash
C:\Users\angus\Desktop\tiktoktechjam2026\data\real_ext\unsplash\unsplash_003246.jpg,0,unsplash_real,Real_Unsplash
C:\Users\angus\Desktop\tiktoktechjam2026\data\real_ext\unsplash\unsplash_003247.jpg,0,unsplash_real,Real_Unsplash
C:\Users\angus\Desktop\tiktoktechjam2026\data\real_ext\unsplash\unsplash_003248.jpg,0,unsplash_real,Real_Unsplash
C:\Users\angus\Desktop\tiktoktechjam2026\data\real_ext\unsplash\unsplash_003249.jpg,0,unsplash_real,Real_Unsplash
C:\Users\angus\Desktop\tiktoktechjam2026\data\real_ext\unsplash\unsplash_003250.jpg,0,unsplash_real,Real_Unsplash
C:\Users\angus\Desktop\tiktoktechjam2026\data\real_ext\unsplash\unsplash_003251.jpg,0,unsplash_real,Real_Unsplash
C:\Users\angus\Desktop\tiktoktechjam2026\data\real_ext\unsplash\unsplash_003252.jpg,0,unsplash_real,Real_Unsplash
C:\Users\angus\Desktop\tiktoktechjam2026\data\real_ext\unsplash\unsplash_003253.jpg,0,unsplash_real,Real_Unsplash
C:\Users\angus\Desktop\tiktoktechjam2026\data\real_ext\unsplash\unsplash_003254.jpg,0,unsplash_real,Real_Unsplash
C:\Users\angus\Desktop\tiktoktechjam2026\data\real_ext\unsplash\unsplash_003255.jpg,0,unsplash_real,Real_Unsplash
C:\Users\angus\Desktop\tiktoktechjam2026\data\real_ext\unsplash\unsplash_003256.jpg,0,unsplash_real,Real_Unsplash
C:\Users\angus\Desktop\tiktoktechjam2026\data\real_ext\unsplash\unsplash_003257.jpg,0,unsplash_real,Real_Unsplash
C:\Users\angus\Desktop\tiktoktechjam2026\data\real_ext\unsplash\unsplash_003258.jpg,0,unsplash_real,Real_Unsplash
C:\Users\angus\Desktop\tiktoktechjam2026\data\real_ext\unsplash\unsplash_003259.jpg,0,unsplash_real,Real_Unsplash
C:\Users\angus\Desktop\tiktoktechjam2026\data\real_ext\unsplash\unsplash_003260.jpg,0,unsplash_real,Real_Unsplash
C:\Users\angus\Desktop\tiktoktechjam2026\data\real_ext\unsplash\unsplash_003261.jpg,0,unsplash_real,Real_Unsplash
C:\Users\angus\Desktop\tiktoktechjam2026\data\real_ext\unsplash\unsplash_003262.jpg,0,unsplash_real,Real_Unsplash
C:\Users\angus\Desktop\tiktoktechjam2026\data\real_ext\unsplash\unsplash_003263.jpg,0,unsplash_real,Real_Unsplash
C:\Users\angus\Desktop\tiktoktechjam2026\data\real_ext\unsplash\unsplash_003264.jpg,0,unsplash_real,Real_Unsplash
C:\Users\angus\Desktop\tiktoktechjam2026\data\real_ext\unsplash\unsplash_003265.jpg,0,unsplash_real,Real_Unsplash
C:\Users\angus\Desktop\tiktoktechjam2026\data\real_ext\unsplash\unsplash_003266.jpg,0,unsplash_real,Real_Unsplash
C:\Users\angus\Desktop\tiktoktechjam2026\data\real_ext\unsplash\unsplash_003267.jpg,0,unsplash_real,Real_Unsplash
C:\Users\angus\Desktop\tiktoktechjam2026\data\real_ext\unsplash\unsplash_003268.jpg,0,unsplash_real,Real_Unsplash
C:\Users\angus\Desktop\tiktoktechjam2026\data\real_ext\unsplash\unsplash_003269.jpg,0,unsplash_real,Real_Unsplash
C:\Users\angus\Desktop\tiktoktechjam2026\data\real_ext\unsplash\unsplash_003270.jpg,0,unsplash_real,Real_Unsplash
C:\Users\angus\Desktop\tiktoktechjam2026\data\real_ext\unsplash\unsplash_003271.jpg,0,unsplash_real,Real_Unsplash
C:\Users\angus\Desktop\tiktoktechjam2026\data\real_ext\unsplash\unsplash_003272.jpg,0,unsplash_real,Real_Unsplash
C:\Users\angus\Desktop\tiktoktechjam2026\data\real_ext\unsplash\unsplash_003273.jpg,0,unsplash_real,Real_Unsplash
C:\Users\angus\Desktop\tiktoktechjam2026\data\real_ext\unsplash\unsplash_003274.jpg,0,unsplash_real,Real_Unsplash
C:\Users\angus\Desktop\tiktoktechjam2026\data\real_ext\unsplash\unsplash_003275.jpg,0,unsplash_real,Real_Unsplash
C:\Users\angus\Desktop\tiktoktechjam2026\data\real_ext\unsplash\unsplash_003276.jpg,0,unsplash_real,Real_Unsplash
C:\Users\angus\Desktop\tiktoktechjam2026\data\real_ext\unsplash\unsplash_003277.jpg,0,unsplash_real,Real_Unsplash
C:\Users\angus\Desktop\tiktoktechjam2026\data\real_ext\unsplash\unsplash_003278.jpg,0,unsplash_real,Real_Unsplash
C:\Users\angus\Desktop\tiktoktechjam2026\data\real_ext\unsplash\unsplash_003279.jpg,0,unsplash_real,Real_Unsplash
C:\Users\angus\Desktop\tiktoktechjam2026\data\real_ext\unsplash\unsplash_003280.jpg,0,unsplash_real,Real_Unsplash
C:\Users\angus\Desktop\tiktoktechjam2026\data\real_ext\unsplash\unsplash_003281.jpg,0,unsplash_real,Real_Unsplash
C:\Users\angus\Desktop\tiktoktechjam2026\data\real_ext\unsplash\unsplash_003282.jpg,0,unsplash_real,Real_Unsplash
C:\Users\angus\Desktop\tiktoktechjam2026\data\real_ext\unsplash\unsplash_003283.jpg,0,unsplash_real,Real_Unsplash
C:\Users\angus\Desktop\tiktoktechjam2026\data\real_ext\unsplash\unsplash_003284.jpg,0,unsplash_real,Real_Unsplash
C:\Users\angus\Desktop\tiktoktechjam2026\data\real_ext\unsplash\unsplash_003285.jpg,0,unsplash_real,Real_Unsplash
C:\Users\angus\Desktop\tiktoktechjam2026\data\real_ext\unsplash\unsplash_003286.jpg,0,unsplash_real,Real_Unsplash
C:\Users\angus\Desktop\tiktoktechjam2026\data\real_ext\unsplash\unsplash_003287.jpg,0,unsplash_real,Real_Unsplash
C:\Users\angus\Desktop\tiktoktechjam2026\data\real_ext\unsplash\unsplash_003288.jpg,0,unsplash_real,Real_Unsplash
C:\Users\angus\Desktop\tiktoktechjam2026\data\real_ext\unsplash\unsplash_003289.jpg,0,unsplash_real,Real_Unsplash
C:\Users\angus\Desktop\tiktoktechjam2026\data\real_ext\unsplash\unsplash_003290.jpg,0,unsplash_real,Real_Unsplash
C:\Users\angus\Desktop\tiktoktechjam2026\data\real_ext\unsplash\unsplash_003291.jpg,0,unsplash_real,Real_Unsplash
C:\Users\angus\Desktop\tiktoktechjam2026\data\real_ext\unsplash\unsplash_003292.jpg,0,unsplash_real,Real_Unsplash
C:\Users\angus\Desktop\tiktoktechjam2026\data\real_ext\unsplash\unsplash_003293.jpg,0,unsplash_real,Real_Unsplash
C:\Users\angus\Desktop\tiktoktechjam2026\data\real_ext\unsplash\unsplash_003294.jpg,0,unsplash_real,Real_Unsplash
C:\Users\angus\Desktop\tiktoktechjam2026\data\real_ext\unsplash\unsplash_003295.jpg,0,unsplash_real,Real_Unsplash
C:\Users\angus\Desktop\tiktoktechjam2026\data\real_ext\unsplash\unsplash_003296.jpg,0,unsplash_real,Real_Unsplash
C:\Users\angus\Desktop\tiktoktechjam2026\data\real_ext\unsplash\unsplash_003297.jpg,0,unsplash_real,Real_Unsplash
C:\Users\angus\Desktop\tiktoktechjam2026\data\real_ext\unsplash\unsplash_003298.jpg,0,unsplash_real,Real_Unsplash
C:\Users\angus\Desktop\tiktoktechjam2026\data\real_ext\unsplash\unsplash_003299.jpg,0,unsplash_real,Real_Unsplash
C:\Users\angus\Desktop\tiktoktechjam2026\data\real_ext\unsplash\unsplash_003300.jpg,0,unsplash_real,Real_Unsplash
C:\Users\angus\Desktop\tiktoktechjam2026\data\real_ext\unsplash\unsplash_003301.jpg,0,unsplash_real,Real_Unsplash
C:\Users\angus\Desktop\tiktoktechjam2026\data\real_ext\unsplash\unsplash_003302.jpg,0,unsplash_real,Real_Unsplash
C:\Users\angus\Desktop\tiktoktechjam2026\data\real_ext\unsplash\unsplash_003303.jpg,0,unsplash_real,Real_Unsplash
C:\Users\angus\Desktop\tiktoktechjam2026\data\real_ext\unsplash\unsplash_003304.jpg,0,unsplash_real,Real_Unsplash
C:\Users\angus\Desktop\tiktoktechjam2026\data\real_ext\unsplash\unsplash_003305.jpg,0,unsplash_real,Real_Unsplash
C:\Users\angus\Desktop\tiktoktechjam2026\data\real_ext\unsplash\unsplash_003306.jpg,0,unsplash_real,Real_Unsplash
C:\Users\angus\Desktop\tiktoktechjam2026\data\real_ext\unsplash\unsplash_003307.jpg,0,unsplash_real,Real_Unsplash
C:\Users\angus\Desktop\tiktoktechjam2026\data\real_ext\unsplash\unsplash_003308.jpg,0,unsplash_real,Real_Unsplash
C:\Users\angus\Desktop\tiktoktechjam2026\data\real_ext\unsplash\unsplash_003309.jpg,0,unsplash_real,Real_Unsplash
C:\Users\angus\Desktop\tiktoktechjam2026\data\real_ext\unsplash\unsplash_003310.jpg,0,unsplash_real,Real_Unsplash
C:\Users\angus\Desktop\tiktoktechjam2026\data\real_ext\unsplash\unsplash_003311.jpg,0,unsplash_real,Real_Unsplash
C:\Users\angus\Desktop\tiktoktechjam2026\data\real_ext\unsplash\unsplash_003312.jpg,0,unsplash_real,Real_Unsplash
C:\Users\angus\Desktop\tiktoktechjam2026\data\real_ext\unsplash\unsplash_003313.jpg,0,unsplash_real,Real_Unsplash
C:\Users\angus\Desktop\tiktoktechjam2026\data\real_ext\unsplash\unsplash_003314.jpg,0,unsplash_real,Real_Unsplash
C:\Users\angus\Desktop\tiktoktechjam2026\data\real_ext\unsplash\unsplash_003315.jpg,0,unsplash_real,Real_Unsplash
C:\Users\angus\Desktop\tiktoktechjam2026\data\real_ext\unsplash\unsplash_003316.jpg,0,unsplash_real,Real_Unsplash
C:\Users\angus\Desktop\tiktoktechjam2026\data\real_ext\unsplash\unsplash_003317.jpg,0,unsplash_real,Real_Unsplash
C:\Users\angus\Desktop\tiktoktechjam2026\data\real_ext\unsplash\unsplash_003318.jpg,0,unsplash_real,Real_Unsplash
C:\Users\angus\Desktop\tiktoktechjam2026\data\real_ext\unsplash\unsplash_003319.jpg,0,unsplash_real,Real_Unsplash
C:\Users\angus\Desktop\tiktoktechjam2026\data\real_ext\unsplash\unsplash_003320.jpg,0,unsplash_real,Real_Unsplash
C:\Users\angus\Desktop\tiktoktechjam2026\data\real_ext\unsplash\unsplash_003321.jpg,0,unsplash_real,Real_Unsplash
C:\Users\angus\Desktop\tiktoktechjam2026\data\real_ext\unsplash\unsplash_003322.jpg,0,unsplash_real,Real_Unsplash
C:\Users\angus\Desktop\tiktoktechjam2026\data\real_ext\unsplash\unsplash_003323.jpg,0,unsplash_real,Real_Unsplash
C:\Users\angus\Desktop\tiktoktechjam2026\data\real_ext\unsplash\unsplash_003324.jpg,0,unsplash_real,Real_Unsplash
C:\Users\angus\Desktop\tiktoktechjam2026\data\real_ext\unsplash\unsplash_003325.jpg,0,unsplash_real,Real_Unsplash
C:\Users\angus\Desktop\tiktoktechjam2026\data\real_ext\unsplash\unsplash_003326.jpg,0,unsplash_real,Real_Unsplash
C:\Users\angus\Desktop\tiktoktechjam2026\data\real_ext\unsplash\unsplash_003327.jpg,0,unsplash_real,Real_Unsplash
C:\Users\angus\Desktop\tiktoktechjam2026\data\real_ext\unsplash\unsplash_003328.jpg,0,unsplash_real,Real_Unsplash
C:\Users\angus\Desktop\tiktoktechjam2026\data\real_ext\unsplash\unsplash_003329.jpg,0,unsplash_real,Real_Unsplash
C:\Users\angus\Desktop\tiktoktechjam2026\data\real_ext\unsplash\unsplash_003330.jpg,0,unsplash_real,Real_Unsplash
C:\Users\angus\Desktop\tiktoktechjam2026\data\real_ext\unsplash\unsplash_003331.jpg,0,unsplash_real,Real_Unsplash
C:\Users\angus\Desktop\tiktoktechjam2026\data\real_ext\unsplash\unsplash_003332.jpg,0,unsplash_real,Real_Unsplash
C:\Users\angus\Desktop\tiktoktechjam2026\data\real_ext\unsplash\unsplash_003333.jpg,0,unsplash_real,Real_Unsplash
C:\Users\angus\Desktop\tiktoktechjam2026\data\real_ext\unsplash\unsplash_003334.jpg,0,unsplash_real,Real_Unsplash
C:\Users\angus\Desktop\tiktoktechjam2026\data\real_ext\unsplash\unsplash_003335.jpg,0,unsplash_real,Real_Unsplash
C:\Users\angus\Desktop\tiktoktechjam2026\data\real_ext\unsplash\unsplash_003336.jpg,0,unsplash_real,Real_Unsplash
C:\Users\angus\Desktop\tiktoktechjam2026\data\real_ext\unsplash\unsplash_003337.jpg,0,unsplash_real,Real_Unsplash
C:\Users\angus\Desktop\tiktoktechjam2026\data\real_ext\unsplash\unsplash_003338.jpg,0,unsplash_real,Real_Unsplash
C:\Users\angus\Desktop\tiktoktechjam2026\data\real_ext\unsplash\unsplash_003339.jpg,0,unsplash_real,Real_Unsplash
C:\Users\angus\Desktop\tiktoktechjam2026\data\real_ext\unsplash\unsplash_003340.jpg,0,unsplash_real,Real_Unsplash
C:\Users\angus\Desktop\tiktoktechjam2026\data\real_ext\unsplash\unsplash_003341.jpg,0,unsplash_real,Real_Unsplash
C:\Users\angus\Desktop\tiktoktechjam2026\data\real_ext\unsplash\unsplash_003342.jpg,0,unsplash_real,Real_Unsplash
C:\Users\angus\Desktop\tiktoktechjam2026\data\real_ext\unsplash\unsplash_003343.jpg,0,unsplash_real,Real_Unsplash
C:\Users\angus\Desktop\tiktoktechjam2026\data\real_ext\unsplash\unsplash_003344.jpg,0,unsplash_real,Real_Unsplash
C:\Users\angus\Desktop\tiktoktechjam2026\data\real_ext\unsplash\unsplash_003345.jpg,0,unsplash_real,Real_Unsplash
C:\Users\angus\Desktop\tiktoktechjam2026\data\real_ext\unsplash\unsplash_003346.jpg,0,unsplash_real,Real_Unsplash
C:\Users\angus\Desktop\tiktoktechjam2026\data\real_ext\unsplash\unsplash_003347.jpg,0,unsplash_real,Real_Unsplash
C:\Users\angus\Desktop\tiktoktechjam2026\data\real_ext\unsplash\unsplash_003348.jpg,0,unsplash_real,Real_Unsplash
C:\Users\angus\Desktop\tiktoktechjam2026\data\real_ext\unsplash\unsplash_003349.jpg,0,unsplash_real,Real_Unsplash
C:\Users\angus\Desktop\tiktoktechjam2026\data\real_ext\unsplash\unsplash_003350.jpg,0,unsplash_real,Real_Unsplash
C:\Users\angus\Desktop\tiktoktechjam2026\data\real_ext\unsplash\unsplash_003351.jpg,0,unsplash_real,Real_Unsplash
C:\Users\angus\Desktop\tiktoktechjam2026\data\real_ext\unsplash\unsplash_003352.jpg,0,unsplash_real,Real_Unsplash
C:\Users\angus\Desktop\tiktoktechjam2026\data\real_ext\unsplash\unsplash_003353.jpg,0,unsplash_real,Real_Unsplash
C:\Users\angus\Desktop\tiktoktechjam2026\data\real_ext\unsplash\unsplash_003354.jpg,0,unsplash_real,Real_Unsplash
C:\Users\angus\Desktop\tiktoktechjam2026\data\real_ext\unsplash\unsplash_003355.jpg,0,unsplash_real,Real_Unsplash
C:\Users\angus\Desktop\tiktoktechjam2026\data\real_ext\unsplash\unsplash_003356.jpg,0,unsplash_real,Real_Unsplash
C:\Users\angus\Desktop\tiktoktechjam2026\data\real_ext\unsplash\unsplash_003357.jpg,0,unsplash_real,Real_Unsplash
C:\Users\angus\Desktop\tiktoktechjam2026\data\real_ext\unsplash\unsplash_003358.jpg,0,unsplash_real,Real_Unsplash
C:\Users\angus\Desktop\tiktoktechjam2026\data\real_ext\unsplash\unsplash_003359.jpg,0,unsplash_real,Real_Unsplash
C:\Users\angus\Desktop\tiktoktechjam2026\data\real_ext\unsplash\unsplash_003360.jpg,0,unsplash_real,Real_Unsplash
C:\Users\angus\Desktop\tiktoktechjam2026\data\real_ext\unsplash\unsplash_003361.jpg,0,unsplash_real,Real_Unsplash
C:\Users\angus\Desktop\tiktoktechjam2026\data\real_ext\unsplash\unsplash_003362.jpg,0,unsplash_real,Real_Unsplash
C:\Users\angus\Desktop\tiktoktechjam2026\data\real_ext\unsplash\unsplash_003363.jpg,0,unsplash_real,Real_Unsplash
C:\Users\angus\Desktop\tiktoktechjam2026\data\real_ext\unsplash\unsplash_003364.jpg,0,unsplash_real,Real_Unsplash
C:\Users\angus\Desktop\tiktoktechjam2026\data\real_ext\unsplash\unsplash_003365.jpg,0,unsplash_real,Real_Unsplash
C:\Users\angus\Desktop\tiktoktechjam2026\data\real_ext\unsplash\unsplash_003366.jpg,0,unsplash_real,Real_Unsplash
C:\Users\angus\Desktop\tiktoktechjam2026\data\real_ext\unsplash\unsplash_003367.jpg,0,unsplash_real,Real_Unsplash
C:\Users\angus\Desktop\tiktoktechjam2026\data\real_ext\unsplash\unsplash_003368.jpg,0,unsplash_real,Real_Unsplash
C:\Users\angus\Desktop\tiktoktechjam2026\data\real_ext\unsplash\unsplash_003369.jpg,0,unsplash_real,Real_Unsplash
C:\Users\angus\Desktop\tiktoktechjam2026\data\real_ext\unsplash\unsplash_003370.jpg,0,unsplash_real,Real_Unsplash
C:\Users\angus\Desktop\tiktoktechjam2026\data\real_ext\unsplash\unsplash_003371.jpg,0,unsplash_real,Real_Unsplash
C:\Users\angus\Desktop\tiktoktechjam2026\data\real_ext\unsplash\unsplash_003372.jpg,0,unsplash_real,Real_Unsplash
C:\Users\angus\Desktop\tiktoktechjam2026\data\real_ext\unsplash\unsplash_003373.jpg,0,unsplash_real,Real_Unsplash
C:\Users\angus\Desktop\tiktoktechjam2026\data\real_ext\unsplash\unsplash_003374.jpg,0,unsplash_real,Real_Unsplash
C:\Users\angus\Desktop\tiktoktechjam2026\data\real_ext\unsplash\unsplash_003375.jpg,0,unsplash_real,Real_Unsplash
C:\Users\angus\Desktop\tiktoktechjam2026\data\real_ext\unsplash\unsplash_003376.jpg,0,unsplash_real,Real_Unsplash
C:\Users\angus\Desktop\tiktoktechjam2026\data\real_ext\unsplash\unsplash_003377.jpg,0,unsplash_real,Real_Unsplash
C:\Users\angus\Desktop\tiktoktechjam2026\data\real_ext\unsplash\unsplash_003378.jpg,0,unsplash_real,Real_Unsplash
C:\Users\angus\Desktop\tiktoktechjam2026\data\real_ext\unsplash\unsplash_003379.jpg,0,unsplash_real,Real_Unsplash
C:\Users\angus\Desktop\tiktoktechjam2026\data\real_ext\unsplash\unsplash_003380.jpg,0,unsplash_real,Real_Unsplash
C:\Users\angus\Desktop\tiktoktechjam2026\data\real_ext\unsplash\unsplash_003381.jpg,0,unsplash_real,Real_Unsplash
C:\Users\angus\Desktop\tiktoktechjam2026\data\real_ext\unsplash\unsplash_003382.jpg,0,unsplash_real,Real_Unsplash
C:\Users\angus\Desktop\tiktoktechjam2026\data\real_ext\unsplash\unsplash_003383.jpg,0,unsplash_real,Real_Unsplash
C:\Users\angus\Desktop\tiktoktechjam2026\data\real_ext\unsplash\unsplash_003384.jpg,0,unsplash_real,Real_Unsplash
C:\Users\angus\Desktop\tiktoktechjam2026\data\real_ext\unsplash\unsplash_003385.jpg,0,unsplash_real,Real_Unsplash
C:\Users\angus\Desktop\tiktoktechjam2026\data\real_ext\unsplash\unsplash_003386.jpg,0,unsplash_real,Real_Unsplash
C:\Users\angus\Desktop\tiktoktechjam2026\data\real_ext\unsplash\unsplash_003387.jpg,0,unsplash_real,Real_Unsplash
C:\Users\angus\Desktop\tiktoktechjam2026\data\real_ext\unsplash\unsplash_003388.jpg,0,unsplash_real,Real_Unsplash
C:\Users\angus\Desktop\tiktoktechjam2026\data\real_ext\unsplash\unsplash_003389.jpg,0,unsplash_real,Real_Unsplash
C:\Users\angus\Desktop\tiktoktechjam2026\data\real_ext\unsplash\unsplash_003390.jpg,0,unsplash_real,Real_Unsplash
C:\Users\angus\Desktop\tiktoktechjam2026\data\real_ext\unsplash\unsplash_003391.jpg,0,unsplash_real,Real_Unsplash
C:\Users\angus\Desktop\tiktoktechjam2026\data\real_ext\unsplash\unsplash_003392.jpg,0,unsplash_real,Real_Unsplash
C:\Users\angus\Desktop\tiktoktechjam2026\data\real_ext\unsplash\unsplash_003393.jpg,0,unsplash_real,Real_Unsplash
C:\Users\angus\Desktop\tiktoktechjam2026\data\real_ext\unsplash\unsplash_003394.jpg,0,unsplash_real,Real_Unsplash
C:\Users\angus\Desktop\tiktoktechjam2026\data\real_ext\unsplash\unsplash_003395.jpg,0,unsplash_real,Real_Unsplash
C:\Users\angus\Desktop\tiktoktechjam2026\data\real_ext\unsplash\unsplash_003396.jpg,0,unsplash_real,Real_Unsplash
C:\Users\angus\Desktop\tiktoktechjam2026\data\real_ext\unsplash\unsplash_003397.jpg,0,unsplash_real,Real_Unsplash
C:\Users\angus\Desktop\tiktoktechjam2026\data\real_ext\unsplash\unsplash_003398.jpg,0,unsplash_real,Real_Unsplash
C:\Users\angus\Desktop\tiktoktechjam2026\data\real_ext\unsplash\unsplash_003399.jpg,0,unsplash_real,Real_Unsplash
C:\Users\angus\Desktop\tiktoktechjam2026\data\real_ext\unsplash\unsplash_003400.jpg,0,unsplash_real,Real_Unsplash
C:\Users\angus\Desktop\tiktoktechjam2026\data\real_ext\unsplash\unsplash_003401.jpg,0,unsplash_real,Real_Unsplash
C:\Users\angus\Desktop\tiktoktechjam2026\data\real_ext\unsplash\unsplash_003402.jpg,0,unsplash_real,Real_Unsplash
C:\Users\angus\Desktop\tiktoktechjam2026\data\real_ext\unsplash\unsplash_003403.jpg,0,unsplash_real,Real_Unsplash
C:\Users\angus\Desktop\tiktoktechjam2026\data\real_ext\unsplash\unsplash_003404.jpg,0,unsplash_real,Real_Unsplash
C:\Users\angus\Desktop\tiktoktechjam2026\data\real_ext\unsplash\unsplash_003405.jpg,0,unsplash_real,Real_Unsplash
C:\Users\angus\Desktop\tiktoktechjam2026\data\real_ext\unsplash\unsplash_003406.jpg,0,unsplash_real,Real_Unsplash
C:\Users\angus\Desktop\tiktoktechjam2026\data\real_ext\unsplash\unsplash_003407.jpg,0,unsplash_real,Real_Unsplash
C:\Users\angus\Desktop\tiktoktechjam2026\data\real_ext\unsplash\unsplash_003408.jpg,0,unsplash_real,Real_Unsplash
C:\Users\angus\Desktop\tiktoktechjam2026\data\real_ext\unsplash\unsplash_003409.jpg,0,unsplash_real,Real_Unsplash
C:\Users\angus\Desktop\tiktoktechjam2026\data\real_ext\unsplash\unsplash_003410.jpg,0,unsplash_real,Real_Unsplash
C:\Users\angus\Desktop\tiktoktechjam2026\data\real_ext\unsplash\unsplash_003411.jpg,0,unsplash_real,Real_Unsplash
C:\Users\angus\Desktop\tiktoktechjam2026\data\real_ext\unsplash\unsplash_003412.jpg,0,unsplash_real,Real_Unsplash
C:\Users\angus\Desktop\tiktoktechjam2026\data\real_ext\unsplash\unsplash_003413.jpg,0,unsplash_real,Real_Unsplash
C:\Users\angus\Desktop\tiktoktechjam2026\data\real_ext\unsplash\unsplash_003414.jpg,0,unsplash_real,Real_Unsplash
C:\Users\angus\Desktop\tiktoktechjam2026\data\real_ext\unsplash\unsplash_003415.jpg,0,unsplash_real,Real_Unsplash
C:\Users\angus\Desktop\tiktoktechjam2026\data\real_ext\unsplash\unsplash_003416.jpg,0,unsplash_real,Real_Unsplash
C:\Users\angus\Desktop\tiktoktechjam2026\data\real_ext\unsplash\unsplash_003417.jpg,0,unsplash_real,Real_Unsplash
C:\Users\angus\Desktop\tiktoktechjam2026\data\real_ext\unsplash\unsplash_003418.jpg,0,unsplash_real,Real_Unsplash
C:\Users\angus\Desktop\tiktoktechjam2026\data\real_ext\unsplash\unsplash_003419.jpg,0,unsplash_real,Real_Unsplash
C:\Users\angus\Desktop\tiktoktechjam2026\data\real_ext\unsplash\unsplash_003420.jpg,0,unsplash_real,Real_Unsplash
C:\Users\angus\Desktop\tiktoktechjam2026\data\real_ext\unsplash\unsplash_003421.jpg,0,unsplash_real,Real_Unsplash
C:\Users\angus\Desktop\tiktoktechjam2026\data\real_ext\unsplash\unsplash_003422.jpg,0,unsplash_real,Real_Unsplash
C:\Users\angus\Desktop\tiktoktechjam2026\data\real_ext\unsplash\unsplash_003423.jpg,0,unsplash_real,Real_Unsplash
C:\Users\angus\Desktop\tiktoktechjam2026\data\real_ext\unsplash\unsplash_003424.jpg,0,unsplash_real,Real_Unsplash
C:\Users\angus\Desktop\tiktoktechjam2026\data\real_ext\unsplash\unsplash_003425.jpg,0,unsplash_real,Real_Unsplash
C:\Users\angus\Desktop\tiktoktechjam2026\data\real_ext\unsplash\unsplash_003426.jpg,0,unsplash_real,Real_Unsplash
C:\Users\angus\Desktop\tiktoktechjam2026\data\real_ext\unsplash\unsplash_003427.jpg,0,unsplash_real,Real_Unsplash
C:\Users\angus\Desktop\tiktoktechjam2026\data\real_ext\unsplash\unsplash_003428.jpg,0,unsplash_real,Real_Unsplash
C:\Users\angus\Desktop\tiktoktechjam2026\data\real_ext\unsplash\unsplash_003429.jpg,0,unsplash_real,Real_Unsplash
C:\Users\angus\Desktop\tiktoktechjam2026\data\real_ext\unsplash\unsplash_003430.jpg,0,unsplash_real,Real_Unsplash
C:\Users\angus\Desktop\tiktoktechjam2026\data\real_ext\unsplash\unsplash_003431.jpg,0,unsplash_real,Real_Unsplash
C:\Users\angus\Desktop\tiktoktechjam2026\data\real_ext\unsplash\unsplash_003432.jpg,0,unsplash_real,Real_Unsplash
C:\Users\angus\Desktop\tiktoktechjam2026\data\real_ext\unsplash\unsplash_003433.jpg,0,unsplash_real,Real_Unsplash
C:\Users\angus\Desktop\tiktoktechjam2026\data\real_ext\unsplash\unsplash_003434.jpg,0,unsplash_real,Real_Unsplash
C:\Users\angus\Desktop\tiktoktechjam2026\data\real_ext\unsplash\unsplash_003435.jpg,0,unsplash_real,Real_Unsplash
C:\Users\angus\Desktop\tiktoktechjam2026\data\real_ext\unsplash\unsplash_003436.jpg,0,unsplash_real,Real_Unsplash
C:\Users\angus\Desktop\tiktoktechjam2026\data\real_ext\unsplash\unsplash_003437.jpg,0,unsplash_real,Real_Unsplash
C:\Users\angus\Desktop\tiktoktechjam2026\data\real_ext\unsplash\unsplash_003438.jpg,0,unsplash_real,Real_Unsplash
C:\Users\angus\Desktop\tiktoktechjam2026\data\real_ext\unsplash\unsplash_003439.jpg,0,unsplash_real,Real_Unsplash
C:\Users\angus\Desktop\tiktoktechjam2026\data\real_ext\unsplash\unsplash_003440.jpg,0,unsplash_real,Real_Unsplash
C:\Users\angus\Desktop\tiktoktechjam2026\data\real_ext\unsplash\unsplash_003441.jpg,0,unsplash_real,Real_Unsplash
C:\Users\angus\Desktop\tiktoktechjam2026\data\real_ext\unsplash\unsplash_003442.jpg,0,unsplash_real,Real_Unsplash
C:\Users\angus\Desktop\tiktoktechjam2026\data\real_ext\unsplash\unsplash_003443.jpg,0,unsplash_real,Real_Unsplash
C:\Users\angus\Desktop\tiktoktechjam2026\data\real_ext\unsplash\unsplash_003444.jpg,0,unsplash_real,Real_Unsplash
C:\Users\angus\Desktop\tiktoktechjam2026\data\real_ext\unsplash\unsplash_003445.jpg,0,unsplash_real,Real_Unsplash
C:\Users\angus\Desktop\tiktoktechjam2026\data\real_ext\unsplash\unsplash_003446.jpg,0,unsplash_real,Real_Unsplash
C:\Users\angus\Desktop\tiktoktechjam2026\data\real_ext\unsplash\unsplash_003447.jpg,0,unsplash_real,Real_Unsplash
C:\Users\angus\Desktop\tiktoktechjam2026\data\real_ext\unsplash\unsplash_003448.jpg,0,unsplash_real,Real_Unsplash
C:\Users\angus\Desktop\tiktoktechjam2026\data\real_ext\unsplash\unsplash_003449.jpg,0,unsplash_real,Real_Unsplash
C:\Users\angus\Desktop\tiktoktechjam2026\data\real_ext\unsplash\unsplash_003450.jpg,0,unsplash_real,Real_Unsplash
C:\Users\angus\Desktop\tiktoktechjam2026\data\real_ext\unsplash\unsplash_003451.jpg,0,unsplash_real,Real_Unsplash
C:\Users\angus\Desktop\tiktoktechjam2026\data\real_ext\unsplash\unsplash_003452.jpg,0,unsplash_real,Real_Unsplash
C:\Users\angus\Desktop\tiktoktechjam2026\data\real_ext\unsplash\unsplash_003453.jpg,0,unsplash_real,Real_Unsplash
C:\Users\angus\Desktop\tiktoktechjam2026\data\real_ext\unsplash\unsplash_003454.jpg,0,unsplash_real,Real_Unsplash
C:\Users\angus\Desktop\tiktoktechjam2026\data\real_ext\unsplash\unsplash_003455.jpg,0,unsplash_real,Real_Unsplash
C:\Users\angus\Desktop\tiktoktechjam2026\data\real_ext\unsplash\unsplash_003456.jpg,0,unsplash_real,Real_Unsplash
C:\Users\angus\Desktop\tiktoktechjam2026\data\real_ext\unsplash\unsplash_003457.jpg,0,unsplash_real,Real_Unsplash
C:\Users\angus\Desktop\tiktoktechjam2026\data\real_ext\unsplash\unsplash_003458.jpg,0,unsplash_real,Real_Unsplash
C:\Users\angus\Desktop\tiktoktechjam2026\data\real_ext\unsplash\unsplash_003459.jpg,0,unsplash_real,Real_Unsplash
C:\Users\angus\Desktop\tiktoktechjam2026\data\real_ext\unsplash\unsplash_003460.jpg,0,unsplash_real,Real_Unsplash
C:\Users\angus\Desktop\tiktoktechjam2026\data\real_ext\unsplash\unsplash_003461.jpg,0,unsplash_real,Real_Unsplash
C:\Users\angus\Desktop\tiktoktechjam2026\data\real_ext\unsplash\unsplash_003462.jpg,0,unsplash_real,Real_Unsplash
C:\Users\angus\Desktop\tiktoktechjam2026\data\real_ext\unsplash\unsplash_003463.jpg,0,unsplash_real,Real_Unsplash
C:\Users\angus\Desktop\tiktoktechjam2026\data\real_ext\unsplash\unsplash_003464.jpg,0,unsplash_real,Real_Unsplash
C:\Users\angus\Desktop\tiktoktechjam2026\data\real_ext\unsplash\unsplash_003465.jpg,0,unsplash_real,Real_Unsplash
C:\Users\angus\Desktop\tiktoktechjam2026\data\real_ext\unsplash\unsplash_003466.jpg,0,unsplash_real,Real_Unsplash
C:\Users\angus\Desktop\tiktoktechjam2026\data\real_ext\unsplash\unsplash_003467.jpg,0,unsplash_real,Real_Unsplash
C:\Users\angus\Desktop\tiktoktechjam2026\data\real_ext\unsplash\unsplash_003468.jpg,0,unsplash_real,Real_Unsplash
C:\Users\angus\Desktop\tiktoktechjam2026\data\real_ext\unsplash\unsplash_003469.jpg,0,unsplash_real,Real_Unsplash
C:\Users\angus\Desktop\tiktoktechjam2026\data\real_ext\unsplash\unsplash_003470.jpg,0,unsplash_real,Real_Unsplash
C:\Users\angus\Desktop\tiktoktechjam2026\data\real_ext\unsplash\unsplash_003471.jpg,0,unsplash_real,Real_Unsplash
C:\Users\angus\Desktop\tiktoktechjam2026\data\real_ext\unsplash\unsplash_003472.jpg,0,unsplash_real,Real_Unsplash
C:\Users\angus\Desktop\tiktoktechjam2026\data\real_ext\unsplash\unsplash_003473.jpg,0,unsplash_real,Real_Unsplash
C:\Users\angus\Desktop\tiktoktechjam2026\data\real_ext\unsplash\unsplash_003474.jpg,0,unsplash_real,Real_Unsplash
C:\Users\angus\Desktop\tiktoktechjam2026\data\real_ext\unsplash\unsplash_003475.jpg,0,unsplash_real,Real_Unsplash
C:\Users\angus\Desktop\tiktoktechjam2026\data\real_ext\unsplash\unsplash_003476.jpg,0,unsplash_real,Real_Unsplash
C:\Users\angus\Desktop\tiktoktechjam2026\data\real_ext\unsplash\unsplash_003477.jpg,0,unsplash_real,Real_Unsplash
C:\Users\angus\Desktop\tiktoktechjam2026\data\real_ext\unsplash\unsplash_003478.jpg,0,unsplash_real,Real_Unsplash
C:\Users\angus\Desktop\tiktoktechjam2026\data\real_ext\unsplash\unsplash_003479.jpg,0,unsplash_real,Real_Unsplash
C:\Users\angus\Desktop\tiktoktechjam2026\data\real_ext\unsplash\unsplash_003480.jpg,0,unsplash_real,Real_Unsplash
C:\Users\angus\Desktop\tiktoktechjam2026\data\real_ext\unsplash\unsplash_003481.jpg,0,unsplash_real,Real_Unsplash
C:\Users\angus\Desktop\tiktoktechjam2026\data\real_ext\unsplash\unsplash_003482.jpg,0,unsplash_real,Real_Unsplash
C:\Users\angus\Desktop\tiktoktechjam2026\data\real_ext\unsplash\unsplash_003483.jpg,0,unsplash_real,Real_Unsplash
C:\Users\angus\Desktop\tiktoktechjam2026\data\real_ext\unsplash\unsplash_003484.jpg,0,unsplash_real,Real_Unsplash
C:\Users\angus\Desktop\tiktoktechjam2026\data\real_ext\unsplash\unsplash_003485.jpg,0,unsplash_real,Real_Unsplash
C:\Users\angus\Desktop\tiktoktechjam2026\data\real_ext\unsplash\unsplash_003486.jpg,0,unsplash_real,Real_Unsplash
C:\Users\angus\Desktop\tiktoktechjam2026\data\real_ext\unsplash\unsplash_003487.jpg,0,unsplash_real,Real_Unsplash
C:\Users\angus\Desktop\tiktoktechjam2026\data\real_ext\unsplash\unsplash_003488.jpg,0,unsplash_real,Real_Unsplash
C:\Users\angus\Desktop\tiktoktechjam2026\data\real_ext\unsplash\unsplash_003489.jpg,0,unsplash_real,Real_Unsplash
C:\Users\angus\Desktop\tiktoktechjam2026\data\real_ext\unsplash\unsplash_003490.jpg,0,unsplash_real,Real_Unsplash
C:\Users\angus\Desktop\tiktoktechjam2026\data\real_ext\unsplash\unsplash_003491.jpg,0,unsplash_real,Real_Unsplash
C:\Users\angus\Desktop\tiktoktechjam2026\data\real_ext\unsplash\unsplash_003492.jpg,0,unsplash_real,Real_Unsplash
C:\Users\angus\Desktop\tiktoktechjam2026\data\real_ext\unsplash\unsplash_003493.jpg,0,unsplash_real,Real_Unsplash
C:\Users\angus\Desktop\tiktoktechjam2026\data\real_ext\unsplash\unsplash_003494.jpg,0,unsplash_real,Real_Unsplash
C:\Users\angus\Desktop\tiktoktechjam2026\data\real_ext\unsplash\unsplash_003495.jpg,0,unsplash_real,Real_Unsplash
C:\Users\angus\Desktop\tiktoktechjam2026\data\real_ext\unsplash\unsplash_003496.jpg,0,unsplash_real,Real_Unsplash
C:\Users\angus\Desktop\tiktoktechjam2026\data\real_ext\unsplash\unsplash_003497.jpg,0,unsplash_real,Real_Unsplash
C:\Users\angus\Desktop\tiktoktechjam2026\data\real_ext\unsplash\unsplash_003498.jpg,0,unsplash_real,Real_Unsplash
C:\Users\angus\Desktop\tiktoktechjam2026\data\real_ext\unsplash\unsplash_003499.jpg,0,unsplash_real,Real_Unsplash
C:\Users\angus\Desktop\tiktoktechjam2026\data\real_ext\unsplash\unsplash_003500.jpg,0,unsplash_real,Real_Unsplash
C:\Users\angus\Desktop\tiktoktechjam2026\data\real_ext\unsplash\unsplash_003501.jpg,0,unsplash_real,Real_Unsplash
C:\Users\angus\Desktop\tiktoktechjam2026\data\real_ext\unsplash\unsplash_003502.jpg,0,unsplash_real,Real_Unsplash
C:\Users\angus\Desktop\tiktoktechjam2026\data\real_ext\unsplash\unsplash_003503.jpg,0,unsplash_real,Real_Unsplash
C:\Users\angus\Desktop\tiktoktechjam2026\data\real_ext\unsplash\unsplash_003504.jpg,0,unsplash_real,Real_Unsplash
C:\Users\angus\Desktop\tiktoktechjam2026\data\real_ext\unsplash\unsplash_003505.jpg,0,unsplash_real,Real_Unsplash
C:\Users\angus\Desktop\tiktoktechjam2026\data\real_ext\unsplash\unsplash_003506.jpg,0,unsplash_real,Real_Unsplash
C:\Users\angus\Desktop\tiktoktechjam2026\data\real_ext\unsplash\unsplash_003507.jpg,0,unsplash_real,Real_Unsplash
C:\Users\angus\Desktop\tiktoktechjam2026\data\real_ext\unsplash\unsplash_003508.jpg,0,unsplash_real,Real_Unsplash
C:\Users\angus\Desktop\tiktoktechjam2026\data\real_ext\unsplash\unsplash_003509.jpg,0,unsplash_real,Real_Unsplash
C:\Users\angus\Desktop\tiktoktechjam2026\data\real_ext\unsplash\unsplash_003510.jpg,0,unsplash_real,Real_Unsplash
C:\Users\angus\Desktop\tiktoktechjam2026\data\real_ext\unsplash\unsplash_003511.jpg,0,unsplash_real,Real_Unsplash
C:\Users\angus\Desktop\tiktoktechjam2026\data\real_ext\unsplash\unsplash_003512.jpg,0,unsplash_real,Real_Unsplash
C:\Users\angus\Desktop\tiktoktechjam2026\data\real_ext\unsplash\unsplash_003513.jpg,0,unsplash_real,Real_Unsplash
C:\Users\angus\Desktop\tiktoktechjam2026\data\real_ext\unsplash\unsplash_003514.jpg,0,unsplash_real,Real_Unsplash
C:\Users\angus\Desktop\tiktoktechjam2026\data\real_ext\unsplash\unsplash_003515.jpg,0,unsplash_real,Real_Unsplash
C:\Users\angus\Desktop\tiktoktechjam2026\data\real_ext\unsplash\unsplash_003516.jpg,0,unsplash_real,Real_Unsplash
C:\Users\angus\Desktop\tiktoktechjam2026\data\real_ext\unsplash\unsplash_003517.jpg,0,unsplash_real,Real_Unsplash
C:\Users\angus\Desktop\tiktoktechjam2026\data\real_ext\unsplash\unsplash_003518.jpg,0,unsplash_real,Real_Unsplash
C:\Users\angus\Desktop\tiktoktechjam2026\data\real_ext\unsplash\unsplash_003519.jpg,0,unsplash_real,Real_Unsplash
C:\Users\angus\Desktop\tiktoktechjam2026\data\real_ext\unsplash\unsplash_003520.jpg,0,unsplash_real,Real_Unsplash
C:\Users\angus\Desktop\tiktoktechjam2026\data\real_ext\unsplash\unsplash_003521.jpg,0,unsplash_real,Real_Unsplash
C:\Users\angus\Desktop\tiktoktechjam2026\data\real_ext\unsplash\unsplash_003522.jpg,0,unsplash_real,Real_Unsplash
C:\Users\angus\Desktop\tiktoktechjam2026\data\real_ext\unsplash\unsplash_003523.jpg,0,unsplash_real,Real_Unsplash
C:\Users\angus\Desktop\tiktoktechjam2026\data\real_ext\unsplash\unsplash_003524.jpg,0,unsplash_real,Real_Unsplash
C:\Users\angus\Desktop\tiktoktechjam2026\data\real_ext\unsplash\unsplash_003525.jpg,0,unsplash_real,Real_Unsplash
C:\Users\angus\Desktop\tiktoktechjam2026\data\real_ext\unsplash\unsplash_003526.jpg,0,unsplash_real,Real_Unsplash
C:\Users\angus\Desktop\tiktoktechjam2026\data\real_ext\unsplash\unsplash_003527.jpg,0,unsplash_real,Real_Unsplash
C:\Users\angus\Desktop\tiktoktechjam2026\data\real_ext\unsplash\unsplash_003528.jpg,0,unsplash_real,Real_Unsplash
C:\Users\angus\Desktop\tiktoktechjam2026\data\real_ext\unsplash\unsplash_003529.jpg,0,unsplash_real,Real_Unsplash
C:\Users\angus\Desktop\tiktoktechjam2026\data\real_ext\unsplash\unsplash_003530.jpg,0,unsplash_real,Real_Unsplash
C:\Users\angus\Desktop\tiktoktechjam2026\data\real_ext\unsplash\unsplash_003531.jpg,0,unsplash_real,Real_Unsplash
C:\Users\angus\Desktop\tiktoktechjam2026\data\real_ext\unsplash\unsplash_003532.jpg,0,unsplash_real,Real_Unsplash
C:\Users\angus\Desktop\tiktoktechjam2026\data\real_ext\unsplash\unsplash_003533.jpg,0,unsplash_real,Real_Unsplash
C:\Users\angus\Desktop\tiktoktechjam2026\data\real_ext\unsplash\unsplash_003534.jpg,0,unsplash_real,Real_Unsplash
C:\Users\angus\Desktop\tiktoktechjam2026\data\real_ext\unsplash\unsplash_003535.jpg,0,unsplash_real,Real_Unsplash
C:\Users\angus\Desktop\tiktoktechjam2026\data\real_ext\unsplash\unsplash_003536.jpg,0,unsplash_real,Real_Unsplash
C:\Users\angus\Desktop\tiktoktechjam2026\data\real_ext\unsplash\unsplash_003537.jpg,0,unsplash_real,Real_Unsplash
C:\Users\angus\Desktop\tiktoktechjam2026\data\real_ext\unsplash\unsplash_003538.jpg,0,unsplash_real,Real_Unsplash
C:\Users\angus\Desktop\tiktoktechjam2026\data\real_ext\unsplash\unsplash_003539.jpg,0,unsplash_real,Real_Unsplash
C:\Users\angus\Desktop\tiktoktechjam2026\data\real_ext\unsplash\unsplash_003540.jpg,0,unsplash_real,Real_Unsplash
C:\Users\angus\Desktop\tiktoktechjam2026\data\real_ext\unsplash\unsplash_003541.jpg,0,unsplash_real,Real_Unsplash
C:\Users\angus\Desktop\tiktoktechjam2026\data\real_ext\unsplash\unsplash_003542.jpg,0,unsplash_real,Real_Unsplash
C:\Users\angus\Desktop\tiktoktechjam2026\data\real_ext\unsplash\unsplash_003543.jpg,0,unsplash_real,Real_Unsplash
C:\Users\angus\Desktop\tiktoktechjam2026\data\real_ext\unsplash\unsplash_003544.jpg,0,unsplash_real,Real_Unsplash
C:\Users\angus\Desktop\tiktoktechjam2026\data\real_ext\unsplash\unsplash_003545.jpg,0,unsplash_real,Real_Unsplash
C:\Users\angus\Desktop\tiktoktechjam2026\data\real_ext\unsplash\unsplash_003546.jpg,0,unsplash_real,Real_Unsplash
C:\Users\angus\Desktop\tiktoktechjam2026\data\real_ext\unsplash\unsplash_003547.jpg,0,unsplash_real,Real_Unsplash
C:\Users\angus\Desktop\tiktoktechjam2026\data\real_ext\unsplash\unsplash_003548.jpg,0,unsplash_real,Real_Unsplash
C:\Users\angus\Desktop\tiktoktechjam2026\data\real_ext\unsplash\unsplash_003549.jpg,0,unsplash_real,Real_Unsplash
C:\Users\angus\Desktop\tiktoktechjam2026\data\real_ext\unsplash\unsplash_003550.jpg,0,unsplash_real,Real_Unsplash
C:\Users\angus\Desktop\tiktoktechjam2026\data\real_ext\unsplash\unsplash_003551.jpg,0,unsplash_real,Real_Unsplash
C:\Users\angus\Desktop\tiktoktechjam2026\data\real_ext\unsplash\unsplash_003552.jpg,0,unsplash_real,Real_Unsplash
C:\Users\angus\Desktop\tiktoktechjam2026\data\real_ext\unsplash\unsplash_003553.jpg,0,unsplash_real,Real_Unsplash
C:\Users\angus\Desktop\tiktoktechjam2026\data\real_ext\unsplash\unsplash_003554.jpg,0,unsplash_real,Real_Unsplash
C:\Users\angus\Desktop\tiktoktechjam2026\data\real_ext\unsplash\unsplash_003555.jpg,0,unsplash_real,Real_Unsplash
C:\Users\angus\Desktop\tiktoktechjam2026\data\real_ext\unsplash\unsplash_003556.jpg,0,unsplash_real,Real_Unsplash
C:\Users\angus\Desktop\tiktoktechjam2026\data\real_ext\unsplash\unsplash_003557.jpg,0,unsplash_real,Real_Unsplash
C:\Users\angus\Desktop\tiktoktechjam2026\data\real_ext\unsplash\unsplash_003558.jpg,0,unsplash_real,Real_Unsplash
C:\Users\angus\Desktop\tiktoktechjam2026\data\real_ext\unsplash\unsplash_003559.jpg,0,unsplash_real,Real_Unsplash
C:\Users\angus\Desktop\tiktoktechjam2026\data\real_ext\unsplash\unsplash_003560.jpg,0,unsplash_real,Real_Unsplash
C:\Users\angus\Desktop\tiktoktechjam2026\data\real_ext\unsplash\unsplash_003561.jpg,0,unsplash_real,Real_Unsplash
C:\Users\angus\Desktop\tiktoktechjam2026\data\real_ext\unsplash\unsplash_003562.jpg,0,unsplash_real,Real_Unsplash
C:\Users\angus\Desktop\tiktoktechjam2026\data\real_ext\unsplash\unsplash_003563.jpg,0,unsplash_real,Real_Unsplash
C:\Users\angus\Desktop\tiktoktechjam2026\data\real_ext\unsplash\unsplash_003564.jpg,0,unsplash_real,Real_Unsplash
C:\Users\angus\Desktop\tiktoktechjam2026\data\real_ext\unsplash\unsplash_003565.jpg,0,unsplash_real,Real_Unsplash
C:\Users\angus\Desktop\tiktoktechjam2026\data\real_ext\unsplash\unsplash_003566.jpg,0,unsplash_real,Real_Unsplash
C:\Users\angus\Desktop\tiktoktechjam2026\data\real_ext\unsplash\unsplash_003567.jpg,0,unsplash_real,Real_Unsplash
C:\Users\angus\Desktop\tiktoktechjam2026\data\real_ext\unsplash\unsplash_003568.jpg,0,unsplash_real,Real_Unsplash
C:\Users\angus\Desktop\tiktoktechjam2026\data\real_ext\unsplash\unsplash_003569.jpg,0,unsplash_real,Real_Unsplash
C:\Users\angus\Desktop\tiktoktechjam2026\data\real_ext\unsplash\unsplash_003570.jpg,0,unsplash_real,Real_Unsplash
C:\Users\angus\Desktop\tiktoktechjam2026\data\real_ext\unsplash\unsplash_003571.jpg,0,unsplash_real,Real_Unsplash
C:\Users\angus\Desktop\tiktoktechjam2026\data\real_ext\unsplash\unsplash_003572.jpg,0,unsplash_real,Real_Unsplash
C:\Users\angus\Desktop\tiktoktechjam2026\data\real_ext\unsplash\unsplash_003573.jpg,0,unsplash_real,Real_Unsplash
C:\Users\angus\Desktop\tiktoktechjam2026\data\real_ext\unsplash\unsplash_003574.jpg,0,unsplash_real,Real_Unsplash
C:\Users\angus\Desktop\tiktoktechjam2026\data\real_ext\unsplash\unsplash_003575.jpg,0,unsplash_real,Real_Unsplash
C:\Users\angus\Desktop\tiktoktechjam2026\data\real_ext\unsplash\unsplash_003576.jpg,0,unsplash_real,Real_Unsplash
C:\Users\angus\Desktop\tiktoktechjam2026\data\real_ext\unsplash\unsplash_003577.jpg,0,unsplash_real,Real_Unsplash
C:\Users\angus\Desktop\tiktoktechjam2026\data\real_ext\unsplash\unsplash_003578.jpg,0,unsplash_real,Real_Unsplash
C:\Users\angus\Desktop\tiktoktechjam2026\data\real_ext\unsplash\unsplash_003579.jpg,0,unsplash_real,Real_Unsplash
C:\Users\angus\Desktop\tiktoktechjam2026\data\real_ext\unsplash\unsplash_003580.jpg,0,unsplash_real,Real_Unsplash
C:\Users\angus\Desktop\tiktoktechjam2026\data\real_ext\unsplash\unsplash_003581.jpg,0,unsplash_real,Real_Unsplash
C:\Users\angus\Desktop\tiktoktechjam2026\data\real_ext\unsplash\unsplash_003582.jpg,0,unsplash_real,Real_Unsplash
C:\Users\angus\Desktop\tiktoktechjam2026\data\real_ext\unsplash\unsplash_003583.jpg,0,unsplash_real,Real_Unsplash
C:\Users\angus\Desktop\tiktoktechjam2026\data\real_ext\unsplash\unsplash_003584.jpg,0,unsplash_real,Real_Unsplash
C:\Users\angus\Desktop\tiktoktechjam2026\data\real_ext\unsplash\unsplash_003585.jpg,0,unsplash_real,Real_Unsplash
C:\Users\angus\Desktop\tiktoktechjam2026\data\real_ext\unsplash\unsplash_003586.jpg,0,unsplash_real,Real_Unsplash
C:\Users\angus\Desktop\tiktoktechjam2026\data\real_ext\unsplash\unsplash_003587.jpg,0,unsplash_real,Real_Unsplash
C:\Users\angus\Desktop\tiktoktechjam2026\data\real_ext\unsplash\unsplash_003588.jpg,0,unsplash_real,Real_Unsplash
C:\Users\angus\Desktop\tiktoktechjam2026\data\real_ext\unsplash\unsplash_003589.jpg,0,unsplash_real,Real_Unsplash
C:\Users\angus\Desktop\tiktoktechjam2026\data\real_ext\unsplash\unsplash_003590.jpg,0,unsplash_real,Real_Unsplash
C:\Users\angus\Desktop\tiktoktechjam2026\data\real_ext\unsplash\unsplash_003591.jpg,0,unsplash_real,Real_Unsplash
C:\Users\angus\Desktop\tiktoktechjam2026\data\real_ext\unsplash\unsplash_003592.jpg,0,unsplash_real,Real_Unsplash
C:\Users\angus\Desktop\tiktoktechjam2026\data\real_ext\unsplash\unsplash_003593.jpg,0,unsplash_real,Real_Unsplash
C:\Users\angus\Desktop\tiktoktechjam2026\data\real_ext\unsplash\unsplash_003594.jpg,0,unsplash_real,Real_Unsplash
C:\Users\angus\Desktop\tiktoktechjam2026\data\real_ext\unsplash\unsplash_003595.jpg,0,unsplash_real,Real_Unsplash
C:\Users\angus\Desktop\tiktoktechjam2026\data\real_ext\unsplash\unsplash_003596.jpg,0,unsplash_real,Real_Unsplash
C:\Users\angus\Desktop\tiktoktechjam2026\data\real_ext\unsplash\unsplash_003597.jpg,0,unsplash_real,Real_Unsplash
C:\Users\angus\Desktop\tiktoktechjam2026\data\real_ext\unsplash\unsplash_003598.jpg,0,unsplash_real,Real_Unsplash
C:\Users\angus\Desktop\tiktoktechjam2026\data\real_ext\unsplash\unsplash_003599.jpg,0,unsplash_real,Real_Unsplash
C:\Users\angus\Desktop\tiktoktechjam2026\data\real_ext\unsplash\unsplash_003600.jpg,0,unsplash_real,Real_Unsplash
C:\Users\angus\Desktop\tiktoktechjam2026\data\real_ext\unsplash\unsplash_003601.jpg,0,unsplash_real,Real_Unsplash
C:\Users\angus\Desktop\tiktoktechjam2026\data\real_ext\unsplash\unsplash_003602.jpg,0,unsplash_real,Real_Unsplash
C:\Users\angus\Desktop\tiktoktechjam2026\data\real_ext\unsplash\unsplash_003603.jpg,0,unsplash_real,Real_Unsplash
C:\Users\angus\Desktop\tiktoktechjam2026\data\real_ext\unsplash\unsplash_003604.jpg,0,unsplash_real,Real_Unsplash
C:\Users\angus\Desktop\tiktoktechjam2026\data\real_ext\unsplash\unsplash_003605.jpg,0,unsplash_real,Real_Unsplash
C:\Users\angus\Desktop\tiktoktechjam2026\data\real_ext\unsplash\unsplash_003606.jpg,0,unsplash_real,Real_Unsplash
C:\Users\angus\Desktop\tiktoktechjam2026\data\real_ext\unsplash\unsplash_003607.jpg,0,unsplash_real,Real_Unsplash
C:\Users\angus\Desktop\tiktoktechjam2026\data\real_ext\unsplash\unsplash_003608.jpg,0,unsplash_real,Real_Unsplash
C:\Users\angus\Desktop\tiktoktechjam2026\data\real_ext\unsplash\unsplash_003609.jpg,0,unsplash_real,Real_Unsplash
C:\Users\angus\Desktop\tiktoktechjam2026\data\real_ext\unsplash\unsplash_003610.jpg,0,unsplash_real,Real_Unsplash
C:\Users\angus\Desktop\tiktoktechjam2026\data\real_ext\unsplash\unsplash_003611.jpg,0,unsplash_real,Real_Unsplash
C:\Users\angus\Desktop\tiktoktechjam2026\data\real_ext\unsplash\unsplash_003612.jpg,0,unsplash_real,Real_Unsplash
C:\Users\angus\Desktop\tiktoktechjam2026\data\real_ext\unsplash\unsplash_003613.jpg,0,unsplash_real,Real_Unsplash
C:\Users\angus\Desktop\tiktoktechjam2026\data\real_ext\unsplash\unsplash_003614.jpg,0,unsplash_real,Real_Unsplash
C:\Users\angus\Desktop\tiktoktechjam2026\data\real_ext\unsplash\unsplash_003615.jpg,0,unsplash_real,Real_Unsplash
C:\Users\angus\Desktop\tiktoktechjam2026\data\real_ext\unsplash\unsplash_003616.jpg,0,unsplash_real,Real_Unsplash
C:\Users\angus\Desktop\tiktoktechjam2026\data\real_ext\unsplash\unsplash_003617.jpg,0,unsplash_real,Real_Unsplash
C:\Users\angus\Desktop\tiktoktechjam2026\data\real_ext\unsplash\unsplash_003618.jpg,0,unsplash_real,Real_Unsplash
C:\Users\angus\Desktop\tiktoktechjam2026\data\real_ext\unsplash\unsplash_003619.jpg,0,unsplash_real,Real_Unsplash
C:\Users\angus\Desktop\tiktoktechjam2026\data\real_ext\unsplash\unsplash_003620.jpg,0,unsplash_real,Real_Unsplash
C:\Users\angus\Desktop\tiktoktechjam2026\data\real_ext\unsplash\unsplash_003621.jpg,0,unsplash_real,Real_Unsplash
C:\Users\angus\Desktop\tiktoktechjam2026\data\real_ext\unsplash\unsplash_003622.jpg,0,unsplash_real,Real_Unsplash
C:\Users\angus\Desktop\tiktoktechjam2026\data\real_ext\unsplash\unsplash_003623.jpg,0,unsplash_real,Real_Unsplash
C:\Users\angus\Desktop\tiktoktechjam2026\data\real_ext\unsplash\unsplash_003624.jpg,0,unsplash_real,Real_Unsplash
C:\Users\angus\Desktop\tiktoktechjam2026\data\real_ext\unsplash\unsplash_003625.jpg,0,unsplash_real,Real_Unsplash
C:\Users\angus\Desktop\tiktoktechjam2026\data\real_ext\unsplash\unsplash_003626.jpg,0,unsplash_real,Real_Unsplash
C:\Users\angus\Desktop\tiktoktechjam2026\data\real_ext\unsplash\unsplash_003627.jpg,0,unsplash_real,Real_Unsplash
C:\Users\angus\Desktop\tiktoktechjam2026\data\real_ext\unsplash\unsplash_003628.jpg,0,unsplash_real,Real_Unsplash
C:\Users\angus\Desktop\tiktoktechjam2026\data\real_ext\unsplash\unsplash_003629.jpg,0,unsplash_real,Real_Unsplash
C:\Users\angus\Desktop\tiktoktechjam2026\data\real_ext\unsplash\unsplash_003630.jpg,0,unsplash_real,Real_Unsplash
C:\Users\angus\Desktop\tiktoktechjam2026\data\real_ext\unsplash\unsplash_003631.jpg,0,unsplash_real,Real_Unsplash
C:\Users\angus\Desktop\tiktoktechjam2026\data\real_ext\unsplash\unsplash_003632.jpg,0,unsplash_real,Real_Unsplash
C:\Users\angus\Desktop\tiktoktechjam2026\data\real_ext\unsplash\unsplash_003633.jpg,0,unsplash_real,Real_Unsplash
C:\Users\angus\Desktop\tiktoktechjam2026\data\real_ext\unsplash\unsplash_003634.jpg,0,unsplash_real,Real_Unsplash
C:\Users\angus\Desktop\tiktoktechjam2026\data\real_ext\unsplash\unsplash_003635.jpg,0,unsplash_real,Real_Unsplash
C:\Users\angus\Desktop\tiktoktechjam2026\data\real_ext\unsplash\unsplash_003636.jpg,0,unsplash_real,Real_Unsplash
C:\Users\angus\Desktop\tiktoktechjam2026\data\real_ext\unsplash\unsplash_003637.jpg,0,unsplash_real,Real_Unsplash
C:\Users\angus\Desktop\tiktoktechjam2026\data\real_ext\unsplash\unsplash_003638.jpg,0,unsplash_real,Real_Unsplash
C:\Users\angus\Desktop\tiktoktechjam2026\data\real_ext\unsplash\unsplash_003639.jpg,0,unsplash_real,Real_Unsplash
C:\Users\angus\Desktop\tiktoktechjam2026\data\real_ext\unsplash\unsplash_003640.jpg,0,unsplash_real,Real_Unsplash
C:\Users\angus\Desktop\tiktoktechjam2026\data\real_ext\unsplash\unsplash_003641.jpg,0,unsplash_real,Real_Unsplash
C:\Users\angus\Desktop\tiktoktechjam2026\data\real_ext\unsplash\unsplash_003642.jpg,0,unsplash_real,Real_Unsplash
C:\Users\angus\Desktop\tiktoktechjam2026\data\real_ext\unsplash\unsplash_003643.jpg,0,unsplash_real,Real_Unsplash
C:\Users\angus\Desktop\tiktoktechjam2026\data\real_ext\unsplash\unsplash_003644.jpg,0,unsplash_real,Real_Unsplash
C:\Users\angus\Desktop\tiktoktechjam2026\data\real_ext\unsplash\unsplash_003645.jpg,0,unsplash_real,Real_Unsplash
C:\Users\angus\Desktop\tiktoktechjam2026\data\real_ext\unsplash\unsplash_003646.jpg,0,unsplash_real,Real_Unsplash
C:\Users\angus\Desktop\tiktoktechjam2026\data\real_ext\unsplash\unsplash_003647.jpg,0,unsplash_real,Real_Unsplash
C:\Users\angus\Desktop\tiktoktechjam2026\data\real_ext\unsplash\unsplash_003648.jpg,0,unsplash_real,Real_Unsplash
C:\Users\angus\Desktop\tiktoktechjam2026\data\real_ext\unsplash\unsplash_003649.jpg,0,unsplash_real,Real_Unsplash
C:\Users\angus\Desktop\tiktoktechjam2026\data\real_ext\unsplash\unsplash_003650.jpg,0,unsplash_real,Real_Unsplash
C:\Users\angus\Desktop\tiktoktechjam2026\data\real_ext\unsplash\unsplash_003651.jpg,0,unsplash_real,Real_Unsplash
C:\Users\angus\Desktop\tiktoktechjam2026\data\real_ext\unsplash\unsplash_003652.jpg,0,unsplash_real,Real_Unsplash
C:\Users\angus\Desktop\tiktoktechjam2026\data\real_ext\unsplash\unsplash_003653.jpg,0,unsplash_real,Real_Unsplash
C:\Users\angus\Desktop\tiktoktechjam2026\data\real_ext\unsplash\unsplash_003654.jpg,0,unsplash_real,Real_Unsplash
C:\Users\angus\Desktop\tiktoktechjam2026\data\real_ext\unsplash\unsplash_003655.jpg,0,unsplash_real,Real_Unsplash
C:\Users\angus\Desktop\tiktoktechjam2026\data\real_ext\unsplash\unsplash_003656.jpg,0,unsplash_real,Real_Unsplash
C:\Users\angus\Desktop\tiktoktechjam2026\data\real_ext\unsplash\unsplash_003657.jpg,0,unsplash_real,Real_Unsplash
C:\Users\angus\Desktop\tiktoktechjam2026\data\real_ext\unsplash\unsplash_003658.jpg,0,unsplash_real,Real_Unsplash
C:\Users\angus\Desktop\tiktoktechjam2026\data\real_ext\unsplash\unsplash_003659.jpg,0,unsplash_real,Real_Unsplash
C:\Users\angus\Desktop\tiktoktechjam2026\data\real_ext\unsplash\unsplash_003660.jpg,0,unsplash_real,Real_Unsplash
C:\Users\angus\Desktop\tiktoktechjam2026\data\real_ext\unsplash\unsplash_003661.jpg,0,unsplash_real,Real_Unsplash
C:\Users\angus\Desktop\tiktoktechjam2026\data\real_ext\unsplash\unsplash_003662.jpg,0,unsplash_real,Real_Unsplash
C:\Users\angus\Desktop\tiktoktechjam2026\data\real_ext\unsplash\unsplash_003663.jpg,0,unsplash_real,Real_Unsplash
C:\Users\angus\Desktop\tiktoktechjam2026\data\real_ext\unsplash\unsplash_003664.jpg,0,unsplash_real,Real_Unsplash
C:\Users\angus\Desktop\tiktoktechjam2026\data\real_ext\unsplash\unsplash_003665.jpg,0,unsplash_real,Real_Unsplash
C:\Users\angus\Desktop\tiktoktechjam2026\data\real_ext\unsplash\unsplash_003666.jpg,0,unsplash_real,Real_Unsplash
C:\Users\angus\Desktop\tiktoktechjam2026\data\real_ext\unsplash\unsplash_003667.jpg,0,unsplash_real,Real_Unsplash
C:\Users\angus\Desktop\tiktoktechjam2026\data\real_ext\unsplash\unsplash_003668.jpg,0,unsplash_real,Real_Unsplash
C:\Users\angus\Desktop\tiktoktechjam2026\data\real_ext\unsplash\unsplash_003669.jpg,0,unsplash_real,Real_Unsplash
C:\Users\angus\Desktop\tiktoktechjam2026\data\real_ext\unsplash\unsplash_003670.jpg,0,unsplash_real,Real_Unsplash
C:\Users\angus\Desktop\tiktoktechjam2026\data\real_ext\unsplash\unsplash_003671.jpg,0,unsplash_real,Real_Unsplash
C:\Users\angus\Desktop\tiktoktechjam2026\data\real_ext\unsplash\unsplash_003672.jpg,0,unsplash_real,Real_Unsplash
C:\Users\angus\Desktop\tiktoktechjam2026\data\real_ext\unsplash\unsplash_003673.jpg,0,unsplash_real,Real_Unsplash
C:\Users\angus\Desktop\tiktoktechjam2026\data\real_ext\unsplash\unsplash_003674.jpg,0,unsplash_real,Real_Unsplash
C:\Users\angus\Desktop\tiktoktechjam2026\data\real_ext\unsplash\unsplash_003675.jpg,0,unsplash_real,Real_Unsplash
C:\Users\angus\Desktop\tiktoktechjam2026\data\real_ext\unsplash\unsplash_003676.jpg,0,unsplash_real,Real_Unsplash
C:\Users\angus\Desktop\tiktoktechjam2026\data\real_ext\unsplash\unsplash_003677.jpg,0,unsplash_real,Real_Unsplash
C:\Users\angus\Desktop\tiktoktechjam2026\data\real_ext\unsplash\unsplash_003678.jpg,0,unsplash_real,Real_Unsplash
C:\Users\angus\Desktop\tiktoktechjam2026\data\real_ext\unsplash\unsplash_003679.jpg,0,unsplash_real,Real_Unsplash
C:\Users\angus\Desktop\tiktoktechjam2026\data\real_ext\unsplash\unsplash_003680.jpg,0,unsplash_real,Real_Unsplash
C:\Users\angus\Desktop\tiktoktechjam2026\data\real_ext\unsplash\unsplash_003681.jpg,0,unsplash_real,Real_Unsplash
C:\Users\angus\Desktop\tiktoktechjam2026\data\real_ext\unsplash\unsplash_003682.jpg,0,unsplash_real,Real_Unsplash
C:\Users\angus\Desktop\tiktoktechjam2026\data\real_ext\unsplash\unsplash_003683.jpg,0,unsplash_real,Real_Unsplash
C:\Users\angus\Desktop\tiktoktechjam2026\data\real_ext\unsplash\unsplash_003684.jpg,0,unsplash_real,Real_Unsplash
C:\Users\angus\Desktop\tiktoktechjam2026\data\real_ext\unsplash\unsplash_003685.jpg,0,unsplash_real,Real_Unsplash
C:\Users\angus\Desktop\tiktoktechjam2026\data\real_ext\unsplash\unsplash_003686.jpg,0,unsplash_real,Real_Unsplash
C:\Users\angus\Desktop\tiktoktechjam2026\data\real_ext\unsplash\unsplash_003687.jpg,0,unsplash_real,Real_Unsplash
C:\Users\angus\Desktop\tiktoktechjam2026\data\real_ext\unsplash\unsplash_003688.jpg,0,unsplash_real,Real_Unsplash
C:\Users\angus\Desktop\tiktoktechjam2026\data\real_ext\unsplash\unsplash_003689.jpg,0,unsplash_real,Real_Unsplash
C:\Users\angus\Desktop\tiktoktechjam2026\data\real_ext\unsplash\unsplash_003690.jpg,0,unsplash_real,Real_Unsplash
C:\Users\angus\Desktop\tiktoktechjam2026\data\real_ext\unsplash\unsplash_003691.jpg,0,unsplash_real,Real_Unsplash
C:\Users\angus\Desktop\tiktoktechjam2026\data\real_ext\unsplash\unsplash_003692.jpg,0,unsplash_real,Real_Unsplash
C:\Users\angus\Desktop\tiktoktechjam2026\data\real_ext\unsplash\unsplash_003693.jpg,0,unsplash_real,Real_Unsplash
C:\Users\angus\Desktop\tiktoktechjam2026\data\real_ext\unsplash\unsplash_003694.jpg,0,unsplash_real,Real_Unsplash
C:\Users\angus\Desktop\tiktoktechjam2026\data\real_ext\unsplash\unsplash_003695.jpg,0,unsplash_real,Real_Unsplash
C:\Users\angus\Desktop\tiktoktechjam2026\data\real_ext\unsplash\unsplash_003696.jpg,0,unsplash_real,Real_Unsplash
C:\Users\angus\Desktop\tiktoktechjam2026\data\real_ext\unsplash\unsplash_003697.jpg,0,unsplash_real,Real_Unsplash
C:\Users\angus\Desktop\tiktoktechjam2026\data\real_ext\unsplash\unsplash_003698.jpg,0,unsplash_real,Real_Unsplash
C:\Users\angus\Desktop\tiktoktechjam2026\data\real_ext\unsplash\unsplash_003699.jpg,0,unsplash_real,Real_Unsplash
C:\Users\angus\Desktop\tiktoktechjam2026\data\real_ext\unsplash\unsplash_003700.jpg,0,unsplash_real,Real_Unsplash
C:\Users\angus\Desktop\tiktoktechjam2026\data\real_ext\unsplash\unsplash_003701.jpg,0,unsplash_real,Real_Unsplash
C:\Users\angus\Desktop\tiktoktechjam2026\data\real_ext\unsplash\unsplash_003702.jpg,0,unsplash_real,Real_Unsplash
C:\Users\angus\Desktop\tiktoktechjam2026\data\real_ext\unsplash\unsplash_003703.jpg,0,unsplash_real,Real_Unsplash
C:\Users\angus\Desktop\tiktoktechjam2026\data\real_ext\unsplash\unsplash_003704.jpg,0,unsplash_real,Real_Unsplash
C:\Users\angus\Desktop\tiktoktechjam2026\data\real_ext\unsplash\unsplash_003705.jpg,0,unsplash_real,Real_Unsplash
C:\Users\angus\Desktop\tiktoktechjam2026\data\real_ext\unsplash\unsplash_003706.jpg,0,unsplash_real,Real_Unsplash
C:\Users\angus\Desktop\tiktoktechjam2026\data\real_ext\unsplash\unsplash_003707.jpg,0,unsplash_real,Real_Unsplash
C:\Users\angus\Desktop\tiktoktechjam2026\data\real_ext\unsplash\unsplash_003708.jpg,0,unsplash_real,Real_Unsplash
C:\Users\angus\Desktop\tiktoktechjam2026\data\real_ext\unsplash\unsplash_003709.jpg,0,unsplash_real,Real_Unsplash
C:\Users\angus\Desktop\tiktoktechjam2026\data\real_ext\unsplash\unsplash_003710.jpg,0,unsplash_real,Real_Unsplash
C:\Users\angus\Desktop\tiktoktechjam2026\data\real_ext\unsplash\unsplash_003711.jpg,0,unsplash_real,Real_Unsplash
C:\Users\angus\Desktop\tiktoktechjam2026\data\real_ext\unsplash\unsplash_003712.jpg,0,unsplash_real,Real_Unsplash
C:\Users\angus\Desktop\tiktoktechjam2026\data\real_ext\unsplash\unsplash_003713.jpg,0,unsplash_real,Real_Unsplash
C:\Users\angus\Desktop\tiktoktechjam2026\data\real_ext\unsplash\unsplash_003714.jpg,0,unsplash_real,Real_Unsplash
C:\Users\angus\Desktop\tiktoktechjam2026\data\real_ext\unsplash\unsplash_003715.jpg,0,unsplash_real,Real_Unsplash
C:\Users\angus\Desktop\tiktoktechjam2026\data\real_ext\unsplash\unsplash_003716.jpg,0,unsplash_real,Real_Unsplash
C:\Users\angus\Desktop\tiktoktechjam2026\data\real_ext\unsplash\unsplash_003717.jpg,0,unsplash_real,Real_Unsplash
C:\Users\angus\Desktop\tiktoktechjam2026\data\real_ext\unsplash\unsplash_003718.jpg,0,unsplash_real,Real_Unsplash
C:\Users\angus\Desktop\tiktoktechjam2026\data\real_ext\unsplash\unsplash_003719.jpg,0,unsplash_real,Real_Unsplash
C:\Users\angus\Desktop\tiktoktechjam2026\data\real_ext\unsplash\unsplash_003720.jpg,0,unsplash_real,Real_Unsplash
C:\Users\angus\Desktop\tiktoktechjam2026\data\real_ext\unsplash\unsplash_003721.jpg,0,unsplash_real,Real_Unsplash
C:\Users\angus\Desktop\tiktoktechjam2026\data\real_ext\unsplash\unsplash_003722.jpg,0,unsplash_real,Real_Unsplash
C:\Users\angus\Desktop\tiktoktechjam2026\data\real_ext\unsplash\unsplash_003723.jpg,0,unsplash_real,Real_Unsplash
C:\Users\angus\Desktop\tiktoktechjam2026\data\real_ext\unsplash\unsplash_003724.jpg,0,unsplash_real,Real_Unsplash
C:\Users\angus\Desktop\tiktoktechjam2026\data\real_ext\unsplash\unsplash_003725.jpg,0,unsplash_real,Real_Unsplash
C:\Users\angus\Desktop\tiktoktechjam2026\data\real_ext\unsplash\unsplash_003726.jpg,0,unsplash_real,Real_Unsplash
C:\Users\angus\Desktop\tiktoktechjam2026\data\real_ext\unsplash\unsplash_003727.jpg,0,unsplash_real,Real_Unsplash
C:\Users\angus\Desktop\tiktoktechjam2026\data\real_ext\unsplash\unsplash_003728.jpg,0,unsplash_real,Real_Unsplash
C:\Users\angus\Desktop\tiktoktechjam2026\data\real_ext\unsplash\unsplash_003729.jpg,0,unsplash_real,Real_Unsplash
C:\Users\angus\Desktop\tiktoktechjam2026\data\real_ext\unsplash\unsplash_003730.jpg,0,unsplash_real,Real_Unsplash
C:\Users\angus\Desktop\tiktoktechjam2026\data\real_ext\unsplash\unsplash_003731.jpg,0,unsplash_real,Real_Unsplash
C:\Users\angus\Desktop\tiktoktechjam2026\data\real_ext\unsplash\unsplash_003732.jpg,0,unsplash_real,Real_Unsplash
C:\Users\angus\Desktop\tiktoktechjam2026\data\real_ext\unsplash\unsplash_003733.jpg,0,unsplash_real,Real_Unsplash
C:\Users\angus\Desktop\tiktoktechjam2026\data\real_ext\unsplash\unsplash_003734.jpg,0,unsplash_real,Real_Unsplash
C:\Users\angus\Desktop\tiktoktechjam2026\data\real_ext\unsplash\unsplash_003735.jpg,0,unsplash_real,Real_Unsplash
C:\Users\angus\Desktop\tiktoktechjam2026\data\real_ext\unsplash\unsplash_003736.jpg,0,unsplash_real,Real_Unsplash
C:\Users\angus\Desktop\tiktoktechjam2026\data\real_ext\unsplash\unsplash_003737.jpg,0,unsplash_real,Real_Unsplash
C:\Users\angus\Desktop\tiktoktechjam2026\data\real_ext\unsplash\unsplash_003738.jpg,0,unsplash_real,Real_Unsplash
C:\Users\angus\Desktop\tiktoktechjam2026\data\real_ext\unsplash\unsplash_003739.jpg,0,unsplash_real,Real_Unsplash
C:\Users\angus\Desktop\tiktoktechjam2026\data\real_ext\unsplash\unsplash_003740.jpg,0,unsplash_real,Real_Unsplash
C:\Users\angus\Desktop\tiktoktechjam2026\data\real_ext\unsplash\unsplash_003741.jpg,0,unsplash_real,Real_Unsplash
C:\Users\angus\Desktop\tiktoktechjam2026\data\real_ext\unsplash\unsplash_003742.jpg,0,unsplash_real,Real_Unsplash
C:\Users\angus\Desktop\tiktoktechjam2026\data\real_ext\unsplash\unsplash_003743.jpg,0,unsplash_real,Real_Unsplash
C:\Users\angus\Desktop\tiktoktechjam2026\data\real_ext\unsplash\unsplash_003744.jpg,0,unsplash_real,Real_Unsplash
C:\Users\angus\Desktop\tiktoktechjam2026\data\real_ext\unsplash\unsplash_003745.jpg,0,unsplash_real,Real_Unsplash
C:\Users\angus\Desktop\tiktoktechjam2026\data\real_ext\unsplash\unsplash_003746.jpg,0,unsplash_real,Real_Unsplash
C:\Users\angus\Desktop\tiktoktechjam2026\data\real_ext\unsplash\unsplash_003747.jpg,0,unsplash_real,Real_Unsplash
C:\Users\angus\Desktop\tiktoktechjam2026\data\real_ext\unsplash\unsplash_003748.jpg,0,unsplash_real,Real_Unsplash
C:\Users\angus\Desktop\tiktoktechjam2026\data\real_ext\unsplash\unsplash_003749.jpg,0,unsplash_real,Real_Unsplash
C:\Users\angus\Desktop\tiktoktechjam2026\data\real_ext\unsplash\unsplash_003750.jpg,0,unsplash_real,Real_Unsplash
C:\Users\angus\Desktop\tiktoktechjam2026\data\real_ext\unsplash\unsplash_003751.jpg,0,unsplash_real,Real_Unsplash
C:\Users\angus\Desktop\tiktoktechjam2026\data\real_ext\unsplash\unsplash_003752.jpg,0,unsplash_real,Real_Unsplash
C:\Users\angus\Desktop\tiktoktechjam2026\data\real_ext\unsplash\unsplash_003753.jpg,0,unsplash_real,Real_Unsplash
C:\Users\angus\Desktop\tiktoktechjam2026\data\real_ext\unsplash\unsplash_003754.jpg,0,unsplash_real,Real_Unsplash
C:\Users\angus\Desktop\tiktoktechjam2026\data\real_ext\unsplash\unsplash_003755.jpg,0,unsplash_real,Real_Unsplash
C:\Users\angus\Desktop\tiktoktechjam2026\data\real_ext\unsplash\unsplash_003756.jpg,0,unsplash_real,Real_Unsplash
C:\Users\angus\Desktop\tiktoktechjam2026\data\real_ext\unsplash\unsplash_003757.jpg,0,unsplash_real,Real_Unsplash
C:\Users\angus\Desktop\tiktoktechjam2026\data\real_ext\unsplash\unsplash_003758.jpg,0,unsplash_real,Real_Unsplash
C:\Users\angus\Desktop\tiktoktechjam2026\data\real_ext\unsplash\unsplash_003759.jpg,0,unsplash_real,Real_Unsplash
C:\Users\angus\Desktop\tiktoktechjam2026\data\real_ext\unsplash\unsplash_003760.jpg,0,unsplash_real,Real_Unsplash
C:\Users\angus\Desktop\tiktoktechjam2026\data\real_ext\unsplash\unsplash_003761.jpg,0,unsplash_real,Real_Unsplash
C:\Users\angus\Desktop\tiktoktechjam2026\data\real_ext\unsplash\unsplash_003762.jpg,0,unsplash_real,Real_Unsplash
C:\Users\angus\Desktop\tiktoktechjam2026\data\real_ext\unsplash\unsplash_003763.jpg,0,unsplash_real,Real_Unsplash
C:\Users\angus\Desktop\tiktoktechjam2026\data\real_ext\unsplash\unsplash_003764.jpg,0,unsplash_real,Real_Unsplash
C:\Users\angus\Desktop\tiktoktechjam2026\data\real_ext\unsplash\unsplash_003765.jpg,0,unsplash_real,Real_Unsplash
C:\Users\angus\Desktop\tiktoktechjam2026\data\real_ext\unsplash\unsplash_003766.jpg,0,unsplash_real,Real_Unsplash
C:\Users\angus\Desktop\tiktoktechjam2026\data\real_ext\unsplash\unsplash_003767.jpg,0,unsplash_real,Real_Unsplash
C:\Users\angus\Desktop\tiktoktechjam2026\data\real_ext\unsplash\unsplash_003768.jpg,0,unsplash_real,Real_Unsplash
C:\Users\angus\Desktop\tiktoktechjam2026\data\real_ext\unsplash\unsplash_003769.jpg,0,unsplash_real,Real_Unsplash
C:\Users\angus\Desktop\tiktoktechjam2026\data\real_ext\unsplash\unsplash_003770.jpg,0,unsplash_real,Real_Unsplash
C:\Users\angus\Desktop\tiktoktechjam2026\data\real_ext\unsplash\unsplash_003771.jpg,0,unsplash_real,Real_Unsplash
C:\Users\angus\Desktop\tiktoktechjam2026\data\real_ext\unsplash\unsplash_003772.jpg,0,unsplash_real,Real_Unsplash
C:\Users\angus\Desktop\tiktoktechjam2026\data\real_ext\unsplash\unsplash_003773.jpg,0,unsplash_real,Real_Unsplash
C:\Users\angus\Desktop\tiktoktechjam2026\data\real_ext\unsplash\unsplash_003774.jpg,0,unsplash_real,Real_Unsplash
C:\Users\angus\Desktop\tiktoktechjam2026\data\real_ext\unsplash\unsplash_003775.jpg,0,unsplash_real,Real_Unsplash
C:\Users\angus\Desktop\tiktoktechjam2026\data\real_ext\unsplash\unsplash_003776.jpg,0,unsplash_real,Real_Unsplash
C:\Users\angus\Desktop\tiktoktechjam2026\data\real_ext\unsplash\unsplash_003777.jpg,0,unsplash_real,Real_Unsplash
C:\Users\angus\Desktop\tiktoktechjam2026\data\real_ext\unsplash\unsplash_003778.jpg,0,unsplash_real,Real_Unsplash
C:\Users\angus\Desktop\tiktoktechjam2026\data\real_ext\unsplash\unsplash_003779.jpg,0,unsplash_real,Real_Unsplash
C:\Users\angus\Desktop\tiktoktechjam2026\data\real_ext\unsplash\unsplash_003780.jpg,0,unsplash_real,Real_Unsplash
C:\Users\angus\Desktop\tiktoktechjam2026\data\real_ext\unsplash\unsplash_003781.jpg,0,unsplash_real,Real_Unsplash
C:\Users\angus\Desktop\tiktoktechjam2026\data\real_ext\unsplash\unsplash_003782.jpg,0,unsplash_real,Real_Unsplash
C:\Users\angus\Desktop\tiktoktechjam2026\data\real_ext\unsplash\unsplash_003783.jpg,0,unsplash_real,Real_Unsplash
C:\Users\angus\Desktop\tiktoktechjam2026\data\real_ext\unsplash\unsplash_003784.jpg,0,unsplash_real,Real_Unsplash
C:\Users\angus\Desktop\tiktoktechjam2026\data\real_ext\unsplash\unsplash_003785.jpg,0,unsplash_real,Real_Unsplash
C:\Users\angus\Desktop\tiktoktechjam2026\data\real_ext\unsplash\unsplash_003786.jpg,0,unsplash_real,Real_Unsplash
C:\Users\angus\Desktop\tiktoktechjam2026\data\real_ext\unsplash\unsplash_003787.jpg,0,unsplash_real,Real_Unsplash
C:\Users\angus\Desktop\tiktoktechjam2026\data\real_ext\unsplash\unsplash_003788.jpg,0,unsplash_real,Real_Unsplash
C:\Users\angus\Desktop\tiktoktechjam2026\data\real_ext\unsplash\unsplash_003789.jpg,0,unsplash_real,Real_Unsplash
C:\Users\angus\Desktop\tiktoktechjam2026\data\real_ext\unsplash\unsplash_003790.jpg,0,unsplash_real,Real_Unsplash
C:\Users\angus\Desktop\tiktoktechjam2026\data\real_ext\unsplash\unsplash_003791.jpg,0,unsplash_real,Real_Unsplash
C:\Users\angus\Desktop\tiktoktechjam2026\data\real_ext\unsplash\unsplash_003792.jpg,0,unsplash_real,Real_Unsplash
C:\Users\angus\Desktop\tiktoktechjam2026\data\real_ext\unsplash\unsplash_003793.jpg,0,unsplash_real,Real_Unsplash
C:\Users\angus\Desktop\tiktoktechjam2026\data\real_ext\unsplash\unsplash_003794.jpg,0,unsplash_real,Real_Unsplash
C:\Users\angus\Desktop\tiktoktechjam2026\data\real_ext\unsplash\unsplash_003795.jpg,0,unsplash_real,Real_Unsplash
C:\Users\angus\Desktop\tiktoktechjam2026\data\real_ext\unsplash\unsplash_003796.jpg,0,unsplash_real,Real_Unsplash
C:\Users\angus\Desktop\tiktoktechjam2026\data\real_ext\unsplash\unsplash_003797.jpg,0,unsplash_real,Real_Unsplash
C:\Users\angus\Desktop\tiktoktechjam2026\data\real_ext\unsplash\unsplash_003798.jpg,0,unsplash_real,Real_Unsplash
C:\Users\angus\Desktop\tiktoktechjam2026\data\real_ext\unsplash\unsplash_003799.jpg,0,unsplash_real,Real_Unsplash
C:\Users\angus\Desktop\tiktoktechjam2026\data\real_ext\unsplash\unsplash_003800.jpg,0,unsplash_real,Real_Unsplash
C:\Users\angus\Desktop\tiktoktechjam2026\data\real_ext\unsplash\unsplash_003801.jpg,0,unsplash_real,Real_Unsplash
C:\Users\angus\Desktop\tiktoktechjam2026\data\real_ext\unsplash\unsplash_003802.jpg,0,unsplash_real,Real_Unsplash
C:\Users\angus\Desktop\tiktoktechjam2026\data\real_ext\unsplash\unsplash_003803.jpg,0,unsplash_real,Real_Unsplash
C:\Users\angus\Desktop\tiktoktechjam2026\data\real_ext\unsplash\unsplash_003804.jpg,0,unsplash_real,Real_Unsplash
C:\Users\angus\Desktop\tiktoktechjam2026\data\real_ext\unsplash\unsplash_003805.jpg,0,unsplash_real,Real_Unsplash
C:\Users\angus\Desktop\tiktoktechjam2026\data\real_ext\unsplash\unsplash_003806.jpg,0,unsplash_real,Real_Unsplash
C:\Users\angus\Desktop\tiktoktechjam2026\data\real_ext\unsplash\unsplash_003807.jpg,0,unsplash_real,Real_Unsplash
C:\Users\angus\Desktop\tiktoktechjam2026\data\real_ext\unsplash\unsplash_003808.jpg,0,unsplash_real,Real_Unsplash
C:\Users\angus\Desktop\tiktoktechjam2026\data\real_ext\unsplash\unsplash_003809.jpg,0,unsplash_real,Real_Unsplash
C:\Users\angus\Desktop\tiktoktechjam2026\data\real_ext\unsplash\unsplash_003810.jpg,0,unsplash_real,Real_Unsplash
C:\Users\angus\Desktop\tiktoktechjam2026\data\real_ext\unsplash\unsplash_003811.jpg,0,unsplash_real,Real_Unsplash
C:\Users\angus\Desktop\tiktoktechjam2026\data\real_ext\unsplash\unsplash_003812.jpg,0,unsplash_real,Real_Unsplash
C:\Users\angus\Desktop\tiktoktechjam2026\data\real_ext\unsplash\unsplash_003813.jpg,0,unsplash_real,Real_Unsplash
C:\Users\angus\Desktop\tiktoktechjam2026\data\real_ext\unsplash\unsplash_003814.jpg,0,unsplash_real,Real_Unsplash
C:\Users\angus\Desktop\tiktoktechjam2026\data\real_ext\unsplash\unsplash_003815.jpg,0,unsplash_real,Real_Unsplash
C:\Users\angus\Desktop\tiktoktechjam2026\data\real_ext\unsplash\unsplash_003816.jpg,0,unsplash_real,Real_Unsplash
C:\Users\angus\Desktop\tiktoktechjam2026\data\real_ext\unsplash\unsplash_003817.jpg,0,unsplash_real,Real_Unsplash
C:\Users\angus\Desktop\tiktoktechjam2026\data\real_ext\unsplash\unsplash_003818.jpg,0,unsplash_real,Real_Unsplash
C:\Users\angus\Desktop\tiktoktechjam2026\data\real_ext\unsplash\unsplash_003819.jpg,0,unsplash_real,Real_Unsplash
C:\Users\angus\Desktop\tiktoktechjam2026\data\real_ext\unsplash\unsplash_003820.jpg,0,unsplash_real,Real_Unsplash
C:\Users\angus\Desktop\tiktoktechjam2026\data\real_ext\unsplash\unsplash_003821.jpg,0,unsplash_real,Real_Unsplash
C:\Users\angus\Desktop\tiktoktechjam2026\data\real_ext\unsplash\unsplash_003822.jpg,0,unsplash_real,Real_Unsplash
C:\Users\angus\Desktop\tiktoktechjam2026\data\real_ext\unsplash\unsplash_003823.jpg,0,unsplash_real,Real_Unsplash
C:\Users\angus\Desktop\tiktoktechjam2026\data\real_ext\unsplash\unsplash_003824.jpg,0,unsplash_real,Real_Unsplash
C:\Users\angus\Desktop\tiktoktechjam2026\data\real_ext\unsplash\unsplash_003825.jpg,0,unsplash_real,Real_Unsplash
C:\Users\angus\Desktop\tiktoktechjam2026\data\real_ext\unsplash\unsplash_003826.jpg,0,unsplash_real,Real_Unsplash
C:\Users\angus\Desktop\tiktoktechjam2026\data\real_ext\unsplash\unsplash_003827.jpg,0,unsplash_real,Real_Unsplash
C:\Users\angus\Desktop\tiktoktechjam2026\data\real_ext\unsplash\unsplash_003828.jpg,0,unsplash_real,Real_Unsplash
C:\Users\angus\Desktop\tiktoktechjam2026\data\real_ext\unsplash\unsplash_003829.jpg,0,unsplash_real,Real_Unsplash
C:\Users\angus\Desktop\tiktoktechjam2026\data\real_ext\unsplash\unsplash_003830.jpg,0,unsplash_real,Real_Unsplash
C:\Users\angus\Desktop\tiktoktechjam2026\data\real_ext\unsplash\unsplash_003831.jpg,0,unsplash_real,Real_Unsplash
C:\Users\angus\Desktop\tiktoktechjam2026\data\real_ext\unsplash\unsplash_003832.jpg,0,unsplash_real,Real_Unsplash
C:\Users\angus\Desktop\tiktoktechjam2026\data\real_ext\unsplash\unsplash_003833.jpg,0,unsplash_real,Real_Unsplash
C:\Users\angus\Desktop\tiktoktechjam2026\data\real_ext\unsplash\unsplash_003834.jpg,0,unsplash_real,Real_Unsplash
C:\Users\angus\Desktop\tiktoktechjam2026\data\real_ext\unsplash\unsplash_003835.jpg,0,unsplash_real,Real_Unsplash
C:\Users\angus\Desktop\tiktoktechjam2026\data\real_ext\unsplash\unsplash_003836.jpg,0,unsplash_real,Real_Unsplash
C:\Users\angus\Desktop\tiktoktechjam2026\data\real_ext\unsplash\unsplash_003837.jpg,0,unsplash_real,Real_Unsplash
C:\Users\angus\Desktop\tiktoktechjam2026\data\real_ext\unsplash\unsplash_003838.jpg,0,unsplash_real,Real_Unsplash
C:\Users\angus\Desktop\tiktoktechjam2026\data\real_ext\unsplash\unsplash_003839.jpg,0,unsplash_real,Real_Unsplash
C:\Users\angus\Desktop\tiktoktechjam2026\data\real_ext\unsplash\unsplash_003840.jpg,0,unsplash_real,Real_Unsplash
C:\Users\angus\Desktop\tiktoktechjam2026\data\real_ext\unsplash\unsplash_003841.jpg,0,unsplash_real,Real_Unsplash
C:\Users\angus\Desktop\tiktoktechjam2026\data\real_ext\unsplash\unsplash_003842.jpg,0,unsplash_real,Real_Unsplash
C:\Users\angus\Desktop\tiktoktechjam2026\data\real_ext\unsplash\unsplash_003843.jpg,0,unsplash_real,Real_Unsplash
C:\Users\angus\Desktop\tiktoktechjam2026\data\real_ext\unsplash\unsplash_003844.jpg,0,unsplash_real,Real_Unsplash
C:\Users\angus\Desktop\tiktoktechjam2026\data\real_ext\unsplash\unsplash_003845.jpg,0,unsplash_real,Real_Unsplash
C:\Users\angus\Desktop\tiktoktechjam2026\data\real_ext\unsplash\unsplash_003846.jpg,0,unsplash_real,Real_Unsplash
C:\Users\angus\Desktop\tiktoktechjam2026\data\real_ext\unsplash\unsplash_003847.jpg,0,unsplash_real,Real_Unsplash
C:\Users\angus\Desktop\tiktoktechjam2026\data\real_ext\unsplash\unsplash_003848.jpg,0,unsplash_real,Real_Unsplash
C:\Users\angus\Desktop\tiktoktechjam2026\data\real_ext\unsplash\unsplash_003849.jpg,0,unsplash_real,Real_Unsplash
C:\Users\angus\Desktop\tiktoktechjam2026\data\real_ext\unsplash\unsplash_003850.jpg,0,unsplash_real,Real_Unsplash
C:\Users\angus\Desktop\tiktoktechjam2026\data\real_ext\unsplash\unsplash_003851.jpg,0,unsplash_real,Real_Unsplash
C:\Users\angus\Desktop\tiktoktechjam2026\data\real_ext\unsplash\unsplash_003852.jpg,0,unsplash_real,Real_Unsplash
C:\Users\angus\Desktop\tiktoktechjam2026\data\real_ext\unsplash\unsplash_003853.jpg,0,unsplash_real,Real_Unsplash
C:\Users\angus\Desktop\tiktoktechjam2026\data\real_ext\unsplash\unsplash_003854.jpg,0,unsplash_real,Real_Unsplash
C:\Users\angus\Desktop\tiktoktechjam2026\data\real_ext\unsplash\unsplash_003855.jpg,0,unsplash_real,Real_Unsplash
C:\Users\angus\Desktop\tiktoktechjam2026\data\real_ext\unsplash\unsplash_003856.jpg,0,unsplash_real,Real_Unsplash
C:\Users\angus\Desktop\tiktoktechjam2026\data\real_ext\unsplash\unsplash_003857.jpg,0,unsplash_real,Real_Unsplash
C:\Users\angus\Desktop\tiktoktechjam2026\data\real_ext\unsplash\unsplash_003858.jpg,0,unsplash_real,Real_Unsplash
C:\Users\angus\Desktop\tiktoktechjam2026\data\real_ext\unsplash\unsplash_003859.jpg,0,unsplash_real,Real_Unsplash
C:\Users\angus\Desktop\tiktoktechjam2026\data\real_ext\unsplash\unsplash_003860.jpg,0,unsplash_real,Real_Unsplash
C:\Users\angus\Desktop\tiktoktechjam2026\data\real_ext\unsplash\unsplash_003861.jpg,0,unsplash_real,Real_Unsplash
C:\Users\angus\Desktop\tiktoktechjam2026\data\real_ext\unsplash\unsplash_003862.jpg,0,unsplash_real,Real_Unsplash
C:\Users\angus\Desktop\tiktoktechjam2026\data\real_ext\unsplash\unsplash_003863.jpg,0,unsplash_real,Real_Unsplash
C:\Users\angus\Desktop\tiktoktechjam2026\data\real_ext\unsplash\unsplash_003864.jpg,0,unsplash_real,Real_Unsplash
C:\Users\angus\Desktop\tiktoktechjam2026\data\real_ext\unsplash\unsplash_003865.jpg,0,unsplash_real,Real_Unsplash
C:\Users\angus\Desktop\tiktoktechjam2026\data\real_ext\unsplash\unsplash_003866.jpg,0,unsplash_real,Real_Unsplash
C:\Users\angus\Desktop\tiktoktechjam2026\data\real_ext\unsplash\unsplash_003867.jpg,0,unsplash_real,Real_Unsplash
C:\Users\angus\Desktop\tiktoktechjam2026\data\real_ext\unsplash\unsplash_003868.jpg,0,unsplash_real,Real_Unsplash
C:\Users\angus\Desktop\tiktoktechjam2026\data\real_ext\unsplash\unsplash_003869.jpg,0,unsplash_real,Real_Unsplash
C:\Users\angus\Desktop\tiktoktechjam2026\data\real_ext\unsplash\unsplash_003870.jpg,0,unsplash_real,Real_Unsplash
C:\Users\angus\Desktop\tiktoktechjam2026\data\real_ext\unsplash\unsplash_003871.jpg,0,unsplash_real,Real_Unsplash
C:\Users\angus\Desktop\tiktoktechjam2026\data\real_ext\unsplash\unsplash_003872.jpg,0,unsplash_real,Real_Unsplash
C:\Users\angus\Desktop\tiktoktechjam2026\data\real_ext\unsplash\unsplash_003873.jpg,0,unsplash_real,Real_Unsplash
C:\Users\angus\Desktop\tiktoktechjam2026\data\real_ext\unsplash\unsplash_003874.jpg,0,unsplash_real,Real_Unsplash
C:\Users\angus\Desktop\tiktoktechjam2026\data\real_ext\unsplash\unsplash_003875.jpg,0,unsplash_real,Real_Unsplash
C:\Users\angus\Desktop\tiktoktechjam2026\data\real_ext\unsplash\unsplash_003876.jpg,0,unsplash_real,Real_Unsplash
C:\Users\angus\Desktop\tiktoktechjam2026\data\real_ext\unsplash\unsplash_003877.jpg,0,unsplash_real,Real_Unsplash
C:\Users\angus\Desktop\tiktoktechjam2026\data\real_ext\unsplash\unsplash_003878.jpg,0,unsplash_real,Real_Unsplash
C:\Users\angus\Desktop\tiktoktechjam2026\data\real_ext\unsplash\unsplash_003879.jpg,0,unsplash_real,Real_Unsplash
C:\Users\angus\Desktop\tiktoktechjam2026\data\real_ext\unsplash\unsplash_003880.jpg,0,unsplash_real,Real_Unsplash
C:\Users\angus\Desktop\tiktoktechjam2026\data\real_ext\unsplash\unsplash_003881.jpg,0,unsplash_real,Real_Unsplash
C:\Users\angus\Desktop\tiktoktechjam2026\data\real_ext\unsplash\unsplash_003882.jpg,0,unsplash_real,Real_Unsplash
C:\Users\angus\Desktop\tiktoktechjam2026\data\real_ext\unsplash\unsplash_003883.jpg,0,unsplash_real,Real_Unsplash
C:\Users\angus\Desktop\tiktoktechjam2026\data\real_ext\unsplash\unsplash_003884.jpg,0,unsplash_real,Real_Unsplash
C:\Users\angus\Desktop\tiktoktechjam2026\data\real_ext\unsplash\unsplash_003885.jpg,0,unsplash_real,Real_Unsplash
C:\Users\angus\Desktop\tiktoktechjam2026\data\real_ext\unsplash\unsplash_003886.jpg,0,unsplash_real,Real_Unsplash
C:\Users\angus\Desktop\tiktoktechjam2026\data\real_ext\unsplash\unsplash_003887.jpg,0,unsplash_real,Real_Unsplash
C:\Users\angus\Desktop\tiktoktechjam2026\data\real_ext\unsplash\unsplash_003888.jpg,0,unsplash_real,Real_Unsplash
C:\Users\angus\Desktop\tiktoktechjam2026\data\real_ext\unsplash\unsplash_003889.jpg,0,unsplash_real,Real_Unsplash
C:\Users\angus\Desktop\tiktoktechjam2026\data\real_ext\unsplash\unsplash_003890.jpg,0,unsplash_real,Real_Unsplash
C:\Users\angus\Desktop\tiktoktechjam2026\data\real_ext\unsplash\unsplash_003891.jpg,0,unsplash_real,Real_Unsplash
C:\Users\angus\Desktop\tiktoktechjam2026\data\real_ext\unsplash\unsplash_003892.jpg,0,unsplash_real,Real_Unsplash
C:\Users\angus\Desktop\tiktoktechjam2026\data\real_ext\unsplash\unsplash_003893.jpg,0,unsplash_real,Real_Unsplash
C:\Users\angus\Desktop\tiktoktechjam2026\data\real_ext\unsplash\unsplash_003894.jpg,0,unsplash_real,Real_Unsplash
C:\Users\angus\Desktop\tiktoktechjam2026\data\real_ext\unsplash\unsplash_003895.jpg,0,unsplash_real,Real_Unsplash
C:\Users\angus\Desktop\tiktoktechjam2026\data\real_ext\unsplash\unsplash_003896.jpg,0,unsplash_real,Real_Unsplash
C:\Users\angus\Desktop\tiktoktechjam2026\data\real_ext\unsplash\unsplash_003897.jpg,0,unsplash_real,Real_Unsplash
C:\Users\angus\Desktop\tiktoktechjam2026\data\real_ext\unsplash\unsplash_003898.jpg,0,unsplash_real,Real_Unsplash
C:\Users\angus\Desktop\tiktoktechjam2026\data\real_ext\unsplash\unsplash_003899.jpg,0,unsplash_real,Real_Unsplash
C:\Users\angus\Desktop\tiktoktechjam2026\data\real_ext\unsplash\unsplash_003900.jpg,0,unsplash_real,Real_Unsplash
C:\Users\angus\Desktop\tiktoktechjam2026\data\real_ext\unsplash\unsplash_003901.jpg,0,unsplash_real,Real_Unsplash
C:\Users\angus\Desktop\tiktoktechjam2026\data\real_ext\unsplash\unsplash_003902.jpg,0,unsplash_real,Real_Unsplash
C:\Users\angus\Desktop\tiktoktechjam2026\data\real_ext\unsplash\unsplash_003903.jpg,0,unsplash_real,Real_Unsplash
C:\Users\angus\Desktop\tiktoktechjam2026\data\real_ext\unsplash\unsplash_003904.jpg,0,unsplash_real,Real_Unsplash
C:\Users\angus\Desktop\tiktoktechjam2026\data\real_ext\unsplash\unsplash_003905.jpg,0,unsplash_real,Real_Unsplash
C:\Users\angus\Desktop\tiktoktechjam2026\data\real_ext\unsplash\unsplash_003906.jpg,0,unsplash_real,Real_Unsplash
C:\Users\angus\Desktop\tiktoktechjam2026\data\real_ext\unsplash\unsplash_003907.jpg,0,unsplash_real,Real_Unsplash
C:\Users\angus\Desktop\tiktoktechjam2026\data\real_ext\unsplash\unsplash_003908.jpg,0,unsplash_real,Real_Unsplash
C:\Users\angus\Desktop\tiktoktechjam2026\data\real_ext\unsplash\unsplash_003909.jpg,0,unsplash_real,Real_Unsplash
C:\Users\angus\Desktop\tiktoktechjam2026\data\real_ext\unsplash\unsplash_003910.jpg,0,unsplash_real,Real_Unsplash
C:\Users\angus\Desktop\tiktoktechjam2026\data\real_ext\unsplash\unsplash_003911.jpg,0,unsplash_real,Real_Unsplash
C:\Users\angus\Desktop\tiktoktechjam2026\data\real_ext\unsplash\unsplash_003912.jpg,0,unsplash_real,Real_Unsplash
C:\Users\angus\Desktop\tiktoktechjam2026\data\real_ext\unsplash\unsplash_003913.jpg,0,unsplash_real,Real_Unsplash
C:\Users\angus\Desktop\tiktoktechjam2026\data\real_ext\unsplash\unsplash_003914.jpg,0,unsplash_real,Real_Unsplash
C:\Users\angus\Desktop\tiktoktechjam2026\data\real_ext\unsplash\unsplash_003915.jpg,0,unsplash_real,Real_Unsplash
C:\Users\angus\Desktop\tiktoktechjam2026\data\real_ext\unsplash\unsplash_003916.jpg,0,unsplash_real,Real_Unsplash
C:\Users\angus\Desktop\tiktoktechjam2026\data\real_ext\unsplash\unsplash_003917.jpg,0,unsplash_real,Real_Unsplash
C:\Users\angus\Desktop\tiktoktechjam2026\data\real_ext\unsplash\unsplash_003918.jpg,0,unsplash_real,Real_Unsplash
C:\Users\angus\Desktop\tiktoktechjam2026\data\real_ext\unsplash\unsplash_003919.jpg,0,unsplash_real,Real_Unsplash
C:\Users\angus\Desktop\tiktoktechjam2026\data\real_ext\unsplash\unsplash_003920.jpg,0,unsplash_real,Real_Unsplash
C:\Users\angus\Desktop\tiktoktechjam2026\data\real_ext\unsplash\unsplash_003921.jpg,0,unsplash_real,Real_Unsplash
C:\Users\angus\Desktop\tiktoktechjam2026\data\real_ext\unsplash\unsplash_003922.jpg,0,unsplash_real,Real_Unsplash
C:\Users\angus\Desktop\tiktoktechjam2026\data\real_ext\unsplash\unsplash_003923.jpg,0,unsplash_real,Real_Unsplash
C:\Users\angus\Desktop\tiktoktechjam2026\data\real_ext\unsplash\unsplash_003924.jpg,0,unsplash_real,Real_Unsplash
C:\Users\angus\Desktop\tiktoktechjam2026\data\real_ext\unsplash\unsplash_003925.jpg,0,unsplash_real,Real_Unsplash
C:\Users\angus\Desktop\tiktoktechjam2026\data\real_ext\unsplash\unsplash_003926.jpg,0,unsplash_real,Real_Unsplash
C:\Users\angus\Desktop\tiktoktechjam2026\data\real_ext\unsplash\unsplash_003927.jpg,0,unsplash_real,Real_Unsplash
C:\Users\angus\Desktop\tiktoktechjam2026\data\real_ext\unsplash\unsplash_003928.jpg,0,unsplash_real,Real_Unsplash
C:\Users\angus\Desktop\tiktoktechjam2026\data\real_ext\unsplash\unsplash_003929.jpg,0,unsplash_real,Real_Unsplash
C:\Users\angus\Desktop\tiktoktechjam2026\data\real_ext\unsplash\unsplash_003930.jpg,0,unsplash_real,Real_Unsplash
C:\Users\angus\Desktop\tiktoktechjam2026\data\real_ext\unsplash\unsplash_003931.jpg,0,unsplash_real,Real_Unsplash
C:\Users\angus\Desktop\tiktoktechjam2026\data\real_ext\unsplash\unsplash_003932.jpg,0,unsplash_real,Real_Unsplash
C:\Users\angus\Desktop\tiktoktechjam2026\data\real_ext\unsplash\unsplash_003933.jpg,0,unsplash_real,Real_Unsplash
C:\Users\angus\Desktop\tiktoktechjam2026\data\real_ext\unsplash\unsplash_003934.jpg,0,unsplash_real,Real_Unsplash
C:\Users\angus\Desktop\tiktoktechjam2026\data\real_ext\unsplash\unsplash_003935.jpg,0,unsplash_real,Real_Unsplash
C:\Users\angus\Desktop\tiktoktechjam2026\data\real_ext\unsplash\unsplash_003936.jpg,0,unsplash_real,Real_Unsplash
C:\Users\angus\Desktop\tiktoktechjam2026\data\real_ext\unsplash\unsplash_003937.jpg,0,unsplash_real,Real_Unsplash
C:\Users\angus\Desktop\tiktoktechjam2026\data\real_ext\unsplash\unsplash_003938.jpg,0,unsplash_real,Real_Unsplash
C:\Users\angus\Desktop\tiktoktechjam2026\data\real_ext\unsplash\unsplash_003939.jpg,0,unsplash_real,Real_Unsplash
C:\Users\angus\Desktop\tiktoktechjam2026\data\real_ext\unsplash\unsplash_003940.jpg,0,unsplash_real,Real_Unsplash
C:\Users\angus\Desktop\tiktoktechjam2026\data\real_ext\unsplash\unsplash_003941.jpg,0,unsplash_real,Real_Unsplash
C:\Users\angus\Desktop\tiktoktechjam2026\data\real_ext\unsplash\unsplash_003942.jpg,0,unsplash_real,Real_Unsplash
C:\Users\angus\Desktop\tiktoktechjam2026\data\real_ext\unsplash\unsplash_003943.jpg,0,unsplash_real,Real_Unsplash
C:\Users\angus\Desktop\tiktoktechjam2026\data\real_ext\unsplash\unsplash_003944.jpg,0,unsplash_real,Real_Unsplash
C:\Users\angus\Desktop\tiktoktechjam2026\data\real_ext\unsplash\unsplash_003945.jpg,0,unsplash_real,Real_Unsplash
C:\Users\angus\Desktop\tiktoktechjam2026\data\real_ext\unsplash\unsplash_003946.jpg,0,unsplash_real,Real_Unsplash
C:\Users\angus\Desktop\tiktoktechjam2026\data\real_ext\unsplash\unsplash_003947.jpg,0,unsplash_real,Real_Unsplash
C:\Users\angus\Desktop\tiktoktechjam2026\data\real_ext\unsplash\unsplash_003948.jpg,0,unsplash_real,Real_Unsplash
C:\Users\angus\Desktop\tiktoktechjam2026\data\real_ext\unsplash\unsplash_003949.jpg,0,unsplash_real,Real_Unsplash
C:\Users\angus\Desktop\tiktoktechjam2026\data\real_ext\unsplash\unsplash_003950.jpg,0,unsplash_real,Real_Unsplash
C:\Users\angus\Desktop\tiktoktechjam2026\data\real_ext\unsplash\unsplash_003951.jpg,0,unsplash_real,Real_Unsplash
C:\Users\angus\Desktop\tiktoktechjam2026\data\real_ext\unsplash\unsplash_003952.jpg,0,unsplash_real,Real_Unsplash
C:\Users\angus\Desktop\tiktoktechjam2026\data\real_ext\unsplash\unsplash_003953.jpg,0,unsplash_real,Real_Unsplash
C:\Users\angus\Desktop\tiktoktechjam2026\data\real_ext\unsplash\unsplash_003954.jpg,0,unsplash_real,Real_Unsplash
C:\Users\angus\Desktop\tiktoktechjam2026\data\real_ext\unsplash\unsplash_003955.jpg,0,unsplash_real,Real_Unsplash
C:\Users\angus\Desktop\tiktoktechjam2026\data\real_ext\unsplash\unsplash_003956.jpg,0,unsplash_real,Real_Unsplash
C:\Users\angus\Desktop\tiktoktechjam2026\data\real_ext\unsplash\unsplash_003957.jpg,0,unsplash_real,Real_Unsplash
C:\Users\angus\Desktop\tiktoktechjam2026\data\real_ext\unsplash\unsplash_003958.jpg,0,unsplash_real,Real_Unsplash
C:\Users\angus\Desktop\tiktoktechjam2026\data\real_ext\unsplash\unsplash_003959.jpg,0,unsplash_real,Real_Unsplash
C:\Users\angus\Desktop\tiktoktechjam2026\data\real_ext\unsplash\unsplash_003960.jpg,0,unsplash_real,Real_Unsplash
C:\Users\angus\Desktop\tiktoktechjam2026\data\real_ext\unsplash\unsplash_003961.jpg,0,unsplash_real,Real_Unsplash
C:\Users\angus\Desktop\tiktoktechjam2026\data\real_ext\unsplash\unsplash_003962.jpg,0,unsplash_real,Real_Unsplash
C:\Users\angus\Desktop\tiktoktechjam2026\data\real_ext\unsplash\unsplash_003963.jpg,0,unsplash_real,Real_Unsplash
C:\Users\angus\Desktop\tiktoktechjam2026\data\real_ext\unsplash\unsplash_003964.jpg,0,unsplash_real,Real_Unsplash
C:\Users\angus\Desktop\tiktoktechjam2026\data\real_ext\unsplash\unsplash_003965.jpg,0,unsplash_real,Real_Unsplash
C:\Users\angus\Desktop\tiktoktechjam2026\data\real_ext\unsplash\unsplash_003966.jpg,0,unsplash_real,Real_Unsplash
C:\Users\angus\Desktop\tiktoktechjam2026\data\real_ext\unsplash\unsplash_003967.jpg,0,unsplash_real,Real_Unsplash
C:\Users\angus\Desktop\tiktoktechjam2026\data\real_ext\unsplash\unsplash_003968.jpg,0,unsplash_real,Real_Unsplash
C:\Users\angus\Desktop\tiktoktechjam2026\data\real_ext\unsplash\unsplash_003969.jpg,0,unsplash_real,Real_Unsplash
C:\Users\angus\Desktop\tiktoktechjam2026\data\real_ext\unsplash\unsplash_003970.jpg,0,unsplash_real,Real_Unsplash
C:\Users\angus\Desktop\tiktoktechjam2026\data\real_ext\unsplash\unsplash_003971.jpg,0,unsplash_real,Real_Unsplash
C:\Users\angus\Desktop\tiktoktechjam2026\data\real_ext\unsplash\unsplash_003972.jpg,0,unsplash_real,Real_Unsplash
C:\Users\angus\Desktop\tiktoktechjam2026\data\real_ext\unsplash\unsplash_003973.jpg,0,unsplash_real,Real_Unsplash
C:\Users\angus\Desktop\tiktoktechjam2026\data\real_ext\unsplash\unsplash_003974.jpg,0,unsplash_real,Real_Unsplash
C:\Users\angus\Desktop\tiktoktechjam2026\data\real_ext\unsplash\unsplash_003975.jpg,0,unsplash_real,Real_Unsplash
C:\Users\angus\Desktop\tiktoktechjam2026\data\real_ext\unsplash\unsplash_003976.jpg,0,unsplash_real,Real_Unsplash
C:\Users\angus\Desktop\tiktoktechjam2026\data\real_ext\unsplash\unsplash_003977.jpg,0,unsplash_real,Real_Unsplash
C:\Users\angus\Desktop\tiktoktechjam2026\data\real_ext\unsplash\unsplash_003978.jpg,0,unsplash_real,Real_Unsplash
C:\Users\angus\Desktop\tiktoktechjam2026\data\real_ext\unsplash\unsplash_003979.jpg,0,unsplash_real,Real_Unsplash
C:\Users\angus\Desktop\tiktoktechjam2026\data\real_ext\unsplash\unsplash_003980.jpg,0,unsplash_real,Real_Unsplash
C:\Users\angus\Desktop\tiktoktechjam2026\data\real_ext\unsplash\unsplash_003981.jpg,0,unsplash_real,Real_Unsplash
C:\Users\angus\Desktop\tiktoktechjam2026\data\real_ext\unsplash\unsplash_003982.jpg,0,unsplash_real,Real_Unsplash
C:\Users\angus\Desktop\tiktoktechjam2026\data\real_ext\unsplash\unsplash_003983.jpg,0,unsplash_real,Real_Unsplash
C:\Users\angus\Desktop\tiktoktechjam2026\data\real_ext\unsplash\unsplash_003984.jpg,0,unsplash_real,Real_Unsplash
C:\Users\angus\Desktop\tiktoktechjam2026\data\real_ext\unsplash\unsplash_003985.jpg,0,unsplash_real,Real_Unsplash
C:\Users\angus\Desktop\tiktoktechjam2026\data\real_ext\unsplash\unsplash_003986.jpg,0,unsplash_real,Real_Unsplash
C:\Users\angus\Desktop\tiktoktechjam2026\data\real_ext\unsplash\unsplash_003987.jpg,0,unsplash_real,Real_Unsplash
C:\Users\angus\Desktop\tiktoktechjam2026\data\real_ext\unsplash\unsplash_003988.jpg,0,unsplash_real,Real_Unsplash
C:\Users\angus\Desktop\tiktoktechjam2026\data\real_ext\unsplash\unsplash_003989.jpg,0,unsplash_real,Real_Unsplash
C:\Users\angus\Desktop\tiktoktechjam2026\data\real_ext\unsplash\unsplash_003990.jpg,0,unsplash_real,Real_Unsplash
C:\Users\angus\Desktop\tiktoktechjam2026\data\real_ext\unsplash\unsplash_003991.jpg,0,unsplash_real,Real_Unsplash
C:\Users\angus\Desktop\tiktoktechjam2026\data\real_ext\unsplash\unsplash_003992.jpg,0,unsplash_real,Real_Unsplash
C:\Users\angus\Desktop\tiktoktechjam2026\data\real_ext\unsplash\unsplash_003993.jpg,0,unsplash_real,Real_Unsplash
C:\Users\angus\Desktop\tiktoktechjam2026\data\real_ext\unsplash\unsplash_003994.jpg,0,unsplash_real,Real_Unsplash
C:\Users\angus\Desktop\tiktoktechjam2026\data\real_ext\unsplash\unsplash_003995.jpg,0,unsplash_real,Real_Unsplash
C:\Users\angus\Desktop\tiktoktechjam2026\data\real_ext\unsplash\unsplash_003996.jpg,0,unsplash_real,Real_Unsplash
C:\Users\angus\Desktop\tiktoktechjam2026\data\real_ext\unsplash\unsplash_003997.jpg,0,unsplash_real,Real_Unsplash
C:\Users\angus\Desktop\tiktoktechjam2026\data\real_ext\unsplash\unsplash_003998.jpg,0,unsplash_real,Real_Unsplash
C:\Users\angus\Desktop\tiktoktechjam2026\data\real_ext\unsplash\unsplash_003999.jpg,0,unsplash_real,Real_Unsplash
