image_path,label,source,generator
C:\Users\angus\Desktop\tiktoktechjam2026\data\real_ext\WildRF\train\0_real\0000.jpg,0,wildrf_real,Real_WildRF_train
C:\Users\angus\Desktop\tiktoktechjam2026\data\real_ext\WildRF\train\0_real\0001.jpg,0,wildrf_real,Real_WildRF_train
C:\Users\angus\Desktop\tiktoktechjam2026\data\real_ext\WildRF\train\0_real\0002.jpg,0,wildrf_real,Real_WildRF_train
C:\Users\angus\Desktop\tiktoktechjam2026\data\real_ext\WildRF\train\0_real\0003.jpg,0,wildrf_real,Real_WildRF_train
C:\Users\angus\Desktop\tiktoktechjam2026\data\real_ext\WildRF\train\0_real\0004.jpg,0,wildrf_real,Real_WildRF_train
C:\Users\angus\Desktop\tiktoktechjam2026\data\real_ext\WildRF\train\0_real\0005.jpg,0,wildrf_real,Real_WildRF_train
C:\Users\angus\Desktop\tiktoktechjam2026\data\real_ext\WildRF\train\0_real\0006.jpg,0,wildrf_real,Real_WildRF_train
C:\Users\angus\Desktop\tiktoktechjam2026\data\real_ext\WildRF\train\0_real\0007.png,0,wildrf_real,Real_WildRF_train
C:\Users\angus\Desktop\tiktoktechjam2026\data\real_ext\WildRF\train\0_real\0008.jpg,0,wildrf_real,Real_WildRF_train
C:\Users\angus\Desktop\tiktoktechjam2026\data\real_ext\WildRF\train\0_real\0009.jpg,0,wildrf_real,Real_WildRF_train
C:\Users\angus\Desktop\tiktoktechjam2026\data\real_ext\WildRF\train\0_real\0010.jpg,0,wildrf_real,Real_WildRF_train
C:\Users\angus\Desktop\tiktoktechjam2026\data\real_ext\WildRF\train\0_real\0011.jpg,0,wildrf_real,Real_WildRF_train
C:\Users\angus\Desktop\tiktoktechjam2026\data\real_ext\WildRF\train\0_real\0012.jpg,0,wildrf_real,Real_WildRF_train
C:\Users\angus\Desktop\tiktoktechjam2026\data\real_ext\WildRF\train\0_real\0013.png,0,wildrf_real,Real_WildRF_train
C:\Users\angus\Desktop\tiktoktechjam2026\data\real_ext\WildRF\train\0_real\0014.jpg,0,wildrf_real,Real_WildRF_train
C:\Users\angus\Desktop\tiktoktechjam2026\data\real_ext\WildRF\train\0_real\0015.jpg,0,wildrf_real,Real_WildRF_train
C:\Users\angus\Desktop\tiktoktechjam2026\data\real_ext\WildRF\train\0_real\0016.jpg,0,wildrf_real,Real_WildRF_train
C:\Users\angus\Desktop\tiktoktechjam2026\data\real_ext\WildRF\train\0_real\0017.jpg,0,wildrf_real,Real_WildRF_train
C:\Users\angus\Desktop\tiktoktechjam2026\data\real_ext\WildRF\train\0_real\0018.jpg,0,wildrf_real,Real_WildRF_train
C:\Users\angus\Desktop\tiktoktechjam2026\data\real_ext\WildRF\train\0_real\0019.png,0,wildrf_real,Real_WildRF_train
C:\Users\angus\Desktop\tiktoktechjam2026\data\real_ext\WildRF\train\0_real\0020.jpg,0,wildrf_real,Real_WildRF_train
C:\Users\angus\Desktop\tiktoktechjam2026\data\real_ext\WildRF\train\0_real\0021.jpg,0,wildrf_real,Real_WildRF_train
C:\Users\angus\Desktop\tiktoktechjam2026\data\real_ext\WildRF\train\0_real\0022.jpg,0,wildrf_real,Real_WildRF_train
C:\Users\angus\Desktop\tiktoktechjam2026\data\real_ext\WildRF\train\0_real\0023.jpg,0,wildrf_real,Real_WildRF_train
C:\Users\angus\Desktop\tiktoktechjam2026\data\real_ext\WildRF\train\0_real\0024.jpg,0,wildrf_real,Real_WildRF_train
C:\Users\angus\Desktop\tiktoktechjam2026\data\real_ext\WildRF\train\0_real\0025.jpg,0,wildrf_real,Real_WildRF_train
C:\Users\angus\Desktop\tiktoktechjam2026\data\real_ext\WildRF\train\0_real\0026.jpg,0,wildrf_real,Real_WildRF_train
C:\Users\angus\Desktop\tiktoktechjam2026\data\real_ext\WildRF\train\0_real\0027.jpg,0,wildrf_real,Real_WildRF_train
C:\Users\angus\Desktop\tiktoktechjam2026\data\real_ext\WildRF\train\0_real\0028.jpg,0,wildrf_real,Real_WildRF_train
C:\Users\angus\Desktop\tiktoktechjam2026\data\real_ext\WildRF\train\0_real\0029.jpg,0,wildrf_real,Real_WildRF_train
C:\Users\angus\Desktop\tiktoktechjam2026\data\real_ext\WildRF\train\0_real\0030.jpg,0,wildrf_real,Real_WildRF_train
C:\Users\angus\Desktop\tiktoktechjam2026\data\real_ext\WildRF\train\0_real\0031.jpg,0,wildrf_real,Real_WildRF_train
C:\Users\angus\Desktop\tiktoktechjam2026\data\real_ext\WildRF\train\0_real\0032.jpg,0,wildrf_real,Real_WildRF_train
C:\Users\angus\Desktop\tiktoktechjam2026\data\real_ext\WildRF\train\0_real\0033.jpg,0,wildrf_real,Real_WildRF_train
C:\Users\angus\Desktop\tiktoktechjam2026\data\real_ext\WildRF\train\0_real\0034.jpg,0,wildrf_real,Real_WildRF_train
C:\Users\angus\Desktop\tiktoktechjam2026\data\real_ext\WildRF\train\0_real\0035.jpg,0,wildrf_real,Real_WildRF_train
C:\Users\angus\Desktop\tiktoktechjam2026\data\real_ext\WildRF\train\0_real\0036.jpg,0,wildrf_real,Real_WildRF_train
C:\Users\angus\Desktop\tiktoktechjam2026\data\real_ext\WildRF\train\0_real\0037.jpg,0,wildrf_real,Real_WildRF_train
C:\Users\angus\Desktop\tiktoktechjam2026\data\real_ext\WildRF\train\0_real\0038.jpg,0,wildrf_real,Real_WildRF_train
C:\Users\angus\Desktop\tiktoktechjam2026\data\real_ext\WildRF\train\0_real\0039.jpg,0,wildrf_real,Real_WildRF_train
C:\Users\angus\Desktop\tiktoktechjam2026\data\real_ext\WildRF\train\0_real\0040.jpg,0,wildrf_real,Real_WildRF_train
C:\Users\angus\Desktop\tiktoktechjam2026\data\real_ext\WildRF\train\0_real\0041.jpg,0,wildrf_real,Real_WildRF_train
C:\Users\angus\Desktop\tiktoktechjam2026\data\real_ext\WildRF\train\0_real\0042.jpg,0,wildrf_real,Real_WildRF_train
C:\Users\angus\Desktop\tiktoktechjam2026\data\real_ext\WildRF\train\0_real\0043.jpg,0,wildrf_real,Real_WildRF_train
C:\Users\angus\Desktop\tiktoktechjam2026\data\real_ext\WildRF\train\0_real\0044.jpg,0,wildrf_real,Real_WildRF_train
C:\Users\angus\Desktop\tiktoktechjam2026\data\real_ext\WildRF\train\0_real\0045.jpg,0,wildrf_real,Real_WildRF_train
C:\Users\angus\Desktop\tiktoktechjam2026\data\real_ext\WildRF\train\0_real\0046.jpg,0,wildrf_real,Real_WildRF_train
C:\Users\angus\Desktop\tiktoktechjam2026\data\real_ext\WildRF\train\0_real\0047.jpg,0,wildrf_real,Real_WildRF_train
C:\Users\angus\Desktop\tiktoktechjam2026\data\real_ext\WildRF\train\0_real\0048.png,0,wildrf_real,Real_WildRF_train
C:\Users\angus\Desktop\tiktoktechjam2026\data\real_ext\WildRF\train\0_real\0049.jpg,0,wildrf_real,Real_WildRF_train
C:\Users\angus\Desktop\tiktoktechjam2026\data\real_ext\WildRF\train\0_real\0050.jpg,0,wildrf_real,Real_WildRF_train
C:\Users\angus\Desktop\tiktoktechjam2026\data\real_ext\WildRF\train\0_real\0051.jpg,0,wildrf_real,Real_WildRF_train
C:\Users\angus\Desktop\tiktoktechjam2026\data\real_ext\WildRF\train\0_real\0052.jpg,0,wildrf_real,Real_WildRF_train
C:\Users\angus\Desktop\tiktoktechjam2026\data\real_ext\WildRF\train\0_real\0053.jpg,0,wildrf_real,Real_WildRF_train
C:\Users\angus\Desktop\tiktoktechjam2026\data\real_ext\WildRF\train\0_real\0054.jpg,0,wildrf_real,Real_WildRF_train
C:\Users\angus\Desktop\tiktoktechjam2026\data\real_ext\WildRF\train\0_real\0055.jpg,0,wildrf_real,Real_WildRF_train
C:\Users\angus\Desktop\tiktoktechjam2026\data\real_ext\WildRF\train\0_real\0056.jpg,0,wildrf_real,Real_WildRF_train
C:\Users\angus\Desktop\tiktoktechjam2026\data\real_ext\WildRF\train\0_real\0057.jpg,0,wildrf_real,Real_WildRF_train
C:\Users\angus\Desktop\tiktoktechjam2026\data\real_ext\WildRF\train\0_real\0058.jpg,0,wildrf_real,Real_WildRF_train
C:\Users\angus\Desktop\tiktoktechjam2026\data\real_ext\WildRF\train\0_real\0059.jpg,0,wildrf_real,Real_WildRF_train
C:\Users\angus\Desktop\tiktoktechjam2026\data\real_ext\WildRF\train\0_real\0060.jpg,0,wildrf_real,Real_WildRF_train
C:\Users\angus\Desktop\tiktoktechjam2026\data\real_ext\WildRF\train\0_real\0061.jpg,0,wildrf_real,Real_WildRF_train
C:\Users\angus\Desktop\tiktoktechjam2026\data\real_ext\WildRF\train\0_real\0062.jpg,0,wildrf_real,Real_WildRF_train
C:\Users\angus\Desktop\tiktoktechjam2026\data\real_ext\WildRF\train\0_real\0063.jpg,0,wildrf_real,Real_WildRF_train
C:\Users\angus\Desktop\tiktoktechjam2026\data\real_ext\WildRF\train\0_real\0064.jpg,0,wildrf_real,Real_WildRF_train
C:\Users\angus\Desktop\tiktoktechjam2026\data\real_ext\WildRF\train\0_real\0065.jpg,0,wildrf_real,Real_WildRF_train
C:\Users\angus\Desktop\tiktoktechjam2026\data\real_ext\WildRF\train\0_real\0066.jpg,0,wildrf_real,Real_WildRF_train
C:\Users\angus\Desktop\tiktoktechjam2026\data\real_ext\WildRF\train\0_real\0067.jpg,0,wildrf_real,Real_WildRF_train
C:\Users\angus\Desktop\tiktoktechjam2026\data\real_ext\WildRF\train\0_real\0068.jpg,0,wildrf_real,Real_WildRF_train
C:\Users\angus\Desktop\tiktoktechjam2026\data\real_ext\WildRF\train\0_real\0069.jpg,0,wildrf_real,Real_WildRF_train
C:\Users\angus\Desktop\tiktoktechjam2026\data\real_ext\WildRF\train\0_real\0070.jpg,0,wildrf_real,Real_WildRF_train
C:\Users\angus\Desktop\tiktoktechjam2026\data\real_ext\WildRF\train\0_real\0071.jpg,0,wildrf_real,Real_WildRF_train
C:\Users\angus\Desktop\tiktoktechjam2026\data\real_ext\WildRF\train\0_real\0072.jpg,0,wildrf_real,Real_WildRF_train
C:\Users\angus\Desktop\tiktoktechjam2026\data\real_ext\WildRF\train\0_real\0073.jpg,0,wildrf_real,Real_WildRF_train
C:\Users\angus\Desktop\tiktoktechjam2026\data\real_ext\WildRF\train\0_real\0074.jpg,0,wildrf_real,Real_WildRF_train
C:\Users\angus\Desktop\tiktoktechjam2026\data\real_ext\WildRF\train\0_real\0075.jpg,0,wildrf_real,Real_WildRF_train
C:\Users\angus\Desktop\tiktoktechjam2026\data\real_ext\WildRF\train\0_real\0076.jpg,0,wildrf_real,Real_WildRF_train
C:\Users\angus\Desktop\tiktoktechjam2026\data\real_ext\WildRF\train\0_real\0077.png,0,wildrf_real,Real_WildRF_train
C:\Users\angus\Desktop\tiktoktechjam2026\data\real_ext\WildRF\train\0_real\0078.jpg,0,wildrf_real,Real_WildRF_train
C:\Users\angus\Desktop\tiktoktechjam2026\data\real_ext\WildRF\train\0_real\0079.jpg,0,wildrf_real,Real_WildRF_train
C:\Users\angus\Desktop\tiktoktechjam2026\data\real_ext\WildRF\train\0_real\0080.jpg,0,wildrf_real,Real_WildRF_train
C:\Users\angus\Desktop\tiktoktechjam2026\data\real_ext\WildRF\train\0_real\0081.jpg,0,wildrf_real,Real_WildRF_train
C:\Users\angus\Desktop\tiktoktechjam2026\data\real_ext\WildRF\train\0_real\0082.jpg,0,wildrf_real,Real_WildRF_train
C:\Users\angus\Desktop\tiktoktechjam2026\data\real_ext\WildRF\train\0_real\0083.jpg,0,wildrf_real,Real_WildRF_train
C:\Users\angus\Desktop\tiktoktechjam2026\data\real_ext\WildRF\train\0_real\0084.jpg,0,wildrf_real,Real_WildRF_train
C:\Users\angus\Desktop\tiktoktechjam2026\data\real_ext\WildRF\train\0_real\0085.jpg,0,wildrf_real,Real_WildRF_train
C:\Users\angus\Desktop\tiktoktechjam2026\data\real_ext\WildRF\train\0_real\0086.jpg,0,wildrf_real,Real_WildRF_train
C:\Users\angus\Desktop\tiktoktechjam2026\data\real_ext\WildRF\train\0_real\0087.jpg,0,wildrf_real,Real_WildRF_train
C:\Users\angus\Desktop\tiktoktechjam2026\data\real_ext\WildRF\train\0_real\0088.jpg,0,wildrf_real,Real_WildRF_train
C:\Users\angus\Desktop\tiktoktechjam2026\data\real_ext\WildRF\train\0_real\0089.jpg,0,wildrf_real,Real_WildRF_train
C:\Users\angus\Desktop\tiktoktechjam2026\data\real_ext\WildRF\train\0_real\0090.jpg,0,wildrf_real,Real_WildRF_train
C:\Users\angus\Desktop\tiktoktechjam2026\data\real_ext\WildRF\train\0_real\0091.jpg,0,wildrf_real,Real_WildRF_train
C:\Users\angus\Desktop\tiktoktechjam2026\data\real_ext\WildRF\train\0_real\0092.jpg,0,wildrf_real,Real_WildRF_train
C:\Users\angus\Desktop\tiktoktechjam2026\data\real_ext\WildRF\train\0_real\0093.jpg,0,wildrf_real,Real_WildRF_train
C:\Users\angus\Desktop\tiktoktechjam2026\data\real_ext\WildRF\train\0_real\0094.jpg,0,wildrf_real,Real_WildRF_train
C:\Users\angus\Desktop\tiktoktechjam2026\data\real_ext\WildRF\train\0_real\0095.jpg,0,wildrf_real,Real_WildRF_train
C:\Users\angus\Desktop\tiktoktechjam2026\data\real_ext\WildRF\train\0_real\0096.jpg,0,wildrf_real,Real_WildRF_train
C:\Users\angus\Desktop\tiktoktechjam2026\data\real_ext\WildRF\train\0_real\0097.jpg,0,wildrf_real,Real_WildRF_train
C:\Users\angus\Desktop\tiktoktechjam2026\data\real_ext\WildRF\train\0_real\0098.jpg,0,wildrf_real,Real_WildRF_train
C:\Users\angus\Desktop\tiktoktechjam2026\data\real_ext\WildRF\train\0_real\0099.jpg,0,wildrf_real,Real_WildRF_train
C:\Users\angus\Desktop\tiktoktechjam2026\data\real_ext\WildRF\train\0_real\0100.jpg,0,wildrf_real,Real_WildRF_train
C:\Users\angus\Desktop\tiktoktechjam2026\data\real_ext\WildRF\train\0_real\0101.jpg,0,wildrf_real,Real_WildRF_train
C:\Users\angus\Desktop\tiktoktechjam2026\data\real_ext\WildRF\train\0_real\0102.jpg,0,wildrf_real,Real_WildRF_train
C:\Users\angus\Desktop\tiktoktechjam2026\data\real_ext\WildRF\train\0_real\0103.jpg,0,wildrf_real,Real_WildRF_train
C:\Users\angus\Desktop\tiktoktechjam2026\data\real_ext\WildRF\train\0_real\0104.jpg,0,wildrf_real,Real_WildRF_train
C:\Users\angus\Desktop\tiktoktechjam2026\data\real_ext\WildRF\train\0_real\0105.jpg,0,wildrf_real,Real_WildRF_train
C:\Users\angus\Desktop\tiktoktechjam2026\data\real_ext\WildRF\train\0_real\0106.jpg,0,wildrf_real,Real_WildRF_train
C:\Users\angus\Desktop\tiktoktechjam2026\data\real_ext\WildRF\train\0_real\0107.jpg,0,wildrf_real,Real_WildRF_train
C:\Users\angus\Desktop\tiktoktechjam2026\data\real_ext\WildRF\train\0_real\0108.jpg,0,wildrf_real,Real_WildRF_train
C:\Users\angus\Desktop\tiktoktechjam2026\data\real_ext\WildRF\train\0_real\0109.jpg,0,wildrf_real,Real_WildRF_train
C:\Users\angus\Desktop\tiktoktechjam2026\data\real_ext\WildRF\train\0_real\0110.jpg,0,wildrf_real,Real_WildRF_train
C:\Users\angus\Desktop\tiktoktechjam2026\data\real_ext\WildRF\train\0_real\0111.jpg,0,wildrf_real,Real_WildRF_train
C:\Users\angus\Desktop\tiktoktechjam2026\data\real_ext\WildRF\train\0_real\0112.jpg,0,wildrf_real,Real_WildRF_train
C:\Users\angus\Desktop\tiktoktechjam2026\data\real_ext\WildRF\train\0_real\0113.jpg,0,wildrf_real,Real_WildRF_train
C:\Users\angus\Desktop\tiktoktechjam2026\data\real_ext\WildRF\train\0_real\0114.jpg,0,wildrf_real,Real_WildRF_train
C:\Users\angus\Desktop\tiktoktechjam2026\data\real_ext\WildRF\train\0_real\0115.jpg,0,wildrf_real,Real_WildRF_train
C:\Users\angus\Desktop\tiktoktechjam2026\data\real_ext\WildRF\train\0_real\0116.jpg,0,wildrf_real,Real_WildRF_train
C:\Users\angus\Desktop\tiktoktechjam2026\data\real_ext\WildRF\train\0_real\0117.jpg,0,wildrf_real,Real_WildRF_train
C:\Users\angus\Desktop\tiktoktechjam2026\data\real_ext\WildRF\train\0_real\0118.jpg,0,wildrf_real,Real_WildRF_train
C:\Users\angus\Desktop\tiktoktechjam2026\data\real_ext\WildRF\train\0_real\0119.jpg,0,wildrf_real,Real_WildRF_train
C:\Users\angus\Desktop\tiktoktechjam2026\data\real_ext\WildRF\train\0_real\0120.jpg,0,wildrf_real,Real_WildRF_train
C:\Users\angus\Desktop\tiktoktechjam2026\data\real_ext\WildRF\train\0_real\0121.jpg,0,wildrf_real,Real_WildRF_train
C:\Users\angus\Desktop\tiktoktechjam2026\data\real_ext\WildRF\train\0_real\0122.jpg,0,wildrf_real,Real_WildRF_train
C:\Users\angus\Desktop\tiktoktechjam2026\data\real_ext\WildRF\train\0_real\0123.jpg,0,wildrf_real,Real_WildRF_train
C:\Users\angus\Desktop\tiktoktechjam2026\data\real_ext\WildRF\train\0_real\0124.jpg,0,wildrf_real,Real_WildRF_train
C:\Users\angus\Desktop\tiktoktechjam2026\data\real_ext\WildRF\train\0_real\0125.jpg,0,wildrf_real,Real_WildRF_train
C:\Users\angus\Desktop\tiktoktechjam2026\data\real_ext\WildRF\train\0_real\0126.jpg,0,wildrf_real,Real_WildRF_train
C:\Users\angus\Desktop\tiktoktechjam2026\data\real_ext\WildRF\train\0_real\0127.jpg,0,wildrf_real,Real_WildRF_train
C:\Users\angus\Desktop\tiktoktechjam2026\data\real_ext\WildRF\train\0_real\0128.jpg,0,wildrf_real,Real_WildRF_train
C:\Users\angus\Desktop\tiktoktechjam2026\data\real_ext\WildRF\train\0_real\0129.jpg,0,wildrf_real,Real_WildRF_train
C:\Users\angus\Desktop\tiktoktechjam2026\data\real_ext\WildRF\train\0_real\0130.jpg,0,wildrf_real,Real_WildRF_train
C:\Users\angus\Desktop\tiktoktechjam2026\data\real_ext\WildRF\train\0_real\0131.jpg,0,wildrf_real,Real_WildRF_train
C:\Users\angus\Desktop\tiktoktechjam2026\data\real_ext\WildRF\train\0_real\0132.jpg,0,wildrf_real,Real_WildRF_train
C:\Users\angus\Desktop\tiktoktechjam2026\data\real_ext\WildRF\train\0_real\0133.jpg,0,wildrf_real,Real_WildRF_train
C:\Users\angus\Desktop\tiktoktechjam2026\data\real_ext\WildRF\train\0_real\0134.jpg,0,wildrf_real,Real_WildRF_train
C:\Users\angus\Desktop\tiktoktechjam2026\data\real_ext\WildRF\train\0_real\0135.jpg,0,wildrf_real,Real_WildRF_train
C:\Users\angus\Desktop\tiktoktechjam2026\data\real_ext\WildRF\train\0_real\0136.jpg,0,wildrf_real,Real_WildRF_train
C:\Users\angus\Desktop\tiktoktechjam2026\data\real_ext\WildRF\train\0_real\0137.jpg,0,wildrf_real,Real_WildRF_train
C:\Users\angus\Desktop\tiktoktechjam2026\data\real_ext\WildRF\train\0_real\0138.jpg,0,wildrf_real,Real_WildRF_train
C:\Users\angus\Desktop\tiktoktechjam2026\data\real_ext\WildRF\train\0_real\0139.jpg,0,wildrf_real,Real_WildRF_train
C:\Users\angus\Desktop\tiktoktechjam2026\data\real_ext\WildRF\train\0_real\0140.jpg,0,wildrf_real,Real_WildRF_train
C:\Users\angus\Desktop\tiktoktechjam2026\data\real_ext\WildRF\train\0_real\0141.jpg,0,wildrf_real,Real_WildRF_train
C:\Users\angus\Desktop\tiktoktechjam2026\data\real_ext\WildRF\train\0_real\0142.png,0,wildrf_real,Real_WildRF_train
C:\Users\angus\Desktop\tiktoktechjam2026\data\real_ext\WildRF\train\0_real\0143.jpg,0,wildrf_real,Real_WildRF_train
C:\Users\angus\Desktop\tiktoktechjam2026\data\real_ext\WildRF\train\0_real\0144.jpg,0,wildrf_real,Real_WildRF_train
C:\Users\angus\Desktop\tiktoktechjam2026\data\real_ext\WildRF\train\0_real\0145.jpg,0,wildrf_real,Real_WildRF_train
C:\Users\angus\Desktop\tiktoktechjam2026\data\real_ext\WildRF\train\0_real\0146.jpg,0,wildrf_real,Real_WildRF_train
C:\Users\angus\Desktop\tiktoktechjam2026\data\real_ext\WildRF\train\0_real\0147.jpg,0,wildrf_real,Real_WildRF_train
C:\Users\angus\Desktop\tiktoktechjam2026\data\real_ext\WildRF\train\0_real\0148.jpg,0,wildrf_real,Real_WildRF_train
C:\Users\angus\Desktop\tiktoktechjam2026\data\real_ext\WildRF\train\0_real\0149.jpg,0,wildrf_real,Real_WildRF_train
C:\Users\angus\Desktop\tiktoktechjam2026\data\real_ext\WildRF\train\0_real\0150.jpg,0,wildrf_real,Real_WildRF_train
C:\Users\angus\Desktop\tiktoktechjam2026\data\real_ext\WildRF\train\0_real\0151.jpg,0,wildrf_real,Real_WildRF_train
C:\Users\angus\Desktop\tiktoktechjam2026\data\real_ext\WildRF\train\0_real\0152.jpg,0,wildrf_real,Real_WildRF_train
C:\Users\angus\Desktop\tiktoktechjam2026\data\real_ext\WildRF\train\0_real\0153.jpg,0,wildrf_real,Real_WildRF_train
C:\Users\angus\Desktop\tiktoktechjam2026\data\real_ext\WildRF\train\0_real\0154.jpg,0,wildrf_real,Real_WildRF_train
C:\Users\angus\Desktop\tiktoktechjam2026\data\real_ext\WildRF\train\0_real\0155.jpg,0,wildrf_real,Real_WildRF_train
C:\Users\angus\Desktop\tiktoktechjam2026\data\real_ext\WildRF\train\0_real\0156.jpg,0,wildrf_real,Real_WildRF_train
C:\Users\angus\Desktop\tiktoktechjam2026\data\real_ext\WildRF\train\0_real\0157.jpg,0,wildrf_real,Real_WildRF_train
C:\Users\angus\Desktop\tiktoktechjam2026\data\real_ext\WildRF\train\0_real\0158.jpg,0,wildrf_real,Real_WildRF_train
C:\Users\angus\Desktop\tiktoktechjam2026\data\real_ext\WildRF\train\0_real\0159.jpg,0,wildrf_real,Real_WildRF_train
C:\Users\angus\Desktop\tiktoktechjam2026\data\real_ext\WildRF\train\0_real\0160.jpg,0,wildrf_real,Real_WildRF_train
C:\Users\angus\Desktop\tiktoktechjam2026\data\real_ext\WildRF\train\0_real\0161.png,0,wildrf_real,Real_WildRF_train
C:\Users\angus\Desktop\tiktoktechjam2026\data\real_ext\WildRF\train\0_real\0162.jpg,0,wildrf_real,Real_WildRF_train
C:\Users\angus\Desktop\tiktoktechjam2026\data\real_ext\WildRF\train\0_real\0163.jpg,0,wildrf_real,Real_WildRF_train
C:\Users\angus\Desktop\tiktoktechjam2026\data\real_ext\WildRF\train\0_real\0164.jpg,0,wildrf_real,Real_WildRF_train
C:\Users\angus\Desktop\tiktoktechjam2026\data\real_ext\WildRF\train\0_real\0165.jpg,0,wildrf_real,Real_WildRF_train
C:\Users\angus\Desktop\tiktoktechjam2026\data\real_ext\WildRF\train\0_real\0166.jpg,0,wildrf_real,Real_WildRF_train
C:\Users\angus\Desktop\tiktoktechjam2026\data\real_ext\WildRF\train\0_real\0167.jpg,0,wildrf_real,Real_WildRF_train
C:\Users\angus\Desktop\tiktoktechjam2026\data\real_ext\WildRF\train\0_real\0168.jpg,0,wildrf_real,Real_WildRF_train
C:\Users\angus\Desktop\tiktoktechjam2026\data\real_ext\WildRF\train\0_real\0169.jpg,0,wildrf_real,Real_WildRF_train
C:\Users\angus\Desktop\tiktoktechjam2026\data\real_ext\WildRF\train\0_real\0170.jpg,0,wildrf_real,Real_WildRF_train
C:\Users\angus\Desktop\tiktoktechjam2026\data\real_ext\WildRF\train\0_real\0171.jpg,0,wildrf_real,Real_WildRF_train
C:\Users\angus\Desktop\tiktoktechjam2026\data\real_ext\WildRF\train\0_real\0172.jpg,0,wildrf_real,Real_WildRF_train
C:\Users\angus\Desktop\tiktoktechjam2026\data\real_ext\WildRF\train\0_real\0173.jpg,0,wildrf_real,Real_WildRF_train
C:\Users\angus\Desktop\tiktoktechjam2026\data\real_ext\WildRF\train\0_real\0174.jpg,0,wildrf_real,Real_WildRF_train
C:\Users\angus\Desktop\tiktoktechjam2026\data\real_ext\WildRF\train\0_real\0175.jpg,0,wildrf_real,Real_WildRF_train
C:\Users\angus\Desktop\tiktoktechjam2026\data\real_ext\WildRF\train\0_real\0176.jpg,0,wildrf_real,Real_WildRF_train
C:\Users\angus\Desktop\tiktoktechjam2026\data\real_ext\WildRF\train\0_real\0177.jpg,0,wildrf_real,Real_WildRF_train
C:\Users\angus\Desktop\tiktoktechjam2026\data\real_ext\WildRF\train\0_real\0178.jpg,0,wildrf_real,Real_WildRF_train
C:\Users\angus\Desktop\tiktoktechjam2026\data\real_ext\WildRF\train\0_real\0179.jpg,0,wildrf_real,Real_WildRF_train
C:\Users\angus\Desktop\tiktoktechjam2026\data\real_ext\WildRF\train\0_real\0180.jpg,0,wildrf_real,Real_WildRF_train
C:\Users\angus\Desktop\tiktoktechjam2026\data\real_ext\WildRF\train\0_real\0181.jpg,0,wildrf_real,Real_WildRF_train
C:\Users\angus\Desktop\tiktoktechjam2026\data\real_ext\WildRF\train\0_real\0182.jpg,0,wildrf_real,Real_WildRF_train
C:\Users\angus\Desktop\tiktoktechjam2026\data\real_ext\WildRF\train\0_real\0183.jpg,0,wildrf_real,Real_WildRF_train
C:\Users\angus\Desktop\tiktoktechjam2026\data\real_ext\WildRF\train\0_real\0184.jpg,0,wildrf_real,Real_WildRF_train
C:\Users\angus\Desktop\tiktoktechjam2026\data\real_ext\WildRF\train\0_real\0185.png,0,wildrf_real,Real_WildRF_train
C:\Users\angus\Desktop\tiktoktechjam2026\data\real_ext\WildRF\train\0_real\0186.jpg,0,wildrf_real,Real_WildRF_train
C:\Users\angus\Desktop\tiktoktechjam2026\data\real_ext\WildRF\train\0_real\0187.jpg,0,wildrf_real,Real_WildRF_train
C:\Users\angus\Desktop\tiktoktechjam2026\data\real_ext\WildRF\train\0_real\0188.jpg,0,wildrf_real,Real_WildRF_train
C:\Users\angus\Desktop\tiktoktechjam2026\data\real_ext\WildRF\train\0_real\0189.jpg,0,wildrf_real,Real_WildRF_train
C:\Users\angus\Desktop\tiktoktechjam2026\data\real_ext\WildRF\train\0_real\0190.jpg,0,wildrf_real,Real_WildRF_train
C:\Users\angus\Desktop\tiktoktechjam2026\data\real_ext\WildRF\train\0_real\0191.jpg,0,wildrf_real,Real_WildRF_train
C:\Users\angus\Desktop\tiktoktechjam2026\data\real_ext\WildRF\train\0_real\0192.jpg,0,wildrf_real,Real_WildRF_train
C:\Users\angus\Desktop\tiktoktechjam2026\data\real_ext\WildRF\train\0_real\0193.jpg,0,wildrf_real,Real_WildRF_train
C:\Users\angus\Desktop\tiktoktechjam2026\data\real_ext\WildRF\train\0_real\0194.jpg,0,wildrf_real,Real_WildRF_train
C:\Users\angus\Desktop\tiktoktechjam2026\data\real_ext\WildRF\train\0_real\0195.jpg,0,wildrf_real,Real_WildRF_train
C:\Users\angus\Desktop\tiktoktechjam2026\data\real_ext\WildRF\train\0_real\0196.jpg,0,wildrf_real,Real_WildRF_train
C:\Users\angus\Desktop\tiktoktechjam2026\data\real_ext\WildRF\train\0_real\0197.jpg,0,wildrf_real,Real_WildRF_train
C:\Users\angus\Desktop\tiktoktechjam2026\data\real_ext\WildRF\train\0_real\0198.jpg,0,wildrf_real,Real_WildRF_train
C:\Users\angus\Desktop\tiktoktechjam2026\data\real_ext\WildRF\train\0_real\0199.jpg,0,wildrf_real,Real_WildRF_train
C:\Users\angus\Desktop\tiktoktechjam2026\data\real_ext\WildRF\train\0_real\0200.jpg,0,wildrf_real,Real_WildRF_train
C:\Users\angus\Desktop\tiktoktechjam2026\data\real_ext\WildRF\train\0_real\0201.jpg,0,wildrf_real,Real_WildRF_train
C:\Users\angus\Desktop\tiktoktechjam2026\data\real_ext\WildRF\train\0_real\0202.jpg,0,wildrf_real,Real_WildRF_train
C:\Users\angus\Desktop\tiktoktechjam2026\data\real_ext\WildRF\train\0_real\0203.jpg,0,wildrf_real,Real_WildRF_train
C:\Users\angus\Desktop\tiktoktechjam2026\data\real_ext\WildRF\train\0_real\0204.jpg,0,wildrf_real,Real_WildRF_train
C:\Users\angus\Desktop\tiktoktechjam2026\data\real_ext\WildRF\train\0_real\0205.jpg,0,wildrf_real,Real_WildRF_train
C:\Users\angus\Desktop\tiktoktechjam2026\data\real_ext\WildRF\train\0_real\0206.jpg,0,wildrf_real,Real_WildRF_train
C:\Users\angus\Desktop\tiktoktechjam2026\data\real_ext\WildRF\train\0_real\0207.jpg,0,wildrf_real,Real_WildRF_train
C:\Users\angus\Desktop\tiktoktechjam2026\data\real_ext\WildRF\train\0_real\0208.jpg,0,wildrf_real,Real_WildRF_train
C:\Users\angus\Desktop\tiktoktechjam2026\data\real_ext\WildRF\train\0_real\0209.jpg,0,wildrf_real,Real_WildRF_train
C:\Users\angus\Desktop\tiktoktechjam2026\data\real_ext\WildRF\train\0_real\0210.jpg,0,wildrf_real,Real_WildRF_train
C:\Users\angus\Desktop\tiktoktechjam2026\data\real_ext\WildRF\train\0_real\0211.jpg,0,wildrf_real,Real_WildRF_train
C:\Users\angus\Desktop\tiktoktechjam2026\data\real_ext\WildRF\train\0_real\0212.png,0,wildrf_real,Real_WildRF_train
C:\Users\angus\Desktop\tiktoktechjam2026\data\real_ext\WildRF\train\0_real\0213.jpg,0,wildrf_real,Real_WildRF_train
C:\Users\angus\Desktop\tiktoktechjam2026\data\real_ext\WildRF\train\0_real\0214.jpg,0,wildrf_real,Real_WildRF_train
C:\Users\angus\Desktop\tiktoktechjam2026\data\real_ext\WildRF\train\0_real\0215.jpg,0,wildrf_real,Real_WildRF_train
C:\Users\angus\Desktop\tiktoktechjam2026\data\real_ext\WildRF\train\0_real\0216.png,0,wildrf_real,Real_WildRF_train
C:\Users\angus\Desktop\tiktoktechjam2026\data\real_ext\WildRF\train\0_real\0217.png,0,wildrf_real,Real_WildRF_train
C:\Users\angus\Desktop\tiktoktechjam2026\data\real_ext\WildRF\train\0_real\0218.jpg,0,wildrf_real,Real_WildRF_train
C:\Users\angus\Desktop\tiktoktechjam2026\data\real_ext\WildRF\train\0_real\0219.jpg,0,wildrf_real,Real_WildRF_train
C:\Users\angus\Desktop\tiktoktechjam2026\data\real_ext\WildRF\train\0_real\0220.jpg,0,wildrf_real,Real_WildRF_train
C:\Users\angus\Desktop\tiktoktechjam2026\data\real_ext\WildRF\train\0_real\0221.jpg,0,wildrf_real,Real_WildRF_train
C:\Users\angus\Desktop\tiktoktechjam2026\data\real_ext\WildRF\train\0_real\0222.jpg,0,wildrf_real,Real_WildRF_train
C:\Users\angus\Desktop\tiktoktechjam2026\data\real_ext\WildRF\train\0_real\0223.jpg,0,wildrf_real,Real_WildRF_train
C:\Users\angus\Desktop\tiktoktechjam2026\data\real_ext\WildRF\train\0_real\0224.jpg,0,wildrf_real,Real_WildRF_train
C:\Users\angus\Desktop\tiktoktechjam2026\data\real_ext\WildRF\train\0_real\0225.jpg,0,wildrf_real,Real_WildRF_train
C:\Users\angus\Desktop\tiktoktechjam2026\data\real_ext\WildRF\train\0_real\0226.jpg,0,wildrf_real,Real_WildRF_train
C:\Users\angus\Desktop\tiktoktechjam2026\data\real_ext\WildRF\train\0_real\0227.jpg,0,wildrf_real,Real_WildRF_train
C:\Users\angus\Desktop\tiktoktechjam2026\data\real_ext\WildRF\train\0_real\0228.jpg,0,wildrf_real,Real_WildRF_train
C:\Users\angus\Desktop\tiktoktechjam2026\data\real_ext\WildRF\train\0_real\0229.jpg,0,wildrf_real,Real_WildRF_train
C:\Users\angus\Desktop\tiktoktechjam2026\data\real_ext\WildRF\train\0_real\0230.jpg,0,wildrf_real,Real_WildRF_train
C:\Users\angus\Desktop\tiktoktechjam2026\data\real_ext\WildRF\train\0_real\0231.jpg,0,wildrf_real,Real_WildRF_train
C:\Users\angus\Desktop\tiktoktechjam2026\data\real_ext\WildRF\train\0_real\0232.jpg,0,wildrf_real,Real_WildRF_train
C:\Users\angus\Desktop\tiktoktechjam2026\data\real_ext\WildRF\train\0_real\0233.jpg,0,wildrf_real,Real_WildRF_train
C:\Users\angus\Desktop\tiktoktechjam2026\data\real_ext\WildRF\train\0_real\0234.jpg,0,wildrf_real,Real_WildRF_train
C:\Users\angus\Desktop\tiktoktechjam2026\data\real_ext\WildRF\train\0_real\0235.jpg,0,wildrf_real,Real_WildRF_train
C:\Users\angus\Desktop\tiktoktechjam2026\data\real_ext\WildRF\train\0_real\0236.jpg,0,wildrf_real,Real_WildRF_train
C:\Users\angus\Desktop\tiktoktechjam2026\data\real_ext\WildRF\train\0_real\0237.jpg,0,wildrf_real,Real_WildRF_train
C:\Users\angus\Desktop\tiktoktechjam2026\data\real_ext\WildRF\train\0_real\0238.png,0,wildrf_real,Real_WildRF_train
C:\Users\angus\Desktop\tiktoktechjam2026\data\real_ext\WildRF\train\0_real\0239.jpg,0,wildrf_real,Real_WildRF_train
C:\Users\angus\Desktop\tiktoktechjam2026\data\real_ext\WildRF\train\0_real\0240.jpg,0,wildrf_real,Real_WildRF_train
C:\Users\angus\Desktop\tiktoktechjam2026\data\real_ext\WildRF\train\0_real\0241.jpg,0,wildrf_real,Real_WildRF_train
C:\Users\angus\Desktop\tiktoktechjam2026\data\real_ext\WildRF\train\0_real\0242.jpg,0,wildrf_real,Real_WildRF_train
C:\Users\angus\Desktop\tiktoktechjam2026\data\real_ext\WildRF\train\0_real\0243.jpg,0,wildrf_real,Real_WildRF_train
C:\Users\angus\Desktop\tiktoktechjam2026\data\real_ext\WildRF\train\0_real\0244.jpg,0,wildrf_real,Real_WildRF_train
C:\Users\angus\Desktop\tiktoktechjam2026\data\real_ext\WildRF\train\0_real\0245.jpg,0,wildrf_real,Real_WildRF_train
C:\Users\angus\Desktop\tiktoktechjam2026\data\real_ext\WildRF\train\0_real\0246.jpg,0,wildrf_real,Real_WildRF_train
C:\Users\angus\Desktop\tiktoktechjam2026\data\real_ext\WildRF\train\0_real\0247.jpg,0,wildrf_real,Real_WildRF_train
C:\Users\angus\Desktop\tiktoktechjam2026\data\real_ext\WildRF\train\0_real\0248.jpg,0,wildrf_real,Real_WildRF_train
C:\Users\angus\Desktop\tiktoktechjam2026\data\real_ext\WildRF\train\0_real\0249.jpg,0,wildrf_real,Real_WildRF_train
C:\Users\angus\Desktop\tiktoktechjam2026\data\real_ext\WildRF\train\0_real\0250.jpg,0,wildrf_real,Real_WildRF_train
C:\Users\angus\Desktop\tiktoktechjam2026\data\real_ext\WildRF\train\0_real\0251.jpg,0,wildrf_real,Real_WildRF_train
C:\Users\angus\Desktop\tiktoktechjam2026\data\real_ext\WildRF\train\0_real\0252.jpg,0,wildrf_real,Real_WildRF_train
C:\Users\angus\Desktop\tiktoktechjam2026\data\real_ext\WildRF\train\0_real\0253.jpg,0,wildrf_real,Real_WildRF_train
C:\Users\angus\Desktop\tiktoktechjam2026\data\real_ext\WildRF\train\0_real\0254.jpg,0,wildrf_real,Real_WildRF_train
C:\Users\angus\Desktop\tiktoktechjam2026\data\real_ext\WildRF\train\0_real\0255.jpg,0,wildrf_real,Real_WildRF_train
C:\Users\angus\Desktop\tiktoktechjam2026\data\real_ext\WildRF\train\0_real\0256.jpg,0,wildrf_real,Real_WildRF_train
C:\Users\angus\Desktop\tiktoktechjam2026\data\real_ext\WildRF\train\0_real\0257.jpg,0,wildrf_real,Real_WildRF_train
C:\Users\angus\Desktop\tiktoktechjam2026\data\real_ext\WildRF\train\0_real\0258.jpg,0,wildrf_real,Real_WildRF_train
C:\Users\angus\Desktop\tiktoktechjam2026\data\real_ext\WildRF\train\0_real\0259.jpg,0,wildrf_real,Real_WildRF_train
C:\Users\angus\Desktop\tiktoktechjam2026\data\real_ext\WildRF\train\0_real\0260.jpg,0,wildrf_real,Real_WildRF_train
C:\Users\angus\Desktop\tiktoktechjam2026\data\real_ext\WildRF\train\0_real\0261.jpg,0,wildrf_real,Real_WildRF_train
C:\Users\angus\Desktop\tiktoktechjam2026\data\real_ext\WildRF\train\0_real\0262.jpg,0,wildrf_real,Real_WildRF_train
C:\Users\angus\Desktop\tiktoktechjam2026\data\real_ext\WildRF\train\0_real\0263.jpg,0,wildrf_real,Real_WildRF_train
C:\Users\angus\Desktop\tiktoktechjam2026\data\real_ext\WildRF\train\0_real\0264.jpg,0,wildrf_real,Real_WildRF_train
C:\Users\angus\Desktop\tiktoktechjam2026\data\real_ext\WildRF\train\0_real\0265.jpg,0,wildrf_real,Real_WildRF_train
C:\Users\angus\Desktop\tiktoktechjam2026\data\real_ext\WildRF\train\0_real\0266.jpg,0,wildrf_real,Real_WildRF_train
C:\Users\angus\Desktop\tiktoktechjam2026\data\real_ext\WildRF\train\0_real\0267.jpg,0,wildrf_real,Real_WildRF_train
C:\Users\angus\Desktop\tiktoktechjam2026\data\real_ext\WildRF\train\0_real\0268.jpg,0,wildrf_real,Real_WildRF_train
C:\Users\angus\Desktop\tiktoktechjam2026\data\real_ext\WildRF\train\0_real\0269.jpg,0,wildrf_real,Real_WildRF_train
C:\Users\angus\Desktop\tiktoktechjam2026\data\real_ext\WildRF\train\0_real\0270.jpg,0,wildrf_real,Real_WildRF_train
C:\Users\angus\Desktop\tiktoktechjam2026\data\real_ext\WildRF\train\0_real\0271.jpg,0,wildrf_real,Real_WildRF_train
C:\Users\angus\Desktop\tiktoktechjam2026\data\real_ext\WildRF\train\0_real\0272.jpg,0,wildrf_real,Real_WildRF_train
C:\Users\angus\Desktop\tiktoktechjam2026\data\real_ext\WildRF\train\0_real\0273.jpg,0,wildrf_real,Real_WildRF_train
C:\Users\angus\Desktop\tiktoktechjam2026\data\real_ext\WildRF\train\0_real\0274.jpg,0,wildrf_real,Real_WildRF_train
C:\Users\angus\Desktop\tiktoktechjam2026\data\real_ext\WildRF\train\0_real\0275.jpg,0,wildrf_real,Real_WildRF_train
C:\Users\angus\Desktop\tiktoktechjam2026\data\real_ext\WildRF\train\0_real\0276.jpg,0,wildrf_real,Real_WildRF_train
C:\Users\angus\Desktop\tiktoktechjam2026\data\real_ext\WildRF\train\0_real\0277.jpg,0,wildrf_real,Real_WildRF_train
C:\Users\angus\Desktop\tiktoktechjam2026\data\real_ext\WildRF\train\0_real\0278.jpg,0,wildrf_real,Real_WildRF_train
C:\Users\angus\Desktop\tiktoktechjam2026\data\real_ext\WildRF\train\0_real\0279.jpg,0,wildrf_real,Real_WildRF_train
C:\Users\angus\Desktop\tiktoktechjam2026\data\real_ext\WildRF\train\0_real\0280.jpg,0,wildrf_real,Real_WildRF_train
C:\Users\angus\Desktop\tiktoktechjam2026\data\real_ext\WildRF\train\0_real\0281.jpg,0,wildrf_real,Real_WildRF_train
C:\Users\angus\Desktop\tiktoktechjam2026\data\real_ext\WildRF\train\0_real\0282.jpg,0,wildrf_real,Real_WildRF_train
C:\Users\angus\Desktop\tiktoktechjam2026\data\real_ext\WildRF\train\0_real\0283.jpg,0,wildrf_real,Real_WildRF_train
C:\Users\angus\Desktop\tiktoktechjam2026\data\real_ext\WildRF\train\0_real\0284.jpg,0,wildrf_real,Real_WildRF_train
C:\Users\angus\Desktop\tiktoktechjam2026\data\real_ext\WildRF\train\0_real\0285.jpg,0,wildrf_real,Real_WildRF_train
C:\Users\angus\Desktop\tiktoktechjam2026\data\real_ext\WildRF\train\0_real\0286.jpg,0,wildrf_real,Real_WildRF_train
C:\Users\angus\Desktop\tiktoktechjam2026\data\real_ext\WildRF\train\0_real\0287.jpg,0,wildrf_real,Real_WildRF_train
C:\Users\angus\Desktop\tiktoktechjam2026\data\real_ext\WildRF\train\0_real\0288.jpg,0,wildrf_real,Real_WildRF_train
C:\Users\angus\Desktop\tiktoktechjam2026\data\real_ext\WildRF\train\0_real\0289.jpg,0,wildrf_real,Real_WildRF_train
C:\Users\angus\Desktop\tiktoktechjam2026\data\real_ext\WildRF\train\0_real\0290.jpg,0,wildrf_real,Real_WildRF_train
C:\Users\angus\Desktop\tiktoktechjam2026\data\real_ext\WildRF\train\0_real\0291.jpg,0,wildrf_real,Real_WildRF_train
C:\Users\angus\Desktop\tiktoktechjam2026\data\real_ext\WildRF\train\0_real\0292.jpg,0,wildrf_real,Real_WildRF_train
C:\Users\angus\Desktop\tiktoktechjam2026\data\real_ext\WildRF\train\0_real\0293.jpg,0,wildrf_real,Real_WildRF_train
C:\Users\angus\Desktop\tiktoktechjam2026\data\real_ext\WildRF\train\0_real\0294.jpg,0,wildrf_real,Real_WildRF_train
C:\Users\angus\Desktop\tiktoktechjam2026\data\real_ext\WildRF\train\0_real\0295.jpg,0,wildrf_real,Real_WildRF_train
C:\Users\angus\Desktop\tiktoktechjam2026\data\real_ext\WildRF\train\0_real\0296.jpg,0,wildrf_real,Real_WildRF_train
C:\Users\angus\Desktop\tiktoktechjam2026\data\real_ext\WildRF\train\0_real\0297.jpg,0,wildrf_real,Real_WildRF_train
C:\Users\angus\Desktop\tiktoktechjam2026\data\real_ext\WildRF\train\0_real\0298.jpg,0,wildrf_real,Real_WildRF_train
C:\Users\angus\Desktop\tiktoktechjam2026\data\real_ext\WildRF\train\0_real\0299.jpg,0,wildrf_real,Real_WildRF_train
C:\Users\angus\Desktop\tiktoktechjam2026\data\real_ext\WildRF\train\0_real\0300.jpg,0,wildrf_real,Real_WildRF_train
C:\Users\angus\Desktop\tiktoktechjam2026\data\real_ext\WildRF\train\0_real\0301.jpg,0,wildrf_real,Real_WildRF_train
C:\Users\angus\Desktop\tiktoktechjam2026\data\real_ext\WildRF\train\0_real\0302.jpg,0,wildrf_real,Real_WildRF_train
C:\Users\angus\Desktop\tiktoktechjam2026\data\real_ext\WildRF\train\0_real\0303.jpg,0,wildrf_real,Real_WildRF_train
C:\Users\angus\Desktop\tiktoktechjam2026\data\real_ext\WildRF\train\0_real\0304.jpg,0,wildrf_real,Real_WildRF_train
C:\Users\angus\Desktop\tiktoktechjam2026\data\real_ext\WildRF\train\0_real\0305.jpg,0,wildrf_real,Real_WildRF_train
C:\Users\angus\Desktop\tiktoktechjam2026\data\real_ext\WildRF\train\0_real\0306.jpg,0,wildrf_real,Real_WildRF_train
C:\Users\angus\Desktop\tiktoktechjam2026\data\real_ext\WildRF\train\0_real\0307.jpg,0,wildrf_real,Real_WildRF_train
C:\Users\angus\Desktop\tiktoktechjam2026\data\real_ext\WildRF\train\0_real\0308.png,0,wildrf_real,Real_WildRF_train
C:\Users\angus\Desktop\tiktoktechjam2026\data\real_ext\WildRF\train\0_real\0309.jpg,0,wildrf_real,Real_WildRF_train
C:\Users\angus\Desktop\tiktoktechjam2026\data\real_ext\WildRF\train\0_real\0310.jpg,0,wildrf_real,Real_WildRF_train
C:\Users\angus\Desktop\tiktoktechjam2026\data\real_ext\WildRF\train\0_real\0311.jpg,0,wildrf_real,Real_WildRF_train
C:\Users\angus\Desktop\tiktoktechjam2026\data\real_ext\WildRF\train\0_real\0312.jpg,0,wildrf_real,Real_WildRF_train
C:\Users\angus\Desktop\tiktoktechjam2026\data\real_ext\WildRF\train\0_real\0313.jpg,0,wildrf_real,Real_WildRF_train
C:\Users\angus\Desktop\tiktoktechjam2026\data\real_ext\WildRF\train\0_real\0314.jpg,0,wildrf_real,Real_WildRF_train
C:\Users\angus\Desktop\tiktoktechjam2026\data\real_ext\WildRF\train\0_real\0315.jpg,0,wildrf_real,Real_WildRF_train
C:\Users\angus\Desktop\tiktoktechjam2026\data\real_ext\WildRF\train\0_real\0316.jpg,0,wildrf_real,Real_WildRF_train
C:\Users\angus\Desktop\tiktoktechjam2026\data\real_ext\WildRF\train\0_real\0317.jpg,0,wildrf_real,Real_WildRF_train
C:\Users\angus\Desktop\tiktoktechjam2026\data\real_ext\WildRF\train\0_real\0318.jpg,0,wildrf_real,Real_WildRF_train
C:\Users\angus\Desktop\tiktoktechjam2026\data\real_ext\WildRF\train\0_real\0319.jpg,0,wildrf_real,Real_WildRF_train
C:\Users\angus\Desktop\tiktoktechjam2026\data\real_ext\WildRF\train\0_real\0320.jpg,0,wildrf_real,Real_WildRF_train
C:\Users\angus\Desktop\tiktoktechjam2026\data\real_ext\WildRF\train\0_real\0321.jpg,0,wildrf_real,Real_WildRF_train
C:\Users\angus\Desktop\tiktoktechjam2026\data\real_ext\WildRF\train\0_real\0322.jpg,0,wildrf_real,Real_WildRF_train
C:\Users\angus\Desktop\tiktoktechjam2026\data\real_ext\WildRF\train\0_real\0323.jpg,0,wildrf_real,Real_WildRF_train
C:\Users\angus\Desktop\tiktoktechjam2026\data\real_ext\WildRF\train\0_real\0324.jpg,0,wildrf_real,Real_WildRF_train
C:\Users\angus\Desktop\tiktoktechjam2026\data\real_ext\WildRF\train\0_real\0325.jpg,0,wildrf_real,Real_WildRF_train
C:\Users\angus\Desktop\tiktoktechjam2026\data\real_ext\WildRF\train\0_real\0326.jpg,0,wildrf_real,Real_WildRF_train
C:\Users\angus\Desktop\tiktoktechjam2026\data\real_ext\WildRF\train\0_real\0327.jpg,0,wildrf_real,Real_WildRF_train
C:\Users\angus\Desktop\tiktoktechjam2026\data\real_ext\WildRF\train\0_real\0328.jpg,0,wildrf_real,Real_WildRF_train
C:\Users\angus\Desktop\tiktoktechjam2026\data\real_ext\WildRF\train\0_real\0329.jpg,0,wildrf_real,Real_WildRF_train
C:\Users\angus\Desktop\tiktoktechjam2026\data\real_ext\WildRF\train\0_real\0330.jpg,0,wildrf_real,Real_WildRF_train
C:\Users\angus\Desktop\tiktoktechjam2026\data\real_ext\WildRF\train\0_real\0331.jpg,0,wildrf_real,Real_WildRF_train
C:\Users\angus\Desktop\tiktoktechjam2026\data\real_ext\WildRF\train\0_real\0332.jpg,0,wildrf_real,Real_WildRF_train
C:\Users\angus\Desktop\tiktoktechjam2026\data\real_ext\WildRF\train\0_real\0333.jpg,0,wildrf_real,Real_WildRF_train
C:\Users\angus\Desktop\tiktoktechjam2026\data\real_ext\WildRF\train\0_real\0334.jpg,0,wildrf_real,Real_WildRF_train
C:\Users\angus\Desktop\tiktoktechjam2026\data\real_ext\WildRF\train\0_real\0335.jpg,0,wildrf_real,Real_WildRF_train
C:\Users\angus\Desktop\tiktoktechjam2026\data\real_ext\WildRF\train\0_real\0336.jpg,0,wildrf_real,Real_WildRF_train
C:\Users\angus\Desktop\tiktoktechjam2026\data\real_ext\WildRF\train\0_real\0337.jpg,0,wildrf_real,Real_WildRF_train
C:\Users\angus\Desktop\tiktoktechjam2026\data\real_ext\WildRF\train\0_real\0338.jpg,0,wildrf_real,Real_WildRF_train
C:\Users\angus\Desktop\tiktoktechjam2026\data\real_ext\WildRF\train\0_real\0339.jpg,0,wildrf_real,Real_WildRF_train
C:\Users\angus\Desktop\tiktoktechjam2026\data\real_ext\WildRF\train\0_real\0340.jpg,0,wildrf_real,Real_WildRF_train
C:\Users\angus\Desktop\tiktoktechjam2026\data\real_ext\WildRF\train\0_real\0341.jpg,0,wildrf_real,Real_WildRF_train
C:\Users\angus\Desktop\tiktoktechjam2026\data\real_ext\WildRF\train\0_real\0342.jpg,0,wildrf_real,Real_WildRF_train
C:\Users\angus\Desktop\tiktoktechjam2026\data\real_ext\WildRF\train\0_real\0343.jpg,0,wildrf_real,Real_WildRF_train
C:\Users\angus\Desktop\tiktoktechjam2026\data\real_ext\WildRF\train\0_real\0344.jpg,0,wildrf_real,Real_WildRF_train
C:\Users\angus\Desktop\tiktoktechjam2026\data\real_ext\WildRF\train\0_real\0345.jpg,0,wildrf_real,Real_WildRF_train
C:\Users\angus\Desktop\tiktoktechjam2026\data\real_ext\WildRF\train\0_real\0346.jpg,0,wildrf_real,Real_WildRF_train
C:\Users\angus\Desktop\tiktoktechjam2026\data\real_ext\WildRF\train\0_real\0347.jpg,0,wildrf_real,Real_WildRF_train
C:\Users\angus\Desktop\tiktoktechjam2026\data\real_ext\WildRF\train\0_real\0348.jpg,0,wildrf_real,Real_WildRF_train
C:\Users\angus\Desktop\tiktoktechjam2026\data\real_ext\WildRF\train\0_real\0349.jpg,0,wildrf_real,Real_WildRF_train
C:\Users\angus\Desktop\tiktoktechjam2026\data\real_ext\WildRF\train\0_real\0350.jpg,0,wildrf_real,Real_WildRF_train
C:\Users\angus\Desktop\tiktoktechjam2026\data\real_ext\WildRF\train\0_real\0351.jpg,0,wildrf_real,Real_WildRF_train
C:\Users\angus\Desktop\tiktoktechjam2026\data\real_ext\WildRF\train\0_real\0352.jpg,0,wildrf_real,Real_WildRF_train
C:\Users\angus\Desktop\tiktoktechjam2026\data\real_ext\WildRF\train\0_real\0353.jpg,0,wildrf_real,Real_WildRF_train
C:\Users\angus\Desktop\tiktoktechjam2026\data\real_ext\WildRF\train\0_real\0354.jpg,0,wildrf_real,Real_WildRF_train
C:\Users\angus\Desktop\tiktoktechjam2026\data\real_ext\WildRF\train\0_real\0355.jpg,0,wildrf_real,Real_WildRF_train
C:\Users\angus\Desktop\tiktoktechjam2026\data\real_ext\WildRF\train\0_real\0356.jpg,0,wildrf_real,Real_WildRF_train
C:\Users\angus\Desktop\tiktoktechjam2026\data\real_ext\WildRF\train\0_real\0357.jpg,0,wildrf_real,Real_WildRF_train
C:\Users\angus\Desktop\tiktoktechjam2026\data\real_ext\WildRF\train\0_real\0358.jpg,0,wildrf_real,Real_WildRF_train
C:\Users\angus\Desktop\tiktoktechjam2026\data\real_ext\WildRF\train\0_real\0359.jpg,0,wildrf_real,Real_WildRF_train
C:\Users\angus\Desktop\tiktoktechjam2026\data\real_ext\WildRF\train\0_real\0360.jpg,0,wildrf_real,Real_WildRF_train
C:\Users\angus\Desktop\tiktoktechjam2026\data\real_ext\WildRF\train\0_real\0361.jpg,0,wildrf_real,Real_WildRF_train
C:\Users\angus\Desktop\tiktoktechjam2026\data\real_ext\WildRF\train\0_real\0362.jpg,0,wildrf_real,Real_WildRF_train
C:\Users\angus\Desktop\tiktoktechjam2026\data\real_ext\WildRF\train\0_real\0363.jpg,0,wildrf_real,Real_WildRF_train
C:\Users\angus\Desktop\tiktoktechjam2026\data\real_ext\WildRF\train\0_real\0364.jpg,0,wildrf_real,Real_WildRF_train
C:\Users\angus\Desktop\tiktoktechjam2026\data\real_ext\WildRF\train\0_real\0365.jpg,0,wildrf_real,Real_WildRF_train
C:\Users\angus\Desktop\tiktoktechjam2026\data\real_ext\WildRF\train\0_real\0366.jpg,0,wildrf_real,Real_WildRF_train
C:\Users\angus\Desktop\tiktoktechjam2026\data\real_ext\WildRF\train\0_real\0367.jpg,0,wildrf_real,Real_WildRF_train
C:\Users\angus\Desktop\tiktoktechjam2026\data\real_ext\WildRF\train\0_real\0368.jpg,0,wildrf_real,Real_WildRF_train
C:\Users\angus\Desktop\tiktoktechjam2026\data\real_ext\WildRF\train\0_real\0369.jpg,0,wildrf_real,Real_WildRF_train
C:\Users\angus\Desktop\tiktoktechjam2026\data\real_ext\WildRF\train\0_real\0370.jpg,0,wildrf_real,Real_WildRF_train
C:\Users\angus\Desktop\tiktoktechjam2026\data\real_ext\WildRF\train\0_real\0371.jpg,0,wildrf_real,Real_WildRF_train
C:\Users\angus\Desktop\tiktoktechjam2026\data\real_ext\WildRF\train\0_real\0372.jpg,0,wildrf_real,Real_WildRF_train
C:\Users\angus\Desktop\tiktoktechjam2026\data\real_ext\WildRF\train\0_real\0373.jpg,0,wildrf_real,Real_WildRF_train
C:\Users\angus\Desktop\tiktoktechjam2026\data\real_ext\WildRF\train\0_real\0374.jpg,0,wildrf_real,Real_WildRF_train
C:\Users\angus\Desktop\tiktoktechjam2026\data\real_ext\WildRF\train\0_real\0375.jpg,0,wildrf_real,Real_WildRF_train
C:\Users\angus\Desktop\tiktoktechjam2026\data\real_ext\WildRF\train\0_real\0376.jpg,0,wildrf_real,Real_WildRF_train
C:\Users\angus\Desktop\tiktoktechjam2026\data\real_ext\WildRF\train\0_real\0377.jpg,0,wildrf_real,Real_WildRF_train
C:\Users\angus\Desktop\tiktoktechjam2026\data\real_ext\WildRF\train\0_real\0378.jpg,0,wildrf_real,Real_WildRF_train
C:\Users\angus\Desktop\tiktoktechjam2026\data\real_ext\WildRF\train\0_real\0379.jpg,0,wildrf_real,Real_WildRF_train
C:\Users\angus\Desktop\tiktoktechjam2026\data\real_ext\WildRF\train\0_real\0380.jpg,0,wildrf_real,Real_WildRF_train
C:\Users\angus\Desktop\tiktoktechjam2026\data\real_ext\WildRF\train\0_real\0381.jpg,0,wildrf_real,Real_WildRF_train
C:\Users\angus\Desktop\tiktoktechjam2026\data\real_ext\WildRF\train\0_real\0382.jpg,0,wildrf_real,Real_WildRF_train
C:\Users\angus\Desktop\tiktoktechjam2026\data\real_ext\WildRF\train\0_real\0383.jpg,0,wildrf_real,Real_WildRF_train
C:\Users\angus\Desktop\tiktoktechjam2026\data\real_ext\WildRF\train\0_real\0384.jpg,0,wildrf_real,Real_WildRF_train
C:\Users\angus\Desktop\tiktoktechjam2026\data\real_ext\WildRF\train\0_real\0385.jpg,0,wildrf_real,Real_WildRF_train
C:\Users\angus\Desktop\tiktoktechjam2026\data\real_ext\WildRF\train\0_real\0386.jpg,0,wildrf_real,Real_WildRF_train
C:\Users\angus\Desktop\tiktoktechjam2026\data\real_ext\WildRF\train\0_real\0387.jpg,0,wildrf_real,Real_WildRF_train
C:\Users\angus\Desktop\tiktoktechjam2026\data\real_ext\WildRF\train\0_real\0388.jpg,0,wildrf_real,Real_WildRF_train
C:\Users\angus\Desktop\tiktoktechjam2026\data\real_ext\WildRF\train\0_real\0389.jpg,0,wildrf_real,Real_WildRF_train
C:\Users\angus\Desktop\tiktoktechjam2026\data\real_ext\WildRF\train\0_real\0390.jpg,0,wildrf_real,Real_WildRF_train
C:\Users\angus\Desktop\tiktoktechjam2026\data\real_ext\WildRF\train\0_real\0391.jpg,0,wildrf_real,Real_WildRF_train
C:\Users\angus\Desktop\tiktoktechjam2026\data\real_ext\WildRF\train\0_real\0392.jpg,0,wildrf_real,Real_WildRF_train
C:\Users\angus\Desktop\tiktoktechjam2026\data\real_ext\WildRF\train\0_real\0393.jpg,0,wildrf_real,Real_WildRF_train
C:\Users\angus\Desktop\tiktoktechjam2026\data\real_ext\WildRF\train\0_real\0394.jpg,0,wildrf_real,Real_WildRF_train
C:\Users\angus\Desktop\tiktoktechjam2026\data\real_ext\WildRF\train\0_real\0395.jpg,0,wildrf_real,Real_WildRF_train
C:\Users\angus\Desktop\tiktoktechjam2026\data\real_ext\WildRF\train\0_real\0396.jpg,0,wildrf_real,Real_WildRF_train
C:\Users\angus\Desktop\tiktoktechjam2026\data\real_ext\WildRF\train\0_real\0397.jpg,0,wildrf_real,Real_WildRF_train
C:\Users\angus\Desktop\tiktoktechjam2026\data\real_ext\WildRF\train\0_real\0398.jpg,0,wildrf_real,Real_WildRF_train
C:\Users\angus\Desktop\tiktoktechjam2026\data\real_ext\WildRF\train\0_real\0399.jpg,0,wildrf_real,Real_WildRF_train
C:\Users\angus\Desktop\tiktoktechjam2026\data\real_ext\WildRF\train\0_real\0400.jpg,0,wildrf_real,Real_WildRF_train
C:\Users\angus\Desktop\tiktoktechjam2026\data\real_ext\WildRF\train\0_real\0401.jpg,0,wildrf_real,Real_WildRF_train
C:\Users\angus\Desktop\tiktoktechjam2026\data\real_ext\WildRF\train\0_real\0402.jpg,0,wildrf_real,Real_WildRF_train
C:\Users\angus\Desktop\tiktoktechjam2026\data\real_ext\WildRF\train\0_real\0403.jpg,0,wildrf_real,Real_WildRF_train
C:\Users\angus\Desktop\tiktoktechjam2026\data\real_ext\WildRF\train\0_real\0404.jpg,0,wildrf_real,Real_WildRF_train
C:\Users\angus\Desktop\tiktoktechjam2026\data\real_ext\WildRF\train\0_real\0405.jpg,0,wildrf_real,Real_WildRF_train
C:\Users\angus\Desktop\tiktoktechjam2026\data\real_ext\WildRF\train\0_real\0406.jpg,0,wildrf_real,Real_WildRF_train
C:\Users\angus\Desktop\tiktoktechjam2026\data\real_ext\WildRF\train\0_real\0407.jpg,0,wildrf_real,Real_WildRF_train
C:\Users\angus\Desktop\tiktoktechjam2026\data\real_ext\WildRF\train\0_real\0408.jpg,0,wildrf_real,Real_WildRF_train
C:\Users\angus\Desktop\tiktoktechjam2026\data\real_ext\WildRF\train\0_real\0409.jpg,0,wildrf_real,Real_WildRF_train
C:\Users\angus\Desktop\tiktoktechjam2026\data\real_ext\WildRF\train\0_real\0410.jpg,0,wildrf_real,Real_WildRF_train
C:\Users\angus\Desktop\tiktoktechjam2026\data\real_ext\WildRF\train\0_real\0411.jpg,0,wildrf_real,Real_WildRF_train
C:\Users\angus\Desktop\tiktoktechjam2026\data\real_ext\WildRF\train\0_real\0412.jpg,0,wildrf_real,Real_WildRF_train
C:\Users\angus\Desktop\tiktoktechjam2026\data\real_ext\WildRF\train\0_real\0413.jpg,0,wildrf_real,Real_WildRF_train
C:\Users\angus\Desktop\tiktoktechjam2026\data\real_ext\WildRF\train\0_real\0414.jpg,0,wildrf_real,Real_WildRF_train
C:\Users\angus\Desktop\tiktoktechjam2026\data\real_ext\WildRF\train\0_real\0415.jpg,0,wildrf_real,Real_WildRF_train
C:\Users\angus\Desktop\tiktoktechjam2026\data\real_ext\WildRF\train\0_real\0416.jpg,0,wildrf_real,Real_WildRF_train
C:\Users\angus\Desktop\tiktoktechjam2026\data\real_ext\WildRF\train\0_real\0417.jpg,0,wildrf_real,Real_WildRF_train
C:\Users\angus\Desktop\tiktoktechjam2026\data\real_ext\WildRF\train\0_real\0418.jpg,0,wildrf_real,Real_WildRF_train
C:\Users\angus\Desktop\tiktoktechjam2026\data\real_ext\WildRF\train\0_real\0419.jpg,0,wildrf_real,Real_WildRF_train
C:\Users\angus\Desktop\tiktoktechjam2026\data\real_ext\WildRF\train\0_real\0420.jpg,0,wildrf_real,Real_WildRF_train
C:\Users\angus\Desktop\tiktoktechjam2026\data\real_ext\WildRF\train\0_real\0421.jpg,0,wildrf_real,Real_WildRF_train
C:\Users\angus\Desktop\tiktoktechjam2026\data\real_ext\WildRF\train\0_real\0422.jpg,0,wildrf_real,Real_WildRF_train
C:\Users\angus\Desktop\tiktoktechjam2026\data\real_ext\WildRF\train\0_real\0423.jpg,0,wildrf_real,Real_WildRF_train
C:\Users\angus\Desktop\tiktoktechjam2026\data\real_ext\WildRF\train\0_real\0424.jpg,0,wildrf_real,Real_WildRF_train
C:\Users\angus\Desktop\tiktoktechjam2026\data\real_ext\WildRF\train\0_real\0425.jpg,0,wildrf_real,Real_WildRF_train
C:\Users\angus\Desktop\tiktoktechjam2026\data\real_ext\WildRF\train\0_real\0426.jpg,0,wildrf_real,Real_WildRF_train
C:\Users\angus\Desktop\tiktoktechjam2026\data\real_ext\WildRF\train\0_real\0427.jpg,0,wildrf_real,Real_WildRF_train
C:\Users\angus\Desktop\tiktoktechjam2026\data\real_ext\WildRF\train\0_real\0428.jpg,0,wildrf_real,Real_WildRF_train
C:\Users\angus\Desktop\tiktoktechjam2026\data\real_ext\WildRF\train\0_real\0429.jpg,0,wildrf_real,Real_WildRF_train
C:\Users\angus\Desktop\tiktoktechjam2026\data\real_ext\WildRF\train\0_real\0430.jpg,0,wildrf_real,Real_WildRF_train
C:\Users\angus\Desktop\tiktoktechjam2026\data\real_ext\WildRF\train\0_real\0431.jpg,0,wildrf_real,Real_WildRF_train
C:\Users\angus\Desktop\tiktoktechjam2026\data\real_ext\WildRF\train\0_real\0432.jpg,0,wildrf_real,Real_WildRF_train
C:\Users\angus\Desktop\tiktoktechjam2026\data\real_ext\WildRF\train\0_real\0433.png,0,wildrf_real,Real_WildRF_train
C:\Users\angus\Desktop\tiktoktechjam2026\data\real_ext\WildRF\train\0_real\0434.png,0,wildrf_real,Real_WildRF_train
C:\Users\angus\Desktop\tiktoktechjam2026\data\real_ext\WildRF\train\0_real\0435.png,0,wildrf_real,Real_WildRF_train
C:\Users\angus\Desktop\tiktoktechjam2026\data\real_ext\WildRF\train\0_real\0436.jpg,0,wildrf_real,Real_WildRF_train
C:\Users\angus\Desktop\tiktoktechjam2026\data\real_ext\WildRF\train\0_real\0437.jpg,0,wildrf_real,Real_WildRF_train
C:\Users\angus\Desktop\tiktoktechjam2026\data\real_ext\WildRF\train\0_real\0438.jpg,0,wildrf_real,Real_WildRF_train
C:\Users\angus\Desktop\tiktoktechjam2026\data\real_ext\WildRF\train\0_real\0439.png,0,wildrf_real,Real_WildRF_train
C:\Users\angus\Desktop\tiktoktechjam2026\data\real_ext\WildRF\train\0_real\0440.png,0,wildrf_real,Real_WildRF_train
C:\Users\angus\Desktop\tiktoktechjam2026\data\real_ext\WildRF\train\0_real\0441.jpg,0,wildrf_real,Real_WildRF_train
C:\Users\angus\Desktop\tiktoktechjam2026\data\real_ext\WildRF\train\0_real\0442.jpg,0,wildrf_real,Real_WildRF_train
C:\Users\angus\Desktop\tiktoktechjam2026\data\real_ext\WildRF\train\0_real\0443.jpg,0,wildrf_real,Real_WildRF_train
C:\Users\angus\Desktop\tiktoktechjam2026\data\real_ext\WildRF\train\0_real\0444.jpg,0,wildrf_real,Real_WildRF_train
C:\Users\angus\Desktop\tiktoktechjam2026\data\real_ext\WildRF\train\0_real\0445.jpg,0,wildrf_real,Real_WildRF_train
C:\Users\angus\Desktop\tiktoktechjam2026\data\real_ext\WildRF\train\0_real\0446.jpg,0,wildrf_real,Real_WildRF_train
C:\Users\angus\Desktop\tiktoktechjam2026\data\real_ext\WildRF\train\0_real\0447.png,0,wildrf_real,Real_WildRF_train
C:\Users\angus\Desktop\tiktoktechjam2026\data\real_ext\WildRF\train\0_real\0448.jpg,0,wildrf_real,Real_WildRF_train
C:\Users\angus\Desktop\tiktoktechjam2026\data\real_ext\WildRF\train\0_real\0449.jpg,0,wildrf_real,Real_WildRF_train
C:\Users\angus\Desktop\tiktoktechjam2026\data\real_ext\WildRF\train\0_real\0450.jpg,0,wildrf_real,Real_WildRF_train
C:\Users\angus\Desktop\tiktoktechjam2026\data\real_ext\WildRF\train\0_real\0451.jpg,0,wildrf_real,Real_WildRF_train
C:\Users\angus\Desktop\tiktoktechjam2026\data\real_ext\WildRF\train\0_real\0452.jpg,0,wildrf_real,Real_WildRF_train
C:\Users\angus\Desktop\tiktoktechjam2026\data\real_ext\WildRF\train\0_real\0453.jpg,0,wildrf_real,Real_WildRF_train
C:\Users\angus\Desktop\tiktoktechjam2026\data\real_ext\WildRF\train\0_real\0454.jpg,0,wildrf_real,Real_WildRF_train
C:\Users\angus\Desktop\tiktoktechjam2026\data\real_ext\WildRF\train\0_real\0455.jpg,0,wildrf_real,Real_WildRF_train
C:\Users\angus\Desktop\tiktoktechjam2026\data\real_ext\WildRF\train\0_real\0456.jpg,0,wildrf_real,Real_WildRF_train
C:\Users\angus\Desktop\tiktoktechjam2026\data\real_ext\WildRF\train\0_real\0457.jpg,0,wildrf_real,Real_WildRF_train
C:\Users\angus\Desktop\tiktoktechjam2026\data\real_ext\WildRF\train\0_real\0458.jpg,0,wildrf_real,Real_WildRF_train
C:\Users\angus\Desktop\tiktoktechjam2026\data\real_ext\WildRF\train\0_real\0459.jpg,0,wildrf_real,Real_WildRF_train
C:\Users\angus\Desktop\tiktoktechjam2026\data\real_ext\WildRF\train\0_real\0460.jpg,0,wildrf_real,Real_WildRF_train
C:\Users\angus\Desktop\tiktoktechjam2026\data\real_ext\WildRF\train\0_real\0461.jpg,0,wildrf_real,Real_WildRF_train
C:\Users\angus\Desktop\tiktoktechjam2026\data\real_ext\WildRF\train\0_real\0462.jpg,0,wildrf_real,Real_WildRF_train
C:\Users\angus\Desktop\tiktoktechjam2026\data\real_ext\WildRF\train\0_real\0463.jpg,0,wildrf_real,Real_WildRF_train
C:\Users\angus\Desktop\tiktoktechjam2026\data\real_ext\WildRF\train\0_real\0464.jpg,0,wildrf_real,Real_WildRF_train
C:\Users\angus\Desktop\tiktoktechjam2026\data\real_ext\WildRF\train\0_real\0465.jpg,0,wildrf_real,Real_WildRF_train
C:\Users\angus\Desktop\tiktoktechjam2026\data\real_ext\WildRF\train\0_real\0466.jpg,0,wildrf_real,Real_WildRF_train
C:\Users\angus\Desktop\tiktoktechjam2026\data\real_ext\WildRF\train\0_real\0467.jpg,0,wildrf_real,Real_WildRF_train
C:\Users\angus\Desktop\tiktoktechjam2026\data\real_ext\WildRF\train\0_real\0468.jpg,0,wildrf_real,Real_WildRF_train
C:\Users\angus\Desktop\tiktoktechjam2026\data\real_ext\WildRF\train\0_real\0469.jpg,0,wildrf_real,Real_WildRF_train
C:\Users\angus\Desktop\tiktoktechjam2026\data\real_ext\WildRF\train\0_real\0470.jpg,0,wildrf_real,Real_WildRF_train
C:\Users\angus\Desktop\tiktoktechjam2026\data\real_ext\WildRF\train\0_real\0471.jpg,0,wildrf_real,Real_WildRF_train
C:\Users\angus\Desktop\tiktoktechjam2026\data\real_ext\WildRF\train\0_real\0472.jpg,0,wildrf_real,Real_WildRF_train
C:\Users\angus\Desktop\tiktoktechjam2026\data\real_ext\WildRF\train\0_real\0473.png,0,wildrf_real,Real_WildRF_train
C:\Users\angus\Desktop\tiktoktechjam2026\data\real_ext\WildRF\train\0_real\0474.jpg,0,wildrf_real,Real_WildRF_train
C:\Users\angus\Desktop\tiktoktechjam2026\data\real_ext\WildRF\train\0_real\0475.jpg,0,wildrf_real,Real_WildRF_train
C:\Users\angus\Desktop\tiktoktechjam2026\data\real_ext\WildRF\train\0_real\0476.jpg,0,wildrf_real,Real_WildRF_train
C:\Users\angus\Desktop\tiktoktechjam2026\data\real_ext\WildRF\train\0_real\0477.png,0,wildrf_real,Real_WildRF_train
C:\Users\angus\Desktop\tiktoktechjam2026\data\real_ext\WildRF\train\0_real\0478.jpg,0,wildrf_real,Real_WildRF_train
C:\Users\angus\Desktop\tiktoktechjam2026\data\real_ext\WildRF\train\0_real\0479.jpg,0,wildrf_real,Real_WildRF_train
C:\Users\angus\Desktop\tiktoktechjam2026\data\real_ext\WildRF\train\0_real\0480.jpg,0,wildrf_real,Real_WildRF_train
C:\Users\angus\Desktop\tiktoktechjam2026\data\real_ext\WildRF\train\0_real\0481.jpg,0,wildrf_real,Real_WildRF_train
C:\Users\angus\Desktop\tiktoktechjam2026\data\real_ext\WildRF\train\0_real\0482.jpg,0,wildrf_real,Real_WildRF_train
C:\Users\angus\Desktop\tiktoktechjam2026\data\real_ext\WildRF\train\0_real\0483.jpg,0,wildrf_real,Real_WildRF_train
C:\Users\angus\Desktop\tiktoktechjam2026\data\real_ext\WildRF\train\0_real\0484.jpg,0,wildrf_real,Real_WildRF_train
C:\Users\angus\Desktop\tiktoktechjam2026\data\real_ext\WildRF\train\0_real\0485.jpg,0,wildrf_real,Real_WildRF_train
C:\Users\angus\Desktop\tiktoktechjam2026\data\real_ext\WildRF\train\0_real\0486.jpg,0,wildrf_real,Real_WildRF_train
C:\Users\angus\Desktop\tiktoktechjam2026\data\real_ext\WildRF\train\0_real\0487.jpg,0,wildrf_real,Real_WildRF_train
C:\Users\angus\Desktop\tiktoktechjam2026\data\real_ext\WildRF\train\0_real\0488.jpg,0,wildrf_real,Real_WildRF_train
C:\Users\angus\Desktop\tiktoktechjam2026\data\real_ext\WildRF\train\0_real\0489.jpg,0,wildrf_real,Real_WildRF_train
C:\Users\angus\Desktop\tiktoktechjam2026\data\real_ext\WildRF\train\0_real\0490.jpg,0,wildrf_real,Real_WildRF_train
C:\Users\angus\Desktop\tiktoktechjam2026\data\real_ext\WildRF\train\0_real\0491.jpg,0,wildrf_real,Real_WildRF_train
C:\Users\angus\Desktop\tiktoktechjam2026\data\real_ext\WildRF\train\0_real\0492.jpg,0,wildrf_real,Real_WildRF_train
C:\Users\angus\Desktop\tiktoktechjam2026\data\real_ext\WildRF\train\0_real\0493.jpg,0,wildrf_real,Real_WildRF_train
C:\Users\angus\Desktop\tiktoktechjam2026\data\real_ext\WildRF\train\0_real\0494.jpg,0,wildrf_real,Real_WildRF_train
C:\Users\angus\Desktop\tiktoktechjam2026\data\real_ext\WildRF\train\0_real\0495.jpg,0,wildrf_real,Real_WildRF_train
C:\Users\angus\Desktop\tiktoktechjam2026\data\real_ext\WildRF\train\0_real\0496.png,0,wildrf_real,Real_WildRF_train
C:\Users\angus\Desktop\tiktoktechjam2026\data\real_ext\WildRF\train\0_real\0497.jpg,0,wildrf_real,Real_WildRF_train
C:\Users\angus\Desktop\tiktoktechjam2026\data\real_ext\WildRF\train\0_real\0498.jpg,0,wildrf_real,Real_WildRF_train
C:\Users\angus\Desktop\tiktoktechjam2026\data\real_ext\WildRF\train\0_real\0499.jpg,0,wildrf_real,Real_WildRF_train
C:\Users\angus\Desktop\tiktoktechjam2026\data\real_ext\WildRF\train\0_real\0500.png,0,wildrf_real,Real_WildRF_train
C:\Users\angus\Desktop\tiktoktechjam2026\data\real_ext\WildRF\train\0_real\0501.jpg,0,wildrf_real,Real_WildRF_train
C:\Users\angus\Desktop\tiktoktechjam2026\data\real_ext\WildRF\train\0_real\0502.jpg,0,wildrf_real,Real_WildRF_train
C:\Users\angus\Desktop\tiktoktechjam2026\data\real_ext\WildRF\train\0_real\0503.jpg,0,wildrf_real,Real_WildRF_train
C:\Users\angus\Desktop\tiktoktechjam2026\data\real_ext\WildRF\train\0_real\0504.jpg,0,wildrf_real,Real_WildRF_train
C:\Users\angus\Desktop\tiktoktechjam2026\data\real_ext\WildRF\train\0_real\0505.jpg,0,wildrf_real,Real_WildRF_train
C:\Users\angus\Desktop\tiktoktechjam2026\data\real_ext\WildRF\train\0_real\0506.jpg,0,wildrf_real,Real_WildRF_train
C:\Users\angus\Desktop\tiktoktechjam2026\data\real_ext\WildRF\train\0_real\0507.jpg,0,wildrf_real,Real_WildRF_train
C:\Users\angus\Desktop\tiktoktechjam2026\data\real_ext\WildRF\train\0_real\0508.jpg,0,wildrf_real,Real_WildRF_train
C:\Users\angus\Desktop\tiktoktechjam2026\data\real_ext\WildRF\train\0_real\0509.jpg,0,wildrf_real,Real_WildRF_train
C:\Users\angus\Desktop\tiktoktechjam2026\data\real_ext\WildRF\train\0_real\0510.jpg,0,wildrf_real,Real_WildRF_train
C:\Users\angus\Desktop\tiktoktechjam2026\data\real_ext\WildRF\train\0_real\0511.png,0,wildrf_real,Real_WildRF_train
C:\Users\angus\Desktop\tiktoktechjam2026\data\real_ext\WildRF\train\0_real\0512.jpg,0,wildrf_real,Real_WildRF_train
C:\Users\angus\Desktop\tiktoktechjam2026\data\real_ext\WildRF\train\0_real\0513.jpg,0,wildrf_real,Real_WildRF_train
C:\Users\angus\Desktop\tiktoktechjam2026\data\real_ext\WildRF\train\0_real\0514.jpg,0,wildrf_real,Real_WildRF_train
C:\Users\angus\Desktop\tiktoktechjam2026\data\real_ext\WildRF\train\0_real\0515.jpg,0,wildrf_real,Real_WildRF_train
C:\Users\angus\Desktop\tiktoktechjam2026\data\real_ext\WildRF\train\0_real\0516.jpg,0,wildrf_real,Real_WildRF_train
C:\Users\angus\Desktop\tiktoktechjam2026\data\real_ext\WildRF\train\0_real\0517.jpg,0,wildrf_real,Real_WildRF_train
C:\Users\angus\Desktop\tiktoktechjam2026\data\real_ext\WildRF\train\0_real\0518.jpg,0,wildrf_real,Real_WildRF_train
C:\Users\angus\Desktop\tiktoktechjam2026\data\real_ext\WildRF\train\0_real\0519.jpg,0,wildrf_real,Real_WildRF_train
C:\Users\angus\Desktop\tiktoktechjam2026\data\real_ext\WildRF\train\0_real\0520.jpg,0,wildrf_real,Real_WildRF_train
C:\Users\angus\Desktop\tiktoktechjam2026\data\real_ext\WildRF\train\0_real\0521.jpg,0,wildrf_real,Real_WildRF_train
C:\Users\angus\Desktop\tiktoktechjam2026\data\real_ext\WildRF\train\0_real\0522.jpg,0,wildrf_real,Real_WildRF_train
C:\Users\angus\Desktop\tiktoktechjam2026\data\real_ext\WildRF\train\0_real\0523.jpg,0,wildrf_real,Real_WildRF_train
C:\Users\angus\Desktop\tiktoktechjam2026\data\real_ext\WildRF\train\0_real\0524.jpg,0,wildrf_real,Real_WildRF_train
C:\Users\angus\Desktop\tiktoktechjam2026\data\real_ext\WildRF\train\0_real\0525.png,0,wildrf_real,Real_WildRF_train
C:\Users\angus\Desktop\tiktoktechjam2026\data\real_ext\WildRF\train\0_real\0526.jpg,0,wildrf_real,Real_WildRF_train
C:\Users\angus\Desktop\tiktoktechjam2026\data\real_ext\WildRF\train\0_real\0527.jpg,0,wildrf_real,Real_WildRF_train
C:\Users\angus\Desktop\tiktoktechjam2026\data\real_ext\WildRF\train\0_real\0528.jpg,0,wildrf_real,Real_WildRF_train
C:\Users\angus\Desktop\tiktoktechjam2026\data\real_ext\WildRF\train\0_real\0529.jpg,0,wildrf_real,Real_WildRF_train
C:\Users\angus\Desktop\tiktoktechjam2026\data\real_ext\WildRF\train\0_real\0530.jpg,0,wildrf_real,Real_WildRF_train
C:\Users\angus\Desktop\tiktoktechjam2026\data\real_ext\WildRF\train\0_real\0531.jpg,0,wildrf_real,Real_WildRF_train
C:\Users\angus\Desktop\tiktoktechjam2026\data\real_ext\WildRF\train\0_real\0532.jpg,0,wildrf_real,Real_WildRF_train
C:\Users\angus\Desktop\tiktoktechjam2026\data\real_ext\WildRF\train\0_real\0533.jpg,0,wildrf_real,Real_WildRF_train
C:\Users\angus\Desktop\tiktoktechjam2026\data\real_ext\WildRF\train\0_real\0534.jpg,0,wildrf_real,Real_WildRF_train
C:\Users\angus\Desktop\tiktoktechjam2026\data\real_ext\WildRF\train\0_real\0535.jpg,0,wildrf_real,Real_WildRF_train
C:\Users\angus\Desktop\tiktoktechjam2026\data\real_ext\WildRF\train\0_real\0536.jpg,0,wildrf_real,Real_WildRF_train
C:\Users\angus\Desktop\tiktoktechjam2026\data\real_ext\WildRF\train\0_real\0537.jpg,0,wildrf_real,Real_WildRF_train
C:\Users\angus\Desktop\tiktoktechjam2026\data\real_ext\WildRF\train\0_real\0538.jpg,0,wildrf_real,Real_WildRF_train
C:\Users\angus\Desktop\tiktoktechjam2026\data\real_ext\WildRF\train\0_real\0539.jpg,0,wildrf_real,Real_WildRF_train
C:\Users\angus\Desktop\tiktoktechjam2026\data\real_ext\WildRF\train\0_real\0540.jpg,0,wildrf_real,Real_WildRF_train
C:\Users\angus\Desktop\tiktoktechjam2026\data\real_ext\WildRF\train\0_real\0541.jpg,0,wildrf_real,Real_WildRF_train
C:\Users\angus\Desktop\tiktoktechjam2026\data\real_ext\WildRF\train\0_real\0542.jpg,0,wildrf_real,Real_WildRF_train
C:\Users\angus\Desktop\tiktoktechjam2026\data\real_ext\WildRF\train\0_real\0543.jpg,0,wildrf_real,Real_WildRF_train
C:\Users\angus\Desktop\tiktoktechjam2026\data\real_ext\WildRF\train\0_real\0544.jpg,0,wildrf_real,Real_WildRF_train
C:\Users\angus\Desktop\tiktoktechjam2026\data\real_ext\WildRF\train\0_real\0545.jpg,0,wildrf_real,Real_WildRF_train
C:\Users\angus\Desktop\tiktoktechjam2026\data\real_ext\WildRF\train\0_real\0546.jpg,0,wildrf_real,Real_WildRF_train
C:\Users\angus\Desktop\tiktoktechjam2026\data\real_ext\WildRF\train\0_real\0547.jpg,0,wildrf_real,Real_WildRF_train
C:\Users\angus\Desktop\tiktoktechjam2026\data\real_ext\WildRF\train\0_real\0548.jpg,0,wildrf_real,Real_WildRF_train
C:\Users\angus\Desktop\tiktoktechjam2026\data\real_ext\WildRF\train\0_real\0549.jpg,0,wildrf_real,Real_WildRF_train
C:\Users\angus\Desktop\tiktoktechjam2026\data\real_ext\WildRF\train\0_real\0550.jpg,0,wildrf_real,Real_WildRF_train
C:\Users\angus\Desktop\tiktoktechjam2026\data\real_ext\WildRF\train\0_real\0551.jpg,0,wildrf_real,Real_WildRF_train
C:\Users\angus\Desktop\tiktoktechjam2026\data\real_ext\WildRF\train\0_real\0552.jpg,0,wildrf_real,Real_WildRF_train
C:\Users\angus\Desktop\tiktoktechjam2026\data\real_ext\WildRF\train\0_real\0553.jpg,0,wildrf_real,Real_WildRF_train
C:\Users\angus\Desktop\tiktoktechjam2026\data\real_ext\WildRF\train\0_real\0554.jpg,0,wildrf_real,Real_WildRF_train
C:\Users\angus\Desktop\tiktoktechjam2026\data\real_ext\WildRF\train\0_real\0555.jpg,0,wildrf_real,Real_WildRF_train
C:\Users\angus\Desktop\tiktoktechjam2026\data\real_ext\WildRF\train\0_real\0556.jpg,0,wildrf_real,Real_WildRF_train
C:\Users\angus\Desktop\tiktoktechjam2026\data\real_ext\WildRF\train\0_real\0557.jpg,0,wildrf_real,Real_WildRF_train
C:\Users\angus\Desktop\tiktoktechjam2026\data\real_ext\WildRF\train\0_real\0558.jpg,0,wildrf_real,Real_WildRF_train
C:\Users\angus\Desktop\tiktoktechjam2026\data\real_ext\WildRF\train\0_real\0559.jpg,0,wildrf_real,Real_WildRF_train
C:\Users\angus\Desktop\tiktoktechjam2026\data\real_ext\WildRF\train\0_real\0560.jpg,0,wildrf_real,Real_WildRF_train
C:\Users\angus\Desktop\tiktoktechjam2026\data\real_ext\WildRF\train\0_real\0561.jpg,0,wildrf_real,Real_WildRF_train
C:\Users\angus\Desktop\tiktoktechjam2026\data\real_ext\WildRF\train\0_real\0562.jpg,0,wildrf_real,Real_WildRF_train
C:\Users\angus\Desktop\tiktoktechjam2026\data\real_ext\WildRF\train\0_real\0563.jpg,0,wildrf_real,Real_WildRF_train
C:\Users\angus\Desktop\tiktoktechjam2026\data\real_ext\WildRF\train\0_real\0564.jpg,0,wildrf_real,Real_WildRF_train
C:\Users\angus\Desktop\tiktoktechjam2026\data\real_ext\WildRF\train\0_real\0565.jpg,0,wildrf_real,Real_WildRF_train
C:\Users\angus\Desktop\tiktoktechjam2026\data\real_ext\WildRF\train\0_real\0566.jpg,0,wildrf_real,Real_WildRF_train
C:\Users\angus\Desktop\tiktoktechjam2026\data\real_ext\WildRF\train\0_real\0567.jpg,0,wildrf_real,Real_WildRF_train
C:\Users\angus\Desktop\tiktoktechjam2026\data\real_ext\WildRF\train\0_real\0568.jpg,0,wildrf_real,Real_WildRF_train
C:\Users\angus\Desktop\tiktoktechjam2026\data\real_ext\WildRF\train\0_real\0569.jpg,0,wildrf_real,Real_WildRF_train
C:\Users\angus\Desktop\tiktoktechjam2026\data\real_ext\WildRF\train\0_real\0570.jpg,0,wildrf_real,Real_WildRF_train
C:\Users\angus\Desktop\tiktoktechjam2026\data\real_ext\WildRF\train\0_real\0571.jpg,0,wildrf_real,Real_WildRF_train
C:\Users\angus\Desktop\tiktoktechjam2026\data\real_ext\WildRF\train\0_real\0572.jpg,0,wildrf_real,Real_WildRF_train
C:\Users\angus\Desktop\tiktoktechjam2026\data\real_ext\WildRF\train\0_real\0573.jpg,0,wildrf_real,Real_WildRF_train
C:\Users\angus\Desktop\tiktoktechjam2026\data\real_ext\WildRF\train\0_real\0574.jpg,0,wildrf_real,Real_WildRF_train
C:\Users\angus\Desktop\tiktoktechjam2026\data\real_ext\WildRF\train\0_real\0575.jpg,0,wildrf_real,Real_WildRF_train
C:\Users\angus\Desktop\tiktoktechjam2026\data\real_ext\WildRF\train\0_real\0576.jpg,0,wildrf_real,Real_WildRF_train
C:\Users\angus\Desktop\tiktoktechjam2026\data\real_ext\WildRF\train\0_real\0577.jpg,0,wildrf_real,Real_WildRF_train
C:\Users\angus\Desktop\tiktoktechjam2026\data\real_ext\WildRF\train\0_real\0578.jpg,0,wildrf_real,Real_WildRF_train
C:\Users\angus\Desktop\tiktoktechjam2026\data\real_ext\WildRF\train\0_real\0579.jpg,0,wildrf_real,Real_WildRF_train
C:\Users\angus\Desktop\tiktoktechjam2026\data\real_ext\WildRF\train\0_real\0580.jpg,0,wildrf_real,Real_WildRF_train
C:\Users\angus\Desktop\tiktoktechjam2026\data\real_ext\WildRF\train\0_real\0581.jpg,0,wildrf_real,Real_WildRF_train
C:\Users\angus\Desktop\tiktoktechjam2026\data\real_ext\WildRF\train\0_real\0582.jpg,0,wildrf_real,Real_WildRF_train
C:\Users\angus\Desktop\tiktoktechjam2026\data\real_ext\WildRF\train\0_real\0583.jpg,0,wildrf_real,Real_WildRF_train
C:\Users\angus\Desktop\tiktoktechjam2026\data\real_ext\WildRF\train\0_real\0584.jpg,0,wildrf_real,Real_WildRF_train
C:\Users\angus\Desktop\tiktoktechjam2026\data\real_ext\WildRF\train\0_real\0585.jpg,0,wildrf_real,Real_WildRF_train
C:\Users\angus\Desktop\tiktoktechjam2026\data\real_ext\WildRF\train\0_real\0586.jpg,0,wildrf_real,Real_WildRF_train
C:\Users\angus\Desktop\tiktoktechjam2026\data\real_ext\WildRF\train\0_real\0587.png,0,wildrf_real,Real_WildRF_train
C:\Users\angus\Desktop\tiktoktechjam2026\data\real_ext\WildRF\train\0_real\0588.jpg,0,wildrf_real,Real_WildRF_train
C:\Users\angus\Desktop\tiktoktechjam2026\data\real_ext\WildRF\train\0_real\0589.jpg,0,wildrf_real,Real_WildRF_train
C:\Users\angus\Desktop\tiktoktechjam2026\data\real_ext\WildRF\train\0_real\0590.jpg,0,wildrf_real,Real_WildRF_train
C:\Users\angus\Desktop\tiktoktechjam2026\data\real_ext\WildRF\train\0_real\0591.jpg,0,wildrf_real,Real_WildRF_train
C:\Users\angus\Desktop\tiktoktechjam2026\data\real_ext\WildRF\train\0_real\0592.jpg,0,wildrf_real,Real_WildRF_train
C:\Users\angus\Desktop\tiktoktechjam2026\data\real_ext\WildRF\train\0_real\0593.jpg,0,wildrf_real,Real_WildRF_train
C:\Users\angus\Desktop\tiktoktechjam2026\data\real_ext\WildRF\train\0_real\0594.jpg,0,wildrf_real,Real_WildRF_train
C:\Users\angus\Desktop\tiktoktechjam2026\data\real_ext\WildRF\train\0_real\0595.jpg,0,wildrf_real,Real_WildRF_train
C:\Users\angus\Desktop\tiktoktechjam2026\data\real_ext\WildRF\train\0_real\0596.jpg,0,wildrf_real,Real_WildRF_train
C:\Users\angus\Desktop\tiktoktechjam2026\data\real_ext\WildRF\train\0_real\0597.jpg,0,wildrf_real,Real_WildRF_train
C:\Users\angus\Desktop\tiktoktechjam2026\data\real_ext\WildRF\train\0_real\0598.jpg,0,wildrf_real,Real_WildRF_train
C:\Users\angus\Desktop\tiktoktechjam2026\data\real_ext\WildRF\train\0_real\0599.jpg,0,wildrf_real,Real_WildRF_train
C:\Users\angus\Desktop\tiktoktechjam2026\data\real_ext\WildRF\train\0_real\0600.jpg,0,wildrf_real,Real_WildRF_train
C:\Users\angus\Desktop\tiktoktechjam2026\data\real_ext\WildRF\train\0_real\0601.jpg,0,wildrf_real,Real_WildRF_train
C:\Users\angus\Desktop\tiktoktechjam2026\data\real_ext\WildRF\train\0_real\0602.jpg,0,wildrf_real,Real_WildRF_train
C:\Users\angus\Desktop\tiktoktechjam2026\data\real_ext\WildRF\train\0_real\0603.jpg,0,wildrf_real,Real_WildRF_train
C:\Users\angus\Desktop\tiktoktechjam2026\data\real_ext\WildRF\train\0_real\0604.jpg,0,wildrf_real,Real_WildRF_train
C:\Users\angus\Desktop\tiktoktechjam2026\data\real_ext\WildRF\train\0_real\0605.jpg,0,wildrf_real,Real_WildRF_train
C:\Users\angus\Desktop\tiktoktechjam2026\data\real_ext\WildRF\train\0_real\0606.jpg,0,wildrf_real,Real_WildRF_train
C:\Users\angus\Desktop\tiktoktechjam2026\data\real_ext\WildRF\train\0_real\0607.jpg,0,wildrf_real,Real_WildRF_train
C:\Users\angus\Desktop\tiktoktechjam2026\data\real_ext\WildRF\train\0_real\0608.png,0,wildrf_real,Real_WildRF_train
C:\Users\angus\Desktop\tiktoktechjam2026\data\real_ext\WildRF\train\0_real\0609.jpg,0,wildrf_real,Real_WildRF_train
C:\Users\angus\Desktop\tiktoktechjam2026\data\real_ext\WildRF\train\0_real\0610.jpg,0,wildrf_real,Real_WildRF_train
C:\Users\angus\Desktop\tiktoktechjam2026\data\real_ext\WildRF\train\0_real\0611.jpg,0,wildrf_real,Real_WildRF_train
C:\Users\angus\Desktop\tiktoktechjam2026\data\real_ext\WildRF\train\0_real\0612.jpg,0,wildrf_real,Real_WildRF_train
C:\Users\angus\Desktop\tiktoktechjam2026\data\real_ext\WildRF\train\0_real\0613.jpg,0,wildrf_real,Real_WildRF_train
C:\Users\angus\Desktop\tiktoktechjam2026\data\real_ext\WildRF\train\0_real\0614.jpg,0,wildrf_real,Real_WildRF_train
C:\Users\angus\Desktop\tiktoktechjam2026\data\real_ext\WildRF\train\0_real\0615.jpg,0,wildrf_real,Real_WildRF_train
C:\Users\angus\Desktop\tiktoktechjam2026\data\real_ext\WildRF\train\0_real\0616.jpg,0,wildrf_real,Real_WildRF_train
C:\Users\angus\Desktop\tiktoktechjam2026\data\real_ext\WildRF\train\0_real\0617.jpg,0,wildrf_real,Real_WildRF_train
C:\Users\angus\Desktop\tiktoktechjam2026\data\real_ext\WildRF\train\0_real\0618.jpg,0,wildrf_real,Real_WildRF_train
C:\Users\angus\Desktop\tiktoktechjam2026\data\real_ext\WildRF\train\0_real\0619.jpg,0,wildrf_real,Real_WildRF_train
C:\Users\angus\Desktop\tiktoktechjam2026\data\real_ext\WildRF\train\0_real\0620.jpg,0,wildrf_real,Real_WildRF_train
C:\Users\angus\Desktop\tiktoktechjam2026\data\real_ext\WildRF\train\0_real\0621.jpg,0,wildrf_real,Real_WildRF_train
C:\Users\angus\Desktop\tiktoktechjam2026\data\real_ext\WildRF\train\0_real\0622.jpg,0,wildrf_real,Real_WildRF_train
C:\Users\angus\Desktop\tiktoktechjam2026\data\real_ext\WildRF\train\0_real\0623.jpg,0,wildrf_real,Real_WildRF_train
C:\Users\angus\Desktop\tiktoktechjam2026\data\real_ext\WildRF\train\0_real\0624.jpg,0,wildrf_real,Real_WildRF_train
C:\Users\angus\Desktop\tiktoktechjam2026\data\real_ext\WildRF\train\0_real\0625.png,0,wildrf_real,Real_WildRF_train
C:\Users\angus\Desktop\tiktoktechjam2026\data\real_ext\WildRF\train\0_real\0626.jpg,0,wildrf_real,Real_WildRF_train
C:\Users\angus\Desktop\tiktoktechjam2026\data\real_ext\WildRF\train\0_real\0627.jpg,0,wildrf_real,Real_WildRF_train
C:\Users\angus\Desktop\tiktoktechjam2026\data\real_ext\WildRF\train\0_real\0628.jpg,0,wildrf_real,Real_WildRF_train
C:\Users\angus\Desktop\tiktoktechjam2026\data\real_ext\WildRF\train\0_real\0629.jpg,0,wildrf_real,Real_WildRF_train
C:\Users\angus\Desktop\tiktoktechjam2026\data\real_ext\WildRF\train\0_real\0630.jpg,0,wildrf_real,Real_WildRF_train
C:\Users\angus\Desktop\tiktoktechjam2026\data\real_ext\WildRF\train\0_real\0631.jpg,0,wildrf_real,Real_WildRF_train
C:\Users\angus\Desktop\tiktoktechjam2026\data\real_ext\WildRF\train\0_real\0632.jpg,0,wildrf_real,Real_WildRF_train
C:\Users\angus\Desktop\tiktoktechjam2026\data\real_ext\WildRF\train\0_real\0633.jpg,0,wildrf_real,Real_WildRF_train
C:\Users\angus\Desktop\tiktoktechjam2026\data\real_ext\WildRF\train\0_real\0634.jpg,0,wildrf_real,Real_WildRF_train
C:\Users\angus\Desktop\tiktoktechjam2026\data\real_ext\WildRF\train\0_real\0635.png,0,wildrf_real,Real_WildRF_train
C:\Users\angus\Desktop\tiktoktechjam2026\data\real_ext\WildRF\train\0_real\0636.jpg,0,wildrf_real,Real_WildRF_train
C:\Users\angus\Desktop\tiktoktechjam2026\data\real_ext\WildRF\train\0_real\0637.jpg,0,wildrf_real,Real_WildRF_train
C:\Users\angus\Desktop\tiktoktechjam2026\data\real_ext\WildRF\train\0_real\0638.jpg,0,wildrf_real,Real_WildRF_train
C:\Users\angus\Desktop\tiktoktechjam2026\data\real_ext\WildRF\train\0_real\0639.png,0,wildrf_real,Real_WildRF_train
C:\Users\angus\Desktop\tiktoktechjam2026\data\real_ext\WildRF\train\0_real\0640.jpg,0,wildrf_real,Real_WildRF_train
C:\Users\angus\Desktop\tiktoktechjam2026\data\real_ext\WildRF\train\0_real\0641.jpg,0,wildrf_real,Real_WildRF_train
C:\Users\angus\Desktop\tiktoktechjam2026\data\real_ext\WildRF\train\0_real\0642.jpg,0,wildrf_real,Real_WildRF_train
C:\Users\angus\Desktop\tiktoktechjam2026\data\real_ext\WildRF\train\0_real\0643.jpg,0,wildrf_real,Real_WildRF_train
C:\Users\angus\Desktop\tiktoktechjam2026\data\real_ext\WildRF\train\0_real\0644.jpg,0,wildrf_real,Real_WildRF_train
C:\Users\angus\Desktop\tiktoktechjam2026\data\real_ext\WildRF\train\0_real\0645.jpg,0,wildrf_real,Real_WildRF_train
C:\Users\angus\Desktop\tiktoktechjam2026\data\real_ext\WildRF\train\0_real\0646.jpg,0,wildrf_real,Real_WildRF_train
C:\Users\angus\Desktop\tiktoktechjam2026\data\real_ext\WildRF\train\0_real\0647.jpg,0,wildrf_real,Real_WildRF_train
C:\Users\angus\Desktop\tiktoktechjam2026\data\real_ext\WildRF\train\0_real\0648.jpg,0,wildrf_real,Real_WildRF_train
C:\Users\angus\Desktop\tiktoktechjam2026\data\real_ext\WildRF\train\0_real\0649.jpg,0,wildrf_real,Real_WildRF_train
C:\Users\angus\Desktop\tiktoktechjam2026\data\real_ext\WildRF\train\0_real\0650.jpg,0,wildrf_real,Real_WildRF_train
C:\Users\angus\Desktop\tiktoktechjam2026\data\real_ext\WildRF\train\0_real\0651.jpg,0,wildrf_real,Real_WildRF_train
C:\Users\angus\Desktop\tiktoktechjam2026\data\real_ext\WildRF\train\0_real\0652.jpg,0,wildrf_real,Real_WildRF_train
C:\Users\angus\Desktop\tiktoktechjam2026\data\real_ext\WildRF\train\0_real\0653.jpg,0,wildrf_real,Real_WildRF_train
C:\Users\angus\Desktop\tiktoktechjam2026\data\real_ext\WildRF\train\0_real\0654.jpg,0,wildrf_real,Real_WildRF_train
C:\Users\angus\Desktop\tiktoktechjam2026\data\real_ext\WildRF\train\0_real\0655.jpg,0,wildrf_real,Real_WildRF_train
C:\Users\angus\Desktop\tiktoktechjam2026\data\real_ext\WildRF\train\0_real\0656.jpg,0,wildrf_real,Real_WildRF_train
C:\Users\angus\Desktop\tiktoktechjam2026\data\real_ext\WildRF\train\0_real\0657.jpg,0,wildrf_real,Real_WildRF_train
C:\Users\angus\Desktop\tiktoktechjam2026\data\real_ext\WildRF\train\0_real\0658.jpg,0,wildrf_real,Real_WildRF_train
C:\Users\angus\Desktop\tiktoktechjam2026\data\real_ext\WildRF\train\0_real\0659.jpg,0,wildrf_real,Real_WildRF_train
C:\Users\angus\Desktop\tiktoktechjam2026\data\real_ext\WildRF\train\0_real\0660.jpg,0,wildrf_real,Real_WildRF_train
C:\Users\angus\Desktop\tiktoktechjam2026\data\real_ext\WildRF\train\0_real\0661.jpg,0,wildrf_real,Real_WildRF_train
C:\Users\angus\Desktop\tiktoktechjam2026\data\real_ext\WildRF\train\0_real\0662.jpg,0,wildrf_real,Real_WildRF_train
C:\Users\angus\Desktop\tiktoktechjam2026\data\real_ext\WildRF\train\0_real\0663.jpg,0,wildrf_real,Real_WildRF_train
C:\Users\angus\Desktop\tiktoktechjam2026\data\real_ext\WildRF\train\0_real\0664.jpg,0,wildrf_real,Real_WildRF_train
C:\Users\angus\Desktop\tiktoktechjam2026\data\real_ext\WildRF\train\0_real\0665.jpg,0,wildrf_real,Real_WildRF_train
C:\Users\angus\Desktop\tiktoktechjam2026\data\real_ext\WildRF\train\0_real\0666.jpg,0,wildrf_real,Real_WildRF_train
C:\Users\angus\Desktop\tiktoktechjam2026\data\real_ext\WildRF\train\0_real\0667.jpg,0,wildrf_real,Real_WildRF_train
C:\Users\angus\Desktop\tiktoktechjam2026\data\real_ext\WildRF\train\0_real\0668.jpg,0,wildrf_real,Real_WildRF_train
C:\Users\angus\Desktop\tiktoktechjam2026\data\real_ext\WildRF\train\0_real\0669.jpg,0,wildrf_real,Real_WildRF_train
C:\Users\angus\Desktop\tiktoktechjam2026\data\real_ext\WildRF\train\0_real\0670.jpg,0,wildrf_real,Real_WildRF_train
C:\Users\angus\Desktop\tiktoktechjam2026\data\real_ext\WildRF\train\0_real\0671.jpg,0,wildrf_real,Real_WildRF_train
C:\Users\angus\Desktop\tiktoktechjam2026\data\real_ext\WildRF\train\0_real\0672.jpg,0,wildrf_real,Real_WildRF_train
C:\Users\angus\Desktop\tiktoktechjam2026\data\real_ext\WildRF\train\0_real\0673.jpg,0,wildrf_real,Real_WildRF_train
C:\Users\angus\Desktop\tiktoktechjam2026\data\real_ext\WildRF\train\0_real\0674.jpg,0,wildrf_real,Real_WildRF_train
C:\Users\angus\Desktop\tiktoktechjam2026\data\real_ext\WildRF\train\0_real\0675.jpg,0,wildrf_real,Real_WildRF_train
C:\Users\angus\Desktop\tiktoktechjam2026\data\real_ext\WildRF\train\0_real\0676.jpg,0,wildrf_real,Real_WildRF_train
C:\Users\angus\Desktop\tiktoktechjam2026\data\real_ext\WildRF\train\0_real\0677.jpg,0,wildrf_real,Real_WildRF_train
C:\Users\angus\Desktop\tiktoktechjam2026\data\real_ext\WildRF\train\0_real\0678.jpg,0,wildrf_real,Real_WildRF_train
C:\Users\angus\Desktop\tiktoktechjam2026\data\real_ext\WildRF\train\0_real\0679.jpg,0,wildrf_real,Real_WildRF_train
C:\Users\angus\Desktop\tiktoktechjam2026\data\real_ext\WildRF\train\0_real\0680.jpg,0,wildrf_real,Real_WildRF_train
C:\Users\angus\Desktop\tiktoktechjam2026\data\real_ext\WildRF\train\0_real\0681.jpg,0,wildrf_real,Real_WildRF_train
C:\Users\angus\Desktop\tiktoktechjam2026\data\real_ext\WildRF\train\0_real\0682.jpg,0,wildrf_real,Real_WildRF_train
C:\Users\angus\Desktop\tiktoktechjam2026\data\real_ext\WildRF\train\0_real\0683.jpg,0,wildrf_real,Real_WildRF_train
C:\Users\angus\Desktop\tiktoktechjam2026\data\real_ext\WildRF\train\0_real\0684.jpg,0,wildrf_real,Real_WildRF_train
C:\Users\angus\Desktop\tiktoktechjam2026\data\real_ext\WildRF\train\0_real\0685.jpg,0,wildrf_real,Real_WildRF_train
C:\Users\angus\Desktop\tiktoktechjam2026\data\real_ext\WildRF\train\0_real\0686.jpg,0,wildrf_real,Real_WildRF_train
C:\Users\angus\Desktop\tiktoktechjam2026\data\real_ext\WildRF\train\0_real\0687.jpg,0,wildrf_real,Real_WildRF_train
C:\Users\angus\Desktop\tiktoktechjam2026\data\real_ext\WildRF\train\0_real\0688.jpg,0,wildrf_real,Real_WildRF_train
C:\Users\angus\Desktop\tiktoktechjam2026\data\real_ext\WildRF\train\0_real\0689.png,0,wildrf_real,Real_WildRF_train
C:\Users\angus\Desktop\tiktoktechjam2026\data\real_ext\WildRF\train\0_real\0690.jpg,0,wildrf_real,Real_WildRF_train
C:\Users\angus\Desktop\tiktoktechjam2026\data\real_ext\WildRF\train\0_real\0691.jpg,0,wildrf_real,Real_WildRF_train
C:\Users\angus\Desktop\tiktoktechjam2026\data\real_ext\WildRF\train\0_real\0692.jpg,0,wildrf_real,Real_WildRF_train
C:\Users\angus\Desktop\tiktoktechjam2026\data\real_ext\WildRF\train\0_real\0693.jpg,0,wildrf_real,Real_WildRF_train
C:\Users\angus\Desktop\tiktoktechjam2026\data\real_ext\WildRF\train\0_real\0694.jpg,0,wildrf_real,Real_WildRF_train
C:\Users\angus\Desktop\tiktoktechjam2026\data\real_ext\WildRF\train\0_real\0695.jpg,0,wildrf_real,Real_WildRF_train
C:\Users\angus\Desktop\tiktoktechjam2026\data\real_ext\WildRF\train\0_real\0696.jpg,0,wildrf_real,Real_WildRF_train
C:\Users\angus\Desktop\tiktoktechjam2026\data\real_ext\WildRF\train\0_real\0697.jpg,0,wildrf_real,Real_WildRF_train
C:\Users\angus\Desktop\tiktoktechjam2026\data\real_ext\WildRF\train\0_real\0698.jpg,0,wildrf_real,Real_WildRF_train
C:\Users\angus\Desktop\tiktoktechjam2026\data\real_ext\WildRF\train\0_real\0699.jpg,0,wildrf_real,Real_WildRF_train
C:\Users\angus\Desktop\tiktoktechjam2026\data\real_ext\WildRF\train\0_real\0700.jpg,0,wildrf_real,Real_WildRF_train
C:\Users\angus\Desktop\tiktoktechjam2026\data\real_ext\WildRF\train\0_real\0701.jpg,0,wildrf_real,Real_WildRF_train
C:\Users\angus\Desktop\tiktoktechjam2026\data\real_ext\WildRF\train\0_real\0702.jpg,0,wildrf_real,Real_WildRF_train
C:\Users\angus\Desktop\tiktoktechjam2026\data\real_ext\WildRF\train\0_real\0703.jpg,0,wildrf_real,Real_WildRF_train
C:\Users\angus\Desktop\tiktoktechjam2026\data\real_ext\WildRF\train\0_real\0704.jpg,0,wildrf_real,Real_WildRF_train
C:\Users\angus\Desktop\tiktoktechjam2026\data\real_ext\WildRF\train\0_real\0705.png,0,wildrf_real,Real_WildRF_train
C:\Users\angus\Desktop\tiktoktechjam2026\data\real_ext\WildRF\train\0_real\0706.jpg,0,wildrf_real,Real_WildRF_train
C:\Users\angus\Desktop\tiktoktechjam2026\data\real_ext\WildRF\train\0_real\0707.jpg,0,wildrf_real,Real_WildRF_train
C:\Users\angus\Desktop\tiktoktechjam2026\data\real_ext\WildRF\train\0_real\0708.jpg,0,wildrf_real,Real_WildRF_train
C:\Users\angus\Desktop\tiktoktechjam2026\data\real_ext\WildRF\train\0_real\0709.jpg,0,wildrf_real,Real_WildRF_train
C:\Users\angus\Desktop\tiktoktechjam2026\data\real_ext\WildRF\train\0_real\0710.jpg,0,wildrf_real,Real_WildRF_train
C:\Users\angus\Desktop\tiktoktechjam2026\data\real_ext\WildRF\train\0_real\0711.jpg,0,wildrf_real,Real_WildRF_train
C:\Users\angus\Desktop\tiktoktechjam2026\data\real_ext\WildRF\train\0_real\0712.jpg,0,wildrf_real,Real_WildRF_train
C:\Users\angus\Desktop\tiktoktechjam2026\data\real_ext\WildRF\train\0_real\0713.jpg,0,wildrf_real,Real_WildRF_train
C:\Users\angus\Desktop\tiktoktechjam2026\data\real_ext\WildRF\train\0_real\0714.jpg,0,wildrf_real,Real_WildRF_train
C:\Users\angus\Desktop\tiktoktechjam2026\data\real_ext\WildRF\train\0_real\0715.jpg,0,wildrf_real,Real_WildRF_train
C:\Users\angus\Desktop\tiktoktechjam2026\data\real_ext\WildRF\train\0_real\0716.jpg,0,wildrf_real,Real_WildRF_train
C:\Users\angus\Desktop\tiktoktechjam2026\data\real_ext\WildRF\train\0_real\0717.jpg,0,wildrf_real,Real_WildRF_train
C:\Users\angus\Desktop\tiktoktechjam2026\data\real_ext\WildRF\train\0_real\0718.jpg,0,wildrf_real,Real_WildRF_train
C:\Users\angus\Desktop\tiktoktechjam2026\data\real_ext\WildRF\train\0_real\0719.jpg,0,wildrf_real,Real_WildRF_train
C:\Users\angus\Desktop\tiktoktechjam2026\data\real_ext\WildRF\train\0_real\0720.jpg,0,wildrf_real,Real_WildRF_train
C:\Users\angus\Desktop\tiktoktechjam2026\data\real_ext\WildRF\train\0_real\0721.jpg,0,wildrf_real,Real_WildRF_train
C:\Users\angus\Desktop\tiktoktechjam2026\data\real_ext\WildRF\train\0_real\0722.jpg,0,wildrf_real,Real_WildRF_train
C:\Users\angus\Desktop\tiktoktechjam2026\data\real_ext\WildRF\train\0_real\0723.jpg,0,wildrf_real,Real_WildRF_train
C:\Users\angus\Desktop\tiktoktechjam2026\data\real_ext\WildRF\train\0_real\0724.jpg,0,wildrf_real,Real_WildRF_train
C:\Users\angus\Desktop\tiktoktechjam2026\data\real_ext\WildRF\train\0_real\0725.jpg,0,wildrf_real,Real_WildRF_train
C:\Users\angus\Desktop\tiktoktechjam2026\data\real_ext\WildRF\train\0_real\0726.jpg,0,wildrf_real,Real_WildRF_train
C:\Users\angus\Desktop\tiktoktechjam2026\data\real_ext\WildRF\train\0_real\0727.jpg,0,wildrf_real,Real_WildRF_train
C:\Users\angus\Desktop\tiktoktechjam2026\data\real_ext\WildRF\train\0_real\0728.jpg,0,wildrf_real,Real_WildRF_train
C:\Users\angus\Desktop\tiktoktechjam2026\data\real_ext\WildRF\train\0_real\0729.jpg,0,wildrf_real,Real_WildRF_train
C:\Users\angus\Desktop\tiktoktechjam2026\data\real_ext\WildRF\train\0_real\0730.jpg,0,wildrf_real,Real_WildRF_train
C:\Users\angus\Desktop\tiktoktechjam2026\data\real_ext\WildRF\train\0_real\0731.jpg,0,wildrf_real,Real_WildRF_train
C:\Users\angus\Desktop\tiktoktechjam2026\data\real_ext\WildRF\train\0_real\0732.jpg,0,wildrf_real,Real_WildRF_train
C:\Users\angus\Desktop\tiktoktechjam2026\data\real_ext\WildRF\train\0_real\0733.jpg,0,wildrf_real,Real_WildRF_train
C:\Users\angus\Desktop\tiktoktechjam2026\data\real_ext\WildRF\train\0_real\0734.jpg,0,wildrf_real,Real_WildRF_train
C:\Users\angus\Desktop\tiktoktechjam2026\data\real_ext\WildRF\train\0_real\0735.jpg,0,wildrf_real,Real_WildRF_train
C:\Users\angus\Desktop\tiktoktechjam2026\data\real_ext\WildRF\train\0_real\0736.jpg,0,wildrf_real,Real_WildRF_train
C:\Users\angus\Desktop\tiktoktechjam2026\data\real_ext\WildRF\train\0_real\0737.jpg,0,wildrf_real,Real_WildRF_train
C:\Users\angus\Desktop\tiktoktechjam2026\data\real_ext\WildRF\train\0_real\0738.jpg,0,wildrf_real,Real_WildRF_train
C:\Users\angus\Desktop\tiktoktechjam2026\data\real_ext\WildRF\train\0_real\0739.jpg,0,wildrf_real,Real_WildRF_train
C:\Users\angus\Desktop\tiktoktechjam2026\data\real_ext\WildRF\train\0_real\0740.png,0,wildrf_real,Real_WildRF_train
C:\Users\angus\Desktop\tiktoktechjam2026\data\real_ext\WildRF\train\0_real\0741.jpg,0,wildrf_real,Real_WildRF_train
C:\Users\angus\Desktop\tiktoktechjam2026\data\real_ext\WildRF\train\0_real\0742.jpg,0,wildrf_real,Real_WildRF_train
C:\Users\angus\Desktop\tiktoktechjam2026\data\real_ext\WildRF\train\0_real\0743.jpg,0,wildrf_real,Real_WildRF_train
C:\Users\angus\Desktop\tiktoktechjam2026\data\real_ext\WildRF\train\0_real\0744.jpg,0,wildrf_real,Real_WildRF_train
C:\Users\angus\Desktop\tiktoktechjam2026\data\real_ext\WildRF\train\0_real\0745.jpg,0,wildrf_real,Real_WildRF_train
C:\Users\angus\Desktop\tiktoktechjam2026\data\real_ext\WildRF\train\0_real\0746.jpg,0,wildrf_real,Real_WildRF_train
C:\Users\angus\Desktop\tiktoktechjam2026\data\real_ext\WildRF\train\0_real\0747.jpg,0,wildrf_real,Real_WildRF_train
C:\Users\angus\Desktop\tiktoktechjam2026\data\real_ext\WildRF\train\0_real\0748.jpg,0,wildrf_real,Real_WildRF_train
C:\Users\angus\Desktop\tiktoktechjam2026\data\real_ext\WildRF\train\0_real\0749.jpg,0,wildrf_real,Real_WildRF_train
C:\Users\angus\Desktop\tiktoktechjam2026\data\real_ext\WildRF\train\0_real\0750.jpg,0,wildrf_real,Real_WildRF_train
C:\Users\angus\Desktop\tiktoktechjam2026\data\real_ext\WildRF\train\0_real\0751.jpg,0,wildrf_real,Real_WildRF_train
C:\Users\angus\Desktop\tiktoktechjam2026\data\real_ext\WildRF\train\0_real\0752.jpg,0,wildrf_real,Real_WildRF_train
C:\Users\angus\Desktop\tiktoktechjam2026\data\real_ext\WildRF\train\0_real\0753.jpg,0,wildrf_real,Real_WildRF_train
C:\Users\angus\Desktop\tiktoktechjam2026\data\real_ext\WildRF\train\0_real\0754.jpg,0,wildrf_real,Real_WildRF_train
C:\Users\angus\Desktop\tiktoktechjam2026\data\real_ext\WildRF\train\0_real\0755.jpg,0,wildrf_real,Real_WildRF_train
C:\Users\angus\Desktop\tiktoktechjam2026\data\real_ext\WildRF\train\0_real\0756.jpg,0,wildrf_real,Real_WildRF_train
C:\Users\angus\Desktop\tiktoktechjam2026\data\real_ext\WildRF\train\0_real\0757.jpg,0,wildrf_real,Real_WildRF_train
C:\Users\angus\Desktop\tiktoktechjam2026\data\real_ext\WildRF\train\0_real\0758.jpg,0,wildrf_real,Real_WildRF_train
C:\Users\angus\Desktop\tiktoktechjam2026\data\real_ext\WildRF\train\0_real\0759.jpg,0,wildrf_real,Real_WildRF_train
C:\Users\angus\Desktop\tiktoktechjam2026\data\real_ext\WildRF\train\0_real\0760.jpg,0,wildrf_real,Real_WildRF_train
C:\Users\angus\Desktop\tiktoktechjam2026\data\real_ext\WildRF\train\0_real\0761.jpg,0,wildrf_real,Real_WildRF_train
C:\Users\angus\Desktop\tiktoktechjam2026\data\real_ext\WildRF\train\0_real\0762.jpg,0,wildrf_real,Real_WildRF_train
C:\Users\angus\Desktop\tiktoktechjam2026\data\real_ext\WildRF\train\0_real\0763.jpg,0,wildrf_real,Real_WildRF_train
C:\Users\angus\Desktop\tiktoktechjam2026\data\real_ext\WildRF\train\0_real\0764.jpg,0,wildrf_real,Real_WildRF_train
C:\Users\angus\Desktop\tiktoktechjam2026\data\real_ext\WildRF\train\0_real\0765.jpg,0,wildrf_real,Real_WildRF_train
C:\Users\angus\Desktop\tiktoktechjam2026\data\real_ext\WildRF\train\0_real\0766.jpg,0,wildrf_real,Real_WildRF_train
C:\Users\angus\Desktop\tiktoktechjam2026\data\real_ext\WildRF\train\0_real\0767.jpg,0,wildrf_real,Real_WildRF_train
C:\Users\angus\Desktop\tiktoktechjam2026\data\real_ext\WildRF\train\0_real\0768.jpg,0,wildrf_real,Real_WildRF_train
C:\Users\angus\Desktop\tiktoktechjam2026\data\real_ext\WildRF\train\0_real\0769.jpg,0,wildrf_real,Real_WildRF_train
C:\Users\angus\Desktop\tiktoktechjam2026\data\real_ext\WildRF\train\0_real\0770.jpg,0,wildrf_real,Real_WildRF_train
C:\Users\angus\Desktop\tiktoktechjam2026\data\real_ext\WildRF\train\0_real\0771.jpg,0,wildrf_real,Real_WildRF_train
C:\Users\angus\Desktop\tiktoktechjam2026\data\real_ext\WildRF\train\0_real\0772.jpg,0,wildrf_real,Real_WildRF_train
C:\Users\angus\Desktop\tiktoktechjam2026\data\real_ext\WildRF\train\0_real\0773.jpg,0,wildrf_real,Real_WildRF_train
C:\Users\angus\Desktop\tiktoktechjam2026\data\real_ext\WildRF\train\0_real\0774.jpg,0,wildrf_real,Real_WildRF_train
C:\Users\angus\Desktop\tiktoktechjam2026\data\real_ext\WildRF\train\0_real\0775.jpg,0,wildrf_real,Real_WildRF_train
C:\Users\angus\Desktop\tiktoktechjam2026\data\real_ext\WildRF\train\0_real\0776.jpg,0,wildrf_real,Real_WildRF_train
C:\Users\angus\Desktop\tiktoktechjam2026\data\real_ext\WildRF\train\0_real\0777.jpg,0,wildrf_real,Real_WildRF_train
C:\Users\angus\Desktop\tiktoktechjam2026\data\real_ext\WildRF\train\0_real\0778.jpg,0,wildrf_real,Real_WildRF_train
C:\Users\angus\Desktop\tiktoktechjam2026\data\real_ext\WildRF\train\0_real\0779.jpg,0,wildrf_real,Real_WildRF_train
C:\Users\angus\Desktop\tiktoktechjam2026\data\real_ext\WildRF\train\0_real\0780.jpg,0,wildrf_real,Real_WildRF_train
C:\Users\angus\Desktop\tiktoktechjam2026\data\real_ext\WildRF\train\0_real\0781.jpg,0,wildrf_real,Real_WildRF_train
C:\Users\angus\Desktop\tiktoktechjam2026\data\real_ext\WildRF\train\0_real\0782.jpg,0,wildrf_real,Real_WildRF_train
C:\Users\angus\Desktop\tiktoktechjam2026\data\real_ext\WildRF\train\0_real\0783.jpg,0,wildrf_real,Real_WildRF_train
C:\Users\angus\Desktop\tiktoktechjam2026\data\real_ext\WildRF\train\0_real\0784.jpg,0,wildrf_real,Real_WildRF_train
C:\Users\angus\Desktop\tiktoktechjam2026\data\real_ext\WildRF\train\0_real\0785.jpg,0,wildrf_real,Real_WildRF_train
C:\Users\angus\Desktop\tiktoktechjam2026\data\real_ext\WildRF\train\0_real\0786.jpg,0,wildrf_real,Real_WildRF_train
C:\Users\angus\Desktop\tiktoktechjam2026\data\real_ext\WildRF\train\0_real\0787.jpg,0,wildrf_real,Real_WildRF_train
C:\Users\angus\Desktop\tiktoktechjam2026\data\real_ext\WildRF\train\0_real\0788.jpg,0,wildrf_real,Real_WildRF_train
C:\Users\angus\Desktop\tiktoktechjam2026\data\real_ext\WildRF\train\0_real\0789.png,0,wildrf_real,Real_WildRF_train
C:\Users\angus\Desktop\tiktoktechjam2026\data\real_ext\WildRF\train\0_real\0790.jpg,0,wildrf_real,Real_WildRF_train
C:\Users\angus\Desktop\tiktoktechjam2026\data\real_ext\WildRF\train\0_real\0791.jpg,0,wildrf_real,Real_WildRF_train
C:\Users\angus\Desktop\tiktoktechjam2026\data\real_ext\WildRF\train\0_real\0792.jpg,0,wildrf_real,Real_WildRF_train
C:\Users\angus\Desktop\tiktoktechjam2026\data\real_ext\WildRF\train\0_real\0793.jpg,0,wildrf_real,Real_WildRF_train
C:\Users\angus\Desktop\tiktoktechjam2026\data\real_ext\WildRF\train\0_real\0794.jpg,0,wildrf_real,Real_WildRF_train
C:\Users\angus\Desktop\tiktoktechjam2026\data\real_ext\WildRF\train\0_real\0795.jpg,0,wildrf_real,Real_WildRF_train
C:\Users\angus\Desktop\tiktoktechjam2026\data\real_ext\WildRF\train\0_real\0796.jpg,0,wildrf_real,Real_WildRF_train
C:\Users\angus\Desktop\tiktoktechjam2026\data\real_ext\WildRF\train\0_real\0797.jpg,0,wildrf_real,Real_WildRF_train
C:\Users\angus\Desktop\tiktoktechjam2026\data\real_ext\WildRF\train\0_real\0798.jpg,0,wildrf_real,Real_WildRF_train
C:\Users\angus\Desktop\tiktoktechjam2026\data\real_ext\WildRF\train\0_real\0799.jpg,0,wildrf_real,Real_WildRF_train
C:\Users\angus\Desktop\tiktoktechjam2026\data\real_ext\WildRF\train\0_real\0800.jpg,0,wildrf_real,Real_WildRF_train
C:\Users\angus\Desktop\tiktoktechjam2026\data\real_ext\WildRF\train\0_real\0801.jpg,0,wildrf_real,Real_WildRF_train
C:\Users\angus\Desktop\tiktoktechjam2026\data\real_ext\WildRF\train\0_real\0802.jpg,0,wildrf_real,Real_WildRF_train
C:\Users\angus\Desktop\tiktoktechjam2026\data\real_ext\WildRF\train\0_real\0803.jpg,0,wildrf_real,Real_WildRF_train
C:\Users\angus\Desktop\tiktoktechjam2026\data\real_ext\WildRF\train\0_real\0804.jpg,0,wildrf_real,Real_WildRF_train
C:\Users\angus\Desktop\tiktoktechjam2026\data\real_ext\WildRF\train\0_real\0805.jpg,0,wildrf_real,Real_WildRF_train
C:\Users\angus\Desktop\tiktoktechjam2026\data\real_ext\WildRF\train\0_real\0806.jpg,0,wildrf_real,Real_WildRF_train
C:\Users\angus\Desktop\tiktoktechjam2026\data\real_ext\WildRF\train\0_real\0807.jpg,0,wildrf_real,Real_WildRF_train
C:\Users\angus\Desktop\tiktoktechjam2026\data\real_ext\WildRF\train\0_real\0808.jpg,0,wildrf_real,Real_WildRF_train
C:\Users\angus\Desktop\tiktoktechjam2026\data\real_ext\WildRF\train\0_real\0809.jpg,0,wildrf_real,Real_WildRF_train
C:\Users\angus\Desktop\tiktoktechjam2026\data\real_ext\WildRF\train\0_real\0810.jpg,0,wildrf_real,Real_WildRF_train
C:\Users\angus\Desktop\tiktoktechjam2026\data\real_ext\WildRF\train\0_real\0811.jpg,0,wildrf_real,Real_WildRF_train
C:\Users\angus\Desktop\tiktoktechjam2026\data\real_ext\WildRF\train\0_real\0812.jpg,0,wildrf_real,Real_WildRF_train
C:\Users\angus\Desktop\tiktoktechjam2026\data\real_ext\WildRF\train\0_real\0813.jpg,0,wildrf_real,Real_WildRF_train
C:\Users\angus\Desktop\tiktoktechjam2026\data\real_ext\WildRF\train\0_real\0814.jpg,0,wildrf_real,Real_WildRF_train
C:\Users\angus\Desktop\tiktoktechjam2026\data\real_ext\WildRF\train\0_real\0815.jpg,0,wildrf_real,Real_WildRF_train
C:\Users\angus\Desktop\tiktoktechjam2026\data\real_ext\WildRF\train\0_real\0816.jpg,0,wildrf_real,Real_WildRF_train
C:\Users\angus\Desktop\tiktoktechjam2026\data\real_ext\WildRF\train\0_real\0817.jpg,0,wildrf_real,Real_WildRF_train
C:\Users\angus\Desktop\tiktoktechjam2026\data\real_ext\WildRF\train\0_real\0818.jpg,0,wildrf_real,Real_WildRF_train
C:\Users\angus\Desktop\tiktoktechjam2026\data\real_ext\WildRF\train\0_real\0819.jpg,0,wildrf_real,Real_WildRF_train
C:\Users\angus\Desktop\tiktoktechjam2026\data\real_ext\WildRF\train\0_real\0820.jpg,0,wildrf_real,Real_WildRF_train
C:\Users\angus\Desktop\tiktoktechjam2026\data\real_ext\WildRF\train\0_real\0821.jpg,0,wildrf_real,Real_WildRF_train
C:\Users\angus\Desktop\tiktoktechjam2026\data\real_ext\WildRF\train\0_real\0822.jpg,0,wildrf_real,Real_WildRF_train
C:\Users\angus\Desktop\tiktoktechjam2026\data\real_ext\WildRF\train\0_real\0823.jpg,0,wildrf_real,Real_WildRF_train
C:\Users\angus\Desktop\tiktoktechjam2026\data\real_ext\WildRF\train\0_real\0824.jpg,0,wildrf_real,Real_WildRF_train
C:\Users\angus\Desktop\tiktoktechjam2026\data\real_ext\WildRF\train\0_real\0825.jpg,0,wildrf_real,Real_WildRF_train
C:\Users\angus\Desktop\tiktoktechjam2026\data\real_ext\WildRF\train\0_real\0826.jpg,0,wildrf_real,Real_WildRF_train
C:\Users\angus\Desktop\tiktoktechjam2026\data\real_ext\WildRF\train\0_real\0827.jpg,0,wildrf_real,Real_WildRF_train
C:\Users\angus\Desktop\tiktoktechjam2026\data\real_ext\WildRF\train\0_real\0828.jpg,0,wildrf_real,Real_WildRF_train
C:\Users\angus\Desktop\tiktoktechjam2026\data\real_ext\WildRF\train\0_real\0829.jpg,0,wildrf_real,Real_WildRF_train
C:\Users\angus\Desktop\tiktoktechjam2026\data\real_ext\WildRF\train\0_real\0830.jpg,0,wildrf_real,Real_WildRF_train
C:\Users\angus\Desktop\tiktoktechjam2026\data\real_ext\WildRF\train\0_real\0831.jpg,0,wildrf_real,Real_WildRF_train
C:\Users\angus\Desktop\tiktoktechjam2026\data\real_ext\WildRF\train\0_real\0832.jpg,0,wildrf_real,Real_WildRF_train
C:\Users\angus\Desktop\tiktoktechjam2026\data\real_ext\WildRF\train\0_real\0833.jpg,0,wildrf_real,Real_WildRF_train
C:\Users\angus\Desktop\tiktoktechjam2026\data\real_ext\WildRF\train\0_real\0834.jpg,0,wildrf_real,Real_WildRF_train
C:\Users\angus\Desktop\tiktoktechjam2026\data\real_ext\WildRF\train\0_real\0835.jpg,0,wildrf_real,Real_WildRF_train
C:\Users\angus\Desktop\tiktoktechjam2026\data\real_ext\WildRF\train\0_real\0836.jpg,0,wildrf_real,Real_WildRF_train
C:\Users\angus\Desktop\tiktoktechjam2026\data\real_ext\WildRF\train\0_real\0837.jpg,0,wildrf_real,Real_WildRF_train
C:\Users\angus\Desktop\tiktoktechjam2026\data\real_ext\WildRF\train\0_real\0838.png,0,wildrf_real,Real_WildRF_train
C:\Users\angus\Desktop\tiktoktechjam2026\data\real_ext\WildRF\train\0_real\0839.jpg,0,wildrf_real,Real_WildRF_train
C:\Users\angus\Desktop\tiktoktechjam2026\data\real_ext\WildRF\train\0_real\0840.jpg,0,wildrf_real,Real_WildRF_train
C:\Users\angus\Desktop\tiktoktechjam2026\data\real_ext\WildRF\train\0_real\0841.jpg,0,wildrf_real,Real_WildRF_train
C:\Users\angus\Desktop\tiktoktechjam2026\data\real_ext\WildRF\train\0_real\0842.jpg,0,wildrf_real,Real_WildRF_train
C:\Users\angus\Desktop\tiktoktechjam2026\data\real_ext\WildRF\train\0_real\0843.jpg,0,wildrf_real,Real_WildRF_train
C:\Users\angus\Desktop\tiktoktechjam2026\data\real_ext\WildRF\train\0_real\0844.jpg,0,wildrf_real,Real_WildRF_train
C:\Users\angus\Desktop\tiktoktechjam2026\data\real_ext\WildRF\train\0_real\0845.jpg,0,wildrf_real,Real_WildRF_train
C:\Users\angus\Desktop\tiktoktechjam2026\data\real_ext\WildRF\train\0_real\0846.jpg,0,wildrf_real,Real_WildRF_train
C:\Users\angus\Desktop\tiktoktechjam2026\data\real_ext\WildRF\train\0_real\0847.jpg,0,wildrf_real,Real_WildRF_train
C:\Users\angus\Desktop\tiktoktechjam2026\data\real_ext\WildRF\train\0_real\0848.jpg,0,wildrf_real,Real_WildRF_train
C:\Users\angus\Desktop\tiktoktechjam2026\data\real_ext\WildRF\train\0_real\0849.jpg,0,wildrf_real,Real_WildRF_train
C:\Users\angus\Desktop\tiktoktechjam2026\data\real_ext\WildRF\train\0_real\0850.jpg,0,wildrf_real,Real_WildRF_train
C:\Users\angus\Desktop\tiktoktechjam2026\data\real_ext\WildRF\train\0_real\0851.jpg,0,wildrf_real,Real_WildRF_train
C:\Users\angus\Desktop\tiktoktechjam2026\data\real_ext\WildRF\train\0_real\0852.jpg,0,wildrf_real,Real_WildRF_train
C:\Users\angus\Desktop\tiktoktechjam2026\data\real_ext\WildRF\train\0_real\0853.jpg,0,wildrf_real,Real_WildRF_train
C:\Users\angus\Desktop\tiktoktechjam2026\data\real_ext\WildRF\train\0_real\0854.jpg,0,wildrf_real,Real_WildRF_train
C:\Users\angus\Desktop\tiktoktechjam2026\data\real_ext\WildRF\train\0_real\0855.jpg,0,wildrf_real,Real_WildRF_train
C:\Users\angus\Desktop\tiktoktechjam2026\data\real_ext\WildRF\train\0_real\0856.jpg,0,wildrf_real,Real_WildRF_train
C:\Users\angus\Desktop\tiktoktechjam2026\data\real_ext\WildRF\train\0_real\0857.jpg,0,wildrf_real,Real_WildRF_train
C:\Users\angus\Desktop\tiktoktechjam2026\data\real_ext\WildRF\train\0_real\0858.jpg,0,wildrf_real,Real_WildRF_train
C:\Users\angus\Desktop\tiktoktechjam2026\data\real_ext\WildRF\train\0_real\0859.jpg,0,wildrf_real,Real_WildRF_train
C:\Users\angus\Desktop\tiktoktechjam2026\data\real_ext\WildRF\train\0_real\0860.jpg,0,wildrf_real,Real_WildRF_train
C:\Users\angus\Desktop\tiktoktechjam2026\data\real_ext\WildRF\train\0_real\0861.jpg,0,wildrf_real,Real_WildRF_train
C:\Users\angus\Desktop\tiktoktechjam2026\data\real_ext\WildRF\train\0_real\0862.jpg,0,wildrf_real,Real_WildRF_train
C:\Users\angus\Desktop\tiktoktechjam2026\data\real_ext\WildRF\train\0_real\0863.jpg,0,wildrf_real,Real_WildRF_train
C:\Users\angus\Desktop\tiktoktechjam2026\data\real_ext\WildRF\train\0_real\0864.jpg,0,wildrf_real,Real_WildRF_train
C:\Users\angus\Desktop\tiktoktechjam2026\data\real_ext\WildRF\train\0_real\0865.jpg,0,wildrf_real,Real_WildRF_train
C:\Users\angus\Desktop\tiktoktechjam2026\data\real_ext\WildRF\train\0_real\0866.jpg,0,wildrf_real,Real_WildRF_train
C:\Users\angus\Desktop\tiktoktechjam2026\data\real_ext\WildRF\train\0_real\0867.jpg,0,wildrf_real,Real_WildRF_train
C:\Users\angus\Desktop\tiktoktechjam2026\data\real_ext\WildRF\train\0_real\0868.jpg,0,wildrf_real,Real_WildRF_train
C:\Users\angus\Desktop\tiktoktechjam2026\data\real_ext\WildRF\train\0_real\0869.jpg,0,wildrf_real,Real_WildRF_train
C:\Users\angus\Desktop\tiktoktechjam2026\data\real_ext\WildRF\train\0_real\0870.jpg,0,wildrf_real,Real_WildRF_train
C:\Users\angus\Desktop\tiktoktechjam2026\data\real_ext\WildRF\train\0_real\0871.jpg,0,wildrf_real,Real_WildRF_train
C:\Users\angus\Desktop\tiktoktechjam2026\data\real_ext\WildRF\train\0_real\0872.jpg,0,wildrf_real,Real_WildRF_train
C:\Users\angus\Desktop\tiktoktechjam2026\data\real_ext\WildRF\train\0_real\0873.jpg,0,wildrf_real,Real_WildRF_train
C:\Users\angus\Desktop\tiktoktechjam2026\data\real_ext\WildRF\train\0_real\0874.jpg,0,wildrf_real,Real_WildRF_train
C:\Users\angus\Desktop\tiktoktechjam2026\data\real_ext\WildRF\train\0_real\0875.jpg,0,wildrf_real,Real_WildRF_train
C:\Users\angus\Desktop\tiktoktechjam2026\data\real_ext\WildRF\train\0_real\0876.jpg,0,wildrf_real,Real_WildRF_train
C:\Users\angus\Desktop\tiktoktechjam2026\data\real_ext\WildRF\train\0_real\0877.jpg,0,wildrf_real,Real_WildRF_train
C:\Users\angus\Desktop\tiktoktechjam2026\data\real_ext\WildRF\train\0_real\0878.jpg,0,wildrf_real,Real_WildRF_train
C:\Users\angus\Desktop\tiktoktechjam2026\data\real_ext\WildRF\train\0_real\0879.jpg,0,wildrf_real,Real_WildRF_train
C:\Users\angus\Desktop\tiktoktechjam2026\data\real_ext\WildRF\train\0_real\0880.jpg,0,wildrf_real,Real_WildRF_train
C:\Users\angus\Desktop\tiktoktechjam2026\data\real_ext\WildRF\train\0_real\0881.jpg,0,wildrf_real,Real_WildRF_train
C:\Users\angus\Desktop\tiktoktechjam2026\data\real_ext\WildRF\train\0_real\0882.jpg,0,wildrf_real,Real_WildRF_train
C:\Users\angus\Desktop\tiktoktechjam2026\data\real_ext\WildRF\train\0_real\0883.jpg,0,wildrf_real,Real_WildRF_train
C:\Users\angus\Desktop\tiktoktechjam2026\data\real_ext\WildRF\train\0_real\0884.jpg,0,wildrf_real,Real_WildRF_train
C:\Users\angus\Desktop\tiktoktechjam2026\data\real_ext\WildRF\train\0_real\0885.jpg,0,wildrf_real,Real_WildRF_train
C:\Users\angus\Desktop\tiktoktechjam2026\data\real_ext\WildRF\train\0_real\0886.jpg,0,wildrf_real,Real_WildRF_train
C:\Users\angus\Desktop\tiktoktechjam2026\data\real_ext\WildRF\train\0_real\0887.jpg,0,wildrf_real,Real_WildRF_train
C:\Users\angus\Desktop\tiktoktechjam2026\data\real_ext\WildRF\train\0_real\0888.jpg,0,wildrf_real,Real_WildRF_train
C:\Users\angus\Desktop\tiktoktechjam2026\data\real_ext\WildRF\train\0_real\0889.jpg,0,wildrf_real,Real_WildRF_train
C:\Users\angus\Desktop\tiktoktechjam2026\data\real_ext\WildRF\train\0_real\0890.jpg,0,wildrf_real,Real_WildRF_train
C:\Users\angus\Desktop\tiktoktechjam2026\data\real_ext\WildRF\train\0_real\0891.jpg,0,wildrf_real,Real_WildRF_train
C:\Users\angus\Desktop\tiktoktechjam2026\data\real_ext\WildRF\train\0_real\0892.jpg,0,wildrf_real,Real_WildRF_train
C:\Users\angus\Desktop\tiktoktechjam2026\data\real_ext\WildRF\train\0_real\0893.jpg,0,wildrf_real,Real_WildRF_train
C:\Users\angus\Desktop\tiktoktechjam2026\data\real_ext\WildRF\train\0_real\0894.jpg,0,wildrf_real,Real_WildRF_train
C:\Users\angus\Desktop\tiktoktechjam2026\data\real_ext\WildRF\train\0_real\0895.jpg,0,wildrf_real,Real_WildRF_train
C:\Users\angus\Desktop\tiktoktechjam2026\data\real_ext\WildRF\train\0_real\0896.jpg,0,wildrf_real,Real_WildRF_train
C:\Users\angus\Desktop\tiktoktechjam2026\data\real_ext\WildRF\train\0_real\0897.jpg,0,wildrf_real,Real_WildRF_train
C:\Users\angus\Desktop\tiktoktechjam2026\data\real_ext\WildRF\train\0_real\0898.png,0,wildrf_real,Real_WildRF_train
C:\Users\angus\Desktop\tiktoktechjam2026\data\real_ext\WildRF\train\0_real\0899.jpg,0,wildrf_real,Real_WildRF_train
C:\Users\angus\Desktop\tiktoktechjam2026\data\real_ext\WildRF\train\0_real\0900.jpg,0,wildrf_real,Real_WildRF_train
C:\Users\angus\Desktop\tiktoktechjam2026\data\real_ext\WildRF\train\0_real\0901.jpg,0,wildrf_real,Real_WildRF_train
C:\Users\angus\Desktop\tiktoktechjam2026\data\real_ext\WildRF\train\0_real\0902.jpg,0,wildrf_real,Real_WildRF_train
C:\Users\angus\Desktop\tiktoktechjam2026\data\real_ext\WildRF\train\0_real\0903.jpg,0,wildrf_real,Real_WildRF_train
C:\Users\angus\Desktop\tiktoktechjam2026\data\real_ext\WildRF\train\0_real\0904.jpg,0,wildrf_real,Real_WildRF_train
C:\Users\angus\Desktop\tiktoktechjam2026\data\real_ext\WildRF\train\0_real\0905.jpg,0,wildrf_real,Real_WildRF_train
C:\Users\angus\Desktop\tiktoktechjam2026\data\real_ext\WildRF\train\0_real\0906.jpg,0,wildrf_real,Real_WildRF_train
C:\Users\angus\Desktop\tiktoktechjam2026\data\real_ext\WildRF\train\0_real\0907.jpg,0,wildrf_real,Real_WildRF_train
C:\Users\angus\Desktop\tiktoktechjam2026\data\real_ext\WildRF\train\0_real\0908.jpg,0,wildrf_real,Real_WildRF_train
C:\Users\angus\Desktop\tiktoktechjam2026\data\real_ext\WildRF\train\0_real\0909.jpg,0,wildrf_real,Real_WildRF_train
C:\Users\angus\Desktop\tiktoktechjam2026\data\real_ext\WildRF\train\0_real\0910.jpg,0,wildrf_real,Real_WildRF_train
C:\Users\angus\Desktop\tiktoktechjam2026\data\real_ext\WildRF\train\0_real\0911.jpg,0,wildrf_real,Real_WildRF_train
C:\Users\angus\Desktop\tiktoktechjam2026\data\real_ext\WildRF\train\0_real\0912.jpg,0,wildrf_real,Real_WildRF_train
C:\Users\angus\Desktop\tiktoktechjam2026\data\real_ext\WildRF\train\0_real\0913.jpg,0,wildrf_real,Real_WildRF_train
C:\Users\angus\Desktop\tiktoktechjam2026\data\real_ext\WildRF\train\0_real\0914.jpg,0,wildrf_real,Real_WildRF_train
C:\Users\angus\Desktop\tiktoktechjam2026\data\real_ext\WildRF\train\0_real\0915.jpg,0,wildrf_real,Real_WildRF_train
C:\Users\angus\Desktop\tiktoktechjam2026\data\real_ext\WildRF\train\0_real\0916.jpg,0,wildrf_real,Real_WildRF_train
C:\Users\angus\Desktop\tiktoktechjam2026\data\real_ext\WildRF\train\0_real\0917.jpg,0,wildrf_real,Real_WildRF_train
C:\Users\angus\Desktop\tiktoktechjam2026\data\real_ext\WildRF\train\0_real\0918.jpg,0,wildrf_real,Real_WildRF_train
C:\Users\angus\Desktop\tiktoktechjam2026\data\real_ext\WildRF\train\0_real\0919.jpg,0,wildrf_real,Real_WildRF_train
C:\Users\angus\Desktop\tiktoktechjam2026\data\real_ext\WildRF\train\0_real\0920.jpg,0,wildrf_real,Real_WildRF_train
C:\Users\angus\Desktop\tiktoktechjam2026\data\real_ext\WildRF\train\0_real\0921.jpg,0,wildrf_real,Real_WildRF_train
C:\Users\angus\Desktop\tiktoktechjam2026\data\real_ext\WildRF\train\0_real\0922.jpg,0,wildrf_real,Real_WildRF_train
C:\Users\angus\Desktop\tiktoktechjam2026\data\real_ext\WildRF\train\0_real\0923.jpg,0,wildrf_real,Real_WildRF_train
C:\Users\angus\Desktop\tiktoktechjam2026\data\real_ext\WildRF\train\0_real\0924.jpg,0,wildrf_real,Real_WildRF_train
C:\Users\angus\Desktop\tiktoktechjam2026\data\real_ext\WildRF\train\0_real\0925.jpg,0,wildrf_real,Real_WildRF_train
C:\Users\angus\Desktop\tiktoktechjam2026\data\real_ext\WildRF\train\0_real\0926.jpg,0,wildrf_real,Real_WildRF_train
C:\Users\angus\Desktop\tiktoktechjam2026\data\real_ext\WildRF\train\0_real\0927.jpg,0,wildrf_real,Real_WildRF_train
C:\Users\angus\Desktop\tiktoktechjam2026\data\real_ext\WildRF\train\0_real\0928.jpg,0,wildrf_real,Real_WildRF_train
C:\Users\angus\Desktop\tiktoktechjam2026\data\real_ext\WildRF\train\0_real\0929.jpg,0,wildrf_real,Real_WildRF_train
C:\Users\angus\Desktop\tiktoktechjam2026\data\real_ext\WildRF\train\0_real\0930.jpg,0,wildrf_real,Real_WildRF_train
C:\Users\angus\Desktop\tiktoktechjam2026\data\real_ext\WildRF\train\0_real\0931.png,0,wildrf_real,Real_WildRF_train
C:\Users\angus\Desktop\tiktoktechjam2026\data\real_ext\WildRF\train\0_real\0932.jpg,0,wildrf_real,Real_WildRF_train
C:\Users\angus\Desktop\tiktoktechjam2026\data\real_ext\WildRF\train\0_real\0933.png,0,wildrf_real,Real_WildRF_train
C:\Users\angus\Desktop\tiktoktechjam2026\data\real_ext\WildRF\train\0_real\0934.jpg,0,wildrf_real,Real_WildRF_train
C:\Users\angus\Desktop\tiktoktechjam2026\data\real_ext\WildRF\train\0_real\0935.jpg,0,wildrf_real,Real_WildRF_train
C:\Users\angus\Desktop\tiktoktechjam2026\data\real_ext\WildRF\train\0_real\0936.jpg,0,wildrf_real,Real_WildRF_train
C:\Users\angus\Desktop\tiktoktechjam2026\data\real_ext\WildRF\train\0_real\0937.jpg,0,wildrf_real,Real_WildRF_train
C:\Users\angus\Desktop\tiktoktechjam2026\data\real_ext\WildRF\train\0_real\0938.jpg,0,wildrf_real,Real_WildRF_train
C:\Users\angus\Desktop\tiktoktechjam2026\data\real_ext\WildRF\train\0_real\0939.jpg,0,wildrf_real,Real_WildRF_train
C:\Users\angus\Desktop\tiktoktechjam2026\data\real_ext\WildRF\train\0_real\0940.jpg,0,wildrf_real,Real_WildRF_train
C:\Users\angus\Desktop\tiktoktechjam2026\data\real_ext\WildRF\train\0_real\0941.jpg,0,wildrf_real,Real_WildRF_train
C:\Users\angus\Desktop\tiktoktechjam2026\data\real_ext\WildRF\train\0_real\0942.jpg,0,wildrf_real,Real_WildRF_train
C:\Users\angus\Desktop\tiktoktechjam2026\data\real_ext\WildRF\train\0_real\0943.png,0,wildrf_real,Real_WildRF_train
C:\Users\angus\Desktop\tiktoktechjam2026\data\real_ext\WildRF\train\0_real\0944.jpg,0,wildrf_real,Real_WildRF_train
C:\Users\angus\Desktop\tiktoktechjam2026\data\real_ext\WildRF\train\0_real\0945.jpg,0,wildrf_real,Real_WildRF_train
C:\Users\angus\Desktop\tiktoktechjam2026\data\real_ext\WildRF\train\0_real\0946.jpg,0,wildrf_real,Real_WildRF_train
C:\Users\angus\Desktop\tiktoktechjam2026\data\real_ext\WildRF\train\0_real\0947.jpg,0,wildrf_real,Real_WildRF_train
C:\Users\angus\Desktop\tiktoktechjam2026\data\real_ext\WildRF\train\0_real\0948.jpg,0,wildrf_real,Real_WildRF_train
C:\Users\angus\Desktop\tiktoktechjam2026\data\real_ext\WildRF\train\0_real\0949.jpg,0,wildrf_real,Real_WildRF_train
C:\Users\angus\Desktop\tiktoktechjam2026\data\real_ext\WildRF\train\0_real\0950.jpg,0,wildrf_real,Real_WildRF_train
C:\Users\angus\Desktop\tiktoktechjam2026\data\real_ext\WildRF\train\0_real\0951.jpg,0,wildrf_real,Real_WildRF_train
C:\Users\angus\Desktop\tiktoktechjam2026\data\real_ext\WildRF\train\0_real\0952.jpg,0,wildrf_real,Real_WildRF_train
C:\Users\angus\Desktop\tiktoktechjam2026\data\real_ext\WildRF\train\0_real\0953.jpg,0,wildrf_real,Real_WildRF_train
C:\Users\angus\Desktop\tiktoktechjam2026\data\real_ext\WildRF\train\0_real\0954.jpg,0,wildrf_real,Real_WildRF_train
C:\Users\angus\Desktop\tiktoktechjam2026\data\real_ext\WildRF\train\0_real\0955.jpg,0,wildrf_real,Real_WildRF_train
C:\Users\angus\Desktop\tiktoktechjam2026\data\real_ext\WildRF\train\0_real\0956.jpg,0,wildrf_real,Real_WildRF_train
C:\Users\angus\Desktop\tiktoktechjam2026\data\real_ext\WildRF\train\0_real\0957.png,0,wildrf_real,Real_WildRF_train
C:\Users\angus\Desktop\tiktoktechjam2026\data\real_ext\WildRF\train\0_real\0958.jpg,0,wildrf_real,Real_WildRF_train
C:\Users\angus\Desktop\tiktoktechjam2026\data\real_ext\WildRF\train\0_real\0959.jpg,0,wildrf_real,Real_WildRF_train
C:\Users\angus\Desktop\tiktoktechjam2026\data\real_ext\WildRF\train\0_real\0960.jpg,0,wildrf_real,Real_WildRF_train
C:\Users\angus\Desktop\tiktoktechjam2026\data\real_ext\WildRF\train\0_real\0961.jpg,0,wildrf_real,Real_WildRF_train
C:\Users\angus\Desktop\tiktoktechjam2026\data\real_ext\WildRF\train\0_real\0962.jpg,0,wildrf_real,Real_WildRF_train
C:\Users\angus\Desktop\tiktoktechjam2026\data\real_ext\WildRF\train\0_real\0963.jpg,0,wildrf_real,Real_WildRF_train
C:\Users\angus\Desktop\tiktoktechjam2026\data\real_ext\WildRF\train\0_real\0964.jpg,0,wildrf_real,Real_WildRF_train
C:\Users\angus\Desktop\tiktoktechjam2026\data\real_ext\WildRF\train\0_real\0965.jpg,0,wildrf_real,Real_WildRF_train
C:\Users\angus\Desktop\tiktoktechjam2026\data\real_ext\WildRF\train\0_real\0966.jpg,0,wildrf_real,Real_WildRF_train
C:\Users\angus\Desktop\tiktoktechjam2026\data\real_ext\WildRF\train\0_real\0967.jpg,0,wildrf_real,Real_WildRF_train
C:\Users\angus\Desktop\tiktoktechjam2026\data\real_ext\WildRF\train\0_real\0968.jpg,0,wildrf_real,Real_WildRF_train
C:\Users\angus\Desktop\tiktoktechjam2026\data\real_ext\WildRF\train\0_real\0969.jpg,0,wildrf_real,Real_WildRF_train
C:\Users\angus\Desktop\tiktoktechjam2026\data\real_ext\WildRF\train\0_real\0970.jpg,0,wildrf_real,Real_WildRF_train
C:\Users\angus\Desktop\tiktoktechjam2026\data\real_ext\WildRF\train\0_real\0971.jpg,0,wildrf_real,Real_WildRF_train
C:\Users\angus\Desktop\tiktoktechjam2026\data\real_ext\WildRF\train\0_real\0972.jpg,0,wildrf_real,Real_WildRF_train
C:\Users\angus\Desktop\tiktoktechjam2026\data\real_ext\WildRF\train\0_real\0973.jpg,0,wildrf_real,Real_WildRF_train
C:\Users\angus\Desktop\tiktoktechjam2026\data\real_ext\WildRF\train\0_real\0974.jpg,0,wildrf_real,Real_WildRF_train
C:\Users\angus\Desktop\tiktoktechjam2026\data\real_ext\WildRF\train\0_real\0975.jpg,0,wildrf_real,Real_WildRF_train
C:\Users\angus\Desktop\tiktoktechjam2026\data\real_ext\WildRF\train\0_real\0976.jpg,0,wildrf_real,Real_WildRF_train
C:\Users\angus\Desktop\tiktoktechjam2026\data\real_ext\WildRF\train\0_real\0977.jpg,0,wildrf_real,Real_WildRF_train
C:\Users\angus\Desktop\tiktoktechjam2026\data\real_ext\WildRF\train\0_real\0978.jpg,0,wildrf_real,Real_WildRF_train
C:\Users\angus\Desktop\tiktoktechjam2026\data\real_ext\WildRF\train\0_real\0979.jpg,0,wildrf_real,Real_WildRF_train
C:\Users\angus\Desktop\tiktoktechjam2026\data\real_ext\WildRF\train\0_real\0980.jpg,0,wildrf_real,Real_WildRF_train
C:\Users\angus\Desktop\tiktoktechjam2026\data\real_ext\WildRF\train\0_real\0981.jpg,0,wildrf_real,Real_WildRF_train
C:\Users\angus\Desktop\tiktoktechjam2026\data\real_ext\WildRF\train\0_real\0982.jpg,0,wildrf_real,Real_WildRF_train
C:\Users\angus\Desktop\tiktoktechjam2026\data\real_ext\WildRF\train\0_real\0983.jpg,0,wildrf_real,Real_WildRF_train
C:\Users\angus\Desktop\tiktoktechjam2026\data\real_ext\WildRF\train\0_real\0984.jpg,0,wildrf_real,Real_WildRF_train
C:\Users\angus\Desktop\tiktoktechjam2026\data\real_ext\WildRF\train\0_real\0985.jpg,0,wildrf_real,Real_WildRF_train
C:\Users\angus\Desktop\tiktoktechjam2026\data\real_ext\WildRF\train\0_real\0986.jpg,0,wildrf_real,Real_WildRF_train
C:\Users\angus\Desktop\tiktoktechjam2026\data\real_ext\WildRF\train\0_real\0987.jpg,0,wildrf_real,Real_WildRF_train
C:\Users\angus\Desktop\tiktoktechjam2026\data\real_ext\WildRF\train\0_real\0988.jpg,0,wildrf_real,Real_WildRF_train
C:\Users\angus\Desktop\tiktoktechjam2026\data\real_ext\WildRF\train\0_real\0989.jpg,0,wildrf_real,Real_WildRF_train
C:\Users\angus\Desktop\tiktoktechjam2026\data\real_ext\WildRF\train\0_real\0990.jpg,0,wildrf_real,Real_WildRF_train
C:\Users\angus\Desktop\tiktoktechjam2026\data\real_ext\WildRF\train\0_real\0991.jpg,0,wildrf_real,Real_WildRF_train
C:\Users\angus\Desktop\tiktoktechjam2026\data\real_ext\WildRF\train\0_real\0992.jpg,0,wildrf_real,Real_WildRF_train
C:\Users\angus\Desktop\tiktoktechjam2026\data\real_ext\WildRF\train\0_real\0993.jpg,0,wildrf_real,Real_WildRF_train
C:\Users\angus\Desktop\tiktoktechjam2026\data\real_ext\WildRF\train\0_real\0994.jpg,0,wildrf_real,Real_WildRF_train
C:\Users\angus\Desktop\tiktoktechjam2026\data\real_ext\WildRF\train\0_real\0995.jpg,0,wildrf_real,Real_WildRF_train
C:\Users\angus\Desktop\tiktoktechjam2026\data\real_ext\WildRF\train\0_real\0996.jpg,0,wildrf_real,Real_WildRF_train
C:\Users\angus\Desktop\tiktoktechjam2026\data\real_ext\WildRF\train\0_real\0997.jpg,0,wildrf_real,Real_WildRF_train
C:\Users\angus\Desktop\tiktoktechjam2026\data\real_ext\WildRF\train\0_real\0998.jpg,0,wildrf_real,Real_WildRF_train
C:\Users\angus\Desktop\tiktoktechjam2026\data\real_ext\WildRF\train\0_real\0999.jpg,0,wildrf_real,Real_WildRF_train
C:\Users\angus\Desktop\tiktoktechjam2026\data\real_ext\WildRF\train\0_real\1000.jpg,0,wildrf_real,Real_WildRF_train
C:\Users\angus\Desktop\tiktoktechjam2026\data\real_ext\WildRF\train\0_real\1001.jpg,0,wildrf_real,Real_WildRF_train
C:\Users\angus\Desktop\tiktoktechjam2026\data\real_ext\WildRF\train\0_real\1002.jpg,0,wildrf_real,Real_WildRF_train
C:\Users\angus\Desktop\tiktoktechjam2026\data\real_ext\WildRF\train\0_real\1003.jpg,0,wildrf_real,Real_WildRF_train
C:\Users\angus\Desktop\tiktoktechjam2026\data\real_ext\WildRF\train\0_real\1004.jpg,0,wildrf_real,Real_WildRF_train
C:\Users\angus\Desktop\tiktoktechjam2026\data\real_ext\WildRF\train\0_real\1005.jpg,0,wildrf_real,Real_WildRF_train
C:\Users\angus\Desktop\tiktoktechjam2026\data\real_ext\WildRF\train\0_real\1006.jpg,0,wildrf_real,Real_WildRF_train
C:\Users\angus\Desktop\tiktoktechjam2026\data\real_ext\WildRF\train\0_real\1007.jpg,0,wildrf_real,Real_WildRF_train
C:\Users\angus\Desktop\tiktoktechjam2026\data\real_ext\WildRF\train\0_real\1008.jpg,0,wildrf_real,Real_WildRF_train
C:\Users\angus\Desktop\tiktoktechjam2026\data\real_ext\WildRF\train\0_real\1009.jpg,0,wildrf_real,Real_WildRF_train
C:\Users\angus\Desktop\tiktoktechjam2026\data\real_ext\WildRF\train\0_real\1010.png,0,wildrf_real,Real_WildRF_train
C:\Users\angus\Desktop\tiktoktechjam2026\data\real_ext\WildRF\train\0_real\1011.jpg,0,wildrf_real,Real_WildRF_train
C:\Users\angus\Desktop\tiktoktechjam2026\data\real_ext\WildRF\train\0_real\1012.jpg,0,wildrf_real,Real_WildRF_train
C:\Users\angus\Desktop\tiktoktechjam2026\data\real_ext\WildRF\train\0_real\1013.jpg,0,wildrf_real,Real_WildRF_train
C:\Users\angus\Desktop\tiktoktechjam2026\data\real_ext\WildRF\train\0_real\1014.jpg,0,wildrf_real,Real_WildRF_train
C:\Users\angus\Desktop\tiktoktechjam2026\data\real_ext\WildRF\train\0_real\1015.jpg,0,wildrf_real,Real_WildRF_train
C:\Users\angus\Desktop\tiktoktechjam2026\data\real_ext\WildRF\train\0_real\1016.jpg,0,wildrf_real,Real_WildRF_train
C:\Users\angus\Desktop\tiktoktechjam2026\data\real_ext\WildRF\train\0_real\1017.jpg,0,wildrf_real,Real_WildRF_train
C:\Users\angus\Desktop\tiktoktechjam2026\data\real_ext\WildRF\train\0_real\1018.jpg,0,wildrf_real,Real_WildRF_train
C:\Users\angus\Desktop\tiktoktechjam2026\data\real_ext\WildRF\train\0_real\1019.jpg,0,wildrf_real,Real_WildRF_train
C:\Users\angus\Desktop\tiktoktechjam2026\data\real_ext\WildRF\train\0_real\1020.jpg,0,wildrf_real,Real_WildRF_train
C:\Users\angus\Desktop\tiktoktechjam2026\data\real_ext\WildRF\train\0_real\1021.jpg,0,wildrf_real,Real_WildRF_train
C:\Users\angus\Desktop\tiktoktechjam2026\data\real_ext\WildRF\train\0_real\1022.jpg,0,wildrf_real,Real_WildRF_train
C:\Users\angus\Desktop\tiktoktechjam2026\data\real_ext\WildRF\train\0_real\1023.jpg,0,wildrf_real,Real_WildRF_train
C:\Users\angus\Desktop\tiktoktechjam2026\data\real_ext\WildRF\train\0_real\1024.jpg,0,wildrf_real,Real_WildRF_train
C:\Users\angus\Desktop\tiktoktechjam2026\data\real_ext\WildRF\train\0_real\1025.jpg,0,wildrf_real,Real_WildRF_train
C:\Users\angus\Desktop\tiktoktechjam2026\data\real_ext\WildRF\train\0_real\1026.jpg,0,wildrf_real,Real_WildRF_train
C:\Users\angus\Desktop\tiktoktechjam2026\data\real_ext\WildRF\train\0_real\1027.jpg,0,wildrf_real,Real_WildRF_train
C:\Users\angus\Desktop\tiktoktechjam2026\data\real_ext\WildRF\train\0_real\1028.jpg,0,wildrf_real,Real_WildRF_train
C:\Users\angus\Desktop\tiktoktechjam2026\data\real_ext\WildRF\train\0_real\1029.jpg,0,wildrf_real,Real_WildRF_train
C:\Users\angus\Desktop\tiktoktechjam2026\data\real_ext\WildRF\train\0_real\1030.jpg,0,wildrf_real,Real_WildRF_train
C:\Users\angus\Desktop\tiktoktechjam2026\data\real_ext\WildRF\train\0_real\1031.jpg,0,wildrf_real,Real_WildRF_train
C:\Users\angus\Desktop\tiktoktechjam2026\data\real_ext\WildRF\train\0_real\1032.jpg,0,wildrf_real,Real_WildRF_train
C:\Users\angus\Desktop\tiktoktechjam2026\data\real_ext\WildRF\train\0_real\1033.jpg,0,wildrf_real,Real_WildRF_train
C:\Users\angus\Desktop\tiktoktechjam2026\data\real_ext\WildRF\train\0_real\1034.png,0,wildrf_real,Real_WildRF_train
C:\Users\angus\Desktop\tiktoktechjam2026\data\real_ext\WildRF\train\0_real\1035.jpg,0,wildrf_real,Real_WildRF_train
C:\Users\angus\Desktop\tiktoktechjam2026\data\real_ext\WildRF\train\0_real\1036.jpg,0,wildrf_real,Real_WildRF_train
C:\Users\angus\Desktop\tiktoktechjam2026\data\real_ext\WildRF\train\0_real\1037.jpg,0,wildrf_real,Real_WildRF_train
C:\Users\angus\Desktop\tiktoktechjam2026\data\real_ext\WildRF\train\0_real\1038.jpg,0,wildrf_real,Real_WildRF_train
C:\Users\angus\Desktop\tiktoktechjam2026\data\real_ext\WildRF\train\0_real\1039.jpg,0,wildrf_real,Real_WildRF_train
C:\Users\angus\Desktop\tiktoktechjam2026\data\real_ext\WildRF\train\0_real\1040.jpg,0,wildrf_real,Real_WildRF_train
C:\Users\angus\Desktop\tiktoktechjam2026\data\real_ext\WildRF\train\0_real\1041.jpg,0,wildrf_real,Real_WildRF_train
C:\Users\angus\Desktop\tiktoktechjam2026\data\real_ext\WildRF\train\0_real\1042.jpg,0,wildrf_real,Real_WildRF_train
C:\Users\angus\Desktop\tiktoktechjam2026\data\real_ext\WildRF\train\0_real\1043.jpg,0,wildrf_real,Real_WildRF_train
C:\Users\angus\Desktop\tiktoktechjam2026\data\real_ext\WildRF\train\0_real\1044.jpg,0,wildrf_real,Real_WildRF_train
C:\Users\angus\Desktop\tiktoktechjam2026\data\real_ext\WildRF\train\0_real\1045.jpg,0,wildrf_real,Real_WildRF_train
C:\Users\angus\Desktop\tiktoktechjam2026\data\real_ext\WildRF\train\0_real\1046.jpg,0,wildrf_real,Real_WildRF_train
C:\Users\angus\Desktop\tiktoktechjam2026\data\real_ext\WildRF\train\0_real\1047.png,0,wildrf_real,Real_WildRF_train
C:\Users\angus\Desktop\tiktoktechjam2026\data\real_ext\WildRF\train\0_real\1048.jpg,0,wildrf_real,Real_WildRF_train
C:\Users\angus\Desktop\tiktoktechjam2026\data\real_ext\WildRF\train\0_real\1049.jpg,0,wildrf_real,Real_WildRF_train
C:\Users\angus\Desktop\tiktoktechjam2026\data\real_ext\WildRF\train\0_real\1050.jpg,0,wildrf_real,Real_WildRF_train
C:\Users\angus\Desktop\tiktoktechjam2026\data\real_ext\WildRF\train\0_real\1051.jpg,0,wildrf_real,Real_WildRF_train
C:\Users\angus\Desktop\tiktoktechjam2026\data\real_ext\WildRF\train\0_real\1052.png,0,wildrf_real,Real_WildRF_train
C:\Users\angus\Desktop\tiktoktechjam2026\data\real_ext\WildRF\train\0_real\1053.jpg,0,wildrf_real,Real_WildRF_train
C:\Users\angus\Desktop\tiktoktechjam2026\data\real_ext\WildRF\train\0_real\1054.jpg,0,wildrf_real,Real_WildRF_train
C:\Users\angus\Desktop\tiktoktechjam2026\data\real_ext\WildRF\train\0_real\1055.jpg,0,wildrf_real,Real_WildRF_train
C:\Users\angus\Desktop\tiktoktechjam2026\data\real_ext\WildRF\train\0_real\1056.jpg,0,wildrf_real,Real_WildRF_train
C:\Users\angus\Desktop\tiktoktechjam2026\data\real_ext\WildRF\train\0_real\1057.jpg,0,wildrf_real,Real_WildRF_train
C:\Users\angus\Desktop\tiktoktechjam2026\data\real_ext\WildRF\train\0_real\1058.jpg,0,wildrf_real,Real_WildRF_train
C:\Users\angus\Desktop\tiktoktechjam2026\data\real_ext\WildRF\train\0_real\1059.jpg,0,wildrf_real,Real_WildRF_train
C:\Users\angus\Desktop\tiktoktechjam2026\data\real_ext\WildRF\train\0_real\1060.jpg,0,wildrf_real,Real_WildRF_train
C:\Users\angus\Desktop\tiktoktechjam2026\data\real_ext\WildRF\train\0_real\1061.jpg,0,wildrf_real,Real_WildRF_train
C:\Users\angus\Desktop\tiktoktechjam2026\data\real_ext\WildRF\train\0_real\1062.jpg,0,wildrf_real,Real_WildRF_train
C:\Users\angus\Desktop\tiktoktechjam2026\data\real_ext\WildRF\train\0_real\1063.jpg,0,wildrf_real,Real_WildRF_train
C:\Users\angus\Desktop\tiktoktechjam2026\data\real_ext\WildRF\train\0_real\1064.jpg,0,wildrf_real,Real_WildRF_train
C:\Users\angus\Desktop\tiktoktechjam2026\data\real_ext\WildRF\train\0_real\1065.jpg,0,wildrf_real,Real_WildRF_train
C:\Users\angus\Desktop\tiktoktechjam2026\data\real_ext\WildRF\train\0_real\1066.jpg,0,wildrf_real,Real_WildRF_train
C:\Users\angus\Desktop\tiktoktechjam2026\data\real_ext\WildRF\train\0_real\1067.jpg,0,wildrf_real,Real_WildRF_train
C:\Users\angus\Desktop\tiktoktechjam2026\data\real_ext\WildRF\train\0_real\1068.jpg,0,wildrf_real,Real_WildRF_train
C:\Users\angus\Desktop\tiktoktechjam2026\data\real_ext\WildRF\train\0_real\1069.jpg,0,wildrf_real,Real_WildRF_train
C:\Users\angus\Desktop\tiktoktechjam2026\data\real_ext\WildRF\train\0_real\1070.jpg,0,wildrf_real,Real_WildRF_train
C:\Users\angus\Desktop\tiktoktechjam2026\data\real_ext\WildRF\train\0_real\1071.jpg,0,wildrf_real,Real_WildRF_train
C:\Users\angus\Desktop\tiktoktechjam2026\data\real_ext\WildRF\train\0_real\1072.jpg,0,wildrf_real,Real_WildRF_train
C:\Users\angus\Desktop\tiktoktechjam2026\data\real_ext\WildRF\train\0_real\1073.jpg,0,wildrf_real,Real_WildRF_train
C:\Users\angus\Desktop\tiktoktechjam2026\data\real_ext\WildRF\train\0_real\1074.png,0,wildrf_real,Real_WildRF_train
C:\Users\angus\Desktop\tiktoktechjam2026\data\real_ext\WildRF\train\0_real\1075.jpg,0,wildrf_real,Real_WildRF_train
C:\Users\angus\Desktop\tiktoktechjam2026\data\real_ext\WildRF\train\0_real\1076.jpg,0,wildrf_real,Real_WildRF_train
C:\Users\angus\Desktop\tiktoktechjam2026\data\real_ext\WildRF\train\0_real\1077.jpg,0,wildrf_real,Real_WildRF_train
C:\Users\angus\Desktop\tiktoktechjam2026\data\real_ext\WildRF\train\0_real\1078.jpg,0,wildrf_real,Real_WildRF_train
C:\Users\angus\Desktop\tiktoktechjam2026\data\real_ext\WildRF\train\0_real\1079.jpg,0,wildrf_real,Real_WildRF_train
C:\Users\angus\Desktop\tiktoktechjam2026\data\real_ext\WildRF\train\0_real\1080.jpg,0,wildrf_real,Real_WildRF_train
C:\Users\angus\Desktop\tiktoktechjam2026\data\real_ext\WildRF\train\0_real\1081.jpg,0,wildrf_real,Real_WildRF_train
C:\Users\angus\Desktop\tiktoktechjam2026\data\real_ext\WildRF\train\0_real\1082.png,0,wildrf_real,Real_WildRF_train
C:\Users\angus\Desktop\tiktoktechjam2026\data\real_ext\WildRF\train\0_real\1083.jpg,0,wildrf_real,Real_WildRF_train
C:\Users\angus\Desktop\tiktoktechjam2026\data\real_ext\WildRF\train\0_real\1084.jpg,0,wildrf_real,Real_WildRF_train
C:\Users\angus\Desktop\tiktoktechjam2026\data\real_ext\WildRF\train\0_real\1085.jpg,0,wildrf_real,Real_WildRF_train
C:\Users\angus\Desktop\tiktoktechjam2026\data\real_ext\WildRF\train\0_real\1086.jpg,0,wildrf_real,Real_WildRF_train
C:\Users\angus\Desktop\tiktoktechjam2026\data\real_ext\WildRF\train\0_real\1087.jpg,0,wildrf_real,Real_WildRF_train
C:\Users\angus\Desktop\tiktoktechjam2026\data\real_ext\WildRF\train\0_real\1088.jpg,0,wildrf_real,Real_WildRF_train
C:\Users\angus\Desktop\tiktoktechjam2026\data\real_ext\WildRF\train\0_real\1089.jpg,0,wildrf_real,Real_WildRF_train
C:\Users\angus\Desktop\tiktoktechjam2026\data\real_ext\WildRF\train\0_real\1090.jpg,0,wildrf_real,Real_WildRF_train
C:\Users\angus\Desktop\tiktoktechjam2026\data\real_ext\WildRF\train\0_real\1091.jpg,0,wildrf_real,Real_WildRF_train
C:\Users\angus\Desktop\tiktoktechjam2026\data\real_ext\WildRF\train\0_real\1092.jpg,0,wildrf_real,Real_WildRF_train
C:\Users\angus\Desktop\tiktoktechjam2026\data\real_ext\WildRF\train\0_real\1093.jpg,0,wildrf_real,Real_WildRF_train
C:\Users\angus\Desktop\tiktoktechjam2026\data\real_ext\WildRF\train\0_real\1094.jpg,0,wildrf_real,Real_WildRF_train
C:\Users\angus\Desktop\tiktoktechjam2026\data\real_ext\WildRF\train\0_real\1095.jpg,0,wildrf_real,Real_WildRF_train
C:\Users\angus\Desktop\tiktoktechjam2026\data\real_ext\WildRF\train\0_real\1096.jpg,0,wildrf_real,Real_WildRF_train
C:\Users\angus\Desktop\tiktoktechjam2026\data\real_ext\WildRF\train\0_real\1097.jpg,0,wildrf_real,Real_WildRF_train
C:\Users\angus\Desktop\tiktoktechjam2026\data\real_ext\WildRF\train\0_real\1098.jpg,0,wildrf_real,Real_WildRF_train
C:\Users\angus\Desktop\tiktoktechjam2026\data\real_ext\WildRF\train\0_real\1099.jpg,0,wildrf_real,Real_WildRF_train
C:\Users\angus\Desktop\tiktoktechjam2026\data\real_ext\WildRF\train\0_real\1100.jpg,0,wildrf_real,Real_WildRF_train
C:\Users\angus\Desktop\tiktoktechjam2026\data\real_ext\WildRF\train\0_real\1101.jpg,0,wildrf_real,Real_WildRF_train
C:\Users\angus\Desktop\tiktoktechjam2026\data\real_ext\WildRF\train\0_real\1102.jpg,0,wildrf_real,Real_WildRF_train
C:\Users\angus\Desktop\tiktoktechjam2026\data\real_ext\WildRF\train\0_real\1103.jpg,0,wildrf_real,Real_WildRF_train
C:\Users\angus\Desktop\tiktoktechjam2026\data\real_ext\WildRF\train\0_real\1104.jpg,0,wildrf_real,Real_WildRF_train
C:\Users\angus\Desktop\tiktoktechjam2026\data\real_ext\WildRF\train\0_real\1105.jpg,0,wildrf_real,Real_WildRF_train
C:\Users\angus\Desktop\tiktoktechjam2026\data\real_ext\WildRF\train\0_real\1106.jpg,0,wildrf_real,Real_WildRF_train
C:\Users\angus\Desktop\tiktoktechjam2026\data\real_ext\WildRF\train\0_real\1107.jpg,0,wildrf_real,Real_WildRF_train
C:\Users\angus\Desktop\tiktoktechjam2026\data\real_ext\WildRF\train\0_real\1108.jpg,0,wildrf_real,Real_WildRF_train
C:\Users\angus\Desktop\tiktoktechjam2026\data\real_ext\WildRF\train\0_real\1109.jpg,0,wildrf_real,Real_WildRF_train
C:\Users\angus\Desktop\tiktoktechjam2026\data\real_ext\WildRF\train\0_real\1110.jpg,0,wildrf_real,Real_WildRF_train
C:\Users\angus\Desktop\tiktoktechjam2026\data\real_ext\WildRF\train\0_real\1111.jpg,0,wildrf_real,Real_WildRF_train
C:\Users\angus\Desktop\tiktoktechjam2026\data\real_ext\WildRF\train\0_real\1112.jpg,0,wildrf_real,Real_WildRF_train
C:\Users\angus\Desktop\tiktoktechjam2026\data\real_ext\WildRF\train\0_real\1113.jpg,0,wildrf_real,Real_WildRF_train
C:\Users\angus\Desktop\tiktoktechjam2026\data\real_ext\WildRF\train\0_real\1114.jpg,0,wildrf_real,Real_WildRF_train
C:\Users\angus\Desktop\tiktoktechjam2026\data\real_ext\WildRF\train\0_real\1115.png,0,wildrf_real,Real_WildRF_train
C:\Users\angus\Desktop\tiktoktechjam2026\data\real_ext\WildRF\train\0_real\1116.jpg,0,wildrf_real,Real_WildRF_train
C:\Users\angus\Desktop\tiktoktechjam2026\data\real_ext\WildRF\train\0_real\1117.jpg,0,wildrf_real,Real_WildRF_train
C:\Users\angus\Desktop\tiktoktechjam2026\data\real_ext\WildRF\train\0_real\1118.jpg,0,wildrf_real,Real_WildRF_train
C:\Users\angus\Desktop\tiktoktechjam2026\data\real_ext\WildRF\train\0_real\1119.jpg,0,wildrf_real,Real_WildRF_train
C:\Users\angus\Desktop\tiktoktechjam2026\data\real_ext\WildRF\train\0_real\1120.jpg,0,wildrf_real,Real_WildRF_train
C:\Users\angus\Desktop\tiktoktechjam2026\data\real_ext\WildRF\train\0_real\1121.jpg,0,wildrf_real,Real_WildRF_train
C:\Users\angus\Desktop\tiktoktechjam2026\data\real_ext\WildRF\train\0_real\1122.jpg,0,wildrf_real,Real_WildRF_train
C:\Users\angus\Desktop\tiktoktechjam2026\data\real_ext\WildRF\train\0_real\1123.jpg,0,wildrf_real,Real_WildRF_train
C:\Users\angus\Desktop\tiktoktechjam2026\data\real_ext\WildRF\train\0_real\1124.jpg,0,wildrf_real,Real_WildRF_train
C:\Users\angus\Desktop\tiktoktechjam2026\data\real_ext\WildRF\train\0_real\1125.jpg,0,wildrf_real,Real_WildRF_train
C:\Users\angus\Desktop\tiktoktechjam2026\data\real_ext\WildRF\train\0_real\1126.jpg,0,wildrf_real,Real_WildRF_train
C:\Users\angus\Desktop\tiktoktechjam2026\data\real_ext\WildRF\train\0_real\1127.jpg,0,wildrf_real,Real_WildRF_train
C:\Users\angus\Desktop\tiktoktechjam2026\data\real_ext\WildRF\train\0_real\1128.jpg,0,wildrf_real,Real_WildRF_train
C:\Users\angus\Desktop\tiktoktechjam2026\data\real_ext\WildRF\train\0_real\1129.jpg,0,wildrf_real,Real_WildRF_train
C:\Users\angus\Desktop\tiktoktechjam2026\data\real_ext\WildRF\train\0_real\1130.jpg,0,wildrf_real,Real_WildRF_train
C:\Users\angus\Desktop\tiktoktechjam2026\data\real_ext\WildRF\train\0_real\1131.jpg,0,wildrf_real,Real_WildRF_train
C:\Users\angus\Desktop\tiktoktechjam2026\data\real_ext\WildRF\train\0_real\1132.jpg,0,wildrf_real,Real_WildRF_train
C:\Users\angus\Desktop\tiktoktechjam2026\data\real_ext\WildRF\train\0_real\1133.jpg,0,wildrf_real,Real_WildRF_train
C:\Users\angus\Desktop\tiktoktechjam2026\data\real_ext\WildRF\train\0_real\1134.jpg,0,wildrf_real,Real_WildRF_train
C:\Users\angus\Desktop\tiktoktechjam2026\data\real_ext\WildRF\train\0_real\1135.jpg,0,wildrf_real,Real_WildRF_train
C:\Users\angus\Desktop\tiktoktechjam2026\data\real_ext\WildRF\train\0_real\1136.jpg,0,wildrf_real,Real_WildRF_train
C:\Users\angus\Desktop\tiktoktechjam2026\data\real_ext\WildRF\train\0_real\1137.jpg,0,wildrf_real,Real_WildRF_train
C:\Users\angus\Desktop\tiktoktechjam2026\data\real_ext\WildRF\train\0_real\1138.jpg,0,wildrf_real,Real_WildRF_train
C:\Users\angus\Desktop\tiktoktechjam2026\data\real_ext\WildRF\train\0_real\1139.jpg,0,wildrf_real,Real_WildRF_train
C:\Users\angus\Desktop\tiktoktechjam2026\data\real_ext\WildRF\train\0_real\1140.jpg,0,wildrf_real,Real_WildRF_train
C:\Users\angus\Desktop\tiktoktechjam2026\data\real_ext\WildRF\train\0_real\1141.jpg,0,wildrf_real,Real_WildRF_train
C:\Users\angus\Desktop\tiktoktechjam2026\data\real_ext\WildRF\train\0_real\1142.jpg,0,wildrf_real,Real_WildRF_train
C:\Users\angus\Desktop\tiktoktechjam2026\data\real_ext\WildRF\train\0_real\1143.jpg,0,wildrf_real,Real_WildRF_train
C:\Users\angus\Desktop\tiktoktechjam2026\data\real_ext\WildRF\train\0_real\1144.jpg,0,wildrf_real,Real_WildRF_train
C:\Users\angus\Desktop\tiktoktechjam2026\data\real_ext\WildRF\train\0_real\1145.jpg,0,wildrf_real,Real_WildRF_train
C:\Users\angus\Desktop\tiktoktechjam2026\data\real_ext\WildRF\train\0_real\1146.jpg,0,wildrf_real,Real_WildRF_train
C:\Users\angus\Desktop\tiktoktechjam2026\data\real_ext\WildRF\train\0_real\1147.jpg,0,wildrf_real,Real_WildRF_train
C:\Users\angus\Desktop\tiktoktechjam2026\data\real_ext\WildRF\train\0_real\1148.png,0,wildrf_real,Real_WildRF_train
C:\Users\angus\Desktop\tiktoktechjam2026\data\real_ext\WildRF\train\0_real\1149.jpg,0,wildrf_real,Real_WildRF_train
C:\Users\angus\Desktop\tiktoktechjam2026\data\real_ext\WildRF\train\0_real\1150.jpg,0,wildrf_real,Real_WildRF_train
C:\Users\angus\Desktop\tiktoktechjam2026\data\real_ext\WildRF\train\0_real\1151.jpg,0,wildrf_real,Real_WildRF_train
C:\Users\angus\Desktop\tiktoktechjam2026\data\real_ext\WildRF\train\0_real\1152.jpg,0,wildrf_real,Real_WildRF_train
C:\Users\angus\Desktop\tiktoktechjam2026\data\real_ext\WildRF\train\0_real\1153.jpg,0,wildrf_real,Real_WildRF_train
C:\Users\angus\Desktop\tiktoktechjam2026\data\real_ext\WildRF\train\0_real\1154.jpg,0,wildrf_real,Real_WildRF_train
C:\Users\angus\Desktop\tiktoktechjam2026\data\real_ext\WildRF\train\0_real\1155.jpg,0,wildrf_real,Real_WildRF_train
C:\Users\angus\Desktop\tiktoktechjam2026\data\real_ext\WildRF\train\0_real\1156.jpg,0,wildrf_real,Real_WildRF_train
C:\Users\angus\Desktop\tiktoktechjam2026\data\real_ext\WildRF\train\0_real\1157.jpg,0,wildrf_real,Real_WildRF_train
C:\Users\angus\Desktop\tiktoktechjam2026\data\real_ext\WildRF\train\0_real\1158.jpg,0,wildrf_real,Real_WildRF_train
C:\Users\angus\Desktop\tiktoktechjam2026\data\real_ext\WildRF\train\0_real\1159.jpg,0,wildrf_real,Real_WildRF_train
C:\Users\angus\Desktop\tiktoktechjam2026\data\real_ext\WildRF\train\0_real\1160.jpg,0,wildrf_real,Real_WildRF_train
C:\Users\angus\Desktop\tiktoktechjam2026\data\real_ext\WildRF\train\0_real\1161.jpg,0,wildrf_real,Real_WildRF_train
C:\Users\angus\Desktop\tiktoktechjam2026\data\real_ext\WildRF\train\0_real\1162.jpg,0,wildrf_real,Real_WildRF_train
C:\Users\angus\Desktop\tiktoktechjam2026\data\real_ext\WildRF\train\0_real\1163.jpg,0,wildrf_real,Real_WildRF_train
C:\Users\angus\Desktop\tiktoktechjam2026\data\real_ext\WildRF\train\0_real\1164.jpg,0,wildrf_real,Real_WildRF_train
C:\Users\angus\Desktop\tiktoktechjam2026\data\real_ext\WildRF\train\0_real\1165.jpg,0,wildrf_real,Real_WildRF_train
C:\Users\angus\Desktop\tiktoktechjam2026\data\real_ext\WildRF\train\0_real\1166.jpg,0,wildrf_real,Real_WildRF_train
C:\Users\angus\Desktop\tiktoktechjam2026\data\real_ext\WildRF\train\0_real\1167.jpg,0,wildrf_real,Real_WildRF_train
C:\Users\angus\Desktop\tiktoktechjam2026\data\real_ext\WildRF\train\0_real\1168.jpg,0,wildrf_real,Real_WildRF_train
C:\Users\angus\Desktop\tiktoktechjam2026\data\real_ext\WildRF\train\0_real\1169.jpg,0,wildrf_real,Real_WildRF_train
C:\Users\angus\Desktop\tiktoktechjam2026\data\real_ext\WildRF\train\0_real\1170.jpg,0,wildrf_real,Real_WildRF_train
C:\Users\angus\Desktop\tiktoktechjam2026\data\real_ext\WildRF\train\0_real\1171.jpg,0,wildrf_real,Real_WildRF_train
C:\Users\angus\Desktop\tiktoktechjam2026\data\real_ext\WildRF\train\0_real\1172.jpg,0,wildrf_real,Real_WildRF_train
C:\Users\angus\Desktop\tiktoktechjam2026\data\real_ext\WildRF\train\0_real\1173.jpg,0,wildrf_real,Real_WildRF_train
C:\Users\angus\Desktop\tiktoktechjam2026\data\real_ext\WildRF\train\0_real\1174.jpg,0,wildrf_real,Real_WildRF_train
C:\Users\angus\Desktop\tiktoktechjam2026\data\real_ext\WildRF\train\0_real\1175.jpg,0,wildrf_real,Real_WildRF_train
C:\Users\angus\Desktop\tiktoktechjam2026\data\real_ext\WildRF\train\0_real\1176.png,0,wildrf_real,Real_WildRF_train
C:\Users\angus\Desktop\tiktoktechjam2026\data\real_ext\WildRF\train\0_real\1177.jpg,0,wildrf_real,Real_WildRF_train
C:\Users\angus\Desktop\tiktoktechjam2026\data\real_ext\WildRF\train\0_real\1178.jpg,0,wildrf_real,Real_WildRF_train
C:\Users\angus\Desktop\tiktoktechjam2026\data\real_ext\WildRF\train\0_real\1179.jpg,0,wildrf_real,Real_WildRF_train
C:\Users\angus\Desktop\tiktoktechjam2026\data\real_ext\WildRF\train\0_real\1180.jpg,0,wildrf_real,Real_WildRF_train
C:\Users\angus\Desktop\tiktoktechjam2026\data\real_ext\WildRF\train\0_real\1181.jpg,0,wildrf_real,Real_WildRF_train
C:\Users\angus\Desktop\tiktoktechjam2026\data\real_ext\WildRF\train\0_real\1182.jpg,0,wildrf_real,Real_WildRF_train
C:\Users\angus\Desktop\tiktoktechjam2026\data\real_ext\WildRF\train\0_real\1183.jpg,0,wildrf_real,Real_WildRF_train
C:\Users\angus\Desktop\tiktoktechjam2026\data\real_ext\WildRF\train\0_real\1184.jpg,0,wildrf_real,Real_WildRF_train
C:\Users\angus\Desktop\tiktoktechjam2026\data\real_ext\WildRF\train\0_real\1185.jpg,0,wildrf_real,Real_WildRF_train
C:\Users\angus\Desktop\tiktoktechjam2026\data\real_ext\WildRF\train\0_real\1186.jpg,0,wildrf_real,Real_WildRF_train
C:\Users\angus\Desktop\tiktoktechjam2026\data\real_ext\WildRF\train\0_real\1187.png,0,wildrf_real,Real_WildRF_train
C:\Users\angus\Desktop\tiktoktechjam2026\data\real_ext\WildRF\train\0_real\1188.jpg,0,wildrf_real,Real_WildRF_train
C:\Users\angus\Desktop\tiktoktechjam2026\data\real_ext\WildRF\train\0_real\1189.jpg,0,wildrf_real,Real_WildRF_train
C:\Users\angus\Desktop\tiktoktechjam2026\data\real_ext\WildRF\train\0_real\1190.jpg,0,wildrf_real,Real_WildRF_train
C:\Users\angus\Desktop\tiktoktechjam2026\data\real_ext\WildRF\train\0_real\1191.jpg,0,wildrf_real,Real_WildRF_train
C:\Users\angus\Desktop\tiktoktechjam2026\data\real_ext\WildRF\train\0_real\1192.jpg,0,wildrf_real,Real_WildRF_train
C:\Users\angus\Desktop\tiktoktechjam2026\data\real_ext\WildRF\train\0_real\1193.jpg,0,wildrf_real,Real_WildRF_train
C:\Users\angus\Desktop\tiktoktechjam2026\data\real_ext\WildRF\train\0_real\1194.jpg,0,wildrf_real,Real_WildRF_train
C:\Users\angus\Desktop\tiktoktechjam2026\data\real_ext\WildRF\train\0_real\1195.jpg,0,wildrf_real,Real_WildRF_train
C:\Users\angus\Desktop\tiktoktechjam2026\data\real_ext\WildRF\train\0_real\1196.jpg,0,wildrf_real,Real_WildRF_train
C:\Users\angus\Desktop\tiktoktechjam2026\data\real_ext\WildRF\train\0_real\1197.jpg,0,wildrf_real,Real_WildRF_train
C:\Users\angus\Desktop\tiktoktechjam2026\data\real_ext\WildRF\train\0_real\1198.jpg,0,wildrf_real,Real_WildRF_train
C:\Users\angus\Desktop\tiktoktechjam2026\data\real_ext\WildRF\train\0_real\1199.jpg,0,wildrf_real,Real_WildRF_train
C:\Users\angus\Desktop\tiktoktechjam2026\data\real_ext\WildRF\train\0_real\1200.jpg,0,wildrf_real,Real_WildRF_train
C:\Users\angus\Desktop\tiktoktechjam2026\data\real_ext\WildRF\train\0_real\1201.jpg,0,wildrf_real,Real_WildRF_train
C:\Users\angus\Desktop\tiktoktechjam2026\data\real_ext\WildRF\train\0_real\1202.png,0,wildrf_real,Real_WildRF_train
C:\Users\angus\Desktop\tiktoktechjam2026\data\real_ext\WildRF\train\0_real\1203.png,0,wildrf_real,Real_WildRF_train
C:\Users\angus\Desktop\tiktoktechjam2026\data\real_ext\WildRF\train\0_real\1204.jpg,0,wildrf_real,Real_WildRF_train
C:\Users\angus\Desktop\tiktoktechjam2026\data\real_ext\WildRF\train\0_real\1205.jpg,0,wildrf_real,Real_WildRF_train
C:\Users\angus\Desktop\tiktoktechjam2026\data\real_ext\WildRF\train\0_real\1206.jpg,0,wildrf_real,Real_WildRF_train
C:\Users\angus\Desktop\tiktoktechjam2026\data\real_ext\WildRF\train\0_real\1207.jpg,0,wildrf_real,Real_WildRF_train
C:\Users\angus\Desktop\tiktoktechjam2026\data\real_ext\WildRF\train\0_real\1208.png,0,wildrf_real,Real_WildRF_train
C:\Users\angus\Desktop\tiktoktechjam2026\data\real_ext\WildRF\train\0_real\1209.jpg,0,wildrf_real,Real_WildRF_train
C:\Users\angus\Desktop\tiktoktechjam2026\data\real_ext\WildRF\train\0_real\1210.jpg,0,wildrf_real,Real_WildRF_train
C:\Users\angus\Desktop\tiktoktechjam2026\data\real_ext\WildRF\train\0_real\1211.jpg,0,wildrf_real,Real_WildRF_train
C:\Users\angus\Desktop\tiktoktechjam2026\data\real_ext\WildRF\train\0_real\1212.jpg,0,wildrf_real,Real_WildRF_train
C:\Users\angus\Desktop\tiktoktechjam2026\data\real_ext\WildRF\train\0_real\1213.jpg,0,wildrf_real,Real_WildRF_train
C:\Users\angus\Desktop\tiktoktechjam2026\data\real_ext\WildRF\train\0_real\1214.jpg,0,wildrf_real,Real_WildRF_train
C:\Users\angus\Desktop\tiktoktechjam2026\data\real_ext\WildRF\train\0_real\1215.jpg,0,wildrf_real,Real_WildRF_train
C:\Users\angus\Desktop\tiktoktechjam2026\data\real_ext\WildRF\train\0_real\1216.jpg,0,wildrf_real,Real_WildRF_train
C:\Users\angus\Desktop\tiktoktechjam2026\data\real_ext\WildRF\train\0_real\1217.jpg,0,wildrf_real,Real_WildRF_train
C:\Users\angus\Desktop\tiktoktechjam2026\data\real_ext\WildRF\train\0_real\1218.jpg,0,wildrf_real,Real_WildRF_train
C:\Users\angus\Desktop\tiktoktechjam2026\data\real_ext\WildRF\train\0_real\1219.jpg,0,wildrf_real,Real_WildRF_train
C:\Users\angus\Desktop\tiktoktechjam2026\data\real_ext\WildRF\train\0_real\1220.jpg,0,wildrf_real,Real_WildRF_train
C:\Users\angus\Desktop\tiktoktechjam2026\data\real_ext\WildRF\train\0_real\1221.jpg,0,wildrf_real,Real_WildRF_train
C:\Users\angus\Desktop\tiktoktechjam2026\data\real_ext\WildRF\train\0_real\1222.jpg,0,wildrf_real,Real_WildRF_train
C:\Users\angus\Desktop\tiktoktechjam2026\data\real_ext\WildRF\train\0_real\1223.jpg,0,wildrf_real,Real_WildRF_train
C:\Users\angus\Desktop\tiktoktechjam2026\data\real_ext\WildRF\train\0_real\1224.jpg,0,wildrf_real,Real_WildRF_train
C:\Users\angus\Desktop\tiktoktechjam2026\data\real_ext\WildRF\train\0_real\1225.jpg,0,wildrf_real,Real_WildRF_train
C:\Users\angus\Desktop\tiktoktechjam2026\data\real_ext\WildRF\train\0_real\1226.jpg,0,wildrf_real,Real_WildRF_train
C:\Users\angus\Desktop\tiktoktechjam2026\data\real_ext\WildRF\train\0_real\1227.jpg,0,wildrf_real,Real_WildRF_train
C:\Users\angus\Desktop\tiktoktechjam2026\data\real_ext\WildRF\train\0_real\1228.jpg,0,wildrf_real,Real_WildRF_train
C:\Users\angus\Desktop\tiktoktechjam2026\data\real_ext\WildRF\train\0_real\1229.jpg,0,wildrf_real,Real_WildRF_train
C:\Users\angus\Desktop\tiktoktechjam2026\data\real_ext\WildRF\train\0_real\1230.jpg,0,wildrf_real,Real_WildRF_train
C:\Users\angus\Desktop\tiktoktechjam2026\data\real_ext\WildRF\train\0_real\1231.jpg,0,wildrf_real,Real_WildRF_train
C:\Users\angus\Desktop\tiktoktechjam2026\data\real_ext\WildRF\train\0_real\1232.jpg,0,wildrf_real,Real_WildRF_train
C:\Users\angus\Desktop\tiktoktechjam2026\data\real_ext\WildRF\train\0_real\1233.jpg,0,wildrf_real,Real_WildRF_train
C:\Users\angus\Desktop\tiktoktechjam2026\data\real_ext\WildRF\train\0_real\1234.jpg,0,wildrf_real,Real_WildRF_train
C:\Users\angus\Desktop\tiktoktechjam2026\data\real_ext\WildRF\train\0_real\1235.jpg,0,wildrf_real,Real_WildRF_train
C:\Users\angus\Desktop\tiktoktechjam2026\data\real_ext\WildRF\train\0_real\1236.jpg,0,wildrf_real,Real_WildRF_train
C:\Users\angus\Desktop\tiktoktechjam2026\data\real_ext\WildRF\train\0_real\1237.jpg,0,wildrf_real,Real_WildRF_train
C:\Users\angus\Desktop\tiktoktechjam2026\data\real_ext\WildRF\train\0_real\1238.jpg,0,wildrf_real,Real_WildRF_train
C:\Users\angus\Desktop\tiktoktechjam2026\data\real_ext\WildRF\train\0_real\1239.jpg,0,wildrf_real,Real_WildRF_train
C:\Users\angus\Desktop\tiktoktechjam2026\data\real_ext\WildRF\train\0_real\1240.jpg,0,wildrf_real,Real_WildRF_train
C:\Users\angus\Desktop\tiktoktechjam2026\data\real_ext\WildRF\train\0_real\1241.jpg,0,wildrf_real,Real_WildRF_train
C:\Users\angus\Desktop\tiktoktechjam2026\data\real_ext\WildRF\train\0_real\1242.jpg,0,wildrf_real,Real_WildRF_train
C:\Users\angus\Desktop\tiktoktechjam2026\data\real_ext\WildRF\train\0_real\1243.jpg,0,wildrf_real,Real_WildRF_train
C:\Users\angus\Desktop\tiktoktechjam2026\data\real_ext\WildRF\train\0_real\1244.jpg,0,wildrf_real,Real_WildRF_train
C:\Users\angus\Desktop\tiktoktechjam2026\data\real_ext\WildRF\train\0_real\1245.jpg,0,wildrf_real,Real_WildRF_train
C:\Users\angus\Desktop\tiktoktechjam2026\data\real_ext\WildRF\train\0_real\1246.jpg,0,wildrf_real,Real_WildRF_train
C:\Users\angus\Desktop\tiktoktechjam2026\data\real_ext\WildRF\train\0_real\1247.jpg,0,wildrf_real,Real_WildRF_train
C:\Users\angus\Desktop\tiktoktechjam2026\data\real_ext\WildRF\train\0_real\1248.jpg,0,wildrf_real,Real_WildRF_train
C:\Users\angus\Desktop\tiktoktechjam2026\data\real_ext\WildRF\train\0_real\1249.jpg,0,wildrf_real,Real_WildRF_train
C:\Users\angus\Desktop\tiktoktechjam2026\data\real_ext\WildRF\train\0_real\1250.jpg,0,wildrf_real,Real_WildRF_train
C:\Users\angus\Desktop\tiktoktechjam2026\data\real_ext\WildRF\train\0_real\1251.jpg,0,wildrf_real,Real_WildRF_train
C:\Users\angus\Desktop\tiktoktechjam2026\data\real_ext\WildRF\train\0_real\1252.jpg,0,wildrf_real,Real_WildRF_train
C:\Users\angus\Desktop\tiktoktechjam2026\data\real_ext\WildRF\train\0_real\1253.jpg,0,wildrf_real,Real_WildRF_train
C:\Users\angus\Desktop\tiktoktechjam2026\data\real_ext\WildRF\train\0_real\1254.jpg,0,wildrf_real,Real_WildRF_train
C:\Users\angus\Desktop\tiktoktechjam2026\data\real_ext\WildRF\train\0_real\1255.jpg,0,wildrf_real,Real_WildRF_train
C:\Users\angus\Desktop\tiktoktechjam2026\data\real_ext\WildRF\train\0_real\1256.jpg,0,wildrf_real,Real_WildRF_train
C:\Users\angus\Desktop\tiktoktechjam2026\data\real_ext\WildRF\train\0_real\1257.jpg,0,wildrf_real,Real_WildRF_train
C:\Users\angus\Desktop\tiktoktechjam2026\data\real_ext\WildRF\train\0_real\1258.png,0,wildrf_real,Real_WildRF_train
C:\Users\angus\Desktop\tiktoktechjam2026\data\real_ext\WildRF\train\0_real\1259.jpg,0,wildrf_real,Real_WildRF_train
C:\Users\angus\Desktop\tiktoktechjam2026\data\real_ext\WildRF\train\0_real\1260.jpg,0,wildrf_real,Real_WildRF_train
C:\Users\angus\Desktop\tiktoktechjam2026\data\real_ext\WildRF\train\0_real\1261.jpg,0,wildrf_real,Real_WildRF_train
C:\Users\angus\Desktop\tiktoktechjam2026\data\real_ext\WildRF\train\0_real\1262.jpg,0,wildrf_real,Real_WildRF_train
C:\Users\angus\Desktop\tiktoktechjam2026\data\real_ext\WildRF\train\0_real\1263.jpg,0,wildrf_real,Real_WildRF_train
C:\Users\angus\Desktop\tiktoktechjam2026\data\real_ext\WildRF\train\0_real\1264.jpg,0,wildrf_real,Real_WildRF_train
C:\Users\angus\Desktop\tiktoktechjam2026\data\real_ext\WildRF\train\0_real\1265.jpg,0,wildrf_real,Real_WildRF_train
C:\Users\angus\Desktop\tiktoktechjam2026\data\real_ext\WildRF\train\0_real\1266.jpg,0,wildrf_real,Real_WildRF_train
C:\Users\angus\Desktop\tiktoktechjam2026\data\real_ext\WildRF\train\0_real\1267.jpg,0,wildrf_real,Real_WildRF_train
C:\Users\angus\Desktop\tiktoktechjam2026\data\real_ext\WildRF\train\0_real\1268.jpg,0,wildrf_real,Real_WildRF_train
C:\Users\angus\Desktop\tiktoktechjam2026\data\real_ext\WildRF\train\0_real\1269.jpg,0,wildrf_real,Real_WildRF_train
C:\Users\angus\Desktop\tiktoktechjam2026\data\real_ext\WildRF\train\0_real\1270.png,0,wildrf_real,Real_WildRF_train
C:\Users\angus\Desktop\tiktoktechjam2026\data\real_ext\WildRF\train\0_real\1271.jpg,0,wildrf_real,Real_WildRF_train
C:\Users\angus\Desktop\tiktoktechjam2026\data\real_ext\WildRF\train\0_real\1272.jpg,0,wildrf_real,Real_WildRF_train
C:\Users\angus\Desktop\tiktoktechjam2026\data\real_ext\WildRF\train\0_real\1273.jpg,0,wildrf_real,Real_WildRF_train
C:\Users\angus\Desktop\tiktoktechjam2026\data\real_ext\WildRF\train\0_real\1274.jpg,0,wildrf_real,Real_WildRF_train
C:\Users\angus\Desktop\tiktoktechjam2026\data\real_ext\WildRF\train\0_real\1275.jpg,0,wildrf_real,Real_WildRF_train
C:\Users\angus\Desktop\tiktoktechjam2026\data\real_ext\WildRF\train\0_real\1276.jpg,0,wildrf_real,Real_WildRF_train
C:\Users\angus\Desktop\tiktoktechjam2026\data\real_ext\WildRF\train\0_real\1277.jpg,0,wildrf_real,Real_WildRF_train
C:\Users\angus\Desktop\tiktoktechjam2026\data\real_ext\WildRF\train\0_real\1278.jpg,0,wildrf_real,Real_WildRF_train
C:\Users\angus\Desktop\tiktoktechjam2026\data\real_ext\WildRF\train\0_real\1279.jpg,0,wildrf_real,Real_WildRF_train
C:\Users\angus\Desktop\tiktoktechjam2026\data\real_ext\WildRF\train\0_real\1280.jpg,0,wildrf_real,Real_WildRF_train
C:\Users\angus\Desktop\tiktoktechjam2026\data\real_ext\WildRF\train\0_real\1281.jpg,0,wildrf_real,Real_WildRF_train
C:\Users\angus\Desktop\tiktoktechjam2026\data\real_ext\WildRF\train\0_real\1282.jpg,0,wildrf_real,Real_WildRF_train
C:\Users\angus\Desktop\tiktoktechjam2026\data\real_ext\WildRF\train\0_real\1283.jpg,0,wildrf_real,Real_WildRF_train
C:\Users\angus\Desktop\tiktoktechjam2026\data\real_ext\WildRF\train\0_real\1284.jpg,0,wildrf_real,Real_WildRF_train
C:\Users\angus\Desktop\tiktoktechjam2026\data\real_ext\WildRF\train\0_real\1285.jpg,0,wildrf_real,Real_WildRF_train
C:\Users\angus\Desktop\tiktoktechjam2026\data\real_ext\WildRF\train\0_real\1286.jpg,0,wildrf_real,Real_WildRF_train
C:\Users\angus\Desktop\tiktoktechjam2026\data\real_ext\WildRF\train\0_real\1287.jpg,0,wildrf_real,Real_WildRF_train
C:\Users\angus\Desktop\tiktoktechjam2026\data\real_ext\WildRF\train\0_real\1288.jpg,0,wildrf_real,Real_WildRF_train
C:\Users\angus\Desktop\tiktoktechjam2026\data\real_ext\WildRF\train\0_real\1289.jpg,0,wildrf_real,Real_WildRF_train
C:\Users\angus\Desktop\tiktoktechjam2026\data\real_ext\WildRF\train\0_real\1290.jpg,0,wildrf_real,Real_WildRF_train
C:\Users\angus\Desktop\tiktoktechjam2026\data\real_ext\WildRF\train\0_real\1291.jpg,0,wildrf_real,Real_WildRF_train
C:\Users\angus\Desktop\tiktoktechjam2026\data\real_ext\WildRF\train\0_real\1292.png,0,wildrf_real,Real_WildRF_train
C:\Users\angus\Desktop\tiktoktechjam2026\data\real_ext\WildRF\train\0_real\1293.jpg,0,wildrf_real,Real_WildRF_train
C:\Users\angus\Desktop\tiktoktechjam2026\data\real_ext\WildRF\train\0_real\1294.jpg,0,wildrf_real,Real_WildRF_train
C:\Users\angus\Desktop\tiktoktechjam2026\data\real_ext\WildRF\train\0_real\1295.jpg,0,wildrf_real,Real_WildRF_train
C:\Users\angus\Desktop\tiktoktechjam2026\data\real_ext\WildRF\train\0_real\1296.jpg,0,wildrf_real,Real_WildRF_train
C:\Users\angus\Desktop\tiktoktechjam2026\data\real_ext\WildRF\train\0_real\1297.jpg,0,wildrf_real,Real_WildRF_train
C:\Users\angus\Desktop\tiktoktechjam2026\data\real_ext\WildRF\train\0_real\1298.jpg,0,wildrf_real,Real_WildRF_train
C:\Users\angus\Desktop\tiktoktechjam2026\data\real_ext\WildRF\train\0_real\1299.jpg,0,wildrf_real,Real_WildRF_train
C:\Users\angus\Desktop\tiktoktechjam2026\data\real_ext\WildRF\train\0_real\1300.jpg,0,wildrf_real,Real_WildRF_train
C:\Users\angus\Desktop\tiktoktechjam2026\data\real_ext\WildRF\train\0_real\1301.jpg,0,wildrf_real,Real_WildRF_train
C:\Users\angus\Desktop\tiktoktechjam2026\data\real_ext\WildRF\train\0_real\1302.jpg,0,wildrf_real,Real_WildRF_train
C:\Users\angus\Desktop\tiktoktechjam2026\data\real_ext\WildRF\train\0_real\1303.png,0,wildrf_real,Real_WildRF_train
C:\Users\angus\Desktop\tiktoktechjam2026\data\real_ext\WildRF\train\0_real\1304.jpg,0,wildrf_real,Real_WildRF_train
C:\Users\angus\Desktop\tiktoktechjam2026\data\real_ext\WildRF\train\0_real\1305.jpg,0,wildrf_real,Real_WildRF_train
C:\Users\angus\Desktop\tiktoktechjam2026\data\real_ext\WildRF\train\0_real\1306.jpg,0,wildrf_real,Real_WildRF_train
C:\Users\angus\Desktop\tiktoktechjam2026\data\real_ext\WildRF\train\0_real\1307.jpg,0,wildrf_real,Real_WildRF_train
C:\Users\angus\Desktop\tiktoktechjam2026\data\real_ext\WildRF\train\0_real\1308.jpg,0,wildrf_real,Real_WildRF_train
C:\Users\angus\Desktop\tiktoktechjam2026\data\real_ext\WildRF\train\0_real\1309.jpg,0,wildrf_real,Real_WildRF_train
C:\Users\angus\Desktop\tiktoktechjam2026\data\real_ext\WildRF\train\0_real\1310.jpg,0,wildrf_real,Real_WildRF_train
C:\Users\angus\Desktop\tiktoktechjam2026\data\real_ext\WildRF\train\0_real\1311.jpg,0,wildrf_real,Real_WildRF_train
C:\Users\angus\Desktop\tiktoktechjam2026\data\real_ext\WildRF\train\0_real\1312.jpg,0,wildrf_real,Real_WildRF_train
C:\Users\angus\Desktop\tiktoktechjam2026\data\real_ext\WildRF\train\0_real\1313.jpg,0,wildrf_real,Real_WildRF_train
C:\Users\angus\Desktop\tiktoktechjam2026\data\real_ext\WildRF\train\0_real\1314.jpg,0,wildrf_real,Real_WildRF_train
C:\Users\angus\Desktop\tiktoktechjam2026\data\real_ext\WildRF\train\0_real\1315.jpg,0,wildrf_real,Real_WildRF_train
C:\Users\angus\Desktop\tiktoktechjam2026\data\real_ext\WildRF\train\0_real\1316.png,0,wildrf_real,Real_WildRF_train
C:\Users\angus\Desktop\tiktoktechjam2026\data\real_ext\WildRF\train\0_real\1317.jpg,0,wildrf_real,Real_WildRF_train
C:\Users\angus\Desktop\tiktoktechjam2026\data\real_ext\WildRF\train\0_real\1318.jpg,0,wildrf_real,Real_WildRF_train
C:\Users\angus\Desktop\tiktoktechjam2026\data\real_ext\WildRF\train\0_real\1319.jpg,0,wildrf_real,Real_WildRF_train
C:\Users\angus\Desktop\tiktoktechjam2026\data\real_ext\WildRF\train\0_real\1320.jpg,0,wildrf_real,Real_WildRF_train
C:\Users\angus\Desktop\tiktoktechjam2026\data\real_ext\WildRF\train\0_real\1321.jpg,0,wildrf_real,Real_WildRF_train
C:\Users\angus\Desktop\tiktoktechjam2026\data\real_ext\WildRF\train\0_real\1322.jpg,0,wildrf_real,Real_WildRF_train
C:\Users\angus\Desktop\tiktoktechjam2026\data\real_ext\WildRF\train\0_real\1323.jpg,0,wildrf_real,Real_WildRF_train
C:\Users\angus\Desktop\tiktoktechjam2026\data\real_ext\WildRF\train\0_real\1324.jpg,0,wildrf_real,Real_WildRF_train
C:\Users\angus\Desktop\tiktoktechjam2026\data\real_ext\WildRF\train\0_real\1325.jpg,0,wildrf_real,Real_WildRF_train
C:\Users\angus\Desktop\tiktoktechjam2026\data\real_ext\WildRF\train\0_real\1326.jpg,0,wildrf_real,Real_WildRF_train
C:\Users\angus\Desktop\tiktoktechjam2026\data\real_ext\WildRF\train\0_real\1327.jpg,0,wildrf_real,Real_WildRF_train
C:\Users\angus\Desktop\tiktoktechjam2026\data\real_ext\WildRF\train\0_real\1328.jpg,0,wildrf_real,Real_WildRF_train
C:\Users\angus\Desktop\tiktoktechjam2026\data\real_ext\WildRF\train\0_real\1329.jpg,0,wildrf_real,Real_WildRF_train
C:\Users\angus\Desktop\tiktoktechjam2026\data\real_ext\WildRF\train\0_real\1330.jpg,0,wildrf_real,Real_WildRF_train
C:\Users\angus\Desktop\tiktoktechjam2026\data\real_ext\WildRF\train\0_real\1331.jpg,0,wildrf_real,Real_WildRF_train
C:\Users\angus\Desktop\tiktoktechjam2026\data\real_ext\WildRF\train\0_real\1332.jpg,0,wildrf_real,Real_WildRF_train
C:\Users\angus\Desktop\tiktoktechjam2026\data\real_ext\WildRF\train\0_real\1333.jpg,0,wildrf_real,Real_WildRF_train
C:\Users\angus\Desktop\tiktoktechjam2026\data\real_ext\WildRF\train\0_real\1334.jpg,0,wildrf_real,Real_WildRF_train
C:\Users\angus\Desktop\tiktoktechjam2026\data\real_ext\WildRF\train\0_real\1335.jpg,0,wildrf_real,Real_WildRF_train
C:\Users\angus\Desktop\tiktoktechjam2026\data\real_ext\WildRF\train\0_real\1336.jpg,0,wildrf_real,Real_WildRF_train
C:\Users\angus\Desktop\tiktoktechjam2026\data\real_ext\WildRF\train\0_real\1337.jpg,0,wildrf_real,Real_WildRF_train
C:\Users\angus\Desktop\tiktoktechjam2026\data\real_ext\WildRF\train\0_real\1338.jpg,0,wildrf_real,Real_WildRF_train
C:\Users\angus\Desktop\tiktoktechjam2026\data\real_ext\WildRF\train\0_real\1339.png,0,wildrf_real,Real_WildRF_train
C:\Users\angus\Desktop\tiktoktechjam2026\data\real_ext\WildRF\train\0_real\1340.jpg,0,wildrf_real,Real_WildRF_train
C:\Users\angus\Desktop\tiktoktechjam2026\data\real_ext\WildRF\train\0_real\1341.jpg,0,wildrf_real,Real_WildRF_train
C:\Users\angus\Desktop\tiktoktechjam2026\data\real_ext\WildRF\train\0_real\1342.jpg,0,wildrf_real,Real_WildRF_train
C:\Users\angus\Desktop\tiktoktechjam2026\data\real_ext\WildRF\train\0_real\1343.jpg,0,wildrf_real,Real_WildRF_train
C:\Users\angus\Desktop\tiktoktechjam2026\data\real_ext\WildRF\train\0_real\1344.jpg,0,wildrf_real,Real_WildRF_train
C:\Users\angus\Desktop\tiktoktechjam2026\data\real_ext\WildRF\train\0_real\1345.jpg,0,wildrf_real,Real_WildRF_train
C:\Users\angus\Desktop\tiktoktechjam2026\data\real_ext\WildRF\train\0_real\1346.jpg,0,wildrf_real,Real_WildRF_train
C:\Users\angus\Desktop\tiktoktechjam2026\data\real_ext\WildRF\train\0_real\1347.jpg,0,wildrf_real,Real_WildRF_train
C:\Users\angus\Desktop\tiktoktechjam2026\data\real_ext\WildRF\train\0_real\1348.jpg,0,wildrf_real,Real_WildRF_train
C:\Users\angus\Desktop\tiktoktechjam2026\data\real_ext\WildRF\train\0_real\1349.jpg,0,wildrf_real,Real_WildRF_train
C:\Users\angus\Desktop\tiktoktechjam2026\data\real_ext\WildRF\train\0_real\1350.jpg,0,wildrf_real,Real_WildRF_train
C:\Users\angus\Desktop\tiktoktechjam2026\data\real_ext\WildRF\train\0_real\1351.jpg,0,wildrf_real,Real_WildRF_train
C:\Users\angus\Desktop\tiktoktechjam2026\data\real_ext\WildRF\train\0_real\1352.jpg,0,wildrf_real,Real_WildRF_train
C:\Users\angus\Desktop\tiktoktechjam2026\data\real_ext\WildRF\train\0_real\1353.jpg,0,wildrf_real,Real_WildRF_train
C:\Users\angus\Desktop\tiktoktechjam2026\data\real_ext\WildRF\train\0_real\1354.jpg,0,wildrf_real,Real_WildRF_train
C:\Users\angus\Desktop\tiktoktechjam2026\data\real_ext\WildRF\train\0_real\1355.jpg,0,wildrf_real,Real_WildRF_train
C:\Users\angus\Desktop\tiktoktechjam2026\data\real_ext\WildRF\val\0_real\0000.jpg,0,wildrf_real,Real_WildRF_train
C:\Users\angus\Desktop\tiktoktechjam2026\data\real_ext\WildRF\val\0_real\0001.jpg,0,wildrf_real,Real_WildRF_train
C:\Users\angus\Desktop\tiktoktechjam2026\data\real_ext\WildRF\val\0_real\0002.jpg,0,wildrf_real,Real_WildRF_train
C:\Users\angus\Desktop\tiktoktechjam2026\data\real_ext\WildRF\val\0_real\0003.jpg,0,wildrf_real,Real_WildRF_train
C:\Users\angus\Desktop\tiktoktechjam2026\data\real_ext\WildRF\val\0_real\0004.jpg,0,wildrf_real,Real_WildRF_train
C:\Users\angus\Desktop\tiktoktechjam2026\data\real_ext\WildRF\val\0_real\0005.jpg,0,wildrf_real,Real_WildRF_train
C:\Users\angus\Desktop\tiktoktechjam2026\data\real_ext\WildRF\val\0_real\0006.jpg,0,wildrf_real,Real_WildRF_train
C:\Users\angus\Desktop\tiktoktechjam2026\data\real_ext\WildRF\val\0_real\0007.jpg,0,wildrf_real,Real_WildRF_train
C:\Users\angus\Desktop\tiktoktechjam2026\data\real_ext\WildRF\val\0_real\0008.jpg,0,wildrf_real,Real_WildRF_train
C:\Users\angus\Desktop\tiktoktechjam2026\data\real_ext\WildRF\val\0_real\0009.jpg,0,wildrf_real,Real_WildRF_train
C:\Users\angus\Desktop\tiktoktechjam2026\data\real_ext\WildRF\val\0_real\0010.jpg,0,wildrf_real,Real_WildRF_train
C:\Users\angus\Desktop\tiktoktechjam2026\data\real_ext\WildRF\val\0_real\0011.jpg,0,wildrf_real,Real_WildRF_train
C:\Users\angus\Desktop\tiktoktechjam2026\data\real_ext\WildRF\val\0_real\0012.jpg,0,wildrf_real,Real_WildRF_train
C:\Users\angus\Desktop\tiktoktechjam2026\data\real_ext\WildRF\val\0_real\0013.jpg,0,wildrf_real,Real_WildRF_train
C:\Users\angus\Desktop\tiktoktechjam2026\data\real_ext\WildRF\val\0_real\0014.jpg,0,wildrf_real,Real_WildRF_train
C:\Users\angus\Desktop\tiktoktechjam2026\data\real_ext\WildRF\val\0_real\0015.jpg,0,wildrf_real,Real_WildRF_train
C:\Users\angus\Desktop\tiktoktechjam2026\data\real_ext\WildRF\val\0_real\0016.jpg,0,wildrf_real,Real_WildRF_train
C:\Users\angus\Desktop\tiktoktechjam2026\data\real_ext\WildRF\val\0_real\0017.png,0,wildrf_real,Real_WildRF_train
C:\Users\angus\Desktop\tiktoktechjam2026\data\real_ext\WildRF\val\0_real\0018.jpg,0,wildrf_real,Real_WildRF_train
C:\Users\angus\Desktop\tiktoktechjam2026\data\real_ext\WildRF\val\0_real\0019.jpg,0,wildrf_real,Real_WildRF_train
C:\Users\angus\Desktop\tiktoktechjam2026\data\real_ext\WildRF\val\0_real\0020.jpg,0,wildrf_real,Real_WildRF_train
C:\Users\angus\Desktop\tiktoktechjam2026\data\real_ext\WildRF\val\0_real\0021.jpg,0,wildrf_real,Real_WildRF_train
C:\Users\angus\Desktop\tiktoktechjam2026\data\real_ext\WildRF\val\0_real\0022.jpg,0,wildrf_real,Real_WildRF_train
C:\Users\angus\Desktop\tiktoktechjam2026\data\real_ext\WildRF\val\0_real\0023.jpg,0,wildrf_real,Real_WildRF_train
C:\Users\angus\Desktop\tiktoktechjam2026\data\real_ext\WildRF\val\0_real\0024.jpg,0,wildrf_real,Real_WildRF_train
C:\Users\angus\Desktop\tiktoktechjam2026\data\real_ext\WildRF\val\0_real\0025.jpg,0,wildrf_real,Real_WildRF_train
C:\Users\angus\Desktop\tiktoktechjam2026\data\real_ext\WildRF\val\0_real\0026.jpg,0,wildrf_real,Real_WildRF_train
C:\Users\angus\Desktop\tiktoktechjam2026\data\real_ext\WildRF\val\0_real\0027.jpg,0,wildrf_real,Real_WildRF_train
C:\Users\angus\Desktop\tiktoktechjam2026\data\real_ext\WildRF\val\0_real\0028.jpg,0,wildrf_real,Real_WildRF_train
C:\Users\angus\Desktop\tiktoktechjam2026\data\real_ext\WildRF\val\0_real\0029.jpg,0,wildrf_real,Real_WildRF_train
C:\Users\angus\Desktop\tiktoktechjam2026\data\real_ext\WildRF\val\0_real\0030.jpg,0,wildrf_real,Real_WildRF_train
C:\Users\angus\Desktop\tiktoktechjam2026\data\real_ext\WildRF\val\0_real\0031.jpg,0,wildrf_real,Real_WildRF_train
C:\Users\angus\Desktop\tiktoktechjam2026\data\real_ext\WildRF\val\0_real\0032.jpg,0,wildrf_real,Real_WildRF_train
C:\Users\angus\Desktop\tiktoktechjam2026\data\real_ext\WildRF\val\0_real\0033.jpg,0,wildrf_real,Real_WildRF_train
C:\Users\angus\Desktop\tiktoktechjam2026\data\real_ext\WildRF\val\0_real\0034.jpg,0,wildrf_real,Real_WildRF_train
C:\Users\angus\Desktop\tiktoktechjam2026\data\real_ext\WildRF\val\0_real\0035.jpg,0,wildrf_real,Real_WildRF_train
C:\Users\angus\Desktop\tiktoktechjam2026\data\real_ext\WildRF\val\0_real\0036.jpg,0,wildrf_real,Real_WildRF_train
C:\Users\angus\Desktop\tiktoktechjam2026\data\real_ext\WildRF\val\0_real\0037.jpg,0,wildrf_real,Real_WildRF_train
C:\Users\angus\Desktop\tiktoktechjam2026\data\real_ext\WildRF\val\0_real\0038.jpg,0,wildrf_real,Real_WildRF_train
C:\Users\angus\Desktop\tiktoktechjam2026\data\real_ext\WildRF\val\0_real\0039.jpg,0,wildrf_real,Real_WildRF_train
C:\Users\angus\Desktop\tiktoktechjam2026\data\real_ext\WildRF\val\0_real\0040.jpg,0,wildrf_real,Real_WildRF_train
C:\Users\angus\Desktop\tiktoktechjam2026\data\real_ext\WildRF\val\0_real\0041.jpg,0,wildrf_real,Real_WildRF_train
C:\Users\angus\Desktop\tiktoktechjam2026\data\real_ext\WildRF\val\0_real\0042.jpg,0,wildrf_real,Real_WildRF_train
C:\Users\angus\Desktop\tiktoktechjam2026\data\real_ext\WildRF\val\0_real\0043.jpg,0,wildrf_real,Real_WildRF_train
C:\Users\angus\Desktop\tiktoktechjam2026\data\real_ext\WildRF\val\0_real\0044.jpg,0,wildrf_real,Real_WildRF_train
C:\Users\angus\Desktop\tiktoktechjam2026\data\real_ext\WildRF\val\0_real\0045.png,0,wildrf_real,Real_WildRF_train
C:\Users\angus\Desktop\tiktoktechjam2026\data\real_ext\WildRF\val\0_real\0046.png,0,wildrf_real,Real_WildRF_train
C:\Users\angus\Desktop\tiktoktechjam2026\data\real_ext\WildRF\val\0_real\0047.jpg,0,wildrf_real,Real_WildRF_train
C:\Users\angus\Desktop\tiktoktechjam2026\data\real_ext\WildRF\val\0_real\0048.jpg,0,wildrf_real,Real_WildRF_train
C:\Users\angus\Desktop\tiktoktechjam2026\data\real_ext\WildRF\val\0_real\0049.jpg,0,wildrf_real,Real_WildRF_train
C:\Users\angus\Desktop\tiktoktechjam2026\data\real_ext\WildRF\val\0_real\0050.jpg,0,wildrf_real,Real_WildRF_train
C:\Users\angus\Desktop\tiktoktechjam2026\data\real_ext\WildRF\val\0_real\0051.jpg,0,wildrf_real,Real_WildRF_train
C:\Users\angus\Desktop\tiktoktechjam2026\data\real_ext\WildRF\val\0_real\0052.jpg,0,wildrf_real,Real_WildRF_train
C:\Users\angus\Desktop\tiktoktechjam2026\data\real_ext\WildRF\val\0_real\0053.jpg,0,wildrf_real,Real_WildRF_train
C:\Users\angus\Desktop\tiktoktechjam2026\data\real_ext\WildRF\val\0_real\0054.jpg,0,wildrf_real,Real_WildRF_train
C:\Users\angus\Desktop\tiktoktechjam2026\data\real_ext\WildRF\val\0_real\0055.jpg,0,wildrf_real,Real_WildRF_train
C:\Users\angus\Desktop\tiktoktechjam2026\data\real_ext\WildRF\val\0_real\0056.jpg,0,wildrf_real,Real_WildRF_train
C:\Users\angus\Desktop\tiktoktechjam2026\data\real_ext\WildRF\val\0_real\0057.jpg,0,wildrf_real,Real_WildRF_train
C:\Users\angus\Desktop\tiktoktechjam2026\data\real_ext\WildRF\val\0_real\0058.jpg,0,wildrf_real,Real_WildRF_train
C:\Users\angus\Desktop\tiktoktechjam2026\data\real_ext\WildRF\val\0_real\0059.jpg,0,wildrf_real,Real_WildRF_train
C:\Users\angus\Desktop\tiktoktechjam2026\data\real_ext\WildRF\val\0_real\0060.jpg,0,wildrf_real,Real_WildRF_train
C:\Users\angus\Desktop\tiktoktechjam2026\data\real_ext\WildRF\val\0_real\0061.jpg,0,wildrf_real,Real_WildRF_train
C:\Users\angus\Desktop\tiktoktechjam2026\data\real_ext\WildRF\val\0_real\0062.jpg,0,wildrf_real,Real_WildRF_train
C:\Users\angus\Desktop\tiktoktechjam2026\data\real_ext\WildRF\val\0_real\0063.jpg,0,wildrf_real,Real_WildRF_train
C:\Users\angus\Desktop\tiktoktechjam2026\data\real_ext\WildRF\val\0_real\0064.jpg,0,wildrf_real,Real_WildRF_train
C:\Users\angus\Desktop\tiktoktechjam2026\data\real_ext\WildRF\val\0_real\0065.jpg,0,wildrf_real,Real_WildRF_train
C:\Users\angus\Desktop\tiktoktechjam2026\data\real_ext\WildRF\val\0_real\0066.jpg,0,wildrf_real,Real_WildRF_train
C:\Users\angus\Desktop\tiktoktechjam2026\data\real_ext\WildRF\val\0_real\0067.png,0,wildrf_real,Real_WildRF_train
C:\Users\angus\Desktop\tiktoktechjam2026\data\real_ext\WildRF\val\0_real\0068.jpg,0,wildrf_real,Real_WildRF_train
C:\Users\angus\Desktop\tiktoktechjam2026\data\real_ext\WildRF\val\0_real\0069.jpg,0,wildrf_real,Real_WildRF_train
C:\Users\angus\Desktop\tiktoktechjam2026\data\real_ext\WildRF\val\0_real\0070.jpg,0,wildrf_real,Real_WildRF_train
C:\Users\angus\Desktop\tiktoktechjam2026\data\real_ext\WildRF\val\0_real\0071.jpg,0,wildrf_real,Real_WildRF_train
C:\Users\angus\Desktop\tiktoktechjam2026\data\real_ext\WildRF\val\0_real\0072.jpg,0,wildrf_real,Real_WildRF_train
C:\Users\angus\Desktop\tiktoktechjam2026\data\real_ext\WildRF\val\0_real\0073.jpg,0,wildrf_real,Real_WildRF_train
C:\Users\angus\Desktop\tiktoktechjam2026\data\real_ext\WildRF\val\0_real\0074.jpg,0,wildrf_real,Real_WildRF_train
C:\Users\angus\Desktop\tiktoktechjam2026\data\real_ext\WildRF\val\0_real\0075.jpg,0,wildrf_real,Real_WildRF_train
C:\Users\angus\Desktop\tiktoktechjam2026\data\real_ext\WildRF\val\0_real\0076.jpg,0,wildrf_real,Real_WildRF_train
C:\Users\angus\Desktop\tiktoktechjam2026\data\real_ext\WildRF\val\0_real\0077.jpg,0,wildrf_real,Real_WildRF_train
C:\Users\angus\Desktop\tiktoktechjam2026\data\real_ext\WildRF\val\0_real\0078.jpg,0,wildrf_real,Real_WildRF_train
C:\Users\angus\Desktop\tiktoktechjam2026\data\real_ext\WildRF\val\0_real\0079.jpg,0,wildrf_real,Real_WildRF_train
C:\Users\angus\Desktop\tiktoktechjam2026\data\real_ext\WildRF\val\0_real\0080.jpg,0,wildrf_real,Real_WildRF_train
C:\Users\angus\Desktop\tiktoktechjam2026\data\real_ext\WildRF\val\0_real\0081.jpg,0,wildrf_real,Real_WildRF_train
C:\Users\angus\Desktop\tiktoktechjam2026\data\real_ext\WildRF\val\0_real\0082.jpg,0,wildrf_real,Real_WildRF_train
C:\Users\angus\Desktop\tiktoktechjam2026\data\real_ext\WildRF\val\0_real\0083.jpg,0,wildrf_real,Real_WildRF_train
C:\Users\angus\Desktop\tiktoktechjam2026\data\real_ext\WildRF\val\0_real\0084.jpg,0,wildrf_real,Real_WildRF_train
C:\Users\angus\Desktop\tiktoktechjam2026\data\real_ext\WildRF\val\0_real\0085.jpg,0,wildrf_real,Real_WildRF_train
C:\Users\angus\Desktop\tiktoktechjam2026\data\real_ext\WildRF\val\0_real\0086.jpg,0,wildrf_real,Real_WildRF_train
C:\Users\angus\Desktop\tiktoktechjam2026\data\real_ext\WildRF\val\0_real\0087.jpg,0,wildrf_real,Real_WildRF_train
C:\Users\angus\Desktop\tiktoktechjam2026\data\real_ext\WildRF\val\0_real\0088.jpg,0,wildrf_real,Real_WildRF_train
C:\Users\angus\Desktop\tiktoktechjam2026\data\real_ext\WildRF\val\0_real\0089.jpg,0,wildrf_real,Real_WildRF_train
C:\Users\angus\Desktop\tiktoktechjam2026\data\real_ext\WildRF\val\0_real\0090.jpg,0,wildrf_real,Real_WildRF_train
C:\Users\angus\Desktop\tiktoktechjam2026\data\real_ext\WildRF\val\0_real\0091.jpg,0,wildrf_real,Real_WildRF_train
C:\Users\angus\Desktop\tiktoktechjam2026\data\real_ext\WildRF\val\0_real\0092.jpg,0,wildrf_real,Real_WildRF_train
C:\Users\angus\Desktop\tiktoktechjam2026\data\real_ext\WildRF\val\0_real\0093.jpg,0,wildrf_real,Real_WildRF_train
C:\Users\angus\Desktop\tiktoktechjam2026\data\real_ext\WildRF\val\0_real\0094.jpg,0,wildrf_real,Real_WildRF_train
C:\Users\angus\Desktop\tiktoktechjam2026\data\real_ext\WildRF\val\0_real\0095.jpg,0,wildrf_real,Real_WildRF_train
C:\Users\angus\Desktop\tiktoktechjam2026\data\real_ext\WildRF\val\0_real\0096.jpg,0,wildrf_real,Real_WildRF_train
C:\Users\angus\Desktop\tiktoktechjam2026\data\real_ext\WildRF\val\0_real\0097.png,0,wildrf_real,Real_WildRF_train
C:\Users\angus\Desktop\tiktoktechjam2026\data\real_ext\WildRF\val\0_real\0098.jpg,0,wildrf_real,Real_WildRF_train
C:\Users\angus\Desktop\tiktoktechjam2026\data\real_ext\WildRF\val\0_real\0099.png,0,wildrf_real,Real_WildRF_train
C:\Users\angus\Desktop\tiktoktechjam2026\data\real_ext\WildRF\val\0_real\0100.jpg,0,wildrf_real,Real_WildRF_train
C:\Users\angus\Desktop\tiktoktechjam2026\data\real_ext\WildRF\val\0_real\0101.jpg,0,wildrf_real,Real_WildRF_train
C:\Users\angus\Desktop\tiktoktechjam2026\data\real_ext\WildRF\val\0_real\0102.jpg,0,wildrf_real,Real_WildRF_train
C:\Users\angus\Desktop\tiktoktechjam2026\data\real_ext\WildRF\val\0_real\0103.png,0,wildrf_real,Real_WildRF_train
C:\Users\angus\Desktop\tiktoktechjam2026\data\real_ext\WildRF\val\0_real\0104.jpg,0,wildrf_real,Real_WildRF_train
C:\Users\angus\Desktop\tiktoktechjam2026\data\real_ext\WildRF\val\0_real\0105.jpg,0,wildrf_real,Real_WildRF_train
C:\Users\angus\Desktop\tiktoktechjam2026\data\real_ext\WildRF\val\0_real\0106.jpg,0,wildrf_real,Real_WildRF_train
C:\Users\angus\Desktop\tiktoktechjam2026\data\real_ext\WildRF\val\0_real\0107.jpg,0,wildrf_real,Real_WildRF_train
C:\Users\angus\Desktop\tiktoktechjam2026\data\real_ext\WildRF\val\0_real\0108.jpg,0,wildrf_real,Real_WildRF_train
C:\Users\angus\Desktop\tiktoktechjam2026\data\real_ext\WildRF\val\0_real\0109.jpg,0,wildrf_real,Real_WildRF_train
C:\Users\angus\Desktop\tiktoktechjam2026\data\real_ext\WildRF\val\0_real\0110.png,0,wildrf_real,Real_WildRF_train
C:\Users\angus\Desktop\tiktoktechjam2026\data\real_ext\WildRF\val\0_real\0111.jpg,0,wildrf_real,Real_WildRF_train
C:\Users\angus\Desktop\tiktoktechjam2026\data\real_ext\WildRF\val\0_real\0112.jpg,0,wildrf_real,Real_WildRF_train
C:\Users\angus\Desktop\tiktoktechjam2026\data\real_ext\WildRF\val\0_real\0113.jpg,0,wildrf_real,Real_WildRF_train
C:\Users\angus\Desktop\tiktoktechjam2026\data\real_ext\WildRF\val\0_real\0114.jpg,0,wildrf_real,Real_WildRF_train
C:\Users\angus\Desktop\tiktoktechjam2026\data\real_ext\WildRF\val\0_real\0115.jpg,0,wildrf_real,Real_WildRF_train
C:\Users\angus\Desktop\tiktoktechjam2026\data\real_ext\WildRF\val\0_real\0116.jpg,0,wildrf_real,Real_WildRF_train
C:\Users\angus\Desktop\tiktoktechjam2026\data\real_ext\WildRF\val\0_real\0117.jpg,0,wildrf_real,Real_WildRF_train
C:\Users\angus\Desktop\tiktoktechjam2026\data\real_ext\WildRF\val\0_real\0118.jpg,0,wildrf_real,Real_WildRF_train
C:\Users\angus\Desktop\tiktoktechjam2026\data\real_ext\WildRF\val\0_real\0119.jpg,0,wildrf_real,Real_WildRF_train
C:\Users\angus\Desktop\tiktoktechjam2026\data\real_ext\WildRF\val\0_real\0120.jpg,0,wildrf_real,Real_WildRF_train
C:\Users\angus\Desktop\tiktoktechjam2026\data\real_ext\WildRF\val\0_real\0121.jpg,0,wildrf_real,Real_WildRF_train
C:\Users\angus\Desktop\tiktoktechjam2026\data\real_ext\WildRF\val\0_real\0122.jpg,0,wildrf_real,Real_WildRF_train
C:\Users\angus\Desktop\tiktoktechjam2026\data\real_ext\WildRF\val\0_real\0123.jpg,0,wildrf_real,Real_WildRF_train
C:\Users\angus\Desktop\tiktoktechjam2026\data\real_ext\WildRF\val\0_real\0124.jpg,0,wildrf_real,Real_WildRF_train
C:\Users\angus\Desktop\tiktoktechjam2026\data\real_ext\WildRF\val\0_real\0125.jpg,0,wildrf_real,Real_WildRF_train
C:\Users\angus\Desktop\tiktoktechjam2026\data\real_ext\WildRF\val\0_real\0126.jpg,0,wildrf_real,Real_WildRF_train
C:\Users\angus\Desktop\tiktoktechjam2026\data\real_ext\WildRF\val\0_real\0127.jpg,0,wildrf_real,Real_WildRF_train
C:\Users\angus\Desktop\tiktoktechjam2026\data\real_ext\WildRF\val\0_real\0128.jpg,0,wildrf_real,Real_WildRF_train
C:\Users\angus\Desktop\tiktoktechjam2026\data\real_ext\WildRF\val\0_real\0129.jpg,0,wildrf_real,Real_WildRF_train
C:\Users\angus\Desktop\tiktoktechjam2026\data\real_ext\WildRF\val\0_real\0130.jpg,0,wildrf_real,Real_WildRF_train
C:\Users\angus\Desktop\tiktoktechjam2026\data\real_ext\WildRF\val\0_real\0131.jpg,0,wildrf_real,Real_WildRF_train
C:\Users\angus\Desktop\tiktoktechjam2026\data\real_ext\WildRF\val\0_real\0132.jpg,0,wildrf_real,Real_WildRF_train
C:\Users\angus\Desktop\tiktoktechjam2026\data\real_ext\WildRF\val\0_real\0133.jpg,0,wildrf_real,Real_WildRF_train
C:\Users\angus\Desktop\tiktoktechjam2026\data\real_ext\WildRF\val\0_real\0134.jpg,0,wildrf_real,Real_WildRF_train
C:\Users\angus\Desktop\tiktoktechjam2026\data\real_ext\WildRF\val\0_real\0135.png,0,wildrf_real,Real_WildRF_train
C:\Users\angus\Desktop\tiktoktechjam2026\data\real_ext\WildRF\val\0_real\0136.jpg,0,wildrf_real,Real_WildRF_train
C:\Users\angus\Desktop\tiktoktechjam2026\data\real_ext\WildRF\val\0_real\0137.jpg,0,wildrf_real,Real_WildRF_train
C:\Users\angus\Desktop\tiktoktechjam2026\data\real_ext\WildRF\val\0_real\0138.jpg,0,wildrf_real,Real_WildRF_train
C:\Users\angus\Desktop\tiktoktechjam2026\data\real_ext\WildRF\val\0_real\0139.jpg,0,wildrf_real,Real_WildRF_train
C:\Users\angus\Desktop\tiktoktechjam2026\data\real_ext\WildRF\val\0_real\0140.jpg,0,wildrf_real,Real_WildRF_train
C:\Users\angus\Desktop\tiktoktechjam2026\data\real_ext\WildRF\val\0_real\0141.jpg,0,wildrf_real,Real_WildRF_train
C:\Users\angus\Desktop\tiktoktechjam2026\data\real_ext\WildRF\val\0_real\0142.jpg,0,wildrf_real,Real_WildRF_train
C:\Users\angus\Desktop\tiktoktechjam2026\data\real_ext\WildRF\val\0_real\0143.jpg,0,wildrf_real,Real_WildRF_train
C:\Users\angus\Desktop\tiktoktechjam2026\data\real_ext\WildRF\val\0_real\0144.jpg,0,wildrf_real,Real_WildRF_train
C:\Users\angus\Desktop\tiktoktechjam2026\data\real_ext\WildRF\val\0_real\0145.jpg,0,wildrf_real,Real_WildRF_train
C:\Users\angus\Desktop\tiktoktechjam2026\data\real_ext\WildRF\val\0_real\0146.jpg,0,wildrf_real,Real_WildRF_train
C:\Users\angus\Desktop\tiktoktechjam2026\data\real_ext\WildRF\val\0_real\0147.jpg,0,wildrf_real,Real_WildRF_train
C:\Users\angus\Desktop\tiktoktechjam2026\data\real_ext\WildRF\val\0_real\0148.jpg,0,wildrf_real,Real_WildRF_train
C:\Users\angus\Desktop\tiktoktechjam2026\data\real_ext\WildRF\val\0_real\0149.jpg,0,wildrf_real,Real_WildRF_train
C:\Users\angus\Desktop\tiktoktechjam2026\data\real_ext\WildRF\val\0_real\0150.jpg,0,wildrf_real,Real_WildRF_train
C:\Users\angus\Desktop\tiktoktechjam2026\data\real_ext\WildRF\val\0_real\0151.jpg,0,wildrf_real,Real_WildRF_train
C:\Users\angus\Desktop\tiktoktechjam2026\data\real_ext\WildRF\val\0_real\0152.jpg,0,wildrf_real,Real_WildRF_train
C:\Users\angus\Desktop\tiktoktechjam2026\data\real_ext\WildRF\val\0_real\0153.jpg,0,wildrf_real,Real_WildRF_train
C:\Users\angus\Desktop\tiktoktechjam2026\data\real_ext\WildRF\val\0_real\0154.jpg,0,wildrf_real,Real_WildRF_train
C:\Users\angus\Desktop\tiktoktechjam2026\data\real_ext\WildRF\val\0_real\0155.jpg,0,wildrf_real,Real_WildRF_train
C:\Users\angus\Desktop\tiktoktechjam2026\data\real_ext\WildRF\val\0_real\0156.jpg,0,wildrf_real,Real_WildRF_train
C:\Users\angus\Desktop\tiktoktechjam2026\data\real_ext\WildRF\val\0_real\0157.jpg,0,wildrf_real,Real_WildRF_train
C:\Users\angus\Desktop\tiktoktechjam2026\data\real_ext\WildRF\val\0_real\0158.jpg,0,wildrf_real,Real_WildRF_train
C:\Users\angus\Desktop\tiktoktechjam2026\data\real_ext\WildRF\val\0_real\0159.jpg,0,wildrf_real,Real_WildRF_train
C:\Users\angus\Desktop\tiktoktechjam2026\data\real_ext\WildRF\val\0_real\0160.jpg,0,wildrf_real,Real_WildRF_train
C:\Users\angus\Desktop\tiktoktechjam2026\data\real_ext\WildRF\val\0_real\0161.jpg,0,wildrf_real,Real_WildRF_train
C:\Users\angus\Desktop\tiktoktechjam2026\data\real_ext\WildRF\val\0_real\0162.jpg,0,wildrf_real,Real_WildRF_train
C:\Users\angus\Desktop\tiktoktechjam2026\data\real_ext\WildRF\val\0_real\0163.jpg,0,wildrf_real,Real_WildRF_train
C:\Users\angus\Desktop\tiktoktechjam2026\data\real_ext\WildRF\val\0_real\0164.jpg,0,wildrf_real,Real_WildRF_train
C:\Users\angus\Desktop\tiktoktechjam2026\data\real_ext\WildRF\val\0_real\0165.jpg,0,wildrf_real,Real_WildRF_train
C:\Users\angus\Desktop\tiktoktechjam2026\data\real_ext\WildRF\val\0_real\0166.jpg,0,wildrf_real,Real_WildRF_train
C:\Users\angus\Desktop\tiktoktechjam2026\data\real_ext\WildRF\val\0_real\0167.jpg,0,wildrf_real,Real_WildRF_train
C:\Users\angus\Desktop\tiktoktechjam2026\data\real_ext\WildRF\val\0_real\0168.jpg,0,wildrf_real,Real_WildRF_train
C:\Users\angus\Desktop\tiktoktechjam2026\data\real_ext\WildRF\val\0_real\0169.jpg,0,wildrf_real,Real_WildRF_train
C:\Users\angus\Desktop\tiktoktechjam2026\data\real_ext\WildRF\val\0_real\0170.jpg,0,wildrf_real,Real_WildRF_train
C:\Users\angus\Desktop\tiktoktechjam2026\data\real_ext\WildRF\val\0_real\0171.jpg,0,wildrf_real,Real_WildRF_train
C:\Users\angus\Desktop\tiktoktechjam2026\data\real_ext\WildRF\val\0_real\0172.jpg,0,wildrf_real,Real_WildRF_train
C:\Users\angus\Desktop\tiktoktechjam2026\data\real_ext\WildRF\val\0_real\0173.jpg,0,wildrf_real,Real_WildRF_train
C:\Users\angus\Desktop\tiktoktechjam2026\data\real_ext\WildRF\val\0_real\0174.jpg,0,wildrf_real,Real_WildRF_train
C:\Users\angus\Desktop\tiktoktechjam2026\data\real_ext\WildRF\val\0_real\0175.jpg,0,wildrf_real,Real_WildRF_train
C:\Users\angus\Desktop\tiktoktechjam2026\data\real_ext\WildRF\val\0_real\0176.jpg,0,wildrf_real,Real_WildRF_train
C:\Users\angus\Desktop\tiktoktechjam2026\data\real_ext\WildRF\val\0_real\0177.jpg,0,wildrf_real,Real_WildRF_train
C:\Users\angus\Desktop\tiktoktechjam2026\data\real_ext\WildRF\val\0_real\0178.jpg,0,wildrf_real,Real_WildRF_train
C:\Users\angus\Desktop\tiktoktechjam2026\data\real_ext\WildRF\val\0_real\0179.jpg,0,wildrf_real,Real_WildRF_train
C:\Users\angus\Desktop\tiktoktechjam2026\data\real_ext\WildRF\val\0_real\0180.jpg,0,wildrf_real,Real_WildRF_train
C:\Users\angus\Desktop\tiktoktechjam2026\data\real_ext\WildRF\val\0_real\0181.jpg,0,wildrf_real,Real_WildRF_train
C:\Users\angus\Desktop\tiktoktechjam2026\data\real_ext\WildRF\val\0_real\0182.jpg,0,wildrf_real,Real_WildRF_train
C:\Users\angus\Desktop\tiktoktechjam2026\data\real_ext\WildRF\val\0_real\0183.jpg,0,wildrf_real,Real_WildRF_train
C:\Users\angus\Desktop\tiktoktechjam2026\data\real_ext\WildRF\val\0_real\0184.jpg,0,wildrf_real,Real_WildRF_train
C:\Users\angus\Desktop\tiktoktechjam2026\data\real_ext\WildRF\val\0_real\0185.jpg,0,wildrf_real,Real_WildRF_train
C:\Users\angus\Desktop\tiktoktechjam2026\data\real_ext\WildRF\val\0_real\0186.jpg,0,wildrf_real,Real_WildRF_train
C:\Users\angus\Desktop\tiktoktechjam2026\data\real_ext\WildRF\val\0_real\0187.jpg,0,wildrf_real,Real_WildRF_train
C:\Users\angus\Desktop\tiktoktechjam2026\data\real_ext\WildRF\val\0_real\0188.jpg,0,wildrf_real,Real_WildRF_train
C:\Users\angus\Desktop\tiktoktechjam2026\data\real_ext\WildRF\val\0_real\0189.jpg,0,wildrf_real,Real_WildRF_train
C:\Users\angus\Desktop\tiktoktechjam2026\data\real_ext\WildRF\val\0_real\0190.jpg,0,wildrf_real,Real_WildRF_train
C:\Users\angus\Desktop\tiktoktechjam2026\data\real_ext\WildRF\val\0_real\0191.jpg,0,wildrf_real,Real_WildRF_train
C:\Users\angus\Desktop\tiktoktechjam2026\data\real_ext\WildRF\val\0_real\0192.jpg,0,wildrf_real,Real_WildRF_train
C:\Users\angus\Desktop\tiktoktechjam2026\data\real_ext\WildRF\val\0_real\0193.jpg,0,wildrf_real,Real_WildRF_train
C:\Users\angus\Desktop\tiktoktechjam2026\data\real_ext\WildRF\val\0_real\0194.jpg,0,wildrf_real,Real_WildRF_train
C:\Users\angus\Desktop\tiktoktechjam2026\data\real_ext\WildRF\val\0_real\0195.jpg,0,wildrf_real,Real_WildRF_train
C:\Users\angus\Desktop\tiktoktechjam2026\data\real_ext\WildRF\val\0_real\0196.jpg,0,wildrf_real,Real_WildRF_train
C:\Users\angus\Desktop\tiktoktechjam2026\data\real_ext\WildRF\val\0_real\0197.jpg,0,wildrf_real,Real_WildRF_train
C:\Users\angus\Desktop\tiktoktechjam2026\data\real_ext\WildRF\val\0_real\0198.jpg,0,wildrf_real,Real_WildRF_train
