image_path,label,source,generator
C:\Users\angus\Desktop\tiktoktechjam2026\data\aigc_ext\sd3\sd3_000000.jpg,1,aigc_modern_sd3,SD3
C:\Users\angus\Desktop\tiktoktechjam2026\data\aigc_ext\sd3\sd3_000001.jpg,1,aigc_modern_sd3,SD3
C:\Users\angus\Desktop\tiktoktechjam2026\data\aigc_ext\sd3\sd3_000002.jpg,1,aigc_modern_sd3,SD3
C:\Users\angus\Desktop\tiktoktechjam2026\data\aigc_ext\sd3\sd3_000003.jpg,1,aigc_modern_sd3,SD3
C:\Users\angus\Desktop\tiktoktechjam2026\data\aigc_ext\sd3\sd3_000004.jpg,1,aigc_modern_sd3,SD3
C:\Users\angus\Desktop\tiktoktechjam2026\data\aigc_ext\sd3\sd3_000005.jpg,1,aigc_modern_sd3,SD3
C:\Users\angus\Desktop\tiktoktechjam2026\data\aigc_ext\sd3\sd3_000006.jpg,1,aigc_modern_sd3,SD3
C:\Users\angus\Desktop\tiktoktechjam2026\data\aigc_ext\sd3\sd3_000007.jpg,1,aigc_modern_sd3,SD3
C:\Users\angus\Desktop\tiktoktechjam2026\data\aigc_ext\sd3\sd3_000008.jpg,1,aigc_modern_sd3,SD3
C:\Users\angus\Desktop\tiktoktechjam2026\data\aigc_ext\sd3\sd3_000009.jpg,1,aigc_modern_sd3,SD3
C:\Users\angus\Desktop\tiktoktechjam2026\data\aigc_ext\sd3\sd3_000010.jpg,1,aigc_modern_sd3,SD3
C:\Users\angus\Desktop\tiktoktechjam2026\data\aigc_ext\sd3\sd3_000011.jpg,1,aigc_modern_sd3,SD3
C:\Users\angus\Desktop\tiktoktechjam2026\data\aigc_ext\sd3\sd3_000012.jpg,1,aigc_modern_sd3,SD3
C:\Users\angus\Desktop\tiktoktechjam2026\data\aigc_ext\sd3\sd3_000013.jpg,1,aigc_modern_sd3,SD3
C:\Users\angus\Desktop\tiktoktechjam2026\data\aigc_ext\sd3\sd3_000014.jpg,1,aigc_modern_sd3,SD3
C:\Users\angus\Desktop\tiktoktechjam2026\data\aigc_ext\sd3\sd3_000015.jpg,1,aigc_modern_sd3,SD3
C:\Users\angus\Desktop\tiktoktechjam2026\data\aigc_ext\sd3\sd3_000016.jpg,1,aigc_modern_sd3,SD3
C:\Users\angus\Desktop\tiktoktechjam2026\data\aigc_ext\sd3\sd3_000017.jpg,1,aigc_modern_sd3,SD3
C:\Users\angus\Desktop\tiktoktechjam2026\data\aigc_ext\sd3\sd3_000018.jpg,1,aigc_modern_sd3,SD3
C:\Users\angus\Desktop\tiktoktechjam2026\data\aigc_ext\sd3\sd3_000019.jpg,1,aigc_modern_sd3,SD3
C:\Users\angus\Desktop\tiktoktechjam2026\data\aigc_ext\sd3\sd3_000020.jpg,1,aigc_modern_sd3,SD3
C:\Users\angus\Desktop\tiktoktechjam2026\data\aigc_ext\sd3\sd3_000021.jpg,1,aigc_modern_sd3,SD3
C:\Users\angus\Desktop\tiktoktechjam2026\data\aigc_ext\sd3\sd3_000022.jpg,1,aigc_modern_sd3,SD3
C:\Users\angus\Desktop\tiktoktechjam2026\data\aigc_ext\sd3\sd3_000023.jpg,1,aigc_modern_sd3,SD3
C:\Users\angus\Desktop\tiktoktechjam2026\data\aigc_ext\sd3\sd3_000024.jpg,1,aigc_modern_sd3,SD3
C:\Users\angus\Desktop\tiktoktechjam2026\data\aigc_ext\sd3\sd3_000025.jpg,1,aigc_modern_sd3,SD3
C:\Users\angus\Desktop\tiktoktechjam2026\data\aigc_ext\sd3\sd3_000026.jpg,1,aigc_modern_sd3,SD3
C:\Users\angus\Desktop\tiktoktechjam2026\data\aigc_ext\sd3\sd3_000027.jpg,1,aigc_modern_sd3,SD3
C:\Users\angus\Desktop\tiktoktechjam2026\data\aigc_ext\sd3\sd3_000028.jpg,1,aigc_modern_sd3,SD3
C:\Users\angus\Desktop\tiktoktechjam2026\data\aigc_ext\sd3\sd3_000029.jpg,1,aigc_modern_sd3,SD3
C:\Users\angus\Desktop\tiktoktechjam2026\data\aigc_ext\sd3\sd3_000030.jpg,1,aigc_modern_sd3,SD3
C:\Users\angus\Desktop\tiktoktechjam2026\data\aigc_ext\sd3\sd3_000031.jpg,1,aigc_modern_sd3,SD3
C:\Users\angus\Desktop\tiktoktechjam2026\data\aigc_ext\sd3\sd3_000032.jpg,1,aigc_modern_sd3,SD3
C:\Users\angus\Desktop\tiktoktechjam2026\data\aigc_ext\sd3\sd3_000033.jpg,1,aigc_modern_sd3,SD3
C:\Users\angus\Desktop\tiktoktechjam2026\data\aigc_ext\sd3\sd3_000034.jpg,1,aigc_modern_sd3,SD3
C:\Users\angus\Desktop\tiktoktechjam2026\data\aigc_ext\sd3\sd3_000035.jpg,1,aigc_modern_sd3,SD3
C:\Users\angus\Desktop\tiktoktechjam2026\data\aigc_ext\sd3\sd3_000036.jpg,1,aigc_modern_sd3,SD3
C:\Users\angus\Desktop\tiktoktechjam2026\data\aigc_ext\sd3\sd3_000037.jpg,1,aigc_modern_sd3,SD3
C:\Users\angus\Desktop\tiktoktechjam2026\data\aigc_ext\sd3\sd3_000038.jpg,1,aigc_modern_sd3,SD3
C:\Users\angus\Desktop\tiktoktechjam2026\data\aigc_ext\sd3\sd3_000039.jpg,1,aigc_modern_sd3,SD3
C:\Users\angus\Desktop\tiktoktechjam2026\data\aigc_ext\sd3\sd3_000040.jpg,1,aigc_modern_sd3,SD3
C:\Users\angus\Desktop\tiktoktechjam2026\data\aigc_ext\sd3\sd3_000041.jpg,1,aigc_modern_sd3,SD3
C:\Users\angus\Desktop\tiktoktechjam2026\data\aigc_ext\sd3\sd3_000042.jpg,1,aigc_modern_sd3,SD3
C:\Users\angus\Desktop\tiktoktechjam2026\data\aigc_ext\sd3\sd3_000043.jpg,1,aigc_modern_sd3,SD3
C:\Users\angus\Desktop\tiktoktechjam2026\data\aigc_ext\sd3\sd3_000044.jpg,1,aigc_modern_sd3,SD3
C:\Users\angus\Desktop\tiktoktechjam2026\data\aigc_ext\sd3\sd3_000045.jpg,1,aigc_modern_sd3,SD3
C:\Users\angus\Desktop\tiktoktechjam2026\data\aigc_ext\sd3\sd3_000046.jpg,1,aigc_modern_sd3,SD3
C:\Users\angus\Desktop\tiktoktechjam2026\data\aigc_ext\sd3\sd3_000047.jpg,1,aigc_modern_sd3,SD3
C:\Users\angus\Desktop\tiktoktechjam2026\data\aigc_ext\sd3\sd3_000048.jpg,1,aigc_modern_sd3,SD3
C:\Users\angus\Desktop\tiktoktechjam2026\data\aigc_ext\sd3\sd3_000049.jpg,1,aigc_modern_sd3,SD3
C:\Users\angus\Desktop\tiktoktechjam2026\data\aigc_ext\sd3\sd3_000050.jpg,1,aigc_modern_sd3,SD3
C:\Users\angus\Desktop\tiktoktechjam2026\data\aigc_ext\sd3\sd3_000051.jpg,1,aigc_modern_sd3,SD3
C:\Users\angus\Desktop\tiktoktechjam2026\data\aigc_ext\sd3\sd3_000052.jpg,1,aigc_modern_sd3,SD3
C:\Users\angus\Desktop\tiktoktechjam2026\data\aigc_ext\sd3\sd3_000053.jpg,1,aigc_modern_sd3,SD3
C:\Users\angus\Desktop\tiktoktechjam2026\data\aigc_ext\sd3\sd3_000054.jpg,1,aigc_modern_sd3,SD3
C:\Users\angus\Desktop\tiktoktechjam2026\data\aigc_ext\sd3\sd3_000055.jpg,1,aigc_modern_sd3,SD3
C:\Users\angus\Desktop\tiktoktechjam2026\data\aigc_ext\sd3\sd3_000056.jpg,1,aigc_modern_sd3,SD3
C:\Users\angus\Desktop\tiktoktechjam2026\data\aigc_ext\sd3\sd3_000057.jpg,1,aigc_modern_sd3,SD3
C:\Users\angus\Desktop\tiktoktechjam2026\data\aigc_ext\sd3\sd3_000058.jpg,1,aigc_modern_sd3,SD3
C:\Users\angus\Desktop\tiktoktechjam2026\data\aigc_ext\sd3\sd3_000059.jpg,1,aigc_modern_sd3,SD3
C:\Users\angus\Desktop\tiktoktechjam2026\data\aigc_ext\sd3\sd3_000060.jpg,1,aigc_modern_sd3,SD3
C:\Users\angus\Desktop\tiktoktechjam2026\data\aigc_ext\sd3\sd3_000061.jpg,1,aigc_modern_sd3,SD3
C:\Users\angus\Desktop\tiktoktechjam2026\data\aigc_ext\sd3\sd3_000062.jpg,1,aigc_modern_sd3,SD3
C:\Users\angus\Desktop\tiktoktechjam2026\data\aigc_ext\sd3\sd3_000063.jpg,1,aigc_modern_sd3,SD3
C:\Users\angus\Desktop\tiktoktechjam2026\data\aigc_ext\sd3\sd3_000064.jpg,1,aigc_modern_sd3,SD3
C:\Users\angus\Desktop\tiktoktechjam2026\data\aigc_ext\sd3\sd3_000065.jpg,1,aigc_modern_sd3,SD3
C:\Users\angus\Desktop\tiktoktechjam2026\data\aigc_ext\sd3\sd3_000066.jpg,1,aigc_modern_sd3,SD3
C:\Users\angus\Desktop\tiktoktechjam2026\data\aigc_ext\sd3\sd3_000067.jpg,1,aigc_modern_sd3,SD3
C:\Users\angus\Desktop\tiktoktechjam2026\data\aigc_ext\sd3\sd3_000068.jpg,1,aigc_modern_sd3,SD3
C:\Users\angus\Desktop\tiktoktechjam2026\data\aigc_ext\sd3\sd3_000069.jpg,1,aigc_modern_sd3,SD3
C:\Users\angus\Desktop\tiktoktechjam2026\data\aigc_ext\sd3\sd3_000070.jpg,1,aigc_modern_sd3,SD3
C:\Users\angus\Desktop\tiktoktechjam2026\data\aigc_ext\sd3\sd3_000071.jpg,1,aigc_modern_sd3,SD3
C:\Users\angus\Desktop\tiktoktechjam2026\data\aigc_ext\sd3\sd3_000072.jpg,1,aigc_modern_sd3,SD3
C:\Users\angus\Desktop\tiktoktechjam2026\data\aigc_ext\sd3\sd3_000073.jpg,1,aigc_modern_sd3,SD3
C:\Users\angus\Desktop\tiktoktechjam2026\data\aigc_ext\sd3\sd3_000074.jpg,1,aigc_modern_sd3,SD3
C:\Users\angus\Desktop\tiktoktechjam2026\data\aigc_ext\sd3\sd3_000075.jpg,1,aigc_modern_sd3,SD3
C:\Users\angus\Desktop\tiktoktechjam2026\data\aigc_ext\sd3\sd3_000076.jpg,1,aigc_modern_sd3,SD3
C:\Users\angus\Desktop\tiktoktechjam2026\data\aigc_ext\sd3\sd3_000077.jpg,1,aigc_modern_sd3,SD3
C:\Users\angus\Desktop\tiktoktechjam2026\data\aigc_ext\sd3\sd3_000078.jpg,1,aigc_modern_sd3,SD3
C:\Users\angus\Desktop\tiktoktechjam2026\data\aigc_ext\sd3\sd3_000079.jpg,1,aigc_modern_sd3,SD3
C:\Users\angus\Desktop\tiktoktechjam2026\data\aigc_ext\sd3\sd3_000080.jpg,1,aigc_modern_sd3,SD3
C:\Users\angus\Desktop\tiktoktechjam2026\data\aigc_ext\sd3\sd3_000081.jpg,1,aigc_modern_sd3,SD3
C:\Users\angus\Desktop\tiktoktechjam2026\data\aigc_ext\sd3\sd3_000082.jpg,1,aigc_modern_sd3,SD3
C:\Users\angus\Desktop\tiktoktechjam2026\data\aigc_ext\sd3\sd3_000083.jpg,1,aigc_modern_sd3,SD3
C:\Users\angus\Desktop\tiktoktechjam2026\data\aigc_ext\sd3\sd3_000084.jpg,1,aigc_modern_sd3,SD3
C:\Users\angus\Desktop\tiktoktechjam2026\data\aigc_ext\sd3\sd3_000085.jpg,1,aigc_modern_sd3,SD3
C:\Users\angus\Desktop\tiktoktechjam2026\data\aigc_ext\sd3\sd3_000086.jpg,1,aigc_modern_sd3,SD3
C:\Users\angus\Desktop\tiktoktechjam2026\data\aigc_ext\sd3\sd3_000087.jpg,1,aigc_modern_sd3,SD3
C:\Users\angus\Desktop\tiktoktechjam2026\data\aigc_ext\sd3\sd3_000088.jpg,1,aigc_modern_sd3,SD3
C:\Users\angus\Desktop\tiktoktechjam2026\data\aigc_ext\sd3\sd3_000089.jpg,1,aigc_modern_sd3,SD3
C:\Users\angus\Desktop\tiktoktechjam2026\data\aigc_ext\sd3\sd3_000090.jpg,1,aigc_modern_sd3,SD3
C:\Users\angus\Desktop\tiktoktechjam2026\data\aigc_ext\sd3\sd3_000091.jpg,1,aigc_modern_sd3,SD3
C:\Users\angus\Desktop\tiktoktechjam2026\data\aigc_ext\sd3\sd3_000092.jpg,1,aigc_modern_sd3,SD3
C:\Users\angus\Desktop\tiktoktechjam2026\data\aigc_ext\sd3\sd3_000093.jpg,1,aigc_modern_sd3,SD3
C:\Users\angus\Desktop\tiktoktechjam2026\data\aigc_ext\sd3\sd3_000094.jpg,1,aigc_modern_sd3,SD3
C:\Users\angus\Desktop\tiktoktechjam2026\data\aigc_ext\sd3\sd3_000095.jpg,1,aigc_modern_sd3,SD3
C:\Users\angus\Desktop\tiktoktechjam2026\data\aigc_ext\sd3\sd3_000096.jpg,1,aigc_modern_sd3,SD3
C:\Users\angus\Desktop\tiktoktechjam2026\data\aigc_ext\sd3\sd3_000097.jpg,1,aigc_modern_sd3,SD3
C:\Users\angus\Desktop\tiktoktechjam2026\data\aigc_ext\sd3\sd3_000098.jpg,1,aigc_modern_sd3,SD3
C:\Users\angus\Desktop\tiktoktechjam2026\data\aigc_ext\sd3\sd3_000099.jpg,1,aigc_modern_sd3,SD3
C:\Users\angus\Desktop\tiktoktechjam2026\data\aigc_ext\sd3\sd3_000100.jpg,1,aigc_modern_sd3,SD3
C:\Users\angus\Desktop\tiktoktechjam2026\data\aigc_ext\sd3\sd3_000101.jpg,1,aigc_modern_sd3,SD3
C:\Users\angus\Desktop\tiktoktechjam2026\data\aigc_ext\sd3\sd3_000102.jpg,1,aigc_modern_sd3,SD3
C:\Users\angus\Desktop\tiktoktechjam2026\data\aigc_ext\sd3\sd3_000103.jpg,1,aigc_modern_sd3,SD3
C:\Users\angus\Desktop\tiktoktechjam2026\data\aigc_ext\sd3\sd3_000104.jpg,1,aigc_modern_sd3,SD3
C:\Users\angus\Desktop\tiktoktechjam2026\data\aigc_ext\sd3\sd3_000105.jpg,1,aigc_modern_sd3,SD3
C:\Users\angus\Desktop\tiktoktechjam2026\data\aigc_ext\sd3\sd3_000106.jpg,1,aigc_modern_sd3,SD3
C:\Users\angus\Desktop\tiktoktechjam2026\data\aigc_ext\sd3\sd3_000107.jpg,1,aigc_modern_sd3,SD3
C:\Users\angus\Desktop\tiktoktechjam2026\data\aigc_ext\sd3\sd3_000108.jpg,1,aigc_modern_sd3,SD3
C:\Users\angus\Desktop\tiktoktechjam2026\data\aigc_ext\sd3\sd3_000109.jpg,1,aigc_modern_sd3,SD3
C:\Users\angus\Desktop\tiktoktechjam2026\data\aigc_ext\sd3\sd3_000110.jpg,1,aigc_modern_sd3,SD3
C:\Users\angus\Desktop\tiktoktechjam2026\data\aigc_ext\sd3\sd3_000111.jpg,1,aigc_modern_sd3,SD3
C:\Users\angus\Desktop\tiktoktechjam2026\data\aigc_ext\sd3\sd3_000112.jpg,1,aigc_modern_sd3,SD3
C:\Users\angus\Desktop\tiktoktechjam2026\data\aigc_ext\sd3\sd3_000113.jpg,1,aigc_modern_sd3,SD3
C:\Users\angus\Desktop\tiktoktechjam2026\data\aigc_ext\sd3\sd3_000114.jpg,1,aigc_modern_sd3,SD3
C:\Users\angus\Desktop\tiktoktechjam2026\data\aigc_ext\sd3\sd3_000115.jpg,1,aigc_modern_sd3,SD3
C:\Users\angus\Desktop\tiktoktechjam2026\data\aigc_ext\sd3\sd3_000116.jpg,1,aigc_modern_sd3,SD3
C:\Users\angus\Desktop\tiktoktechjam2026\data\aigc_ext\sd3\sd3_000117.jpg,1,aigc_modern_sd3,SD3
C:\Users\angus\Desktop\tiktoktechjam2026\data\aigc_ext\sd3\sd3_000118.jpg,1,aigc_modern_sd3,SD3
C:\Users\angus\Desktop\tiktoktechjam2026\data\aigc_ext\sd3\sd3_000119.jpg,1,aigc_modern_sd3,SD3
C:\Users\angus\Desktop\tiktoktechjam2026\data\aigc_ext\sd3\sd3_000120.jpg,1,aigc_modern_sd3,SD3
C:\Users\angus\Desktop\tiktoktechjam2026\data\aigc_ext\sd3\sd3_000121.jpg,1,aigc_modern_sd3,SD3
C:\Users\angus\Desktop\tiktoktechjam2026\data\aigc_ext\sd3\sd3_000122.jpg,1,aigc_modern_sd3,SD3
C:\Users\angus\Desktop\tiktoktechjam2026\data\aigc_ext\sd3\sd3_000123.jpg,1,aigc_modern_sd3,SD3
C:\Users\angus\Desktop\tiktoktechjam2026\data\aigc_ext\sd3\sd3_000124.jpg,1,aigc_modern_sd3,SD3
C:\Users\angus\Desktop\tiktoktechjam2026\data\aigc_ext\sd3\sd3_000125.jpg,1,aigc_modern_sd3,SD3
C:\Users\angus\Desktop\tiktoktechjam2026\data\aigc_ext\sd3\sd3_000126.jpg,1,aigc_modern_sd3,SD3
C:\Users\angus\Desktop\tiktoktechjam2026\data\aigc_ext\sd3\sd3_000127.jpg,1,aigc_modern_sd3,SD3
C:\Users\angus\Desktop\tiktoktechjam2026\data\aigc_ext\sd3\sd3_000128.jpg,1,aigc_modern_sd3,SD3
C:\Users\angus\Desktop\tiktoktechjam2026\data\aigc_ext\sd3\sd3_000129.jpg,1,aigc_modern_sd3,SD3
C:\Users\angus\Desktop\tiktoktechjam2026\data\aigc_ext\sd3\sd3_000130.jpg,1,aigc_modern_sd3,SD3
C:\Users\angus\Desktop\tiktoktechjam2026\data\aigc_ext\sd3\sd3_000131.jpg,1,aigc_modern_sd3,SD3
C:\Users\angus\Desktop\tiktoktechjam2026\data\aigc_ext\sd3\sd3_000132.jpg,1,aigc_modern_sd3,SD3
C:\Users\angus\Desktop\tiktoktechjam2026\data\aigc_ext\sd3\sd3_000133.jpg,1,aigc_modern_sd3,SD3
C:\Users\angus\Desktop\tiktoktechjam2026\data\aigc_ext\sd3\sd3_000134.jpg,1,aigc_modern_sd3,SD3
C:\Users\angus\Desktop\tiktoktechjam2026\data\aigc_ext\sd3\sd3_000135.jpg,1,aigc_modern_sd3,SD3
C:\Users\angus\Desktop\tiktoktechjam2026\data\aigc_ext\sd3\sd3_000136.jpg,1,aigc_modern_sd3,SD3
C:\Users\angus\Desktop\tiktoktechjam2026\data\aigc_ext\sd3\sd3_000137.jpg,1,aigc_modern_sd3,SD3
C:\Users\angus\Desktop\tiktoktechjam2026\data\aigc_ext\sd3\sd3_000138.jpg,1,aigc_modern_sd3,SD3
C:\Users\angus\Desktop\tiktoktechjam2026\data\aigc_ext\sd3\sd3_000139.jpg,1,aigc_modern_sd3,SD3
C:\Users\angus\Desktop\tiktoktechjam2026\data\aigc_ext\sd3\sd3_000140.jpg,1,aigc_modern_sd3,SD3
C:\Users\angus\Desktop\tiktoktechjam2026\data\aigc_ext\sd3\sd3_000141.jpg,1,aigc_modern_sd3,SD3
C:\Users\angus\Desktop\tiktoktechjam2026\data\aigc_ext\sd3\sd3_000142.jpg,1,aigc_modern_sd3,SD3
C:\Users\angus\Desktop\tiktoktechjam2026\data\aigc_ext\sd3\sd3_000143.jpg,1,aigc_modern_sd3,SD3
C:\Users\angus\Desktop\tiktoktechjam2026\data\aigc_ext\sd3\sd3_000144.jpg,1,aigc_modern_sd3,SD3
C:\Users\angus\Desktop\tiktoktechjam2026\data\aigc_ext\sd3\sd3_000145.jpg,1,aigc_modern_sd3,SD3
C:\Users\angus\Desktop\tiktoktechjam2026\data\aigc_ext\sd3\sd3_000146.jpg,1,aigc_modern_sd3,SD3
C:\Users\angus\Desktop\tiktoktechjam2026\data\aigc_ext\sd3\sd3_000147.jpg,1,aigc_modern_sd3,SD3
C:\Users\angus\Desktop\tiktoktechjam2026\data\aigc_ext\sd3\sd3_000148.jpg,1,aigc_modern_sd3,SD3
C:\Users\angus\Desktop\tiktoktechjam2026\data\aigc_ext\sd3\sd3_000149.jpg,1,aigc_modern_sd3,SD3
C:\Users\angus\Desktop\tiktoktechjam2026\data\aigc_ext\sd3\sd3_000150.jpg,1,aigc_modern_sd3,SD3
C:\Users\angus\Desktop\tiktoktechjam2026\data\aigc_ext\sd3\sd3_000151.jpg,1,aigc_modern_sd3,SD3
C:\Users\angus\Desktop\tiktoktechjam2026\data\aigc_ext\sd3\sd3_000152.jpg,1,aigc_modern_sd3,SD3
C:\Users\angus\Desktop\tiktoktechjam2026\data\aigc_ext\sd3\sd3_000153.jpg,1,aigc_modern_sd3,SD3
C:\Users\angus\Desktop\tiktoktechjam2026\data\aigc_ext\sd3\sd3_000154.jpg,1,aigc_modern_sd3,SD3
C:\Users\angus\Desktop\tiktoktechjam2026\data\aigc_ext\sd3\sd3_000155.jpg,1,aigc_modern_sd3,SD3
C:\Users\angus\Desktop\tiktoktechjam2026\data\aigc_ext\sd3\sd3_000156.jpg,1,aigc_modern_sd3,SD3
C:\Users\angus\Desktop\tiktoktechjam2026\data\aigc_ext\sd3\sd3_000157.jpg,1,aigc_modern_sd3,SD3
C:\Users\angus\Desktop\tiktoktechjam2026\data\aigc_ext\sd3\sd3_000158.jpg,1,aigc_modern_sd3,SD3
C:\Users\angus\Desktop\tiktoktechjam2026\data\aigc_ext\sd3\sd3_000159.jpg,1,aigc_modern_sd3,SD3
C:\Users\angus\Desktop\tiktoktechjam2026\data\aigc_ext\sd3\sd3_000160.jpg,1,aigc_modern_sd3,SD3
C:\Users\angus\Desktop\tiktoktechjam2026\data\aigc_ext\sd3\sd3_000161.jpg,1,aigc_modern_sd3,SD3
C:\Users\angus\Desktop\tiktoktechjam2026\data\aigc_ext\sd3\sd3_000162.jpg,1,aigc_modern_sd3,SD3
C:\Users\angus\Desktop\tiktoktechjam2026\data\aigc_ext\sd3\sd3_000163.jpg,1,aigc_modern_sd3,SD3
C:\Users\angus\Desktop\tiktoktechjam2026\data\aigc_ext\sd3\sd3_000164.jpg,1,aigc_modern_sd3,SD3
C:\Users\angus\Desktop\tiktoktechjam2026\data\aigc_ext\sd3\sd3_000165.jpg,1,aigc_modern_sd3,SD3
C:\Users\angus\Desktop\tiktoktechjam2026\data\aigc_ext\sd3\sd3_000166.jpg,1,aigc_modern_sd3,SD3
C:\Users\angus\Desktop\tiktoktechjam2026\data\aigc_ext\sd3\sd3_000167.jpg,1,aigc_modern_sd3,SD3
C:\Users\angus\Desktop\tiktoktechjam2026\data\aigc_ext\sd3\sd3_000168.jpg,1,aigc_modern_sd3,SD3
C:\Users\angus\Desktop\tiktoktechjam2026\data\aigc_ext\sd3\sd3_000169.jpg,1,aigc_modern_sd3,SD3
C:\Users\angus\Desktop\tiktoktechjam2026\data\aigc_ext\sd3\sd3_000170.jpg,1,aigc_modern_sd3,SD3
C:\Users\angus\Desktop\tiktoktechjam2026\data\aigc_ext\sd3\sd3_000171.jpg,1,aigc_modern_sd3,SD3
C:\Users\angus\Desktop\tiktoktechjam2026\data\aigc_ext\sd3\sd3_000172.jpg,1,aigc_modern_sd3,SD3
C:\Users\angus\Desktop\tiktoktechjam2026\data\aigc_ext\sd3\sd3_000173.jpg,1,aigc_modern_sd3,SD3
C:\Users\angus\Desktop\tiktoktechjam2026\data\aigc_ext\sd3\sd3_000174.jpg,1,aigc_modern_sd3,SD3
C:\Users\angus\Desktop\tiktoktechjam2026\data\aigc_ext\sd3\sd3_000175.jpg,1,aigc_modern_sd3,SD3
C:\Users\angus\Desktop\tiktoktechjam2026\data\aigc_ext\sd3\sd3_000176.jpg,1,aigc_modern_sd3,SD3
C:\Users\angus\Desktop\tiktoktechjam2026\data\aigc_ext\sd3\sd3_000177.jpg,1,aigc_modern_sd3,SD3
C:\Users\angus\Desktop\tiktoktechjam2026\data\aigc_ext\sd3\sd3_000178.jpg,1,aigc_modern_sd3,SD3
C:\Users\angus\Desktop\tiktoktechjam2026\data\aigc_ext\sd3\sd3_000179.jpg,1,aigc_modern_sd3,SD3
C:\Users\angus\Desktop\tiktoktechjam2026\data\aigc_ext\sd3\sd3_000180.jpg,1,aigc_modern_sd3,SD3
C:\Users\angus\Desktop\tiktoktechjam2026\data\aigc_ext\sd3\sd3_000181.jpg,1,aigc_modern_sd3,SD3
C:\Users\angus\Desktop\tiktoktechjam2026\data\aigc_ext\sd3\sd3_000182.jpg,1,aigc_modern_sd3,SD3
C:\Users\angus\Desktop\tiktoktechjam2026\data\aigc_ext\sd3\sd3_000183.jpg,1,aigc_modern_sd3,SD3
C:\Users\angus\Desktop\tiktoktechjam2026\data\aigc_ext\sd3\sd3_000184.jpg,1,aigc_modern_sd3,SD3
C:\Users\angus\Desktop\tiktoktechjam2026\data\aigc_ext\sd3\sd3_000185.jpg,1,aigc_modern_sd3,SD3
C:\Users\angus\Desktop\tiktoktechjam2026\data\aigc_ext\sd3\sd3_000186.jpg,1,aigc_modern_sd3,SD3
C:\Users\angus\Desktop\tiktoktechjam2026\data\aigc_ext\sd3\sd3_000187.jpg,1,aigc_modern_sd3,SD3
C:\Users\angus\Desktop\tiktoktechjam2026\data\aigc_ext\sd3\sd3_000188.jpg,1,aigc_modern_sd3,SD3
C:\Users\angus\Desktop\tiktoktechjam2026\data\aigc_ext\sd3\sd3_000189.jpg,1,aigc_modern_sd3,SD3
C:\Users\angus\Desktop\tiktoktechjam2026\data\aigc_ext\sd3\sd3_000190.jpg,1,aigc_modern_sd3,SD3
C:\Users\angus\Desktop\tiktoktechjam2026\data\aigc_ext\sd3\sd3_000191.jpg,1,aigc_modern_sd3,SD3
C:\Users\angus\Desktop\tiktoktechjam2026\data\aigc_ext\sd3\sd3_000192.jpg,1,aigc_modern_sd3,SD3
C:\Users\angus\Desktop\tiktoktechjam2026\data\aigc_ext\sd3\sd3_000193.jpg,1,aigc_modern_sd3,SD3
C:\Users\angus\Desktop\tiktoktechjam2026\data\aigc_ext\sd3\sd3_000194.jpg,1,aigc_modern_sd3,SD3
C:\Users\angus\Desktop\tiktoktechjam2026\data\aigc_ext\sd3\sd3_000195.jpg,1,aigc_modern_sd3,SD3
C:\Users\angus\Desktop\tiktoktechjam2026\data\aigc_ext\sd3\sd3_000196.jpg,1,aigc_modern_sd3,SD3
C:\Users\angus\Desktop\tiktoktechjam2026\data\aigc_ext\sd3\sd3_000197.jpg,1,aigc_modern_sd3,SD3
C:\Users\angus\Desktop\tiktoktechjam2026\data\aigc_ext\sd3\sd3_000198.jpg,1,aigc_modern_sd3,SD3
C:\Users\angus\Desktop\tiktoktechjam2026\data\aigc_ext\sd3\sd3_000199.jpg,1,aigc_modern_sd3,SD3
C:\Users\angus\Desktop\tiktoktechjam2026\data\aigc_ext\sd3\sd3_000200.jpg,1,aigc_modern_sd3,SD3
C:\Users\angus\Desktop\tiktoktechjam2026\data\aigc_ext\sd3\sd3_000201.jpg,1,aigc_modern_sd3,SD3
C:\Users\angus\Desktop\tiktoktechjam2026\data\aigc_ext\sd3\sd3_000202.jpg,1,aigc_modern_sd3,SD3
C:\Users\angus\Desktop\tiktoktechjam2026\data\aigc_ext\sd3\sd3_000203.jpg,1,aigc_modern_sd3,SD3
C:\Users\angus\Desktop\tiktoktechjam2026\data\aigc_ext\sd3\sd3_000204.jpg,1,aigc_modern_sd3,SD3
C:\Users\angus\Desktop\tiktoktechjam2026\data\aigc_ext\sd3\sd3_000205.jpg,1,aigc_modern_sd3,SD3
C:\Users\angus\Desktop\tiktoktechjam2026\data\aigc_ext\sd3\sd3_000206.jpg,1,aigc_modern_sd3,SD3
C:\Users\angus\Desktop\tiktoktechjam2026\data\aigc_ext\sd3\sd3_000207.jpg,1,aigc_modern_sd3,SD3
C:\Users\angus\Desktop\tiktoktechjam2026\data\aigc_ext\sd3\sd3_000208.jpg,1,aigc_modern_sd3,SD3
C:\Users\angus\Desktop\tiktoktechjam2026\data\aigc_ext\sd3\sd3_000209.jpg,1,aigc_modern_sd3,SD3
C:\Users\angus\Desktop\tiktoktechjam2026\data\aigc_ext\sd3\sd3_000210.jpg,1,aigc_modern_sd3,SD3
C:\Users\angus\Desktop\tiktoktechjam2026\data\aigc_ext\sd3\sd3_000211.jpg,1,aigc_modern_sd3,SD3
C:\Users\angus\Desktop\tiktoktechjam2026\data\aigc_ext\sd3\sd3_000212.jpg,1,aigc_modern_sd3,SD3
C:\Users\angus\Desktop\tiktoktechjam2026\data\aigc_ext\sd3\sd3_000213.jpg,1,aigc_modern_sd3,SD3
C:\Users\angus\Desktop\tiktoktechjam2026\data\aigc_ext\sd3\sd3_000214.jpg,1,aigc_modern_sd3,SD3
C:\Users\angus\Desktop\tiktoktechjam2026\data\aigc_ext\sd3\sd3_000215.jpg,1,aigc_modern_sd3,SD3
C:\Users\angus\Desktop\tiktoktechjam2026\data\aigc_ext\sd3\sd3_000216.jpg,1,aigc_modern_sd3,SD3
C:\Users\angus\Desktop\tiktoktechjam2026\data\aigc_ext\sd3\sd3_000217.jpg,1,aigc_modern_sd3,SD3
C:\Users\angus\Desktop\tiktoktechjam2026\data\aigc_ext\sd3\sd3_000218.jpg,1,aigc_modern_sd3,SD3
C:\Users\angus\Desktop\tiktoktechjam2026\data\aigc_ext\sd3\sd3_000219.jpg,1,aigc_modern_sd3,SD3
C:\Users\angus\Desktop\tiktoktechjam2026\data\aigc_ext\sd3\sd3_000220.jpg,1,aigc_modern_sd3,SD3
C:\Users\angus\Desktop\tiktoktechjam2026\data\aigc_ext\sd3\sd3_000221.jpg,1,aigc_modern_sd3,SD3
C:\Users\angus\Desktop\tiktoktechjam2026\data\aigc_ext\sd3\sd3_000222.jpg,1,aigc_modern_sd3,SD3
C:\Users\angus\Desktop\tiktoktechjam2026\data\aigc_ext\sd3\sd3_000223.jpg,1,aigc_modern_sd3,SD3
C:\Users\angus\Desktop\tiktoktechjam2026\data\aigc_ext\sd3\sd3_000224.jpg,1,aigc_modern_sd3,SD3
C:\Users\angus\Desktop\tiktoktechjam2026\data\aigc_ext\sd3\sd3_000225.jpg,1,aigc_modern_sd3,SD3
C:\Users\angus\Desktop\tiktoktechjam2026\data\aigc_ext\sd3\sd3_000226.jpg,1,aigc_modern_sd3,SD3
C:\Users\angus\Desktop\tiktoktechjam2026\data\aigc_ext\sd3\sd3_000227.jpg,1,aigc_modern_sd3,SD3
C:\Users\angus\Desktop\tiktoktechjam2026\data\aigc_ext\sd3\sd3_000228.jpg,1,aigc_modern_sd3,SD3
C:\Users\angus\Desktop\tiktoktechjam2026\data\aigc_ext\sd3\sd3_000229.jpg,1,aigc_modern_sd3,SD3
C:\Users\angus\Desktop\tiktoktechjam2026\data\aigc_ext\sd3\sd3_000230.jpg,1,aigc_modern_sd3,SD3
C:\Users\angus\Desktop\tiktoktechjam2026\data\aigc_ext\sd3\sd3_000231.jpg,1,aigc_modern_sd3,SD3
C:\Users\angus\Desktop\tiktoktechjam2026\data\aigc_ext\sd3\sd3_000232.jpg,1,aigc_modern_sd3,SD3
C:\Users\angus\Desktop\tiktoktechjam2026\data\aigc_ext\sd3\sd3_000233.jpg,1,aigc_modern_sd3,SD3
C:\Users\angus\Desktop\tiktoktechjam2026\data\aigc_ext\sd3\sd3_000234.jpg,1,aigc_modern_sd3,SD3
C:\Users\angus\Desktop\tiktoktechjam2026\data\aigc_ext\sd3\sd3_000235.jpg,1,aigc_modern_sd3,SD3
C:\Users\angus\Desktop\tiktoktechjam2026\data\aigc_ext\sd3\sd3_000236.jpg,1,aigc_modern_sd3,SD3
C:\Users\angus\Desktop\tiktoktechjam2026\data\aigc_ext\sd3\sd3_000237.jpg,1,aigc_modern_sd3,SD3
C:\Users\angus\Desktop\tiktoktechjam2026\data\aigc_ext\sd3\sd3_000238.jpg,1,aigc_modern_sd3,SD3
C:\Users\angus\Desktop\tiktoktechjam2026\data\aigc_ext\sd3\sd3_000239.jpg,1,aigc_modern_sd3,SD3
C:\Users\angus\Desktop\tiktoktechjam2026\data\aigc_ext\sd3\sd3_000240.jpg,1,aigc_modern_sd3,SD3
C:\Users\angus\Desktop\tiktoktechjam2026\data\aigc_ext\sd3\sd3_000241.jpg,1,aigc_modern_sd3,SD3
C:\Users\angus\Desktop\tiktoktechjam2026\data\aigc_ext\sd3\sd3_000242.jpg,1,aigc_modern_sd3,SD3
C:\Users\angus\Desktop\tiktoktechjam2026\data\aigc_ext\sd3\sd3_000243.jpg,1,aigc_modern_sd3,SD3
C:\Users\angus\Desktop\tiktoktechjam2026\data\aigc_ext\sd3\sd3_000244.jpg,1,aigc_modern_sd3,SD3
C:\Users\angus\Desktop\tiktoktechjam2026\data\aigc_ext\sd3\sd3_000245.jpg,1,aigc_modern_sd3,SD3
C:\Users\angus\Desktop\tiktoktechjam2026\data\aigc_ext\sd3\sd3_000246.jpg,1,aigc_modern_sd3,SD3
C:\Users\angus\Desktop\tiktoktechjam2026\data\aigc_ext\sd3\sd3_000247.jpg,1,aigc_modern_sd3,SD3
C:\Users\angus\Desktop\tiktoktechjam2026\data\aigc_ext\sd3\sd3_000248.jpg,1,aigc_modern_sd3,SD3
C:\Users\angus\Desktop\tiktoktechjam2026\data\aigc_ext\sd3\sd3_000249.jpg,1,aigc_modern_sd3,SD3
C:\Users\angus\Desktop\tiktoktechjam2026\data\aigc_ext\sd3\sd3_000250.jpg,1,aigc_modern_sd3,SD3
C:\Users\angus\Desktop\tiktoktechjam2026\data\aigc_ext\sd3\sd3_000251.jpg,1,aigc_modern_sd3,SD3
C:\Users\angus\Desktop\tiktoktechjam2026\data\aigc_ext\sd3\sd3_000252.jpg,1,aigc_modern_sd3,SD3
C:\Users\angus\Desktop\tiktoktechjam2026\data\aigc_ext\sd3\sd3_000253.jpg,1,aigc_modern_sd3,SD3
C:\Users\angus\Desktop\tiktoktechjam2026\data\aigc_ext\sd3\sd3_000254.jpg,1,aigc_modern_sd3,SD3
C:\Users\angus\Desktop\tiktoktechjam2026\data\aigc_ext\sd3\sd3_000255.jpg,1,aigc_modern_sd3,SD3
C:\Users\angus\Desktop\tiktoktechjam2026\data\aigc_ext\sd3\sd3_000256.jpg,1,aigc_modern_sd3,SD3
C:\Users\angus\Desktop\tiktoktechjam2026\data\aigc_ext\sd3\sd3_000257.jpg,1,aigc_modern_sd3,SD3
C:\Users\angus\Desktop\tiktoktechjam2026\data\aigc_ext\sd3\sd3_000258.jpg,1,aigc_modern_sd3,SD3
C:\Users\angus\Desktop\tiktoktechjam2026\data\aigc_ext\sd3\sd3_000259.jpg,1,aigc_modern_sd3,SD3
C:\Users\angus\Desktop\tiktoktechjam2026\data\aigc_ext\sd3\sd3_000260.jpg,1,aigc_modern_sd3,SD3
C:\Users\angus\Desktop\tiktoktechjam2026\data\aigc_ext\sd3\sd3_000261.jpg,1,aigc_modern_sd3,SD3
C:\Users\angus\Desktop\tiktoktechjam2026\data\aigc_ext\sd3\sd3_000262.jpg,1,aigc_modern_sd3,SD3
C:\Users\angus\Desktop\tiktoktechjam2026\data\aigc_ext\sd3\sd3_000263.jpg,1,aigc_modern_sd3,SD3
C:\Users\angus\Desktop\tiktoktechjam2026\data\aigc_ext\sd3\sd3_000264.jpg,1,aigc_modern_sd3,SD3
C:\Users\angus\Desktop\tiktoktechjam2026\data\aigc_ext\sd3\sd3_000265.jpg,1,aigc_modern_sd3,SD3
C:\Users\angus\Desktop\tiktoktechjam2026\data\aigc_ext\sd3\sd3_000266.jpg,1,aigc_modern_sd3,SD3
C:\Users\angus\Desktop\tiktoktechjam2026\data\aigc_ext\sd3\sd3_000267.jpg,1,aigc_modern_sd3,SD3
C:\Users\angus\Desktop\tiktoktechjam2026\data\aigc_ext\sd3\sd3_000268.jpg,1,aigc_modern_sd3,SD3
C:\Users\angus\Desktop\tiktoktechjam2026\data\aigc_ext\sd3\sd3_000269.jpg,1,aigc_modern_sd3,SD3
C:\Users\angus\Desktop\tiktoktechjam2026\data\aigc_ext\sd3\sd3_000270.jpg,1,aigc_modern_sd3,SD3
C:\Users\angus\Desktop\tiktoktechjam2026\data\aigc_ext\sd3\sd3_000271.jpg,1,aigc_modern_sd3,SD3
C:\Users\angus\Desktop\tiktoktechjam2026\data\aigc_ext\sd3\sd3_000272.jpg,1,aigc_modern_sd3,SD3
C:\Users\angus\Desktop\tiktoktechjam2026\data\aigc_ext\sd3\sd3_000273.jpg,1,aigc_modern_sd3,SD3
C:\Users\angus\Desktop\tiktoktechjam2026\data\aigc_ext\sd3\sd3_000274.jpg,1,aigc_modern_sd3,SD3
C:\Users\angus\Desktop\tiktoktechjam2026\data\aigc_ext\sd3\sd3_000275.jpg,1,aigc_modern_sd3,SD3
C:\Users\angus\Desktop\tiktoktechjam2026\data\aigc_ext\sd3\sd3_000276.jpg,1,aigc_modern_sd3,SD3
C:\Users\angus\Desktop\tiktoktechjam2026\data\aigc_ext\sd3\sd3_000277.jpg,1,aigc_modern_sd3,SD3
C:\Users\angus\Desktop\tiktoktechjam2026\data\aigc_ext\sd3\sd3_000278.jpg,1,aigc_modern_sd3,SD3
C:\Users\angus\Desktop\tiktoktechjam2026\data\aigc_ext\sd3\sd3_000279.jpg,1,aigc_modern_sd3,SD3
C:\Users\angus\Desktop\tiktoktechjam2026\data\aigc_ext\sd3\sd3_000280.jpg,1,aigc_modern_sd3,SD3
C:\Users\angus\Desktop\tiktoktechjam2026\data\aigc_ext\sd3\sd3_000281.jpg,1,aigc_modern_sd3,SD3
C:\Users\angus\Desktop\tiktoktechjam2026\data\aigc_ext\sd3\sd3_000282.jpg,1,aigc_modern_sd3,SD3
C:\Users\angus\Desktop\tiktoktechjam2026\data\aigc_ext\sd3\sd3_000283.jpg,1,aigc_modern_sd3,SD3
C:\Users\angus\Desktop\tiktoktechjam2026\data\aigc_ext\sd3\sd3_000284.jpg,1,aigc_modern_sd3,SD3
C:\Users\angus\Desktop\tiktoktechjam2026\data\aigc_ext\sd3\sd3_000285.jpg,1,aigc_modern_sd3,SD3
C:\Users\angus\Desktop\tiktoktechjam2026\data\aigc_ext\sd3\sd3_000286.jpg,1,aigc_modern_sd3,SD3
C:\Users\angus\Desktop\tiktoktechjam2026\data\aigc_ext\sd3\sd3_000287.jpg,1,aigc_modern_sd3,SD3
C:\Users\angus\Desktop\tiktoktechjam2026\data\aigc_ext\sd3\sd3_000288.jpg,1,aigc_modern_sd3,SD3
C:\Users\angus\Desktop\tiktoktechjam2026\data\aigc_ext\sd3\sd3_000289.jpg,1,aigc_modern_sd3,SD3
C:\Users\angus\Desktop\tiktoktechjam2026\data\aigc_ext\sd3\sd3_000290.jpg,1,aigc_modern_sd3,SD3
C:\Users\angus\Desktop\tiktoktechjam2026\data\aigc_ext\sd3\sd3_000291.jpg,1,aigc_modern_sd3,SD3
C:\Users\angus\Desktop\tiktoktechjam2026\data\aigc_ext\sd3\sd3_000292.jpg,1,aigc_modern_sd3,SD3
C:\Users\angus\Desktop\tiktoktechjam2026\data\aigc_ext\sd3\sd3_000293.jpg,1,aigc_modern_sd3,SD3
C:\Users\angus\Desktop\tiktoktechjam2026\data\aigc_ext\sd3\sd3_000294.jpg,1,aigc_modern_sd3,SD3
C:\Users\angus\Desktop\tiktoktechjam2026\data\aigc_ext\sd3\sd3_000295.jpg,1,aigc_modern_sd3,SD3
C:\Users\angus\Desktop\tiktoktechjam2026\data\aigc_ext\sd3\sd3_000296.jpg,1,aigc_modern_sd3,SD3
C:\Users\angus\Desktop\tiktoktechjam2026\data\aigc_ext\sd3\sd3_000297.jpg,1,aigc_modern_sd3,SD3
C:\Users\angus\Desktop\tiktoktechjam2026\data\aigc_ext\sd3\sd3_000298.jpg,1,aigc_modern_sd3,SD3
C:\Users\angus\Desktop\tiktoktechjam2026\data\aigc_ext\sd3\sd3_000299.jpg,1,aigc_modern_sd3,SD3
C:\Users\angus\Desktop\tiktoktechjam2026\data\aigc_ext\sd3\sd3_000300.jpg,1,aigc_modern_sd3,SD3
C:\Users\angus\Desktop\tiktoktechjam2026\data\aigc_ext\sd3\sd3_000301.jpg,1,aigc_modern_sd3,SD3
C:\Users\angus\Desktop\tiktoktechjam2026\data\aigc_ext\sd3\sd3_000302.jpg,1,aigc_modern_sd3,SD3
C:\Users\angus\Desktop\tiktoktechjam2026\data\aigc_ext\sd3\sd3_000303.jpg,1,aigc_modern_sd3,SD3
C:\Users\angus\Desktop\tiktoktechjam2026\data\aigc_ext\sd3\sd3_000304.jpg,1,aigc_modern_sd3,SD3
C:\Users\angus\Desktop\tiktoktechjam2026\data\aigc_ext\sd3\sd3_000305.jpg,1,aigc_modern_sd3,SD3
C:\Users\angus\Desktop\tiktoktechjam2026\data\aigc_ext\sd3\sd3_000306.jpg,1,aigc_modern_sd3,SD3
C:\Users\angus\Desktop\tiktoktechjam2026\data\aigc_ext\sd3\sd3_000307.jpg,1,aigc_modern_sd3,SD3
C:\Users\angus\Desktop\tiktoktechjam2026\data\aigc_ext\sd3\sd3_000308.jpg,1,aigc_modern_sd3,SD3
C:\Users\angus\Desktop\tiktoktechjam2026\data\aigc_ext\sd3\sd3_000309.jpg,1,aigc_modern_sd3,SD3
C:\Users\angus\Desktop\tiktoktechjam2026\data\aigc_ext\sd3\sd3_000310.jpg,1,aigc_modern_sd3,SD3
C:\Users\angus\Desktop\tiktoktechjam2026\data\aigc_ext\sd3\sd3_000311.jpg,1,aigc_modern_sd3,SD3
C:\Users\angus\Desktop\tiktoktechjam2026\data\aigc_ext\sd3\sd3_000312.jpg,1,aigc_modern_sd3,SD3
C:\Users\angus\Desktop\tiktoktechjam2026\data\aigc_ext\sd3\sd3_000313.jpg,1,aigc_modern_sd3,SD3
C:\Users\angus\Desktop\tiktoktechjam2026\data\aigc_ext\sd3\sd3_000314.jpg,1,aigc_modern_sd3,SD3
C:\Users\angus\Desktop\tiktoktechjam2026\data\aigc_ext\sd3\sd3_000315.jpg,1,aigc_modern_sd3,SD3
C:\Users\angus\Desktop\tiktoktechjam2026\data\aigc_ext\sd3\sd3_000316.jpg,1,aigc_modern_sd3,SD3
C:\Users\angus\Desktop\tiktoktechjam2026\data\aigc_ext\sd3\sd3_000317.jpg,1,aigc_modern_sd3,SD3
C:\Users\angus\Desktop\tiktoktechjam2026\data\aigc_ext\sd3\sd3_000318.jpg,1,aigc_modern_sd3,SD3
C:\Users\angus\Desktop\tiktoktechjam2026\data\aigc_ext\sd3\sd3_000319.jpg,1,aigc_modern_sd3,SD3
C:\Users\angus\Desktop\tiktoktechjam2026\data\aigc_ext\sd3\sd3_000320.jpg,1,aigc_modern_sd3,SD3
C:\Users\angus\Desktop\tiktoktechjam2026\data\aigc_ext\sd3\sd3_000321.jpg,1,aigc_modern_sd3,SD3
C:\Users\angus\Desktop\tiktoktechjam2026\data\aigc_ext\sd3\sd3_000322.jpg,1,aigc_modern_sd3,SD3
C:\Users\angus\Desktop\tiktoktechjam2026\data\aigc_ext\sd3\sd3_000323.jpg,1,aigc_modern_sd3,SD3
C:\Users\angus\Desktop\tiktoktechjam2026\data\aigc_ext\sd3\sd3_000324.jpg,1,aigc_modern_sd3,SD3
C:\Users\angus\Desktop\tiktoktechjam2026\data\aigc_ext\sd3\sd3_000325.jpg,1,aigc_modern_sd3,SD3
C:\Users\angus\Desktop\tiktoktechjam2026\data\aigc_ext\sd3\sd3_000326.jpg,1,aigc_modern_sd3,SD3
C:\Users\angus\Desktop\tiktoktechjam2026\data\aigc_ext\sd3\sd3_000327.jpg,1,aigc_modern_sd3,SD3
C:\Users\angus\Desktop\tiktoktechjam2026\data\aigc_ext\sd3\sd3_000328.jpg,1,aigc_modern_sd3,SD3
C:\Users\angus\Desktop\tiktoktechjam2026\data\aigc_ext\sd3\sd3_000329.jpg,1,aigc_modern_sd3,SD3
C:\Users\angus\Desktop\tiktoktechjam2026\data\aigc_ext\sd3\sd3_000330.jpg,1,aigc_modern_sd3,SD3
C:\Users\angus\Desktop\tiktoktechjam2026\data\aigc_ext\sd3\sd3_000331.jpg,1,aigc_modern_sd3,SD3
C:\Users\angus\Desktop\tiktoktechjam2026\data\aigc_ext\sd3\sd3_000332.jpg,1,aigc_modern_sd3,SD3
C:\Users\angus\Desktop\tiktoktechjam2026\data\aigc_ext\sd3\sd3_000333.jpg,1,aigc_modern_sd3,SD3
C:\Users\angus\Desktop\tiktoktechjam2026\data\aigc_ext\sd3\sd3_000334.jpg,1,aigc_modern_sd3,SD3
C:\Users\angus\Desktop\tiktoktechjam2026\data\aigc_ext\sd3\sd3_000335.jpg,1,aigc_modern_sd3,SD3
C:\Users\angus\Desktop\tiktoktechjam2026\data\aigc_ext\sd3\sd3_000336.jpg,1,aigc_modern_sd3,SD3
C:\Users\angus\Desktop\tiktoktechjam2026\data\aigc_ext\sd3\sd3_000337.jpg,1,aigc_modern_sd3,SD3
C:\Users\angus\Desktop\tiktoktechjam2026\data\aigc_ext\sd3\sd3_000338.jpg,1,aigc_modern_sd3,SD3
C:\Users\angus\Desktop\tiktoktechjam2026\data\aigc_ext\sd3\sd3_000339.jpg,1,aigc_modern_sd3,SD3
C:\Users\angus\Desktop\tiktoktechjam2026\data\aigc_ext\sd3\sd3_000340.jpg,1,aigc_modern_sd3,SD3
C:\Users\angus\Desktop\tiktoktechjam2026\data\aigc_ext\sd3\sd3_000341.jpg,1,aigc_modern_sd3,SD3
C:\Users\angus\Desktop\tiktoktechjam2026\data\aigc_ext\sd3\sd3_000342.jpg,1,aigc_modern_sd3,SD3
C:\Users\angus\Desktop\tiktoktechjam2026\data\aigc_ext\sd3\sd3_000343.jpg,1,aigc_modern_sd3,SD3
C:\Users\angus\Desktop\tiktoktechjam2026\data\aigc_ext\sd3\sd3_000344.jpg,1,aigc_modern_sd3,SD3
C:\Users\angus\Desktop\tiktoktechjam2026\data\aigc_ext\sd3\sd3_000345.jpg,1,aigc_modern_sd3,SD3
C:\Users\angus\Desktop\tiktoktechjam2026\data\aigc_ext\sd3\sd3_000346.jpg,1,aigc_modern_sd3,SD3
C:\Users\angus\Desktop\tiktoktechjam2026\data\aigc_ext\sd3\sd3_000347.jpg,1,aigc_modern_sd3,SD3
C:\Users\angus\Desktop\tiktoktechjam2026\data\aigc_ext\sd3\sd3_000348.jpg,1,aigc_modern_sd3,SD3
C:\Users\angus\Desktop\tiktoktechjam2026\data\aigc_ext\sd3\sd3_000349.jpg,1,aigc_modern_sd3,SD3
C:\Users\angus\Desktop\tiktoktechjam2026\data\aigc_ext\sd3\sd3_000350.jpg,1,aigc_modern_sd3,SD3
C:\Users\angus\Desktop\tiktoktechjam2026\data\aigc_ext\sd3\sd3_000351.jpg,1,aigc_modern_sd3,SD3
C:\Users\angus\Desktop\tiktoktechjam2026\data\aigc_ext\sd3\sd3_000352.jpg,1,aigc_modern_sd3,SD3
C:\Users\angus\Desktop\tiktoktechjam2026\data\aigc_ext\sd3\sd3_000353.jpg,1,aigc_modern_sd3,SD3
C:\Users\angus\Desktop\tiktoktechjam2026\data\aigc_ext\sd3\sd3_000354.jpg,1,aigc_modern_sd3,SD3
C:\Users\angus\Desktop\tiktoktechjam2026\data\aigc_ext\sd3\sd3_000355.jpg,1,aigc_modern_sd3,SD3
C:\Users\angus\Desktop\tiktoktechjam2026\data\aigc_ext\sd3\sd3_000356.jpg,1,aigc_modern_sd3,SD3
C:\Users\angus\Desktop\tiktoktechjam2026\data\aigc_ext\sd3\sd3_000357.jpg,1,aigc_modern_sd3,SD3
C:\Users\angus\Desktop\tiktoktechjam2026\data\aigc_ext\sd3\sd3_000358.jpg,1,aigc_modern_sd3,SD3
C:\Users\angus\Desktop\tiktoktechjam2026\data\aigc_ext\sd3\sd3_000359.jpg,1,aigc_modern_sd3,SD3
C:\Users\angus\Desktop\tiktoktechjam2026\data\aigc_ext\sd3\sd3_000360.jpg,1,aigc_modern_sd3,SD3
C:\Users\angus\Desktop\tiktoktechjam2026\data\aigc_ext\sd3\sd3_000361.jpg,1,aigc_modern_sd3,SD3
C:\Users\angus\Desktop\tiktoktechjam2026\data\aigc_ext\sd3\sd3_000362.jpg,1,aigc_modern_sd3,SD3
C:\Users\angus\Desktop\tiktoktechjam2026\data\aigc_ext\sd3\sd3_000363.jpg,1,aigc_modern_sd3,SD3
C:\Users\angus\Desktop\tiktoktechjam2026\data\aigc_ext\sd3\sd3_000364.jpg,1,aigc_modern_sd3,SD3
C:\Users\angus\Desktop\tiktoktechjam2026\data\aigc_ext\sd3\sd3_000365.jpg,1,aigc_modern_sd3,SD3
C:\Users\angus\Desktop\tiktoktechjam2026\data\aigc_ext\sd3\sd3_000366.jpg,1,aigc_modern_sd3,SD3
C:\Users\angus\Desktop\tiktoktechjam2026\data\aigc_ext\sd3\sd3_000367.jpg,1,aigc_modern_sd3,SD3
C:\Users\angus\Desktop\tiktoktechjam2026\data\aigc_ext\sd3\sd3_000368.jpg,1,aigc_modern_sd3,SD3
C:\Users\angus\Desktop\tiktoktechjam2026\data\aigc_ext\sd3\sd3_000369.jpg,1,aigc_modern_sd3,SD3
C:\Users\angus\Desktop\tiktoktechjam2026\data\aigc_ext\sd3\sd3_000370.jpg,1,aigc_modern_sd3,SD3
C:\Users\angus\Desktop\tiktoktechjam2026\data\aigc_ext\sd3\sd3_000371.jpg,1,aigc_modern_sd3,SD3
C:\Users\angus\Desktop\tiktoktechjam2026\data\aigc_ext\sd3\sd3_000372.jpg,1,aigc_modern_sd3,SD3
C:\Users\angus\Desktop\tiktoktechjam2026\data\aigc_ext\sd3\sd3_000373.jpg,1,aigc_modern_sd3,SD3
C:\Users\angus\Desktop\tiktoktechjam2026\data\aigc_ext\sd3\sd3_000374.jpg,1,aigc_modern_sd3,SD3
C:\Users\angus\Desktop\tiktoktechjam2026\data\aigc_ext\sd3\sd3_000375.jpg,1,aigc_modern_sd3,SD3
C:\Users\angus\Desktop\tiktoktechjam2026\data\aigc_ext\sd3\sd3_000376.jpg,1,aigc_modern_sd3,SD3
C:\Users\angus\Desktop\tiktoktechjam2026\data\aigc_ext\sd3\sd3_000377.jpg,1,aigc_modern_sd3,SD3
C:\Users\angus\Desktop\tiktoktechjam2026\data\aigc_ext\sd3\sd3_000378.jpg,1,aigc_modern_sd3,SD3
C:\Users\angus\Desktop\tiktoktechjam2026\data\aigc_ext\sd3\sd3_000379.jpg,1,aigc_modern_sd3,SD3
C:\Users\angus\Desktop\tiktoktechjam2026\data\aigc_ext\sd3\sd3_000380.jpg,1,aigc_modern_sd3,SD3
C:\Users\angus\Desktop\tiktoktechjam2026\data\aigc_ext\sd3\sd3_000381.jpg,1,aigc_modern_sd3,SD3
C:\Users\angus\Desktop\tiktoktechjam2026\data\aigc_ext\sd3\sd3_000382.jpg,1,aigc_modern_sd3,SD3
C:\Users\angus\Desktop\tiktoktechjam2026\data\aigc_ext\sd3\sd3_000383.jpg,1,aigc_modern_sd3,SD3
C:\Users\angus\Desktop\tiktoktechjam2026\data\aigc_ext\sd3\sd3_000384.jpg,1,aigc_modern_sd3,SD3
C:\Users\angus\Desktop\tiktoktechjam2026\data\aigc_ext\sd3\sd3_000385.jpg,1,aigc_modern_sd3,SD3
C:\Users\angus\Desktop\tiktoktechjam2026\data\aigc_ext\sd3\sd3_000386.jpg,1,aigc_modern_sd3,SD3
C:\Users\angus\Desktop\tiktoktechjam2026\data\aigc_ext\sd3\sd3_000387.jpg,1,aigc_modern_sd3,SD3
C:\Users\angus\Desktop\tiktoktechjam2026\data\aigc_ext\sd3\sd3_000388.jpg,1,aigc_modern_sd3,SD3
C:\Users\angus\Desktop\tiktoktechjam2026\data\aigc_ext\sd3\sd3_000389.jpg,1,aigc_modern_sd3,SD3
C:\Users\angus\Desktop\tiktoktechjam2026\data\aigc_ext\sd3\sd3_000390.jpg,1,aigc_modern_sd3,SD3
C:\Users\angus\Desktop\tiktoktechjam2026\data\aigc_ext\sd3\sd3_000391.jpg,1,aigc_modern_sd3,SD3
C:\Users\angus\Desktop\tiktoktechjam2026\data\aigc_ext\sd3\sd3_000392.jpg,1,aigc_modern_sd3,SD3
C:\Users\angus\Desktop\tiktoktechjam2026\data\aigc_ext\sd3\sd3_000393.jpg,1,aigc_modern_sd3,SD3
C:\Users\angus\Desktop\tiktoktechjam2026\data\aigc_ext\sd3\sd3_000394.jpg,1,aigc_modern_sd3,SD3
C:\Users\angus\Desktop\tiktoktechjam2026\data\aigc_ext\sd3\sd3_000395.jpg,1,aigc_modern_sd3,SD3
C:\Users\angus\Desktop\tiktoktechjam2026\data\aigc_ext\sd3\sd3_000396.jpg,1,aigc_modern_sd3,SD3
C:\Users\angus\Desktop\tiktoktechjam2026\data\aigc_ext\sd3\sd3_000397.jpg,1,aigc_modern_sd3,SD3
C:\Users\angus\Desktop\tiktoktechjam2026\data\aigc_ext\sd3\sd3_000398.jpg,1,aigc_modern_sd3,SD3
C:\Users\angus\Desktop\tiktoktechjam2026\data\aigc_ext\sd3\sd3_000399.jpg,1,aigc_modern_sd3,SD3
C:\Users\angus\Desktop\tiktoktechjam2026\data\aigc_ext\sd3\sd3_000400.jpg,1,aigc_modern_sd3,SD3
C:\Users\angus\Desktop\tiktoktechjam2026\data\aigc_ext\sd3\sd3_000401.jpg,1,aigc_modern_sd3,SD3
C:\Users\angus\Desktop\tiktoktechjam2026\data\aigc_ext\sd3\sd3_000402.jpg,1,aigc_modern_sd3,SD3
C:\Users\angus\Desktop\tiktoktechjam2026\data\aigc_ext\sd3\sd3_000403.jpg,1,aigc_modern_sd3,SD3
C:\Users\angus\Desktop\tiktoktechjam2026\data\aigc_ext\sd3\sd3_000404.jpg,1,aigc_modern_sd3,SD3
C:\Users\angus\Desktop\tiktoktechjam2026\data\aigc_ext\sd3\sd3_000405.jpg,1,aigc_modern_sd3,SD3
C:\Users\angus\Desktop\tiktoktechjam2026\data\aigc_ext\sd3\sd3_000406.jpg,1,aigc_modern_sd3,SD3
C:\Users\angus\Desktop\tiktoktechjam2026\data\aigc_ext\sd3\sd3_000407.jpg,1,aigc_modern_sd3,SD3
C:\Users\angus\Desktop\tiktoktechjam2026\data\aigc_ext\sd3\sd3_000408.jpg,1,aigc_modern_sd3,SD3
C:\Users\angus\Desktop\tiktoktechjam2026\data\aigc_ext\sd3\sd3_000409.jpg,1,aigc_modern_sd3,SD3
C:\Users\angus\Desktop\tiktoktechjam2026\data\aigc_ext\sd3\sd3_000410.jpg,1,aigc_modern_sd3,SD3
C:\Users\angus\Desktop\tiktoktechjam2026\data\aigc_ext\sd3\sd3_000411.jpg,1,aigc_modern_sd3,SD3
C:\Users\angus\Desktop\tiktoktechjam2026\data\aigc_ext\sd3\sd3_000412.jpg,1,aigc_modern_sd3,SD3
C:\Users\angus\Desktop\tiktoktechjam2026\data\aigc_ext\sd3\sd3_000413.jpg,1,aigc_modern_sd3,SD3
C:\Users\angus\Desktop\tiktoktechjam2026\data\aigc_ext\sd3\sd3_000414.jpg,1,aigc_modern_sd3,SD3
C:\Users\angus\Desktop\tiktoktechjam2026\data\aigc_ext\sd3\sd3_000415.jpg,1,aigc_modern_sd3,SD3
C:\Users\angus\Desktop\tiktoktechjam2026\data\aigc_ext\sd3\sd3_000416.jpg,1,aigc_modern_sd3,SD3
C:\Users\angus\Desktop\tiktoktechjam2026\data\aigc_ext\sd3\sd3_000417.jpg,1,aigc_modern_sd3,SD3
C:\Users\angus\Desktop\tiktoktechjam2026\data\aigc_ext\sd3\sd3_000418.jpg,1,aigc_modern_sd3,SD3
C:\Users\angus\Desktop\tiktoktechjam2026\data\aigc_ext\sd3\sd3_000419.jpg,1,aigc_modern_sd3,SD3
C:\Users\angus\Desktop\tiktoktechjam2026\data\aigc_ext\sd3\sd3_000420.jpg,1,aigc_modern_sd3,SD3
C:\Users\angus\Desktop\tiktoktechjam2026\data\aigc_ext\sd3\sd3_000421.jpg,1,aigc_modern_sd3,SD3
C:\Users\angus\Desktop\tiktoktechjam2026\data\aigc_ext\sd3\sd3_000422.jpg,1,aigc_modern_sd3,SD3
C:\Users\angus\Desktop\tiktoktechjam2026\data\aigc_ext\sd3\sd3_000423.jpg,1,aigc_modern_sd3,SD3
C:\Users\angus\Desktop\tiktoktechjam2026\data\aigc_ext\sd3\sd3_000424.jpg,1,aigc_modern_sd3,SD3
C:\Users\angus\Desktop\tiktoktechjam2026\data\aigc_ext\sd3\sd3_000425.jpg,1,aigc_modern_sd3,SD3
C:\Users\angus\Desktop\tiktoktechjam2026\data\aigc_ext\sd3\sd3_000426.jpg,1,aigc_modern_sd3,SD3
C:\Users\angus\Desktop\tiktoktechjam2026\data\aigc_ext\sd3\sd3_000427.jpg,1,aigc_modern_sd3,SD3
C:\Users\angus\Desktop\tiktoktechjam2026\data\aigc_ext\sd3\sd3_000428.jpg,1,aigc_modern_sd3,SD3
C:\Users\angus\Desktop\tiktoktechjam2026\data\aigc_ext\sd3\sd3_000429.jpg,1,aigc_modern_sd3,SD3
C:\Users\angus\Desktop\tiktoktechjam2026\data\aigc_ext\sd3\sd3_000430.jpg,1,aigc_modern_sd3,SD3
C:\Users\angus\Desktop\tiktoktechjam2026\data\aigc_ext\sd3\sd3_000431.jpg,1,aigc_modern_sd3,SD3
C:\Users\angus\Desktop\tiktoktechjam2026\data\aigc_ext\sd3\sd3_000432.jpg,1,aigc_modern_sd3,SD3
C:\Users\angus\Desktop\tiktoktechjam2026\data\aigc_ext\sd3\sd3_000433.jpg,1,aigc_modern_sd3,SD3
C:\Users\angus\Desktop\tiktoktechjam2026\data\aigc_ext\sd3\sd3_000434.jpg,1,aigc_modern_sd3,SD3
C:\Users\angus\Desktop\tiktoktechjam2026\data\aigc_ext\sd3\sd3_000435.jpg,1,aigc_modern_sd3,SD3
C:\Users\angus\Desktop\tiktoktechjam2026\data\aigc_ext\sd3\sd3_000436.jpg,1,aigc_modern_sd3,SD3
C:\Users\angus\Desktop\tiktoktechjam2026\data\aigc_ext\sd3\sd3_000437.jpg,1,aigc_modern_sd3,SD3
C:\Users\angus\Desktop\tiktoktechjam2026\data\aigc_ext\sd3\sd3_000438.jpg,1,aigc_modern_sd3,SD3
C:\Users\angus\Desktop\tiktoktechjam2026\data\aigc_ext\sd3\sd3_000439.jpg,1,aigc_modern_sd3,SD3
C:\Users\angus\Desktop\tiktoktechjam2026\data\aigc_ext\sd3\sd3_000440.jpg,1,aigc_modern_sd3,SD3
C:\Users\angus\Desktop\tiktoktechjam2026\data\aigc_ext\sd3\sd3_000441.jpg,1,aigc_modern_sd3,SD3
C:\Users\angus\Desktop\tiktoktechjam2026\data\aigc_ext\sd3\sd3_000442.jpg,1,aigc_modern_sd3,SD3
C:\Users\angus\Desktop\tiktoktechjam2026\data\aigc_ext\sd3\sd3_000443.jpg,1,aigc_modern_sd3,SD3
C:\Users\angus\Desktop\tiktoktechjam2026\data\aigc_ext\sd3\sd3_000444.jpg,1,aigc_modern_sd3,SD3
C:\Users\angus\Desktop\tiktoktechjam2026\data\aigc_ext\sd3\sd3_000445.jpg,1,aigc_modern_sd3,SD3
C:\Users\angus\Desktop\tiktoktechjam2026\data\aigc_ext\sd3\sd3_000446.jpg,1,aigc_modern_sd3,SD3
C:\Users\angus\Desktop\tiktoktechjam2026\data\aigc_ext\sd3\sd3_000447.jpg,1,aigc_modern_sd3,SD3
C:\Users\angus\Desktop\tiktoktechjam2026\data\aigc_ext\sd3\sd3_000448.jpg,1,aigc_modern_sd3,SD3
C:\Users\angus\Desktop\tiktoktechjam2026\data\aigc_ext\sd3\sd3_000449.jpg,1,aigc_modern_sd3,SD3
C:\Users\angus\Desktop\tiktoktechjam2026\data\aigc_ext\sd3\sd3_000450.jpg,1,aigc_modern_sd3,SD3
C:\Users\angus\Desktop\tiktoktechjam2026\data\aigc_ext\sd3\sd3_000451.jpg,1,aigc_modern_sd3,SD3
C:\Users\angus\Desktop\tiktoktechjam2026\data\aigc_ext\sd3\sd3_000452.jpg,1,aigc_modern_sd3,SD3
C:\Users\angus\Desktop\tiktoktechjam2026\data\aigc_ext\sd3\sd3_000453.jpg,1,aigc_modern_sd3,SD3
C:\Users\angus\Desktop\tiktoktechjam2026\data\aigc_ext\sd3\sd3_000454.jpg,1,aigc_modern_sd3,SD3
C:\Users\angus\Desktop\tiktoktechjam2026\data\aigc_ext\sd3\sd3_000455.jpg,1,aigc_modern_sd3,SD3
C:\Users\angus\Desktop\tiktoktechjam2026\data\aigc_ext\sd3\sd3_000456.jpg,1,aigc_modern_sd3,SD3
C:\Users\angus\Desktop\tiktoktechjam2026\data\aigc_ext\sd3\sd3_000457.jpg,1,aigc_modern_sd3,SD3
C:\Users\angus\Desktop\tiktoktechjam2026\data\aigc_ext\sd3\sd3_000458.jpg,1,aigc_modern_sd3,SD3
C:\Users\angus\Desktop\tiktoktechjam2026\data\aigc_ext\sd3\sd3_000459.jpg,1,aigc_modern_sd3,SD3
C:\Users\angus\Desktop\tiktoktechjam2026\data\aigc_ext\sd3\sd3_000460.jpg,1,aigc_modern_sd3,SD3
C:\Users\angus\Desktop\tiktoktechjam2026\data\aigc_ext\sd3\sd3_000461.jpg,1,aigc_modern_sd3,SD3
C:\Users\angus\Desktop\tiktoktechjam2026\data\aigc_ext\sd3\sd3_000462.jpg,1,aigc_modern_sd3,SD3
C:\Users\angus\Desktop\tiktoktechjam2026\data\aigc_ext\sd3\sd3_000463.jpg,1,aigc_modern_sd3,SD3
C:\Users\angus\Desktop\tiktoktechjam2026\data\aigc_ext\sd3\sd3_000464.jpg,1,aigc_modern_sd3,SD3
C:\Users\angus\Desktop\tiktoktechjam2026\data\aigc_ext\sd3\sd3_000465.jpg,1,aigc_modern_sd3,SD3
C:\Users\angus\Desktop\tiktoktechjam2026\data\aigc_ext\sd3\sd3_000466.jpg,1,aigc_modern_sd3,SD3
C:\Users\angus\Desktop\tiktoktechjam2026\data\aigc_ext\sd3\sd3_000467.jpg,1,aigc_modern_sd3,SD3
C:\Users\angus\Desktop\tiktoktechjam2026\data\aigc_ext\sd3\sd3_000468.jpg,1,aigc_modern_sd3,SD3
C:\Users\angus\Desktop\tiktoktechjam2026\data\aigc_ext\sd3\sd3_000469.jpg,1,aigc_modern_sd3,SD3
C:\Users\angus\Desktop\tiktoktechjam2026\data\aigc_ext\sd3\sd3_000470.jpg,1,aigc_modern_sd3,SD3
C:\Users\angus\Desktop\tiktoktechjam2026\data\aigc_ext\sd3\sd3_000471.jpg,1,aigc_modern_sd3,SD3
C:\Users\angus\Desktop\tiktoktechjam2026\data\aigc_ext\sd3\sd3_000472.jpg,1,aigc_modern_sd3,SD3
C:\Users\angus\Desktop\tiktoktechjam2026\data\aigc_ext\sd3\sd3_000473.jpg,1,aigc_modern_sd3,SD3
C:\Users\angus\Desktop\tiktoktechjam2026\data\aigc_ext\sd3\sd3_000474.jpg,1,aigc_modern_sd3,SD3
C:\Users\angus\Desktop\tiktoktechjam2026\data\aigc_ext\sd3\sd3_000475.jpg,1,aigc_modern_sd3,SD3
C:\Users\angus\Desktop\tiktoktechjam2026\data\aigc_ext\sd3\sd3_000476.jpg,1,aigc_modern_sd3,SD3
C:\Users\angus\Desktop\tiktoktechjam2026\data\aigc_ext\sd3\sd3_000477.jpg,1,aigc_modern_sd3,SD3
C:\Users\angus\Desktop\tiktoktechjam2026\data\aigc_ext\sd3\sd3_000478.jpg,1,aigc_modern_sd3,SD3
C:\Users\angus\Desktop\tiktoktechjam2026\data\aigc_ext\sd3\sd3_000479.jpg,1,aigc_modern_sd3,SD3
C:\Users\angus\Desktop\tiktoktechjam2026\data\aigc_ext\sd3\sd3_000480.jpg,1,aigc_modern_sd3,SD3
C:\Users\angus\Desktop\tiktoktechjam2026\data\aigc_ext\sd3\sd3_000481.jpg,1,aigc_modern_sd3,SD3
C:\Users\angus\Desktop\tiktoktechjam2026\data\aigc_ext\sd3\sd3_000482.jpg,1,aigc_modern_sd3,SD3
C:\Users\angus\Desktop\tiktoktechjam2026\data\aigc_ext\sd3\sd3_000483.jpg,1,aigc_modern_sd3,SD3
C:\Users\angus\Desktop\tiktoktechjam2026\data\aigc_ext\sd3\sd3_000484.jpg,1,aigc_modern_sd3,SD3
C:\Users\angus\Desktop\tiktoktechjam2026\data\aigc_ext\sd3\sd3_000485.jpg,1,aigc_modern_sd3,SD3
C:\Users\angus\Desktop\tiktoktechjam2026\data\aigc_ext\sd3\sd3_000486.jpg,1,aigc_modern_sd3,SD3
C:\Users\angus\Desktop\tiktoktechjam2026\data\aigc_ext\sd3\sd3_000487.jpg,1,aigc_modern_sd3,SD3
C:\Users\angus\Desktop\tiktoktechjam2026\data\aigc_ext\sd3\sd3_000488.jpg,1,aigc_modern_sd3,SD3
C:\Users\angus\Desktop\tiktoktechjam2026\data\aigc_ext\sd3\sd3_000489.jpg,1,aigc_modern_sd3,SD3
C:\Users\angus\Desktop\tiktoktechjam2026\data\aigc_ext\sd3\sd3_000490.jpg,1,aigc_modern_sd3,SD3
C:\Users\angus\Desktop\tiktoktechjam2026\data\aigc_ext\sd3\sd3_000491.jpg,1,aigc_modern_sd3,SD3
C:\Users\angus\Desktop\tiktoktechjam2026\data\aigc_ext\sd3\sd3_000492.jpg,1,aigc_modern_sd3,SD3
C:\Users\angus\Desktop\tiktoktechjam2026\data\aigc_ext\sd3\sd3_000493.jpg,1,aigc_modern_sd3,SD3
C:\Users\angus\Desktop\tiktoktechjam2026\data\aigc_ext\sd3\sd3_000494.jpg,1,aigc_modern_sd3,SD3
C:\Users\angus\Desktop\tiktoktechjam2026\data\aigc_ext\sd3\sd3_000495.jpg,1,aigc_modern_sd3,SD3
C:\Users\angus\Desktop\tiktoktechjam2026\data\aigc_ext\sd3\sd3_000496.jpg,1,aigc_modern_sd3,SD3
C:\Users\angus\Desktop\tiktoktechjam2026\data\aigc_ext\sd3\sd3_000497.jpg,1,aigc_modern_sd3,SD3
C:\Users\angus\Desktop\tiktoktechjam2026\data\aigc_ext\sd3\sd3_000498.jpg,1,aigc_modern_sd3,SD3
C:\Users\angus\Desktop\tiktoktechjam2026\data\aigc_ext\sd3\sd3_000499.jpg,1,aigc_modern_sd3,SD3
C:\Users\angus\Desktop\tiktoktechjam2026\data\aigc_ext\sd3\sd3_000500.jpg,1,aigc_modern_sd3,SD3
C:\Users\angus\Desktop\tiktoktechjam2026\data\aigc_ext\sd3\sd3_000501.jpg,1,aigc_modern_sd3,SD3
C:\Users\angus\Desktop\tiktoktechjam2026\data\aigc_ext\sd3\sd3_000502.jpg,1,aigc_modern_sd3,SD3
C:\Users\angus\Desktop\tiktoktechjam2026\data\aigc_ext\sd3\sd3_000503.jpg,1,aigc_modern_sd3,SD3
C:\Users\angus\Desktop\tiktoktechjam2026\data\aigc_ext\sd3\sd3_000504.jpg,1,aigc_modern_sd3,SD3
C:\Users\angus\Desktop\tiktoktechjam2026\data\aigc_ext\sd3\sd3_000505.jpg,1,aigc_modern_sd3,SD3
C:\Users\angus\Desktop\tiktoktechjam2026\data\aigc_ext\sd3\sd3_000506.jpg,1,aigc_modern_sd3,SD3
C:\Users\angus\Desktop\tiktoktechjam2026\data\aigc_ext\sd3\sd3_000507.jpg,1,aigc_modern_sd3,SD3
C:\Users\angus\Desktop\tiktoktechjam2026\data\aigc_ext\sd3\sd3_000508.jpg,1,aigc_modern_sd3,SD3
C:\Users\angus\Desktop\tiktoktechjam2026\data\aigc_ext\sd3\sd3_000509.jpg,1,aigc_modern_sd3,SD3
C:\Users\angus\Desktop\tiktoktechjam2026\data\aigc_ext\sd3\sd3_000510.jpg,1,aigc_modern_sd3,SD3
C:\Users\angus\Desktop\tiktoktechjam2026\data\aigc_ext\sd3\sd3_000511.jpg,1,aigc_modern_sd3,SD3
C:\Users\angus\Desktop\tiktoktechjam2026\data\aigc_ext\sd3\sd3_000512.jpg,1,aigc_modern_sd3,SD3
C:\Users\angus\Desktop\tiktoktechjam2026\data\aigc_ext\sd3\sd3_000513.jpg,1,aigc_modern_sd3,SD3
C:\Users\angus\Desktop\tiktoktechjam2026\data\aigc_ext\sd3\sd3_000514.jpg,1,aigc_modern_sd3,SD3
C:\Users\angus\Desktop\tiktoktechjam2026\data\aigc_ext\sd3\sd3_000515.jpg,1,aigc_modern_sd3,SD3
C:\Users\angus\Desktop\tiktoktechjam2026\data\aigc_ext\sd3\sd3_000516.jpg,1,aigc_modern_sd3,SD3
C:\Users\angus\Desktop\tiktoktechjam2026\data\aigc_ext\sd3\sd3_000517.jpg,1,aigc_modern_sd3,SD3
C:\Users\angus\Desktop\tiktoktechjam2026\data\aigc_ext\sd3\sd3_000518.jpg,1,aigc_modern_sd3,SD3
C:\Users\angus\Desktop\tiktoktechjam2026\data\aigc_ext\sd3\sd3_000519.jpg,1,aigc_modern_sd3,SD3
C:\Users\angus\Desktop\tiktoktechjam2026\data\aigc_ext\sd3\sd3_000520.jpg,1,aigc_modern_sd3,SD3
C:\Users\angus\Desktop\tiktoktechjam2026\data\aigc_ext\sd3\sd3_000521.jpg,1,aigc_modern_sd3,SD3
C:\Users\angus\Desktop\tiktoktechjam2026\data\aigc_ext\sd3\sd3_000522.jpg,1,aigc_modern_sd3,SD3
C:\Users\angus\Desktop\tiktoktechjam2026\data\aigc_ext\sd3\sd3_000523.jpg,1,aigc_modern_sd3,SD3
C:\Users\angus\Desktop\tiktoktechjam2026\data\aigc_ext\sd3\sd3_000524.jpg,1,aigc_modern_sd3,SD3
C:\Users\angus\Desktop\tiktoktechjam2026\data\aigc_ext\sd3\sd3_000525.jpg,1,aigc_modern_sd3,SD3
C:\Users\angus\Desktop\tiktoktechjam2026\data\aigc_ext\sd3\sd3_000526.jpg,1,aigc_modern_sd3,SD3
C:\Users\angus\Desktop\tiktoktechjam2026\data\aigc_ext\sd3\sd3_000527.jpg,1,aigc_modern_sd3,SD3
C:\Users\angus\Desktop\tiktoktechjam2026\data\aigc_ext\sd3\sd3_000528.jpg,1,aigc_modern_sd3,SD3
C:\Users\angus\Desktop\tiktoktechjam2026\data\aigc_ext\sd3\sd3_000529.jpg,1,aigc_modern_sd3,SD3
C:\Users\angus\Desktop\tiktoktechjam2026\data\aigc_ext\sd3\sd3_000530.jpg,1,aigc_modern_sd3,SD3
C:\Users\angus\Desktop\tiktoktechjam2026\data\aigc_ext\sd3\sd3_000531.jpg,1,aigc_modern_sd3,SD3
C:\Users\angus\Desktop\tiktoktechjam2026\data\aigc_ext\sd3\sd3_000532.jpg,1,aigc_modern_sd3,SD3
C:\Users\angus\Desktop\tiktoktechjam2026\data\aigc_ext\sd3\sd3_000533.jpg,1,aigc_modern_sd3,SD3
C:\Users\angus\Desktop\tiktoktechjam2026\data\aigc_ext\sd3\sd3_000534.jpg,1,aigc_modern_sd3,SD3
C:\Users\angus\Desktop\tiktoktechjam2026\data\aigc_ext\sd3\sd3_000535.jpg,1,aigc_modern_sd3,SD3
C:\Users\angus\Desktop\tiktoktechjam2026\data\aigc_ext\sd3\sd3_000536.jpg,1,aigc_modern_sd3,SD3
C:\Users\angus\Desktop\tiktoktechjam2026\data\aigc_ext\sd3\sd3_000537.jpg,1,aigc_modern_sd3,SD3
C:\Users\angus\Desktop\tiktoktechjam2026\data\aigc_ext\sd3\sd3_000538.jpg,1,aigc_modern_sd3,SD3
C:\Users\angus\Desktop\tiktoktechjam2026\data\aigc_ext\sd3\sd3_000539.jpg,1,aigc_modern_sd3,SD3
C:\Users\angus\Desktop\tiktoktechjam2026\data\aigc_ext\sd3\sd3_000540.jpg,1,aigc_modern_sd3,SD3
C:\Users\angus\Desktop\tiktoktechjam2026\data\aigc_ext\sd3\sd3_000541.jpg,1,aigc_modern_sd3,SD3
C:\Users\angus\Desktop\tiktoktechjam2026\data\aigc_ext\sd3\sd3_000542.jpg,1,aigc_modern_sd3,SD3
C:\Users\angus\Desktop\tiktoktechjam2026\data\aigc_ext\sd3\sd3_000543.jpg,1,aigc_modern_sd3,SD3
C:\Users\angus\Desktop\tiktoktechjam2026\data\aigc_ext\sd3\sd3_000544.jpg,1,aigc_modern_sd3,SD3
C:\Users\angus\Desktop\tiktoktechjam2026\data\aigc_ext\sd3\sd3_000545.jpg,1,aigc_modern_sd3,SD3
C:\Users\angus\Desktop\tiktoktechjam2026\data\aigc_ext\sd3\sd3_000546.jpg,1,aigc_modern_sd3,SD3
C:\Users\angus\Desktop\tiktoktechjam2026\data\aigc_ext\sd3\sd3_000547.jpg,1,aigc_modern_sd3,SD3
C:\Users\angus\Desktop\tiktoktechjam2026\data\aigc_ext\sd3\sd3_000548.jpg,1,aigc_modern_sd3,SD3
C:\Users\angus\Desktop\tiktoktechjam2026\data\aigc_ext\sd3\sd3_000549.jpg,1,aigc_modern_sd3,SD3
C:\Users\angus\Desktop\tiktoktechjam2026\data\aigc_ext\sd3\sd3_000550.jpg,1,aigc_modern_sd3,SD3
C:\Users\angus\Desktop\tiktoktechjam2026\data\aigc_ext\sd3\sd3_000551.jpg,1,aigc_modern_sd3,SD3
C:\Users\angus\Desktop\tiktoktechjam2026\data\aigc_ext\sd3\sd3_000552.jpg,1,aigc_modern_sd3,SD3
C:\Users\angus\Desktop\tiktoktechjam2026\data\aigc_ext\sd3\sd3_000553.jpg,1,aigc_modern_sd3,SD3
C:\Users\angus\Desktop\tiktoktechjam2026\data\aigc_ext\sd3\sd3_000554.jpg,1,aigc_modern_sd3,SD3
C:\Users\angus\Desktop\tiktoktechjam2026\data\aigc_ext\sd3\sd3_000555.jpg,1,aigc_modern_sd3,SD3
C:\Users\angus\Desktop\tiktoktechjam2026\data\aigc_ext\sd3\sd3_000556.jpg,1,aigc_modern_sd3,SD3
C:\Users\angus\Desktop\tiktoktechjam2026\data\aigc_ext\sd3\sd3_000557.jpg,1,aigc_modern_sd3,SD3
C:\Users\angus\Desktop\tiktoktechjam2026\data\aigc_ext\sd3\sd3_000558.jpg,1,aigc_modern_sd3,SD3
C:\Users\angus\Desktop\tiktoktechjam2026\data\aigc_ext\sd3\sd3_000559.jpg,1,aigc_modern_sd3,SD3
C:\Users\angus\Desktop\tiktoktechjam2026\data\aigc_ext\sd3\sd3_000560.jpg,1,aigc_modern_sd3,SD3
C:\Users\angus\Desktop\tiktoktechjam2026\data\aigc_ext\sd3\sd3_000561.jpg,1,aigc_modern_sd3,SD3
C:\Users\angus\Desktop\tiktoktechjam2026\data\aigc_ext\sd3\sd3_000562.jpg,1,aigc_modern_sd3,SD3
C:\Users\angus\Desktop\tiktoktechjam2026\data\aigc_ext\sd3\sd3_000563.jpg,1,aigc_modern_sd3,SD3
C:\Users\angus\Desktop\tiktoktechjam2026\data\aigc_ext\sd3\sd3_000564.jpg,1,aigc_modern_sd3,SD3
C:\Users\angus\Desktop\tiktoktechjam2026\data\aigc_ext\sd3\sd3_000565.jpg,1,aigc_modern_sd3,SD3
C:\Users\angus\Desktop\tiktoktechjam2026\data\aigc_ext\sd3\sd3_000566.jpg,1,aigc_modern_sd3,SD3
C:\Users\angus\Desktop\tiktoktechjam2026\data\aigc_ext\sd3\sd3_000567.jpg,1,aigc_modern_sd3,SD3
C:\Users\angus\Desktop\tiktoktechjam2026\data\aigc_ext\sd3\sd3_000568.jpg,1,aigc_modern_sd3,SD3
C:\Users\angus\Desktop\tiktoktechjam2026\data\aigc_ext\sd3\sd3_000569.jpg,1,aigc_modern_sd3,SD3
C:\Users\angus\Desktop\tiktoktechjam2026\data\aigc_ext\sd3\sd3_000570.jpg,1,aigc_modern_sd3,SD3
C:\Users\angus\Desktop\tiktoktechjam2026\data\aigc_ext\sd3\sd3_000571.jpg,1,aigc_modern_sd3,SD3
C:\Users\angus\Desktop\tiktoktechjam2026\data\aigc_ext\sd3\sd3_000572.jpg,1,aigc_modern_sd3,SD3
C:\Users\angus\Desktop\tiktoktechjam2026\data\aigc_ext\sd3\sd3_000573.jpg,1,aigc_modern_sd3,SD3
C:\Users\angus\Desktop\tiktoktechjam2026\data\aigc_ext\sd3\sd3_000574.jpg,1,aigc_modern_sd3,SD3
C:\Users\angus\Desktop\tiktoktechjam2026\data\aigc_ext\sd3\sd3_000575.jpg,1,aigc_modern_sd3,SD3
C:\Users\angus\Desktop\tiktoktechjam2026\data\aigc_ext\sd3\sd3_000576.jpg,1,aigc_modern_sd3,SD3
C:\Users\angus\Desktop\tiktoktechjam2026\data\aigc_ext\sd3\sd3_000577.jpg,1,aigc_modern_sd3,SD3
C:\Users\angus\Desktop\tiktoktechjam2026\data\aigc_ext\sd3\sd3_000578.jpg,1,aigc_modern_sd3,SD3
C:\Users\angus\Desktop\tiktoktechjam2026\data\aigc_ext\sd3\sd3_000579.jpg,1,aigc_modern_sd3,SD3
C:\Users\angus\Desktop\tiktoktechjam2026\data\aigc_ext\sd3\sd3_000580.jpg,1,aigc_modern_sd3,SD3
C:\Users\angus\Desktop\tiktoktechjam2026\data\aigc_ext\sd3\sd3_000581.jpg,1,aigc_modern_sd3,SD3
C:\Users\angus\Desktop\tiktoktechjam2026\data\aigc_ext\sd3\sd3_000582.jpg,1,aigc_modern_sd3,SD3
C:\Users\angus\Desktop\tiktoktechjam2026\data\aigc_ext\sd3\sd3_000583.jpg,1,aigc_modern_sd3,SD3
C:\Users\angus\Desktop\tiktoktechjam2026\data\aigc_ext\sd3\sd3_000584.jpg,1,aigc_modern_sd3,SD3
C:\Users\angus\Desktop\tiktoktechjam2026\data\aigc_ext\sd3\sd3_000585.jpg,1,aigc_modern_sd3,SD3
C:\Users\angus\Desktop\tiktoktechjam2026\data\aigc_ext\sd3\sd3_000586.jpg,1,aigc_modern_sd3,SD3
C:\Users\angus\Desktop\tiktoktechjam2026\data\aigc_ext\sd3\sd3_000587.jpg,1,aigc_modern_sd3,SD3
C:\Users\angus\Desktop\tiktoktechjam2026\data\aigc_ext\sd3\sd3_000588.jpg,1,aigc_modern_sd3,SD3
C:\Users\angus\Desktop\tiktoktechjam2026\data\aigc_ext\sd3\sd3_000589.jpg,1,aigc_modern_sd3,SD3
C:\Users\angus\Desktop\tiktoktechjam2026\data\aigc_ext\sd3\sd3_000590.jpg,1,aigc_modern_sd3,SD3
C:\Users\angus\Desktop\tiktoktechjam2026\data\aigc_ext\sd3\sd3_000591.jpg,1,aigc_modern_sd3,SD3
C:\Users\angus\Desktop\tiktoktechjam2026\data\aigc_ext\sd3\sd3_000592.jpg,1,aigc_modern_sd3,SD3
C:\Users\angus\Desktop\tiktoktechjam2026\data\aigc_ext\sd3\sd3_000593.jpg,1,aigc_modern_sd3,SD3
C:\Users\angus\Desktop\tiktoktechjam2026\data\aigc_ext\sd3\sd3_000594.jpg,1,aigc_modern_sd3,SD3
C:\Users\angus\Desktop\tiktoktechjam2026\data\aigc_ext\sd3\sd3_000595.jpg,1,aigc_modern_sd3,SD3
C:\Users\angus\Desktop\tiktoktechjam2026\data\aigc_ext\sd3\sd3_000596.jpg,1,aigc_modern_sd3,SD3
C:\Users\angus\Desktop\tiktoktechjam2026\data\aigc_ext\sd3\sd3_000597.jpg,1,aigc_modern_sd3,SD3
C:\Users\angus\Desktop\tiktoktechjam2026\data\aigc_ext\sd3\sd3_000598.jpg,1,aigc_modern_sd3,SD3
C:\Users\angus\Desktop\tiktoktechjam2026\data\aigc_ext\sd3\sd3_000599.jpg,1,aigc_modern_sd3,SD3
C:\Users\angus\Desktop\tiktoktechjam2026\data\aigc_ext\sd3\sd3_000600.jpg,1,aigc_modern_sd3,SD3
C:\Users\angus\Desktop\tiktoktechjam2026\data\aigc_ext\sd3\sd3_000601.jpg,1,aigc_modern_sd3,SD3
C:\Users\angus\Desktop\tiktoktechjam2026\data\aigc_ext\sd3\sd3_000602.jpg,1,aigc_modern_sd3,SD3
C:\Users\angus\Desktop\tiktoktechjam2026\data\aigc_ext\sd3\sd3_000603.jpg,1,aigc_modern_sd3,SD3
C:\Users\angus\Desktop\tiktoktechjam2026\data\aigc_ext\sd3\sd3_000604.jpg,1,aigc_modern_sd3,SD3
C:\Users\angus\Desktop\tiktoktechjam2026\data\aigc_ext\sd3\sd3_000605.jpg,1,aigc_modern_sd3,SD3
C:\Users\angus\Desktop\tiktoktechjam2026\data\aigc_ext\sd3\sd3_000606.jpg,1,aigc_modern_sd3,SD3
C:\Users\angus\Desktop\tiktoktechjam2026\data\aigc_ext\sd3\sd3_000607.jpg,1,aigc_modern_sd3,SD3
C:\Users\angus\Desktop\tiktoktechjam2026\data\aigc_ext\sd3\sd3_000608.jpg,1,aigc_modern_sd3,SD3
C:\Users\angus\Desktop\tiktoktechjam2026\data\aigc_ext\sd3\sd3_000609.jpg,1,aigc_modern_sd3,SD3
C:\Users\angus\Desktop\tiktoktechjam2026\data\aigc_ext\sd3\sd3_000610.jpg,1,aigc_modern_sd3,SD3
C:\Users\angus\Desktop\tiktoktechjam2026\data\aigc_ext\sd3\sd3_000611.jpg,1,aigc_modern_sd3,SD3
C:\Users\angus\Desktop\tiktoktechjam2026\data\aigc_ext\sd3\sd3_000612.jpg,1,aigc_modern_sd3,SD3
C:\Users\angus\Desktop\tiktoktechjam2026\data\aigc_ext\sd3\sd3_000613.jpg,1,aigc_modern_sd3,SD3
C:\Users\angus\Desktop\tiktoktechjam2026\data\aigc_ext\sd3\sd3_000614.jpg,1,aigc_modern_sd3,SD3
C:\Users\angus\Desktop\tiktoktechjam2026\data\aigc_ext\sd3\sd3_000615.jpg,1,aigc_modern_sd3,SD3
C:\Users\angus\Desktop\tiktoktechjam2026\data\aigc_ext\sd3\sd3_000616.jpg,1,aigc_modern_sd3,SD3
C:\Users\angus\Desktop\tiktoktechjam2026\data\aigc_ext\sd3\sd3_000617.jpg,1,aigc_modern_sd3,SD3
C:\Users\angus\Desktop\tiktoktechjam2026\data\aigc_ext\sd3\sd3_000618.jpg,1,aigc_modern_sd3,SD3
C:\Users\angus\Desktop\tiktoktechjam2026\data\aigc_ext\sd3\sd3_000619.jpg,1,aigc_modern_sd3,SD3
C:\Users\angus\Desktop\tiktoktechjam2026\data\aigc_ext\sd3\sd3_000620.jpg,1,aigc_modern_sd3,SD3
C:\Users\angus\Desktop\tiktoktechjam2026\data\aigc_ext\sd3\sd3_000621.jpg,1,aigc_modern_sd3,SD3
C:\Users\angus\Desktop\tiktoktechjam2026\data\aigc_ext\sd3\sd3_000622.jpg,1,aigc_modern_sd3,SD3
C:\Users\angus\Desktop\tiktoktechjam2026\data\aigc_ext\sd3\sd3_000623.jpg,1,aigc_modern_sd3,SD3
C:\Users\angus\Desktop\tiktoktechjam2026\data\aigc_ext\sd3\sd3_000624.jpg,1,aigc_modern_sd3,SD3
C:\Users\angus\Desktop\tiktoktechjam2026\data\aigc_ext\sd3\sd3_000625.jpg,1,aigc_modern_sd3,SD3
C:\Users\angus\Desktop\tiktoktechjam2026\data\aigc_ext\sd3\sd3_000626.jpg,1,aigc_modern_sd3,SD3
C:\Users\angus\Desktop\tiktoktechjam2026\data\aigc_ext\sd3\sd3_000627.jpg,1,aigc_modern_sd3,SD3
C:\Users\angus\Desktop\tiktoktechjam2026\data\aigc_ext\sd3\sd3_000628.jpg,1,aigc_modern_sd3,SD3
C:\Users\angus\Desktop\tiktoktechjam2026\data\aigc_ext\sd3\sd3_000629.jpg,1,aigc_modern_sd3,SD3
C:\Users\angus\Desktop\tiktoktechjam2026\data\aigc_ext\sd3\sd3_000630.jpg,1,aigc_modern_sd3,SD3
C:\Users\angus\Desktop\tiktoktechjam2026\data\aigc_ext\sd3\sd3_000631.jpg,1,aigc_modern_sd3,SD3
C:\Users\angus\Desktop\tiktoktechjam2026\data\aigc_ext\sd3\sd3_000632.jpg,1,aigc_modern_sd3,SD3
C:\Users\angus\Desktop\tiktoktechjam2026\data\aigc_ext\sd3\sd3_000633.jpg,1,aigc_modern_sd3,SD3
C:\Users\angus\Desktop\tiktoktechjam2026\data\aigc_ext\sd3\sd3_000634.jpg,1,aigc_modern_sd3,SD3
C:\Users\angus\Desktop\tiktoktechjam2026\data\aigc_ext\sd3\sd3_000635.jpg,1,aigc_modern_sd3,SD3
C:\Users\angus\Desktop\tiktoktechjam2026\data\aigc_ext\sd3\sd3_000636.jpg,1,aigc_modern_sd3,SD3
C:\Users\angus\Desktop\tiktoktechjam2026\data\aigc_ext\sd3\sd3_000637.jpg,1,aigc_modern_sd3,SD3
C:\Users\angus\Desktop\tiktoktechjam2026\data\aigc_ext\sd3\sd3_000638.jpg,1,aigc_modern_sd3,SD3
C:\Users\angus\Desktop\tiktoktechjam2026\data\aigc_ext\sd3\sd3_000639.jpg,1,aigc_modern_sd3,SD3
C:\Users\angus\Desktop\tiktoktechjam2026\data\aigc_ext\sd3\sd3_000640.jpg,1,aigc_modern_sd3,SD3
C:\Users\angus\Desktop\tiktoktechjam2026\data\aigc_ext\sd3\sd3_000641.jpg,1,aigc_modern_sd3,SD3
C:\Users\angus\Desktop\tiktoktechjam2026\data\aigc_ext\sd3\sd3_000642.jpg,1,aigc_modern_sd3,SD3
C:\Users\angus\Desktop\tiktoktechjam2026\data\aigc_ext\sd3\sd3_000643.jpg,1,aigc_modern_sd3,SD3
C:\Users\angus\Desktop\tiktoktechjam2026\data\aigc_ext\sd3\sd3_000644.jpg,1,aigc_modern_sd3,SD3
C:\Users\angus\Desktop\tiktoktechjam2026\data\aigc_ext\sd3\sd3_000645.jpg,1,aigc_modern_sd3,SD3
C:\Users\angus\Desktop\tiktoktechjam2026\data\aigc_ext\sd3\sd3_000646.jpg,1,aigc_modern_sd3,SD3
C:\Users\angus\Desktop\tiktoktechjam2026\data\aigc_ext\sd3\sd3_000647.jpg,1,aigc_modern_sd3,SD3
C:\Users\angus\Desktop\tiktoktechjam2026\data\aigc_ext\sd3\sd3_000648.jpg,1,aigc_modern_sd3,SD3
C:\Users\angus\Desktop\tiktoktechjam2026\data\aigc_ext\sd3\sd3_000649.jpg,1,aigc_modern_sd3,SD3
C:\Users\angus\Desktop\tiktoktechjam2026\data\aigc_ext\sd3\sd3_000650.jpg,1,aigc_modern_sd3,SD3
C:\Users\angus\Desktop\tiktoktechjam2026\data\aigc_ext\sd3\sd3_000651.jpg,1,aigc_modern_sd3,SD3
C:\Users\angus\Desktop\tiktoktechjam2026\data\aigc_ext\sd3\sd3_000652.jpg,1,aigc_modern_sd3,SD3
C:\Users\angus\Desktop\tiktoktechjam2026\data\aigc_ext\sd3\sd3_000653.jpg,1,aigc_modern_sd3,SD3
C:\Users\angus\Desktop\tiktoktechjam2026\data\aigc_ext\sd3\sd3_000654.jpg,1,aigc_modern_sd3,SD3
C:\Users\angus\Desktop\tiktoktechjam2026\data\aigc_ext\sd3\sd3_000655.jpg,1,aigc_modern_sd3,SD3
C:\Users\angus\Desktop\tiktoktechjam2026\data\aigc_ext\sd3\sd3_000656.jpg,1,aigc_modern_sd3,SD3
C:\Users\angus\Desktop\tiktoktechjam2026\data\aigc_ext\sd3\sd3_000657.jpg,1,aigc_modern_sd3,SD3
C:\Users\angus\Desktop\tiktoktechjam2026\data\aigc_ext\sd3\sd3_000658.jpg,1,aigc_modern_sd3,SD3
C:\Users\angus\Desktop\tiktoktechjam2026\data\aigc_ext\sd3\sd3_000659.jpg,1,aigc_modern_sd3,SD3
C:\Users\angus\Desktop\tiktoktechjam2026\data\aigc_ext\sd3\sd3_000660.jpg,1,aigc_modern_sd3,SD3
C:\Users\angus\Desktop\tiktoktechjam2026\data\aigc_ext\sd3\sd3_000661.jpg,1,aigc_modern_sd3,SD3
C:\Users\angus\Desktop\tiktoktechjam2026\data\aigc_ext\sd3\sd3_000662.jpg,1,aigc_modern_sd3,SD3
C:\Users\angus\Desktop\tiktoktechjam2026\data\aigc_ext\sd3\sd3_000663.jpg,1,aigc_modern_sd3,SD3
C:\Users\angus\Desktop\tiktoktechjam2026\data\aigc_ext\sd3\sd3_000664.jpg,1,aigc_modern_sd3,SD3
C:\Users\angus\Desktop\tiktoktechjam2026\data\aigc_ext\sd3\sd3_000665.jpg,1,aigc_modern_sd3,SD3
C:\Users\angus\Desktop\tiktoktechjam2026\data\aigc_ext\sd3\sd3_000666.jpg,1,aigc_modern_sd3,SD3
C:\Users\angus\Desktop\tiktoktechjam2026\data\aigc_ext\sd3\sd3_000667.jpg,1,aigc_modern_sd3,SD3
C:\Users\angus\Desktop\tiktoktechjam2026\data\aigc_ext\sd3\sd3_000668.jpg,1,aigc_modern_sd3,SD3
C:\Users\angus\Desktop\tiktoktechjam2026\data\aigc_ext\sd3\sd3_000669.jpg,1,aigc_modern_sd3,SD3
C:\Users\angus\Desktop\tiktoktechjam2026\data\aigc_ext\sd3\sd3_000670.jpg,1,aigc_modern_sd3,SD3
C:\Users\angus\Desktop\tiktoktechjam2026\data\aigc_ext\sd3\sd3_000671.jpg,1,aigc_modern_sd3,SD3
C:\Users\angus\Desktop\tiktoktechjam2026\data\aigc_ext\sd3\sd3_000672.jpg,1,aigc_modern_sd3,SD3
C:\Users\angus\Desktop\tiktoktechjam2026\data\aigc_ext\sd3\sd3_000673.jpg,1,aigc_modern_sd3,SD3
C:\Users\angus\Desktop\tiktoktechjam2026\data\aigc_ext\sd3\sd3_000674.jpg,1,aigc_modern_sd3,SD3
C:\Users\angus\Desktop\tiktoktechjam2026\data\aigc_ext\sd3\sd3_000675.jpg,1,aigc_modern_sd3,SD3
C:\Users\angus\Desktop\tiktoktechjam2026\data\aigc_ext\sd3\sd3_000676.jpg,1,aigc_modern_sd3,SD3
C:\Users\angus\Desktop\tiktoktechjam2026\data\aigc_ext\sd3\sd3_000677.jpg,1,aigc_modern_sd3,SD3
C:\Users\angus\Desktop\tiktoktechjam2026\data\aigc_ext\sd3\sd3_000678.jpg,1,aigc_modern_sd3,SD3
C:\Users\angus\Desktop\tiktoktechjam2026\data\aigc_ext\sd3\sd3_000679.jpg,1,aigc_modern_sd3,SD3
C:\Users\angus\Desktop\tiktoktechjam2026\data\aigc_ext\sd3\sd3_000680.jpg,1,aigc_modern_sd3,SD3
C:\Users\angus\Desktop\tiktoktechjam2026\data\aigc_ext\sd3\sd3_000681.jpg,1,aigc_modern_sd3,SD3
C:\Users\angus\Desktop\tiktoktechjam2026\data\aigc_ext\sd3\sd3_000682.jpg,1,aigc_modern_sd3,SD3
C:\Users\angus\Desktop\tiktoktechjam2026\data\aigc_ext\sd3\sd3_000683.jpg,1,aigc_modern_sd3,SD3
C:\Users\angus\Desktop\tiktoktechjam2026\data\aigc_ext\sd3\sd3_000684.jpg,1,aigc_modern_sd3,SD3
C:\Users\angus\Desktop\tiktoktechjam2026\data\aigc_ext\sd3\sd3_000685.jpg,1,aigc_modern_sd3,SD3
C:\Users\angus\Desktop\tiktoktechjam2026\data\aigc_ext\sd3\sd3_000686.jpg,1,aigc_modern_sd3,SD3
C:\Users\angus\Desktop\tiktoktechjam2026\data\aigc_ext\sd3\sd3_000687.jpg,1,aigc_modern_sd3,SD3
C:\Users\angus\Desktop\tiktoktechjam2026\data\aigc_ext\sd3\sd3_000688.jpg,1,aigc_modern_sd3,SD3
C:\Users\angus\Desktop\tiktoktechjam2026\data\aigc_ext\sd3\sd3_000689.jpg,1,aigc_modern_sd3,SD3
C:\Users\angus\Desktop\tiktoktechjam2026\data\aigc_ext\sd3\sd3_000690.jpg,1,aigc_modern_sd3,SD3
C:\Users\angus\Desktop\tiktoktechjam2026\data\aigc_ext\sd3\sd3_000691.jpg,1,aigc_modern_sd3,SD3
C:\Users\angus\Desktop\tiktoktechjam2026\data\aigc_ext\sd3\sd3_000692.jpg,1,aigc_modern_sd3,SD3
C:\Users\angus\Desktop\tiktoktechjam2026\data\aigc_ext\sd3\sd3_000693.jpg,1,aigc_modern_sd3,SD3
C:\Users\angus\Desktop\tiktoktechjam2026\data\aigc_ext\sd3\sd3_000694.jpg,1,aigc_modern_sd3,SD3
C:\Users\angus\Desktop\tiktoktechjam2026\data\aigc_ext\sd3\sd3_000695.jpg,1,aigc_modern_sd3,SD3
C:\Users\angus\Desktop\tiktoktechjam2026\data\aigc_ext\sd3\sd3_000696.jpg,1,aigc_modern_sd3,SD3
C:\Users\angus\Desktop\tiktoktechjam2026\data\aigc_ext\sd3\sd3_000697.jpg,1,aigc_modern_sd3,SD3
C:\Users\angus\Desktop\tiktoktechjam2026\data\aigc_ext\sd3\sd3_000698.jpg,1,aigc_modern_sd3,SD3
C:\Users\angus\Desktop\tiktoktechjam2026\data\aigc_ext\sd3\sd3_000699.jpg,1,aigc_modern_sd3,SD3
C:\Users\angus\Desktop\tiktoktechjam2026\data\aigc_ext\sd3\sd3_000700.jpg,1,aigc_modern_sd3,SD3
C:\Users\angus\Desktop\tiktoktechjam2026\data\aigc_ext\sd3\sd3_000701.jpg,1,aigc_modern_sd3,SD3
C:\Users\angus\Desktop\tiktoktechjam2026\data\aigc_ext\sd3\sd3_000702.jpg,1,aigc_modern_sd3,SD3
C:\Users\angus\Desktop\tiktoktechjam2026\data\aigc_ext\sd3\sd3_000703.jpg,1,aigc_modern_sd3,SD3
C:\Users\angus\Desktop\tiktoktechjam2026\data\aigc_ext\sd3\sd3_000704.jpg,1,aigc_modern_sd3,SD3
C:\Users\angus\Desktop\tiktoktechjam2026\data\aigc_ext\sd3\sd3_000705.jpg,1,aigc_modern_sd3,SD3
C:\Users\angus\Desktop\tiktoktechjam2026\data\aigc_ext\sd3\sd3_000706.jpg,1,aigc_modern_sd3,SD3
C:\Users\angus\Desktop\tiktoktechjam2026\data\aigc_ext\sd3\sd3_000707.jpg,1,aigc_modern_sd3,SD3
C:\Users\angus\Desktop\tiktoktechjam2026\data\aigc_ext\sd3\sd3_000708.jpg,1,aigc_modern_sd3,SD3
C:\Users\angus\Desktop\tiktoktechjam2026\data\aigc_ext\sd3\sd3_000709.jpg,1,aigc_modern_sd3,SD3
C:\Users\angus\Desktop\tiktoktechjam2026\data\aigc_ext\sd3\sd3_000710.jpg,1,aigc_modern_sd3,SD3
C:\Users\angus\Desktop\tiktoktechjam2026\data\aigc_ext\sd3\sd3_000711.jpg,1,aigc_modern_sd3,SD3
C:\Users\angus\Desktop\tiktoktechjam2026\data\aigc_ext\sd3\sd3_000712.jpg,1,aigc_modern_sd3,SD3
C:\Users\angus\Desktop\tiktoktechjam2026\data\aigc_ext\sd3\sd3_000713.jpg,1,aigc_modern_sd3,SD3
C:\Users\angus\Desktop\tiktoktechjam2026\data\aigc_ext\sd3\sd3_000714.jpg,1,aigc_modern_sd3,SD3
C:\Users\angus\Desktop\tiktoktechjam2026\data\aigc_ext\sd3\sd3_000715.jpg,1,aigc_modern_sd3,SD3
C:\Users\angus\Desktop\tiktoktechjam2026\data\aigc_ext\sd3\sd3_000716.jpg,1,aigc_modern_sd3,SD3
C:\Users\angus\Desktop\tiktoktechjam2026\data\aigc_ext\sd3\sd3_000717.jpg,1,aigc_modern_sd3,SD3
C:\Users\angus\Desktop\tiktoktechjam2026\data\aigc_ext\sd3\sd3_000718.jpg,1,aigc_modern_sd3,SD3
C:\Users\angus\Desktop\tiktoktechjam2026\data\aigc_ext\sd3\sd3_000719.jpg,1,aigc_modern_sd3,SD3
C:\Users\angus\Desktop\tiktoktechjam2026\data\aigc_ext\sd3\sd3_000720.jpg,1,aigc_modern_sd3,SD3
C:\Users\angus\Desktop\tiktoktechjam2026\data\aigc_ext\sd3\sd3_000721.jpg,1,aigc_modern_sd3,SD3
C:\Users\angus\Desktop\tiktoktechjam2026\data\aigc_ext\sd3\sd3_000722.jpg,1,aigc_modern_sd3,SD3
C:\Users\angus\Desktop\tiktoktechjam2026\data\aigc_ext\sd3\sd3_000723.jpg,1,aigc_modern_sd3,SD3
C:\Users\angus\Desktop\tiktoktechjam2026\data\aigc_ext\sd3\sd3_000724.jpg,1,aigc_modern_sd3,SD3
C:\Users\angus\Desktop\tiktoktechjam2026\data\aigc_ext\sd3\sd3_000725.jpg,1,aigc_modern_sd3,SD3
C:\Users\angus\Desktop\tiktoktechjam2026\data\aigc_ext\sd3\sd3_000726.jpg,1,aigc_modern_sd3,SD3
C:\Users\angus\Desktop\tiktoktechjam2026\data\aigc_ext\sd3\sd3_000727.jpg,1,aigc_modern_sd3,SD3
C:\Users\angus\Desktop\tiktoktechjam2026\data\aigc_ext\sd3\sd3_000728.jpg,1,aigc_modern_sd3,SD3
C:\Users\angus\Desktop\tiktoktechjam2026\data\aigc_ext\sd3\sd3_000729.jpg,1,aigc_modern_sd3,SD3
C:\Users\angus\Desktop\tiktoktechjam2026\data\aigc_ext\sd3\sd3_000730.jpg,1,aigc_modern_sd3,SD3
C:\Users\angus\Desktop\tiktoktechjam2026\data\aigc_ext\sd3\sd3_000731.jpg,1,aigc_modern_sd3,SD3
C:\Users\angus\Desktop\tiktoktechjam2026\data\aigc_ext\sd3\sd3_000732.jpg,1,aigc_modern_sd3,SD3
C:\Users\angus\Desktop\tiktoktechjam2026\data\aigc_ext\sd3\sd3_000733.jpg,1,aigc_modern_sd3,SD3
C:\Users\angus\Desktop\tiktoktechjam2026\data\aigc_ext\sd3\sd3_000734.jpg,1,aigc_modern_sd3,SD3
C:\Users\angus\Desktop\tiktoktechjam2026\data\aigc_ext\sd3\sd3_000735.jpg,1,aigc_modern_sd3,SD3
C:\Users\angus\Desktop\tiktoktechjam2026\data\aigc_ext\sd3\sd3_000736.jpg,1,aigc_modern_sd3,SD3
C:\Users\angus\Desktop\tiktoktechjam2026\data\aigc_ext\sd3\sd3_000737.jpg,1,aigc_modern_sd3,SD3
C:\Users\angus\Desktop\tiktoktechjam2026\data\aigc_ext\sd3\sd3_000738.jpg,1,aigc_modern_sd3,SD3
C:\Users\angus\Desktop\tiktoktechjam2026\data\aigc_ext\sd3\sd3_000739.jpg,1,aigc_modern_sd3,SD3
C:\Users\angus\Desktop\tiktoktechjam2026\data\aigc_ext\sd3\sd3_000740.jpg,1,aigc_modern_sd3,SD3
C:\Users\angus\Desktop\tiktoktechjam2026\data\aigc_ext\sd3\sd3_000741.jpg,1,aigc_modern_sd3,SD3
C:\Users\angus\Desktop\tiktoktechjam2026\data\aigc_ext\sd3\sd3_000742.jpg,1,aigc_modern_sd3,SD3
C:\Users\angus\Desktop\tiktoktechjam2026\data\aigc_ext\sd3\sd3_000743.jpg,1,aigc_modern_sd3,SD3
C:\Users\angus\Desktop\tiktoktechjam2026\data\aigc_ext\sd3\sd3_000744.jpg,1,aigc_modern_sd3,SD3
C:\Users\angus\Desktop\tiktoktechjam2026\data\aigc_ext\sd3\sd3_000745.jpg,1,aigc_modern_sd3,SD3
C:\Users\angus\Desktop\tiktoktechjam2026\data\aigc_ext\sd3\sd3_000746.jpg,1,aigc_modern_sd3,SD3
C:\Users\angus\Desktop\tiktoktechjam2026\data\aigc_ext\sd3\sd3_000747.jpg,1,aigc_modern_sd3,SD3
C:\Users\angus\Desktop\tiktoktechjam2026\data\aigc_ext\sd3\sd3_000748.jpg,1,aigc_modern_sd3,SD3
C:\Users\angus\Desktop\tiktoktechjam2026\data\aigc_ext\sd3\sd3_000749.jpg,1,aigc_modern_sd3,SD3
C:\Users\angus\Desktop\tiktoktechjam2026\data\aigc_ext\sd3\sd3_000750.jpg,1,aigc_modern_sd3,SD3
C:\Users\angus\Desktop\tiktoktechjam2026\data\aigc_ext\sd3\sd3_000751.jpg,1,aigc_modern_sd3,SD3
C:\Users\angus\Desktop\tiktoktechjam2026\data\aigc_ext\sd3\sd3_000752.jpg,1,aigc_modern_sd3,SD3
C:\Users\angus\Desktop\tiktoktechjam2026\data\aigc_ext\sd3\sd3_000753.jpg,1,aigc_modern_sd3,SD3
C:\Users\angus\Desktop\tiktoktechjam2026\data\aigc_ext\sd3\sd3_000754.jpg,1,aigc_modern_sd3,SD3
C:\Users\angus\Desktop\tiktoktechjam2026\data\aigc_ext\sd3\sd3_000755.jpg,1,aigc_modern_sd3,SD3
C:\Users\angus\Desktop\tiktoktechjam2026\data\aigc_ext\sd3\sd3_000756.jpg,1,aigc_modern_sd3,SD3
C:\Users\angus\Desktop\tiktoktechjam2026\data\aigc_ext\sd3\sd3_000757.jpg,1,aigc_modern_sd3,SD3
C:\Users\angus\Desktop\tiktoktechjam2026\data\aigc_ext\sd3\sd3_000758.jpg,1,aigc_modern_sd3,SD3
C:\Users\angus\Desktop\tiktoktechjam2026\data\aigc_ext\sd3\sd3_000759.jpg,1,aigc_modern_sd3,SD3
C:\Users\angus\Desktop\tiktoktechjam2026\data\aigc_ext\sd3\sd3_000760.jpg,1,aigc_modern_sd3,SD3
C:\Users\angus\Desktop\tiktoktechjam2026\data\aigc_ext\sd3\sd3_000761.jpg,1,aigc_modern_sd3,SD3
C:\Users\angus\Desktop\tiktoktechjam2026\data\aigc_ext\sd3\sd3_000762.jpg,1,aigc_modern_sd3,SD3
C:\Users\angus\Desktop\tiktoktechjam2026\data\aigc_ext\sd3\sd3_000763.jpg,1,aigc_modern_sd3,SD3
C:\Users\angus\Desktop\tiktoktechjam2026\data\aigc_ext\sd3\sd3_000764.jpg,1,aigc_modern_sd3,SD3
C:\Users\angus\Desktop\tiktoktechjam2026\data\aigc_ext\sd3\sd3_000765.jpg,1,aigc_modern_sd3,SD3
C:\Users\angus\Desktop\tiktoktechjam2026\data\aigc_ext\sd3\sd3_000766.jpg,1,aigc_modern_sd3,SD3
C:\Users\angus\Desktop\tiktoktechjam2026\data\aigc_ext\sd3\sd3_000767.jpg,1,aigc_modern_sd3,SD3
C:\Users\angus\Desktop\tiktoktechjam2026\data\aigc_ext\sd3\sd3_000768.jpg,1,aigc_modern_sd3,SD3
C:\Users\angus\Desktop\tiktoktechjam2026\data\aigc_ext\sd3\sd3_000769.jpg,1,aigc_modern_sd3,SD3
C:\Users\angus\Desktop\tiktoktechjam2026\data\aigc_ext\sd3\sd3_000770.jpg,1,aigc_modern_sd3,SD3
C:\Users\angus\Desktop\tiktoktechjam2026\data\aigc_ext\sd3\sd3_000771.jpg,1,aigc_modern_sd3,SD3
C:\Users\angus\Desktop\tiktoktechjam2026\data\aigc_ext\sd3\sd3_000772.jpg,1,aigc_modern_sd3,SD3
C:\Users\angus\Desktop\tiktoktechjam2026\data\aigc_ext\sd3\sd3_000773.jpg,1,aigc_modern_sd3,SD3
C:\Users\angus\Desktop\tiktoktechjam2026\data\aigc_ext\sd3\sd3_000774.jpg,1,aigc_modern_sd3,SD3
C:\Users\angus\Desktop\tiktoktechjam2026\data\aigc_ext\sd3\sd3_000775.jpg,1,aigc_modern_sd3,SD3
C:\Users\angus\Desktop\tiktoktechjam2026\data\aigc_ext\sd3\sd3_000776.jpg,1,aigc_modern_sd3,SD3
C:\Users\angus\Desktop\tiktoktechjam2026\data\aigc_ext\sd3\sd3_000777.jpg,1,aigc_modern_sd3,SD3
C:\Users\angus\Desktop\tiktoktechjam2026\data\aigc_ext\sd3\sd3_000778.jpg,1,aigc_modern_sd3,SD3
C:\Users\angus\Desktop\tiktoktechjam2026\data\aigc_ext\sd3\sd3_000779.jpg,1,aigc_modern_sd3,SD3
C:\Users\angus\Desktop\tiktoktechjam2026\data\aigc_ext\sd3\sd3_000780.jpg,1,aigc_modern_sd3,SD3
C:\Users\angus\Desktop\tiktoktechjam2026\data\aigc_ext\sd3\sd3_000781.jpg,1,aigc_modern_sd3,SD3
C:\Users\angus\Desktop\tiktoktechjam2026\data\aigc_ext\sd3\sd3_000782.jpg,1,aigc_modern_sd3,SD3
C:\Users\angus\Desktop\tiktoktechjam2026\data\aigc_ext\sd3\sd3_000783.jpg,1,aigc_modern_sd3,SD3
C:\Users\angus\Desktop\tiktoktechjam2026\data\aigc_ext\sd3\sd3_000784.jpg,1,aigc_modern_sd3,SD3
C:\Users\angus\Desktop\tiktoktechjam2026\data\aigc_ext\sd3\sd3_000785.jpg,1,aigc_modern_sd3,SD3
C:\Users\angus\Desktop\tiktoktechjam2026\data\aigc_ext\sd3\sd3_000786.jpg,1,aigc_modern_sd3,SD3
C:\Users\angus\Desktop\tiktoktechjam2026\data\aigc_ext\sd3\sd3_000787.jpg,1,aigc_modern_sd3,SD3
C:\Users\angus\Desktop\tiktoktechjam2026\data\aigc_ext\sd3\sd3_000788.jpg,1,aigc_modern_sd3,SD3
C:\Users\angus\Desktop\tiktoktechjam2026\data\aigc_ext\sd3\sd3_000789.jpg,1,aigc_modern_sd3,SD3
C:\Users\angus\Desktop\tiktoktechjam2026\data\aigc_ext\sd3\sd3_000790.jpg,1,aigc_modern_sd3,SD3
C:\Users\angus\Desktop\tiktoktechjam2026\data\aigc_ext\sd3\sd3_000791.jpg,1,aigc_modern_sd3,SD3
C:\Users\angus\Desktop\tiktoktechjam2026\data\aigc_ext\sd3\sd3_000792.jpg,1,aigc_modern_sd3,SD3
C:\Users\angus\Desktop\tiktoktechjam2026\data\aigc_ext\sd3\sd3_000793.jpg,1,aigc_modern_sd3,SD3
C:\Users\angus\Desktop\tiktoktechjam2026\data\aigc_ext\sd3\sd3_000794.jpg,1,aigc_modern_sd3,SD3
C:\Users\angus\Desktop\tiktoktechjam2026\data\aigc_ext\sd3\sd3_000795.jpg,1,aigc_modern_sd3,SD3
C:\Users\angus\Desktop\tiktoktechjam2026\data\aigc_ext\sd3\sd3_000796.jpg,1,aigc_modern_sd3,SD3
C:\Users\angus\Desktop\tiktoktechjam2026\data\aigc_ext\sd3\sd3_000797.jpg,1,aigc_modern_sd3,SD3
C:\Users\angus\Desktop\tiktoktechjam2026\data\aigc_ext\sd3\sd3_000798.jpg,1,aigc_modern_sd3,SD3
C:\Users\angus\Desktop\tiktoktechjam2026\data\aigc_ext\sd3\sd3_000799.jpg,1,aigc_modern_sd3,SD3
C:\Users\angus\Desktop\tiktoktechjam2026\data\aigc_ext\sd3\sd3_000800.jpg,1,aigc_modern_sd3,SD3
C:\Users\angus\Desktop\tiktoktechjam2026\data\aigc_ext\sd3\sd3_000801.jpg,1,aigc_modern_sd3,SD3
C:\Users\angus\Desktop\tiktoktechjam2026\data\aigc_ext\sd3\sd3_000802.jpg,1,aigc_modern_sd3,SD3
C:\Users\angus\Desktop\tiktoktechjam2026\data\aigc_ext\sd3\sd3_000803.jpg,1,aigc_modern_sd3,SD3
C:\Users\angus\Desktop\tiktoktechjam2026\data\aigc_ext\sd3\sd3_000804.jpg,1,aigc_modern_sd3,SD3
C:\Users\angus\Desktop\tiktoktechjam2026\data\aigc_ext\sd3\sd3_000805.jpg,1,aigc_modern_sd3,SD3
C:\Users\angus\Desktop\tiktoktechjam2026\data\aigc_ext\sd3\sd3_000806.jpg,1,aigc_modern_sd3,SD3
C:\Users\angus\Desktop\tiktoktechjam2026\data\aigc_ext\sd3\sd3_000807.jpg,1,aigc_modern_sd3,SD3
C:\Users\angus\Desktop\tiktoktechjam2026\data\aigc_ext\sd3\sd3_000808.jpg,1,aigc_modern_sd3,SD3
C:\Users\angus\Desktop\tiktoktechjam2026\data\aigc_ext\sd3\sd3_000809.jpg,1,aigc_modern_sd3,SD3
C:\Users\angus\Desktop\tiktoktechjam2026\data\aigc_ext\sd3\sd3_000810.jpg,1,aigc_modern_sd3,SD3
C:\Users\angus\Desktop\tiktoktechjam2026\data\aigc_ext\sd3\sd3_000811.jpg,1,aigc_modern_sd3,SD3
C:\Users\angus\Desktop\tiktoktechjam2026\data\aigc_ext\sd3\sd3_000812.jpg,1,aigc_modern_sd3,SD3
C:\Users\angus\Desktop\tiktoktechjam2026\data\aigc_ext\sd3\sd3_000813.jpg,1,aigc_modern_sd3,SD3
C:\Users\angus\Desktop\tiktoktechjam2026\data\aigc_ext\sd3\sd3_000814.jpg,1,aigc_modern_sd3,SD3
C:\Users\angus\Desktop\tiktoktechjam2026\data\aigc_ext\sd3\sd3_000815.jpg,1,aigc_modern_sd3,SD3
C:\Users\angus\Desktop\tiktoktechjam2026\data\aigc_ext\sd3\sd3_000816.jpg,1,aigc_modern_sd3,SD3
C:\Users\angus\Desktop\tiktoktechjam2026\data\aigc_ext\sd3\sd3_000817.jpg,1,aigc_modern_sd3,SD3
C:\Users\angus\Desktop\tiktoktechjam2026\data\aigc_ext\sd3\sd3_000818.jpg,1,aigc_modern_sd3,SD3
C:\Users\angus\Desktop\tiktoktechjam2026\data\aigc_ext\sd3\sd3_000819.jpg,1,aigc_modern_sd3,SD3
C:\Users\angus\Desktop\tiktoktechjam2026\data\aigc_ext\sd3\sd3_000820.jpg,1,aigc_modern_sd3,SD3
C:\Users\angus\Desktop\tiktoktechjam2026\data\aigc_ext\sd3\sd3_000821.jpg,1,aigc_modern_sd3,SD3
C:\Users\angus\Desktop\tiktoktechjam2026\data\aigc_ext\sd3\sd3_000822.jpg,1,aigc_modern_sd3,SD3
C:\Users\angus\Desktop\tiktoktechjam2026\data\aigc_ext\sd3\sd3_000823.jpg,1,aigc_modern_sd3,SD3
C:\Users\angus\Desktop\tiktoktechjam2026\data\aigc_ext\sd3\sd3_000824.jpg,1,aigc_modern_sd3,SD3
C:\Users\angus\Desktop\tiktoktechjam2026\data\aigc_ext\sd3\sd3_000825.jpg,1,aigc_modern_sd3,SD3
C:\Users\angus\Desktop\tiktoktechjam2026\data\aigc_ext\sd3\sd3_000826.jpg,1,aigc_modern_sd3,SD3
C:\Users\angus\Desktop\tiktoktechjam2026\data\aigc_ext\sd3\sd3_000827.jpg,1,aigc_modern_sd3,SD3
C:\Users\angus\Desktop\tiktoktechjam2026\data\aigc_ext\sd3\sd3_000828.jpg,1,aigc_modern_sd3,SD3
C:\Users\angus\Desktop\tiktoktechjam2026\data\aigc_ext\sd3\sd3_000829.jpg,1,aigc_modern_sd3,SD3
C:\Users\angus\Desktop\tiktoktechjam2026\data\aigc_ext\sd3\sd3_000830.jpg,1,aigc_modern_sd3,SD3
C:\Users\angus\Desktop\tiktoktechjam2026\data\aigc_ext\sd3\sd3_000831.jpg,1,aigc_modern_sd3,SD3
C:\Users\angus\Desktop\tiktoktechjam2026\data\aigc_ext\sd3\sd3_000832.jpg,1,aigc_modern_sd3,SD3
C:\Users\angus\Desktop\tiktoktechjam2026\data\aigc_ext\sd3\sd3_000833.jpg,1,aigc_modern_sd3,SD3
C:\Users\angus\Desktop\tiktoktechjam2026\data\aigc_ext\sd3\sd3_000834.jpg,1,aigc_modern_sd3,SD3
C:\Users\angus\Desktop\tiktoktechjam2026\data\aigc_ext\sd3\sd3_000835.jpg,1,aigc_modern_sd3,SD3
C:\Users\angus\Desktop\tiktoktechjam2026\data\aigc_ext\sd3\sd3_000836.jpg,1,aigc_modern_sd3,SD3
C:\Users\angus\Desktop\tiktoktechjam2026\data\aigc_ext\sd3\sd3_000837.jpg,1,aigc_modern_sd3,SD3
C:\Users\angus\Desktop\tiktoktechjam2026\data\aigc_ext\sd3\sd3_000838.jpg,1,aigc_modern_sd3,SD3
C:\Users\angus\Desktop\tiktoktechjam2026\data\aigc_ext\sd3\sd3_000839.jpg,1,aigc_modern_sd3,SD3
C:\Users\angus\Desktop\tiktoktechjam2026\data\aigc_ext\sd3\sd3_000840.jpg,1,aigc_modern_sd3,SD3
C:\Users\angus\Desktop\tiktoktechjam2026\data\aigc_ext\sd3\sd3_000841.jpg,1,aigc_modern_sd3,SD3
C:\Users\angus\Desktop\tiktoktechjam2026\data\aigc_ext\sd3\sd3_000842.jpg,1,aigc_modern_sd3,SD3
C:\Users\angus\Desktop\tiktoktechjam2026\data\aigc_ext\sd3\sd3_000843.jpg,1,aigc_modern_sd3,SD3
C:\Users\angus\Desktop\tiktoktechjam2026\data\aigc_ext\sd3\sd3_000844.jpg,1,aigc_modern_sd3,SD3
C:\Users\angus\Desktop\tiktoktechjam2026\data\aigc_ext\sd3\sd3_000845.jpg,1,aigc_modern_sd3,SD3
C:\Users\angus\Desktop\tiktoktechjam2026\data\aigc_ext\sd3\sd3_000846.jpg,1,aigc_modern_sd3,SD3
C:\Users\angus\Desktop\tiktoktechjam2026\data\aigc_ext\sd3\sd3_000847.jpg,1,aigc_modern_sd3,SD3
C:\Users\angus\Desktop\tiktoktechjam2026\data\aigc_ext\sd3\sd3_000848.jpg,1,aigc_modern_sd3,SD3
C:\Users\angus\Desktop\tiktoktechjam2026\data\aigc_ext\sd3\sd3_000849.jpg,1,aigc_modern_sd3,SD3
C:\Users\angus\Desktop\tiktoktechjam2026\data\aigc_ext\sd3\sd3_000850.jpg,1,aigc_modern_sd3,SD3
C:\Users\angus\Desktop\tiktoktechjam2026\data\aigc_ext\sd3\sd3_000851.jpg,1,aigc_modern_sd3,SD3
C:\Users\angus\Desktop\tiktoktechjam2026\data\aigc_ext\sd3\sd3_000852.jpg,1,aigc_modern_sd3,SD3
C:\Users\angus\Desktop\tiktoktechjam2026\data\aigc_ext\sd3\sd3_000853.jpg,1,aigc_modern_sd3,SD3
C:\Users\angus\Desktop\tiktoktechjam2026\data\aigc_ext\sd3\sd3_000854.jpg,1,aigc_modern_sd3,SD3
C:\Users\angus\Desktop\tiktoktechjam2026\data\aigc_ext\sd3\sd3_000855.jpg,1,aigc_modern_sd3,SD3
C:\Users\angus\Desktop\tiktoktechjam2026\data\aigc_ext\sd3\sd3_000856.jpg,1,aigc_modern_sd3,SD3
C:\Users\angus\Desktop\tiktoktechjam2026\data\aigc_ext\sd3\sd3_000857.jpg,1,aigc_modern_sd3,SD3
C:\Users\angus\Desktop\tiktoktechjam2026\data\aigc_ext\sd3\sd3_000858.jpg,1,aigc_modern_sd3,SD3
C:\Users\angus\Desktop\tiktoktechjam2026\data\aigc_ext\sd3\sd3_000859.jpg,1,aigc_modern_sd3,SD3
C:\Users\angus\Desktop\tiktoktechjam2026\data\aigc_ext\sd3\sd3_000860.jpg,1,aigc_modern_sd3,SD3
C:\Users\angus\Desktop\tiktoktechjam2026\data\aigc_ext\sd3\sd3_000861.jpg,1,aigc_modern_sd3,SD3
C:\Users\angus\Desktop\tiktoktechjam2026\data\aigc_ext\sd3\sd3_000862.jpg,1,aigc_modern_sd3,SD3
C:\Users\angus\Desktop\tiktoktechjam2026\data\aigc_ext\sd3\sd3_000863.jpg,1,aigc_modern_sd3,SD3
C:\Users\angus\Desktop\tiktoktechjam2026\data\aigc_ext\sd3\sd3_000864.jpg,1,aigc_modern_sd3,SD3
C:\Users\angus\Desktop\tiktoktechjam2026\data\aigc_ext\sd3\sd3_000865.jpg,1,aigc_modern_sd3,SD3
C:\Users\angus\Desktop\tiktoktechjam2026\data\aigc_ext\sd3\sd3_000866.jpg,1,aigc_modern_sd3,SD3
C:\Users\angus\Desktop\tiktoktechjam2026\data\aigc_ext\sd3\sd3_000867.jpg,1,aigc_modern_sd3,SD3
C:\Users\angus\Desktop\tiktoktechjam2026\data\aigc_ext\sd3\sd3_000868.jpg,1,aigc_modern_sd3,SD3
C:\Users\angus\Desktop\tiktoktechjam2026\data\aigc_ext\sd3\sd3_000869.jpg,1,aigc_modern_sd3,SD3
C:\Users\angus\Desktop\tiktoktechjam2026\data\aigc_ext\sd3\sd3_000870.jpg,1,aigc_modern_sd3,SD3
C:\Users\angus\Desktop\tiktoktechjam2026\data\aigc_ext\sd3\sd3_000871.jpg,1,aigc_modern_sd3,SD3
C:\Users\angus\Desktop\tiktoktechjam2026\data\aigc_ext\sd3\sd3_000872.jpg,1,aigc_modern_sd3,SD3
C:\Users\angus\Desktop\tiktoktechjam2026\data\aigc_ext\sd3\sd3_000873.jpg,1,aigc_modern_sd3,SD3
C:\Users\angus\Desktop\tiktoktechjam2026\data\aigc_ext\sd3\sd3_000874.jpg,1,aigc_modern_sd3,SD3
C:\Users\angus\Desktop\tiktoktechjam2026\data\aigc_ext\sd3\sd3_000875.jpg,1,aigc_modern_sd3,SD3
C:\Users\angus\Desktop\tiktoktechjam2026\data\aigc_ext\sd3\sd3_000876.jpg,1,aigc_modern_sd3,SD3
C:\Users\angus\Desktop\tiktoktechjam2026\data\aigc_ext\sd3\sd3_000877.jpg,1,aigc_modern_sd3,SD3
C:\Users\angus\Desktop\tiktoktechjam2026\data\aigc_ext\sd3\sd3_000878.jpg,1,aigc_modern_sd3,SD3
C:\Users\angus\Desktop\tiktoktechjam2026\data\aigc_ext\sd3\sd3_000879.jpg,1,aigc_modern_sd3,SD3
C:\Users\angus\Desktop\tiktoktechjam2026\data\aigc_ext\sd3\sd3_000880.jpg,1,aigc_modern_sd3,SD3
C:\Users\angus\Desktop\tiktoktechjam2026\data\aigc_ext\sd3\sd3_000881.jpg,1,aigc_modern_sd3,SD3
C:\Users\angus\Desktop\tiktoktechjam2026\data\aigc_ext\sd3\sd3_000882.jpg,1,aigc_modern_sd3,SD3
C:\Users\angus\Desktop\tiktoktechjam2026\data\aigc_ext\sd3\sd3_000883.jpg,1,aigc_modern_sd3,SD3
C:\Users\angus\Desktop\tiktoktechjam2026\data\aigc_ext\sd3\sd3_000884.jpg,1,aigc_modern_sd3,SD3
C:\Users\angus\Desktop\tiktoktechjam2026\data\aigc_ext\sd3\sd3_000885.jpg,1,aigc_modern_sd3,SD3
C:\Users\angus\Desktop\tiktoktechjam2026\data\aigc_ext\sd3\sd3_000886.jpg,1,aigc_modern_sd3,SD3
C:\Users\angus\Desktop\tiktoktechjam2026\data\aigc_ext\sd3\sd3_000887.jpg,1,aigc_modern_sd3,SD3
C:\Users\angus\Desktop\tiktoktechjam2026\data\aigc_ext\sd3\sd3_000888.jpg,1,aigc_modern_sd3,SD3
C:\Users\angus\Desktop\tiktoktechjam2026\data\aigc_ext\sd3\sd3_000889.jpg,1,aigc_modern_sd3,SD3
C:\Users\angus\Desktop\tiktoktechjam2026\data\aigc_ext\sd3\sd3_000890.jpg,1,aigc_modern_sd3,SD3
C:\Users\angus\Desktop\tiktoktechjam2026\data\aigc_ext\sd3\sd3_000891.jpg,1,aigc_modern_sd3,SD3
C:\Users\angus\Desktop\tiktoktechjam2026\data\aigc_ext\sd3\sd3_000892.jpg,1,aigc_modern_sd3,SD3
C:\Users\angus\Desktop\tiktoktechjam2026\data\aigc_ext\sd3\sd3_000893.jpg,1,aigc_modern_sd3,SD3
C:\Users\angus\Desktop\tiktoktechjam2026\data\aigc_ext\sd3\sd3_000894.jpg,1,aigc_modern_sd3,SD3
C:\Users\angus\Desktop\tiktoktechjam2026\data\aigc_ext\sd3\sd3_000895.jpg,1,aigc_modern_sd3,SD3
C:\Users\angus\Desktop\tiktoktechjam2026\data\aigc_ext\sd3\sd3_000896.jpg,1,aigc_modern_sd3,SD3
C:\Users\angus\Desktop\tiktoktechjam2026\data\aigc_ext\sd3\sd3_000897.jpg,1,aigc_modern_sd3,SD3
C:\Users\angus\Desktop\tiktoktechjam2026\data\aigc_ext\sd3\sd3_000898.jpg,1,aigc_modern_sd3,SD3
C:\Users\angus\Desktop\tiktoktechjam2026\data\aigc_ext\sd3\sd3_000899.jpg,1,aigc_modern_sd3,SD3
C:\Users\angus\Desktop\tiktoktechjam2026\data\aigc_ext\sd3\sd3_000900.jpg,1,aigc_modern_sd3,SD3
C:\Users\angus\Desktop\tiktoktechjam2026\data\aigc_ext\sd3\sd3_000901.jpg,1,aigc_modern_sd3,SD3
C:\Users\angus\Desktop\tiktoktechjam2026\data\aigc_ext\sd3\sd3_000902.jpg,1,aigc_modern_sd3,SD3
C:\Users\angus\Desktop\tiktoktechjam2026\data\aigc_ext\sd3\sd3_000903.jpg,1,aigc_modern_sd3,SD3
C:\Users\angus\Desktop\tiktoktechjam2026\data\aigc_ext\sd3\sd3_000904.jpg,1,aigc_modern_sd3,SD3
C:\Users\angus\Desktop\tiktoktechjam2026\data\aigc_ext\sd3\sd3_000905.jpg,1,aigc_modern_sd3,SD3
C:\Users\angus\Desktop\tiktoktechjam2026\data\aigc_ext\sd3\sd3_000906.jpg,1,aigc_modern_sd3,SD3
C:\Users\angus\Desktop\tiktoktechjam2026\data\aigc_ext\sd3\sd3_000907.jpg,1,aigc_modern_sd3,SD3
C:\Users\angus\Desktop\tiktoktechjam2026\data\aigc_ext\sd3\sd3_000908.jpg,1,aigc_modern_sd3,SD3
C:\Users\angus\Desktop\tiktoktechjam2026\data\aigc_ext\sd3\sd3_000909.jpg,1,aigc_modern_sd3,SD3
C:\Users\angus\Desktop\tiktoktechjam2026\data\aigc_ext\sd3\sd3_000910.jpg,1,aigc_modern_sd3,SD3
C:\Users\angus\Desktop\tiktoktechjam2026\data\aigc_ext\sd3\sd3_000911.jpg,1,aigc_modern_sd3,SD3
C:\Users\angus\Desktop\tiktoktechjam2026\data\aigc_ext\sd3\sd3_000912.jpg,1,aigc_modern_sd3,SD3
C:\Users\angus\Desktop\tiktoktechjam2026\data\aigc_ext\sd3\sd3_000913.jpg,1,aigc_modern_sd3,SD3
C:\Users\angus\Desktop\tiktoktechjam2026\data\aigc_ext\sd3\sd3_000914.jpg,1,aigc_modern_sd3,SD3
C:\Users\angus\Desktop\tiktoktechjam2026\data\aigc_ext\sd3\sd3_000915.jpg,1,aigc_modern_sd3,SD3
C:\Users\angus\Desktop\tiktoktechjam2026\data\aigc_ext\sd3\sd3_000916.jpg,1,aigc_modern_sd3,SD3
C:\Users\angus\Desktop\tiktoktechjam2026\data\aigc_ext\sd3\sd3_000917.jpg,1,aigc_modern_sd3,SD3
C:\Users\angus\Desktop\tiktoktechjam2026\data\aigc_ext\sd3\sd3_000918.jpg,1,aigc_modern_sd3,SD3
C:\Users\angus\Desktop\tiktoktechjam2026\data\aigc_ext\sd3\sd3_000919.jpg,1,aigc_modern_sd3,SD3
C:\Users\angus\Desktop\tiktoktechjam2026\data\aigc_ext\sd3\sd3_000920.jpg,1,aigc_modern_sd3,SD3
C:\Users\angus\Desktop\tiktoktechjam2026\data\aigc_ext\sd3\sd3_000921.jpg,1,aigc_modern_sd3,SD3
C:\Users\angus\Desktop\tiktoktechjam2026\data\aigc_ext\sd3\sd3_000922.jpg,1,aigc_modern_sd3,SD3
C:\Users\angus\Desktop\tiktoktechjam2026\data\aigc_ext\sd3\sd3_000923.jpg,1,aigc_modern_sd3,SD3
C:\Users\angus\Desktop\tiktoktechjam2026\data\aigc_ext\sd3\sd3_000924.jpg,1,aigc_modern_sd3,SD3
C:\Users\angus\Desktop\tiktoktechjam2026\data\aigc_ext\sd3\sd3_000925.jpg,1,aigc_modern_sd3,SD3
C:\Users\angus\Desktop\tiktoktechjam2026\data\aigc_ext\sd3\sd3_000926.jpg,1,aigc_modern_sd3,SD3
C:\Users\angus\Desktop\tiktoktechjam2026\data\aigc_ext\sd3\sd3_000927.jpg,1,aigc_modern_sd3,SD3
C:\Users\angus\Desktop\tiktoktechjam2026\data\aigc_ext\sd3\sd3_000928.jpg,1,aigc_modern_sd3,SD3
C:\Users\angus\Desktop\tiktoktechjam2026\data\aigc_ext\sd3\sd3_000929.jpg,1,aigc_modern_sd3,SD3
C:\Users\angus\Desktop\tiktoktechjam2026\data\aigc_ext\sd3\sd3_000930.jpg,1,aigc_modern_sd3,SD3
C:\Users\angus\Desktop\tiktoktechjam2026\data\aigc_ext\sd3\sd3_000931.jpg,1,aigc_modern_sd3,SD3
C:\Users\angus\Desktop\tiktoktechjam2026\data\aigc_ext\sd3\sd3_000932.jpg,1,aigc_modern_sd3,SD3
C:\Users\angus\Desktop\tiktoktechjam2026\data\aigc_ext\sd3\sd3_000933.jpg,1,aigc_modern_sd3,SD3
C:\Users\angus\Desktop\tiktoktechjam2026\data\aigc_ext\sd3\sd3_000934.jpg,1,aigc_modern_sd3,SD3
C:\Users\angus\Desktop\tiktoktechjam2026\data\aigc_ext\sd3\sd3_000935.jpg,1,aigc_modern_sd3,SD3
C:\Users\angus\Desktop\tiktoktechjam2026\data\aigc_ext\sd3\sd3_000936.jpg,1,aigc_modern_sd3,SD3
C:\Users\angus\Desktop\tiktoktechjam2026\data\aigc_ext\sd3\sd3_000937.jpg,1,aigc_modern_sd3,SD3
C:\Users\angus\Desktop\tiktoktechjam2026\data\aigc_ext\sd3\sd3_000938.jpg,1,aigc_modern_sd3,SD3
C:\Users\angus\Desktop\tiktoktechjam2026\data\aigc_ext\sd3\sd3_000939.jpg,1,aigc_modern_sd3,SD3
C:\Users\angus\Desktop\tiktoktechjam2026\data\aigc_ext\sd3\sd3_000940.jpg,1,aigc_modern_sd3,SD3
C:\Users\angus\Desktop\tiktoktechjam2026\data\aigc_ext\sd3\sd3_000941.jpg,1,aigc_modern_sd3,SD3
C:\Users\angus\Desktop\tiktoktechjam2026\data\aigc_ext\sd3\sd3_000942.jpg,1,aigc_modern_sd3,SD3
C:\Users\angus\Desktop\tiktoktechjam2026\data\aigc_ext\sd3\sd3_000943.jpg,1,aigc_modern_sd3,SD3
C:\Users\angus\Desktop\tiktoktechjam2026\data\aigc_ext\sd3\sd3_000944.jpg,1,aigc_modern_sd3,SD3
C:\Users\angus\Desktop\tiktoktechjam2026\data\aigc_ext\sd3\sd3_000945.jpg,1,aigc_modern_sd3,SD3
C:\Users\angus\Desktop\tiktoktechjam2026\data\aigc_ext\sd3\sd3_000946.jpg,1,aigc_modern_sd3,SD3
C:\Users\angus\Desktop\tiktoktechjam2026\data\aigc_ext\sd3\sd3_000947.jpg,1,aigc_modern_sd3,SD3
C:\Users\angus\Desktop\tiktoktechjam2026\data\aigc_ext\sd3\sd3_000948.jpg,1,aigc_modern_sd3,SD3
C:\Users\angus\Desktop\tiktoktechjam2026\data\aigc_ext\sd3\sd3_000949.jpg,1,aigc_modern_sd3,SD3
C:\Users\angus\Desktop\tiktoktechjam2026\data\aigc_ext\sd3\sd3_000950.jpg,1,aigc_modern_sd3,SD3
C:\Users\angus\Desktop\tiktoktechjam2026\data\aigc_ext\sd3\sd3_000951.jpg,1,aigc_modern_sd3,SD3
C:\Users\angus\Desktop\tiktoktechjam2026\data\aigc_ext\sd3\sd3_000952.jpg,1,aigc_modern_sd3,SD3
C:\Users\angus\Desktop\tiktoktechjam2026\data\aigc_ext\sd3\sd3_000953.jpg,1,aigc_modern_sd3,SD3
C:\Users\angus\Desktop\tiktoktechjam2026\data\aigc_ext\sd3\sd3_000954.jpg,1,aigc_modern_sd3,SD3
C:\Users\angus\Desktop\tiktoktechjam2026\data\aigc_ext\sd3\sd3_000955.jpg,1,aigc_modern_sd3,SD3
C:\Users\angus\Desktop\tiktoktechjam2026\data\aigc_ext\sd3\sd3_000956.jpg,1,aigc_modern_sd3,SD3
C:\Users\angus\Desktop\tiktoktechjam2026\data\aigc_ext\sd3\sd3_000957.jpg,1,aigc_modern_sd3,SD3
C:\Users\angus\Desktop\tiktoktechjam2026\data\aigc_ext\sd3\sd3_000958.jpg,1,aigc_modern_sd3,SD3
C:\Users\angus\Desktop\tiktoktechjam2026\data\aigc_ext\sd3\sd3_000959.jpg,1,aigc_modern_sd3,SD3
C:\Users\angus\Desktop\tiktoktechjam2026\data\aigc_ext\sd3\sd3_000960.jpg,1,aigc_modern_sd3,SD3
C:\Users\angus\Desktop\tiktoktechjam2026\data\aigc_ext\sd3\sd3_000961.jpg,1,aigc_modern_sd3,SD3
C:\Users\angus\Desktop\tiktoktechjam2026\data\aigc_ext\sd3\sd3_000962.jpg,1,aigc_modern_sd3,SD3
C:\Users\angus\Desktop\tiktoktechjam2026\data\aigc_ext\sd3\sd3_000963.jpg,1,aigc_modern_sd3,SD3
C:\Users\angus\Desktop\tiktoktechjam2026\data\aigc_ext\sd3\sd3_000964.jpg,1,aigc_modern_sd3,SD3
C:\Users\angus\Desktop\tiktoktechjam2026\data\aigc_ext\sd3\sd3_000965.jpg,1,aigc_modern_sd3,SD3
C:\Users\angus\Desktop\tiktoktechjam2026\data\aigc_ext\sd3\sd3_000966.jpg,1,aigc_modern_sd3,SD3
C:\Users\angus\Desktop\tiktoktechjam2026\data\aigc_ext\sd3\sd3_000967.jpg,1,aigc_modern_sd3,SD3
C:\Users\angus\Desktop\tiktoktechjam2026\data\aigc_ext\sd3\sd3_000968.jpg,1,aigc_modern_sd3,SD3
C:\Users\angus\Desktop\tiktoktechjam2026\data\aigc_ext\sd3\sd3_000969.jpg,1,aigc_modern_sd3,SD3
C:\Users\angus\Desktop\tiktoktechjam2026\data\aigc_ext\sd3\sd3_000970.jpg,1,aigc_modern_sd3,SD3
C:\Users\angus\Desktop\tiktoktechjam2026\data\aigc_ext\sd3\sd3_000971.jpg,1,aigc_modern_sd3,SD3
C:\Users\angus\Desktop\tiktoktechjam2026\data\aigc_ext\sd3\sd3_000972.jpg,1,aigc_modern_sd3,SD3
C:\Users\angus\Desktop\tiktoktechjam2026\data\aigc_ext\sd3\sd3_000973.jpg,1,aigc_modern_sd3,SD3
C:\Users\angus\Desktop\tiktoktechjam2026\data\aigc_ext\sd3\sd3_000974.jpg,1,aigc_modern_sd3,SD3
C:\Users\angus\Desktop\tiktoktechjam2026\data\aigc_ext\sd3\sd3_000975.jpg,1,aigc_modern_sd3,SD3
C:\Users\angus\Desktop\tiktoktechjam2026\data\aigc_ext\sd3\sd3_000976.jpg,1,aigc_modern_sd3,SD3
C:\Users\angus\Desktop\tiktoktechjam2026\data\aigc_ext\sd3\sd3_000977.jpg,1,aigc_modern_sd3,SD3
C:\Users\angus\Desktop\tiktoktechjam2026\data\aigc_ext\sd3\sd3_000978.jpg,1,aigc_modern_sd3,SD3
C:\Users\angus\Desktop\tiktoktechjam2026\data\aigc_ext\sd3\sd3_000979.jpg,1,aigc_modern_sd3,SD3
C:\Users\angus\Desktop\tiktoktechjam2026\data\aigc_ext\sd3\sd3_000980.jpg,1,aigc_modern_sd3,SD3
C:\Users\angus\Desktop\tiktoktechjam2026\data\aigc_ext\sd3\sd3_000981.jpg,1,aigc_modern_sd3,SD3
C:\Users\angus\Desktop\tiktoktechjam2026\data\aigc_ext\sd3\sd3_000982.jpg,1,aigc_modern_sd3,SD3
C:\Users\angus\Desktop\tiktoktechjam2026\data\aigc_ext\sd3\sd3_000983.jpg,1,aigc_modern_sd3,SD3
C:\Users\angus\Desktop\tiktoktechjam2026\data\aigc_ext\sd3\sd3_000984.jpg,1,aigc_modern_sd3,SD3
C:\Users\angus\Desktop\tiktoktechjam2026\data\aigc_ext\sd3\sd3_000985.jpg,1,aigc_modern_sd3,SD3
C:\Users\angus\Desktop\tiktoktechjam2026\data\aigc_ext\sd3\sd3_000986.jpg,1,aigc_modern_sd3,SD3
C:\Users\angus\Desktop\tiktoktechjam2026\data\aigc_ext\sd3\sd3_000987.jpg,1,aigc_modern_sd3,SD3
C:\Users\angus\Desktop\tiktoktechjam2026\data\aigc_ext\sd3\sd3_000988.jpg,1,aigc_modern_sd3,SD3
C:\Users\angus\Desktop\tiktoktechjam2026\data\aigc_ext\sd3\sd3_000989.jpg,1,aigc_modern_sd3,SD3
C:\Users\angus\Desktop\tiktoktechjam2026\data\aigc_ext\sd3\sd3_000990.jpg,1,aigc_modern_sd3,SD3
C:\Users\angus\Desktop\tiktoktechjam2026\data\aigc_ext\sd3\sd3_000991.jpg,1,aigc_modern_sd3,SD3
C:\Users\angus\Desktop\tiktoktechjam2026\data\aigc_ext\sd3\sd3_000992.jpg,1,aigc_modern_sd3,SD3
C:\Users\angus\Desktop\tiktoktechjam2026\data\aigc_ext\sd3\sd3_000993.jpg,1,aigc_modern_sd3,SD3
C:\Users\angus\Desktop\tiktoktechjam2026\data\aigc_ext\sd3\sd3_000994.jpg,1,aigc_modern_sd3,SD3
C:\Users\angus\Desktop\tiktoktechjam2026\data\aigc_ext\sd3\sd3_000995.jpg,1,aigc_modern_sd3,SD3
C:\Users\angus\Desktop\tiktoktechjam2026\data\aigc_ext\sd3\sd3_000996.jpg,1,aigc_modern_sd3,SD3
C:\Users\angus\Desktop\tiktoktechjam2026\data\aigc_ext\sd3\sd3_000997.jpg,1,aigc_modern_sd3,SD3
C:\Users\angus\Desktop\tiktoktechjam2026\data\aigc_ext\sd3\sd3_000998.jpg,1,aigc_modern_sd3,SD3
C:\Users\angus\Desktop\tiktoktechjam2026\data\aigc_ext\sd3\sd3_000999.jpg,1,aigc_modern_sd3,SD3
C:\Users\angus\Desktop\tiktoktechjam2026\data\aigc_ext\sd3\sd3_001000.jpg,1,aigc_modern_sd3,SD3
C:\Users\angus\Desktop\tiktoktechjam2026\data\aigc_ext\sd3\sd3_001001.jpg,1,aigc_modern_sd3,SD3
C:\Users\angus\Desktop\tiktoktechjam2026\data\aigc_ext\sd3\sd3_001002.jpg,1,aigc_modern_sd3,SD3
C:\Users\angus\Desktop\tiktoktechjam2026\data\aigc_ext\sd3\sd3_001003.jpg,1,aigc_modern_sd3,SD3
C:\Users\angus\Desktop\tiktoktechjam2026\data\aigc_ext\sd3\sd3_001004.jpg,1,aigc_modern_sd3,SD3
C:\Users\angus\Desktop\tiktoktechjam2026\data\aigc_ext\sd3\sd3_001005.jpg,1,aigc_modern_sd3,SD3
C:\Users\angus\Desktop\tiktoktechjam2026\data\aigc_ext\sd3\sd3_001006.jpg,1,aigc_modern_sd3,SD3
C:\Users\angus\Desktop\tiktoktechjam2026\data\aigc_ext\sd3\sd3_001007.jpg,1,aigc_modern_sd3,SD3
C:\Users\angus\Desktop\tiktoktechjam2026\data\aigc_ext\sd3\sd3_001008.jpg,1,aigc_modern_sd3,SD3
C:\Users\angus\Desktop\tiktoktechjam2026\data\aigc_ext\sd3\sd3_001009.jpg,1,aigc_modern_sd3,SD3
C:\Users\angus\Desktop\tiktoktechjam2026\data\aigc_ext\sd3\sd3_001010.jpg,1,aigc_modern_sd3,SD3
C:\Users\angus\Desktop\tiktoktechjam2026\data\aigc_ext\sd3\sd3_001011.jpg,1,aigc_modern_sd3,SD3
C:\Users\angus\Desktop\tiktoktechjam2026\data\aigc_ext\sd3\sd3_001012.jpg,1,aigc_modern_sd3,SD3
C:\Users\angus\Desktop\tiktoktechjam2026\data\aigc_ext\sd3\sd3_001013.jpg,1,aigc_modern_sd3,SD3
C:\Users\angus\Desktop\tiktoktechjam2026\data\aigc_ext\sd3\sd3_001014.jpg,1,aigc_modern_sd3,SD3
C:\Users\angus\Desktop\tiktoktechjam2026\data\aigc_ext\sd3\sd3_001015.jpg,1,aigc_modern_sd3,SD3
C:\Users\angus\Desktop\tiktoktechjam2026\data\aigc_ext\sd3\sd3_001016.jpg,1,aigc_modern_sd3,SD3
C:\Users\angus\Desktop\tiktoktechjam2026\data\aigc_ext\sd3\sd3_001017.jpg,1,aigc_modern_sd3,SD3
C:\Users\angus\Desktop\tiktoktechjam2026\data\aigc_ext\sd3\sd3_001018.jpg,1,aigc_modern_sd3,SD3
C:\Users\angus\Desktop\tiktoktechjam2026\data\aigc_ext\sd3\sd3_001019.jpg,1,aigc_modern_sd3,SD3
C:\Users\angus\Desktop\tiktoktechjam2026\data\aigc_ext\sd3\sd3_001020.jpg,1,aigc_modern_sd3,SD3
C:\Users\angus\Desktop\tiktoktechjam2026\data\aigc_ext\sd3\sd3_001021.jpg,1,aigc_modern_sd3,SD3
C:\Users\angus\Desktop\tiktoktechjam2026\data\aigc_ext\sd3\sd3_001022.jpg,1,aigc_modern_sd3,SD3
C:\Users\angus\Desktop\tiktoktechjam2026\data\aigc_ext\sd3\sd3_001023.jpg,1,aigc_modern_sd3,SD3
C:\Users\angus\Desktop\tiktoktechjam2026\data\aigc_ext\sd3\sd3_001024.jpg,1,aigc_modern_sd3,SD3
C:\Users\angus\Desktop\tiktoktechjam2026\data\aigc_ext\sd3\sd3_001025.jpg,1,aigc_modern_sd3,SD3
C:\Users\angus\Desktop\tiktoktechjam2026\data\aigc_ext\sd3\sd3_001026.jpg,1,aigc_modern_sd3,SD3
C:\Users\angus\Desktop\tiktoktechjam2026\data\aigc_ext\sd3\sd3_001027.jpg,1,aigc_modern_sd3,SD3
C:\Users\angus\Desktop\tiktoktechjam2026\data\aigc_ext\sd3\sd3_001028.jpg,1,aigc_modern_sd3,SD3
C:\Users\angus\Desktop\tiktoktechjam2026\data\aigc_ext\sd3\sd3_001029.jpg,1,aigc_modern_sd3,SD3
C:\Users\angus\Desktop\tiktoktechjam2026\data\aigc_ext\sd3\sd3_001030.jpg,1,aigc_modern_sd3,SD3
C:\Users\angus\Desktop\tiktoktechjam2026\data\aigc_ext\sd3\sd3_001031.jpg,1,aigc_modern_sd3,SD3
C:\Users\angus\Desktop\tiktoktechjam2026\data\aigc_ext\sd3\sd3_001032.jpg,1,aigc_modern_sd3,SD3
C:\Users\angus\Desktop\tiktoktechjam2026\data\aigc_ext\sd3\sd3_001033.jpg,1,aigc_modern_sd3,SD3
C:\Users\angus\Desktop\tiktoktechjam2026\data\aigc_ext\sd3\sd3_001034.jpg,1,aigc_modern_sd3,SD3
C:\Users\angus\Desktop\tiktoktechjam2026\data\aigc_ext\sd3\sd3_001035.jpg,1,aigc_modern_sd3,SD3
C:\Users\angus\Desktop\tiktoktechjam2026\data\aigc_ext\sd3\sd3_001036.jpg,1,aigc_modern_sd3,SD3
C:\Users\angus\Desktop\tiktoktechjam2026\data\aigc_ext\sd3\sd3_001037.jpg,1,aigc_modern_sd3,SD3
C:\Users\angus\Desktop\tiktoktechjam2026\data\aigc_ext\sd3\sd3_001038.jpg,1,aigc_modern_sd3,SD3
C:\Users\angus\Desktop\tiktoktechjam2026\data\aigc_ext\sd3\sd3_001039.jpg,1,aigc_modern_sd3,SD3
C:\Users\angus\Desktop\tiktoktechjam2026\data\aigc_ext\sd3\sd3_001040.jpg,1,aigc_modern_sd3,SD3
C:\Users\angus\Desktop\tiktoktechjam2026\data\aigc_ext\sd3\sd3_001041.jpg,1,aigc_modern_sd3,SD3
C:\Users\angus\Desktop\tiktoktechjam2026\data\aigc_ext\sd3\sd3_001042.jpg,1,aigc_modern_sd3,SD3
C:\Users\angus\Desktop\tiktoktechjam2026\data\aigc_ext\sd3\sd3_001043.jpg,1,aigc_modern_sd3,SD3
C:\Users\angus\Desktop\tiktoktechjam2026\data\aigc_ext\sd3\sd3_001044.jpg,1,aigc_modern_sd3,SD3
C:\Users\angus\Desktop\tiktoktechjam2026\data\aigc_ext\sd3\sd3_001045.jpg,1,aigc_modern_sd3,SD3
C:\Users\angus\Desktop\tiktoktechjam2026\data\aigc_ext\sd3\sd3_001046.jpg,1,aigc_modern_sd3,SD3
C:\Users\angus\Desktop\tiktoktechjam2026\data\aigc_ext\sd3\sd3_001047.jpg,1,aigc_modern_sd3,SD3
C:\Users\angus\Desktop\tiktoktechjam2026\data\aigc_ext\sd3\sd3_001048.jpg,1,aigc_modern_sd3,SD3
C:\Users\angus\Desktop\tiktoktechjam2026\data\aigc_ext\sd3\sd3_001049.jpg,1,aigc_modern_sd3,SD3
C:\Users\angus\Desktop\tiktoktechjam2026\data\aigc_ext\sd3\sd3_001050.jpg,1,aigc_modern_sd3,SD3
C:\Users\angus\Desktop\tiktoktechjam2026\data\aigc_ext\sd3\sd3_001051.jpg,1,aigc_modern_sd3,SD3
C:\Users\angus\Desktop\tiktoktechjam2026\data\aigc_ext\sd3\sd3_001052.jpg,1,aigc_modern_sd3,SD3
C:\Users\angus\Desktop\tiktoktechjam2026\data\aigc_ext\sd3\sd3_001053.jpg,1,aigc_modern_sd3,SD3
C:\Users\angus\Desktop\tiktoktechjam2026\data\aigc_ext\sd3\sd3_001054.jpg,1,aigc_modern_sd3,SD3
C:\Users\angus\Desktop\tiktoktechjam2026\data\aigc_ext\sd3\sd3_001055.jpg,1,aigc_modern_sd3,SD3
C:\Users\angus\Desktop\tiktoktechjam2026\data\aigc_ext\sd3\sd3_001056.jpg,1,aigc_modern_sd3,SD3
C:\Users\angus\Desktop\tiktoktechjam2026\data\aigc_ext\sd3\sd3_001057.jpg,1,aigc_modern_sd3,SD3
C:\Users\angus\Desktop\tiktoktechjam2026\data\aigc_ext\sd3\sd3_001058.jpg,1,aigc_modern_sd3,SD3
C:\Users\angus\Desktop\tiktoktechjam2026\data\aigc_ext\sd3\sd3_001059.jpg,1,aigc_modern_sd3,SD3
C:\Users\angus\Desktop\tiktoktechjam2026\data\aigc_ext\sd3\sd3_001060.jpg,1,aigc_modern_sd3,SD3
C:\Users\angus\Desktop\tiktoktechjam2026\data\aigc_ext\sd3\sd3_001061.jpg,1,aigc_modern_sd3,SD3
C:\Users\angus\Desktop\tiktoktechjam2026\data\aigc_ext\sd3\sd3_001062.jpg,1,aigc_modern_sd3,SD3
C:\Users\angus\Desktop\tiktoktechjam2026\data\aigc_ext\sd3\sd3_001063.jpg,1,aigc_modern_sd3,SD3
C:\Users\angus\Desktop\tiktoktechjam2026\data\aigc_ext\sd3\sd3_001064.jpg,1,aigc_modern_sd3,SD3
C:\Users\angus\Desktop\tiktoktechjam2026\data\aigc_ext\sd3\sd3_001065.jpg,1,aigc_modern_sd3,SD3
C:\Users\angus\Desktop\tiktoktechjam2026\data\aigc_ext\sd3\sd3_001066.jpg,1,aigc_modern_sd3,SD3
C:\Users\angus\Desktop\tiktoktechjam2026\data\aigc_ext\sd3\sd3_001067.jpg,1,aigc_modern_sd3,SD3
C:\Users\angus\Desktop\tiktoktechjam2026\data\aigc_ext\sd3\sd3_001068.jpg,1,aigc_modern_sd3,SD3
C:\Users\angus\Desktop\tiktoktechjam2026\data\aigc_ext\sd3\sd3_001069.jpg,1,aigc_modern_sd3,SD3
C:\Users\angus\Desktop\tiktoktechjam2026\data\aigc_ext\sd3\sd3_001070.jpg,1,aigc_modern_sd3,SD3
C:\Users\angus\Desktop\tiktoktechjam2026\data\aigc_ext\sd3\sd3_001071.jpg,1,aigc_modern_sd3,SD3
C:\Users\angus\Desktop\tiktoktechjam2026\data\aigc_ext\sd3\sd3_001072.jpg,1,aigc_modern_sd3,SD3
C:\Users\angus\Desktop\tiktoktechjam2026\data\aigc_ext\sd3\sd3_001073.jpg,1,aigc_modern_sd3,SD3
C:\Users\angus\Desktop\tiktoktechjam2026\data\aigc_ext\sd3\sd3_001074.jpg,1,aigc_modern_sd3,SD3
C:\Users\angus\Desktop\tiktoktechjam2026\data\aigc_ext\sd3\sd3_001075.jpg,1,aigc_modern_sd3,SD3
C:\Users\angus\Desktop\tiktoktechjam2026\data\aigc_ext\sd3\sd3_001076.jpg,1,aigc_modern_sd3,SD3
C:\Users\angus\Desktop\tiktoktechjam2026\data\aigc_ext\sd3\sd3_001077.jpg,1,aigc_modern_sd3,SD3
C:\Users\angus\Desktop\tiktoktechjam2026\data\aigc_ext\sd3\sd3_001078.jpg,1,aigc_modern_sd3,SD3
C:\Users\angus\Desktop\tiktoktechjam2026\data\aigc_ext\sd3\sd3_001079.jpg,1,aigc_modern_sd3,SD3
C:\Users\angus\Desktop\tiktoktechjam2026\data\aigc_ext\sd3\sd3_001080.jpg,1,aigc_modern_sd3,SD3
C:\Users\angus\Desktop\tiktoktechjam2026\data\aigc_ext\sd3\sd3_001081.jpg,1,aigc_modern_sd3,SD3
C:\Users\angus\Desktop\tiktoktechjam2026\data\aigc_ext\sd3\sd3_001082.jpg,1,aigc_modern_sd3,SD3
C:\Users\angus\Desktop\tiktoktechjam2026\data\aigc_ext\sd3\sd3_001083.jpg,1,aigc_modern_sd3,SD3
C:\Users\angus\Desktop\tiktoktechjam2026\data\aigc_ext\sd3\sd3_001084.jpg,1,aigc_modern_sd3,SD3
C:\Users\angus\Desktop\tiktoktechjam2026\data\aigc_ext\sd3\sd3_001085.jpg,1,aigc_modern_sd3,SD3
C:\Users\angus\Desktop\tiktoktechjam2026\data\aigc_ext\sd3\sd3_001086.jpg,1,aigc_modern_sd3,SD3
C:\Users\angus\Desktop\tiktoktechjam2026\data\aigc_ext\sd3\sd3_001087.jpg,1,aigc_modern_sd3,SD3
C:\Users\angus\Desktop\tiktoktechjam2026\data\aigc_ext\sd3\sd3_001088.jpg,1,aigc_modern_sd3,SD3
C:\Users\angus\Desktop\tiktoktechjam2026\data\aigc_ext\sd3\sd3_001089.jpg,1,aigc_modern_sd3,SD3
C:\Users\angus\Desktop\tiktoktechjam2026\data\aigc_ext\sd3\sd3_001090.jpg,1,aigc_modern_sd3,SD3
C:\Users\angus\Desktop\tiktoktechjam2026\data\aigc_ext\sd3\sd3_001091.jpg,1,aigc_modern_sd3,SD3
C:\Users\angus\Desktop\tiktoktechjam2026\data\aigc_ext\sd3\sd3_001092.jpg,1,aigc_modern_sd3,SD3
C:\Users\angus\Desktop\tiktoktechjam2026\data\aigc_ext\sd3\sd3_001093.jpg,1,aigc_modern_sd3,SD3
C:\Users\angus\Desktop\tiktoktechjam2026\data\aigc_ext\sd3\sd3_001094.jpg,1,aigc_modern_sd3,SD3
C:\Users\angus\Desktop\tiktoktechjam2026\data\aigc_ext\sd3\sd3_001095.jpg,1,aigc_modern_sd3,SD3
C:\Users\angus\Desktop\tiktoktechjam2026\data\aigc_ext\sd3\sd3_001096.jpg,1,aigc_modern_sd3,SD3
C:\Users\angus\Desktop\tiktoktechjam2026\data\aigc_ext\sd3\sd3_001097.jpg,1,aigc_modern_sd3,SD3
C:\Users\angus\Desktop\tiktoktechjam2026\data\aigc_ext\sd3\sd3_001098.jpg,1,aigc_modern_sd3,SD3
C:\Users\angus\Desktop\tiktoktechjam2026\data\aigc_ext\sd3\sd3_001099.jpg,1,aigc_modern_sd3,SD3
C:\Users\angus\Desktop\tiktoktechjam2026\data\aigc_ext\sd3\sd3_001100.jpg,1,aigc_modern_sd3,SD3
C:\Users\angus\Desktop\tiktoktechjam2026\data\aigc_ext\sd3\sd3_001101.jpg,1,aigc_modern_sd3,SD3
C:\Users\angus\Desktop\tiktoktechjam2026\data\aigc_ext\sd3\sd3_001102.jpg,1,aigc_modern_sd3,SD3
C:\Users\angus\Desktop\tiktoktechjam2026\data\aigc_ext\sd3\sd3_001103.jpg,1,aigc_modern_sd3,SD3
C:\Users\angus\Desktop\tiktoktechjam2026\data\aigc_ext\sd3\sd3_001104.jpg,1,aigc_modern_sd3,SD3
C:\Users\angus\Desktop\tiktoktechjam2026\data\aigc_ext\sd3\sd3_001105.jpg,1,aigc_modern_sd3,SD3
C:\Users\angus\Desktop\tiktoktechjam2026\data\aigc_ext\sd3\sd3_001106.jpg,1,aigc_modern_sd3,SD3
C:\Users\angus\Desktop\tiktoktechjam2026\data\aigc_ext\sd3\sd3_001107.jpg,1,aigc_modern_sd3,SD3
C:\Users\angus\Desktop\tiktoktechjam2026\data\aigc_ext\sd3\sd3_001108.jpg,1,aigc_modern_sd3,SD3
C:\Users\angus\Desktop\tiktoktechjam2026\data\aigc_ext\sd3\sd3_001109.jpg,1,aigc_modern_sd3,SD3
C:\Users\angus\Desktop\tiktoktechjam2026\data\aigc_ext\sd3\sd3_001110.jpg,1,aigc_modern_sd3,SD3
C:\Users\angus\Desktop\tiktoktechjam2026\data\aigc_ext\sd3\sd3_001111.jpg,1,aigc_modern_sd3,SD3
C:\Users\angus\Desktop\tiktoktechjam2026\data\aigc_ext\sd3\sd3_001112.jpg,1,aigc_modern_sd3,SD3
C:\Users\angus\Desktop\tiktoktechjam2026\data\aigc_ext\sd3\sd3_001113.jpg,1,aigc_modern_sd3,SD3
C:\Users\angus\Desktop\tiktoktechjam2026\data\aigc_ext\sd3\sd3_001114.jpg,1,aigc_modern_sd3,SD3
C:\Users\angus\Desktop\tiktoktechjam2026\data\aigc_ext\sd3\sd3_001115.jpg,1,aigc_modern_sd3,SD3
C:\Users\angus\Desktop\tiktoktechjam2026\data\aigc_ext\sd3\sd3_001116.jpg,1,aigc_modern_sd3,SD3
C:\Users\angus\Desktop\tiktoktechjam2026\data\aigc_ext\sd3\sd3_001117.jpg,1,aigc_modern_sd3,SD3
C:\Users\angus\Desktop\tiktoktechjam2026\data\aigc_ext\sd3\sd3_001118.jpg,1,aigc_modern_sd3,SD3
C:\Users\angus\Desktop\tiktoktechjam2026\data\aigc_ext\sd3\sd3_001119.jpg,1,aigc_modern_sd3,SD3
C:\Users\angus\Desktop\tiktoktechjam2026\data\aigc_ext\sd3\sd3_001120.jpg,1,aigc_modern_sd3,SD3
C:\Users\angus\Desktop\tiktoktechjam2026\data\aigc_ext\sd3\sd3_001121.jpg,1,aigc_modern_sd3,SD3
C:\Users\angus\Desktop\tiktoktechjam2026\data\aigc_ext\sd3\sd3_001122.jpg,1,aigc_modern_sd3,SD3
C:\Users\angus\Desktop\tiktoktechjam2026\data\aigc_ext\sd3\sd3_001123.jpg,1,aigc_modern_sd3,SD3
C:\Users\angus\Desktop\tiktoktechjam2026\data\aigc_ext\sd3\sd3_001124.jpg,1,aigc_modern_sd3,SD3
C:\Users\angus\Desktop\tiktoktechjam2026\data\aigc_ext\sd3\sd3_001125.jpg,1,aigc_modern_sd3,SD3
C:\Users\angus\Desktop\tiktoktechjam2026\data\aigc_ext\sd3\sd3_001126.jpg,1,aigc_modern_sd3,SD3
C:\Users\angus\Desktop\tiktoktechjam2026\data\aigc_ext\sd3\sd3_001127.jpg,1,aigc_modern_sd3,SD3
C:\Users\angus\Desktop\tiktoktechjam2026\data\aigc_ext\sd3\sd3_001128.jpg,1,aigc_modern_sd3,SD3
C:\Users\angus\Desktop\tiktoktechjam2026\data\aigc_ext\sd3\sd3_001129.jpg,1,aigc_modern_sd3,SD3
C:\Users\angus\Desktop\tiktoktechjam2026\data\aigc_ext\sd3\sd3_001130.jpg,1,aigc_modern_sd3,SD3
C:\Users\angus\Desktop\tiktoktechjam2026\data\aigc_ext\sd3\sd3_001131.jpg,1,aigc_modern_sd3,SD3
C:\Users\angus\Desktop\tiktoktechjam2026\data\aigc_ext\sd3\sd3_001132.jpg,1,aigc_modern_sd3,SD3
C:\Users\angus\Desktop\tiktoktechjam2026\data\aigc_ext\sd3\sd3_001133.jpg,1,aigc_modern_sd3,SD3
C:\Users\angus\Desktop\tiktoktechjam2026\data\aigc_ext\sd3\sd3_001134.jpg,1,aigc_modern_sd3,SD3
C:\Users\angus\Desktop\tiktoktechjam2026\data\aigc_ext\sd3\sd3_001135.jpg,1,aigc_modern_sd3,SD3
C:\Users\angus\Desktop\tiktoktechjam2026\data\aigc_ext\sd3\sd3_001136.jpg,1,aigc_modern_sd3,SD3
C:\Users\angus\Desktop\tiktoktechjam2026\data\aigc_ext\sd3\sd3_001137.jpg,1,aigc_modern_sd3,SD3
C:\Users\angus\Desktop\tiktoktechjam2026\data\aigc_ext\sd3\sd3_001138.jpg,1,aigc_modern_sd3,SD3
C:\Users\angus\Desktop\tiktoktechjam2026\data\aigc_ext\sd3\sd3_001139.jpg,1,aigc_modern_sd3,SD3
C:\Users\angus\Desktop\tiktoktechjam2026\data\aigc_ext\sd3\sd3_001140.jpg,1,aigc_modern_sd3,SD3
C:\Users\angus\Desktop\tiktoktechjam2026\data\aigc_ext\sd3\sd3_001141.jpg,1,aigc_modern_sd3,SD3
C:\Users\angus\Desktop\tiktoktechjam2026\data\aigc_ext\sd3\sd3_001142.jpg,1,aigc_modern_sd3,SD3
C:\Users\angus\Desktop\tiktoktechjam2026\data\aigc_ext\sd3\sd3_001143.jpg,1,aigc_modern_sd3,SD3
C:\Users\angus\Desktop\tiktoktechjam2026\data\aigc_ext\sd3\sd3_001144.jpg,1,aigc_modern_sd3,SD3
C:\Users\angus\Desktop\tiktoktechjam2026\data\aigc_ext\sd3\sd3_001145.jpg,1,aigc_modern_sd3,SD3
C:\Users\angus\Desktop\tiktoktechjam2026\data\aigc_ext\sd3\sd3_001146.jpg,1,aigc_modern_sd3,SD3
C:\Users\angus\Desktop\tiktoktechjam2026\data\aigc_ext\sd3\sd3_001147.jpg,1,aigc_modern_sd3,SD3
C:\Users\angus\Desktop\tiktoktechjam2026\data\aigc_ext\sd3\sd3_001148.jpg,1,aigc_modern_sd3,SD3
C:\Users\angus\Desktop\tiktoktechjam2026\data\aigc_ext\sd3\sd3_001149.jpg,1,aigc_modern_sd3,SD3
C:\Users\angus\Desktop\tiktoktechjam2026\data\aigc_ext\sd3\sd3_001150.jpg,1,aigc_modern_sd3,SD3
C:\Users\angus\Desktop\tiktoktechjam2026\data\aigc_ext\sd3\sd3_001151.jpg,1,aigc_modern_sd3,SD3
C:\Users\angus\Desktop\tiktoktechjam2026\data\aigc_ext\sd3\sd3_001152.jpg,1,aigc_modern_sd3,SD3
C:\Users\angus\Desktop\tiktoktechjam2026\data\aigc_ext\sd3\sd3_001153.jpg,1,aigc_modern_sd3,SD3
C:\Users\angus\Desktop\tiktoktechjam2026\data\aigc_ext\sd3\sd3_001154.jpg,1,aigc_modern_sd3,SD3
C:\Users\angus\Desktop\tiktoktechjam2026\data\aigc_ext\sd3\sd3_001155.jpg,1,aigc_modern_sd3,SD3
C:\Users\angus\Desktop\tiktoktechjam2026\data\aigc_ext\sd3\sd3_001156.jpg,1,aigc_modern_sd3,SD3
C:\Users\angus\Desktop\tiktoktechjam2026\data\aigc_ext\sd3\sd3_001157.jpg,1,aigc_modern_sd3,SD3
C:\Users\angus\Desktop\tiktoktechjam2026\data\aigc_ext\sd3\sd3_001158.jpg,1,aigc_modern_sd3,SD3
C:\Users\angus\Desktop\tiktoktechjam2026\data\aigc_ext\sd3\sd3_001159.jpg,1,aigc_modern_sd3,SD3
C:\Users\angus\Desktop\tiktoktechjam2026\data\aigc_ext\sd3\sd3_001160.jpg,1,aigc_modern_sd3,SD3
C:\Users\angus\Desktop\tiktoktechjam2026\data\aigc_ext\sd3\sd3_001161.jpg,1,aigc_modern_sd3,SD3
C:\Users\angus\Desktop\tiktoktechjam2026\data\aigc_ext\sd3\sd3_001162.jpg,1,aigc_modern_sd3,SD3
C:\Users\angus\Desktop\tiktoktechjam2026\data\aigc_ext\sd3\sd3_001163.jpg,1,aigc_modern_sd3,SD3
C:\Users\angus\Desktop\tiktoktechjam2026\data\aigc_ext\sd3\sd3_001164.jpg,1,aigc_modern_sd3,SD3
C:\Users\angus\Desktop\tiktoktechjam2026\data\aigc_ext\sd3\sd3_001165.jpg,1,aigc_modern_sd3,SD3
C:\Users\angus\Desktop\tiktoktechjam2026\data\aigc_ext\sd3\sd3_001166.jpg,1,aigc_modern_sd3,SD3
C:\Users\angus\Desktop\tiktoktechjam2026\data\aigc_ext\sd3\sd3_001167.jpg,1,aigc_modern_sd3,SD3
C:\Users\angus\Desktop\tiktoktechjam2026\data\aigc_ext\sd3\sd3_001168.jpg,1,aigc_modern_sd3,SD3
C:\Users\angus\Desktop\tiktoktechjam2026\data\aigc_ext\sd3\sd3_001169.jpg,1,aigc_modern_sd3,SD3
C:\Users\angus\Desktop\tiktoktechjam2026\data\aigc_ext\sd3\sd3_001170.jpg,1,aigc_modern_sd3,SD3
C:\Users\angus\Desktop\tiktoktechjam2026\data\aigc_ext\sd3\sd3_001171.jpg,1,aigc_modern_sd3,SD3
C:\Users\angus\Desktop\tiktoktechjam2026\data\aigc_ext\sd3\sd3_001172.jpg,1,aigc_modern_sd3,SD3
C:\Users\angus\Desktop\tiktoktechjam2026\data\aigc_ext\sd3\sd3_001173.jpg,1,aigc_modern_sd3,SD3
C:\Users\angus\Desktop\tiktoktechjam2026\data\aigc_ext\sd3\sd3_001174.jpg,1,aigc_modern_sd3,SD3
C:\Users\angus\Desktop\tiktoktechjam2026\data\aigc_ext\sd3\sd3_001175.jpg,1,aigc_modern_sd3,SD3
C:\Users\angus\Desktop\tiktoktechjam2026\data\aigc_ext\sd3\sd3_001176.jpg,1,aigc_modern_sd3,SD3
C:\Users\angus\Desktop\tiktoktechjam2026\data\aigc_ext\sd3\sd3_001177.jpg,1,aigc_modern_sd3,SD3
C:\Users\angus\Desktop\tiktoktechjam2026\data\aigc_ext\sd3\sd3_001178.jpg,1,aigc_modern_sd3,SD3
C:\Users\angus\Desktop\tiktoktechjam2026\data\aigc_ext\sd3\sd3_001179.jpg,1,aigc_modern_sd3,SD3
C:\Users\angus\Desktop\tiktoktechjam2026\data\aigc_ext\sd3\sd3_001180.jpg,1,aigc_modern_sd3,SD3
C:\Users\angus\Desktop\tiktoktechjam2026\data\aigc_ext\sd3\sd3_001181.jpg,1,aigc_modern_sd3,SD3
C:\Users\angus\Desktop\tiktoktechjam2026\data\aigc_ext\sd3\sd3_001182.jpg,1,aigc_modern_sd3,SD3
C:\Users\angus\Desktop\tiktoktechjam2026\data\aigc_ext\sd3\sd3_001183.jpg,1,aigc_modern_sd3,SD3
C:\Users\angus\Desktop\tiktoktechjam2026\data\aigc_ext\sd3\sd3_001184.jpg,1,aigc_modern_sd3,SD3
C:\Users\angus\Desktop\tiktoktechjam2026\data\aigc_ext\sd3\sd3_001185.jpg,1,aigc_modern_sd3,SD3
C:\Users\angus\Desktop\tiktoktechjam2026\data\aigc_ext\sd3\sd3_001186.jpg,1,aigc_modern_sd3,SD3
C:\Users\angus\Desktop\tiktoktechjam2026\data\aigc_ext\sd3\sd3_001187.jpg,1,aigc_modern_sd3,SD3
C:\Users\angus\Desktop\tiktoktechjam2026\data\aigc_ext\sd3\sd3_001188.jpg,1,aigc_modern_sd3,SD3
C:\Users\angus\Desktop\tiktoktechjam2026\data\aigc_ext\sd3\sd3_001189.jpg,1,aigc_modern_sd3,SD3
C:\Users\angus\Desktop\tiktoktechjam2026\data\aigc_ext\sd3\sd3_001190.jpg,1,aigc_modern_sd3,SD3
C:\Users\angus\Desktop\tiktoktechjam2026\data\aigc_ext\sd3\sd3_001191.jpg,1,aigc_modern_sd3,SD3
C:\Users\angus\Desktop\tiktoktechjam2026\data\aigc_ext\sd3\sd3_001192.jpg,1,aigc_modern_sd3,SD3
C:\Users\angus\Desktop\tiktoktechjam2026\data\aigc_ext\sd3\sd3_001193.jpg,1,aigc_modern_sd3,SD3
C:\Users\angus\Desktop\tiktoktechjam2026\data\aigc_ext\sd3\sd3_001194.jpg,1,aigc_modern_sd3,SD3
C:\Users\angus\Desktop\tiktoktechjam2026\data\aigc_ext\sd3\sd3_001195.jpg,1,aigc_modern_sd3,SD3
C:\Users\angus\Desktop\tiktoktechjam2026\data\aigc_ext\sd3\sd3_001196.jpg,1,aigc_modern_sd3,SD3
C:\Users\angus\Desktop\tiktoktechjam2026\data\aigc_ext\sd3\sd3_001197.jpg,1,aigc_modern_sd3,SD3
C:\Users\angus\Desktop\tiktoktechjam2026\data\aigc_ext\sd3\sd3_001198.jpg,1,aigc_modern_sd3,SD3
C:\Users\angus\Desktop\tiktoktechjam2026\data\aigc_ext\sd3\sd3_001199.jpg,1,aigc_modern_sd3,SD3
C:\Users\angus\Desktop\tiktoktechjam2026\data\aigc_ext\sd3\sd3_001200.jpg,1,aigc_modern_sd3,SD3
C:\Users\angus\Desktop\tiktoktechjam2026\data\aigc_ext\sd3\sd3_001201.jpg,1,aigc_modern_sd3,SD3
C:\Users\angus\Desktop\tiktoktechjam2026\data\aigc_ext\sd3\sd3_001202.jpg,1,aigc_modern_sd3,SD3
C:\Users\angus\Desktop\tiktoktechjam2026\data\aigc_ext\sd3\sd3_001203.jpg,1,aigc_modern_sd3,SD3
C:\Users\angus\Desktop\tiktoktechjam2026\data\aigc_ext\sd3\sd3_001204.jpg,1,aigc_modern_sd3,SD3
C:\Users\angus\Desktop\tiktoktechjam2026\data\aigc_ext\sd3\sd3_001205.jpg,1,aigc_modern_sd3,SD3
C:\Users\angus\Desktop\tiktoktechjam2026\data\aigc_ext\sd3\sd3_001206.jpg,1,aigc_modern_sd3,SD3
C:\Users\angus\Desktop\tiktoktechjam2026\data\aigc_ext\sd3\sd3_001207.jpg,1,aigc_modern_sd3,SD3
C:\Users\angus\Desktop\tiktoktechjam2026\data\aigc_ext\sd3\sd3_001208.jpg,1,aigc_modern_sd3,SD3
C:\Users\angus\Desktop\tiktoktechjam2026\data\aigc_ext\sd3\sd3_001209.jpg,1,aigc_modern_sd3,SD3
C:\Users\angus\Desktop\tiktoktechjam2026\data\aigc_ext\sd3\sd3_001210.jpg,1,aigc_modern_sd3,SD3
C:\Users\angus\Desktop\tiktoktechjam2026\data\aigc_ext\sd3\sd3_001211.jpg,1,aigc_modern_sd3,SD3
C:\Users\angus\Desktop\tiktoktechjam2026\data\aigc_ext\sd3\sd3_001212.jpg,1,aigc_modern_sd3,SD3
C:\Users\angus\Desktop\tiktoktechjam2026\data\aigc_ext\sd3\sd3_001213.jpg,1,aigc_modern_sd3,SD3
C:\Users\angus\Desktop\tiktoktechjam2026\data\aigc_ext\sd3\sd3_001214.jpg,1,aigc_modern_sd3,SD3
C:\Users\angus\Desktop\tiktoktechjam2026\data\aigc_ext\sd3\sd3_001215.jpg,1,aigc_modern_sd3,SD3
C:\Users\angus\Desktop\tiktoktechjam2026\data\aigc_ext\sd3\sd3_001216.jpg,1,aigc_modern_sd3,SD3
C:\Users\angus\Desktop\tiktoktechjam2026\data\aigc_ext\sd3\sd3_001217.jpg,1,aigc_modern_sd3,SD3
C:\Users\angus\Desktop\tiktoktechjam2026\data\aigc_ext\sd3\sd3_001218.jpg,1,aigc_modern_sd3,SD3
C:\Users\angus\Desktop\tiktoktechjam2026\data\aigc_ext\sd3\sd3_001219.jpg,1,aigc_modern_sd3,SD3
C:\Users\angus\Desktop\tiktoktechjam2026\data\aigc_ext\sd3\sd3_001220.jpg,1,aigc_modern_sd3,SD3
C:\Users\angus\Desktop\tiktoktechjam2026\data\aigc_ext\sd3\sd3_001221.jpg,1,aigc_modern_sd3,SD3
C:\Users\angus\Desktop\tiktoktechjam2026\data\aigc_ext\sd3\sd3_001222.jpg,1,aigc_modern_sd3,SD3
C:\Users\angus\Desktop\tiktoktechjam2026\data\aigc_ext\sd3\sd3_001223.jpg,1,aigc_modern_sd3,SD3
C:\Users\angus\Desktop\tiktoktechjam2026\data\aigc_ext\sd3\sd3_001224.jpg,1,aigc_modern_sd3,SD3
C:\Users\angus\Desktop\tiktoktechjam2026\data\aigc_ext\sd3\sd3_001225.jpg,1,aigc_modern_sd3,SD3
C:\Users\angus\Desktop\tiktoktechjam2026\data\aigc_ext\sd3\sd3_001226.jpg,1,aigc_modern_sd3,SD3
C:\Users\angus\Desktop\tiktoktechjam2026\data\aigc_ext\sd3\sd3_001227.jpg,1,aigc_modern_sd3,SD3
C:\Users\angus\Desktop\tiktoktechjam2026\data\aigc_ext\sd3\sd3_001228.jpg,1,aigc_modern_sd3,SD3
C:\Users\angus\Desktop\tiktoktechjam2026\data\aigc_ext\sd3\sd3_001229.jpg,1,aigc_modern_sd3,SD3
C:\Users\angus\Desktop\tiktoktechjam2026\data\aigc_ext\sd3\sd3_001230.jpg,1,aigc_modern_sd3,SD3
C:\Users\angus\Desktop\tiktoktechjam2026\data\aigc_ext\sd3\sd3_001231.jpg,1,aigc_modern_sd3,SD3
C:\Users\angus\Desktop\tiktoktechjam2026\data\aigc_ext\sd3\sd3_001232.jpg,1,aigc_modern_sd3,SD3
C:\Users\angus\Desktop\tiktoktechjam2026\data\aigc_ext\sd3\sd3_001233.jpg,1,aigc_modern_sd3,SD3
C:\Users\angus\Desktop\tiktoktechjam2026\data\aigc_ext\sd3\sd3_001234.jpg,1,aigc_modern_sd3,SD3
C:\Users\angus\Desktop\tiktoktechjam2026\data\aigc_ext\sd3\sd3_001235.jpg,1,aigc_modern_sd3,SD3
C:\Users\angus\Desktop\tiktoktechjam2026\data\aigc_ext\sd3\sd3_001236.jpg,1,aigc_modern_sd3,SD3
C:\Users\angus\Desktop\tiktoktechjam2026\data\aigc_ext\sd3\sd3_001237.jpg,1,aigc_modern_sd3,SD3
C:\Users\angus\Desktop\tiktoktechjam2026\data\aigc_ext\sd3\sd3_001238.jpg,1,aigc_modern_sd3,SD3
C:\Users\angus\Desktop\tiktoktechjam2026\data\aigc_ext\sd3\sd3_001239.jpg,1,aigc_modern_sd3,SD3
C:\Users\angus\Desktop\tiktoktechjam2026\data\aigc_ext\sd3\sd3_001240.jpg,1,aigc_modern_sd3,SD3
C:\Users\angus\Desktop\tiktoktechjam2026\data\aigc_ext\sd3\sd3_001241.jpg,1,aigc_modern_sd3,SD3
C:\Users\angus\Desktop\tiktoktechjam2026\data\aigc_ext\sd3\sd3_001242.jpg,1,aigc_modern_sd3,SD3
C:\Users\angus\Desktop\tiktoktechjam2026\data\aigc_ext\sd3\sd3_001243.jpg,1,aigc_modern_sd3,SD3
C:\Users\angus\Desktop\tiktoktechjam2026\data\aigc_ext\sd3\sd3_001244.jpg,1,aigc_modern_sd3,SD3
C:\Users\angus\Desktop\tiktoktechjam2026\data\aigc_ext\sd3\sd3_001245.jpg,1,aigc_modern_sd3,SD3
C:\Users\angus\Desktop\tiktoktechjam2026\data\aigc_ext\sd3\sd3_001246.jpg,1,aigc_modern_sd3,SD3
C:\Users\angus\Desktop\tiktoktechjam2026\data\aigc_ext\sd3\sd3_001247.jpg,1,aigc_modern_sd3,SD3
C:\Users\angus\Desktop\tiktoktechjam2026\data\aigc_ext\sd3\sd3_001248.jpg,1,aigc_modern_sd3,SD3
C:\Users\angus\Desktop\tiktoktechjam2026\data\aigc_ext\sd3\sd3_001249.jpg,1,aigc_modern_sd3,SD3
C:\Users\angus\Desktop\tiktoktechjam2026\data\aigc_ext\sd3\sd3_001250.jpg,1,aigc_modern_sd3,SD3
C:\Users\angus\Desktop\tiktoktechjam2026\data\aigc_ext\sd3\sd3_001251.jpg,1,aigc_modern_sd3,SD3
C:\Users\angus\Desktop\tiktoktechjam2026\data\aigc_ext\sd3\sd3_001252.jpg,1,aigc_modern_sd3,SD3
C:\Users\angus\Desktop\tiktoktechjam2026\data\aigc_ext\sd3\sd3_001253.jpg,1,aigc_modern_sd3,SD3
C:\Users\angus\Desktop\tiktoktechjam2026\data\aigc_ext\sd3\sd3_001254.jpg,1,aigc_modern_sd3,SD3
C:\Users\angus\Desktop\tiktoktechjam2026\data\aigc_ext\sd3\sd3_001255.jpg,1,aigc_modern_sd3,SD3
C:\Users\angus\Desktop\tiktoktechjam2026\data\aigc_ext\sd3\sd3_001256.jpg,1,aigc_modern_sd3,SD3
C:\Users\angus\Desktop\tiktoktechjam2026\data\aigc_ext\sd3\sd3_001257.jpg,1,aigc_modern_sd3,SD3
C:\Users\angus\Desktop\tiktoktechjam2026\data\aigc_ext\sd3\sd3_001258.jpg,1,aigc_modern_sd3,SD3
C:\Users\angus\Desktop\tiktoktechjam2026\data\aigc_ext\sd3\sd3_001259.jpg,1,aigc_modern_sd3,SD3
C:\Users\angus\Desktop\tiktoktechjam2026\data\aigc_ext\sd3\sd3_001260.jpg,1,aigc_modern_sd3,SD3
C:\Users\angus\Desktop\tiktoktechjam2026\data\aigc_ext\sd3\sd3_001261.jpg,1,aigc_modern_sd3,SD3
C:\Users\angus\Desktop\tiktoktechjam2026\data\aigc_ext\sd3\sd3_001262.jpg,1,aigc_modern_sd3,SD3
C:\Users\angus\Desktop\tiktoktechjam2026\data\aigc_ext\sd3\sd3_001263.jpg,1,aigc_modern_sd3,SD3
C:\Users\angus\Desktop\tiktoktechjam2026\data\aigc_ext\sd3\sd3_001264.jpg,1,aigc_modern_sd3,SD3
C:\Users\angus\Desktop\tiktoktechjam2026\data\aigc_ext\sd3\sd3_001265.jpg,1,aigc_modern_sd3,SD3
C:\Users\angus\Desktop\tiktoktechjam2026\data\aigc_ext\sd3\sd3_001266.jpg,1,aigc_modern_sd3,SD3
C:\Users\angus\Desktop\tiktoktechjam2026\data\aigc_ext\sd3\sd3_001267.jpg,1,aigc_modern_sd3,SD3
C:\Users\angus\Desktop\tiktoktechjam2026\data\aigc_ext\sd3\sd3_001268.jpg,1,aigc_modern_sd3,SD3
C:\Users\angus\Desktop\tiktoktechjam2026\data\aigc_ext\sd3\sd3_001269.jpg,1,aigc_modern_sd3,SD3
C:\Users\angus\Desktop\tiktoktechjam2026\data\aigc_ext\sd3\sd3_001270.jpg,1,aigc_modern_sd3,SD3
C:\Users\angus\Desktop\tiktoktechjam2026\data\aigc_ext\sd3\sd3_001271.jpg,1,aigc_modern_sd3,SD3
C:\Users\angus\Desktop\tiktoktechjam2026\data\aigc_ext\sd3\sd3_001272.jpg,1,aigc_modern_sd3,SD3
C:\Users\angus\Desktop\tiktoktechjam2026\data\aigc_ext\sd3\sd3_001273.jpg,1,aigc_modern_sd3,SD3
C:\Users\angus\Desktop\tiktoktechjam2026\data\aigc_ext\sd3\sd3_001274.jpg,1,aigc_modern_sd3,SD3
C:\Users\angus\Desktop\tiktoktechjam2026\data\aigc_ext\sd3\sd3_001275.jpg,1,aigc_modern_sd3,SD3
C:\Users\angus\Desktop\tiktoktechjam2026\data\aigc_ext\sd3\sd3_001276.jpg,1,aigc_modern_sd3,SD3
C:\Users\angus\Desktop\tiktoktechjam2026\data\aigc_ext\sd3\sd3_001277.jpg,1,aigc_modern_sd3,SD3
C:\Users\angus\Desktop\tiktoktechjam2026\data\aigc_ext\sd3\sd3_001278.jpg,1,aigc_modern_sd3,SD3
C:\Users\angus\Desktop\tiktoktechjam2026\data\aigc_ext\sd3\sd3_001279.jpg,1,aigc_modern_sd3,SD3
C:\Users\angus\Desktop\tiktoktechjam2026\data\aigc_ext\sd3\sd3_001280.jpg,1,aigc_modern_sd3,SD3
C:\Users\angus\Desktop\tiktoktechjam2026\data\aigc_ext\sd3\sd3_001281.jpg,1,aigc_modern_sd3,SD3
C:\Users\angus\Desktop\tiktoktechjam2026\data\aigc_ext\sd3\sd3_001282.jpg,1,aigc_modern_sd3,SD3
C:\Users\angus\Desktop\tiktoktechjam2026\data\aigc_ext\sd3\sd3_001283.jpg,1,aigc_modern_sd3,SD3
C:\Users\angus\Desktop\tiktoktechjam2026\data\aigc_ext\sd3\sd3_001284.jpg,1,aigc_modern_sd3,SD3
C:\Users\angus\Desktop\tiktoktechjam2026\data\aigc_ext\sd3\sd3_001285.jpg,1,aigc_modern_sd3,SD3
C:\Users\angus\Desktop\tiktoktechjam2026\data\aigc_ext\sd3\sd3_001286.jpg,1,aigc_modern_sd3,SD3
C:\Users\angus\Desktop\tiktoktechjam2026\data\aigc_ext\sd3\sd3_001287.jpg,1,aigc_modern_sd3,SD3
C:\Users\angus\Desktop\tiktoktechjam2026\data\aigc_ext\sd3\sd3_001288.jpg,1,aigc_modern_sd3,SD3
C:\Users\angus\Desktop\tiktoktechjam2026\data\aigc_ext\sd3\sd3_001289.jpg,1,aigc_modern_sd3,SD3
C:\Users\angus\Desktop\tiktoktechjam2026\data\aigc_ext\sd3\sd3_001290.jpg,1,aigc_modern_sd3,SD3
C:\Users\angus\Desktop\tiktoktechjam2026\data\aigc_ext\sd3\sd3_001291.jpg,1,aigc_modern_sd3,SD3
C:\Users\angus\Desktop\tiktoktechjam2026\data\aigc_ext\sd3\sd3_001292.jpg,1,aigc_modern_sd3,SD3
C:\Users\angus\Desktop\tiktoktechjam2026\data\aigc_ext\sd3\sd3_001293.jpg,1,aigc_modern_sd3,SD3
C:\Users\angus\Desktop\tiktoktechjam2026\data\aigc_ext\sd3\sd3_001294.jpg,1,aigc_modern_sd3,SD3
C:\Users\angus\Desktop\tiktoktechjam2026\data\aigc_ext\sd3\sd3_001295.jpg,1,aigc_modern_sd3,SD3
C:\Users\angus\Desktop\tiktoktechjam2026\data\aigc_ext\sd3\sd3_001296.jpg,1,aigc_modern_sd3,SD3
C:\Users\angus\Desktop\tiktoktechjam2026\data\aigc_ext\sd3\sd3_001297.jpg,1,aigc_modern_sd3,SD3
C:\Users\angus\Desktop\tiktoktechjam2026\data\aigc_ext\sd3\sd3_001298.jpg,1,aigc_modern_sd3,SD3
C:\Users\angus\Desktop\tiktoktechjam2026\data\aigc_ext\sd3\sd3_001299.jpg,1,aigc_modern_sd3,SD3
C:\Users\angus\Desktop\tiktoktechjam2026\data\aigc_ext\sd3\sd3_001300.jpg,1,aigc_modern_sd3,SD3
C:\Users\angus\Desktop\tiktoktechjam2026\data\aigc_ext\sd3\sd3_001301.jpg,1,aigc_modern_sd3,SD3
C:\Users\angus\Desktop\tiktoktechjam2026\data\aigc_ext\sd3\sd3_001302.jpg,1,aigc_modern_sd3,SD3
C:\Users\angus\Desktop\tiktoktechjam2026\data\aigc_ext\sd3\sd3_001303.jpg,1,aigc_modern_sd3,SD3
C:\Users\angus\Desktop\tiktoktechjam2026\data\aigc_ext\sd3\sd3_001304.jpg,1,aigc_modern_sd3,SD3
C:\Users\angus\Desktop\tiktoktechjam2026\data\aigc_ext\sd3\sd3_001305.jpg,1,aigc_modern_sd3,SD3
C:\Users\angus\Desktop\tiktoktechjam2026\data\aigc_ext\sd3\sd3_001306.jpg,1,aigc_modern_sd3,SD3
C:\Users\angus\Desktop\tiktoktechjam2026\data\aigc_ext\sd3\sd3_001307.jpg,1,aigc_modern_sd3,SD3
C:\Users\angus\Desktop\tiktoktechjam2026\data\aigc_ext\sd3\sd3_001308.jpg,1,aigc_modern_sd3,SD3
C:\Users\angus\Desktop\tiktoktechjam2026\data\aigc_ext\sd3\sd3_001309.jpg,1,aigc_modern_sd3,SD3
C:\Users\angus\Desktop\tiktoktechjam2026\data\aigc_ext\sd3\sd3_001310.jpg,1,aigc_modern_sd3,SD3
C:\Users\angus\Desktop\tiktoktechjam2026\data\aigc_ext\sd3\sd3_001311.jpg,1,aigc_modern_sd3,SD3
C:\Users\angus\Desktop\tiktoktechjam2026\data\aigc_ext\sd3\sd3_001312.jpg,1,aigc_modern_sd3,SD3
C:\Users\angus\Desktop\tiktoktechjam2026\data\aigc_ext\sd3\sd3_001313.jpg,1,aigc_modern_sd3,SD3
C:\Users\angus\Desktop\tiktoktechjam2026\data\aigc_ext\sd3\sd3_001314.jpg,1,aigc_modern_sd3,SD3
C:\Users\angus\Desktop\tiktoktechjam2026\data\aigc_ext\sd3\sd3_001315.jpg,1,aigc_modern_sd3,SD3
C:\Users\angus\Desktop\tiktoktechjam2026\data\aigc_ext\sd3\sd3_001316.jpg,1,aigc_modern_sd3,SD3
C:\Users\angus\Desktop\tiktoktechjam2026\data\aigc_ext\sd3\sd3_001317.jpg,1,aigc_modern_sd3,SD3
C:\Users\angus\Desktop\tiktoktechjam2026\data\aigc_ext\sd3\sd3_001318.jpg,1,aigc_modern_sd3,SD3
C:\Users\angus\Desktop\tiktoktechjam2026\data\aigc_ext\sd3\sd3_001319.jpg,1,aigc_modern_sd3,SD3
C:\Users\angus\Desktop\tiktoktechjam2026\data\aigc_ext\sd3\sd3_001320.jpg,1,aigc_modern_sd3,SD3
C:\Users\angus\Desktop\tiktoktechjam2026\data\aigc_ext\sd3\sd3_001321.jpg,1,aigc_modern_sd3,SD3
C:\Users\angus\Desktop\tiktoktechjam2026\data\aigc_ext\sd3\sd3_001322.jpg,1,aigc_modern_sd3,SD3
C:\Users\angus\Desktop\tiktoktechjam2026\data\aigc_ext\sd3\sd3_001323.jpg,1,aigc_modern_sd3,SD3
C:\Users\angus\Desktop\tiktoktechjam2026\data\aigc_ext\sd3\sd3_001324.jpg,1,aigc_modern_sd3,SD3
C:\Users\angus\Desktop\tiktoktechjam2026\data\aigc_ext\sd3\sd3_001325.jpg,1,aigc_modern_sd3,SD3
C:\Users\angus\Desktop\tiktoktechjam2026\data\aigc_ext\sd3\sd3_001326.jpg,1,aigc_modern_sd3,SD3
C:\Users\angus\Desktop\tiktoktechjam2026\data\aigc_ext\sd3\sd3_001327.jpg,1,aigc_modern_sd3,SD3
C:\Users\angus\Desktop\tiktoktechjam2026\data\aigc_ext\sd3\sd3_001328.jpg,1,aigc_modern_sd3,SD3
C:\Users\angus\Desktop\tiktoktechjam2026\data\aigc_ext\sd3\sd3_001329.jpg,1,aigc_modern_sd3,SD3
C:\Users\angus\Desktop\tiktoktechjam2026\data\aigc_ext\sd3\sd3_001330.jpg,1,aigc_modern_sd3,SD3
C:\Users\angus\Desktop\tiktoktechjam2026\data\aigc_ext\sd3\sd3_001331.jpg,1,aigc_modern_sd3,SD3
C:\Users\angus\Desktop\tiktoktechjam2026\data\aigc_ext\sd3\sd3_001332.jpg,1,aigc_modern_sd3,SD3
C:\Users\angus\Desktop\tiktoktechjam2026\data\aigc_ext\sd3\sd3_001333.jpg,1,aigc_modern_sd3,SD3
C:\Users\angus\Desktop\tiktoktechjam2026\data\aigc_ext\sd3\sd3_001334.jpg,1,aigc_modern_sd3,SD3
C:\Users\angus\Desktop\tiktoktechjam2026\data\aigc_ext\sd3\sd3_001335.jpg,1,aigc_modern_sd3,SD3
C:\Users\angus\Desktop\tiktoktechjam2026\data\aigc_ext\sd3\sd3_001336.jpg,1,aigc_modern_sd3,SD3
C:\Users\angus\Desktop\tiktoktechjam2026\data\aigc_ext\sd3\sd3_001337.jpg,1,aigc_modern_sd3,SD3
C:\Users\angus\Desktop\tiktoktechjam2026\data\aigc_ext\sd3\sd3_001338.jpg,1,aigc_modern_sd3,SD3
C:\Users\angus\Desktop\tiktoktechjam2026\data\aigc_ext\sd3\sd3_001339.jpg,1,aigc_modern_sd3,SD3
C:\Users\angus\Desktop\tiktoktechjam2026\data\aigc_ext\sd3\sd3_001340.jpg,1,aigc_modern_sd3,SD3
C:\Users\angus\Desktop\tiktoktechjam2026\data\aigc_ext\sd3\sd3_001341.jpg,1,aigc_modern_sd3,SD3
C:\Users\angus\Desktop\tiktoktechjam2026\data\aigc_ext\sd3\sd3_001342.jpg,1,aigc_modern_sd3,SD3
C:\Users\angus\Desktop\tiktoktechjam2026\data\aigc_ext\sd3\sd3_001343.jpg,1,aigc_modern_sd3,SD3
C:\Users\angus\Desktop\tiktoktechjam2026\data\aigc_ext\sd3\sd3_001344.jpg,1,aigc_modern_sd3,SD3
C:\Users\angus\Desktop\tiktoktechjam2026\data\aigc_ext\sd3\sd3_001345.jpg,1,aigc_modern_sd3,SD3
C:\Users\angus\Desktop\tiktoktechjam2026\data\aigc_ext\sd3\sd3_001346.jpg,1,aigc_modern_sd3,SD3
C:\Users\angus\Desktop\tiktoktechjam2026\data\aigc_ext\sd3\sd3_001347.jpg,1,aigc_modern_sd3,SD3
C:\Users\angus\Desktop\tiktoktechjam2026\data\aigc_ext\sd3\sd3_001348.jpg,1,aigc_modern_sd3,SD3
C:\Users\angus\Desktop\tiktoktechjam2026\data\aigc_ext\sd3\sd3_001349.jpg,1,aigc_modern_sd3,SD3
C:\Users\angus\Desktop\tiktoktechjam2026\data\aigc_ext\sd3\sd3_001350.jpg,1,aigc_modern_sd3,SD3
C:\Users\angus\Desktop\tiktoktechjam2026\data\aigc_ext\sd3\sd3_001351.jpg,1,aigc_modern_sd3,SD3
C:\Users\angus\Desktop\tiktoktechjam2026\data\aigc_ext\sd3\sd3_001352.jpg,1,aigc_modern_sd3,SD3
C:\Users\angus\Desktop\tiktoktechjam2026\data\aigc_ext\sd3\sd3_001353.jpg,1,aigc_modern_sd3,SD3
C:\Users\angus\Desktop\tiktoktechjam2026\data\aigc_ext\sd3\sd3_001354.jpg,1,aigc_modern_sd3,SD3
C:\Users\angus\Desktop\tiktoktechjam2026\data\aigc_ext\sd3\sd3_001355.jpg,1,aigc_modern_sd3,SD3
C:\Users\angus\Desktop\tiktoktechjam2026\data\aigc_ext\sd3\sd3_001356.jpg,1,aigc_modern_sd3,SD3
C:\Users\angus\Desktop\tiktoktechjam2026\data\aigc_ext\sd3\sd3_001357.jpg,1,aigc_modern_sd3,SD3
C:\Users\angus\Desktop\tiktoktechjam2026\data\aigc_ext\sd3\sd3_001358.jpg,1,aigc_modern_sd3,SD3
C:\Users\angus\Desktop\tiktoktechjam2026\data\aigc_ext\sd3\sd3_001359.jpg,1,aigc_modern_sd3,SD3
C:\Users\angus\Desktop\tiktoktechjam2026\data\aigc_ext\sd3\sd3_001360.jpg,1,aigc_modern_sd3,SD3
C:\Users\angus\Desktop\tiktoktechjam2026\data\aigc_ext\sd3\sd3_001361.jpg,1,aigc_modern_sd3,SD3
C:\Users\angus\Desktop\tiktoktechjam2026\data\aigc_ext\sd3\sd3_001362.jpg,1,aigc_modern_sd3,SD3
C:\Users\angus\Desktop\tiktoktechjam2026\data\aigc_ext\sd3\sd3_001363.jpg,1,aigc_modern_sd3,SD3
C:\Users\angus\Desktop\tiktoktechjam2026\data\aigc_ext\sd3\sd3_001364.jpg,1,aigc_modern_sd3,SD3
C:\Users\angus\Desktop\tiktoktechjam2026\data\aigc_ext\sd3\sd3_001365.jpg,1,aigc_modern_sd3,SD3
C:\Users\angus\Desktop\tiktoktechjam2026\data\aigc_ext\sd3\sd3_001366.jpg,1,aigc_modern_sd3,SD3
C:\Users\angus\Desktop\tiktoktechjam2026\data\aigc_ext\sd3\sd3_001367.jpg,1,aigc_modern_sd3,SD3
C:\Users\angus\Desktop\tiktoktechjam2026\data\aigc_ext\sd3\sd3_001368.jpg,1,aigc_modern_sd3,SD3
C:\Users\angus\Desktop\tiktoktechjam2026\data\aigc_ext\sd3\sd3_001369.jpg,1,aigc_modern_sd3,SD3
C:\Users\angus\Desktop\tiktoktechjam2026\data\aigc_ext\sd3\sd3_001370.jpg,1,aigc_modern_sd3,SD3
C:\Users\angus\Desktop\tiktoktechjam2026\data\aigc_ext\sd3\sd3_001371.jpg,1,aigc_modern_sd3,SD3
C:\Users\angus\Desktop\tiktoktechjam2026\data\aigc_ext\sd3\sd3_001372.jpg,1,aigc_modern_sd3,SD3
C:\Users\angus\Desktop\tiktoktechjam2026\data\aigc_ext\sd3\sd3_001373.jpg,1,aigc_modern_sd3,SD3
C:\Users\angus\Desktop\tiktoktechjam2026\data\aigc_ext\sd3\sd3_001374.jpg,1,aigc_modern_sd3,SD3
C:\Users\angus\Desktop\tiktoktechjam2026\data\aigc_ext\sd3\sd3_001375.jpg,1,aigc_modern_sd3,SD3
C:\Users\angus\Desktop\tiktoktechjam2026\data\aigc_ext\sd3\sd3_001376.jpg,1,aigc_modern_sd3,SD3
C:\Users\angus\Desktop\tiktoktechjam2026\data\aigc_ext\sd3\sd3_001377.jpg,1,aigc_modern_sd3,SD3
C:\Users\angus\Desktop\tiktoktechjam2026\data\aigc_ext\sd3\sd3_001378.jpg,1,aigc_modern_sd3,SD3
C:\Users\angus\Desktop\tiktoktechjam2026\data\aigc_ext\sd3\sd3_001379.jpg,1,aigc_modern_sd3,SD3
C:\Users\angus\Desktop\tiktoktechjam2026\data\aigc_ext\sd3\sd3_001380.jpg,1,aigc_modern_sd3,SD3
C:\Users\angus\Desktop\tiktoktechjam2026\data\aigc_ext\sd3\sd3_001381.jpg,1,aigc_modern_sd3,SD3
C:\Users\angus\Desktop\tiktoktechjam2026\data\aigc_ext\sd3\sd3_001382.jpg,1,aigc_modern_sd3,SD3
C:\Users\angus\Desktop\tiktoktechjam2026\data\aigc_ext\sd3\sd3_001383.jpg,1,aigc_modern_sd3,SD3
C:\Users\angus\Desktop\tiktoktechjam2026\data\aigc_ext\sd3\sd3_001384.jpg,1,aigc_modern_sd3,SD3
C:\Users\angus\Desktop\tiktoktechjam2026\data\aigc_ext\sd3\sd3_001385.jpg,1,aigc_modern_sd3,SD3
C:\Users\angus\Desktop\tiktoktechjam2026\data\aigc_ext\sd3\sd3_001386.jpg,1,aigc_modern_sd3,SD3
C:\Users\angus\Desktop\tiktoktechjam2026\data\aigc_ext\sd3\sd3_001387.jpg,1,aigc_modern_sd3,SD3
C:\Users\angus\Desktop\tiktoktechjam2026\data\aigc_ext\sd3\sd3_001388.jpg,1,aigc_modern_sd3,SD3
C:\Users\angus\Desktop\tiktoktechjam2026\data\aigc_ext\sd3\sd3_001389.jpg,1,aigc_modern_sd3,SD3
C:\Users\angus\Desktop\tiktoktechjam2026\data\aigc_ext\sd3\sd3_001390.jpg,1,aigc_modern_sd3,SD3
C:\Users\angus\Desktop\tiktoktechjam2026\data\aigc_ext\sd3\sd3_001391.jpg,1,aigc_modern_sd3,SD3
C:\Users\angus\Desktop\tiktoktechjam2026\data\aigc_ext\sd3\sd3_001392.jpg,1,aigc_modern_sd3,SD3
C:\Users\angus\Desktop\tiktoktechjam2026\data\aigc_ext\sd3\sd3_001393.jpg,1,aigc_modern_sd3,SD3
C:\Users\angus\Desktop\tiktoktechjam2026\data\aigc_ext\sd3\sd3_001394.jpg,1,aigc_modern_sd3,SD3
C:\Users\angus\Desktop\tiktoktechjam2026\data\aigc_ext\sd3\sd3_001395.jpg,1,aigc_modern_sd3,SD3
C:\Users\angus\Desktop\tiktoktechjam2026\data\aigc_ext\sd3\sd3_001396.jpg,1,aigc_modern_sd3,SD3
C:\Users\angus\Desktop\tiktoktechjam2026\data\aigc_ext\sd3\sd3_001397.jpg,1,aigc_modern_sd3,SD3
C:\Users\angus\Desktop\tiktoktechjam2026\data\aigc_ext\sd3\sd3_001398.jpg,1,aigc_modern_sd3,SD3
C:\Users\angus\Desktop\tiktoktechjam2026\data\aigc_ext\sd3\sd3_001399.jpg,1,aigc_modern_sd3,SD3
C:\Users\angus\Desktop\tiktoktechjam2026\data\aigc_ext\sd3\sd3_001400.jpg,1,aigc_modern_sd3,SD3
C:\Users\angus\Desktop\tiktoktechjam2026\data\aigc_ext\sd3\sd3_001401.jpg,1,aigc_modern_sd3,SD3
C:\Users\angus\Desktop\tiktoktechjam2026\data\aigc_ext\sd3\sd3_001402.jpg,1,aigc_modern_sd3,SD3
C:\Users\angus\Desktop\tiktoktechjam2026\data\aigc_ext\sd3\sd3_001403.jpg,1,aigc_modern_sd3,SD3
C:\Users\angus\Desktop\tiktoktechjam2026\data\aigc_ext\sd3\sd3_001404.jpg,1,aigc_modern_sd3,SD3
C:\Users\angus\Desktop\tiktoktechjam2026\data\aigc_ext\sd3\sd3_001405.jpg,1,aigc_modern_sd3,SD3
C:\Users\angus\Desktop\tiktoktechjam2026\data\aigc_ext\sd3\sd3_001406.jpg,1,aigc_modern_sd3,SD3
C:\Users\angus\Desktop\tiktoktechjam2026\data\aigc_ext\sd3\sd3_001407.jpg,1,aigc_modern_sd3,SD3
C:\Users\angus\Desktop\tiktoktechjam2026\data\aigc_ext\sd3\sd3_001408.jpg,1,aigc_modern_sd3,SD3
C:\Users\angus\Desktop\tiktoktechjam2026\data\aigc_ext\sd3\sd3_001409.jpg,1,aigc_modern_sd3,SD3
C:\Users\angus\Desktop\tiktoktechjam2026\data\aigc_ext\sd3\sd3_001410.jpg,1,aigc_modern_sd3,SD3
C:\Users\angus\Desktop\tiktoktechjam2026\data\aigc_ext\sd3\sd3_001411.jpg,1,aigc_modern_sd3,SD3
C:\Users\angus\Desktop\tiktoktechjam2026\data\aigc_ext\sd3\sd3_001412.jpg,1,aigc_modern_sd3,SD3
C:\Users\angus\Desktop\tiktoktechjam2026\data\aigc_ext\sd3\sd3_001413.jpg,1,aigc_modern_sd3,SD3
C:\Users\angus\Desktop\tiktoktechjam2026\data\aigc_ext\sd3\sd3_001414.jpg,1,aigc_modern_sd3,SD3
C:\Users\angus\Desktop\tiktoktechjam2026\data\aigc_ext\sd3\sd3_001415.jpg,1,aigc_modern_sd3,SD3
C:\Users\angus\Desktop\tiktoktechjam2026\data\aigc_ext\sd3\sd3_001416.jpg,1,aigc_modern_sd3,SD3
C:\Users\angus\Desktop\tiktoktechjam2026\data\aigc_ext\sd3\sd3_001417.jpg,1,aigc_modern_sd3,SD3
C:\Users\angus\Desktop\tiktoktechjam2026\data\aigc_ext\sd3\sd3_001418.jpg,1,aigc_modern_sd3,SD3
C:\Users\angus\Desktop\tiktoktechjam2026\data\aigc_ext\sd3\sd3_001419.jpg,1,aigc_modern_sd3,SD3
C:\Users\angus\Desktop\tiktoktechjam2026\data\aigc_ext\sd3\sd3_001420.jpg,1,aigc_modern_sd3,SD3
C:\Users\angus\Desktop\tiktoktechjam2026\data\aigc_ext\sd3\sd3_001421.jpg,1,aigc_modern_sd3,SD3
C:\Users\angus\Desktop\tiktoktechjam2026\data\aigc_ext\sd3\sd3_001422.jpg,1,aigc_modern_sd3,SD3
C:\Users\angus\Desktop\tiktoktechjam2026\data\aigc_ext\sd3\sd3_001423.jpg,1,aigc_modern_sd3,SD3
C:\Users\angus\Desktop\tiktoktechjam2026\data\aigc_ext\sd3\sd3_001424.jpg,1,aigc_modern_sd3,SD3
C:\Users\angus\Desktop\tiktoktechjam2026\data\aigc_ext\sd3\sd3_001425.jpg,1,aigc_modern_sd3,SD3
C:\Users\angus\Desktop\tiktoktechjam2026\data\aigc_ext\sd3\sd3_001426.jpg,1,aigc_modern_sd3,SD3
C:\Users\angus\Desktop\tiktoktechjam2026\data\aigc_ext\sd3\sd3_001427.jpg,1,aigc_modern_sd3,SD3
C:\Users\angus\Desktop\tiktoktechjam2026\data\aigc_ext\sd3\sd3_001428.jpg,1,aigc_modern_sd3,SD3
C:\Users\angus\Desktop\tiktoktechjam2026\data\aigc_ext\sd3\sd3_001429.jpg,1,aigc_modern_sd3,SD3
C:\Users\angus\Desktop\tiktoktechjam2026\data\aigc_ext\sd3\sd3_001430.jpg,1,aigc_modern_sd3,SD3
C:\Users\angus\Desktop\tiktoktechjam2026\data\aigc_ext\sd3\sd3_001431.jpg,1,aigc_modern_sd3,SD3
C:\Users\angus\Desktop\tiktoktechjam2026\data\aigc_ext\sd3\sd3_001432.jpg,1,aigc_modern_sd3,SD3
C:\Users\angus\Desktop\tiktoktechjam2026\data\aigc_ext\sd3\sd3_001433.jpg,1,aigc_modern_sd3,SD3
C:\Users\angus\Desktop\tiktoktechjam2026\data\aigc_ext\sd3\sd3_001434.jpg,1,aigc_modern_sd3,SD3
C:\Users\angus\Desktop\tiktoktechjam2026\data\aigc_ext\sd3\sd3_001435.jpg,1,aigc_modern_sd3,SD3
C:\Users\angus\Desktop\tiktoktechjam2026\data\aigc_ext\sd3\sd3_001436.jpg,1,aigc_modern_sd3,SD3
C:\Users\angus\Desktop\tiktoktechjam2026\data\aigc_ext\sd3\sd3_001437.jpg,1,aigc_modern_sd3,SD3
C:\Users\angus\Desktop\tiktoktechjam2026\data\aigc_ext\sd3\sd3_001438.jpg,1,aigc_modern_sd3,SD3
C:\Users\angus\Desktop\tiktoktechjam2026\data\aigc_ext\sd3\sd3_001439.jpg,1,aigc_modern_sd3,SD3
C:\Users\angus\Desktop\tiktoktechjam2026\data\aigc_ext\sd3\sd3_001440.jpg,1,aigc_modern_sd3,SD3
C:\Users\angus\Desktop\tiktoktechjam2026\data\aigc_ext\sd3\sd3_001441.jpg,1,aigc_modern_sd3,SD3
C:\Users\angus\Desktop\tiktoktechjam2026\data\aigc_ext\sd3\sd3_001442.jpg,1,aigc_modern_sd3,SD3
C:\Users\angus\Desktop\tiktoktechjam2026\data\aigc_ext\sd3\sd3_001443.jpg,1,aigc_modern_sd3,SD3
C:\Users\angus\Desktop\tiktoktechjam2026\data\aigc_ext\sd3\sd3_001444.jpg,1,aigc_modern_sd3,SD3
C:\Users\angus\Desktop\tiktoktechjam2026\data\aigc_ext\sd3\sd3_001445.jpg,1,aigc_modern_sd3,SD3
C:\Users\angus\Desktop\tiktoktechjam2026\data\aigc_ext\sd3\sd3_001446.jpg,1,aigc_modern_sd3,SD3
C:\Users\angus\Desktop\tiktoktechjam2026\data\aigc_ext\sd3\sd3_001447.jpg,1,aigc_modern_sd3,SD3
C:\Users\angus\Desktop\tiktoktechjam2026\data\aigc_ext\sd3\sd3_001448.jpg,1,aigc_modern_sd3,SD3
C:\Users\angus\Desktop\tiktoktechjam2026\data\aigc_ext\sd3\sd3_001449.jpg,1,aigc_modern_sd3,SD3
C:\Users\angus\Desktop\tiktoktechjam2026\data\aigc_ext\sd3\sd3_001450.jpg,1,aigc_modern_sd3,SD3
C:\Users\angus\Desktop\tiktoktechjam2026\data\aigc_ext\sd3\sd3_001451.jpg,1,aigc_modern_sd3,SD3
C:\Users\angus\Desktop\tiktoktechjam2026\data\aigc_ext\sd3\sd3_001452.jpg,1,aigc_modern_sd3,SD3
C:\Users\angus\Desktop\tiktoktechjam2026\data\aigc_ext\sd3\sd3_001453.jpg,1,aigc_modern_sd3,SD3
C:\Users\angus\Desktop\tiktoktechjam2026\data\aigc_ext\sd3\sd3_001454.jpg,1,aigc_modern_sd3,SD3
C:\Users\angus\Desktop\tiktoktechjam2026\data\aigc_ext\sd3\sd3_001455.jpg,1,aigc_modern_sd3,SD3
C:\Users\angus\Desktop\tiktoktechjam2026\data\aigc_ext\sd3\sd3_001456.jpg,1,aigc_modern_sd3,SD3
C:\Users\angus\Desktop\tiktoktechjam2026\data\aigc_ext\sd3\sd3_001457.jpg,1,aigc_modern_sd3,SD3
C:\Users\angus\Desktop\tiktoktechjam2026\data\aigc_ext\sd3\sd3_001458.jpg,1,aigc_modern_sd3,SD3
C:\Users\angus\Desktop\tiktoktechjam2026\data\aigc_ext\sd3\sd3_001459.jpg,1,aigc_modern_sd3,SD3
C:\Users\angus\Desktop\tiktoktechjam2026\data\aigc_ext\sd3\sd3_001460.jpg,1,aigc_modern_sd3,SD3
C:\Users\angus\Desktop\tiktoktechjam2026\data\aigc_ext\sd3\sd3_001461.jpg,1,aigc_modern_sd3,SD3
C:\Users\angus\Desktop\tiktoktechjam2026\data\aigc_ext\sd3\sd3_001462.jpg,1,aigc_modern_sd3,SD3
C:\Users\angus\Desktop\tiktoktechjam2026\data\aigc_ext\sd3\sd3_001463.jpg,1,aigc_modern_sd3,SD3
C:\Users\angus\Desktop\tiktoktechjam2026\data\aigc_ext\sd3\sd3_001464.jpg,1,aigc_modern_sd3,SD3
C:\Users\angus\Desktop\tiktoktechjam2026\data\aigc_ext\sd3\sd3_001465.jpg,1,aigc_modern_sd3,SD3
C:\Users\angus\Desktop\tiktoktechjam2026\data\aigc_ext\sd3\sd3_001466.jpg,1,aigc_modern_sd3,SD3
C:\Users\angus\Desktop\tiktoktechjam2026\data\aigc_ext\sd3\sd3_001467.jpg,1,aigc_modern_sd3,SD3
C:\Users\angus\Desktop\tiktoktechjam2026\data\aigc_ext\sd3\sd3_001468.jpg,1,aigc_modern_sd3,SD3
C:\Users\angus\Desktop\tiktoktechjam2026\data\aigc_ext\sd3\sd3_001469.jpg,1,aigc_modern_sd3,SD3
C:\Users\angus\Desktop\tiktoktechjam2026\data\aigc_ext\sd3\sd3_001470.jpg,1,aigc_modern_sd3,SD3
C:\Users\angus\Desktop\tiktoktechjam2026\data\aigc_ext\sd3\sd3_001471.jpg,1,aigc_modern_sd3,SD3
C:\Users\angus\Desktop\tiktoktechjam2026\data\aigc_ext\sd3\sd3_001472.jpg,1,aigc_modern_sd3,SD3
C:\Users\angus\Desktop\tiktoktechjam2026\data\aigc_ext\sd3\sd3_001473.jpg,1,aigc_modern_sd3,SD3
C:\Users\angus\Desktop\tiktoktechjam2026\data\aigc_ext\sd3\sd3_001474.jpg,1,aigc_modern_sd3,SD3
C:\Users\angus\Desktop\tiktoktechjam2026\data\aigc_ext\sd3\sd3_001475.jpg,1,aigc_modern_sd3,SD3
C:\Users\angus\Desktop\tiktoktechjam2026\data\aigc_ext\sd3\sd3_001476.jpg,1,aigc_modern_sd3,SD3
C:\Users\angus\Desktop\tiktoktechjam2026\data\aigc_ext\sd3\sd3_001477.jpg,1,aigc_modern_sd3,SD3
C:\Users\angus\Desktop\tiktoktechjam2026\data\aigc_ext\sd3\sd3_001478.jpg,1,aigc_modern_sd3,SD3
C:\Users\angus\Desktop\tiktoktechjam2026\data\aigc_ext\sd3\sd3_001479.jpg,1,aigc_modern_sd3,SD3
C:\Users\angus\Desktop\tiktoktechjam2026\data\aigc_ext\sd3\sd3_001480.jpg,1,aigc_modern_sd3,SD3
C:\Users\angus\Desktop\tiktoktechjam2026\data\aigc_ext\sd3\sd3_001481.jpg,1,aigc_modern_sd3,SD3
C:\Users\angus\Desktop\tiktoktechjam2026\data\aigc_ext\sd3\sd3_001482.jpg,1,aigc_modern_sd3,SD3
C:\Users\angus\Desktop\tiktoktechjam2026\data\aigc_ext\sd3\sd3_001483.jpg,1,aigc_modern_sd3,SD3
C:\Users\angus\Desktop\tiktoktechjam2026\data\aigc_ext\sd3\sd3_001484.jpg,1,aigc_modern_sd3,SD3
C:\Users\angus\Desktop\tiktoktechjam2026\data\aigc_ext\sd3\sd3_001485.jpg,1,aigc_modern_sd3,SD3
C:\Users\angus\Desktop\tiktoktechjam2026\data\aigc_ext\sd3\sd3_001486.jpg,1,aigc_modern_sd3,SD3
C:\Users\angus\Desktop\tiktoktechjam2026\data\aigc_ext\sd3\sd3_001487.jpg,1,aigc_modern_sd3,SD3
C:\Users\angus\Desktop\tiktoktechjam2026\data\aigc_ext\sd3\sd3_001488.jpg,1,aigc_modern_sd3,SD3
C:\Users\angus\Desktop\tiktoktechjam2026\data\aigc_ext\sd3\sd3_001489.jpg,1,aigc_modern_sd3,SD3
C:\Users\angus\Desktop\tiktoktechjam2026\data\aigc_ext\sd3\sd3_001490.jpg,1,aigc_modern_sd3,SD3
C:\Users\angus\Desktop\tiktoktechjam2026\data\aigc_ext\sd3\sd3_001491.jpg,1,aigc_modern_sd3,SD3
C:\Users\angus\Desktop\tiktoktechjam2026\data\aigc_ext\sd3\sd3_001492.jpg,1,aigc_modern_sd3,SD3
C:\Users\angus\Desktop\tiktoktechjam2026\data\aigc_ext\sd3\sd3_001493.jpg,1,aigc_modern_sd3,SD3
C:\Users\angus\Desktop\tiktoktechjam2026\data\aigc_ext\sd3\sd3_001494.jpg,1,aigc_modern_sd3,SD3
C:\Users\angus\Desktop\tiktoktechjam2026\data\aigc_ext\sd3\sd3_001495.jpg,1,aigc_modern_sd3,SD3
C:\Users\angus\Desktop\tiktoktechjam2026\data\aigc_ext\sd3\sd3_001496.jpg,1,aigc_modern_sd3,SD3
C:\Users\angus\Desktop\tiktoktechjam2026\data\aigc_ext\sd3\sd3_001497.jpg,1,aigc_modern_sd3,SD3
C:\Users\angus\Desktop\tiktoktechjam2026\data\aigc_ext\sd3\sd3_001498.jpg,1,aigc_modern_sd3,SD3
C:\Users\angus\Desktop\tiktoktechjam2026\data\aigc_ext\sd3\sd3_001499.jpg,1,aigc_modern_sd3,SD3
