image_path,label,source,generator
corpora/aigc_detect_bench/images/ADM/ood_0000002.jpg,1,aigc_detect_bench,ADM
corpora/aigc_detect_bench/images/ADM/ood_0000036.jpg,1,aigc_detect_bench,ADM
corpora/aigc_detect_bench/images/ADM/ood_0000070.jpg,1,aigc_detect_bench,ADM
corpora/aigc_detect_bench/images/ADM/ood_0000104.jpg,1,aigc_detect_bench,ADM
corpora/aigc_detect_bench/images/ADM/ood_0000138.jpg,1,aigc_detect_bench,ADM
corpora/aigc_detect_bench/images/ADM/ood_0000172.jpg,1,aigc_detect_bench,ADM
corpora/aigc_detect_bench/images/ADM/ood_0000206.jpg,1,aigc_detect_bench,ADM
corpora/aigc_detect_bench/images/ADM/ood_0000240.jpg,1,aigc_detect_bench,ADM
corpora/aigc_detect_bench/images/ADM/ood_0000274.jpg,1,aigc_detect_bench,ADM
corpora/aigc_detect_bench/images/ADM/ood_0000308.jpg,1,aigc_detect_bench,ADM
corpora/aigc_detect_bench/images/ADM/ood_0000342.jpg,1,aigc_detect_bench,ADM
corpora/aigc_detect_bench/images/ADM/ood_0000376.jpg,1,aigc_detect_bench,ADM
corpora/aigc_detect_bench/images/ADM/ood_0000410.jpg,1,aigc_detect_bench,ADM
corpora/aigc_detect_bench/images/ADM/ood_0000444.jpg,1,aigc_detect_bench,ADM
corpora/aigc_detect_bench/images/ADM/ood_0000478.jpg,1,aigc_detect_bench,ADM
corpora/aigc_detect_bench/images/ADM/ood_0000512.jpg,1,aigc_detect_bench,ADM
corpora/aigc_detect_bench/images/ADM/ood_0000546.jpg,1,aigc_detect_bench,ADM
corpora/aigc_detect_bench/images/ADM/ood_0000580.jpg,1,aigc_detect_bench,ADM
corpora/aigc_detect_bench/images/ADM/ood_0000614.jpg,1,aigc_detect_bench,ADM
corpora/aigc_detect_bench/images/ADM/ood_0000648.jpg,1,aigc_detect_bench,ADM
corpora/aigc_detect_bench/images/ADM/ood_0000682.jpg,1,aigc_detect_bench,ADM
corpora/aigc_detect_bench/images/ADM/ood_0000716.jpg,1,aigc_detect_bench,ADM
corpora/aigc_detect_bench/images/ADM/ood_0000750.jpg,1,aigc_detect_bench,ADM
corpora/aigc_detect_bench/images/ADM/ood_0000784.jpg,1,aigc_detect_bench,ADM
corpora/aigc_detect_bench/images/ADM/ood_0000818.jpg,1,aigc_detect_bench,ADM
corpora/aigc_detect_bench/images/ADM/ood_0000852.jpg,1,aigc_detect_bench,ADM
corpora/aigc_detect_bench/images/ADM/ood_0000886.jpg,1,aigc_detect_bench,ADM
corpora/aigc_detect_bench/images/ADM/ood_0000920.jpg,1,aigc_detect_bench,ADM
corpora/aigc_detect_bench/images/ADM/ood_0000954.jpg,1,aigc_detect_bench,ADM
corpora/aigc_detect_bench/images/ADM/ood_0000988.jpg,1,aigc_detect_bench,ADM
corpora/aigc_detect_bench/images/ADM/ood_0001022.jpg,1,aigc_detect_bench,ADM
corpora/aigc_detect_bench/images/ADM/ood_0001056.jpg,1,aigc_detect_bench,ADM
corpora/aigc_detect_bench/images/ADM/ood_0001090.jpg,1,aigc_detect_bench,ADM
corpora/aigc_detect_bench/images/ADM/ood_0001124.jpg,1,aigc_detect_bench,ADM
corpora/aigc_detect_bench/images/ADM/ood_0001158.jpg,1,aigc_detect_bench,ADM
corpora/aigc_detect_bench/images/ADM/ood_0001192.jpg,1,aigc_detect_bench,ADM
corpora/aigc_detect_bench/images/ADM/ood_0001226.jpg,1,aigc_detect_bench,ADM
corpora/aigc_detect_bench/images/ADM/ood_0001260.jpg,1,aigc_detect_bench,ADM
corpora/aigc_detect_bench/images/ADM/ood_0001294.jpg,1,aigc_detect_bench,ADM
corpora/aigc_detect_bench/images/ADM/ood_0001328.jpg,1,aigc_detect_bench,ADM
corpora/aigc_detect_bench/images/ADM/ood_0001362.jpg,1,aigc_detect_bench,ADM
corpora/aigc_detect_bench/images/ADM/ood_0001396.jpg,1,aigc_detect_bench,ADM
corpora/aigc_detect_bench/images/ADM/ood_0001430.jpg,1,aigc_detect_bench,ADM
corpora/aigc_detect_bench/images/ADM/ood_0001464.jpg,1,aigc_detect_bench,ADM
corpora/aigc_detect_bench/images/ADM/ood_0001498.jpg,1,aigc_detect_bench,ADM
corpora/aigc_detect_bench/images/ADM/ood_0001532.jpg,1,aigc_detect_bench,ADM
corpora/aigc_detect_bench/images/ADM/ood_0001566.jpg,1,aigc_detect_bench,ADM
corpora/aigc_detect_bench/images/ADM/ood_0001600.jpg,1,aigc_detect_bench,ADM
corpora/aigc_detect_bench/images/ADM/ood_0001634.jpg,1,aigc_detect_bench,ADM
corpora/aigc_detect_bench/images/ADM/ood_0001668.jpg,1,aigc_detect_bench,ADM
corpora/aigc_detect_bench/images/ADM/ood_0001702.jpg,1,aigc_detect_bench,ADM
corpora/aigc_detect_bench/images/ADM/ood_0001736.jpg,1,aigc_detect_bench,ADM
corpora/aigc_detect_bench/images/ADM/ood_0001770.jpg,1,aigc_detect_bench,ADM
corpora/aigc_detect_bench/images/ADM/ood_0001804.jpg,1,aigc_detect_bench,ADM
corpora/aigc_detect_bench/images/ADM/ood_0001838.jpg,1,aigc_detect_bench,ADM
corpora/aigc_detect_bench/images/ADM/ood_0001872.jpg,1,aigc_detect_bench,ADM
corpora/aigc_detect_bench/images/ADM/ood_0001906.jpg,1,aigc_detect_bench,ADM
corpora/aigc_detect_bench/images/ADM/ood_0001940.jpg,1,aigc_detect_bench,ADM
corpora/aigc_detect_bench/images/ADM/ood_0001974.jpg,1,aigc_detect_bench,ADM
corpora/aigc_detect_bench/images/ADM/ood_0002008.jpg,1,aigc_detect_bench,ADM
corpora/aigc_detect_bench/images/ADM/ood_0002042.jpg,1,aigc_detect_bench,ADM
corpora/aigc_detect_bench/images/ADM/ood_0002076.jpg,1,aigc_detect_bench,ADM
corpora/aigc_detect_bench/images/ADM/ood_0002110.jpg,1,aigc_detect_bench,ADM
corpora/aigc_detect_bench/images/ADM/ood_0002144.jpg,1,aigc_detect_bench,ADM
corpora/aigc_detect_bench/images/ADM/ood_0002178.jpg,1,aigc_detect_bench,ADM
corpora/aigc_detect_bench/images/ADM/ood_0002212.jpg,1,aigc_detect_bench,ADM
corpora/aigc_detect_bench/images/ADM/ood_0002246.jpg,1,aigc_detect_bench,ADM
corpora/aigc_detect_bench/images/ADM/ood_0002280.jpg,1,aigc_detect_bench,ADM
corpora/aigc_detect_bench/images/ADM/ood_0002314.jpg,1,aigc_detect_bench,ADM
corpora/aigc_detect_bench/images/ADM/ood_0002348.jpg,1,aigc_detect_bench,ADM
corpora/aigc_detect_bench/images/ADM/ood_0002382.jpg,1,aigc_detect_bench,ADM
corpora/aigc_detect_bench/images/ADM/ood_0002416.jpg,1,aigc_detect_bench,ADM
corpora/aigc_detect_bench/images/ADM/ood_0002450.jpg,1,aigc_detect_bench,ADM
corpora/aigc_detect_bench/images/ADM/ood_0002484.jpg,1,aigc_detect_bench,ADM
corpora/aigc_detect_bench/images/ADM/ood_0002518.jpg,1,aigc_detect_bench,ADM
corpora/aigc_detect_bench/images/ADM/ood_0002552.jpg,1,aigc_detect_bench,ADM
corpora/aigc_detect_bench/images/ADM/ood_0002586.jpg,1,aigc_detect_bench,ADM
corpora/aigc_detect_bench/images/ADM/ood_0002620.jpg,1,aigc_detect_bench,ADM
corpora/aigc_detect_bench/images/ADM/ood_0002654.jpg,1,aigc_detect_bench,ADM
corpora/aigc_detect_bench/images/ADM/ood_0002688.jpg,1,aigc_detect_bench,ADM
corpora/aigc_detect_bench/images/ADM/ood_0002722.jpg,1,aigc_detect_bench,ADM
corpora/aigc_detect_bench/images/ADM/ood_0002756.jpg,1,aigc_detect_bench,ADM
corpora/aigc_detect_bench/images/ADM/ood_0002790.jpg,1,aigc_detect_bench,ADM
corpora/aigc_detect_bench/images/ADM/ood_0002824.jpg,1,aigc_detect_bench,ADM
corpora/aigc_detect_bench/images/ADM/ood_0002858.jpg,1,aigc_detect_bench,ADM
corpora/aigc_detect_bench/images/ADM/ood_0002892.jpg,1,aigc_detect_bench,ADM
corpora/aigc_detect_bench/images/ADM/ood_0002926.jpg,1,aigc_detect_bench,ADM
corpora/aigc_detect_bench/images/ADM/ood_0002960.jpg,1,aigc_detect_bench,ADM
corpora/aigc_detect_bench/images/ADM/ood_0002994.jpg,1,aigc_detect_bench,ADM
corpora/aigc_detect_bench/images/ADM/ood_0003028.jpg,1,aigc_detect_bench,ADM
corpora/aigc_detect_bench/images/ADM/ood_0003062.jpg,1,aigc_detect_bench,ADM
corpora/aigc_detect_bench/images/ADM/ood_0003096.jpg,1,aigc_detect_bench,ADM
corpora/aigc_detect_bench/images/ADM/ood_0003130.jpg,1,aigc_detect_bench,ADM
corpora/aigc_detect_bench/images/ADM/ood_0003164.jpg,1,aigc_detect_bench,ADM
corpora/aigc_detect_bench/images/ADM/ood_0003198.jpg,1,aigc_detect_bench,ADM
corpora/aigc_detect_bench/images/ADM/ood_0003232.jpg,1,aigc_detect_bench,ADM
corpora/aigc_detect_bench/images/ADM/ood_0003266.jpg,1,aigc_detect_bench,ADM
corpora/aigc_detect_bench/images/ADM/ood_0003300.jpg,1,aigc_detect_bench,ADM
corpora/aigc_detect_bench/images/ADM/ood_0003334.jpg,1,aigc_detect_bench,ADM
corpora/aigc_detect_bench/images/ADM/ood_0003368.jpg,1,aigc_detect_bench,ADM
corpora/aigc_detect_bench/images/ADM/ood_0003402.jpg,1,aigc_detect_bench,ADM
corpora/aigc_detect_bench/images/ADM/ood_0003436.jpg,1,aigc_detect_bench,ADM
corpora/aigc_detect_bench/images/ADM/ood_0003470.jpg,1,aigc_detect_bench,ADM
corpora/aigc_detect_bench/images/ADM/ood_0003504.jpg,1,aigc_detect_bench,ADM
corpora/aigc_detect_bench/images/ADM/ood_0003538.jpg,1,aigc_detect_bench,ADM
corpora/aigc_detect_bench/images/ADM/ood_0003572.jpg,1,aigc_detect_bench,ADM
corpora/aigc_detect_bench/images/ADM/ood_0003606.jpg,1,aigc_detect_bench,ADM
corpora/aigc_detect_bench/images/ADM/ood_0003640.jpg,1,aigc_detect_bench,ADM
corpora/aigc_detect_bench/images/ADM/ood_0003674.jpg,1,aigc_detect_bench,ADM
corpora/aigc_detect_bench/images/ADM/ood_0003708.jpg,1,aigc_detect_bench,ADM
corpora/aigc_detect_bench/images/ADM/ood_0003742.jpg,1,aigc_detect_bench,ADM
corpora/aigc_detect_bench/images/ADM/ood_0003776.jpg,1,aigc_detect_bench,ADM
corpora/aigc_detect_bench/images/ADM/ood_0003810.jpg,1,aigc_detect_bench,ADM
corpora/aigc_detect_bench/images/ADM/ood_0003844.jpg,1,aigc_detect_bench,ADM
corpora/aigc_detect_bench/images/ADM/ood_0003878.jpg,1,aigc_detect_bench,ADM
corpora/aigc_detect_bench/images/ADM/ood_0003912.jpg,1,aigc_detect_bench,ADM
corpora/aigc_detect_bench/images/ADM/ood_0003946.jpg,1,aigc_detect_bench,ADM
corpora/aigc_detect_bench/images/ADM/ood_0003980.jpg,1,aigc_detect_bench,ADM
corpora/aigc_detect_bench/images/ADM/ood_0004014.jpg,1,aigc_detect_bench,ADM
corpora/aigc_detect_bench/images/ADM/ood_0004048.jpg,1,aigc_detect_bench,ADM
corpora/aigc_detect_bench/images/ADM/ood_0004082.jpg,1,aigc_detect_bench,ADM
corpora/aigc_detect_bench/images/ADM/ood_0004116.jpg,1,aigc_detect_bench,ADM
corpora/aigc_detect_bench/images/ADM/ood_0004150.jpg,1,aigc_detect_bench,ADM
corpora/aigc_detect_bench/images/ADM/ood_0004184.jpg,1,aigc_detect_bench,ADM
corpora/aigc_detect_bench/images/ADM/ood_0004218.jpg,1,aigc_detect_bench,ADM
corpora/aigc_detect_bench/images/ADM/ood_0004252.jpg,1,aigc_detect_bench,ADM
corpora/aigc_detect_bench/images/ADM/ood_0004286.jpg,1,aigc_detect_bench,ADM
corpora/aigc_detect_bench/images/ADM/ood_0004320.jpg,1,aigc_detect_bench,ADM
corpora/aigc_detect_bench/images/ADM/ood_0004354.jpg,1,aigc_detect_bench,ADM
corpora/aigc_detect_bench/images/ADM/ood_0004388.jpg,1,aigc_detect_bench,ADM
corpora/aigc_detect_bench/images/ADM/ood_0004422.jpg,1,aigc_detect_bench,ADM
corpora/aigc_detect_bench/images/ADM/ood_0004456.jpg,1,aigc_detect_bench,ADM
corpora/aigc_detect_bench/images/ADM/ood_0004490.jpg,1,aigc_detect_bench,ADM
corpora/aigc_detect_bench/images/ADM/ood_0004524.jpg,1,aigc_detect_bench,ADM
corpora/aigc_detect_bench/images/ADM/ood_0004558.jpg,1,aigc_detect_bench,ADM
corpora/aigc_detect_bench/images/ADM/ood_0004592.jpg,1,aigc_detect_bench,ADM
corpora/aigc_detect_bench/images/ADM/ood_0004626.jpg,1,aigc_detect_bench,ADM
corpora/aigc_detect_bench/images/ADM/ood_0004660.jpg,1,aigc_detect_bench,ADM
corpora/aigc_detect_bench/images/ADM/ood_0004694.jpg,1,aigc_detect_bench,ADM
corpora/aigc_detect_bench/images/ADM/ood_0004728.jpg,1,aigc_detect_bench,ADM
corpora/aigc_detect_bench/images/ADM/ood_0004762.jpg,1,aigc_detect_bench,ADM
corpora/aigc_detect_bench/images/ADM/ood_0004796.jpg,1,aigc_detect_bench,ADM
corpora/aigc_detect_bench/images/ADM/ood_0004830.jpg,1,aigc_detect_bench,ADM
corpora/aigc_detect_bench/images/ADM/ood_0004864.jpg,1,aigc_detect_bench,ADM
corpora/aigc_detect_bench/images/ADM/ood_0004898.jpg,1,aigc_detect_bench,ADM
corpora/aigc_detect_bench/images/ADM/ood_0004932.jpg,1,aigc_detect_bench,ADM
corpora/aigc_detect_bench/images/ADM/ood_0004966.jpg,1,aigc_detect_bench,ADM
corpora/aigc_detect_bench/images/ADM/ood_0005000.jpg,1,aigc_detect_bench,ADM
corpora/aigc_detect_bench/images/ADM/ood_0005034.jpg,1,aigc_detect_bench,ADM
corpora/aigc_detect_bench/images/ADM/ood_0005068.jpg,1,aigc_detect_bench,ADM
corpora/aigc_detect_bench/images/ADM/ood_0005102.jpg,1,aigc_detect_bench,ADM
corpora/aigc_detect_bench/images/ADM/ood_0005136.jpg,1,aigc_detect_bench,ADM
corpora/aigc_detect_bench/images/ADM/ood_0005170.jpg,1,aigc_detect_bench,ADM
corpora/aigc_detect_bench/images/ADM/ood_0005204.jpg,1,aigc_detect_bench,ADM
corpora/aigc_detect_bench/images/ADM/ood_0005238.jpg,1,aigc_detect_bench,ADM
corpora/aigc_detect_bench/images/ADM/ood_0005272.jpg,1,aigc_detect_bench,ADM
corpora/aigc_detect_bench/images/ADM/ood_0005306.jpg,1,aigc_detect_bench,ADM
corpora/aigc_detect_bench/images/ADM/ood_0005340.jpg,1,aigc_detect_bench,ADM
corpora/aigc_detect_bench/images/ADM/ood_0005374.jpg,1,aigc_detect_bench,ADM
corpora/aigc_detect_bench/images/ADM/ood_0005408.jpg,1,aigc_detect_bench,ADM
corpora/aigc_detect_bench/images/ADM/ood_0005442.jpg,1,aigc_detect_bench,ADM
corpora/aigc_detect_bench/images/ADM/ood_0005476.jpg,1,aigc_detect_bench,ADM
corpora/aigc_detect_bench/images/ADM/ood_0005510.jpg,1,aigc_detect_bench,ADM
corpora/aigc_detect_bench/images/ADM/ood_0005544.jpg,1,aigc_detect_bench,ADM
corpora/aigc_detect_bench/images/ADM/ood_0005578.jpg,1,aigc_detect_bench,ADM
corpora/aigc_detect_bench/images/ADM/ood_0005612.jpg,1,aigc_detect_bench,ADM
corpora/aigc_detect_bench/images/ADM/ood_0005646.jpg,1,aigc_detect_bench,ADM
corpora/aigc_detect_bench/images/ADM/ood_0005680.jpg,1,aigc_detect_bench,ADM
corpora/aigc_detect_bench/images/ADM/ood_0005714.jpg,1,aigc_detect_bench,ADM
corpora/aigc_detect_bench/images/ADM/ood_0005748.jpg,1,aigc_detect_bench,ADM
corpora/aigc_detect_bench/images/ADM/ood_0005782.jpg,1,aigc_detect_bench,ADM
corpora/aigc_detect_bench/images/ADM/ood_0005816.jpg,1,aigc_detect_bench,ADM
corpora/aigc_detect_bench/images/ADM/ood_0005850.jpg,1,aigc_detect_bench,ADM
corpora/aigc_detect_bench/images/ADM/ood_0005884.jpg,1,aigc_detect_bench,ADM
corpora/aigc_detect_bench/images/ADM/ood_0005918.jpg,1,aigc_detect_bench,ADM
corpora/aigc_detect_bench/images/ADM/ood_0005952.jpg,1,aigc_detect_bench,ADM
corpora/aigc_detect_bench/images/ADM/ood_0005986.jpg,1,aigc_detect_bench,ADM
corpora/aigc_detect_bench/images/ADM/ood_0006020.jpg,1,aigc_detect_bench,ADM
corpora/aigc_detect_bench/images/ADM/ood_0006054.jpg,1,aigc_detect_bench,ADM
corpora/aigc_detect_bench/images/ADM/ood_0006088.jpg,1,aigc_detect_bench,ADM
corpora/aigc_detect_bench/images/ADM/ood_0006122.jpg,1,aigc_detect_bench,ADM
corpora/aigc_detect_bench/images/ADM/ood_0006156.jpg,1,aigc_detect_bench,ADM
corpora/aigc_detect_bench/images/ADM/ood_0006190.jpg,1,aigc_detect_bench,ADM
corpora/aigc_detect_bench/images/ADM/ood_0006224.jpg,1,aigc_detect_bench,ADM
corpora/aigc_detect_bench/images/ADM/ood_0006258.jpg,1,aigc_detect_bench,ADM
corpora/aigc_detect_bench/images/ADM/ood_0006292.jpg,1,aigc_detect_bench,ADM
corpora/aigc_detect_bench/images/ADM/ood_0006326.jpg,1,aigc_detect_bench,ADM
corpora/aigc_detect_bench/images/ADM/ood_0006360.jpg,1,aigc_detect_bench,ADM
corpora/aigc_detect_bench/images/ADM/ood_0006394.jpg,1,aigc_detect_bench,ADM
corpora/aigc_detect_bench/images/ADM/ood_0006428.jpg,1,aigc_detect_bench,ADM
corpora/aigc_detect_bench/images/ADM/ood_0006462.jpg,1,aigc_detect_bench,ADM
corpora/aigc_detect_bench/images/ADM/ood_0006496.jpg,1,aigc_detect_bench,ADM
corpora/aigc_detect_bench/images/ADM/ood_0006530.jpg,1,aigc_detect_bench,ADM
corpora/aigc_detect_bench/images/ADM/ood_0006564.jpg,1,aigc_detect_bench,ADM
corpora/aigc_detect_bench/images/ADM/ood_0006598.jpg,1,aigc_detect_bench,ADM
corpora/aigc_detect_bench/images/ADM/ood_0006632.jpg,1,aigc_detect_bench,ADM
corpora/aigc_detect_bench/images/ADM/ood_0006666.jpg,1,aigc_detect_bench,ADM
corpora/aigc_detect_bench/images/ADM/ood_0006700.jpg,1,aigc_detect_bench,ADM
corpora/aigc_detect_bench/images/ADM/ood_0006734.jpg,1,aigc_detect_bench,ADM
corpora/aigc_detect_bench/images/ADM/ood_0006768.jpg,1,aigc_detect_bench,ADM
corpora/aigc_detect_bench/images/ADM/ood_0006802.jpg,1,aigc_detect_bench,ADM
corpora/aigc_detect_bench/images/ADM/ood_0006834.jpg,1,aigc_detect_bench,ADM
corpora/aigc_detect_bench/images/ADM/ood_0006866.jpg,1,aigc_detect_bench,ADM
corpora/aigc_detect_bench/images/ADM/ood_0006898.jpg,1,aigc_detect_bench,ADM
corpora/aigc_detect_bench/images/ADM/ood_0006930.jpg,1,aigc_detect_bench,ADM
corpora/aigc_detect_bench/images/ADM/ood_0006962.jpg,1,aigc_detect_bench,ADM
corpora/aigc_detect_bench/images/ADM/ood_0006994.jpg,1,aigc_detect_bench,ADM
corpora/aigc_detect_bench/images/ADM/ood_0007026.jpg,1,aigc_detect_bench,ADM
corpora/aigc_detect_bench/images/ADM/ood_0007058.jpg,1,aigc_detect_bench,ADM
corpora/aigc_detect_bench/images/ADM/ood_0007090.jpg,1,aigc_detect_bench,ADM
corpora/aigc_detect_bench/images/ADM/ood_0007122.jpg,1,aigc_detect_bench,ADM
corpora/aigc_detect_bench/images/ADM/ood_0007154.jpg,1,aigc_detect_bench,ADM
corpora/aigc_detect_bench/images/ADM/ood_0007186.jpg,1,aigc_detect_bench,ADM
corpora/aigc_detect_bench/images/ADM/ood_0007218.jpg,1,aigc_detect_bench,ADM
corpora/aigc_detect_bench/images/ADM/ood_0007250.jpg,1,aigc_detect_bench,ADM
corpora/aigc_detect_bench/images/ADM/ood_0007282.jpg,1,aigc_detect_bench,ADM
corpora/aigc_detect_bench/images/ADM/ood_0007314.jpg,1,aigc_detect_bench,ADM
corpora/aigc_detect_bench/images/ADM/ood_0007346.jpg,1,aigc_detect_bench,ADM
corpora/aigc_detect_bench/images/ADM/ood_0007378.jpg,1,aigc_detect_bench,ADM
corpora/aigc_detect_bench/images/ADM/ood_0007410.jpg,1,aigc_detect_bench,ADM
corpora/aigc_detect_bench/images/ADM/ood_0007442.jpg,1,aigc_detect_bench,ADM
corpora/aigc_detect_bench/images/ADM/ood_0007474.jpg,1,aigc_detect_bench,ADM
corpora/aigc_detect_bench/images/ADM/ood_0007506.jpg,1,aigc_detect_bench,ADM
corpora/aigc_detect_bench/images/ADM/ood_0007538.jpg,1,aigc_detect_bench,ADM
corpora/aigc_detect_bench/images/ADM/ood_0007570.jpg,1,aigc_detect_bench,ADM
corpora/aigc_detect_bench/images/ADM/ood_0007602.jpg,1,aigc_detect_bench,ADM
corpora/aigc_detect_bench/images/ADM/ood_0007634.jpg,1,aigc_detect_bench,ADM
corpora/aigc_detect_bench/images/ADM/ood_0007666.jpg,1,aigc_detect_bench,ADM
corpora/aigc_detect_bench/images/ADM/ood_0007698.jpg,1,aigc_detect_bench,ADM
corpora/aigc_detect_bench/images/ADM/ood_0007730.jpg,1,aigc_detect_bench,ADM
corpora/aigc_detect_bench/images/ADM/ood_0007762.jpg,1,aigc_detect_bench,ADM
corpora/aigc_detect_bench/images/ADM/ood_0007794.jpg,1,aigc_detect_bench,ADM
corpora/aigc_detect_bench/images/ADM/ood_0007826.jpg,1,aigc_detect_bench,ADM
corpora/aigc_detect_bench/images/ADM/ood_0007858.jpg,1,aigc_detect_bench,ADM
corpora/aigc_detect_bench/images/ADM/ood_0007890.jpg,1,aigc_detect_bench,ADM
corpora/aigc_detect_bench/images/ADM/ood_0007922.jpg,1,aigc_detect_bench,ADM
corpora/aigc_detect_bench/images/ADM/ood_0007954.jpg,1,aigc_detect_bench,ADM
corpora/aigc_detect_bench/images/ADM/ood_0007986.jpg,1,aigc_detect_bench,ADM
corpora/aigc_detect_bench/images/ADM/ood_0008018.jpg,1,aigc_detect_bench,ADM
corpora/aigc_detect_bench/images/ADM/ood_0008050.jpg,1,aigc_detect_bench,ADM
corpora/aigc_detect_bench/images/ADM/ood_0008082.jpg,1,aigc_detect_bench,ADM
corpora/aigc_detect_bench/images/ADM/ood_0008114.jpg,1,aigc_detect_bench,ADM
corpora/aigc_detect_bench/images/ADM/ood_0008146.jpg,1,aigc_detect_bench,ADM
corpora/aigc_detect_bench/images/ADM/ood_0008178.jpg,1,aigc_detect_bench,ADM
corpora/aigc_detect_bench/images/ADM/ood_0008210.jpg,1,aigc_detect_bench,ADM
corpora/aigc_detect_bench/images/ADM/ood_0008242.jpg,1,aigc_detect_bench,ADM
corpora/aigc_detect_bench/images/ADM/ood_0008274.jpg,1,aigc_detect_bench,ADM
corpora/aigc_detect_bench/images/ADM/ood_0008306.jpg,1,aigc_detect_bench,ADM
corpora/aigc_detect_bench/images/ADM/ood_0008338.jpg,1,aigc_detect_bench,ADM
corpora/aigc_detect_bench/images/ADM/ood_0008370.jpg,1,aigc_detect_bench,ADM
corpora/aigc_detect_bench/images/BigGAN/ood_0000004.jpg,1,aigc_detect_bench,BigGAN
corpora/aigc_detect_bench/images/BigGAN/ood_0000038.jpg,1,aigc_detect_bench,BigGAN
corpora/aigc_detect_bench/images/BigGAN/ood_0000072.jpg,1,aigc_detect_bench,BigGAN
corpora/aigc_detect_bench/images/BigGAN/ood_0000106.jpg,1,aigc_detect_bench,BigGAN
corpora/aigc_detect_bench/images/BigGAN/ood_0000140.jpg,1,aigc_detect_bench,BigGAN
corpora/aigc_detect_bench/images/BigGAN/ood_0000174.jpg,1,aigc_detect_bench,BigGAN
corpora/aigc_detect_bench/images/BigGAN/ood_0000208.jpg,1,aigc_detect_bench,BigGAN
corpora/aigc_detect_bench/images/BigGAN/ood_0000242.jpg,1,aigc_detect_bench,BigGAN
corpora/aigc_detect_bench/images/BigGAN/ood_0000276.jpg,1,aigc_detect_bench,BigGAN
corpora/aigc_detect_bench/images/BigGAN/ood_0000310.jpg,1,aigc_detect_bench,BigGAN
corpora/aigc_detect_bench/images/BigGAN/ood_0000344.jpg,1,aigc_detect_bench,BigGAN
corpora/aigc_detect_bench/images/BigGAN/ood_0000378.jpg,1,aigc_detect_bench,BigGAN
corpora/aigc_detect_bench/images/BigGAN/ood_0000412.jpg,1,aigc_detect_bench,BigGAN
corpora/aigc_detect_bench/images/BigGAN/ood_0000446.jpg,1,aigc_detect_bench,BigGAN
corpora/aigc_detect_bench/images/BigGAN/ood_0000480.jpg,1,aigc_detect_bench,BigGAN
corpora/aigc_detect_bench/images/BigGAN/ood_0000514.jpg,1,aigc_detect_bench,BigGAN
corpora/aigc_detect_bench/images/BigGAN/ood_0000548.jpg,1,aigc_detect_bench,BigGAN
corpora/aigc_detect_bench/images/BigGAN/ood_0000582.jpg,1,aigc_detect_bench,BigGAN
corpora/aigc_detect_bench/images/BigGAN/ood_0000616.jpg,1,aigc_detect_bench,BigGAN
corpora/aigc_detect_bench/images/BigGAN/ood_0000650.jpg,1,aigc_detect_bench,BigGAN
corpora/aigc_detect_bench/images/BigGAN/ood_0000684.jpg,1,aigc_detect_bench,BigGAN
corpora/aigc_detect_bench/images/BigGAN/ood_0000718.jpg,1,aigc_detect_bench,BigGAN
corpora/aigc_detect_bench/images/BigGAN/ood_0000752.jpg,1,aigc_detect_bench,BigGAN
corpora/aigc_detect_bench/images/BigGAN/ood_0000786.jpg,1,aigc_detect_bench,BigGAN
corpora/aigc_detect_bench/images/BigGAN/ood_0000820.jpg,1,aigc_detect_bench,BigGAN
corpora/aigc_detect_bench/images/BigGAN/ood_0000854.jpg,1,aigc_detect_bench,BigGAN
corpora/aigc_detect_bench/images/BigGAN/ood_0000888.jpg,1,aigc_detect_bench,BigGAN
corpora/aigc_detect_bench/images/BigGAN/ood_0000922.jpg,1,aigc_detect_bench,BigGAN
corpora/aigc_detect_bench/images/BigGAN/ood_0000956.jpg,1,aigc_detect_bench,BigGAN
corpora/aigc_detect_bench/images/BigGAN/ood_0000990.jpg,1,aigc_detect_bench,BigGAN
corpora/aigc_detect_bench/images/BigGAN/ood_0001024.jpg,1,aigc_detect_bench,BigGAN
corpora/aigc_detect_bench/images/BigGAN/ood_0001058.jpg,1,aigc_detect_bench,BigGAN
corpora/aigc_detect_bench/images/BigGAN/ood_0001092.jpg,1,aigc_detect_bench,BigGAN
corpora/aigc_detect_bench/images/BigGAN/ood_0001126.jpg,1,aigc_detect_bench,BigGAN
corpora/aigc_detect_bench/images/BigGAN/ood_0001160.jpg,1,aigc_detect_bench,BigGAN
corpora/aigc_detect_bench/images/BigGAN/ood_0001194.jpg,1,aigc_detect_bench,BigGAN
corpora/aigc_detect_bench/images/BigGAN/ood_0001228.jpg,1,aigc_detect_bench,BigGAN
corpora/aigc_detect_bench/images/BigGAN/ood_0001262.jpg,1,aigc_detect_bench,BigGAN
corpora/aigc_detect_bench/images/BigGAN/ood_0001296.jpg,1,aigc_detect_bench,BigGAN
corpora/aigc_detect_bench/images/BigGAN/ood_0001330.jpg,1,aigc_detect_bench,BigGAN
corpora/aigc_detect_bench/images/BigGAN/ood_0001364.jpg,1,aigc_detect_bench,BigGAN
corpora/aigc_detect_bench/images/BigGAN/ood_0001398.jpg,1,aigc_detect_bench,BigGAN
corpora/aigc_detect_bench/images/BigGAN/ood_0001432.jpg,1,aigc_detect_bench,BigGAN
corpora/aigc_detect_bench/images/BigGAN/ood_0001466.jpg,1,aigc_detect_bench,BigGAN
corpora/aigc_detect_bench/images/BigGAN/ood_0001500.jpg,1,aigc_detect_bench,BigGAN
corpora/aigc_detect_bench/images/BigGAN/ood_0001534.jpg,1,aigc_detect_bench,BigGAN
corpora/aigc_detect_bench/images/BigGAN/ood_0001568.jpg,1,aigc_detect_bench,BigGAN
corpora/aigc_detect_bench/images/BigGAN/ood_0001602.jpg,1,aigc_detect_bench,BigGAN
corpora/aigc_detect_bench/images/BigGAN/ood_0001636.jpg,1,aigc_detect_bench,BigGAN
corpora/aigc_detect_bench/images/BigGAN/ood_0001670.jpg,1,aigc_detect_bench,BigGAN
corpora/aigc_detect_bench/images/BigGAN/ood_0001704.jpg,1,aigc_detect_bench,BigGAN
corpora/aigc_detect_bench/images/BigGAN/ood_0001738.jpg,1,aigc_detect_bench,BigGAN
corpora/aigc_detect_bench/images/BigGAN/ood_0001772.jpg,1,aigc_detect_bench,BigGAN
corpora/aigc_detect_bench/images/BigGAN/ood_0001806.jpg,1,aigc_detect_bench,BigGAN
corpora/aigc_detect_bench/images/BigGAN/ood_0001840.jpg,1,aigc_detect_bench,BigGAN
corpora/aigc_detect_bench/images/BigGAN/ood_0001874.jpg,1,aigc_detect_bench,BigGAN
corpora/aigc_detect_bench/images/BigGAN/ood_0001908.jpg,1,aigc_detect_bench,BigGAN
corpora/aigc_detect_bench/images/BigGAN/ood_0001942.jpg,1,aigc_detect_bench,BigGAN
corpora/aigc_detect_bench/images/BigGAN/ood_0001976.jpg,1,aigc_detect_bench,BigGAN
corpora/aigc_detect_bench/images/BigGAN/ood_0002010.jpg,1,aigc_detect_bench,BigGAN
corpora/aigc_detect_bench/images/BigGAN/ood_0002044.jpg,1,aigc_detect_bench,BigGAN
corpora/aigc_detect_bench/images/BigGAN/ood_0002078.jpg,1,aigc_detect_bench,BigGAN
corpora/aigc_detect_bench/images/BigGAN/ood_0002112.jpg,1,aigc_detect_bench,BigGAN
corpora/aigc_detect_bench/images/BigGAN/ood_0002146.jpg,1,aigc_detect_bench,BigGAN
corpora/aigc_detect_bench/images/BigGAN/ood_0002180.jpg,1,aigc_detect_bench,BigGAN
corpora/aigc_detect_bench/images/BigGAN/ood_0002214.jpg,1,aigc_detect_bench,BigGAN
corpora/aigc_detect_bench/images/BigGAN/ood_0002248.jpg,1,aigc_detect_bench,BigGAN
corpora/aigc_detect_bench/images/BigGAN/ood_0002282.jpg,1,aigc_detect_bench,BigGAN
corpora/aigc_detect_bench/images/BigGAN/ood_0002316.jpg,1,aigc_detect_bench,BigGAN
corpora/aigc_detect_bench/images/BigGAN/ood_0002350.jpg,1,aigc_detect_bench,BigGAN
corpora/aigc_detect_bench/images/BigGAN/ood_0002384.jpg,1,aigc_detect_bench,BigGAN
corpora/aigc_detect_bench/images/BigGAN/ood_0002418.jpg,1,aigc_detect_bench,BigGAN
corpora/aigc_detect_bench/images/BigGAN/ood_0002452.jpg,1,aigc_detect_bench,BigGAN
corpora/aigc_detect_bench/images/BigGAN/ood_0002486.jpg,1,aigc_detect_bench,BigGAN
corpora/aigc_detect_bench/images/BigGAN/ood_0002520.jpg,1,aigc_detect_bench,BigGAN
corpora/aigc_detect_bench/images/BigGAN/ood_0002554.jpg,1,aigc_detect_bench,BigGAN
corpora/aigc_detect_bench/images/BigGAN/ood_0002588.jpg,1,aigc_detect_bench,BigGAN
corpora/aigc_detect_bench/images/BigGAN/ood_0002622.jpg,1,aigc_detect_bench,BigGAN
corpora/aigc_detect_bench/images/BigGAN/ood_0002656.jpg,1,aigc_detect_bench,BigGAN
corpora/aigc_detect_bench/images/BigGAN/ood_0002690.jpg,1,aigc_detect_bench,BigGAN
corpora/aigc_detect_bench/images/BigGAN/ood_0002724.jpg,1,aigc_detect_bench,BigGAN
corpora/aigc_detect_bench/images/BigGAN/ood_0002758.jpg,1,aigc_detect_bench,BigGAN
corpora/aigc_detect_bench/images/BigGAN/ood_0002792.jpg,1,aigc_detect_bench,BigGAN
corpora/aigc_detect_bench/images/BigGAN/ood_0002826.jpg,1,aigc_detect_bench,BigGAN
corpora/aigc_detect_bench/images/BigGAN/ood_0002860.jpg,1,aigc_detect_bench,BigGAN
corpora/aigc_detect_bench/images/BigGAN/ood_0002894.jpg,1,aigc_detect_bench,BigGAN
corpora/aigc_detect_bench/images/BigGAN/ood_0002928.jpg,1,aigc_detect_bench,BigGAN
corpora/aigc_detect_bench/images/BigGAN/ood_0002962.jpg,1,aigc_detect_bench,BigGAN
corpora/aigc_detect_bench/images/BigGAN/ood_0002996.jpg,1,aigc_detect_bench,BigGAN
corpora/aigc_detect_bench/images/BigGAN/ood_0003030.jpg,1,aigc_detect_bench,BigGAN
corpora/aigc_detect_bench/images/BigGAN/ood_0003064.jpg,1,aigc_detect_bench,BigGAN
corpora/aigc_detect_bench/images/BigGAN/ood_0003098.jpg,1,aigc_detect_bench,BigGAN
corpora/aigc_detect_bench/images/BigGAN/ood_0003132.jpg,1,aigc_detect_bench,BigGAN
corpora/aigc_detect_bench/images/BigGAN/ood_0003166.jpg,1,aigc_detect_bench,BigGAN
corpora/aigc_detect_bench/images/BigGAN/ood_0003200.jpg,1,aigc_detect_bench,BigGAN
corpora/aigc_detect_bench/images/BigGAN/ood_0003234.jpg,1,aigc_detect_bench,BigGAN
corpora/aigc_detect_bench/images/BigGAN/ood_0003268.jpg,1,aigc_detect_bench,BigGAN
corpora/aigc_detect_bench/images/BigGAN/ood_0003302.jpg,1,aigc_detect_bench,BigGAN
corpora/aigc_detect_bench/images/BigGAN/ood_0003336.jpg,1,aigc_detect_bench,BigGAN
corpora/aigc_detect_bench/images/BigGAN/ood_0003370.jpg,1,aigc_detect_bench,BigGAN
corpora/aigc_detect_bench/images/BigGAN/ood_0003404.jpg,1,aigc_detect_bench,BigGAN
corpora/aigc_detect_bench/images/BigGAN/ood_0003438.jpg,1,aigc_detect_bench,BigGAN
corpora/aigc_detect_bench/images/BigGAN/ood_0003472.jpg,1,aigc_detect_bench,BigGAN
corpora/aigc_detect_bench/images/BigGAN/ood_0003506.jpg,1,aigc_detect_bench,BigGAN
corpora/aigc_detect_bench/images/BigGAN/ood_0003540.jpg,1,aigc_detect_bench,BigGAN
corpora/aigc_detect_bench/images/BigGAN/ood_0003574.jpg,1,aigc_detect_bench,BigGAN
corpora/aigc_detect_bench/images/BigGAN/ood_0003608.jpg,1,aigc_detect_bench,BigGAN
corpora/aigc_detect_bench/images/BigGAN/ood_0003642.jpg,1,aigc_detect_bench,BigGAN
corpora/aigc_detect_bench/images/BigGAN/ood_0003676.jpg,1,aigc_detect_bench,BigGAN
corpora/aigc_detect_bench/images/BigGAN/ood_0003710.jpg,1,aigc_detect_bench,BigGAN
corpora/aigc_detect_bench/images/BigGAN/ood_0003744.jpg,1,aigc_detect_bench,BigGAN
corpora/aigc_detect_bench/images/BigGAN/ood_0003778.jpg,1,aigc_detect_bench,BigGAN
corpora/aigc_detect_bench/images/BigGAN/ood_0003812.jpg,1,aigc_detect_bench,BigGAN
corpora/aigc_detect_bench/images/BigGAN/ood_0003846.jpg,1,aigc_detect_bench,BigGAN
corpora/aigc_detect_bench/images/BigGAN/ood_0003880.jpg,1,aigc_detect_bench,BigGAN
corpora/aigc_detect_bench/images/BigGAN/ood_0003914.jpg,1,aigc_detect_bench,BigGAN
corpora/aigc_detect_bench/images/BigGAN/ood_0003948.jpg,1,aigc_detect_bench,BigGAN
corpora/aigc_detect_bench/images/BigGAN/ood_0003982.jpg,1,aigc_detect_bench,BigGAN
corpora/aigc_detect_bench/images/BigGAN/ood_0004016.jpg,1,aigc_detect_bench,BigGAN
corpora/aigc_detect_bench/images/BigGAN/ood_0004050.jpg,1,aigc_detect_bench,BigGAN
corpora/aigc_detect_bench/images/BigGAN/ood_0004084.jpg,1,aigc_detect_bench,BigGAN
corpora/aigc_detect_bench/images/BigGAN/ood_0004118.jpg,1,aigc_detect_bench,BigGAN
corpora/aigc_detect_bench/images/BigGAN/ood_0004152.jpg,1,aigc_detect_bench,BigGAN
corpora/aigc_detect_bench/images/BigGAN/ood_0004186.jpg,1,aigc_detect_bench,BigGAN
corpora/aigc_detect_bench/images/BigGAN/ood_0004220.jpg,1,aigc_detect_bench,BigGAN
corpora/aigc_detect_bench/images/BigGAN/ood_0004254.jpg,1,aigc_detect_bench,BigGAN
corpora/aigc_detect_bench/images/BigGAN/ood_0004288.jpg,1,aigc_detect_bench,BigGAN
corpora/aigc_detect_bench/images/BigGAN/ood_0004322.jpg,1,aigc_detect_bench,BigGAN
corpora/aigc_detect_bench/images/BigGAN/ood_0004356.jpg,1,aigc_detect_bench,BigGAN
corpora/aigc_detect_bench/images/BigGAN/ood_0004390.jpg,1,aigc_detect_bench,BigGAN
corpora/aigc_detect_bench/images/BigGAN/ood_0004424.jpg,1,aigc_detect_bench,BigGAN
corpora/aigc_detect_bench/images/BigGAN/ood_0004458.jpg,1,aigc_detect_bench,BigGAN
corpora/aigc_detect_bench/images/BigGAN/ood_0004492.jpg,1,aigc_detect_bench,BigGAN
corpora/aigc_detect_bench/images/BigGAN/ood_0004526.jpg,1,aigc_detect_bench,BigGAN
corpora/aigc_detect_bench/images/BigGAN/ood_0004560.jpg,1,aigc_detect_bench,BigGAN
corpora/aigc_detect_bench/images/BigGAN/ood_0004594.jpg,1,aigc_detect_bench,BigGAN
corpora/aigc_detect_bench/images/BigGAN/ood_0004628.jpg,1,aigc_detect_bench,BigGAN
corpora/aigc_detect_bench/images/BigGAN/ood_0004662.jpg,1,aigc_detect_bench,BigGAN
corpora/aigc_detect_bench/images/BigGAN/ood_0004696.jpg,1,aigc_detect_bench,BigGAN
corpora/aigc_detect_bench/images/BigGAN/ood_0004730.jpg,1,aigc_detect_bench,BigGAN
corpora/aigc_detect_bench/images/BigGAN/ood_0004764.jpg,1,aigc_detect_bench,BigGAN
corpora/aigc_detect_bench/images/BigGAN/ood_0004798.jpg,1,aigc_detect_bench,BigGAN
corpora/aigc_detect_bench/images/BigGAN/ood_0004832.jpg,1,aigc_detect_bench,BigGAN
corpora/aigc_detect_bench/images/BigGAN/ood_0004866.jpg,1,aigc_detect_bench,BigGAN
corpora/aigc_detect_bench/images/BigGAN/ood_0004900.jpg,1,aigc_detect_bench,BigGAN
corpora/aigc_detect_bench/images/BigGAN/ood_0004934.jpg,1,aigc_detect_bench,BigGAN
corpora/aigc_detect_bench/images/BigGAN/ood_0004968.jpg,1,aigc_detect_bench,BigGAN
corpora/aigc_detect_bench/images/BigGAN/ood_0005002.jpg,1,aigc_detect_bench,BigGAN
corpora/aigc_detect_bench/images/BigGAN/ood_0005036.jpg,1,aigc_detect_bench,BigGAN
corpora/aigc_detect_bench/images/BigGAN/ood_0005070.jpg,1,aigc_detect_bench,BigGAN
corpora/aigc_detect_bench/images/BigGAN/ood_0005104.jpg,1,aigc_detect_bench,BigGAN
corpora/aigc_detect_bench/images/BigGAN/ood_0005138.jpg,1,aigc_detect_bench,BigGAN
corpora/aigc_detect_bench/images/BigGAN/ood_0005172.jpg,1,aigc_detect_bench,BigGAN
corpora/aigc_detect_bench/images/BigGAN/ood_0005206.jpg,1,aigc_detect_bench,BigGAN
corpora/aigc_detect_bench/images/BigGAN/ood_0005240.jpg,1,aigc_detect_bench,BigGAN
corpora/aigc_detect_bench/images/BigGAN/ood_0005274.jpg,1,aigc_detect_bench,BigGAN
corpora/aigc_detect_bench/images/BigGAN/ood_0005308.jpg,1,aigc_detect_bench,BigGAN
corpora/aigc_detect_bench/images/BigGAN/ood_0005342.jpg,1,aigc_detect_bench,BigGAN
corpora/aigc_detect_bench/images/BigGAN/ood_0005376.jpg,1,aigc_detect_bench,BigGAN
corpora/aigc_detect_bench/images/BigGAN/ood_0005410.jpg,1,aigc_detect_bench,BigGAN
corpora/aigc_detect_bench/images/BigGAN/ood_0005444.jpg,1,aigc_detect_bench,BigGAN
corpora/aigc_detect_bench/images/BigGAN/ood_0005478.jpg,1,aigc_detect_bench,BigGAN
corpora/aigc_detect_bench/images/BigGAN/ood_0005512.jpg,1,aigc_detect_bench,BigGAN
corpora/aigc_detect_bench/images/BigGAN/ood_0005546.jpg,1,aigc_detect_bench,BigGAN
corpora/aigc_detect_bench/images/BigGAN/ood_0005580.jpg,1,aigc_detect_bench,BigGAN
corpora/aigc_detect_bench/images/BigGAN/ood_0005614.jpg,1,aigc_detect_bench,BigGAN
corpora/aigc_detect_bench/images/BigGAN/ood_0005648.jpg,1,aigc_detect_bench,BigGAN
corpora/aigc_detect_bench/images/BigGAN/ood_0005682.jpg,1,aigc_detect_bench,BigGAN
corpora/aigc_detect_bench/images/BigGAN/ood_0005716.jpg,1,aigc_detect_bench,BigGAN
corpora/aigc_detect_bench/images/BigGAN/ood_0005750.jpg,1,aigc_detect_bench,BigGAN
corpora/aigc_detect_bench/images/BigGAN/ood_0005784.jpg,1,aigc_detect_bench,BigGAN
corpora/aigc_detect_bench/images/BigGAN/ood_0005818.jpg,1,aigc_detect_bench,BigGAN
corpora/aigc_detect_bench/images/BigGAN/ood_0005852.jpg,1,aigc_detect_bench,BigGAN
corpora/aigc_detect_bench/images/BigGAN/ood_0005886.jpg,1,aigc_detect_bench,BigGAN
corpora/aigc_detect_bench/images/BigGAN/ood_0005920.jpg,1,aigc_detect_bench,BigGAN
corpora/aigc_detect_bench/images/BigGAN/ood_0005954.jpg,1,aigc_detect_bench,BigGAN
corpora/aigc_detect_bench/images/BigGAN/ood_0005988.jpg,1,aigc_detect_bench,BigGAN
corpora/aigc_detect_bench/images/BigGAN/ood_0006022.jpg,1,aigc_detect_bench,BigGAN
corpora/aigc_detect_bench/images/BigGAN/ood_0006056.jpg,1,aigc_detect_bench,BigGAN
corpora/aigc_detect_bench/images/BigGAN/ood_0006090.jpg,1,aigc_detect_bench,BigGAN
corpora/aigc_detect_bench/images/BigGAN/ood_0006124.jpg,1,aigc_detect_bench,BigGAN
corpora/aigc_detect_bench/images/BigGAN/ood_0006158.jpg,1,aigc_detect_bench,BigGAN
corpora/aigc_detect_bench/images/BigGAN/ood_0006192.jpg,1,aigc_detect_bench,BigGAN
corpora/aigc_detect_bench/images/BigGAN/ood_0006226.jpg,1,aigc_detect_bench,BigGAN
corpora/aigc_detect_bench/images/BigGAN/ood_0006260.jpg,1,aigc_detect_bench,BigGAN
corpora/aigc_detect_bench/images/BigGAN/ood_0006294.jpg,1,aigc_detect_bench,BigGAN
corpora/aigc_detect_bench/images/BigGAN/ood_0006328.jpg,1,aigc_detect_bench,BigGAN
corpora/aigc_detect_bench/images/BigGAN/ood_0006362.jpg,1,aigc_detect_bench,BigGAN
corpora/aigc_detect_bench/images/BigGAN/ood_0006396.jpg,1,aigc_detect_bench,BigGAN
corpora/aigc_detect_bench/images/BigGAN/ood_0006430.jpg,1,aigc_detect_bench,BigGAN
corpora/aigc_detect_bench/images/BigGAN/ood_0006464.jpg,1,aigc_detect_bench,BigGAN
corpora/aigc_detect_bench/images/BigGAN/ood_0006498.jpg,1,aigc_detect_bench,BigGAN
corpora/aigc_detect_bench/images/BigGAN/ood_0006532.jpg,1,aigc_detect_bench,BigGAN
corpora/aigc_detect_bench/images/BigGAN/ood_0006566.jpg,1,aigc_detect_bench,BigGAN
corpora/aigc_detect_bench/images/BigGAN/ood_0006600.jpg,1,aigc_detect_bench,BigGAN
corpora/aigc_detect_bench/images/BigGAN/ood_0006634.jpg,1,aigc_detect_bench,BigGAN
corpora/aigc_detect_bench/images/BigGAN/ood_0006668.jpg,1,aigc_detect_bench,BigGAN
corpora/aigc_detect_bench/images/BigGAN/ood_0006702.jpg,1,aigc_detect_bench,BigGAN
corpora/aigc_detect_bench/images/BigGAN/ood_0006736.jpg,1,aigc_detect_bench,BigGAN
corpora/aigc_detect_bench/images/BigGAN/ood_0006770.jpg,1,aigc_detect_bench,BigGAN
corpora/aigc_detect_bench/images/BigGAN/ood_0006804.jpg,1,aigc_detect_bench,BigGAN
corpora/aigc_detect_bench/images/BigGAN/ood_0006836.jpg,1,aigc_detect_bench,BigGAN
corpora/aigc_detect_bench/images/BigGAN/ood_0006868.jpg,1,aigc_detect_bench,BigGAN
corpora/aigc_detect_bench/images/BigGAN/ood_0006900.jpg,1,aigc_detect_bench,BigGAN
corpora/aigc_detect_bench/images/BigGAN/ood_0006932.jpg,1,aigc_detect_bench,BigGAN
corpora/aigc_detect_bench/images/BigGAN/ood_0006964.jpg,1,aigc_detect_bench,BigGAN
corpora/aigc_detect_bench/images/BigGAN/ood_0006996.jpg,1,aigc_detect_bench,BigGAN
corpora/aigc_detect_bench/images/BigGAN/ood_0007028.jpg,1,aigc_detect_bench,BigGAN
corpora/aigc_detect_bench/images/BigGAN/ood_0007060.jpg,1,aigc_detect_bench,BigGAN
corpora/aigc_detect_bench/images/BigGAN/ood_0007092.jpg,1,aigc_detect_bench,BigGAN
corpora/aigc_detect_bench/images/BigGAN/ood_0007124.jpg,1,aigc_detect_bench,BigGAN
corpora/aigc_detect_bench/images/BigGAN/ood_0007156.jpg,1,aigc_detect_bench,BigGAN
corpora/aigc_detect_bench/images/BigGAN/ood_0007188.jpg,1,aigc_detect_bench,BigGAN
corpora/aigc_detect_bench/images/BigGAN/ood_0007220.jpg,1,aigc_detect_bench,BigGAN
corpora/aigc_detect_bench/images/BigGAN/ood_0007252.jpg,1,aigc_detect_bench,BigGAN
corpora/aigc_detect_bench/images/BigGAN/ood_0007284.jpg,1,aigc_detect_bench,BigGAN
corpora/aigc_detect_bench/images/BigGAN/ood_0007316.jpg,1,aigc_detect_bench,BigGAN
corpora/aigc_detect_bench/images/BigGAN/ood_0007348.jpg,1,aigc_detect_bench,BigGAN
corpora/aigc_detect_bench/images/BigGAN/ood_0007380.jpg,1,aigc_detect_bench,BigGAN
corpora/aigc_detect_bench/images/BigGAN/ood_0007412.jpg,1,aigc_detect_bench,BigGAN
corpora/aigc_detect_bench/images/BigGAN/ood_0007444.jpg,1,aigc_detect_bench,BigGAN
corpora/aigc_detect_bench/images/BigGAN/ood_0007476.jpg,1,aigc_detect_bench,BigGAN
corpora/aigc_detect_bench/images/BigGAN/ood_0007508.jpg,1,aigc_detect_bench,BigGAN
corpora/aigc_detect_bench/images/BigGAN/ood_0007540.jpg,1,aigc_detect_bench,BigGAN
corpora/aigc_detect_bench/images/BigGAN/ood_0007572.jpg,1,aigc_detect_bench,BigGAN
corpora/aigc_detect_bench/images/BigGAN/ood_0007604.jpg,1,aigc_detect_bench,BigGAN
corpora/aigc_detect_bench/images/BigGAN/ood_0007636.jpg,1,aigc_detect_bench,BigGAN
corpora/aigc_detect_bench/images/BigGAN/ood_0007668.jpg,1,aigc_detect_bench,BigGAN
corpora/aigc_detect_bench/images/BigGAN/ood_0007700.jpg,1,aigc_detect_bench,BigGAN
corpora/aigc_detect_bench/images/BigGAN/ood_0007732.jpg,1,aigc_detect_bench,BigGAN
corpora/aigc_detect_bench/images/BigGAN/ood_0007764.jpg,1,aigc_detect_bench,BigGAN
corpora/aigc_detect_bench/images/BigGAN/ood_0007796.jpg,1,aigc_detect_bench,BigGAN
corpora/aigc_detect_bench/images/BigGAN/ood_0007828.jpg,1,aigc_detect_bench,BigGAN
corpora/aigc_detect_bench/images/BigGAN/ood_0007860.jpg,1,aigc_detect_bench,BigGAN
corpora/aigc_detect_bench/images/BigGAN/ood_0007892.jpg,1,aigc_detect_bench,BigGAN
corpora/aigc_detect_bench/images/BigGAN/ood_0007924.jpg,1,aigc_detect_bench,BigGAN
corpora/aigc_detect_bench/images/BigGAN/ood_0007956.jpg,1,aigc_detect_bench,BigGAN
corpora/aigc_detect_bench/images/BigGAN/ood_0007988.jpg,1,aigc_detect_bench,BigGAN
corpora/aigc_detect_bench/images/BigGAN/ood_0008020.jpg,1,aigc_detect_bench,BigGAN
corpora/aigc_detect_bench/images/BigGAN/ood_0008052.jpg,1,aigc_detect_bench,BigGAN
corpora/aigc_detect_bench/images/BigGAN/ood_0008084.jpg,1,aigc_detect_bench,BigGAN
corpora/aigc_detect_bench/images/BigGAN/ood_0008116.jpg,1,aigc_detect_bench,BigGAN
corpora/aigc_detect_bench/images/BigGAN/ood_0008148.jpg,1,aigc_detect_bench,BigGAN
corpora/aigc_detect_bench/images/BigGAN/ood_0008180.jpg,1,aigc_detect_bench,BigGAN
corpora/aigc_detect_bench/images/BigGAN/ood_0008212.jpg,1,aigc_detect_bench,BigGAN
corpora/aigc_detect_bench/images/BigGAN/ood_0008244.jpg,1,aigc_detect_bench,BigGAN
corpora/aigc_detect_bench/images/BigGAN/ood_0008276.jpg,1,aigc_detect_bench,BigGAN
corpora/aigc_detect_bench/images/BigGAN/ood_0008308.jpg,1,aigc_detect_bench,BigGAN
corpora/aigc_detect_bench/images/BigGAN/ood_0008340.jpg,1,aigc_detect_bench,BigGAN
corpora/aigc_detect_bench/images/BigGAN/ood_0008372.jpg,1,aigc_detect_bench,BigGAN
corpora/aigc_detect_bench/images/CycleGAN/ood_0000006.jpg,1,aigc_detect_bench,CycleGAN
corpora/aigc_detect_bench/images/CycleGAN/ood_0000040.jpg,1,aigc_detect_bench,CycleGAN
corpora/aigc_detect_bench/images/CycleGAN/ood_0000074.jpg,1,aigc_detect_bench,CycleGAN
corpora/aigc_detect_bench/images/CycleGAN/ood_0000108.jpg,1,aigc_detect_bench,CycleGAN
corpora/aigc_detect_bench/images/CycleGAN/ood_0000142.jpg,1,aigc_detect_bench,CycleGAN
corpora/aigc_detect_bench/images/CycleGAN/ood_0000176.jpg,1,aigc_detect_bench,CycleGAN
corpora/aigc_detect_bench/images/CycleGAN/ood_0000210.jpg,1,aigc_detect_bench,CycleGAN
corpora/aigc_detect_bench/images/CycleGAN/ood_0000244.jpg,1,aigc_detect_bench,CycleGAN
corpora/aigc_detect_bench/images/CycleGAN/ood_0000278.jpg,1,aigc_detect_bench,CycleGAN
corpora/aigc_detect_bench/images/CycleGAN/ood_0000312.jpg,1,aigc_detect_bench,CycleGAN
corpora/aigc_detect_bench/images/CycleGAN/ood_0000346.jpg,1,aigc_detect_bench,CycleGAN
corpora/aigc_detect_bench/images/CycleGAN/ood_0000380.jpg,1,aigc_detect_bench,CycleGAN
corpora/aigc_detect_bench/images/CycleGAN/ood_0000414.jpg,1,aigc_detect_bench,CycleGAN
corpora/aigc_detect_bench/images/CycleGAN/ood_0000448.jpg,1,aigc_detect_bench,CycleGAN
corpora/aigc_detect_bench/images/CycleGAN/ood_0000482.jpg,1,aigc_detect_bench,CycleGAN
corpora/aigc_detect_bench/images/CycleGAN/ood_0000516.jpg,1,aigc_detect_bench,CycleGAN
corpora/aigc_detect_bench/images/CycleGAN/ood_0000550.jpg,1,aigc_detect_bench,CycleGAN
corpora/aigc_detect_bench/images/CycleGAN/ood_0000584.jpg,1,aigc_detect_bench,CycleGAN
corpora/aigc_detect_bench/images/CycleGAN/ood_0000618.jpg,1,aigc_detect_bench,CycleGAN
corpora/aigc_detect_bench/images/CycleGAN/ood_0000652.jpg,1,aigc_detect_bench,CycleGAN
corpora/aigc_detect_bench/images/CycleGAN/ood_0000686.jpg,1,aigc_detect_bench,CycleGAN
corpora/aigc_detect_bench/images/CycleGAN/ood_0000720.jpg,1,aigc_detect_bench,CycleGAN
corpora/aigc_detect_bench/images/CycleGAN/ood_0000754.jpg,1,aigc_detect_bench,CycleGAN
corpora/aigc_detect_bench/images/CycleGAN/ood_0000788.jpg,1,aigc_detect_bench,CycleGAN
corpora/aigc_detect_bench/images/CycleGAN/ood_0000822.jpg,1,aigc_detect_bench,CycleGAN
corpora/aigc_detect_bench/images/CycleGAN/ood_0000856.jpg,1,aigc_detect_bench,CycleGAN
corpora/aigc_detect_bench/images/CycleGAN/ood_0000890.jpg,1,aigc_detect_bench,CycleGAN
corpora/aigc_detect_bench/images/CycleGAN/ood_0000924.jpg,1,aigc_detect_bench,CycleGAN
corpora/aigc_detect_bench/images/CycleGAN/ood_0000958.jpg,1,aigc_detect_bench,CycleGAN
corpora/aigc_detect_bench/images/CycleGAN/ood_0000992.jpg,1,aigc_detect_bench,CycleGAN
corpora/aigc_detect_bench/images/CycleGAN/ood_0001026.jpg,1,aigc_detect_bench,CycleGAN
corpora/aigc_detect_bench/images/CycleGAN/ood_0001060.jpg,1,aigc_detect_bench,CycleGAN
corpora/aigc_detect_bench/images/CycleGAN/ood_0001094.jpg,1,aigc_detect_bench,CycleGAN
corpora/aigc_detect_bench/images/CycleGAN/ood_0001128.jpg,1,aigc_detect_bench,CycleGAN
corpora/aigc_detect_bench/images/CycleGAN/ood_0001162.jpg,1,aigc_detect_bench,CycleGAN
corpora/aigc_detect_bench/images/CycleGAN/ood_0001196.jpg,1,aigc_detect_bench,CycleGAN
corpora/aigc_detect_bench/images/CycleGAN/ood_0001230.jpg,1,aigc_detect_bench,CycleGAN
corpora/aigc_detect_bench/images/CycleGAN/ood_0001264.jpg,1,aigc_detect_bench,CycleGAN
corpora/aigc_detect_bench/images/CycleGAN/ood_0001298.jpg,1,aigc_detect_bench,CycleGAN
corpora/aigc_detect_bench/images/CycleGAN/ood_0001332.jpg,1,aigc_detect_bench,CycleGAN
corpora/aigc_detect_bench/images/CycleGAN/ood_0001366.jpg,1,aigc_detect_bench,CycleGAN
corpora/aigc_detect_bench/images/CycleGAN/ood_0001400.jpg,1,aigc_detect_bench,CycleGAN
corpora/aigc_detect_bench/images/CycleGAN/ood_0001434.jpg,1,aigc_detect_bench,CycleGAN
corpora/aigc_detect_bench/images/CycleGAN/ood_0001468.jpg,1,aigc_detect_bench,CycleGAN
corpora/aigc_detect_bench/images/CycleGAN/ood_0001502.jpg,1,aigc_detect_bench,CycleGAN
corpora/aigc_detect_bench/images/CycleGAN/ood_0001536.jpg,1,aigc_detect_bench,CycleGAN
corpora/aigc_detect_bench/images/CycleGAN/ood_0001570.jpg,1,aigc_detect_bench,CycleGAN
corpora/aigc_detect_bench/images/CycleGAN/ood_0001604.jpg,1,aigc_detect_bench,CycleGAN
corpora/aigc_detect_bench/images/CycleGAN/ood_0001638.jpg,1,aigc_detect_bench,CycleGAN
corpora/aigc_detect_bench/images/CycleGAN/ood_0001672.jpg,1,aigc_detect_bench,CycleGAN
corpora/aigc_detect_bench/images/CycleGAN/ood_0001706.jpg,1,aigc_detect_bench,CycleGAN
corpora/aigc_detect_bench/images/CycleGAN/ood_0001740.jpg,1,aigc_detect_bench,CycleGAN
corpora/aigc_detect_bench/images/CycleGAN/ood_0001774.jpg,1,aigc_detect_bench,CycleGAN
corpora/aigc_detect_bench/images/CycleGAN/ood_0001808.jpg,1,aigc_detect_bench,CycleGAN
corpora/aigc_detect_bench/images/CycleGAN/ood_0001842.jpg,1,aigc_detect_bench,CycleGAN
corpora/aigc_detect_bench/images/CycleGAN/ood_0001876.jpg,1,aigc_detect_bench,CycleGAN
corpora/aigc_detect_bench/images/CycleGAN/ood_0001910.jpg,1,aigc_detect_bench,CycleGAN
corpora/aigc_detect_bench/images/CycleGAN/ood_0001944.jpg,1,aigc_detect_bench,CycleGAN
corpora/aigc_detect_bench/images/CycleGAN/ood_0001978.jpg,1,aigc_detect_bench,CycleGAN
corpora/aigc_detect_bench/images/CycleGAN/ood_0002012.jpg,1,aigc_detect_bench,CycleGAN
corpora/aigc_detect_bench/images/CycleGAN/ood_0002046.jpg,1,aigc_detect_bench,CycleGAN
corpora/aigc_detect_bench/images/CycleGAN/ood_0002080.jpg,1,aigc_detect_bench,CycleGAN
corpora/aigc_detect_bench/images/CycleGAN/ood_0002114.jpg,1,aigc_detect_bench,CycleGAN
corpora/aigc_detect_bench/images/CycleGAN/ood_0002148.jpg,1,aigc_detect_bench,CycleGAN
corpora/aigc_detect_bench/images/CycleGAN/ood_0002182.jpg,1,aigc_detect_bench,CycleGAN
corpora/aigc_detect_bench/images/CycleGAN/ood_0002216.jpg,1,aigc_detect_bench,CycleGAN
corpora/aigc_detect_bench/images/CycleGAN/ood_0002250.jpg,1,aigc_detect_bench,CycleGAN
corpora/aigc_detect_bench/images/CycleGAN/ood_0002284.jpg,1,aigc_detect_bench,CycleGAN
corpora/aigc_detect_bench/images/CycleGAN/ood_0002318.jpg,1,aigc_detect_bench,CycleGAN
corpora/aigc_detect_bench/images/CycleGAN/ood_0002352.jpg,1,aigc_detect_bench,CycleGAN
corpora/aigc_detect_bench/images/CycleGAN/ood_0002386.jpg,1,aigc_detect_bench,CycleGAN
corpora/aigc_detect_bench/images/CycleGAN/ood_0002420.jpg,1,aigc_detect_bench,CycleGAN
corpora/aigc_detect_bench/images/CycleGAN/ood_0002454.jpg,1,aigc_detect_bench,CycleGAN
corpora/aigc_detect_bench/images/CycleGAN/ood_0002488.jpg,1,aigc_detect_bench,CycleGAN
corpora/aigc_detect_bench/images/CycleGAN/ood_0002522.jpg,1,aigc_detect_bench,CycleGAN
corpora/aigc_detect_bench/images/CycleGAN/ood_0002556.jpg,1,aigc_detect_bench,CycleGAN
corpora/aigc_detect_bench/images/CycleGAN/ood_0002590.jpg,1,aigc_detect_bench,CycleGAN
corpora/aigc_detect_bench/images/CycleGAN/ood_0002624.jpg,1,aigc_detect_bench,CycleGAN
corpora/aigc_detect_bench/images/CycleGAN/ood_0002658.jpg,1,aigc_detect_bench,CycleGAN
corpora/aigc_detect_bench/images/CycleGAN/ood_0002692.jpg,1,aigc_detect_bench,CycleGAN
corpora/aigc_detect_bench/images/CycleGAN/ood_0002726.jpg,1,aigc_detect_bench,CycleGAN
corpora/aigc_detect_bench/images/CycleGAN/ood_0002760.jpg,1,aigc_detect_bench,CycleGAN
corpora/aigc_detect_bench/images/CycleGAN/ood_0002794.jpg,1,aigc_detect_bench,CycleGAN
corpora/aigc_detect_bench/images/CycleGAN/ood_0002828.jpg,1,aigc_detect_bench,CycleGAN
corpora/aigc_detect_bench/images/CycleGAN/ood_0002862.jpg,1,aigc_detect_bench,CycleGAN
corpora/aigc_detect_bench/images/CycleGAN/ood_0002896.jpg,1,aigc_detect_bench,CycleGAN
corpora/aigc_detect_bench/images/CycleGAN/ood_0002930.jpg,1,aigc_detect_bench,CycleGAN
corpora/aigc_detect_bench/images/CycleGAN/ood_0002964.jpg,1,aigc_detect_bench,CycleGAN
corpora/aigc_detect_bench/images/CycleGAN/ood_0002998.jpg,1,aigc_detect_bench,CycleGAN
corpora/aigc_detect_bench/images/CycleGAN/ood_0003032.jpg,1,aigc_detect_bench,CycleGAN
corpora/aigc_detect_bench/images/CycleGAN/ood_0003066.jpg,1,aigc_detect_bench,CycleGAN
corpora/aigc_detect_bench/images/CycleGAN/ood_0003100.jpg,1,aigc_detect_bench,CycleGAN
corpora/aigc_detect_bench/images/CycleGAN/ood_0003134.jpg,1,aigc_detect_bench,CycleGAN
corpora/aigc_detect_bench/images/CycleGAN/ood_0003168.jpg,1,aigc_detect_bench,CycleGAN
corpora/aigc_detect_bench/images/CycleGAN/ood_0003202.jpg,1,aigc_detect_bench,CycleGAN
corpora/aigc_detect_bench/images/CycleGAN/ood_0003236.jpg,1,aigc_detect_bench,CycleGAN
corpora/aigc_detect_bench/images/CycleGAN/ood_0003270.jpg,1,aigc_detect_bench,CycleGAN
corpora/aigc_detect_bench/images/CycleGAN/ood_0003304.jpg,1,aigc_detect_bench,CycleGAN
corpora/aigc_detect_bench/images/CycleGAN/ood_0003338.jpg,1,aigc_detect_bench,CycleGAN
corpora/aigc_detect_bench/images/CycleGAN/ood_0003372.jpg,1,aigc_detect_bench,CycleGAN
corpora/aigc_detect_bench/images/CycleGAN/ood_0003406.jpg,1,aigc_detect_bench,CycleGAN
corpora/aigc_detect_bench/images/CycleGAN/ood_0003440.jpg,1,aigc_detect_bench,CycleGAN
corpora/aigc_detect_bench/images/CycleGAN/ood_0003474.jpg,1,aigc_detect_bench,CycleGAN
corpora/aigc_detect_bench/images/CycleGAN/ood_0003508.jpg,1,aigc_detect_bench,CycleGAN
corpora/aigc_detect_bench/images/CycleGAN/ood_0003542.jpg,1,aigc_detect_bench,CycleGAN
corpora/aigc_detect_bench/images/CycleGAN/ood_0003576.jpg,1,aigc_detect_bench,CycleGAN
corpora/aigc_detect_bench/images/CycleGAN/ood_0003610.jpg,1,aigc_detect_bench,CycleGAN
corpora/aigc_detect_bench/images/CycleGAN/ood_0003644.jpg,1,aigc_detect_bench,CycleGAN
corpora/aigc_detect_bench/images/CycleGAN/ood_0003678.jpg,1,aigc_detect_bench,CycleGAN
corpora/aigc_detect_bench/images/CycleGAN/ood_0003712.jpg,1,aigc_detect_bench,CycleGAN
corpora/aigc_detect_bench/images/CycleGAN/ood_0003746.jpg,1,aigc_detect_bench,CycleGAN
corpora/aigc_detect_bench/images/CycleGAN/ood_0003780.jpg,1,aigc_detect_bench,CycleGAN
corpora/aigc_detect_bench/images/CycleGAN/ood_0003814.jpg,1,aigc_detect_bench,CycleGAN
corpora/aigc_detect_bench/images/CycleGAN/ood_0003848.jpg,1,aigc_detect_bench,CycleGAN
corpora/aigc_detect_bench/images/CycleGAN/ood_0003882.jpg,1,aigc_detect_bench,CycleGAN
corpora/aigc_detect_bench/images/CycleGAN/ood_0003916.jpg,1,aigc_detect_bench,CycleGAN
corpora/aigc_detect_bench/images/CycleGAN/ood_0003950.jpg,1,aigc_detect_bench,CycleGAN
corpora/aigc_detect_bench/images/CycleGAN/ood_0003984.jpg,1,aigc_detect_bench,CycleGAN
corpora/aigc_detect_bench/images/CycleGAN/ood_0004018.jpg,1,aigc_detect_bench,CycleGAN
corpora/aigc_detect_bench/images/CycleGAN/ood_0004052.jpg,1,aigc_detect_bench,CycleGAN
corpora/aigc_detect_bench/images/CycleGAN/ood_0004086.jpg,1,aigc_detect_bench,CycleGAN
corpora/aigc_detect_bench/images/CycleGAN/ood_0004120.jpg,1,aigc_detect_bench,CycleGAN
corpora/aigc_detect_bench/images/CycleGAN/ood_0004154.jpg,1,aigc_detect_bench,CycleGAN
corpora/aigc_detect_bench/images/CycleGAN/ood_0004188.jpg,1,aigc_detect_bench,CycleGAN
corpora/aigc_detect_bench/images/CycleGAN/ood_0004222.jpg,1,aigc_detect_bench,CycleGAN
corpora/aigc_detect_bench/images/CycleGAN/ood_0004256.jpg,1,aigc_detect_bench,CycleGAN
corpora/aigc_detect_bench/images/CycleGAN/ood_0004290.jpg,1,aigc_detect_bench,CycleGAN
corpora/aigc_detect_bench/images/CycleGAN/ood_0004324.jpg,1,aigc_detect_bench,CycleGAN
corpora/aigc_detect_bench/images/CycleGAN/ood_0004358.jpg,1,aigc_detect_bench,CycleGAN
corpora/aigc_detect_bench/images/CycleGAN/ood_0004392.jpg,1,aigc_detect_bench,CycleGAN
corpora/aigc_detect_bench/images/CycleGAN/ood_0004426.jpg,1,aigc_detect_bench,CycleGAN
corpora/aigc_detect_bench/images/CycleGAN/ood_0004460.jpg,1,aigc_detect_bench,CycleGAN
corpora/aigc_detect_bench/images/CycleGAN/ood_0004494.jpg,1,aigc_detect_bench,CycleGAN
corpora/aigc_detect_bench/images/CycleGAN/ood_0004528.jpg,1,aigc_detect_bench,CycleGAN
corpora/aigc_detect_bench/images/CycleGAN/ood_0004562.jpg,1,aigc_detect_bench,CycleGAN
corpora/aigc_detect_bench/images/CycleGAN/ood_0004596.jpg,1,aigc_detect_bench,CycleGAN
corpora/aigc_detect_bench/images/CycleGAN/ood_0004630.jpg,1,aigc_detect_bench,CycleGAN
corpora/aigc_detect_bench/images/CycleGAN/ood_0004664.jpg,1,aigc_detect_bench,CycleGAN
corpora/aigc_detect_bench/images/CycleGAN/ood_0004698.jpg,1,aigc_detect_bench,CycleGAN
corpora/aigc_detect_bench/images/CycleGAN/ood_0004732.jpg,1,aigc_detect_bench,CycleGAN
corpora/aigc_detect_bench/images/CycleGAN/ood_0004766.jpg,1,aigc_detect_bench,CycleGAN
corpora/aigc_detect_bench/images/CycleGAN/ood_0004800.jpg,1,aigc_detect_bench,CycleGAN
corpora/aigc_detect_bench/images/CycleGAN/ood_0004834.jpg,1,aigc_detect_bench,CycleGAN
corpora/aigc_detect_bench/images/CycleGAN/ood_0004868.jpg,1,aigc_detect_bench,CycleGAN
corpora/aigc_detect_bench/images/CycleGAN/ood_0004902.jpg,1,aigc_detect_bench,CycleGAN
corpora/aigc_detect_bench/images/CycleGAN/ood_0004936.jpg,1,aigc_detect_bench,CycleGAN
corpora/aigc_detect_bench/images/CycleGAN/ood_0004970.jpg,1,aigc_detect_bench,CycleGAN
corpora/aigc_detect_bench/images/CycleGAN/ood_0005004.jpg,1,aigc_detect_bench,CycleGAN
corpora/aigc_detect_bench/images/CycleGAN/ood_0005038.jpg,1,aigc_detect_bench,CycleGAN
corpora/aigc_detect_bench/images/CycleGAN/ood_0005072.jpg,1,aigc_detect_bench,CycleGAN
corpora/aigc_detect_bench/images/CycleGAN/ood_0005106.jpg,1,aigc_detect_bench,CycleGAN
corpora/aigc_detect_bench/images/CycleGAN/ood_0005140.jpg,1,aigc_detect_bench,CycleGAN
corpora/aigc_detect_bench/images/CycleGAN/ood_0005174.jpg,1,aigc_detect_bench,CycleGAN
corpora/aigc_detect_bench/images/CycleGAN/ood_0005208.jpg,1,aigc_detect_bench,CycleGAN
corpora/aigc_detect_bench/images/CycleGAN/ood_0005242.jpg,1,aigc_detect_bench,CycleGAN
corpora/aigc_detect_bench/images/CycleGAN/ood_0005276.jpg,1,aigc_detect_bench,CycleGAN
corpora/aigc_detect_bench/images/CycleGAN/ood_0005310.jpg,1,aigc_detect_bench,CycleGAN
corpora/aigc_detect_bench/images/CycleGAN/ood_0005344.jpg,1,aigc_detect_bench,CycleGAN
corpora/aigc_detect_bench/images/CycleGAN/ood_0005378.jpg,1,aigc_detect_bench,CycleGAN
corpora/aigc_detect_bench/images/CycleGAN/ood_0005412.jpg,1,aigc_detect_bench,CycleGAN
corpora/aigc_detect_bench/images/CycleGAN/ood_0005446.jpg,1,aigc_detect_bench,CycleGAN
corpora/aigc_detect_bench/images/CycleGAN/ood_0005480.jpg,1,aigc_detect_bench,CycleGAN
corpora/aigc_detect_bench/images/CycleGAN/ood_0005514.jpg,1,aigc_detect_bench,CycleGAN
corpora/aigc_detect_bench/images/CycleGAN/ood_0005548.jpg,1,aigc_detect_bench,CycleGAN
corpora/aigc_detect_bench/images/CycleGAN/ood_0005582.jpg,1,aigc_detect_bench,CycleGAN
corpora/aigc_detect_bench/images/CycleGAN/ood_0005616.jpg,1,aigc_detect_bench,CycleGAN
corpora/aigc_detect_bench/images/CycleGAN/ood_0005650.jpg,1,aigc_detect_bench,CycleGAN
corpora/aigc_detect_bench/images/CycleGAN/ood_0005684.jpg,1,aigc_detect_bench,CycleGAN
corpora/aigc_detect_bench/images/CycleGAN/ood_0005718.jpg,1,aigc_detect_bench,CycleGAN
corpora/aigc_detect_bench/images/CycleGAN/ood_0005752.jpg,1,aigc_detect_bench,CycleGAN
corpora/aigc_detect_bench/images/CycleGAN/ood_0005786.jpg,1,aigc_detect_bench,CycleGAN
corpora/aigc_detect_bench/images/CycleGAN/ood_0005820.jpg,1,aigc_detect_bench,CycleGAN
corpora/aigc_detect_bench/images/CycleGAN/ood_0005854.jpg,1,aigc_detect_bench,CycleGAN
corpora/aigc_detect_bench/images/CycleGAN/ood_0005888.jpg,1,aigc_detect_bench,CycleGAN
corpora/aigc_detect_bench/images/CycleGAN/ood_0005922.jpg,1,aigc_detect_bench,CycleGAN
corpora/aigc_detect_bench/images/CycleGAN/ood_0005956.jpg,1,aigc_detect_bench,CycleGAN
corpora/aigc_detect_bench/images/CycleGAN/ood_0005990.jpg,1,aigc_detect_bench,CycleGAN
corpora/aigc_detect_bench/images/CycleGAN/ood_0006024.jpg,1,aigc_detect_bench,CycleGAN
corpora/aigc_detect_bench/images/CycleGAN/ood_0006058.jpg,1,aigc_detect_bench,CycleGAN
corpora/aigc_detect_bench/images/CycleGAN/ood_0006092.jpg,1,aigc_detect_bench,CycleGAN
corpora/aigc_detect_bench/images/CycleGAN/ood_0006126.jpg,1,aigc_detect_bench,CycleGAN
corpora/aigc_detect_bench/images/CycleGAN/ood_0006160.jpg,1,aigc_detect_bench,CycleGAN
corpora/aigc_detect_bench/images/CycleGAN/ood_0006194.jpg,1,aigc_detect_bench,CycleGAN
corpora/aigc_detect_bench/images/CycleGAN/ood_0006228.jpg,1,aigc_detect_bench,CycleGAN
corpora/aigc_detect_bench/images/CycleGAN/ood_0006262.jpg,1,aigc_detect_bench,CycleGAN
corpora/aigc_detect_bench/images/CycleGAN/ood_0006296.jpg,1,aigc_detect_bench,CycleGAN
corpora/aigc_detect_bench/images/CycleGAN/ood_0006330.jpg,1,aigc_detect_bench,CycleGAN
corpora/aigc_detect_bench/images/CycleGAN/ood_0006364.jpg,1,aigc_detect_bench,CycleGAN
corpora/aigc_detect_bench/images/CycleGAN/ood_0006398.jpg,1,aigc_detect_bench,CycleGAN
corpora/aigc_detect_bench/images/CycleGAN/ood_0006432.jpg,1,aigc_detect_bench,CycleGAN
corpora/aigc_detect_bench/images/CycleGAN/ood_0006466.jpg,1,aigc_detect_bench,CycleGAN
corpora/aigc_detect_bench/images/CycleGAN/ood_0006500.jpg,1,aigc_detect_bench,CycleGAN
corpora/aigc_detect_bench/images/CycleGAN/ood_0006534.jpg,1,aigc_detect_bench,CycleGAN
corpora/aigc_detect_bench/images/CycleGAN/ood_0006568.jpg,1,aigc_detect_bench,CycleGAN
corpora/aigc_detect_bench/images/CycleGAN/ood_0006602.jpg,1,aigc_detect_bench,CycleGAN
corpora/aigc_detect_bench/images/CycleGAN/ood_0006636.jpg,1,aigc_detect_bench,CycleGAN
corpora/aigc_detect_bench/images/CycleGAN/ood_0006670.jpg,1,aigc_detect_bench,CycleGAN
corpora/aigc_detect_bench/images/CycleGAN/ood_0006704.jpg,1,aigc_detect_bench,CycleGAN
corpora/aigc_detect_bench/images/CycleGAN/ood_0006738.jpg,1,aigc_detect_bench,CycleGAN
corpora/aigc_detect_bench/images/CycleGAN/ood_0006772.jpg,1,aigc_detect_bench,CycleGAN
corpora/aigc_detect_bench/images/CycleGAN/ood_0006806.jpg,1,aigc_detect_bench,CycleGAN
corpora/aigc_detect_bench/images/CycleGAN/ood_0006838.jpg,1,aigc_detect_bench,CycleGAN
corpora/aigc_detect_bench/images/CycleGAN/ood_0006870.jpg,1,aigc_detect_bench,CycleGAN
corpora/aigc_detect_bench/images/CycleGAN/ood_0006902.jpg,1,aigc_detect_bench,CycleGAN
corpora/aigc_detect_bench/images/CycleGAN/ood_0006934.jpg,1,aigc_detect_bench,CycleGAN
corpora/aigc_detect_bench/images/CycleGAN/ood_0006966.jpg,1,aigc_detect_bench,CycleGAN
corpora/aigc_detect_bench/images/CycleGAN/ood_0006998.jpg,1,aigc_detect_bench,CycleGAN
corpora/aigc_detect_bench/images/CycleGAN/ood_0007030.jpg,1,aigc_detect_bench,CycleGAN
corpora/aigc_detect_bench/images/CycleGAN/ood_0007062.jpg,1,aigc_detect_bench,CycleGAN
corpora/aigc_detect_bench/images/CycleGAN/ood_0007094.jpg,1,aigc_detect_bench,CycleGAN
corpora/aigc_detect_bench/images/CycleGAN/ood_0007126.jpg,1,aigc_detect_bench,CycleGAN
corpora/aigc_detect_bench/images/CycleGAN/ood_0007158.jpg,1,aigc_detect_bench,CycleGAN
corpora/aigc_detect_bench/images/CycleGAN/ood_0007190.jpg,1,aigc_detect_bench,CycleGAN
corpora/aigc_detect_bench/images/CycleGAN/ood_0007222.jpg,1,aigc_detect_bench,CycleGAN
corpora/aigc_detect_bench/images/CycleGAN/ood_0007254.jpg,1,aigc_detect_bench,CycleGAN
corpora/aigc_detect_bench/images/CycleGAN/ood_0007286.jpg,1,aigc_detect_bench,CycleGAN
corpora/aigc_detect_bench/images/CycleGAN/ood_0007318.jpg,1,aigc_detect_bench,CycleGAN
corpora/aigc_detect_bench/images/CycleGAN/ood_0007350.jpg,1,aigc_detect_bench,CycleGAN
corpora/aigc_detect_bench/images/CycleGAN/ood_0007382.jpg,1,aigc_detect_bench,CycleGAN
corpora/aigc_detect_bench/images/CycleGAN/ood_0007414.jpg,1,aigc_detect_bench,CycleGAN
corpora/aigc_detect_bench/images/CycleGAN/ood_0007446.jpg,1,aigc_detect_bench,CycleGAN
corpora/aigc_detect_bench/images/CycleGAN/ood_0007478.jpg,1,aigc_detect_bench,CycleGAN
corpora/aigc_detect_bench/images/CycleGAN/ood_0007510.jpg,1,aigc_detect_bench,CycleGAN
corpora/aigc_detect_bench/images/CycleGAN/ood_0007542.jpg,1,aigc_detect_bench,CycleGAN
corpora/aigc_detect_bench/images/CycleGAN/ood_0007574.jpg,1,aigc_detect_bench,CycleGAN
corpora/aigc_detect_bench/images/CycleGAN/ood_0007606.jpg,1,aigc_detect_bench,CycleGAN
corpora/aigc_detect_bench/images/CycleGAN/ood_0007638.jpg,1,aigc_detect_bench,CycleGAN
corpora/aigc_detect_bench/images/CycleGAN/ood_0007670.jpg,1,aigc_detect_bench,CycleGAN
corpora/aigc_detect_bench/images/CycleGAN/ood_0007702.jpg,1,aigc_detect_bench,CycleGAN
corpora/aigc_detect_bench/images/CycleGAN/ood_0007734.jpg,1,aigc_detect_bench,CycleGAN
corpora/aigc_detect_bench/images/CycleGAN/ood_0007766.jpg,1,aigc_detect_bench,CycleGAN
corpora/aigc_detect_bench/images/CycleGAN/ood_0007798.jpg,1,aigc_detect_bench,CycleGAN
corpora/aigc_detect_bench/images/CycleGAN/ood_0007830.jpg,1,aigc_detect_bench,CycleGAN
corpora/aigc_detect_bench/images/CycleGAN/ood_0007862.jpg,1,aigc_detect_bench,CycleGAN
corpora/aigc_detect_bench/images/CycleGAN/ood_0007894.jpg,1,aigc_detect_bench,CycleGAN
corpora/aigc_detect_bench/images/CycleGAN/ood_0007926.jpg,1,aigc_detect_bench,CycleGAN
corpora/aigc_detect_bench/images/CycleGAN/ood_0007958.jpg,1,aigc_detect_bench,CycleGAN
corpora/aigc_detect_bench/images/CycleGAN/ood_0007990.jpg,1,aigc_detect_bench,CycleGAN
corpora/aigc_detect_bench/images/CycleGAN/ood_0008022.jpg,1,aigc_detect_bench,CycleGAN
corpora/aigc_detect_bench/images/CycleGAN/ood_0008054.jpg,1,aigc_detect_bench,CycleGAN
corpora/aigc_detect_bench/images/CycleGAN/ood_0008086.jpg,1,aigc_detect_bench,CycleGAN
corpora/aigc_detect_bench/images/CycleGAN/ood_0008118.jpg,1,aigc_detect_bench,CycleGAN
corpora/aigc_detect_bench/images/CycleGAN/ood_0008150.jpg,1,aigc_detect_bench,CycleGAN
corpora/aigc_detect_bench/images/CycleGAN/ood_0008182.jpg,1,aigc_detect_bench,CycleGAN
corpora/aigc_detect_bench/images/CycleGAN/ood_0008214.jpg,1,aigc_detect_bench,CycleGAN
corpora/aigc_detect_bench/images/CycleGAN/ood_0008246.jpg,1,aigc_detect_bench,CycleGAN
corpora/aigc_detect_bench/images/CycleGAN/ood_0008278.jpg,1,aigc_detect_bench,CycleGAN
corpora/aigc_detect_bench/images/CycleGAN/ood_0008310.jpg,1,aigc_detect_bench,CycleGAN
corpora/aigc_detect_bench/images/CycleGAN/ood_0008342.jpg,1,aigc_detect_bench,CycleGAN
corpora/aigc_detect_bench/images/CycleGAN/ood_0008374.jpg,1,aigc_detect_bench,CycleGAN
corpora/aigc_detect_bench/images/DALLE2/ood_0000008.jpg,1,aigc_detect_bench,DALLE2
corpora/aigc_detect_bench/images/DALLE2/ood_0000042.jpg,1,aigc_detect_bench,DALLE2
corpora/aigc_detect_bench/images/DALLE2/ood_0000076.jpg,1,aigc_detect_bench,DALLE2
corpora/aigc_detect_bench/images/DALLE2/ood_0000110.jpg,1,aigc_detect_bench,DALLE2
corpora/aigc_detect_bench/images/DALLE2/ood_0000144.jpg,1,aigc_detect_bench,DALLE2
corpora/aigc_detect_bench/images/DALLE2/ood_0000178.jpg,1,aigc_detect_bench,DALLE2
corpora/aigc_detect_bench/images/DALLE2/ood_0000212.jpg,1,aigc_detect_bench,DALLE2
corpora/aigc_detect_bench/images/DALLE2/ood_0000246.jpg,1,aigc_detect_bench,DALLE2
corpora/aigc_detect_bench/images/DALLE2/ood_0000280.jpg,1,aigc_detect_bench,DALLE2
corpora/aigc_detect_bench/images/DALLE2/ood_0000314.jpg,1,aigc_detect_bench,DALLE2
corpora/aigc_detect_bench/images/DALLE2/ood_0000348.jpg,1,aigc_detect_bench,DALLE2
corpora/aigc_detect_bench/images/DALLE2/ood_0000382.jpg,1,aigc_detect_bench,DALLE2
corpora/aigc_detect_bench/images/DALLE2/ood_0000416.jpg,1,aigc_detect_bench,DALLE2
corpora/aigc_detect_bench/images/DALLE2/ood_0000450.jpg,1,aigc_detect_bench,DALLE2
corpora/aigc_detect_bench/images/DALLE2/ood_0000484.jpg,1,aigc_detect_bench,DALLE2
corpora/aigc_detect_bench/images/DALLE2/ood_0000518.jpg,1,aigc_detect_bench,DALLE2
corpora/aigc_detect_bench/images/DALLE2/ood_0000552.jpg,1,aigc_detect_bench,DALLE2
corpora/aigc_detect_bench/images/DALLE2/ood_0000586.jpg,1,aigc_detect_bench,DALLE2
corpora/aigc_detect_bench/images/DALLE2/ood_0000620.jpg,1,aigc_detect_bench,DALLE2
corpora/aigc_detect_bench/images/DALLE2/ood_0000654.jpg,1,aigc_detect_bench,DALLE2
corpora/aigc_detect_bench/images/DALLE2/ood_0000688.jpg,1,aigc_detect_bench,DALLE2
corpora/aigc_detect_bench/images/DALLE2/ood_0000722.jpg,1,aigc_detect_bench,DALLE2
corpora/aigc_detect_bench/images/DALLE2/ood_0000756.jpg,1,aigc_detect_bench,DALLE2
corpora/aigc_detect_bench/images/DALLE2/ood_0000790.jpg,1,aigc_detect_bench,DALLE2
corpora/aigc_detect_bench/images/DALLE2/ood_0000824.jpg,1,aigc_detect_bench,DALLE2
corpora/aigc_detect_bench/images/DALLE2/ood_0000858.jpg,1,aigc_detect_bench,DALLE2
corpora/aigc_detect_bench/images/DALLE2/ood_0000892.jpg,1,aigc_detect_bench,DALLE2
corpora/aigc_detect_bench/images/DALLE2/ood_0000926.jpg,1,aigc_detect_bench,DALLE2
corpora/aigc_detect_bench/images/DALLE2/ood_0000960.jpg,1,aigc_detect_bench,DALLE2
corpora/aigc_detect_bench/images/DALLE2/ood_0000994.jpg,1,aigc_detect_bench,DALLE2
corpora/aigc_detect_bench/images/DALLE2/ood_0001028.jpg,1,aigc_detect_bench,DALLE2
corpora/aigc_detect_bench/images/DALLE2/ood_0001062.jpg,1,aigc_detect_bench,DALLE2
corpora/aigc_detect_bench/images/DALLE2/ood_0001096.jpg,1,aigc_detect_bench,DALLE2
corpora/aigc_detect_bench/images/DALLE2/ood_0001130.jpg,1,aigc_detect_bench,DALLE2
corpora/aigc_detect_bench/images/DALLE2/ood_0001164.jpg,1,aigc_detect_bench,DALLE2
corpora/aigc_detect_bench/images/DALLE2/ood_0001198.jpg,1,aigc_detect_bench,DALLE2
corpora/aigc_detect_bench/images/DALLE2/ood_0001232.jpg,1,aigc_detect_bench,DALLE2
corpora/aigc_detect_bench/images/DALLE2/ood_0001266.jpg,1,aigc_detect_bench,DALLE2
corpora/aigc_detect_bench/images/DALLE2/ood_0001300.jpg,1,aigc_detect_bench,DALLE2
corpora/aigc_detect_bench/images/DALLE2/ood_0001334.jpg,1,aigc_detect_bench,DALLE2
corpora/aigc_detect_bench/images/DALLE2/ood_0001368.jpg,1,aigc_detect_bench,DALLE2
corpora/aigc_detect_bench/images/DALLE2/ood_0001402.jpg,1,aigc_detect_bench,DALLE2
corpora/aigc_detect_bench/images/DALLE2/ood_0001436.jpg,1,aigc_detect_bench,DALLE2
corpora/aigc_detect_bench/images/DALLE2/ood_0001470.jpg,1,aigc_detect_bench,DALLE2
corpora/aigc_detect_bench/images/DALLE2/ood_0001504.jpg,1,aigc_detect_bench,DALLE2
corpora/aigc_detect_bench/images/DALLE2/ood_0001538.jpg,1,aigc_detect_bench,DALLE2
corpora/aigc_detect_bench/images/DALLE2/ood_0001572.jpg,1,aigc_detect_bench,DALLE2
corpora/aigc_detect_bench/images/DALLE2/ood_0001606.jpg,1,aigc_detect_bench,DALLE2
corpora/aigc_detect_bench/images/DALLE2/ood_0001640.jpg,1,aigc_detect_bench,DALLE2
corpora/aigc_detect_bench/images/DALLE2/ood_0001674.jpg,1,aigc_detect_bench,DALLE2
corpora/aigc_detect_bench/images/DALLE2/ood_0001708.jpg,1,aigc_detect_bench,DALLE2
corpora/aigc_detect_bench/images/DALLE2/ood_0001742.jpg,1,aigc_detect_bench,DALLE2
corpora/aigc_detect_bench/images/DALLE2/ood_0001776.jpg,1,aigc_detect_bench,DALLE2
corpora/aigc_detect_bench/images/DALLE2/ood_0001810.jpg,1,aigc_detect_bench,DALLE2
corpora/aigc_detect_bench/images/DALLE2/ood_0001844.jpg,1,aigc_detect_bench,DALLE2
corpora/aigc_detect_bench/images/DALLE2/ood_0001878.jpg,1,aigc_detect_bench,DALLE2
corpora/aigc_detect_bench/images/DALLE2/ood_0001912.jpg,1,aigc_detect_bench,DALLE2
corpora/aigc_detect_bench/images/DALLE2/ood_0001946.jpg,1,aigc_detect_bench,DALLE2
corpora/aigc_detect_bench/images/DALLE2/ood_0001980.jpg,1,aigc_detect_bench,DALLE2
corpora/aigc_detect_bench/images/DALLE2/ood_0002014.jpg,1,aigc_detect_bench,DALLE2
corpora/aigc_detect_bench/images/DALLE2/ood_0002048.jpg,1,aigc_detect_bench,DALLE2
corpora/aigc_detect_bench/images/DALLE2/ood_0002082.jpg,1,aigc_detect_bench,DALLE2
corpora/aigc_detect_bench/images/DALLE2/ood_0002116.jpg,1,aigc_detect_bench,DALLE2
corpora/aigc_detect_bench/images/DALLE2/ood_0002150.jpg,1,aigc_detect_bench,DALLE2
corpora/aigc_detect_bench/images/DALLE2/ood_0002184.jpg,1,aigc_detect_bench,DALLE2
corpora/aigc_detect_bench/images/DALLE2/ood_0002218.jpg,1,aigc_detect_bench,DALLE2
corpora/aigc_detect_bench/images/DALLE2/ood_0002252.jpg,1,aigc_detect_bench,DALLE2
corpora/aigc_detect_bench/images/DALLE2/ood_0002286.jpg,1,aigc_detect_bench,DALLE2
corpora/aigc_detect_bench/images/DALLE2/ood_0002320.jpg,1,aigc_detect_bench,DALLE2
corpora/aigc_detect_bench/images/DALLE2/ood_0002354.jpg,1,aigc_detect_bench,DALLE2
corpora/aigc_detect_bench/images/DALLE2/ood_0002388.jpg,1,aigc_detect_bench,DALLE2
corpora/aigc_detect_bench/images/DALLE2/ood_0002422.jpg,1,aigc_detect_bench,DALLE2
corpora/aigc_detect_bench/images/DALLE2/ood_0002456.jpg,1,aigc_detect_bench,DALLE2
corpora/aigc_detect_bench/images/DALLE2/ood_0002490.jpg,1,aigc_detect_bench,DALLE2
corpora/aigc_detect_bench/images/DALLE2/ood_0002524.jpg,1,aigc_detect_bench,DALLE2
corpora/aigc_detect_bench/images/DALLE2/ood_0002558.jpg,1,aigc_detect_bench,DALLE2
corpora/aigc_detect_bench/images/DALLE2/ood_0002592.jpg,1,aigc_detect_bench,DALLE2
corpora/aigc_detect_bench/images/DALLE2/ood_0002626.jpg,1,aigc_detect_bench,DALLE2
corpora/aigc_detect_bench/images/DALLE2/ood_0002660.jpg,1,aigc_detect_bench,DALLE2
corpora/aigc_detect_bench/images/DALLE2/ood_0002694.jpg,1,aigc_detect_bench,DALLE2
corpora/aigc_detect_bench/images/DALLE2/ood_0002728.jpg,1,aigc_detect_bench,DALLE2
corpora/aigc_detect_bench/images/DALLE2/ood_0002762.jpg,1,aigc_detect_bench,DALLE2
corpora/aigc_detect_bench/images/DALLE2/ood_0002796.jpg,1,aigc_detect_bench,DALLE2
corpora/aigc_detect_bench/images/DALLE2/ood_0002830.jpg,1,aigc_detect_bench,DALLE2
corpora/aigc_detect_bench/images/DALLE2/ood_0002864.jpg,1,aigc_detect_bench,DALLE2
corpora/aigc_detect_bench/images/DALLE2/ood_0002898.jpg,1,aigc_detect_bench,DALLE2
corpora/aigc_detect_bench/images/DALLE2/ood_0002932.jpg,1,aigc_detect_bench,DALLE2
corpora/aigc_detect_bench/images/DALLE2/ood_0002966.jpg,1,aigc_detect_bench,DALLE2
corpora/aigc_detect_bench/images/DALLE2/ood_0003000.jpg,1,aigc_detect_bench,DALLE2
corpora/aigc_detect_bench/images/DALLE2/ood_0003034.jpg,1,aigc_detect_bench,DALLE2
corpora/aigc_detect_bench/images/DALLE2/ood_0003068.jpg,1,aigc_detect_bench,DALLE2
corpora/aigc_detect_bench/images/DALLE2/ood_0003102.jpg,1,aigc_detect_bench,DALLE2
corpora/aigc_detect_bench/images/DALLE2/ood_0003136.jpg,1,aigc_detect_bench,DALLE2
corpora/aigc_detect_bench/images/DALLE2/ood_0003170.jpg,1,aigc_detect_bench,DALLE2
corpora/aigc_detect_bench/images/DALLE2/ood_0003204.jpg,1,aigc_detect_bench,DALLE2
corpora/aigc_detect_bench/images/DALLE2/ood_0003238.jpg,1,aigc_detect_bench,DALLE2
corpora/aigc_detect_bench/images/DALLE2/ood_0003272.jpg,1,aigc_detect_bench,DALLE2
corpora/aigc_detect_bench/images/DALLE2/ood_0003306.jpg,1,aigc_detect_bench,DALLE2
corpora/aigc_detect_bench/images/DALLE2/ood_0003340.jpg,1,aigc_detect_bench,DALLE2
corpora/aigc_detect_bench/images/DALLE2/ood_0003374.jpg,1,aigc_detect_bench,DALLE2
corpora/aigc_detect_bench/images/DALLE2/ood_0003408.jpg,1,aigc_detect_bench,DALLE2
corpora/aigc_detect_bench/images/DALLE2/ood_0003442.jpg,1,aigc_detect_bench,DALLE2
corpora/aigc_detect_bench/images/DALLE2/ood_0003476.jpg,1,aigc_detect_bench,DALLE2
corpora/aigc_detect_bench/images/DALLE2/ood_0003510.jpg,1,aigc_detect_bench,DALLE2
corpora/aigc_detect_bench/images/DALLE2/ood_0003544.jpg,1,aigc_detect_bench,DALLE2
corpora/aigc_detect_bench/images/DALLE2/ood_0003578.jpg,1,aigc_detect_bench,DALLE2
corpora/aigc_detect_bench/images/DALLE2/ood_0003612.jpg,1,aigc_detect_bench,DALLE2
corpora/aigc_detect_bench/images/DALLE2/ood_0003646.jpg,1,aigc_detect_bench,DALLE2
corpora/aigc_detect_bench/images/DALLE2/ood_0003680.jpg,1,aigc_detect_bench,DALLE2
corpora/aigc_detect_bench/images/DALLE2/ood_0003714.jpg,1,aigc_detect_bench,DALLE2
corpora/aigc_detect_bench/images/DALLE2/ood_0003748.jpg,1,aigc_detect_bench,DALLE2
corpora/aigc_detect_bench/images/DALLE2/ood_0003782.jpg,1,aigc_detect_bench,DALLE2
corpora/aigc_detect_bench/images/DALLE2/ood_0003816.jpg,1,aigc_detect_bench,DALLE2
corpora/aigc_detect_bench/images/DALLE2/ood_0003850.jpg,1,aigc_detect_bench,DALLE2
corpora/aigc_detect_bench/images/DALLE2/ood_0003884.jpg,1,aigc_detect_bench,DALLE2
corpora/aigc_detect_bench/images/DALLE2/ood_0003918.jpg,1,aigc_detect_bench,DALLE2
corpora/aigc_detect_bench/images/DALLE2/ood_0003952.jpg,1,aigc_detect_bench,DALLE2
corpora/aigc_detect_bench/images/DALLE2/ood_0003986.jpg,1,aigc_detect_bench,DALLE2
corpora/aigc_detect_bench/images/DALLE2/ood_0004020.jpg,1,aigc_detect_bench,DALLE2
corpora/aigc_detect_bench/images/DALLE2/ood_0004054.jpg,1,aigc_detect_bench,DALLE2
corpora/aigc_detect_bench/images/DALLE2/ood_0004088.jpg,1,aigc_detect_bench,DALLE2
corpora/aigc_detect_bench/images/DALLE2/ood_0004122.jpg,1,aigc_detect_bench,DALLE2
corpora/aigc_detect_bench/images/DALLE2/ood_0004156.jpg,1,aigc_detect_bench,DALLE2
corpora/aigc_detect_bench/images/DALLE2/ood_0004190.jpg,1,aigc_detect_bench,DALLE2
corpora/aigc_detect_bench/images/DALLE2/ood_0004224.jpg,1,aigc_detect_bench,DALLE2
corpora/aigc_detect_bench/images/DALLE2/ood_0004258.jpg,1,aigc_detect_bench,DALLE2
corpora/aigc_detect_bench/images/DALLE2/ood_0004292.jpg,1,aigc_detect_bench,DALLE2
corpora/aigc_detect_bench/images/DALLE2/ood_0004326.jpg,1,aigc_detect_bench,DALLE2
corpora/aigc_detect_bench/images/DALLE2/ood_0004360.jpg,1,aigc_detect_bench,DALLE2
corpora/aigc_detect_bench/images/DALLE2/ood_0004394.jpg,1,aigc_detect_bench,DALLE2
corpora/aigc_detect_bench/images/DALLE2/ood_0004428.jpg,1,aigc_detect_bench,DALLE2
corpora/aigc_detect_bench/images/DALLE2/ood_0004462.jpg,1,aigc_detect_bench,DALLE2
corpora/aigc_detect_bench/images/DALLE2/ood_0004496.jpg,1,aigc_detect_bench,DALLE2
corpora/aigc_detect_bench/images/DALLE2/ood_0004530.jpg,1,aigc_detect_bench,DALLE2
corpora/aigc_detect_bench/images/DALLE2/ood_0004564.jpg,1,aigc_detect_bench,DALLE2
corpora/aigc_detect_bench/images/DALLE2/ood_0004598.jpg,1,aigc_detect_bench,DALLE2
corpora/aigc_detect_bench/images/DALLE2/ood_0004632.jpg,1,aigc_detect_bench,DALLE2
corpora/aigc_detect_bench/images/DALLE2/ood_0004666.jpg,1,aigc_detect_bench,DALLE2
corpora/aigc_detect_bench/images/DALLE2/ood_0004700.jpg,1,aigc_detect_bench,DALLE2
corpora/aigc_detect_bench/images/DALLE2/ood_0004734.jpg,1,aigc_detect_bench,DALLE2
corpora/aigc_detect_bench/images/DALLE2/ood_0004768.jpg,1,aigc_detect_bench,DALLE2
corpora/aigc_detect_bench/images/DALLE2/ood_0004802.jpg,1,aigc_detect_bench,DALLE2
corpora/aigc_detect_bench/images/DALLE2/ood_0004836.jpg,1,aigc_detect_bench,DALLE2
corpora/aigc_detect_bench/images/DALLE2/ood_0004870.jpg,1,aigc_detect_bench,DALLE2
corpora/aigc_detect_bench/images/DALLE2/ood_0004904.jpg,1,aigc_detect_bench,DALLE2
corpora/aigc_detect_bench/images/DALLE2/ood_0004938.jpg,1,aigc_detect_bench,DALLE2
corpora/aigc_detect_bench/images/DALLE2/ood_0004972.jpg,1,aigc_detect_bench,DALLE2
corpora/aigc_detect_bench/images/DALLE2/ood_0005006.jpg,1,aigc_detect_bench,DALLE2
corpora/aigc_detect_bench/images/DALLE2/ood_0005040.jpg,1,aigc_detect_bench,DALLE2
corpora/aigc_detect_bench/images/DALLE2/ood_0005074.jpg,1,aigc_detect_bench,DALLE2
corpora/aigc_detect_bench/images/DALLE2/ood_0005108.jpg,1,aigc_detect_bench,DALLE2
corpora/aigc_detect_bench/images/DALLE2/ood_0005142.jpg,1,aigc_detect_bench,DALLE2
corpora/aigc_detect_bench/images/DALLE2/ood_0005176.jpg,1,aigc_detect_bench,DALLE2
corpora/aigc_detect_bench/images/DALLE2/ood_0005210.jpg,1,aigc_detect_bench,DALLE2
corpora/aigc_detect_bench/images/DALLE2/ood_0005244.jpg,1,aigc_detect_bench,DALLE2
corpora/aigc_detect_bench/images/DALLE2/ood_0005278.jpg,1,aigc_detect_bench,DALLE2
corpora/aigc_detect_bench/images/DALLE2/ood_0005312.jpg,1,aigc_detect_bench,DALLE2
corpora/aigc_detect_bench/images/DALLE2/ood_0005346.jpg,1,aigc_detect_bench,DALLE2
corpora/aigc_detect_bench/images/DALLE2/ood_0005380.jpg,1,aigc_detect_bench,DALLE2
corpora/aigc_detect_bench/images/DALLE2/ood_0005414.jpg,1,aigc_detect_bench,DALLE2
corpora/aigc_detect_bench/images/DALLE2/ood_0005448.jpg,1,aigc_detect_bench,DALLE2
corpora/aigc_detect_bench/images/DALLE2/ood_0005482.jpg,1,aigc_detect_bench,DALLE2
corpora/aigc_detect_bench/images/DALLE2/ood_0005516.jpg,1,aigc_detect_bench,DALLE2
corpora/aigc_detect_bench/images/DALLE2/ood_0005550.jpg,1,aigc_detect_bench,DALLE2
corpora/aigc_detect_bench/images/DALLE2/ood_0005584.jpg,1,aigc_detect_bench,DALLE2
corpora/aigc_detect_bench/images/DALLE2/ood_0005618.jpg,1,aigc_detect_bench,DALLE2
corpora/aigc_detect_bench/images/DALLE2/ood_0005652.jpg,1,aigc_detect_bench,DALLE2
corpora/aigc_detect_bench/images/DALLE2/ood_0005686.jpg,1,aigc_detect_bench,DALLE2
corpora/aigc_detect_bench/images/DALLE2/ood_0005720.jpg,1,aigc_detect_bench,DALLE2
corpora/aigc_detect_bench/images/DALLE2/ood_0005754.jpg,1,aigc_detect_bench,DALLE2
corpora/aigc_detect_bench/images/DALLE2/ood_0005788.jpg,1,aigc_detect_bench,DALLE2
corpora/aigc_detect_bench/images/DALLE2/ood_0005822.jpg,1,aigc_detect_bench,DALLE2
corpora/aigc_detect_bench/images/DALLE2/ood_0005856.jpg,1,aigc_detect_bench,DALLE2
corpora/aigc_detect_bench/images/DALLE2/ood_0005890.jpg,1,aigc_detect_bench,DALLE2
corpora/aigc_detect_bench/images/DALLE2/ood_0005924.jpg,1,aigc_detect_bench,DALLE2
corpora/aigc_detect_bench/images/DALLE2/ood_0005958.jpg,1,aigc_detect_bench,DALLE2
corpora/aigc_detect_bench/images/DALLE2/ood_0005992.jpg,1,aigc_detect_bench,DALLE2
corpora/aigc_detect_bench/images/DALLE2/ood_0006026.jpg,1,aigc_detect_bench,DALLE2
corpora/aigc_detect_bench/images/DALLE2/ood_0006060.jpg,1,aigc_detect_bench,DALLE2
corpora/aigc_detect_bench/images/DALLE2/ood_0006094.jpg,1,aigc_detect_bench,DALLE2
corpora/aigc_detect_bench/images/DALLE2/ood_0006128.jpg,1,aigc_detect_bench,DALLE2
corpora/aigc_detect_bench/images/DALLE2/ood_0006162.jpg,1,aigc_detect_bench,DALLE2
corpora/aigc_detect_bench/images/DALLE2/ood_0006196.jpg,1,aigc_detect_bench,DALLE2
corpora/aigc_detect_bench/images/DALLE2/ood_0006230.jpg,1,aigc_detect_bench,DALLE2
corpora/aigc_detect_bench/images/DALLE2/ood_0006264.jpg,1,aigc_detect_bench,DALLE2
corpora/aigc_detect_bench/images/DALLE2/ood_0006298.jpg,1,aigc_detect_bench,DALLE2
corpora/aigc_detect_bench/images/DALLE2/ood_0006332.jpg,1,aigc_detect_bench,DALLE2
corpora/aigc_detect_bench/images/DALLE2/ood_0006366.jpg,1,aigc_detect_bench,DALLE2
corpora/aigc_detect_bench/images/DALLE2/ood_0006400.jpg,1,aigc_detect_bench,DALLE2
corpora/aigc_detect_bench/images/DALLE2/ood_0006434.jpg,1,aigc_detect_bench,DALLE2
corpora/aigc_detect_bench/images/DALLE2/ood_0006468.jpg,1,aigc_detect_bench,DALLE2
corpora/aigc_detect_bench/images/DALLE2/ood_0006502.jpg,1,aigc_detect_bench,DALLE2
corpora/aigc_detect_bench/images/DALLE2/ood_0006536.jpg,1,aigc_detect_bench,DALLE2
corpora/aigc_detect_bench/images/DALLE2/ood_0006570.jpg,1,aigc_detect_bench,DALLE2
corpora/aigc_detect_bench/images/DALLE2/ood_0006604.jpg,1,aigc_detect_bench,DALLE2
corpora/aigc_detect_bench/images/DALLE2/ood_0006638.jpg,1,aigc_detect_bench,DALLE2
corpora/aigc_detect_bench/images/DALLE2/ood_0006672.jpg,1,aigc_detect_bench,DALLE2
corpora/aigc_detect_bench/images/DALLE2/ood_0006706.jpg,1,aigc_detect_bench,DALLE2
corpora/aigc_detect_bench/images/DALLE2/ood_0006740.jpg,1,aigc_detect_bench,DALLE2
corpora/aigc_detect_bench/images/DALLE2/ood_0006774.jpg,1,aigc_detect_bench,DALLE2
corpora/aigc_detect_bench/images/DALLE2/ood_0006808.jpg,1,aigc_detect_bench,DALLE2
corpora/aigc_detect_bench/images/DALLE2/ood_0006840.jpg,1,aigc_detect_bench,DALLE2
corpora/aigc_detect_bench/images/DALLE2/ood_0006872.jpg,1,aigc_detect_bench,DALLE2
corpora/aigc_detect_bench/images/DALLE2/ood_0006904.jpg,1,aigc_detect_bench,DALLE2
corpora/aigc_detect_bench/images/DALLE2/ood_0006936.jpg,1,aigc_detect_bench,DALLE2
corpora/aigc_detect_bench/images/DALLE2/ood_0006968.jpg,1,aigc_detect_bench,DALLE2
corpora/aigc_detect_bench/images/DALLE2/ood_0007000.jpg,1,aigc_detect_bench,DALLE2
corpora/aigc_detect_bench/images/DALLE2/ood_0007032.jpg,1,aigc_detect_bench,DALLE2
corpora/aigc_detect_bench/images/DALLE2/ood_0007064.jpg,1,aigc_detect_bench,DALLE2
corpora/aigc_detect_bench/images/DALLE2/ood_0007096.jpg,1,aigc_detect_bench,DALLE2
corpora/aigc_detect_bench/images/DALLE2/ood_0007128.jpg,1,aigc_detect_bench,DALLE2
corpora/aigc_detect_bench/images/DALLE2/ood_0007160.jpg,1,aigc_detect_bench,DALLE2
corpora/aigc_detect_bench/images/DALLE2/ood_0007192.jpg,1,aigc_detect_bench,DALLE2
corpora/aigc_detect_bench/images/DALLE2/ood_0007224.jpg,1,aigc_detect_bench,DALLE2
corpora/aigc_detect_bench/images/DALLE2/ood_0007256.jpg,1,aigc_detect_bench,DALLE2
corpora/aigc_detect_bench/images/DALLE2/ood_0007288.jpg,1,aigc_detect_bench,DALLE2
corpora/aigc_detect_bench/images/DALLE2/ood_0007320.jpg,1,aigc_detect_bench,DALLE2
corpora/aigc_detect_bench/images/DALLE2/ood_0007352.jpg,1,aigc_detect_bench,DALLE2
corpora/aigc_detect_bench/images/DALLE2/ood_0007384.jpg,1,aigc_detect_bench,DALLE2
corpora/aigc_detect_bench/images/DALLE2/ood_0007416.jpg,1,aigc_detect_bench,DALLE2
corpora/aigc_detect_bench/images/DALLE2/ood_0007448.jpg,1,aigc_detect_bench,DALLE2
corpora/aigc_detect_bench/images/DALLE2/ood_0007480.jpg,1,aigc_detect_bench,DALLE2
corpora/aigc_detect_bench/images/DALLE2/ood_0007512.jpg,1,aigc_detect_bench,DALLE2
corpora/aigc_detect_bench/images/DALLE2/ood_0007544.jpg,1,aigc_detect_bench,DALLE2
corpora/aigc_detect_bench/images/DALLE2/ood_0007576.jpg,1,aigc_detect_bench,DALLE2
corpora/aigc_detect_bench/images/DALLE2/ood_0007608.jpg,1,aigc_detect_bench,DALLE2
corpora/aigc_detect_bench/images/DALLE2/ood_0007640.jpg,1,aigc_detect_bench,DALLE2
corpora/aigc_detect_bench/images/DALLE2/ood_0007672.jpg,1,aigc_detect_bench,DALLE2
corpora/aigc_detect_bench/images/DALLE2/ood_0007704.jpg,1,aigc_detect_bench,DALLE2
corpora/aigc_detect_bench/images/DALLE2/ood_0007736.jpg,1,aigc_detect_bench,DALLE2
corpora/aigc_detect_bench/images/DALLE2/ood_0007768.jpg,1,aigc_detect_bench,DALLE2
corpora/aigc_detect_bench/images/DALLE2/ood_0007800.jpg,1,aigc_detect_bench,DALLE2
corpora/aigc_detect_bench/images/DALLE2/ood_0007832.jpg,1,aigc_detect_bench,DALLE2
corpora/aigc_detect_bench/images/DALLE2/ood_0007864.jpg,1,aigc_detect_bench,DALLE2
corpora/aigc_detect_bench/images/DALLE2/ood_0007896.jpg,1,aigc_detect_bench,DALLE2
corpora/aigc_detect_bench/images/DALLE2/ood_0007928.jpg,1,aigc_detect_bench,DALLE2
corpora/aigc_detect_bench/images/DALLE2/ood_0007960.jpg,1,aigc_detect_bench,DALLE2
corpora/aigc_detect_bench/images/DALLE2/ood_0007992.jpg,1,aigc_detect_bench,DALLE2
corpora/aigc_detect_bench/images/DALLE2/ood_0008024.jpg,1,aigc_detect_bench,DALLE2
corpora/aigc_detect_bench/images/DALLE2/ood_0008056.jpg,1,aigc_detect_bench,DALLE2
corpora/aigc_detect_bench/images/DALLE2/ood_0008088.jpg,1,aigc_detect_bench,DALLE2
corpora/aigc_detect_bench/images/DALLE2/ood_0008120.jpg,1,aigc_detect_bench,DALLE2
corpora/aigc_detect_bench/images/DALLE2/ood_0008152.jpg,1,aigc_detect_bench,DALLE2
corpora/aigc_detect_bench/images/DALLE2/ood_0008184.jpg,1,aigc_detect_bench,DALLE2
corpora/aigc_detect_bench/images/DALLE2/ood_0008216.jpg,1,aigc_detect_bench,DALLE2
corpora/aigc_detect_bench/images/DALLE2/ood_0008248.jpg,1,aigc_detect_bench,DALLE2
corpora/aigc_detect_bench/images/DALLE2/ood_0008280.jpg,1,aigc_detect_bench,DALLE2
corpora/aigc_detect_bench/images/DALLE2/ood_0008312.jpg,1,aigc_detect_bench,DALLE2
corpora/aigc_detect_bench/images/DALLE2/ood_0008344.jpg,1,aigc_detect_bench,DALLE2
corpora/aigc_detect_bench/images/DALLE2/ood_0008376.jpg,1,aigc_detect_bench,DALLE2
corpora/aigc_detect_bench/images/GauGAN/ood_0000010.jpg,1,aigc_detect_bench,GauGAN
corpora/aigc_detect_bench/images/GauGAN/ood_0000044.jpg,1,aigc_detect_bench,GauGAN
corpora/aigc_detect_bench/images/GauGAN/ood_0000078.jpg,1,aigc_detect_bench,GauGAN
corpora/aigc_detect_bench/images/GauGAN/ood_0000112.jpg,1,aigc_detect_bench,GauGAN
corpora/aigc_detect_bench/images/GauGAN/ood_0000146.jpg,1,aigc_detect_bench,GauGAN
corpora/aigc_detect_bench/images/GauGAN/ood_0000180.jpg,1,aigc_detect_bench,GauGAN
corpora/aigc_detect_bench/images/GauGAN/ood_0000214.jpg,1,aigc_detect_bench,GauGAN
corpora/aigc_detect_bench/images/GauGAN/ood_0000248.jpg,1,aigc_detect_bench,GauGAN
corpora/aigc_detect_bench/images/GauGAN/ood_0000282.jpg,1,aigc_detect_bench,GauGAN
corpora/aigc_detect_bench/images/GauGAN/ood_0000316.jpg,1,aigc_detect_bench,GauGAN
corpora/aigc_detect_bench/images/GauGAN/ood_0000350.jpg,1,aigc_detect_bench,GauGAN
corpora/aigc_detect_bench/images/GauGAN/ood_0000384.jpg,1,aigc_detect_bench,GauGAN
corpora/aigc_detect_bench/images/GauGAN/ood_0000418.jpg,1,aigc_detect_bench,GauGAN
corpora/aigc_detect_bench/images/GauGAN/ood_0000452.jpg,1,aigc_detect_bench,GauGAN
corpora/aigc_detect_bench/images/GauGAN/ood_0000486.jpg,1,aigc_detect_bench,GauGAN
corpora/aigc_detect_bench/images/GauGAN/ood_0000520.jpg,1,aigc_detect_bench,GauGAN
corpora/aigc_detect_bench/images/GauGAN/ood_0000554.jpg,1,aigc_detect_bench,GauGAN
corpora/aigc_detect_bench/images/GauGAN/ood_0000588.jpg,1,aigc_detect_bench,GauGAN
corpora/aigc_detect_bench/images/GauGAN/ood_0000622.jpg,1,aigc_detect_bench,GauGAN
corpora/aigc_detect_bench/images/GauGAN/ood_0000656.jpg,1,aigc_detect_bench,GauGAN
corpora/aigc_detect_bench/images/GauGAN/ood_0000690.jpg,1,aigc_detect_bench,GauGAN
corpora/aigc_detect_bench/images/GauGAN/ood_0000724.jpg,1,aigc_detect_bench,GauGAN
corpora/aigc_detect_bench/images/GauGAN/ood_0000758.jpg,1,aigc_detect_bench,GauGAN
corpora/aigc_detect_bench/images/GauGAN/ood_0000792.jpg,1,aigc_detect_bench,GauGAN
corpora/aigc_detect_bench/images/GauGAN/ood_0000826.jpg,1,aigc_detect_bench,GauGAN
corpora/aigc_detect_bench/images/GauGAN/ood_0000860.jpg,1,aigc_detect_bench,GauGAN
corpora/aigc_detect_bench/images/GauGAN/ood_0000894.jpg,1,aigc_detect_bench,GauGAN
corpora/aigc_detect_bench/images/GauGAN/ood_0000928.jpg,1,aigc_detect_bench,GauGAN
corpora/aigc_detect_bench/images/GauGAN/ood_0000962.jpg,1,aigc_detect_bench,GauGAN
corpora/aigc_detect_bench/images/GauGAN/ood_0000996.jpg,1,aigc_detect_bench,GauGAN
corpora/aigc_detect_bench/images/GauGAN/ood_0001030.jpg,1,aigc_detect_bench,GauGAN
corpora/aigc_detect_bench/images/GauGAN/ood_0001064.jpg,1,aigc_detect_bench,GauGAN
corpora/aigc_detect_bench/images/GauGAN/ood_0001098.jpg,1,aigc_detect_bench,GauGAN
corpora/aigc_detect_bench/images/GauGAN/ood_0001132.jpg,1,aigc_detect_bench,GauGAN
corpora/aigc_detect_bench/images/GauGAN/ood_0001166.jpg,1,aigc_detect_bench,GauGAN
corpora/aigc_detect_bench/images/GauGAN/ood_0001200.jpg,1,aigc_detect_bench,GauGAN
corpora/aigc_detect_bench/images/GauGAN/ood_0001234.jpg,1,aigc_detect_bench,GauGAN
corpora/aigc_detect_bench/images/GauGAN/ood_0001268.jpg,1,aigc_detect_bench,GauGAN
corpora/aigc_detect_bench/images/GauGAN/ood_0001302.jpg,1,aigc_detect_bench,GauGAN
corpora/aigc_detect_bench/images/GauGAN/ood_0001336.jpg,1,aigc_detect_bench,GauGAN
corpora/aigc_detect_bench/images/GauGAN/ood_0001370.jpg,1,aigc_detect_bench,GauGAN
corpora/aigc_detect_bench/images/GauGAN/ood_0001404.jpg,1,aigc_detect_bench,GauGAN
corpora/aigc_detect_bench/images/GauGAN/ood_0001438.jpg,1,aigc_detect_bench,GauGAN
corpora/aigc_detect_bench/images/GauGAN/ood_0001472.jpg,1,aigc_detect_bench,GauGAN
corpora/aigc_detect_bench/images/GauGAN/ood_0001506.jpg,1,aigc_detect_bench,GauGAN
corpora/aigc_detect_bench/images/GauGAN/ood_0001540.jpg,1,aigc_detect_bench,GauGAN
corpora/aigc_detect_bench/images/GauGAN/ood_0001574.jpg,1,aigc_detect_bench,GauGAN
corpora/aigc_detect_bench/images/GauGAN/ood_0001608.jpg,1,aigc_detect_bench,GauGAN
corpora/aigc_detect_bench/images/GauGAN/ood_0001642.jpg,1,aigc_detect_bench,GauGAN
corpora/aigc_detect_bench/images/GauGAN/ood_0001676.jpg,1,aigc_detect_bench,GauGAN
corpora/aigc_detect_bench/images/GauGAN/ood_0001710.jpg,1,aigc_detect_bench,GauGAN
corpora/aigc_detect_bench/images/GauGAN/ood_0001744.jpg,1,aigc_detect_bench,GauGAN
corpora/aigc_detect_bench/images/GauGAN/ood_0001778.jpg,1,aigc_detect_bench,GauGAN
corpora/aigc_detect_bench/images/GauGAN/ood_0001812.jpg,1,aigc_detect_bench,GauGAN
corpora/aigc_detect_bench/images/GauGAN/ood_0001846.jpg,1,aigc_detect_bench,GauGAN
corpora/aigc_detect_bench/images/GauGAN/ood_0001880.jpg,1,aigc_detect_bench,GauGAN
corpora/aigc_detect_bench/images/GauGAN/ood_0001914.jpg,1,aigc_detect_bench,GauGAN
corpora/aigc_detect_bench/images/GauGAN/ood_0001948.jpg,1,aigc_detect_bench,GauGAN
corpora/aigc_detect_bench/images/GauGAN/ood_0001982.jpg,1,aigc_detect_bench,GauGAN
corpora/aigc_detect_bench/images/GauGAN/ood_0002016.jpg,1,aigc_detect_bench,GauGAN
corpora/aigc_detect_bench/images/GauGAN/ood_0002050.jpg,1,aigc_detect_bench,GauGAN
corpora/aigc_detect_bench/images/GauGAN/ood_0002084.jpg,1,aigc_detect_bench,GauGAN
corpora/aigc_detect_bench/images/GauGAN/ood_0002118.jpg,1,aigc_detect_bench,GauGAN
corpora/aigc_detect_bench/images/GauGAN/ood_0002152.jpg,1,aigc_detect_bench,GauGAN
corpora/aigc_detect_bench/images/GauGAN/ood_0002186.jpg,1,aigc_detect_bench,GauGAN
corpora/aigc_detect_bench/images/GauGAN/ood_0002220.jpg,1,aigc_detect_bench,GauGAN
corpora/aigc_detect_bench/images/GauGAN/ood_0002254.jpg,1,aigc_detect_bench,GauGAN
corpora/aigc_detect_bench/images/GauGAN/ood_0002288.jpg,1,aigc_detect_bench,GauGAN
corpora/aigc_detect_bench/images/GauGAN/ood_0002322.jpg,1,aigc_detect_bench,GauGAN
corpora/aigc_detect_bench/images/GauGAN/ood_0002356.jpg,1,aigc_detect_bench,GauGAN
corpora/aigc_detect_bench/images/GauGAN/ood_0002390.jpg,1,aigc_detect_bench,GauGAN
corpora/aigc_detect_bench/images/GauGAN/ood_0002424.jpg,1,aigc_detect_bench,GauGAN
corpora/aigc_detect_bench/images/GauGAN/ood_0002458.jpg,1,aigc_detect_bench,GauGAN
corpora/aigc_detect_bench/images/GauGAN/ood_0002492.jpg,1,aigc_detect_bench,GauGAN
corpora/aigc_detect_bench/images/GauGAN/ood_0002526.jpg,1,aigc_detect_bench,GauGAN
corpora/aigc_detect_bench/images/GauGAN/ood_0002560.jpg,1,aigc_detect_bench,GauGAN
corpora/aigc_detect_bench/images/GauGAN/ood_0002594.jpg,1,aigc_detect_bench,GauGAN
corpora/aigc_detect_bench/images/GauGAN/ood_0002628.jpg,1,aigc_detect_bench,GauGAN
corpora/aigc_detect_bench/images/GauGAN/ood_0002662.jpg,1,aigc_detect_bench,GauGAN
corpora/aigc_detect_bench/images/GauGAN/ood_0002696.jpg,1,aigc_detect_bench,GauGAN
corpora/aigc_detect_bench/images/GauGAN/ood_0002730.jpg,1,aigc_detect_bench,GauGAN
corpora/aigc_detect_bench/images/GauGAN/ood_0002764.jpg,1,aigc_detect_bench,GauGAN
corpora/aigc_detect_bench/images/GauGAN/ood_0002798.jpg,1,aigc_detect_bench,GauGAN
corpora/aigc_detect_bench/images/GauGAN/ood_0002832.jpg,1,aigc_detect_bench,GauGAN
corpora/aigc_detect_bench/images/GauGAN/ood_0002866.jpg,1,aigc_detect_bench,GauGAN
corpora/aigc_detect_bench/images/GauGAN/ood_0002900.jpg,1,aigc_detect_bench,GauGAN
corpora/aigc_detect_bench/images/GauGAN/ood_0002934.jpg,1,aigc_detect_bench,GauGAN
corpora/aigc_detect_bench/images/GauGAN/ood_0002968.jpg,1,aigc_detect_bench,GauGAN
corpora/aigc_detect_bench/images/GauGAN/ood_0003002.jpg,1,aigc_detect_bench,GauGAN
corpora/aigc_detect_bench/images/GauGAN/ood_0003036.jpg,1,aigc_detect_bench,GauGAN
corpora/aigc_detect_bench/images/GauGAN/ood_0003070.jpg,1,aigc_detect_bench,GauGAN
corpora/aigc_detect_bench/images/GauGAN/ood_0003104.jpg,1,aigc_detect_bench,GauGAN
corpora/aigc_detect_bench/images/GauGAN/ood_0003138.jpg,1,aigc_detect_bench,GauGAN
corpora/aigc_detect_bench/images/GauGAN/ood_0003172.jpg,1,aigc_detect_bench,GauGAN
corpora/aigc_detect_bench/images/GauGAN/ood_0003206.jpg,1,aigc_detect_bench,GauGAN
corpora/aigc_detect_bench/images/GauGAN/ood_0003240.jpg,1,aigc_detect_bench,GauGAN
corpora/aigc_detect_bench/images/GauGAN/ood_0003274.jpg,1,aigc_detect_bench,GauGAN
corpora/aigc_detect_bench/images/GauGAN/ood_0003308.jpg,1,aigc_detect_bench,GauGAN
corpora/aigc_detect_bench/images/GauGAN/ood_0003342.jpg,1,aigc_detect_bench,GauGAN
corpora/aigc_detect_bench/images/GauGAN/ood_0003376.jpg,1,aigc_detect_bench,GauGAN
corpora/aigc_detect_bench/images/GauGAN/ood_0003410.jpg,1,aigc_detect_bench,GauGAN
corpora/aigc_detect_bench/images/GauGAN/ood_0003444.jpg,1,aigc_detect_bench,GauGAN
corpora/aigc_detect_bench/images/GauGAN/ood_0003478.jpg,1,aigc_detect_bench,GauGAN
corpora/aigc_detect_bench/images/GauGAN/ood_0003512.jpg,1,aigc_detect_bench,GauGAN
corpora/aigc_detect_bench/images/GauGAN/ood_0003546.jpg,1,aigc_detect_bench,GauGAN
corpora/aigc_detect_bench/images/GauGAN/ood_0003580.jpg,1,aigc_detect_bench,GauGAN
corpora/aigc_detect_bench/images/GauGAN/ood_0003614.jpg,1,aigc_detect_bench,GauGAN
corpora/aigc_detect_bench/images/GauGAN/ood_0003648.jpg,1,aigc_detect_bench,GauGAN
corpora/aigc_detect_bench/images/GauGAN/ood_0003682.jpg,1,aigc_detect_bench,GauGAN
corpora/aigc_detect_bench/images/GauGAN/ood_0003716.jpg,1,aigc_detect_bench,GauGAN
corpora/aigc_detect_bench/images/GauGAN/ood_0003750.jpg,1,aigc_detect_bench,GauGAN
corpora/aigc_detect_bench/images/GauGAN/ood_0003784.jpg,1,aigc_detect_bench,GauGAN
corpora/aigc_detect_bench/images/GauGAN/ood_0003818.jpg,1,aigc_detect_bench,GauGAN
corpora/aigc_detect_bench/images/GauGAN/ood_0003852.jpg,1,aigc_detect_bench,GauGAN
corpora/aigc_detect_bench/images/GauGAN/ood_0003886.jpg,1,aigc_detect_bench,GauGAN
corpora/aigc_detect_bench/images/GauGAN/ood_0003920.jpg,1,aigc_detect_bench,GauGAN
corpora/aigc_detect_bench/images/GauGAN/ood_0003954.jpg,1,aigc_detect_bench,GauGAN
corpora/aigc_detect_bench/images/GauGAN/ood_0003988.jpg,1,aigc_detect_bench,GauGAN
corpora/aigc_detect_bench/images/GauGAN/ood_0004022.jpg,1,aigc_detect_bench,GauGAN
corpora/aigc_detect_bench/images/GauGAN/ood_0004056.jpg,1,aigc_detect_bench,GauGAN
corpora/aigc_detect_bench/images/GauGAN/ood_0004090.jpg,1,aigc_detect_bench,GauGAN
corpora/aigc_detect_bench/images/GauGAN/ood_0004124.jpg,1,aigc_detect_bench,GauGAN
corpora/aigc_detect_bench/images/GauGAN/ood_0004158.jpg,1,aigc_detect_bench,GauGAN
corpora/aigc_detect_bench/images/GauGAN/ood_0004192.jpg,1,aigc_detect_bench,GauGAN
corpora/aigc_detect_bench/images/GauGAN/ood_0004226.jpg,1,aigc_detect_bench,GauGAN
corpora/aigc_detect_bench/images/GauGAN/ood_0004260.jpg,1,aigc_detect_bench,GauGAN
corpora/aigc_detect_bench/images/GauGAN/ood_0004294.jpg,1,aigc_detect_bench,GauGAN
corpora/aigc_detect_bench/images/GauGAN/ood_0004328.jpg,1,aigc_detect_bench,GauGAN
corpora/aigc_detect_bench/images/GauGAN/ood_0004362.jpg,1,aigc_detect_bench,GauGAN
corpora/aigc_detect_bench/images/GauGAN/ood_0004396.jpg,1,aigc_detect_bench,GauGAN
corpora/aigc_detect_bench/images/GauGAN/ood_0004430.jpg,1,aigc_detect_bench,GauGAN
corpora/aigc_detect_bench/images/GauGAN/ood_0004464.jpg,1,aigc_detect_bench,GauGAN
corpora/aigc_detect_bench/images/GauGAN/ood_0004498.jpg,1,aigc_detect_bench,GauGAN
corpora/aigc_detect_bench/images/GauGAN/ood_0004532.jpg,1,aigc_detect_bench,GauGAN
corpora/aigc_detect_bench/images/GauGAN/ood_0004566.jpg,1,aigc_detect_bench,GauGAN
corpora/aigc_detect_bench/images/GauGAN/ood_0004600.jpg,1,aigc_detect_bench,GauGAN
corpora/aigc_detect_bench/images/GauGAN/ood_0004634.jpg,1,aigc_detect_bench,GauGAN
corpora/aigc_detect_bench/images/GauGAN/ood_0004668.jpg,1,aigc_detect_bench,GauGAN
corpora/aigc_detect_bench/images/GauGAN/ood_0004702.jpg,1,aigc_detect_bench,GauGAN
corpora/aigc_detect_bench/images/GauGAN/ood_0004736.jpg,1,aigc_detect_bench,GauGAN
corpora/aigc_detect_bench/images/GauGAN/ood_0004770.jpg,1,aigc_detect_bench,GauGAN
corpora/aigc_detect_bench/images/GauGAN/ood_0004804.jpg,1,aigc_detect_bench,GauGAN
corpora/aigc_detect_bench/images/GauGAN/ood_0004838.jpg,1,aigc_detect_bench,GauGAN
corpora/aigc_detect_bench/images/GauGAN/ood_0004872.jpg,1,aigc_detect_bench,GauGAN
corpora/aigc_detect_bench/images/GauGAN/ood_0004906.jpg,1,aigc_detect_bench,GauGAN
corpora/aigc_detect_bench/images/GauGAN/ood_0004940.jpg,1,aigc_detect_bench,GauGAN
corpora/aigc_detect_bench/images/GauGAN/ood_0004974.jpg,1,aigc_detect_bench,GauGAN
corpora/aigc_detect_bench/images/GauGAN/ood_0005008.jpg,1,aigc_detect_bench,GauGAN
corpora/aigc_detect_bench/images/GauGAN/ood_0005042.jpg,1,aigc_detect_bench,GauGAN
corpora/aigc_detect_bench/images/GauGAN/ood_0005076.jpg,1,aigc_detect_bench,GauGAN
corpora/aigc_detect_bench/images/GauGAN/ood_0005110.jpg,1,aigc_detect_bench,GauGAN
corpora/aigc_detect_bench/images/GauGAN/ood_0005144.jpg,1,aigc_detect_bench,GauGAN
corpora/aigc_detect_bench/images/GauGAN/ood_0005178.jpg,1,aigc_detect_bench,GauGAN
corpora/aigc_detect_bench/images/GauGAN/ood_0005212.jpg,1,aigc_detect_bench,GauGAN
corpora/aigc_detect_bench/images/GauGAN/ood_0005246.jpg,1,aigc_detect_bench,GauGAN
corpora/aigc_detect_bench/images/GauGAN/ood_0005280.jpg,1,aigc_detect_bench,GauGAN
corpora/aigc_detect_bench/images/GauGAN/ood_0005314.jpg,1,aigc_detect_bench,GauGAN
corpora/aigc_detect_bench/images/GauGAN/ood_0005348.jpg,1,aigc_detect_bench,GauGAN
corpora/aigc_detect_bench/images/GauGAN/ood_0005382.jpg,1,aigc_detect_bench,GauGAN
corpora/aigc_detect_bench/images/GauGAN/ood_0005416.jpg,1,aigc_detect_bench,GauGAN
corpora/aigc_detect_bench/images/GauGAN/ood_0005450.jpg,1,aigc_detect_bench,GauGAN
corpora/aigc_detect_bench/images/GauGAN/ood_0005484.jpg,1,aigc_detect_bench,GauGAN
corpora/aigc_detect_bench/images/GauGAN/ood_0005518.jpg,1,aigc_detect_bench,GauGAN
corpora/aigc_detect_bench/images/GauGAN/ood_0005552.jpg,1,aigc_detect_bench,GauGAN
corpora/aigc_detect_bench/images/GauGAN/ood_0005586.jpg,1,aigc_detect_bench,GauGAN
corpora/aigc_detect_bench/images/GauGAN/ood_0005620.jpg,1,aigc_detect_bench,GauGAN
corpora/aigc_detect_bench/images/GauGAN/ood_0005654.jpg,1,aigc_detect_bench,GauGAN
corpora/aigc_detect_bench/images/GauGAN/ood_0005688.jpg,1,aigc_detect_bench,GauGAN
corpora/aigc_detect_bench/images/GauGAN/ood_0005722.jpg,1,aigc_detect_bench,GauGAN
corpora/aigc_detect_bench/images/GauGAN/ood_0005756.jpg,1,aigc_detect_bench,GauGAN
corpora/aigc_detect_bench/images/GauGAN/ood_0005790.jpg,1,aigc_detect_bench,GauGAN
corpora/aigc_detect_bench/images/GauGAN/ood_0005824.jpg,1,aigc_detect_bench,GauGAN
corpora/aigc_detect_bench/images/GauGAN/ood_0005858.jpg,1,aigc_detect_bench,GauGAN
corpora/aigc_detect_bench/images/GauGAN/ood_0005892.jpg,1,aigc_detect_bench,GauGAN
corpora/aigc_detect_bench/images/GauGAN/ood_0005926.jpg,1,aigc_detect_bench,GauGAN
corpora/aigc_detect_bench/images/GauGAN/ood_0005960.jpg,1,aigc_detect_bench,GauGAN
corpora/aigc_detect_bench/images/GauGAN/ood_0005994.jpg,1,aigc_detect_bench,GauGAN
corpora/aigc_detect_bench/images/GauGAN/ood_0006028.jpg,1,aigc_detect_bench,GauGAN
corpora/aigc_detect_bench/images/GauGAN/ood_0006062.jpg,1,aigc_detect_bench,GauGAN
corpora/aigc_detect_bench/images/GauGAN/ood_0006096.jpg,1,aigc_detect_bench,GauGAN
corpora/aigc_detect_bench/images/GauGAN/ood_0006130.jpg,1,aigc_detect_bench,GauGAN
corpora/aigc_detect_bench/images/GauGAN/ood_0006164.jpg,1,aigc_detect_bench,GauGAN
corpora/aigc_detect_bench/images/GauGAN/ood_0006198.jpg,1,aigc_detect_bench,GauGAN
corpora/aigc_detect_bench/images/GauGAN/ood_0006232.jpg,1,aigc_detect_bench,GauGAN
corpora/aigc_detect_bench/images/GauGAN/ood_0006266.jpg,1,aigc_detect_bench,GauGAN
corpora/aigc_detect_bench/images/GauGAN/ood_0006300.jpg,1,aigc_detect_bench,GauGAN
corpora/aigc_detect_bench/images/GauGAN/ood_0006334.jpg,1,aigc_detect_bench,GauGAN
corpora/aigc_detect_bench/images/GauGAN/ood_0006368.jpg,1,aigc_detect_bench,GauGAN
corpora/aigc_detect_bench/images/GauGAN/ood_0006402.jpg,1,aigc_detect_bench,GauGAN
corpora/aigc_detect_bench/images/GauGAN/ood_0006436.jpg,1,aigc_detect_bench,GauGAN
corpora/aigc_detect_bench/images/GauGAN/ood_0006470.jpg,1,aigc_detect_bench,GauGAN
corpora/aigc_detect_bench/images/GauGAN/ood_0006504.jpg,1,aigc_detect_bench,GauGAN
corpora/aigc_detect_bench/images/GauGAN/ood_0006538.jpg,1,aigc_detect_bench,GauGAN
corpora/aigc_detect_bench/images/GauGAN/ood_0006572.jpg,1,aigc_detect_bench,GauGAN
corpora/aigc_detect_bench/images/GauGAN/ood_0006606.jpg,1,aigc_detect_bench,GauGAN
corpora/aigc_detect_bench/images/GauGAN/ood_0006640.jpg,1,aigc_detect_bench,GauGAN
corpora/aigc_detect_bench/images/GauGAN/ood_0006674.jpg,1,aigc_detect_bench,GauGAN
corpora/aigc_detect_bench/images/GauGAN/ood_0006708.jpg,1,aigc_detect_bench,GauGAN
corpora/aigc_detect_bench/images/GauGAN/ood_0006742.jpg,1,aigc_detect_bench,GauGAN
corpora/aigc_detect_bench/images/GauGAN/ood_0006776.jpg,1,aigc_detect_bench,GauGAN
corpora/aigc_detect_bench/images/GauGAN/ood_0006810.jpg,1,aigc_detect_bench,GauGAN
corpora/aigc_detect_bench/images/GauGAN/ood_0006842.jpg,1,aigc_detect_bench,GauGAN
corpora/aigc_detect_bench/images/GauGAN/ood_0006874.jpg,1,aigc_detect_bench,GauGAN
corpora/aigc_detect_bench/images/GauGAN/ood_0006906.jpg,1,aigc_detect_bench,GauGAN
corpora/aigc_detect_bench/images/GauGAN/ood_0006938.jpg,1,aigc_detect_bench,GauGAN
corpora/aigc_detect_bench/images/GauGAN/ood_0006970.jpg,1,aigc_detect_bench,GauGAN
corpora/aigc_detect_bench/images/GauGAN/ood_0007002.jpg,1,aigc_detect_bench,GauGAN
corpora/aigc_detect_bench/images/GauGAN/ood_0007034.jpg,1,aigc_detect_bench,GauGAN
corpora/aigc_detect_bench/images/GauGAN/ood_0007066.jpg,1,aigc_detect_bench,GauGAN
corpora/aigc_detect_bench/images/GauGAN/ood_0007098.jpg,1,aigc_detect_bench,GauGAN
corpora/aigc_detect_bench/images/GauGAN/ood_0007130.jpg,1,aigc_detect_bench,GauGAN
corpora/aigc_detect_bench/images/GauGAN/ood_0007162.jpg,1,aigc_detect_bench,GauGAN
corpora/aigc_detect_bench/images/GauGAN/ood_0007194.jpg,1,aigc_detect_bench,GauGAN
corpora/aigc_detect_bench/images/GauGAN/ood_0007226.jpg,1,aigc_detect_bench,GauGAN
corpora/aigc_detect_bench/images/GauGAN/ood_0007258.jpg,1,aigc_detect_bench,GauGAN
corpora/aigc_detect_bench/images/GauGAN/ood_0007290.jpg,1,aigc_detect_bench,GauGAN
corpora/aigc_detect_bench/images/GauGAN/ood_0007322.jpg,1,aigc_detect_bench,GauGAN
corpora/aigc_detect_bench/images/GauGAN/ood_0007354.jpg,1,aigc_detect_bench,GauGAN
corpora/aigc_detect_bench/images/GauGAN/ood_0007386.jpg,1,aigc_detect_bench,GauGAN
corpora/aigc_detect_bench/images/GauGAN/ood_0007418.jpg,1,aigc_detect_bench,GauGAN
corpora/aigc_detect_bench/images/GauGAN/ood_0007450.jpg,1,aigc_detect_bench,GauGAN
corpora/aigc_detect_bench/images/GauGAN/ood_0007482.jpg,1,aigc_detect_bench,GauGAN
corpora/aigc_detect_bench/images/GauGAN/ood_0007514.jpg,1,aigc_detect_bench,GauGAN
corpora/aigc_detect_bench/images/GauGAN/ood_0007546.jpg,1,aigc_detect_bench,GauGAN
corpora/aigc_detect_bench/images/GauGAN/ood_0007578.jpg,1,aigc_detect_bench,GauGAN
corpora/aigc_detect_bench/images/GauGAN/ood_0007610.jpg,1,aigc_detect_bench,GauGAN
corpora/aigc_detect_bench/images/GauGAN/ood_0007642.jpg,1,aigc_detect_bench,GauGAN
corpora/aigc_detect_bench/images/GauGAN/ood_0007674.jpg,1,aigc_detect_bench,GauGAN
corpora/aigc_detect_bench/images/GauGAN/ood_0007706.jpg,1,aigc_detect_bench,GauGAN
corpora/aigc_detect_bench/images/GauGAN/ood_0007738.jpg,1,aigc_detect_bench,GauGAN
corpora/aigc_detect_bench/images/GauGAN/ood_0007770.jpg,1,aigc_detect_bench,GauGAN
corpora/aigc_detect_bench/images/GauGAN/ood_0007802.jpg,1,aigc_detect_bench,GauGAN
corpora/aigc_detect_bench/images/GauGAN/ood_0007834.jpg,1,aigc_detect_bench,GauGAN
corpora/aigc_detect_bench/images/GauGAN/ood_0007866.jpg,1,aigc_detect_bench,GauGAN
corpora/aigc_detect_bench/images/GauGAN/ood_0007898.jpg,1,aigc_detect_bench,GauGAN
corpora/aigc_detect_bench/images/GauGAN/ood_0007930.jpg,1,aigc_detect_bench,GauGAN
corpora/aigc_detect_bench/images/GauGAN/ood_0007962.jpg,1,aigc_detect_bench,GauGAN
corpora/aigc_detect_bench/images/GauGAN/ood_0007994.jpg,1,aigc_detect_bench,GauGAN
corpora/aigc_detect_bench/images/GauGAN/ood_0008026.jpg,1,aigc_detect_bench,GauGAN
corpora/aigc_detect_bench/images/GauGAN/ood_0008058.jpg,1,aigc_detect_bench,GauGAN
corpora/aigc_detect_bench/images/GauGAN/ood_0008090.jpg,1,aigc_detect_bench,GauGAN
corpora/aigc_detect_bench/images/GauGAN/ood_0008122.jpg,1,aigc_detect_bench,GauGAN
corpora/aigc_detect_bench/images/GauGAN/ood_0008154.jpg,1,aigc_detect_bench,GauGAN
corpora/aigc_detect_bench/images/GauGAN/ood_0008186.jpg,1,aigc_detect_bench,GauGAN
corpora/aigc_detect_bench/images/GauGAN/ood_0008218.jpg,1,aigc_detect_bench,GauGAN
corpora/aigc_detect_bench/images/GauGAN/ood_0008250.jpg,1,aigc_detect_bench,GauGAN
corpora/aigc_detect_bench/images/GauGAN/ood_0008282.jpg,1,aigc_detect_bench,GauGAN
corpora/aigc_detect_bench/images/GauGAN/ood_0008314.jpg,1,aigc_detect_bench,GauGAN
corpora/aigc_detect_bench/images/GauGAN/ood_0008346.jpg,1,aigc_detect_bench,GauGAN
corpora/aigc_detect_bench/images/GauGAN/ood_0008378.jpg,1,aigc_detect_bench,GauGAN
corpora/aigc_detect_bench/images/GLIDE/ood_0000012.jpg,1,aigc_detect_bench,GLIDE
corpora/aigc_detect_bench/images/GLIDE/ood_0000046.jpg,1,aigc_detect_bench,GLIDE
corpora/aigc_detect_bench/images/GLIDE/ood_0000080.jpg,1,aigc_detect_bench,GLIDE
corpora/aigc_detect_bench/images/GLIDE/ood_0000114.jpg,1,aigc_detect_bench,GLIDE
corpora/aigc_detect_bench/images/GLIDE/ood_0000148.jpg,1,aigc_detect_bench,GLIDE
corpora/aigc_detect_bench/images/GLIDE/ood_0000182.jpg,1,aigc_detect_bench,GLIDE
corpora/aigc_detect_bench/images/GLIDE/ood_0000216.jpg,1,aigc_detect_bench,GLIDE
corpora/aigc_detect_bench/images/GLIDE/ood_0000250.jpg,1,aigc_detect_bench,GLIDE
corpora/aigc_detect_bench/images/GLIDE/ood_0000284.jpg,1,aigc_detect_bench,GLIDE
corpora/aigc_detect_bench/images/GLIDE/ood_0000318.jpg,1,aigc_detect_bench,GLIDE
corpora/aigc_detect_bench/images/GLIDE/ood_0000352.jpg,1,aigc_detect_bench,GLIDE
corpora/aigc_detect_bench/images/GLIDE/ood_0000386.jpg,1,aigc_detect_bench,GLIDE
corpora/aigc_detect_bench/images/GLIDE/ood_0000420.jpg,1,aigc_detect_bench,GLIDE
corpora/aigc_detect_bench/images/GLIDE/ood_0000454.jpg,1,aigc_detect_bench,GLIDE
corpora/aigc_detect_bench/images/GLIDE/ood_0000488.jpg,1,aigc_detect_bench,GLIDE
corpora/aigc_detect_bench/images/GLIDE/ood_0000522.jpg,1,aigc_detect_bench,GLIDE
corpora/aigc_detect_bench/images/GLIDE/ood_0000556.jpg,1,aigc_detect_bench,GLIDE
corpora/aigc_detect_bench/images/GLIDE/ood_0000590.jpg,1,aigc_detect_bench,GLIDE
corpora/aigc_detect_bench/images/GLIDE/ood_0000624.jpg,1,aigc_detect_bench,GLIDE
corpora/aigc_detect_bench/images/GLIDE/ood_0000658.jpg,1,aigc_detect_bench,GLIDE
corpora/aigc_detect_bench/images/GLIDE/ood_0000692.jpg,1,aigc_detect_bench,GLIDE
corpora/aigc_detect_bench/images/GLIDE/ood_0000726.jpg,1,aigc_detect_bench,GLIDE
corpora/aigc_detect_bench/images/GLIDE/ood_0000760.jpg,1,aigc_detect_bench,GLIDE
corpora/aigc_detect_bench/images/GLIDE/ood_0000794.jpg,1,aigc_detect_bench,GLIDE
corpora/aigc_detect_bench/images/GLIDE/ood_0000828.jpg,1,aigc_detect_bench,GLIDE
corpora/aigc_detect_bench/images/GLIDE/ood_0000862.jpg,1,aigc_detect_bench,GLIDE
corpora/aigc_detect_bench/images/GLIDE/ood_0000896.jpg,1,aigc_detect_bench,GLIDE
corpora/aigc_detect_bench/images/GLIDE/ood_0000930.jpg,1,aigc_detect_bench,GLIDE
corpora/aigc_detect_bench/images/GLIDE/ood_0000964.jpg,1,aigc_detect_bench,GLIDE
corpora/aigc_detect_bench/images/GLIDE/ood_0000998.jpg,1,aigc_detect_bench,GLIDE
corpora/aigc_detect_bench/images/GLIDE/ood_0001032.jpg,1,aigc_detect_bench,GLIDE
corpora/aigc_detect_bench/images/GLIDE/ood_0001066.jpg,1,aigc_detect_bench,GLIDE
corpora/aigc_detect_bench/images/GLIDE/ood_0001100.jpg,1,aigc_detect_bench,GLIDE
corpora/aigc_detect_bench/images/GLIDE/ood_0001134.jpg,1,aigc_detect_bench,GLIDE
corpora/aigc_detect_bench/images/GLIDE/ood_0001168.jpg,1,aigc_detect_bench,GLIDE
corpora/aigc_detect_bench/images/GLIDE/ood_0001202.jpg,1,aigc_detect_bench,GLIDE
corpora/aigc_detect_bench/images/GLIDE/ood_0001236.jpg,1,aigc_detect_bench,GLIDE
corpora/aigc_detect_bench/images/GLIDE/ood_0001270.jpg,1,aigc_detect_bench,GLIDE
corpora/aigc_detect_bench/images/GLIDE/ood_0001304.jpg,1,aigc_detect_bench,GLIDE
corpora/aigc_detect_bench/images/GLIDE/ood_0001338.jpg,1,aigc_detect_bench,GLIDE
corpora/aigc_detect_bench/images/GLIDE/ood_0001372.jpg,1,aigc_detect_bench,GLIDE
corpora/aigc_detect_bench/images/GLIDE/ood_0001406.jpg,1,aigc_detect_bench,GLIDE
corpora/aigc_detect_bench/images/GLIDE/ood_0001440.jpg,1,aigc_detect_bench,GLIDE
corpora/aigc_detect_bench/images/GLIDE/ood_0001474.jpg,1,aigc_detect_bench,GLIDE
corpora/aigc_detect_bench/images/GLIDE/ood_0001508.jpg,1,aigc_detect_bench,GLIDE
corpora/aigc_detect_bench/images/GLIDE/ood_0001542.jpg,1,aigc_detect_bench,GLIDE
corpora/aigc_detect_bench/images/GLIDE/ood_0001576.jpg,1,aigc_detect_bench,GLIDE
corpora/aigc_detect_bench/images/GLIDE/ood_0001610.jpg,1,aigc_detect_bench,GLIDE
corpora/aigc_detect_bench/images/GLIDE/ood_0001644.jpg,1,aigc_detect_bench,GLIDE
corpora/aigc_detect_bench/images/GLIDE/ood_0001678.jpg,1,aigc_detect_bench,GLIDE
corpora/aigc_detect_bench/images/GLIDE/ood_0001712.jpg,1,aigc_detect_bench,GLIDE
corpora/aigc_detect_bench/images/GLIDE/ood_0001746.jpg,1,aigc_detect_bench,GLIDE
corpora/aigc_detect_bench/images/GLIDE/ood_0001780.jpg,1,aigc_detect_bench,GLIDE
corpora/aigc_detect_bench/images/GLIDE/ood_0001814.jpg,1,aigc_detect_bench,GLIDE
corpora/aigc_detect_bench/images/GLIDE/ood_0001848.jpg,1,aigc_detect_bench,GLIDE
corpora/aigc_detect_bench/images/GLIDE/ood_0001882.jpg,1,aigc_detect_bench,GLIDE
corpora/aigc_detect_bench/images/GLIDE/ood_0001916.jpg,1,aigc_detect_bench,GLIDE
corpora/aigc_detect_bench/images/GLIDE/ood_0001950.jpg,1,aigc_detect_bench,GLIDE
corpora/aigc_detect_bench/images/GLIDE/ood_0001984.jpg,1,aigc_detect_bench,GLIDE
corpora/aigc_detect_bench/images/GLIDE/ood_0002018.jpg,1,aigc_detect_bench,GLIDE
corpora/aigc_detect_bench/images/GLIDE/ood_0002052.jpg,1,aigc_detect_bench,GLIDE
corpora/aigc_detect_bench/images/GLIDE/ood_0002086.jpg,1,aigc_detect_bench,GLIDE
corpora/aigc_detect_bench/images/GLIDE/ood_0002120.jpg,1,aigc_detect_bench,GLIDE
corpora/aigc_detect_bench/images/GLIDE/ood_0002154.jpg,1,aigc_detect_bench,GLIDE
corpora/aigc_detect_bench/images/GLIDE/ood_0002188.jpg,1,aigc_detect_bench,GLIDE
corpora/aigc_detect_bench/images/GLIDE/ood_0002222.jpg,1,aigc_detect_bench,GLIDE
corpora/aigc_detect_bench/images/GLIDE/ood_0002256.jpg,1,aigc_detect_bench,GLIDE
corpora/aigc_detect_bench/images/GLIDE/ood_0002290.jpg,1,aigc_detect_bench,GLIDE
corpora/aigc_detect_bench/images/GLIDE/ood_0002324.jpg,1,aigc_detect_bench,GLIDE
corpora/aigc_detect_bench/images/GLIDE/ood_0002358.jpg,1,aigc_detect_bench,GLIDE
corpora/aigc_detect_bench/images/GLIDE/ood_0002392.jpg,1,aigc_detect_bench,GLIDE
corpora/aigc_detect_bench/images/GLIDE/ood_0002426.jpg,1,aigc_detect_bench,GLIDE
corpora/aigc_detect_bench/images/GLIDE/ood_0002460.jpg,1,aigc_detect_bench,GLIDE
corpora/aigc_detect_bench/images/GLIDE/ood_0002494.jpg,1,aigc_detect_bench,GLIDE
corpora/aigc_detect_bench/images/GLIDE/ood_0002528.jpg,1,aigc_detect_bench,GLIDE
corpora/aigc_detect_bench/images/GLIDE/ood_0002562.jpg,1,aigc_detect_bench,GLIDE
corpora/aigc_detect_bench/images/GLIDE/ood_0002596.jpg,1,aigc_detect_bench,GLIDE
corpora/aigc_detect_bench/images/GLIDE/ood_0002630.jpg,1,aigc_detect_bench,GLIDE
corpora/aigc_detect_bench/images/GLIDE/ood_0002664.jpg,1,aigc_detect_bench,GLIDE
corpora/aigc_detect_bench/images/GLIDE/ood_0002698.jpg,1,aigc_detect_bench,GLIDE
corpora/aigc_detect_bench/images/GLIDE/ood_0002732.jpg,1,aigc_detect_bench,GLIDE
corpora/aigc_detect_bench/images/GLIDE/ood_0002766.jpg,1,aigc_detect_bench,GLIDE
corpora/aigc_detect_bench/images/GLIDE/ood_0002800.jpg,1,aigc_detect_bench,GLIDE
corpora/aigc_detect_bench/images/GLIDE/ood_0002834.jpg,1,aigc_detect_bench,GLIDE
corpora/aigc_detect_bench/images/GLIDE/ood_0002868.jpg,1,aigc_detect_bench,GLIDE
corpora/aigc_detect_bench/images/GLIDE/ood_0002902.jpg,1,aigc_detect_bench,GLIDE
corpora/aigc_detect_bench/images/GLIDE/ood_0002936.jpg,1,aigc_detect_bench,GLIDE
corpora/aigc_detect_bench/images/GLIDE/ood_0002970.jpg,1,aigc_detect_bench,GLIDE
corpora/aigc_detect_bench/images/GLIDE/ood_0003004.jpg,1,aigc_detect_bench,GLIDE
corpora/aigc_detect_bench/images/GLIDE/ood_0003038.jpg,1,aigc_detect_bench,GLIDE
corpora/aigc_detect_bench/images/GLIDE/ood_0003072.jpg,1,aigc_detect_bench,GLIDE
corpora/aigc_detect_bench/images/GLIDE/ood_0003106.jpg,1,aigc_detect_bench,GLIDE
corpora/aigc_detect_bench/images/GLIDE/ood_0003140.jpg,1,aigc_detect_bench,GLIDE
corpora/aigc_detect_bench/images/GLIDE/ood_0003174.jpg,1,aigc_detect_bench,GLIDE
corpora/aigc_detect_bench/images/GLIDE/ood_0003208.jpg,1,aigc_detect_bench,GLIDE
corpora/aigc_detect_bench/images/GLIDE/ood_0003242.jpg,1,aigc_detect_bench,GLIDE
corpora/aigc_detect_bench/images/GLIDE/ood_0003276.jpg,1,aigc_detect_bench,GLIDE
corpora/aigc_detect_bench/images/GLIDE/ood_0003310.jpg,1,aigc_detect_bench,GLIDE
corpora/aigc_detect_bench/images/GLIDE/ood_0003344.jpg,1,aigc_detect_bench,GLIDE
corpora/aigc_detect_bench/images/GLIDE/ood_0003378.jpg,1,aigc_detect_bench,GLIDE
corpora/aigc_detect_bench/images/GLIDE/ood_0003412.jpg,1,aigc_detect_bench,GLIDE
corpora/aigc_detect_bench/images/GLIDE/ood_0003446.jpg,1,aigc_detect_bench,GLIDE
corpora/aigc_detect_bench/images/GLIDE/ood_0003480.jpg,1,aigc_detect_bench,GLIDE
corpora/aigc_detect_bench/images/GLIDE/ood_0003514.jpg,1,aigc_detect_bench,GLIDE
corpora/aigc_detect_bench/images/GLIDE/ood_0003548.jpg,1,aigc_detect_bench,GLIDE
corpora/aigc_detect_bench/images/GLIDE/ood_0003582.jpg,1,aigc_detect_bench,GLIDE
corpora/aigc_detect_bench/images/GLIDE/ood_0003616.jpg,1,aigc_detect_bench,GLIDE
corpora/aigc_detect_bench/images/GLIDE/ood_0003650.jpg,1,aigc_detect_bench,GLIDE
corpora/aigc_detect_bench/images/GLIDE/ood_0003684.jpg,1,aigc_detect_bench,GLIDE
corpora/aigc_detect_bench/images/GLIDE/ood_0003718.jpg,1,aigc_detect_bench,GLIDE
corpora/aigc_detect_bench/images/GLIDE/ood_0003752.jpg,1,aigc_detect_bench,GLIDE
corpora/aigc_detect_bench/images/GLIDE/ood_0003786.jpg,1,aigc_detect_bench,GLIDE
corpora/aigc_detect_bench/images/GLIDE/ood_0003820.jpg,1,aigc_detect_bench,GLIDE
corpora/aigc_detect_bench/images/GLIDE/ood_0003854.jpg,1,aigc_detect_bench,GLIDE
corpora/aigc_detect_bench/images/GLIDE/ood_0003888.jpg,1,aigc_detect_bench,GLIDE
corpora/aigc_detect_bench/images/GLIDE/ood_0003922.jpg,1,aigc_detect_bench,GLIDE
corpora/aigc_detect_bench/images/GLIDE/ood_0003956.jpg,1,aigc_detect_bench,GLIDE
corpora/aigc_detect_bench/images/GLIDE/ood_0003990.jpg,1,aigc_detect_bench,GLIDE
corpora/aigc_detect_bench/images/GLIDE/ood_0004024.jpg,1,aigc_detect_bench,GLIDE
corpora/aigc_detect_bench/images/GLIDE/ood_0004058.jpg,1,aigc_detect_bench,GLIDE
corpora/aigc_detect_bench/images/GLIDE/ood_0004092.jpg,1,aigc_detect_bench,GLIDE
corpora/aigc_detect_bench/images/GLIDE/ood_0004126.jpg,1,aigc_detect_bench,GLIDE
corpora/aigc_detect_bench/images/GLIDE/ood_0004160.jpg,1,aigc_detect_bench,GLIDE
corpora/aigc_detect_bench/images/GLIDE/ood_0004194.jpg,1,aigc_detect_bench,GLIDE
corpora/aigc_detect_bench/images/GLIDE/ood_0004228.jpg,1,aigc_detect_bench,GLIDE
corpora/aigc_detect_bench/images/GLIDE/ood_0004262.jpg,1,aigc_detect_bench,GLIDE
corpora/aigc_detect_bench/images/GLIDE/ood_0004296.jpg,1,aigc_detect_bench,GLIDE
corpora/aigc_detect_bench/images/GLIDE/ood_0004330.jpg,1,aigc_detect_bench,GLIDE
corpora/aigc_detect_bench/images/GLIDE/ood_0004364.jpg,1,aigc_detect_bench,GLIDE
corpora/aigc_detect_bench/images/GLIDE/ood_0004398.jpg,1,aigc_detect_bench,GLIDE
corpora/aigc_detect_bench/images/GLIDE/ood_0004432.jpg,1,aigc_detect_bench,GLIDE
corpora/aigc_detect_bench/images/GLIDE/ood_0004466.jpg,1,aigc_detect_bench,GLIDE
corpora/aigc_detect_bench/images/GLIDE/ood_0004500.jpg,1,aigc_detect_bench,GLIDE
corpora/aigc_detect_bench/images/GLIDE/ood_0004534.jpg,1,aigc_detect_bench,GLIDE
corpora/aigc_detect_bench/images/GLIDE/ood_0004568.jpg,1,aigc_detect_bench,GLIDE
corpora/aigc_detect_bench/images/GLIDE/ood_0004602.jpg,1,aigc_detect_bench,GLIDE
corpora/aigc_detect_bench/images/GLIDE/ood_0004636.jpg,1,aigc_detect_bench,GLIDE
corpora/aigc_detect_bench/images/GLIDE/ood_0004670.jpg,1,aigc_detect_bench,GLIDE
corpora/aigc_detect_bench/images/GLIDE/ood_0004704.jpg,1,aigc_detect_bench,GLIDE
corpora/aigc_detect_bench/images/GLIDE/ood_0004738.jpg,1,aigc_detect_bench,GLIDE
corpora/aigc_detect_bench/images/GLIDE/ood_0004772.jpg,1,aigc_detect_bench,GLIDE
corpora/aigc_detect_bench/images/GLIDE/ood_0004806.jpg,1,aigc_detect_bench,GLIDE
corpora/aigc_detect_bench/images/GLIDE/ood_0004840.jpg,1,aigc_detect_bench,GLIDE
corpora/aigc_detect_bench/images/GLIDE/ood_0004874.jpg,1,aigc_detect_bench,GLIDE
corpora/aigc_detect_bench/images/GLIDE/ood_0004908.jpg,1,aigc_detect_bench,GLIDE
corpora/aigc_detect_bench/images/GLIDE/ood_0004942.jpg,1,aigc_detect_bench,GLIDE
corpora/aigc_detect_bench/images/GLIDE/ood_0004976.jpg,1,aigc_detect_bench,GLIDE
corpora/aigc_detect_bench/images/GLIDE/ood_0005010.jpg,1,aigc_detect_bench,GLIDE
corpora/aigc_detect_bench/images/GLIDE/ood_0005044.jpg,1,aigc_detect_bench,GLIDE
corpora/aigc_detect_bench/images/GLIDE/ood_0005078.jpg,1,aigc_detect_bench,GLIDE
corpora/aigc_detect_bench/images/GLIDE/ood_0005112.jpg,1,aigc_detect_bench,GLIDE
corpora/aigc_detect_bench/images/GLIDE/ood_0005146.jpg,1,aigc_detect_bench,GLIDE
corpora/aigc_detect_bench/images/GLIDE/ood_0005180.jpg,1,aigc_detect_bench,GLIDE
corpora/aigc_detect_bench/images/GLIDE/ood_0005214.jpg,1,aigc_detect_bench,GLIDE
corpora/aigc_detect_bench/images/GLIDE/ood_0005248.jpg,1,aigc_detect_bench,GLIDE
corpora/aigc_detect_bench/images/GLIDE/ood_0005282.jpg,1,aigc_detect_bench,GLIDE
corpora/aigc_detect_bench/images/GLIDE/ood_0005316.jpg,1,aigc_detect_bench,GLIDE
corpora/aigc_detect_bench/images/GLIDE/ood_0005350.jpg,1,aigc_detect_bench,GLIDE
corpora/aigc_detect_bench/images/GLIDE/ood_0005384.jpg,1,aigc_detect_bench,GLIDE
corpora/aigc_detect_bench/images/GLIDE/ood_0005418.jpg,1,aigc_detect_bench,GLIDE
corpora/aigc_detect_bench/images/GLIDE/ood_0005452.jpg,1,aigc_detect_bench,GLIDE
corpora/aigc_detect_bench/images/GLIDE/ood_0005486.jpg,1,aigc_detect_bench,GLIDE
corpora/aigc_detect_bench/images/GLIDE/ood_0005520.jpg,1,aigc_detect_bench,GLIDE
corpora/aigc_detect_bench/images/GLIDE/ood_0005554.jpg,1,aigc_detect_bench,GLIDE
corpora/aigc_detect_bench/images/GLIDE/ood_0005588.jpg,1,aigc_detect_bench,GLIDE
corpora/aigc_detect_bench/images/GLIDE/ood_0005622.jpg,1,aigc_detect_bench,GLIDE
corpora/aigc_detect_bench/images/GLIDE/ood_0005656.jpg,1,aigc_detect_bench,GLIDE
corpora/aigc_detect_bench/images/GLIDE/ood_0005690.jpg,1,aigc_detect_bench,GLIDE
corpora/aigc_detect_bench/images/GLIDE/ood_0005724.jpg,1,aigc_detect_bench,GLIDE
corpora/aigc_detect_bench/images/GLIDE/ood_0005758.jpg,1,aigc_detect_bench,GLIDE
corpora/aigc_detect_bench/images/GLIDE/ood_0005792.jpg,1,aigc_detect_bench,GLIDE
corpora/aigc_detect_bench/images/GLIDE/ood_0005826.jpg,1,aigc_detect_bench,GLIDE
corpora/aigc_detect_bench/images/GLIDE/ood_0005860.jpg,1,aigc_detect_bench,GLIDE
corpora/aigc_detect_bench/images/GLIDE/ood_0005894.jpg,1,aigc_detect_bench,GLIDE
corpora/aigc_detect_bench/images/GLIDE/ood_0005928.jpg,1,aigc_detect_bench,GLIDE
corpora/aigc_detect_bench/images/GLIDE/ood_0005962.jpg,1,aigc_detect_bench,GLIDE
corpora/aigc_detect_bench/images/GLIDE/ood_0005996.jpg,1,aigc_detect_bench,GLIDE
corpora/aigc_detect_bench/images/GLIDE/ood_0006030.jpg,1,aigc_detect_bench,GLIDE
corpora/aigc_detect_bench/images/GLIDE/ood_0006064.jpg,1,aigc_detect_bench,GLIDE
corpora/aigc_detect_bench/images/GLIDE/ood_0006098.jpg,1,aigc_detect_bench,GLIDE
corpora/aigc_detect_bench/images/GLIDE/ood_0006132.jpg,1,aigc_detect_bench,GLIDE
corpora/aigc_detect_bench/images/GLIDE/ood_0006166.jpg,1,aigc_detect_bench,GLIDE
corpora/aigc_detect_bench/images/GLIDE/ood_0006200.jpg,1,aigc_detect_bench,GLIDE
corpora/aigc_detect_bench/images/GLIDE/ood_0006234.jpg,1,aigc_detect_bench,GLIDE
corpora/aigc_detect_bench/images/GLIDE/ood_0006268.jpg,1,aigc_detect_bench,GLIDE
corpora/aigc_detect_bench/images/GLIDE/ood_0006302.jpg,1,aigc_detect_bench,GLIDE
corpora/aigc_detect_bench/images/GLIDE/ood_0006336.jpg,1,aigc_detect_bench,GLIDE
corpora/aigc_detect_bench/images/GLIDE/ood_0006370.jpg,1,aigc_detect_bench,GLIDE
corpora/aigc_detect_bench/images/GLIDE/ood_0006404.jpg,1,aigc_detect_bench,GLIDE
corpora/aigc_detect_bench/images/GLIDE/ood_0006438.jpg,1,aigc_detect_bench,GLIDE
corpora/aigc_detect_bench/images/GLIDE/ood_0006472.jpg,1,aigc_detect_bench,GLIDE
corpora/aigc_detect_bench/images/GLIDE/ood_0006506.jpg,1,aigc_detect_bench,GLIDE
corpora/aigc_detect_bench/images/GLIDE/ood_0006540.jpg,1,aigc_detect_bench,GLIDE
corpora/aigc_detect_bench/images/GLIDE/ood_0006574.jpg,1,aigc_detect_bench,GLIDE
corpora/aigc_detect_bench/images/GLIDE/ood_0006608.jpg,1,aigc_detect_bench,GLIDE
corpora/aigc_detect_bench/images/GLIDE/ood_0006642.jpg,1,aigc_detect_bench,GLIDE
corpora/aigc_detect_bench/images/GLIDE/ood_0006676.jpg,1,aigc_detect_bench,GLIDE
corpora/aigc_detect_bench/images/GLIDE/ood_0006710.jpg,1,aigc_detect_bench,GLIDE
corpora/aigc_detect_bench/images/GLIDE/ood_0006744.jpg,1,aigc_detect_bench,GLIDE
corpora/aigc_detect_bench/images/GLIDE/ood_0006778.jpg,1,aigc_detect_bench,GLIDE
corpora/aigc_detect_bench/images/GLIDE/ood_0006812.jpg,1,aigc_detect_bench,GLIDE
corpora/aigc_detect_bench/images/GLIDE/ood_0006844.jpg,1,aigc_detect_bench,GLIDE
corpora/aigc_detect_bench/images/GLIDE/ood_0006876.jpg,1,aigc_detect_bench,GLIDE
corpora/aigc_detect_bench/images/GLIDE/ood_0006908.jpg,1,aigc_detect_bench,GLIDE
corpora/aigc_detect_bench/images/GLIDE/ood_0006940.jpg,1,aigc_detect_bench,GLIDE
corpora/aigc_detect_bench/images/GLIDE/ood_0006972.jpg,1,aigc_detect_bench,GLIDE
corpora/aigc_detect_bench/images/GLIDE/ood_0007004.jpg,1,aigc_detect_bench,GLIDE
corpora/aigc_detect_bench/images/GLIDE/ood_0007036.jpg,1,aigc_detect_bench,GLIDE
corpora/aigc_detect_bench/images/GLIDE/ood_0007068.jpg,1,aigc_detect_bench,GLIDE
corpora/aigc_detect_bench/images/GLIDE/ood_0007100.jpg,1,aigc_detect_bench,GLIDE
corpora/aigc_detect_bench/images/GLIDE/ood_0007132.jpg,1,aigc_detect_bench,GLIDE
corpora/aigc_detect_bench/images/GLIDE/ood_0007164.jpg,1,aigc_detect_bench,GLIDE
corpora/aigc_detect_bench/images/GLIDE/ood_0007196.jpg,1,aigc_detect_bench,GLIDE
corpora/aigc_detect_bench/images/GLIDE/ood_0007228.jpg,1,aigc_detect_bench,GLIDE
corpora/aigc_detect_bench/images/GLIDE/ood_0007260.jpg,1,aigc_detect_bench,GLIDE
corpora/aigc_detect_bench/images/GLIDE/ood_0007292.jpg,1,aigc_detect_bench,GLIDE
corpora/aigc_detect_bench/images/GLIDE/ood_0007324.jpg,1,aigc_detect_bench,GLIDE
corpora/aigc_detect_bench/images/GLIDE/ood_0007356.jpg,1,aigc_detect_bench,GLIDE
corpora/aigc_detect_bench/images/GLIDE/ood_0007388.jpg,1,aigc_detect_bench,GLIDE
corpora/aigc_detect_bench/images/GLIDE/ood_0007420.jpg,1,aigc_detect_bench,GLIDE
corpora/aigc_detect_bench/images/GLIDE/ood_0007452.jpg,1,aigc_detect_bench,GLIDE
corpora/aigc_detect_bench/images/GLIDE/ood_0007484.jpg,1,aigc_detect_bench,GLIDE
corpora/aigc_detect_bench/images/GLIDE/ood_0007516.jpg,1,aigc_detect_bench,GLIDE
corpora/aigc_detect_bench/images/GLIDE/ood_0007548.jpg,1,aigc_detect_bench,GLIDE
corpora/aigc_detect_bench/images/GLIDE/ood_0007580.jpg,1,aigc_detect_bench,GLIDE
corpora/aigc_detect_bench/images/GLIDE/ood_0007612.jpg,1,aigc_detect_bench,GLIDE
corpora/aigc_detect_bench/images/GLIDE/ood_0007644.jpg,1,aigc_detect_bench,GLIDE
corpora/aigc_detect_bench/images/GLIDE/ood_0007676.jpg,1,aigc_detect_bench,GLIDE
corpora/aigc_detect_bench/images/GLIDE/ood_0007708.jpg,1,aigc_detect_bench,GLIDE
corpora/aigc_detect_bench/images/GLIDE/ood_0007740.jpg,1,aigc_detect_bench,GLIDE
corpora/aigc_detect_bench/images/GLIDE/ood_0007772.jpg,1,aigc_detect_bench,GLIDE
corpora/aigc_detect_bench/images/GLIDE/ood_0007804.jpg,1,aigc_detect_bench,GLIDE
corpora/aigc_detect_bench/images/GLIDE/ood_0007836.jpg,1,aigc_detect_bench,GLIDE
corpora/aigc_detect_bench/images/GLIDE/ood_0007868.jpg,1,aigc_detect_bench,GLIDE
corpora/aigc_detect_bench/images/GLIDE/ood_0007900.jpg,1,aigc_detect_bench,GLIDE
corpora/aigc_detect_bench/images/GLIDE/ood_0007932.jpg,1,aigc_detect_bench,GLIDE
corpora/aigc_detect_bench/images/GLIDE/ood_0007964.jpg,1,aigc_detect_bench,GLIDE
corpora/aigc_detect_bench/images/GLIDE/ood_0007996.jpg,1,aigc_detect_bench,GLIDE
corpora/aigc_detect_bench/images/GLIDE/ood_0008028.jpg,1,aigc_detect_bench,GLIDE
corpora/aigc_detect_bench/images/GLIDE/ood_0008060.jpg,1,aigc_detect_bench,GLIDE
corpora/aigc_detect_bench/images/GLIDE/ood_0008092.jpg,1,aigc_detect_bench,GLIDE
corpora/aigc_detect_bench/images/GLIDE/ood_0008124.jpg,1,aigc_detect_bench,GLIDE
corpora/aigc_detect_bench/images/GLIDE/ood_0008156.jpg,1,aigc_detect_bench,GLIDE
corpora/aigc_detect_bench/images/GLIDE/ood_0008188.jpg,1,aigc_detect_bench,GLIDE
corpora/aigc_detect_bench/images/GLIDE/ood_0008220.jpg,1,aigc_detect_bench,GLIDE
corpora/aigc_detect_bench/images/GLIDE/ood_0008252.jpg,1,aigc_detect_bench,GLIDE
corpora/aigc_detect_bench/images/GLIDE/ood_0008284.jpg,1,aigc_detect_bench,GLIDE
corpora/aigc_detect_bench/images/GLIDE/ood_0008316.jpg,1,aigc_detect_bench,GLIDE
corpora/aigc_detect_bench/images/GLIDE/ood_0008348.jpg,1,aigc_detect_bench,GLIDE
corpora/aigc_detect_bench/images/GLIDE/ood_0008380.jpg,1,aigc_detect_bench,GLIDE
corpora/aigc_detect_bench/images/Midjourney/ood_0000014.jpg,1,aigc_detect_bench,Midjourney
corpora/aigc_detect_bench/images/Midjourney/ood_0000048.jpg,1,aigc_detect_bench,Midjourney
corpora/aigc_detect_bench/images/Midjourney/ood_0000082.jpg,1,aigc_detect_bench,Midjourney
corpora/aigc_detect_bench/images/Midjourney/ood_0000116.jpg,1,aigc_detect_bench,Midjourney
corpora/aigc_detect_bench/images/Midjourney/ood_0000150.jpg,1,aigc_detect_bench,Midjourney
corpora/aigc_detect_bench/images/Midjourney/ood_0000184.jpg,1,aigc_detect_bench,Midjourney
corpora/aigc_detect_bench/images/Midjourney/ood_0000218.jpg,1,aigc_detect_bench,Midjourney
corpora/aigc_detect_bench/images/Midjourney/ood_0000252.jpg,1,aigc_detect_bench,Midjourney
corpora/aigc_detect_bench/images/Midjourney/ood_0000286.jpg,1,aigc_detect_bench,Midjourney
corpora/aigc_detect_bench/images/Midjourney/ood_0000320.jpg,1,aigc_detect_bench,Midjourney
corpora/aigc_detect_bench/images/Midjourney/ood_0000354.jpg,1,aigc_detect_bench,Midjourney
corpora/aigc_detect_bench/images/Midjourney/ood_0000388.jpg,1,aigc_detect_bench,Midjourney
corpora/aigc_detect_bench/images/Midjourney/ood_0000422.jpg,1,aigc_detect_bench,Midjourney
corpora/aigc_detect_bench/images/Midjourney/ood_0000456.jpg,1,aigc_detect_bench,Midjourney
corpora/aigc_detect_bench/images/Midjourney/ood_0000490.jpg,1,aigc_detect_bench,Midjourney
corpora/aigc_detect_bench/images/Midjourney/ood_0000524.jpg,1,aigc_detect_bench,Midjourney
corpora/aigc_detect_bench/images/Midjourney/ood_0000558.jpg,1,aigc_detect_bench,Midjourney
corpora/aigc_detect_bench/images/Midjourney/ood_0000592.jpg,1,aigc_detect_bench,Midjourney
corpora/aigc_detect_bench/images/Midjourney/ood_0000626.jpg,1,aigc_detect_bench,Midjourney
corpora/aigc_detect_bench/images/Midjourney/ood_0000660.jpg,1,aigc_detect_bench,Midjourney
corpora/aigc_detect_bench/images/Midjourney/ood_0000694.jpg,1,aigc_detect_bench,Midjourney
corpora/aigc_detect_bench/images/Midjourney/ood_0000728.jpg,1,aigc_detect_bench,Midjourney
corpora/aigc_detect_bench/images/Midjourney/ood_0000762.jpg,1,aigc_detect_bench,Midjourney
corpora/aigc_detect_bench/images/Midjourney/ood_0000796.jpg,1,aigc_detect_bench,Midjourney
corpora/aigc_detect_bench/images/Midjourney/ood_0000830.jpg,1,aigc_detect_bench,Midjourney
corpora/aigc_detect_bench/images/Midjourney/ood_0000864.jpg,1,aigc_detect_bench,Midjourney
corpora/aigc_detect_bench/images/Midjourney/ood_0000898.jpg,1,aigc_detect_bench,Midjourney
corpora/aigc_detect_bench/images/Midjourney/ood_0000932.jpg,1,aigc_detect_bench,Midjourney
corpora/aigc_detect_bench/images/Midjourney/ood_0000966.jpg,1,aigc_detect_bench,Midjourney
corpora/aigc_detect_bench/images/Midjourney/ood_0001000.jpg,1,aigc_detect_bench,Midjourney
corpora/aigc_detect_bench/images/Midjourney/ood_0001034.jpg,1,aigc_detect_bench,Midjourney
corpora/aigc_detect_bench/images/Midjourney/ood_0001068.jpg,1,aigc_detect_bench,Midjourney
corpora/aigc_detect_bench/images/Midjourney/ood_0001102.jpg,1,aigc_detect_bench,Midjourney
corpora/aigc_detect_bench/images/Midjourney/ood_0001136.jpg,1,aigc_detect_bench,Midjourney
corpora/aigc_detect_bench/images/Midjourney/ood_0001170.jpg,1,aigc_detect_bench,Midjourney
corpora/aigc_detect_bench/images/Midjourney/ood_0001204.jpg,1,aigc_detect_bench,Midjourney
corpora/aigc_detect_bench/images/Midjourney/ood_0001238.jpg,1,aigc_detect_bench,Midjourney
corpora/aigc_detect_bench/images/Midjourney/ood_0001272.jpg,1,aigc_detect_bench,Midjourney
corpora/aigc_detect_bench/images/Midjourney/ood_0001306.jpg,1,aigc_detect_bench,Midjourney
corpora/aigc_detect_bench/images/Midjourney/ood_0001340.jpg,1,aigc_detect_bench,Midjourney
corpora/aigc_detect_bench/images/Midjourney/ood_0001374.jpg,1,aigc_detect_bench,Midjourney
corpora/aigc_detect_bench/images/Midjourney/ood_0001408.jpg,1,aigc_detect_bench,Midjourney
corpora/aigc_detect_bench/images/Midjourney/ood_0001442.jpg,1,aigc_detect_bench,Midjourney
corpora/aigc_detect_bench/images/Midjourney/ood_0001476.jpg,1,aigc_detect_bench,Midjourney
corpora/aigc_detect_bench/images/Midjourney/ood_0001510.jpg,1,aigc_detect_bench,Midjourney
corpora/aigc_detect_bench/images/Midjourney/ood_0001544.jpg,1,aigc_detect_bench,Midjourney
corpora/aigc_detect_bench/images/Midjourney/ood_0001578.jpg,1,aigc_detect_bench,Midjourney
corpora/aigc_detect_bench/images/Midjourney/ood_0001612.jpg,1,aigc_detect_bench,Midjourney
corpora/aigc_detect_bench/images/Midjourney/ood_0001646.jpg,1,aigc_detect_bench,Midjourney
corpora/aigc_detect_bench/images/Midjourney/ood_0001680.jpg,1,aigc_detect_bench,Midjourney
corpora/aigc_detect_bench/images/Midjourney/ood_0001714.jpg,1,aigc_detect_bench,Midjourney
corpora/aigc_detect_bench/images/Midjourney/ood_0001748.jpg,1,aigc_detect_bench,Midjourney
corpora/aigc_detect_bench/images/Midjourney/ood_0001782.jpg,1,aigc_detect_bench,Midjourney
corpora/aigc_detect_bench/images/Midjourney/ood_0001816.jpg,1,aigc_detect_bench,Midjourney
corpora/aigc_detect_bench/images/Midjourney/ood_0001850.jpg,1,aigc_detect_bench,Midjourney
corpora/aigc_detect_bench/images/Midjourney/ood_0001884.jpg,1,aigc_detect_bench,Midjourney
corpora/aigc_detect_bench/images/Midjourney/ood_0001918.jpg,1,aigc_detect_bench,Midjourney
corpora/aigc_detect_bench/images/Midjourney/ood_0001952.jpg,1,aigc_detect_bench,Midjourney
corpora/aigc_detect_bench/images/Midjourney/ood_0001986.jpg,1,aigc_detect_bench,Midjourney
corpora/aigc_detect_bench/images/Midjourney/ood_0002020.jpg,1,aigc_detect_bench,Midjourney
corpora/aigc_detect_bench/images/Midjourney/ood_0002054.jpg,1,aigc_detect_bench,Midjourney
corpora/aigc_detect_bench/images/Midjourney/ood_0002088.jpg,1,aigc_detect_bench,Midjourney
corpora/aigc_detect_bench/images/Midjourney/ood_0002122.jpg,1,aigc_detect_bench,Midjourney
corpora/aigc_detect_bench/images/Midjourney/ood_0002156.jpg,1,aigc_detect_bench,Midjourney
corpora/aigc_detect_bench/images/Midjourney/ood_0002190.jpg,1,aigc_detect_bench,Midjourney
corpora/aigc_detect_bench/images/Midjourney/ood_0002224.jpg,1,aigc_detect_bench,Midjourney
corpora/aigc_detect_bench/images/Midjourney/ood_0002258.jpg,1,aigc_detect_bench,Midjourney
corpora/aigc_detect_bench/images/Midjourney/ood_0002292.jpg,1,aigc_detect_bench,Midjourney
corpora/aigc_detect_bench/images/Midjourney/ood_0002326.jpg,1,aigc_detect_bench,Midjourney
corpora/aigc_detect_bench/images/Midjourney/ood_0002360.jpg,1,aigc_detect_bench,Midjourney
corpora/aigc_detect_bench/images/Midjourney/ood_0002394.jpg,1,aigc_detect_bench,Midjourney
corpora/aigc_detect_bench/images/Midjourney/ood_0002428.jpg,1,aigc_detect_bench,Midjourney
corpora/aigc_detect_bench/images/Midjourney/ood_0002462.jpg,1,aigc_detect_bench,Midjourney
corpora/aigc_detect_bench/images/Midjourney/ood_0002496.jpg,1,aigc_detect_bench,Midjourney
corpora/aigc_detect_bench/images/Midjourney/ood_0002530.jpg,1,aigc_detect_bench,Midjourney
corpora/aigc_detect_bench/images/Midjourney/ood_0002564.jpg,1,aigc_detect_bench,Midjourney
corpora/aigc_detect_bench/images/Midjourney/ood_0002598.jpg,1,aigc_detect_bench,Midjourney
corpora/aigc_detect_bench/images/Midjourney/ood_0002632.jpg,1,aigc_detect_bench,Midjourney
corpora/aigc_detect_bench/images/Midjourney/ood_0002666.jpg,1,aigc_detect_bench,Midjourney
corpora/aigc_detect_bench/images/Midjourney/ood_0002700.jpg,1,aigc_detect_bench,Midjourney
corpora/aigc_detect_bench/images/Midjourney/ood_0002734.jpg,1,aigc_detect_bench,Midjourney
corpora/aigc_detect_bench/images/Midjourney/ood_0002768.jpg,1,aigc_detect_bench,Midjourney
corpora/aigc_detect_bench/images/Midjourney/ood_0002802.jpg,1,aigc_detect_bench,Midjourney
corpora/aigc_detect_bench/images/Midjourney/ood_0002836.jpg,1,aigc_detect_bench,Midjourney
corpora/aigc_detect_bench/images/Midjourney/ood_0002870.jpg,1,aigc_detect_bench,Midjourney
corpora/aigc_detect_bench/images/Midjourney/ood_0002904.jpg,1,aigc_detect_bench,Midjourney
corpora/aigc_detect_bench/images/Midjourney/ood_0002938.jpg,1,aigc_detect_bench,Midjourney
corpora/aigc_detect_bench/images/Midjourney/ood_0002972.jpg,1,aigc_detect_bench,Midjourney
corpora/aigc_detect_bench/images/Midjourney/ood_0003006.jpg,1,aigc_detect_bench,Midjourney
corpora/aigc_detect_bench/images/Midjourney/ood_0003040.jpg,1,aigc_detect_bench,Midjourney
corpora/aigc_detect_bench/images/Midjourney/ood_0003074.jpg,1,aigc_detect_bench,Midjourney
corpora/aigc_detect_bench/images/Midjourney/ood_0003108.jpg,1,aigc_detect_bench,Midjourney
corpora/aigc_detect_bench/images/Midjourney/ood_0003142.jpg,1,aigc_detect_bench,Midjourney
corpora/aigc_detect_bench/images/Midjourney/ood_0003176.jpg,1,aigc_detect_bench,Midjourney
corpora/aigc_detect_bench/images/Midjourney/ood_0003210.jpg,1,aigc_detect_bench,Midjourney
corpora/aigc_detect_bench/images/Midjourney/ood_0003244.jpg,1,aigc_detect_bench,Midjourney
corpora/aigc_detect_bench/images/Midjourney/ood_0003278.jpg,1,aigc_detect_bench,Midjourney
corpora/aigc_detect_bench/images/Midjourney/ood_0003312.jpg,1,aigc_detect_bench,Midjourney
corpora/aigc_detect_bench/images/Midjourney/ood_0003346.jpg,1,aigc_detect_bench,Midjourney
corpora/aigc_detect_bench/images/Midjourney/ood_0003380.jpg,1,aigc_detect_bench,Midjourney
corpora/aigc_detect_bench/images/Midjourney/ood_0003414.jpg,1,aigc_detect_bench,Midjourney
corpora/aigc_detect_bench/images/Midjourney/ood_0003448.jpg,1,aigc_detect_bench,Midjourney
corpora/aigc_detect_bench/images/Midjourney/ood_0003482.jpg,1,aigc_detect_bench,Midjourney
corpora/aigc_detect_bench/images/Midjourney/ood_0003516.jpg,1,aigc_detect_bench,Midjourney
corpora/aigc_detect_bench/images/Midjourney/ood_0003550.jpg,1,aigc_detect_bench,Midjourney
corpora/aigc_detect_bench/images/Midjourney/ood_0003584.jpg,1,aigc_detect_bench,Midjourney
corpora/aigc_detect_bench/images/Midjourney/ood_0003618.jpg,1,aigc_detect_bench,Midjourney
corpora/aigc_detect_bench/images/Midjourney/ood_0003652.jpg,1,aigc_detect_bench,Midjourney
corpora/aigc_detect_bench/images/Midjourney/ood_0003686.jpg,1,aigc_detect_bench,Midjourney
corpora/aigc_detect_bench/images/Midjourney/ood_0003720.jpg,1,aigc_detect_bench,Midjourney
corpora/aigc_detect_bench/images/Midjourney/ood_0003754.jpg,1,aigc_detect_bench,Midjourney
corpora/aigc_detect_bench/images/Midjourney/ood_0003788.jpg,1,aigc_detect_bench,Midjourney
corpora/aigc_detect_bench/images/Midjourney/ood_0003822.jpg,1,aigc_detect_bench,Midjourney
corpora/aigc_detect_bench/images/Midjourney/ood_0003856.jpg,1,aigc_detect_bench,Midjourney
corpora/aigc_detect_bench/images/Midjourney/ood_0003890.jpg,1,aigc_detect_bench,Midjourney
corpora/aigc_detect_bench/images/Midjourney/ood_0003924.jpg,1,aigc_detect_bench,Midjourney
corpora/aigc_detect_bench/images/Midjourney/ood_0003958.jpg,1,aigc_detect_bench,Midjourney
corpora/aigc_detect_bench/images/Midjourney/ood_0003992.jpg,1,aigc_detect_bench,Midjourney
corpora/aigc_detect_bench/images/Midjourney/ood_0004026.jpg,1,aigc_detect_bench,Midjourney
corpora/aigc_detect_bench/images/Midjourney/ood_0004060.jpg,1,aigc_detect_bench,Midjourney
corpora/aigc_detect_bench/images/Midjourney/ood_0004094.jpg,1,aigc_detect_bench,Midjourney
corpora/aigc_detect_bench/images/Midjourney/ood_0004128.jpg,1,aigc_detect_bench,Midjourney
corpora/aigc_detect_bench/images/Midjourney/ood_0004162.jpg,1,aigc_detect_bench,Midjourney
corpora/aigc_detect_bench/images/Midjourney/ood_0004196.jpg,1,aigc_detect_bench,Midjourney
corpora/aigc_detect_bench/images/Midjourney/ood_0004230.jpg,1,aigc_detect_bench,Midjourney
corpora/aigc_detect_bench/images/Midjourney/ood_0004264.jpg,1,aigc_detect_bench,Midjourney
corpora/aigc_detect_bench/images/Midjourney/ood_0004298.jpg,1,aigc_detect_bench,Midjourney
corpora/aigc_detect_bench/images/Midjourney/ood_0004332.jpg,1,aigc_detect_bench,Midjourney
corpora/aigc_detect_bench/images/Midjourney/ood_0004366.jpg,1,aigc_detect_bench,Midjourney
corpora/aigc_detect_bench/images/Midjourney/ood_0004400.jpg,1,aigc_detect_bench,Midjourney
corpora/aigc_detect_bench/images/Midjourney/ood_0004434.jpg,1,aigc_detect_bench,Midjourney
corpora/aigc_detect_bench/images/Midjourney/ood_0004468.jpg,1,aigc_detect_bench,Midjourney
corpora/aigc_detect_bench/images/Midjourney/ood_0004502.jpg,1,aigc_detect_bench,Midjourney
corpora/aigc_detect_bench/images/Midjourney/ood_0004536.jpg,1,aigc_detect_bench,Midjourney
corpora/aigc_detect_bench/images/Midjourney/ood_0004570.jpg,1,aigc_detect_bench,Midjourney
corpora/aigc_detect_bench/images/Midjourney/ood_0004604.jpg,1,aigc_detect_bench,Midjourney
corpora/aigc_detect_bench/images/Midjourney/ood_0004638.jpg,1,aigc_detect_bench,Midjourney
corpora/aigc_detect_bench/images/Midjourney/ood_0004672.jpg,1,aigc_detect_bench,Midjourney
corpora/aigc_detect_bench/images/Midjourney/ood_0004706.jpg,1,aigc_detect_bench,Midjourney
corpora/aigc_detect_bench/images/Midjourney/ood_0004740.jpg,1,aigc_detect_bench,Midjourney
corpora/aigc_detect_bench/images/Midjourney/ood_0004774.jpg,1,aigc_detect_bench,Midjourney
corpora/aigc_detect_bench/images/Midjourney/ood_0004808.jpg,1,aigc_detect_bench,Midjourney
corpora/aigc_detect_bench/images/Midjourney/ood_0004842.jpg,1,aigc_detect_bench,Midjourney
corpora/aigc_detect_bench/images/Midjourney/ood_0004876.jpg,1,aigc_detect_bench,Midjourney
corpora/aigc_detect_bench/images/Midjourney/ood_0004910.jpg,1,aigc_detect_bench,Midjourney
corpora/aigc_detect_bench/images/Midjourney/ood_0004944.jpg,1,aigc_detect_bench,Midjourney
corpora/aigc_detect_bench/images/Midjourney/ood_0004978.jpg,1,aigc_detect_bench,Midjourney
corpora/aigc_detect_bench/images/Midjourney/ood_0005012.jpg,1,aigc_detect_bench,Midjourney
corpora/aigc_detect_bench/images/Midjourney/ood_0005046.jpg,1,aigc_detect_bench,Midjourney
corpora/aigc_detect_bench/images/Midjourney/ood_0005080.jpg,1,aigc_detect_bench,Midjourney
corpora/aigc_detect_bench/images/Midjourney/ood_0005114.jpg,1,aigc_detect_bench,Midjourney
corpora/aigc_detect_bench/images/Midjourney/ood_0005148.jpg,1,aigc_detect_bench,Midjourney
corpora/aigc_detect_bench/images/Midjourney/ood_0005182.jpg,1,aigc_detect_bench,Midjourney
corpora/aigc_detect_bench/images/Midjourney/ood_0005216.jpg,1,aigc_detect_bench,Midjourney
corpora/aigc_detect_bench/images/Midjourney/ood_0005250.jpg,1,aigc_detect_bench,Midjourney
corpora/aigc_detect_bench/images/Midjourney/ood_0005284.jpg,1,aigc_detect_bench,Midjourney
corpora/aigc_detect_bench/images/Midjourney/ood_0005318.jpg,1,aigc_detect_bench,Midjourney
corpora/aigc_detect_bench/images/Midjourney/ood_0005352.jpg,1,aigc_detect_bench,Midjourney
corpora/aigc_detect_bench/images/Midjourney/ood_0005386.jpg,1,aigc_detect_bench,Midjourney
corpora/aigc_detect_bench/images/Midjourney/ood_0005420.jpg,1,aigc_detect_bench,Midjourney
corpora/aigc_detect_bench/images/Midjourney/ood_0005454.jpg,1,aigc_detect_bench,Midjourney
corpora/aigc_detect_bench/images/Midjourney/ood_0005488.jpg,1,aigc_detect_bench,Midjourney
corpora/aigc_detect_bench/images/Midjourney/ood_0005522.jpg,1,aigc_detect_bench,Midjourney
corpora/aigc_detect_bench/images/Midjourney/ood_0005556.jpg,1,aigc_detect_bench,Midjourney
corpora/aigc_detect_bench/images/Midjourney/ood_0005590.jpg,1,aigc_detect_bench,Midjourney
corpora/aigc_detect_bench/images/Midjourney/ood_0005624.jpg,1,aigc_detect_bench,Midjourney
corpora/aigc_detect_bench/images/Midjourney/ood_0005658.jpg,1,aigc_detect_bench,Midjourney
corpora/aigc_detect_bench/images/Midjourney/ood_0005692.jpg,1,aigc_detect_bench,Midjourney
corpora/aigc_detect_bench/images/Midjourney/ood_0005726.jpg,1,aigc_detect_bench,Midjourney
corpora/aigc_detect_bench/images/Midjourney/ood_0005760.jpg,1,aigc_detect_bench,Midjourney
corpora/aigc_detect_bench/images/Midjourney/ood_0005794.jpg,1,aigc_detect_bench,Midjourney
corpora/aigc_detect_bench/images/Midjourney/ood_0005828.jpg,1,aigc_detect_bench,Midjourney
corpora/aigc_detect_bench/images/Midjourney/ood_0005862.jpg,1,aigc_detect_bench,Midjourney
corpora/aigc_detect_bench/images/Midjourney/ood_0005896.jpg,1,aigc_detect_bench,Midjourney
corpora/aigc_detect_bench/images/Midjourney/ood_0005930.jpg,1,aigc_detect_bench,Midjourney
corpora/aigc_detect_bench/images/Midjourney/ood_0005964.jpg,1,aigc_detect_bench,Midjourney
corpora/aigc_detect_bench/images/Midjourney/ood_0005998.jpg,1,aigc_detect_bench,Midjourney
corpora/aigc_detect_bench/images/Midjourney/ood_0006032.jpg,1,aigc_detect_bench,Midjourney
corpora/aigc_detect_bench/images/Midjourney/ood_0006066.jpg,1,aigc_detect_bench,Midjourney
corpora/aigc_detect_bench/images/Midjourney/ood_0006100.jpg,1,aigc_detect_bench,Midjourney
corpora/aigc_detect_bench/images/Midjourney/ood_0006134.jpg,1,aigc_detect_bench,Midjourney
corpora/aigc_detect_bench/images/Midjourney/ood_0006168.jpg,1,aigc_detect_bench,Midjourney
corpora/aigc_detect_bench/images/Midjourney/ood_0006202.jpg,1,aigc_detect_bench,Midjourney
corpora/aigc_detect_bench/images/Midjourney/ood_0006236.jpg,1,aigc_detect_bench,Midjourney
corpora/aigc_detect_bench/images/Midjourney/ood_0006270.jpg,1,aigc_detect_bench,Midjourney
corpora/aigc_detect_bench/images/Midjourney/ood_0006304.jpg,1,aigc_detect_bench,Midjourney
corpora/aigc_detect_bench/images/Midjourney/ood_0006338.jpg,1,aigc_detect_bench,Midjourney
corpora/aigc_detect_bench/images/Midjourney/ood_0006372.jpg,1,aigc_detect_bench,Midjourney
corpora/aigc_detect_bench/images/Midjourney/ood_0006406.jpg,1,aigc_detect_bench,Midjourney
corpora/aigc_detect_bench/images/Midjourney/ood_0006440.jpg,1,aigc_detect_bench,Midjourney
corpora/aigc_detect_bench/images/Midjourney/ood_0006474.jpg,1,aigc_detect_bench,Midjourney
corpora/aigc_detect_bench/images/Midjourney/ood_0006508.jpg,1,aigc_detect_bench,Midjourney
corpora/aigc_detect_bench/images/Midjourney/ood_0006542.jpg,1,aigc_detect_bench,Midjourney
corpora/aigc_detect_bench/images/Midjourney/ood_0006576.jpg,1,aigc_detect_bench,Midjourney
corpora/aigc_detect_bench/images/Midjourney/ood_0006610.jpg,1,aigc_detect_bench,Midjourney
corpora/aigc_detect_bench/images/Midjourney/ood_0006644.jpg,1,aigc_detect_bench,Midjourney
corpora/aigc_detect_bench/images/Midjourney/ood_0006678.jpg,1,aigc_detect_bench,Midjourney
corpora/aigc_detect_bench/images/Midjourney/ood_0006712.jpg,1,aigc_detect_bench,Midjourney
corpora/aigc_detect_bench/images/Midjourney/ood_0006746.jpg,1,aigc_detect_bench,Midjourney
corpora/aigc_detect_bench/images/Midjourney/ood_0006780.jpg,1,aigc_detect_bench,Midjourney
corpora/aigc_detect_bench/images/Midjourney/ood_0006814.jpg,1,aigc_detect_bench,Midjourney
corpora/aigc_detect_bench/images/Midjourney/ood_0006846.jpg,1,aigc_detect_bench,Midjourney
corpora/aigc_detect_bench/images/Midjourney/ood_0006878.jpg,1,aigc_detect_bench,Midjourney
corpora/aigc_detect_bench/images/Midjourney/ood_0006910.jpg,1,aigc_detect_bench,Midjourney
corpora/aigc_detect_bench/images/Midjourney/ood_0006942.jpg,1,aigc_detect_bench,Midjourney
corpora/aigc_detect_bench/images/Midjourney/ood_0006974.jpg,1,aigc_detect_bench,Midjourney
corpora/aigc_detect_bench/images/Midjourney/ood_0007006.jpg,1,aigc_detect_bench,Midjourney
corpora/aigc_detect_bench/images/Midjourney/ood_0007038.jpg,1,aigc_detect_bench,Midjourney
corpora/aigc_detect_bench/images/Midjourney/ood_0007070.jpg,1,aigc_detect_bench,Midjourney
corpora/aigc_detect_bench/images/Midjourney/ood_0007102.jpg,1,aigc_detect_bench,Midjourney
corpora/aigc_detect_bench/images/Midjourney/ood_0007134.jpg,1,aigc_detect_bench,Midjourney
corpora/aigc_detect_bench/images/Midjourney/ood_0007166.jpg,1,aigc_detect_bench,Midjourney
corpora/aigc_detect_bench/images/Midjourney/ood_0007198.jpg,1,aigc_detect_bench,Midjourney
corpora/aigc_detect_bench/images/Midjourney/ood_0007230.jpg,1,aigc_detect_bench,Midjourney
corpora/aigc_detect_bench/images/Midjourney/ood_0007262.jpg,1,aigc_detect_bench,Midjourney
corpora/aigc_detect_bench/images/Midjourney/ood_0007294.jpg,1,aigc_detect_bench,Midjourney
corpora/aigc_detect_bench/images/Midjourney/ood_0007326.jpg,1,aigc_detect_bench,Midjourney
corpora/aigc_detect_bench/images/Midjourney/ood_0007358.jpg,1,aigc_detect_bench,Midjourney
corpora/aigc_detect_bench/images/Midjourney/ood_0007390.jpg,1,aigc_detect_bench,Midjourney
corpora/aigc_detect_bench/images/Midjourney/ood_0007422.jpg,1,aigc_detect_bench,Midjourney
corpora/aigc_detect_bench/images/Midjourney/ood_0007454.jpg,1,aigc_detect_bench,Midjourney
corpora/aigc_detect_bench/images/Midjourney/ood_0007486.jpg,1,aigc_detect_bench,Midjourney
corpora/aigc_detect_bench/images/Midjourney/ood_0007518.jpg,1,aigc_detect_bench,Midjourney
corpora/aigc_detect_bench/images/Midjourney/ood_0007550.jpg,1,aigc_detect_bench,Midjourney
corpora/aigc_detect_bench/images/Midjourney/ood_0007582.jpg,1,aigc_detect_bench,Midjourney
corpora/aigc_detect_bench/images/Midjourney/ood_0007614.jpg,1,aigc_detect_bench,Midjourney
corpora/aigc_detect_bench/images/Midjourney/ood_0007646.jpg,1,aigc_detect_bench,Midjourney
corpora/aigc_detect_bench/images/Midjourney/ood_0007678.jpg,1,aigc_detect_bench,Midjourney
corpora/aigc_detect_bench/images/Midjourney/ood_0007710.jpg,1,aigc_detect_bench,Midjourney
corpora/aigc_detect_bench/images/Midjourney/ood_0007742.jpg,1,aigc_detect_bench,Midjourney
corpora/aigc_detect_bench/images/Midjourney/ood_0007774.jpg,1,aigc_detect_bench,Midjourney
corpora/aigc_detect_bench/images/Midjourney/ood_0007806.jpg,1,aigc_detect_bench,Midjourney
corpora/aigc_detect_bench/images/Midjourney/ood_0007838.jpg,1,aigc_detect_bench,Midjourney
corpora/aigc_detect_bench/images/Midjourney/ood_0007870.jpg,1,aigc_detect_bench,Midjourney
corpora/aigc_detect_bench/images/Midjourney/ood_0007902.jpg,1,aigc_detect_bench,Midjourney
corpora/aigc_detect_bench/images/Midjourney/ood_0007934.jpg,1,aigc_detect_bench,Midjourney
corpora/aigc_detect_bench/images/Midjourney/ood_0007966.jpg,1,aigc_detect_bench,Midjourney
corpora/aigc_detect_bench/images/Midjourney/ood_0007998.jpg,1,aigc_detect_bench,Midjourney
corpora/aigc_detect_bench/images/Midjourney/ood_0008030.jpg,1,aigc_detect_bench,Midjourney
corpora/aigc_detect_bench/images/Midjourney/ood_0008062.jpg,1,aigc_detect_bench,Midjourney
corpora/aigc_detect_bench/images/Midjourney/ood_0008094.jpg,1,aigc_detect_bench,Midjourney
corpora/aigc_detect_bench/images/Midjourney/ood_0008126.jpg,1,aigc_detect_bench,Midjourney
corpora/aigc_detect_bench/images/Midjourney/ood_0008158.jpg,1,aigc_detect_bench,Midjourney
corpora/aigc_detect_bench/images/Midjourney/ood_0008190.jpg,1,aigc_detect_bench,Midjourney
corpora/aigc_detect_bench/images/Midjourney/ood_0008222.jpg,1,aigc_detect_bench,Midjourney
corpora/aigc_detect_bench/images/Midjourney/ood_0008254.jpg,1,aigc_detect_bench,Midjourney
corpora/aigc_detect_bench/images/Midjourney/ood_0008286.jpg,1,aigc_detect_bench,Midjourney
corpora/aigc_detect_bench/images/Midjourney/ood_0008318.jpg,1,aigc_detect_bench,Midjourney
corpora/aigc_detect_bench/images/Midjourney/ood_0008350.jpg,1,aigc_detect_bench,Midjourney
corpora/aigc_detect_bench/images/Midjourney/ood_0008382.jpg,1,aigc_detect_bench,Midjourney
corpora/aigc_detect_bench/images/ProGAN/ood_0000016.jpg,1,aigc_detect_bench,ProGAN
corpora/aigc_detect_bench/images/ProGAN/ood_0000050.jpg,1,aigc_detect_bench,ProGAN
corpora/aigc_detect_bench/images/ProGAN/ood_0000084.jpg,1,aigc_detect_bench,ProGAN
corpora/aigc_detect_bench/images/ProGAN/ood_0000118.jpg,1,aigc_detect_bench,ProGAN
corpora/aigc_detect_bench/images/ProGAN/ood_0000152.jpg,1,aigc_detect_bench,ProGAN
corpora/aigc_detect_bench/images/ProGAN/ood_0000186.jpg,1,aigc_detect_bench,ProGAN
corpora/aigc_detect_bench/images/ProGAN/ood_0000220.jpg,1,aigc_detect_bench,ProGAN
corpora/aigc_detect_bench/images/ProGAN/ood_0000254.jpg,1,aigc_detect_bench,ProGAN
corpora/aigc_detect_bench/images/ProGAN/ood_0000288.jpg,1,aigc_detect_bench,ProGAN
corpora/aigc_detect_bench/images/ProGAN/ood_0000322.jpg,1,aigc_detect_bench,ProGAN
corpora/aigc_detect_bench/images/ProGAN/ood_0000356.jpg,1,aigc_detect_bench,ProGAN
corpora/aigc_detect_bench/images/ProGAN/ood_0000390.jpg,1,aigc_detect_bench,ProGAN
corpora/aigc_detect_bench/images/ProGAN/ood_0000424.jpg,1,aigc_detect_bench,ProGAN
corpora/aigc_detect_bench/images/ProGAN/ood_0000458.jpg,1,aigc_detect_bench,ProGAN
corpora/aigc_detect_bench/images/ProGAN/ood_0000492.jpg,1,aigc_detect_bench,ProGAN
corpora/aigc_detect_bench/images/ProGAN/ood_0000526.jpg,1,aigc_detect_bench,ProGAN
corpora/aigc_detect_bench/images/ProGAN/ood_0000560.jpg,1,aigc_detect_bench,ProGAN
corpora/aigc_detect_bench/images/ProGAN/ood_0000594.jpg,1,aigc_detect_bench,ProGAN
corpora/aigc_detect_bench/images/ProGAN/ood_0000628.jpg,1,aigc_detect_bench,ProGAN
corpora/aigc_detect_bench/images/ProGAN/ood_0000662.jpg,1,aigc_detect_bench,ProGAN
corpora/aigc_detect_bench/images/ProGAN/ood_0000696.jpg,1,aigc_detect_bench,ProGAN
corpora/aigc_detect_bench/images/ProGAN/ood_0000730.jpg,1,aigc_detect_bench,ProGAN
corpora/aigc_detect_bench/images/ProGAN/ood_0000764.jpg,1,aigc_detect_bench,ProGAN
corpora/aigc_detect_bench/images/ProGAN/ood_0000798.jpg,1,aigc_detect_bench,ProGAN
corpora/aigc_detect_bench/images/ProGAN/ood_0000832.jpg,1,aigc_detect_bench,ProGAN
corpora/aigc_detect_bench/images/ProGAN/ood_0000866.jpg,1,aigc_detect_bench,ProGAN
corpora/aigc_detect_bench/images/ProGAN/ood_0000900.jpg,1,aigc_detect_bench,ProGAN
corpora/aigc_detect_bench/images/ProGAN/ood_0000934.jpg,1,aigc_detect_bench,ProGAN
corpora/aigc_detect_bench/images/ProGAN/ood_0000968.jpg,1,aigc_detect_bench,ProGAN
corpora/aigc_detect_bench/images/ProGAN/ood_0001002.jpg,1,aigc_detect_bench,ProGAN
corpora/aigc_detect_bench/images/ProGAN/ood_0001036.jpg,1,aigc_detect_bench,ProGAN
corpora/aigc_detect_bench/images/ProGAN/ood_0001070.jpg,1,aigc_detect_bench,ProGAN
corpora/aigc_detect_bench/images/ProGAN/ood_0001104.jpg,1,aigc_detect_bench,ProGAN
corpora/aigc_detect_bench/images/ProGAN/ood_0001138.jpg,1,aigc_detect_bench,ProGAN
corpora/aigc_detect_bench/images/ProGAN/ood_0001172.jpg,1,aigc_detect_bench,ProGAN
corpora/aigc_detect_bench/images/ProGAN/ood_0001206.jpg,1,aigc_detect_bench,ProGAN
corpora/aigc_detect_bench/images/ProGAN/ood_0001240.jpg,1,aigc_detect_bench,ProGAN
corpora/aigc_detect_bench/images/ProGAN/ood_0001274.jpg,1,aigc_detect_bench,ProGAN
corpora/aigc_detect_bench/images/ProGAN/ood_0001308.jpg,1,aigc_detect_bench,ProGAN
corpora/aigc_detect_bench/images/ProGAN/ood_0001342.jpg,1,aigc_detect_bench,ProGAN
corpora/aigc_detect_bench/images/ProGAN/ood_0001376.jpg,1,aigc_detect_bench,ProGAN
corpora/aigc_detect_bench/images/ProGAN/ood_0001410.jpg,1,aigc_detect_bench,ProGAN
corpora/aigc_detect_bench/images/ProGAN/ood_0001444.jpg,1,aigc_detect_bench,ProGAN
corpora/aigc_detect_bench/images/ProGAN/ood_0001478.jpg,1,aigc_detect_bench,ProGAN
corpora/aigc_detect_bench/images/ProGAN/ood_0001512.jpg,1,aigc_detect_bench,ProGAN
corpora/aigc_detect_bench/images/ProGAN/ood_0001546.jpg,1,aigc_detect_bench,ProGAN
corpora/aigc_detect_bench/images/ProGAN/ood_0001580.jpg,1,aigc_detect_bench,ProGAN
corpora/aigc_detect_bench/images/ProGAN/ood_0001614.jpg,1,aigc_detect_bench,ProGAN
corpora/aigc_detect_bench/images/ProGAN/ood_0001648.jpg,1,aigc_detect_bench,ProGAN
corpora/aigc_detect_bench/images/ProGAN/ood_0001682.jpg,1,aigc_detect_bench,ProGAN
corpora/aigc_detect_bench/images/ProGAN/ood_0001716.jpg,1,aigc_detect_bench,ProGAN
corpora/aigc_detect_bench/images/ProGAN/ood_0001750.jpg,1,aigc_detect_bench,ProGAN
corpora/aigc_detect_bench/images/ProGAN/ood_0001784.jpg,1,aigc_detect_bench,ProGAN
corpora/aigc_detect_bench/images/ProGAN/ood_0001818.jpg,1,aigc_detect_bench,ProGAN
corpora/aigc_detect_bench/images/ProGAN/ood_0001852.jpg,1,aigc_detect_bench,ProGAN
corpora/aigc_detect_bench/images/ProGAN/ood_0001886.jpg,1,aigc_detect_bench,ProGAN
corpora/aigc_detect_bench/images/ProGAN/ood_0001920.jpg,1,aigc_detect_bench,ProGAN
corpora/aigc_detect_bench/images/ProGAN/ood_0001954.jpg,1,aigc_detect_bench,ProGAN
corpora/aigc_detect_bench/images/ProGAN/ood_0001988.jpg,1,aigc_detect_bench,ProGAN
corpora/aigc_detect_bench/images/ProGAN/ood_0002022.jpg,1,aigc_detect_bench,ProGAN
corpora/aigc_detect_bench/images/ProGAN/ood_0002056.jpg,1,aigc_detect_bench,ProGAN
corpora/aigc_detect_bench/images/ProGAN/ood_0002090.jpg,1,aigc_detect_bench,ProGAN
corpora/aigc_detect_bench/images/ProGAN/ood_0002124.jpg,1,aigc_detect_bench,ProGAN
corpora/aigc_detect_bench/images/ProGAN/ood_0002158.jpg,1,aigc_detect_bench,ProGAN
corpora/aigc_detect_bench/images/ProGAN/ood_0002192.jpg,1,aigc_detect_bench,ProGAN
corpora/aigc_detect_bench/images/ProGAN/ood_0002226.jpg,1,aigc_detect_bench,ProGAN
corpora/aigc_detect_bench/images/ProGAN/ood_0002260.jpg,1,aigc_detect_bench,ProGAN
corpora/aigc_detect_bench/images/ProGAN/ood_0002294.jpg,1,aigc_detect_bench,ProGAN
corpora/aigc_detect_bench/images/ProGAN/ood_0002328.jpg,1,aigc_detect_bench,ProGAN
corpora/aigc_detect_bench/images/ProGAN/ood_0002362.jpg,1,aigc_detect_bench,ProGAN
corpora/aigc_detect_bench/images/ProGAN/ood_0002396.jpg,1,aigc_detect_bench,ProGAN
corpora/aigc_detect_bench/images/ProGAN/ood_0002430.jpg,1,aigc_detect_bench,ProGAN
corpora/aigc_detect_bench/images/ProGAN/ood_0002464.jpg,1,aigc_detect_bench,ProGAN
corpora/aigc_detect_bench/images/ProGAN/ood_0002498.jpg,1,aigc_detect_bench,ProGAN
corpora/aigc_detect_bench/images/ProGAN/ood_0002532.jpg,1,aigc_detect_bench,ProGAN
corpora/aigc_detect_bench/images/ProGAN/ood_0002566.jpg,1,aigc_detect_bench,ProGAN
corpora/aigc_detect_bench/images/ProGAN/ood_0002600.jpg,1,aigc_detect_bench,ProGAN
corpora/aigc_detect_bench/images/ProGAN/ood_0002634.jpg,1,aigc_detect_bench,ProGAN
corpora/aigc_detect_bench/images/ProGAN/ood_0002668.jpg,1,aigc_detect_bench,ProGAN
corpora/aigc_detect_bench/images/ProGAN/ood_0002702.jpg,1,aigc_detect_bench,ProGAN
corpora/aigc_detect_bench/images/ProGAN/ood_0002736.jpg,1,aigc_detect_bench,ProGAN
corpora/aigc_detect_bench/images/ProGAN/ood_0002770.jpg,1,aigc_detect_bench,ProGAN
corpora/aigc_detect_bench/images/ProGAN/ood_0002804.jpg,1,aigc_detect_bench,ProGAN
corpora/aigc_detect_bench/images/ProGAN/ood_0002838.jpg,1,aigc_detect_bench,ProGAN
corpora/aigc_detect_bench/images/ProGAN/ood_0002872.jpg,1,aigc_detect_bench,ProGAN
corpora/aigc_detect_bench/images/ProGAN/ood_0002906.jpg,1,aigc_detect_bench,ProGAN
corpora/aigc_detect_bench/images/ProGAN/ood_0002940.jpg,1,aigc_detect_bench,ProGAN
corpora/aigc_detect_bench/images/ProGAN/ood_0002974.jpg,1,aigc_detect_bench,ProGAN
corpora/aigc_detect_bench/images/ProGAN/ood_0003008.jpg,1,aigc_detect_bench,ProGAN
corpora/aigc_detect_bench/images/ProGAN/ood_0003042.jpg,1,aigc_detect_bench,ProGAN
corpora/aigc_detect_bench/images/ProGAN/ood_0003076.jpg,1,aigc_detect_bench,ProGAN
corpora/aigc_detect_bench/images/ProGAN/ood_0003110.jpg,1,aigc_detect_bench,ProGAN
corpora/aigc_detect_bench/images/ProGAN/ood_0003144.jpg,1,aigc_detect_bench,ProGAN
corpora/aigc_detect_bench/images/ProGAN/ood_0003178.jpg,1,aigc_detect_bench,ProGAN
corpora/aigc_detect_bench/images/ProGAN/ood_0003212.jpg,1,aigc_detect_bench,ProGAN
corpora/aigc_detect_bench/images/ProGAN/ood_0003246.jpg,1,aigc_detect_bench,ProGAN
corpora/aigc_detect_bench/images/ProGAN/ood_0003280.jpg,1,aigc_detect_bench,ProGAN
corpora/aigc_detect_bench/images/ProGAN/ood_0003314.jpg,1,aigc_detect_bench,ProGAN
corpora/aigc_detect_bench/images/ProGAN/ood_0003348.jpg,1,aigc_detect_bench,ProGAN
corpora/aigc_detect_bench/images/ProGAN/ood_0003382.jpg,1,aigc_detect_bench,ProGAN
corpora/aigc_detect_bench/images/ProGAN/ood_0003416.jpg,1,aigc_detect_bench,ProGAN
corpora/aigc_detect_bench/images/ProGAN/ood_0003450.jpg,1,aigc_detect_bench,ProGAN
corpora/aigc_detect_bench/images/ProGAN/ood_0003484.jpg,1,aigc_detect_bench,ProGAN
corpora/aigc_detect_bench/images/ProGAN/ood_0003518.jpg,1,aigc_detect_bench,ProGAN
corpora/aigc_detect_bench/images/ProGAN/ood_0003552.jpg,1,aigc_detect_bench,ProGAN
corpora/aigc_detect_bench/images/ProGAN/ood_0003586.jpg,1,aigc_detect_bench,ProGAN
corpora/aigc_detect_bench/images/ProGAN/ood_0003620.jpg,1,aigc_detect_bench,ProGAN
corpora/aigc_detect_bench/images/ProGAN/ood_0003654.jpg,1,aigc_detect_bench,ProGAN
corpora/aigc_detect_bench/images/ProGAN/ood_0003688.jpg,1,aigc_detect_bench,ProGAN
corpora/aigc_detect_bench/images/ProGAN/ood_0003722.jpg,1,aigc_detect_bench,ProGAN
corpora/aigc_detect_bench/images/ProGAN/ood_0003756.jpg,1,aigc_detect_bench,ProGAN
corpora/aigc_detect_bench/images/ProGAN/ood_0003790.jpg,1,aigc_detect_bench,ProGAN
corpora/aigc_detect_bench/images/ProGAN/ood_0003824.jpg,1,aigc_detect_bench,ProGAN
corpora/aigc_detect_bench/images/ProGAN/ood_0003858.jpg,1,aigc_detect_bench,ProGAN
corpora/aigc_detect_bench/images/ProGAN/ood_0003892.jpg,1,aigc_detect_bench,ProGAN
corpora/aigc_detect_bench/images/ProGAN/ood_0003926.jpg,1,aigc_detect_bench,ProGAN
corpora/aigc_detect_bench/images/ProGAN/ood_0003960.jpg,1,aigc_detect_bench,ProGAN
corpora/aigc_detect_bench/images/ProGAN/ood_0003994.jpg,1,aigc_detect_bench,ProGAN
corpora/aigc_detect_bench/images/ProGAN/ood_0004028.jpg,1,aigc_detect_bench,ProGAN
corpora/aigc_detect_bench/images/ProGAN/ood_0004062.jpg,1,aigc_detect_bench,ProGAN
corpora/aigc_detect_bench/images/ProGAN/ood_0004096.jpg,1,aigc_detect_bench,ProGAN
corpora/aigc_detect_bench/images/ProGAN/ood_0004130.jpg,1,aigc_detect_bench,ProGAN
corpora/aigc_detect_bench/images/ProGAN/ood_0004164.jpg,1,aigc_detect_bench,ProGAN
corpora/aigc_detect_bench/images/ProGAN/ood_0004198.jpg,1,aigc_detect_bench,ProGAN
corpora/aigc_detect_bench/images/ProGAN/ood_0004232.jpg,1,aigc_detect_bench,ProGAN
corpora/aigc_detect_bench/images/ProGAN/ood_0004266.jpg,1,aigc_detect_bench,ProGAN
corpora/aigc_detect_bench/images/ProGAN/ood_0004300.jpg,1,aigc_detect_bench,ProGAN
corpora/aigc_detect_bench/images/ProGAN/ood_0004334.jpg,1,aigc_detect_bench,ProGAN
corpora/aigc_detect_bench/images/ProGAN/ood_0004368.jpg,1,aigc_detect_bench,ProGAN
corpora/aigc_detect_bench/images/ProGAN/ood_0004402.jpg,1,aigc_detect_bench,ProGAN
corpora/aigc_detect_bench/images/ProGAN/ood_0004436.jpg,1,aigc_detect_bench,ProGAN
corpora/aigc_detect_bench/images/ProGAN/ood_0004470.jpg,1,aigc_detect_bench,ProGAN
corpora/aigc_detect_bench/images/ProGAN/ood_0004504.jpg,1,aigc_detect_bench,ProGAN
corpora/aigc_detect_bench/images/ProGAN/ood_0004538.jpg,1,aigc_detect_bench,ProGAN
corpora/aigc_detect_bench/images/ProGAN/ood_0004572.jpg,1,aigc_detect_bench,ProGAN
corpora/aigc_detect_bench/images/ProGAN/ood_0004606.jpg,1,aigc_detect_bench,ProGAN
corpora/aigc_detect_bench/images/ProGAN/ood_0004640.jpg,1,aigc_detect_bench,ProGAN
corpora/aigc_detect_bench/images/ProGAN/ood_0004674.jpg,1,aigc_detect_bench,ProGAN
corpora/aigc_detect_bench/images/ProGAN/ood_0004708.jpg,1,aigc_detect_bench,ProGAN
corpora/aigc_detect_bench/images/ProGAN/ood_0004742.jpg,1,aigc_detect_bench,ProGAN
corpora/aigc_detect_bench/images/ProGAN/ood_0004776.jpg,1,aigc_detect_bench,ProGAN
corpora/aigc_detect_bench/images/ProGAN/ood_0004810.jpg,1,aigc_detect_bench,ProGAN
corpora/aigc_detect_bench/images/ProGAN/ood_0004844.jpg,1,aigc_detect_bench,ProGAN
corpora/aigc_detect_bench/images/ProGAN/ood_0004878.jpg,1,aigc_detect_bench,ProGAN
corpora/aigc_detect_bench/images/ProGAN/ood_0004912.jpg,1,aigc_detect_bench,ProGAN
corpora/aigc_detect_bench/images/ProGAN/ood_0004946.jpg,1,aigc_detect_bench,ProGAN
corpora/aigc_detect_bench/images/ProGAN/ood_0004980.jpg,1,aigc_detect_bench,ProGAN
corpora/aigc_detect_bench/images/ProGAN/ood_0005014.jpg,1,aigc_detect_bench,ProGAN
corpora/aigc_detect_bench/images/ProGAN/ood_0005048.jpg,1,aigc_detect_bench,ProGAN
corpora/aigc_detect_bench/images/ProGAN/ood_0005082.jpg,1,aigc_detect_bench,ProGAN
corpora/aigc_detect_bench/images/ProGAN/ood_0005116.jpg,1,aigc_detect_bench,ProGAN
corpora/aigc_detect_bench/images/ProGAN/ood_0005150.jpg,1,aigc_detect_bench,ProGAN
corpora/aigc_detect_bench/images/ProGAN/ood_0005184.jpg,1,aigc_detect_bench,ProGAN
corpora/aigc_detect_bench/images/ProGAN/ood_0005218.jpg,1,aigc_detect_bench,ProGAN
corpora/aigc_detect_bench/images/ProGAN/ood_0005252.jpg,1,aigc_detect_bench,ProGAN
corpora/aigc_detect_bench/images/ProGAN/ood_0005286.jpg,1,aigc_detect_bench,ProGAN
corpora/aigc_detect_bench/images/ProGAN/ood_0005320.jpg,1,aigc_detect_bench,ProGAN
corpora/aigc_detect_bench/images/ProGAN/ood_0005354.jpg,1,aigc_detect_bench,ProGAN
corpora/aigc_detect_bench/images/ProGAN/ood_0005388.jpg,1,aigc_detect_bench,ProGAN
corpora/aigc_detect_bench/images/ProGAN/ood_0005422.jpg,1,aigc_detect_bench,ProGAN
corpora/aigc_detect_bench/images/ProGAN/ood_0005456.jpg,1,aigc_detect_bench,ProGAN
corpora/aigc_detect_bench/images/ProGAN/ood_0005490.jpg,1,aigc_detect_bench,ProGAN
corpora/aigc_detect_bench/images/ProGAN/ood_0005524.jpg,1,aigc_detect_bench,ProGAN
corpora/aigc_detect_bench/images/ProGAN/ood_0005558.jpg,1,aigc_detect_bench,ProGAN
corpora/aigc_detect_bench/images/ProGAN/ood_0005592.jpg,1,aigc_detect_bench,ProGAN
corpora/aigc_detect_bench/images/ProGAN/ood_0005626.jpg,1,aigc_detect_bench,ProGAN
corpora/aigc_detect_bench/images/ProGAN/ood_0005660.jpg,1,aigc_detect_bench,ProGAN
corpora/aigc_detect_bench/images/ProGAN/ood_0005694.jpg,1,aigc_detect_bench,ProGAN
corpora/aigc_detect_bench/images/ProGAN/ood_0005728.jpg,1,aigc_detect_bench,ProGAN
corpora/aigc_detect_bench/images/ProGAN/ood_0005762.jpg,1,aigc_detect_bench,ProGAN
corpora/aigc_detect_bench/images/ProGAN/ood_0005796.jpg,1,aigc_detect_bench,ProGAN
corpora/aigc_detect_bench/images/ProGAN/ood_0005830.jpg,1,aigc_detect_bench,ProGAN
corpora/aigc_detect_bench/images/ProGAN/ood_0005864.jpg,1,aigc_detect_bench,ProGAN
corpora/aigc_detect_bench/images/ProGAN/ood_0005898.jpg,1,aigc_detect_bench,ProGAN
corpora/aigc_detect_bench/images/ProGAN/ood_0005932.jpg,1,aigc_detect_bench,ProGAN
corpora/aigc_detect_bench/images/ProGAN/ood_0005966.jpg,1,aigc_detect_bench,ProGAN
corpora/aigc_detect_bench/images/ProGAN/ood_0006000.jpg,1,aigc_detect_bench,ProGAN
corpora/aigc_detect_bench/images/ProGAN/ood_0006034.jpg,1,aigc_detect_bench,ProGAN
corpora/aigc_detect_bench/images/ProGAN/ood_0006068.jpg,1,aigc_detect_bench,ProGAN
corpora/aigc_detect_bench/images/ProGAN/ood_0006102.jpg,1,aigc_detect_bench,ProGAN
corpora/aigc_detect_bench/images/ProGAN/ood_0006136.jpg,1,aigc_detect_bench,ProGAN
corpora/aigc_detect_bench/images/ProGAN/ood_0006170.jpg,1,aigc_detect_bench,ProGAN
corpora/aigc_detect_bench/images/ProGAN/ood_0006204.jpg,1,aigc_detect_bench,ProGAN
corpora/aigc_detect_bench/images/ProGAN/ood_0006238.jpg,1,aigc_detect_bench,ProGAN
corpora/aigc_detect_bench/images/ProGAN/ood_0006272.jpg,1,aigc_detect_bench,ProGAN
corpora/aigc_detect_bench/images/ProGAN/ood_0006306.jpg,1,aigc_detect_bench,ProGAN
corpora/aigc_detect_bench/images/ProGAN/ood_0006340.jpg,1,aigc_detect_bench,ProGAN
corpora/aigc_detect_bench/images/ProGAN/ood_0006374.jpg,1,aigc_detect_bench,ProGAN
corpora/aigc_detect_bench/images/ProGAN/ood_0006408.jpg,1,aigc_detect_bench,ProGAN
corpora/aigc_detect_bench/images/ProGAN/ood_0006442.jpg,1,aigc_detect_bench,ProGAN
corpora/aigc_detect_bench/images/ProGAN/ood_0006476.jpg,1,aigc_detect_bench,ProGAN
corpora/aigc_detect_bench/images/ProGAN/ood_0006510.jpg,1,aigc_detect_bench,ProGAN
corpora/aigc_detect_bench/images/ProGAN/ood_0006544.jpg,1,aigc_detect_bench,ProGAN
corpora/aigc_detect_bench/images/ProGAN/ood_0006578.jpg,1,aigc_detect_bench,ProGAN
corpora/aigc_detect_bench/images/ProGAN/ood_0006612.jpg,1,aigc_detect_bench,ProGAN
corpora/aigc_detect_bench/images/ProGAN/ood_0006646.jpg,1,aigc_detect_bench,ProGAN
corpora/aigc_detect_bench/images/ProGAN/ood_0006680.jpg,1,aigc_detect_bench,ProGAN
corpora/aigc_detect_bench/images/ProGAN/ood_0006714.jpg,1,aigc_detect_bench,ProGAN
corpora/aigc_detect_bench/images/ProGAN/ood_0006748.jpg,1,aigc_detect_bench,ProGAN
corpora/aigc_detect_bench/images/ProGAN/ood_0006782.jpg,1,aigc_detect_bench,ProGAN
corpora/aigc_detect_bench/images/Real/ood_0000001.jpg,0,aigc_detect_bench,Real
corpora/aigc_detect_bench/images/Real/ood_0000003.jpg,0,aigc_detect_bench,Real
corpora/aigc_detect_bench/images/Real/ood_0000005.jpg,0,aigc_detect_bench,Real
corpora/aigc_detect_bench/images/Real/ood_0000007.jpg,0,aigc_detect_bench,Real
corpora/aigc_detect_bench/images/Real/ood_0000009.jpg,0,aigc_detect_bench,Real
corpora/aigc_detect_bench/images/Real/ood_0000011.jpg,0,aigc_detect_bench,Real
corpora/aigc_detect_bench/images/Real/ood_0000013.jpg,0,aigc_detect_bench,Real
corpora/aigc_detect_bench/images/Real/ood_0000015.jpg,0,aigc_detect_bench,Real
corpora/aigc_detect_bench/images/Real/ood_0000017.jpg,0,aigc_detect_bench,Real
corpora/aigc_detect_bench/images/Real/ood_0000019.jpg,0,aigc_detect_bench,Real
corpora/aigc_detect_bench/images/Real/ood_0000021.jpg,0,aigc_detect_bench,Real
corpora/aigc_detect_bench/images/Real/ood_0000023.jpg,0,aigc_detect_bench,Real
corpora/aigc_detect_bench/images/Real/ood_0000025.jpg,0,aigc_detect_bench,Real
corpora/aigc_detect_bench/images/Real/ood_0000027.jpg,0,aigc_detect_bench,Real
corpora/aigc_detect_bench/images/Real/ood_0000029.jpg,0,aigc_detect_bench,Real
corpora/aigc_detect_bench/images/Real/ood_0000031.jpg,0,aigc_detect_bench,Real
corpora/aigc_detect_bench/images/Real/ood_0000033.jpg,0,aigc_detect_bench,Real
corpora/aigc_detect_bench/images/Real/ood_0000035.jpg,0,aigc_detect_bench,Real
corpora/aigc_detect_bench/images/Real/ood_0000037.jpg,0,aigc_detect_bench,Real
corpora/aigc_detect_bench/images/Real/ood_0000039.jpg,0,aigc_detect_bench,Real
corpora/aigc_detect_bench/images/Real/ood_0000041.jpg,0,aigc_detect_bench,Real
corpora/aigc_detect_bench/images/Real/ood_0000043.jpg,0,aigc_detect_bench,Real
corpora/aigc_detect_bench/images/Real/ood_0000045.jpg,0,aigc_detect_bench,Real
corpora/aigc_detect_bench/images/Real/ood_0000047.jpg,0,aigc_detect_bench,Real
corpora/aigc_detect_bench/images/Real/ood_0000049.jpg,0,aigc_detect_bench,Real
corpora/aigc_detect_bench/images/Real/ood_0000051.jpg,0,aigc_detect_bench,Real
corpora/aigc_detect_bench/images/Real/ood_0000053.jpg,0,aigc_detect_bench,Real
corpora/aigc_detect_bench/images/Real/ood_0000055.jpg,0,aigc_detect_bench,Real
corpora/aigc_detect_bench/images/Real/ood_0000057.jpg,0,aigc_detect_bench,Real
corpora/aigc_detect_bench/images/Real/ood_0000059.jpg,0,aigc_detect_bench,Real
corpora/aigc_detect_bench/images/Real/ood_0000061.jpg,0,aigc_detect_bench,Real
corpora/aigc_detect_bench/images/Real/ood_0000063.jpg,0,aigc_detect_bench,Real
corpora/aigc_detect_bench/images/Real/ood_0000065.jpg,0,aigc_detect_bench,Real
corpora/aigc_detect_bench/images/Real/ood_0000067.jpg,0,aigc_detect_bench,Real
corpora/aigc_detect_bench/images/Real/ood_0000069.jpg,0,aigc_detect_bench,Real
corpora/aigc_detect_bench/images/Real/ood_0000071.jpg,0,aigc_detect_bench,Real
corpora/aigc_detect_bench/images/Real/ood_0000073.jpg,0,aigc_detect_bench,Real
corpora/aigc_detect_bench/images/Real/ood_0000075.jpg,0,aigc_detect_bench,Real
corpora/aigc_detect_bench/images/Real/ood_0000077.jpg,0,aigc_detect_bench,Real
corpora/aigc_detect_bench/images/Real/ood_0000079.jpg,0,aigc_detect_bench,Real
corpora/aigc_detect_bench/images/Real/ood_0000081.jpg,0,aigc_detect_bench,Real
corpora/aigc_detect_bench/images/Real/ood_0000083.jpg,0,aigc_detect_bench,Real
corpora/aigc_detect_bench/images/Real/ood_0000085.jpg,0,aigc_detect_bench,Real
corpora/aigc_detect_bench/images/Real/ood_0000087.jpg,0,aigc_detect_bench,Real
corpora/aigc_detect_bench/images/Real/ood_0000089.jpg,0,aigc_detect_bench,Real
corpora/aigc_detect_bench/images/Real/ood_0000091.jpg,0,aigc_detect_bench,Real
corpora/aigc_detect_bench/images/Real/ood_0000093.jpg,0,aigc_detect_bench,Real
corpora/aigc_detect_bench/images/Real/ood_0000095.jpg,0,aigc_detect_bench,Real
corpora/aigc_detect_bench/images/Real/ood_0000097.jpg,0,aigc_detect_bench,Real
corpora/aigc_detect_bench/images/Real/ood_0000099.jpg,0,aigc_detect_bench,Real
corpora/aigc_detect_bench/images/Real/ood_0000101.jpg,0,aigc_detect_bench,Real
corpora/aigc_detect_bench/images/Real/ood_0000103.jpg,0,aigc_detect_bench,Real
corpora/aigc_detect_bench/images/Real/ood_0000105.jpg,0,aigc_detect_bench,Real
corpora/aigc_detect_bench/images/Real/ood_0000107.jpg,0,aigc_detect_bench,Real
corpora/aigc_detect_bench/images/Real/ood_0000109.jpg,0,aigc_detect_bench,Real
corpora/aigc_detect_bench/images/Real/ood_0000111.jpg,0,aigc_detect_bench,Real
corpora/aigc_detect_bench/images/Real/ood_0000113.jpg,0,aigc_detect_bench,Real
corpora/aigc_detect_bench/images/Real/ood_0000115.jpg,0,aigc_detect_bench,Real
corpora/aigc_detect_bench/images/Real/ood_0000117.jpg,0,aigc_detect_bench,Real
corpora/aigc_detect_bench/images/Real/ood_0000119.jpg,0,aigc_detect_bench,Real
corpora/aigc_detect_bench/images/Real/ood_0000121.jpg,0,aigc_detect_bench,Real
corpora/aigc_detect_bench/images/Real/ood_0000123.jpg,0,aigc_detect_bench,Real
corpora/aigc_detect_bench/images/Real/ood_0000125.jpg,0,aigc_detect_bench,Real
corpora/aigc_detect_bench/images/Real/ood_0000127.jpg,0,aigc_detect_bench,Real
corpora/aigc_detect_bench/images/Real/ood_0000129.jpg,0,aigc_detect_bench,Real
corpora/aigc_detect_bench/images/Real/ood_0000131.jpg,0,aigc_detect_bench,Real
corpora/aigc_detect_bench/images/Real/ood_0000133.jpg,0,aigc_detect_bench,Real
corpora/aigc_detect_bench/images/Real/ood_0000135.jpg,0,aigc_detect_bench,Real
corpora/aigc_detect_bench/images/Real/ood_0000137.jpg,0,aigc_detect_bench,Real
corpora/aigc_detect_bench/images/Real/ood_0000139.jpg,0,aigc_detect_bench,Real
corpora/aigc_detect_bench/images/Real/ood_0000141.jpg,0,aigc_detect_bench,Real
corpora/aigc_detect_bench/images/Real/ood_0000143.jpg,0,aigc_detect_bench,Real
corpora/aigc_detect_bench/images/Real/ood_0000145.jpg,0,aigc_detect_bench,Real
corpora/aigc_detect_bench/images/Real/ood_0000147.jpg,0,aigc_detect_bench,Real
corpora/aigc_detect_bench/images/Real/ood_0000149.jpg,0,aigc_detect_bench,Real
corpora/aigc_detect_bench/images/Real/ood_0000151.jpg,0,aigc_detect_bench,Real
corpora/aigc_detect_bench/images/Real/ood_0000153.jpg,0,aigc_detect_bench,Real
corpora/aigc_detect_bench/images/Real/ood_0000155.jpg,0,aigc_detect_bench,Real
corpora/aigc_detect_bench/images/Real/ood_0000157.jpg,0,aigc_detect_bench,Real
corpora/aigc_detect_bench/images/Real/ood_0000159.jpg,0,aigc_detect_bench,Real
corpora/aigc_detect_bench/images/Real/ood_0000161.jpg,0,aigc_detect_bench,Real
corpora/aigc_detect_bench/images/Real/ood_0000163.jpg,0,aigc_detect_bench,Real
corpora/aigc_detect_bench/images/Real/ood_0000165.jpg,0,aigc_detect_bench,Real
corpora/aigc_detect_bench/images/Real/ood_0000167.jpg,0,aigc_detect_bench,Real
corpora/aigc_detect_bench/images/Real/ood_0000169.jpg,0,aigc_detect_bench,Real
corpora/aigc_detect_bench/images/Real/ood_0000171.jpg,0,aigc_detect_bench,Real
corpora/aigc_detect_bench/images/Real/ood_0000173.jpg,0,aigc_detect_bench,Real
corpora/aigc_detect_bench/images/Real/ood_0000175.jpg,0,aigc_detect_bench,Real
corpora/aigc_detect_bench/images/Real/ood_0000177.jpg,0,aigc_detect_bench,Real
corpora/aigc_detect_bench/images/Real/ood_0000179.jpg,0,aigc_detect_bench,Real
corpora/aigc_detect_bench/images/Real/ood_0000181.jpg,0,aigc_detect_bench,Real
corpora/aigc_detect_bench/images/Real/ood_0000183.jpg,0,aigc_detect_bench,Real
corpora/aigc_detect_bench/images/Real/ood_0000185.jpg,0,aigc_detect_bench,Real
corpora/aigc_detect_bench/images/Real/ood_0000187.jpg,0,aigc_detect_bench,Real
corpora/aigc_detect_bench/images/Real/ood_0000189.jpg,0,aigc_detect_bench,Real
corpora/aigc_detect_bench/images/Real/ood_0000191.jpg,0,aigc_detect_bench,Real
corpora/aigc_detect_bench/images/Real/ood_0000193.jpg,0,aigc_detect_bench,Real
corpora/aigc_detect_bench/images/Real/ood_0000195.jpg,0,aigc_detect_bench,Real
corpora/aigc_detect_bench/images/Real/ood_0000197.jpg,0,aigc_detect_bench,Real
corpora/aigc_detect_bench/images/Real/ood_0000199.jpg,0,aigc_detect_bench,Real
corpora/aigc_detect_bench/images/Real/ood_0000201.jpg,0,aigc_detect_bench,Real
corpora/aigc_detect_bench/images/Real/ood_0000203.jpg,0,aigc_detect_bench,Real
corpora/aigc_detect_bench/images/Real/ood_0000205.jpg,0,aigc_detect_bench,Real
corpora/aigc_detect_bench/images/Real/ood_0000207.jpg,0,aigc_detect_bench,Real
corpora/aigc_detect_bench/images/Real/ood_0000209.jpg,0,aigc_detect_bench,Real
corpora/aigc_detect_bench/images/Real/ood_0000211.jpg,0,aigc_detect_bench,Real
corpora/aigc_detect_bench/images/Real/ood_0000213.jpg,0,aigc_detect_bench,Real
corpora/aigc_detect_bench/images/Real/ood_0000215.jpg,0,aigc_detect_bench,Real
corpora/aigc_detect_bench/images/Real/ood_0000217.jpg,0,aigc_detect_bench,Real
corpora/aigc_detect_bench/images/Real/ood_0000219.jpg,0,aigc_detect_bench,Real
corpora/aigc_detect_bench/images/Real/ood_0000221.jpg,0,aigc_detect_bench,Real
corpora/aigc_detect_bench/images/Real/ood_0000223.jpg,0,aigc_detect_bench,Real
corpora/aigc_detect_bench/images/Real/ood_0000225.jpg,0,aigc_detect_bench,Real
corpora/aigc_detect_bench/images/Real/ood_0000227.jpg,0,aigc_detect_bench,Real
corpora/aigc_detect_bench/images/Real/ood_0000229.jpg,0,aigc_detect_bench,Real
corpora/aigc_detect_bench/images/Real/ood_0000231.jpg,0,aigc_detect_bench,Real
corpora/aigc_detect_bench/images/Real/ood_0000233.jpg,0,aigc_detect_bench,Real
corpora/aigc_detect_bench/images/Real/ood_0000235.jpg,0,aigc_detect_bench,Real
corpora/aigc_detect_bench/images/Real/ood_0000237.jpg,0,aigc_detect_bench,Real
corpora/aigc_detect_bench/images/Real/ood_0000239.jpg,0,aigc_detect_bench,Real
corpora/aigc_detect_bench/images/Real/ood_0000241.jpg,0,aigc_detect_bench,Real
corpora/aigc_detect_bench/images/Real/ood_0000243.jpg,0,aigc_detect_bench,Real
corpora/aigc_detect_bench/images/Real/ood_0000245.jpg,0,aigc_detect_bench,Real
corpora/aigc_detect_bench/images/Real/ood_0000247.jpg,0,aigc_detect_bench,Real
corpora/aigc_detect_bench/images/Real/ood_0000249.jpg,0,aigc_detect_bench,Real
corpora/aigc_detect_bench/images/Real/ood_0000251.jpg,0,aigc_detect_bench,Real
corpora/aigc_detect_bench/images/Real/ood_0000253.jpg,0,aigc_detect_bench,Real
corpora/aigc_detect_bench/images/Real/ood_0000255.jpg,0,aigc_detect_bench,Real
corpora/aigc_detect_bench/images/Real/ood_0000257.jpg,0,aigc_detect_bench,Real
corpora/aigc_detect_bench/images/Real/ood_0000259.jpg,0,aigc_detect_bench,Real
corpora/aigc_detect_bench/images/Real/ood_0000261.jpg,0,aigc_detect_bench,Real
corpora/aigc_detect_bench/images/Real/ood_0000263.jpg,0,aigc_detect_bench,Real
corpora/aigc_detect_bench/images/Real/ood_0000265.jpg,0,aigc_detect_bench,Real
corpora/aigc_detect_bench/images/Real/ood_0000267.jpg,0,aigc_detect_bench,Real
corpora/aigc_detect_bench/images/Real/ood_0000269.jpg,0,aigc_detect_bench,Real
corpora/aigc_detect_bench/images/Real/ood_0000271.jpg,0,aigc_detect_bench,Real
corpora/aigc_detect_bench/images/Real/ood_0000273.jpg,0,aigc_detect_bench,Real
corpora/aigc_detect_bench/images/Real/ood_0000275.jpg,0,aigc_detect_bench,Real
corpora/aigc_detect_bench/images/Real/ood_0000277.jpg,0,aigc_detect_bench,Real
corpora/aigc_detect_bench/images/Real/ood_0000279.jpg,0,aigc_detect_bench,Real
corpora/aigc_detect_bench/images/Real/ood_0000281.jpg,0,aigc_detect_bench,Real
corpora/aigc_detect_bench/images/Real/ood_0000283.jpg,0,aigc_detect_bench,Real
corpora/aigc_detect_bench/images/Real/ood_0000285.jpg,0,aigc_detect_bench,Real
corpora/aigc_detect_bench/images/Real/ood_0000287.jpg,0,aigc_detect_bench,Real
corpora/aigc_detect_bench/images/Real/ood_0000289.jpg,0,aigc_detect_bench,Real
corpora/aigc_detect_bench/images/Real/ood_0000291.jpg,0,aigc_detect_bench,Real
corpora/aigc_detect_bench/images/Real/ood_0000293.jpg,0,aigc_detect_bench,Real
corpora/aigc_detect_bench/images/Real/ood_0000295.jpg,0,aigc_detect_bench,Real
corpora/aigc_detect_bench/images/Real/ood_0000297.jpg,0,aigc_detect_bench,Real
corpora/aigc_detect_bench/images/Real/ood_0000299.jpg,0,aigc_detect_bench,Real
corpora/aigc_detect_bench/images/Real/ood_0000301.jpg,0,aigc_detect_bench,Real
corpora/aigc_detect_bench/images/Real/ood_0000303.jpg,0,aigc_detect_bench,Real
corpora/aigc_detect_bench/images/Real/ood_0000305.jpg,0,aigc_detect_bench,Real
corpora/aigc_detect_bench/images/Real/ood_0000307.jpg,0,aigc_detect_bench,Real
corpora/aigc_detect_bench/images/Real/ood_0000309.jpg,0,aigc_detect_bench,Real
corpora/aigc_detect_bench/images/Real/ood_0000311.jpg,0,aigc_detect_bench,Real
corpora/aigc_detect_bench/images/Real/ood_0000313.jpg,0,aigc_detect_bench,Real
corpora/aigc_detect_bench/images/Real/ood_0000315.jpg,0,aigc_detect_bench,Real
corpora/aigc_detect_bench/images/Real/ood_0000317.jpg,0,aigc_detect_bench,Real
corpora/aigc_detect_bench/images/Real/ood_0000319.jpg,0,aigc_detect_bench,Real
corpora/aigc_detect_bench/images/Real/ood_0000321.jpg,0,aigc_detect_bench,Real
corpora/aigc_detect_bench/images/Real/ood_0000323.jpg,0,aigc_detect_bench,Real
corpora/aigc_detect_bench/images/Real/ood_0000325.jpg,0,aigc_detect_bench,Real
corpora/aigc_detect_bench/images/Real/ood_0000327.jpg,0,aigc_detect_bench,Real
corpora/aigc_detect_bench/images/Real/ood_0000329.jpg,0,aigc_detect_bench,Real
corpora/aigc_detect_bench/images/Real/ood_0000331.jpg,0,aigc_detect_bench,Real
corpora/aigc_detect_bench/images/Real/ood_0000333.jpg,0,aigc_detect_bench,Real
corpora/aigc_detect_bench/images/Real/ood_0000335.jpg,0,aigc_detect_bench,Real
corpora/aigc_detect_bench/images/Real/ood_0000337.jpg,0,aigc_detect_bench,Real
corpora/aigc_detect_bench/images/Real/ood_0000339.jpg,0,aigc_detect_bench,Real
corpora/aigc_detect_bench/images/Real/ood_0000341.jpg,0,aigc_detect_bench,Real
corpora/aigc_detect_bench/images/Real/ood_0000343.jpg,0,aigc_detect_bench,Real
corpora/aigc_detect_bench/images/Real/ood_0000345.jpg,0,aigc_detect_bench,Real
corpora/aigc_detect_bench/images/Real/ood_0000347.jpg,0,aigc_detect_bench,Real
corpora/aigc_detect_bench/images/Real/ood_0000349.jpg,0,aigc_detect_bench,Real
corpora/aigc_detect_bench/images/Real/ood_0000351.jpg,0,aigc_detect_bench,Real
corpora/aigc_detect_bench/images/Real/ood_0000353.jpg,0,aigc_detect_bench,Real
corpora/aigc_detect_bench/images/Real/ood_0000355.jpg,0,aigc_detect_bench,Real
corpora/aigc_detect_bench/images/Real/ood_0000357.jpg,0,aigc_detect_bench,Real
corpora/aigc_detect_bench/images/Real/ood_0000359.jpg,0,aigc_detect_bench,Real
corpora/aigc_detect_bench/images/Real/ood_0000361.jpg,0,aigc_detect_bench,Real
corpora/aigc_detect_bench/images/Real/ood_0000363.jpg,0,aigc_detect_bench,Real
corpora/aigc_detect_bench/images/Real/ood_0000365.jpg,0,aigc_detect_bench,Real
corpora/aigc_detect_bench/images/Real/ood_0000367.jpg,0,aigc_detect_bench,Real
corpora/aigc_detect_bench/images/Real/ood_0000369.jpg,0,aigc_detect_bench,Real
corpora/aigc_detect_bench/images/Real/ood_0000371.jpg,0,aigc_detect_bench,Real
corpora/aigc_detect_bench/images/Real/ood_0000373.jpg,0,aigc_detect_bench,Real
corpora/aigc_detect_bench/images/Real/ood_0000375.jpg,0,aigc_detect_bench,Real
corpora/aigc_detect_bench/images/Real/ood_0000377.jpg,0,aigc_detect_bench,Real
corpora/aigc_detect_bench/images/Real/ood_0000379.jpg,0,aigc_detect_bench,Real
corpora/aigc_detect_bench/images/Real/ood_0000381.jpg,0,aigc_detect_bench,Real
corpora/aigc_detect_bench/images/Real/ood_0000383.jpg,0,aigc_detect_bench,Real
corpora/aigc_detect_bench/images/Real/ood_0000385.jpg,0,aigc_detect_bench,Real
corpora/aigc_detect_bench/images/Real/ood_0000387.jpg,0,aigc_detect_bench,Real
corpora/aigc_detect_bench/images/Real/ood_0000389.jpg,0,aigc_detect_bench,Real
corpora/aigc_detect_bench/images/Real/ood_0000391.jpg,0,aigc_detect_bench,Real
corpora/aigc_detect_bench/images/Real/ood_0000393.jpg,0,aigc_detect_bench,Real
corpora/aigc_detect_bench/images/Real/ood_0000395.jpg,0,aigc_detect_bench,Real
corpora/aigc_detect_bench/images/Real/ood_0000397.jpg,0,aigc_detect_bench,Real
corpora/aigc_detect_bench/images/Real/ood_0000399.jpg,0,aigc_detect_bench,Real
corpora/aigc_detect_bench/images/Real/ood_0000401.jpg,0,aigc_detect_bench,Real
corpora/aigc_detect_bench/images/Real/ood_0000403.jpg,0,aigc_detect_bench,Real
corpora/aigc_detect_bench/images/Real/ood_0000405.jpg,0,aigc_detect_bench,Real
corpora/aigc_detect_bench/images/Real/ood_0000407.jpg,0,aigc_detect_bench,Real
corpora/aigc_detect_bench/images/Real/ood_0000409.jpg,0,aigc_detect_bench,Real
corpora/aigc_detect_bench/images/Real/ood_0000411.jpg,0,aigc_detect_bench,Real
corpora/aigc_detect_bench/images/Real/ood_0000413.jpg,0,aigc_detect_bench,Real
corpora/aigc_detect_bench/images/Real/ood_0000415.jpg,0,aigc_detect_bench,Real
corpora/aigc_detect_bench/images/Real/ood_0000417.jpg,0,aigc_detect_bench,Real
corpora/aigc_detect_bench/images/Real/ood_0000419.jpg,0,aigc_detect_bench,Real
corpora/aigc_detect_bench/images/Real/ood_0000421.jpg,0,aigc_detect_bench,Real
corpora/aigc_detect_bench/images/Real/ood_0000423.jpg,0,aigc_detect_bench,Real
corpora/aigc_detect_bench/images/Real/ood_0000425.jpg,0,aigc_detect_bench,Real
corpora/aigc_detect_bench/images/Real/ood_0000427.jpg,0,aigc_detect_bench,Real
corpora/aigc_detect_bench/images/Real/ood_0000429.jpg,0,aigc_detect_bench,Real
corpora/aigc_detect_bench/images/Real/ood_0000431.jpg,0,aigc_detect_bench,Real
corpora/aigc_detect_bench/images/Real/ood_0000433.jpg,0,aigc_detect_bench,Real
corpora/aigc_detect_bench/images/Real/ood_0000435.jpg,0,aigc_detect_bench,Real
corpora/aigc_detect_bench/images/Real/ood_0000437.jpg,0,aigc_detect_bench,Real
corpora/aigc_detect_bench/images/Real/ood_0000439.jpg,0,aigc_detect_bench,Real
corpora/aigc_detect_bench/images/Real/ood_0000441.jpg,0,aigc_detect_bench,Real
corpora/aigc_detect_bench/images/Real/ood_0000443.jpg,0,aigc_detect_bench,Real
corpora/aigc_detect_bench/images/Real/ood_0000445.jpg,0,aigc_detect_bench,Real
corpora/aigc_detect_bench/images/Real/ood_0000447.jpg,0,aigc_detect_bench,Real
corpora/aigc_detect_bench/images/Real/ood_0000449.jpg,0,aigc_detect_bench,Real
corpora/aigc_detect_bench/images/Real/ood_0000451.jpg,0,aigc_detect_bench,Real
corpora/aigc_detect_bench/images/Real/ood_0000453.jpg,0,aigc_detect_bench,Real
corpora/aigc_detect_bench/images/Real/ood_0000455.jpg,0,aigc_detect_bench,Real
corpora/aigc_detect_bench/images/Real/ood_0000457.jpg,0,aigc_detect_bench,Real
corpora/aigc_detect_bench/images/Real/ood_0000459.jpg,0,aigc_detect_bench,Real
corpora/aigc_detect_bench/images/Real/ood_0000461.jpg,0,aigc_detect_bench,Real
corpora/aigc_detect_bench/images/Real/ood_0000463.jpg,0,aigc_detect_bench,Real
corpora/aigc_detect_bench/images/Real/ood_0000465.jpg,0,aigc_detect_bench,Real
corpora/aigc_detect_bench/images/Real/ood_0000467.jpg,0,aigc_detect_bench,Real
corpora/aigc_detect_bench/images/Real/ood_0000469.jpg,0,aigc_detect_bench,Real
corpora/aigc_detect_bench/images/Real/ood_0000471.jpg,0,aigc_detect_bench,Real
corpora/aigc_detect_bench/images/Real/ood_0000473.jpg,0,aigc_detect_bench,Real
corpora/aigc_detect_bench/images/Real/ood_0000475.jpg,0,aigc_detect_bench,Real
corpora/aigc_detect_bench/images/Real/ood_0000477.jpg,0,aigc_detect_bench,Real
corpora/aigc_detect_bench/images/Real/ood_0000479.jpg,0,aigc_detect_bench,Real
corpora/aigc_detect_bench/images/Real/ood_0000481.jpg,0,aigc_detect_bench,Real
corpora/aigc_detect_bench/images/Real/ood_0000483.jpg,0,aigc_detect_bench,Real
corpora/aigc_detect_bench/images/Real/ood_0000485.jpg,0,aigc_detect_bench,Real
corpora/aigc_detect_bench/images/Real/ood_0000487.jpg,0,aigc_detect_bench,Real
corpora/aigc_detect_bench/images/Real/ood_0000489.jpg,0,aigc_detect_bench,Real
corpora/aigc_detect_bench/images/Real/ood_0000491.jpg,0,aigc_detect_bench,Real
corpora/aigc_detect_bench/images/Real/ood_0000493.jpg,0,aigc_detect_bench,Real
corpora/aigc_detect_bench/images/Real/ood_0000495.jpg,0,aigc_detect_bench,Real
corpora/aigc_detect_bench/images/Real/ood_0000497.jpg,0,aigc_detect_bench,Real
corpora/aigc_detect_bench/images/Real/ood_0000499.jpg,0,aigc_detect_bench,Real
corpora/aigc_detect_bench/images/Real/ood_0000501.jpg,0,aigc_detect_bench,Real
corpora/aigc_detect_bench/images/Real/ood_0000503.jpg,0,aigc_detect_bench,Real
corpora/aigc_detect_bench/images/Real/ood_0000505.jpg,0,aigc_detect_bench,Real
corpora/aigc_detect_bench/images/Real/ood_0000507.jpg,0,aigc_detect_bench,Real
corpora/aigc_detect_bench/images/Real/ood_0000509.jpg,0,aigc_detect_bench,Real
corpora/aigc_detect_bench/images/Real/ood_0000511.jpg,0,aigc_detect_bench,Real
corpora/aigc_detect_bench/images/Real/ood_0000513.jpg,0,aigc_detect_bench,Real
corpora/aigc_detect_bench/images/Real/ood_0000515.jpg,0,aigc_detect_bench,Real
corpora/aigc_detect_bench/images/Real/ood_0000517.jpg,0,aigc_detect_bench,Real
corpora/aigc_detect_bench/images/Real/ood_0000519.jpg,0,aigc_detect_bench,Real
corpora/aigc_detect_bench/images/Real/ood_0000521.jpg,0,aigc_detect_bench,Real
corpora/aigc_detect_bench/images/Real/ood_0000523.jpg,0,aigc_detect_bench,Real
corpora/aigc_detect_bench/images/Real/ood_0000525.jpg,0,aigc_detect_bench,Real
corpora/aigc_detect_bench/images/Real/ood_0000527.jpg,0,aigc_detect_bench,Real
corpora/aigc_detect_bench/images/Real/ood_0000529.jpg,0,aigc_detect_bench,Real
corpora/aigc_detect_bench/images/Real/ood_0000531.jpg,0,aigc_detect_bench,Real
corpora/aigc_detect_bench/images/Real/ood_0000533.jpg,0,aigc_detect_bench,Real
corpora/aigc_detect_bench/images/Real/ood_0000535.jpg,0,aigc_detect_bench,Real
corpora/aigc_detect_bench/images/Real/ood_0000537.jpg,0,aigc_detect_bench,Real
corpora/aigc_detect_bench/images/Real/ood_0000539.jpg,0,aigc_detect_bench,Real
corpora/aigc_detect_bench/images/Real/ood_0000541.jpg,0,aigc_detect_bench,Real
corpora/aigc_detect_bench/images/Real/ood_0000543.jpg,0,aigc_detect_bench,Real
corpora/aigc_detect_bench/images/Real/ood_0000545.jpg,0,aigc_detect_bench,Real
corpora/aigc_detect_bench/images/Real/ood_0000547.jpg,0,aigc_detect_bench,Real
corpora/aigc_detect_bench/images/Real/ood_0000549.jpg,0,aigc_detect_bench,Real
corpora/aigc_detect_bench/images/Real/ood_0000551.jpg,0,aigc_detect_bench,Real
corpora/aigc_detect_bench/images/Real/ood_0000553.jpg,0,aigc_detect_bench,Real
corpora/aigc_detect_bench/images/Real/ood_0000555.jpg,0,aigc_detect_bench,Real
corpora/aigc_detect_bench/images/Real/ood_0000557.jpg,0,aigc_detect_bench,Real
corpora/aigc_detect_bench/images/Real/ood_0000559.jpg,0,aigc_detect_bench,Real
corpora/aigc_detect_bench/images/Real/ood_0000561.jpg,0,aigc_detect_bench,Real
corpora/aigc_detect_bench/images/Real/ood_0000563.jpg,0,aigc_detect_bench,Real
corpora/aigc_detect_bench/images/Real/ood_0000565.jpg,0,aigc_detect_bench,Real
corpora/aigc_detect_bench/images/Real/ood_0000567.jpg,0,aigc_detect_bench,Real
corpora/aigc_detect_bench/images/Real/ood_0000569.jpg,0,aigc_detect_bench,Real
corpora/aigc_detect_bench/images/Real/ood_0000571.jpg,0,aigc_detect_bench,Real
corpora/aigc_detect_bench/images/Real/ood_0000573.jpg,0,aigc_detect_bench,Real
corpora/aigc_detect_bench/images/Real/ood_0000575.jpg,0,aigc_detect_bench,Real
corpora/aigc_detect_bench/images/Real/ood_0000577.jpg,0,aigc_detect_bench,Real
corpora/aigc_detect_bench/images/Real/ood_0000579.jpg,0,aigc_detect_bench,Real
corpora/aigc_detect_bench/images/Real/ood_0000581.jpg,0,aigc_detect_bench,Real
corpora/aigc_detect_bench/images/Real/ood_0000583.jpg,0,aigc_detect_bench,Real
corpora/aigc_detect_bench/images/Real/ood_0000585.jpg,0,aigc_detect_bench,Real
corpora/aigc_detect_bench/images/Real/ood_0000587.jpg,0,aigc_detect_bench,Real
corpora/aigc_detect_bench/images/Real/ood_0000589.jpg,0,aigc_detect_bench,Real
corpora/aigc_detect_bench/images/Real/ood_0000591.jpg,0,aigc_detect_bench,Real
corpora/aigc_detect_bench/images/Real/ood_0000593.jpg,0,aigc_detect_bench,Real
corpora/aigc_detect_bench/images/Real/ood_0000595.jpg,0,aigc_detect_bench,Real
corpora/aigc_detect_bench/images/Real/ood_0000597.jpg,0,aigc_detect_bench,Real
corpora/aigc_detect_bench/images/Real/ood_0000599.jpg,0,aigc_detect_bench,Real
corpora/aigc_detect_bench/images/Real/ood_0000601.jpg,0,aigc_detect_bench,Real
corpora/aigc_detect_bench/images/Real/ood_0000603.jpg,0,aigc_detect_bench,Real
corpora/aigc_detect_bench/images/Real/ood_0000605.jpg,0,aigc_detect_bench,Real
corpora/aigc_detect_bench/images/Real/ood_0000607.jpg,0,aigc_detect_bench,Real
corpora/aigc_detect_bench/images/Real/ood_0000609.jpg,0,aigc_detect_bench,Real
corpora/aigc_detect_bench/images/Real/ood_0000611.jpg,0,aigc_detect_bench,Real
corpora/aigc_detect_bench/images/Real/ood_0000613.jpg,0,aigc_detect_bench,Real
corpora/aigc_detect_bench/images/Real/ood_0000615.jpg,0,aigc_detect_bench,Real
corpora/aigc_detect_bench/images/Real/ood_0000617.jpg,0,aigc_detect_bench,Real
corpora/aigc_detect_bench/images/Real/ood_0000619.jpg,0,aigc_detect_bench,Real
corpora/aigc_detect_bench/images/Real/ood_0000621.jpg,0,aigc_detect_bench,Real
corpora/aigc_detect_bench/images/Real/ood_0000623.jpg,0,aigc_detect_bench,Real
corpora/aigc_detect_bench/images/Real/ood_0000625.jpg,0,aigc_detect_bench,Real
corpora/aigc_detect_bench/images/Real/ood_0000627.jpg,0,aigc_detect_bench,Real
corpora/aigc_detect_bench/images/Real/ood_0000629.jpg,0,aigc_detect_bench,Real
corpora/aigc_detect_bench/images/Real/ood_0000631.jpg,0,aigc_detect_bench,Real
corpora/aigc_detect_bench/images/Real/ood_0000633.jpg,0,aigc_detect_bench,Real
corpora/aigc_detect_bench/images/Real/ood_0000635.jpg,0,aigc_detect_bench,Real
corpora/aigc_detect_bench/images/Real/ood_0000637.jpg,0,aigc_detect_bench,Real
corpora/aigc_detect_bench/images/Real/ood_0000639.jpg,0,aigc_detect_bench,Real
corpora/aigc_detect_bench/images/Real/ood_0000641.jpg,0,aigc_detect_bench,Real
corpora/aigc_detect_bench/images/Real/ood_0000643.jpg,0,aigc_detect_bench,Real
corpora/aigc_detect_bench/images/Real/ood_0000645.jpg,0,aigc_detect_bench,Real
corpora/aigc_detect_bench/images/Real/ood_0000647.jpg,0,aigc_detect_bench,Real
corpora/aigc_detect_bench/images/Real/ood_0000649.jpg,0,aigc_detect_bench,Real
corpora/aigc_detect_bench/images/Real/ood_0000651.jpg,0,aigc_detect_bench,Real
corpora/aigc_detect_bench/images/Real/ood_0000653.jpg,0,aigc_detect_bench,Real
corpora/aigc_detect_bench/images/Real/ood_0000655.jpg,0,aigc_detect_bench,Real
corpora/aigc_detect_bench/images/Real/ood_0000657.jpg,0,aigc_detect_bench,Real
corpora/aigc_detect_bench/images/Real/ood_0000659.jpg,0,aigc_detect_bench,Real
corpora/aigc_detect_bench/images/Real/ood_0000661.jpg,0,aigc_detect_bench,Real
corpora/aigc_detect_bench/images/Real/ood_0000663.jpg,0,aigc_detect_bench,Real
corpora/aigc_detect_bench/images/Real/ood_0000665.jpg,0,aigc_detect_bench,Real
corpora/aigc_detect_bench/images/Real/ood_0000667.jpg,0,aigc_detect_bench,Real
corpora/aigc_detect_bench/images/Real/ood_0000669.jpg,0,aigc_detect_bench,Real
corpora/aigc_detect_bench/images/Real/ood_0000671.jpg,0,aigc_detect_bench,Real
corpora/aigc_detect_bench/images/Real/ood_0000673.jpg,0,aigc_detect_bench,Real
corpora/aigc_detect_bench/images/Real/ood_0000675.jpg,0,aigc_detect_bench,Real
corpora/aigc_detect_bench/images/Real/ood_0000677.jpg,0,aigc_detect_bench,Real
corpora/aigc_detect_bench/images/Real/ood_0000679.jpg,0,aigc_detect_bench,Real
corpora/aigc_detect_bench/images/Real/ood_0000681.jpg,0,aigc_detect_bench,Real
corpora/aigc_detect_bench/images/Real/ood_0000683.jpg,0,aigc_detect_bench,Real
corpora/aigc_detect_bench/images/Real/ood_0000685.jpg,0,aigc_detect_bench,Real
corpora/aigc_detect_bench/images/Real/ood_0000687.jpg,0,aigc_detect_bench,Real
corpora/aigc_detect_bench/images/Real/ood_0000689.jpg,0,aigc_detect_bench,Real
corpora/aigc_detect_bench/images/Real/ood_0000691.jpg,0,aigc_detect_bench,Real
corpora/aigc_detect_bench/images/Real/ood_0000693.jpg,0,aigc_detect_bench,Real
corpora/aigc_detect_bench/images/Real/ood_0000695.jpg,0,aigc_detect_bench,Real
corpora/aigc_detect_bench/images/Real/ood_0000697.jpg,0,aigc_detect_bench,Real
corpora/aigc_detect_bench/images/Real/ood_0000699.jpg,0,aigc_detect_bench,Real
corpora/aigc_detect_bench/images/Real/ood_0000701.jpg,0,aigc_detect_bench,Real
corpora/aigc_detect_bench/images/Real/ood_0000703.jpg,0,aigc_detect_bench,Real
corpora/aigc_detect_bench/images/Real/ood_0000705.jpg,0,aigc_detect_bench,Real
corpora/aigc_detect_bench/images/Real/ood_0000707.jpg,0,aigc_detect_bench,Real
corpora/aigc_detect_bench/images/Real/ood_0000709.jpg,0,aigc_detect_bench,Real
corpora/aigc_detect_bench/images/Real/ood_0000711.jpg,0,aigc_detect_bench,Real
corpora/aigc_detect_bench/images/Real/ood_0000713.jpg,0,aigc_detect_bench,Real
corpora/aigc_detect_bench/images/Real/ood_0000715.jpg,0,aigc_detect_bench,Real
corpora/aigc_detect_bench/images/Real/ood_0000717.jpg,0,aigc_detect_bench,Real
corpora/aigc_detect_bench/images/Real/ood_0000719.jpg,0,aigc_detect_bench,Real
corpora/aigc_detect_bench/images/Real/ood_0000721.jpg,0,aigc_detect_bench,Real
corpora/aigc_detect_bench/images/Real/ood_0000723.jpg,0,aigc_detect_bench,Real
corpora/aigc_detect_bench/images/Real/ood_0000725.jpg,0,aigc_detect_bench,Real
corpora/aigc_detect_bench/images/Real/ood_0000727.jpg,0,aigc_detect_bench,Real
corpora/aigc_detect_bench/images/Real/ood_0000729.jpg,0,aigc_detect_bench,Real
corpora/aigc_detect_bench/images/Real/ood_0000731.jpg,0,aigc_detect_bench,Real
corpora/aigc_detect_bench/images/Real/ood_0000733.jpg,0,aigc_detect_bench,Real
corpora/aigc_detect_bench/images/Real/ood_0000735.jpg,0,aigc_detect_bench,Real
corpora/aigc_detect_bench/images/Real/ood_0000737.jpg,0,aigc_detect_bench,Real
corpora/aigc_detect_bench/images/Real/ood_0000739.jpg,0,aigc_detect_bench,Real
corpora/aigc_detect_bench/images/Real/ood_0000741.jpg,0,aigc_detect_bench,Real
corpora/aigc_detect_bench/images/Real/ood_0000743.jpg,0,aigc_detect_bench,Real
corpora/aigc_detect_bench/images/Real/ood_0000745.jpg,0,aigc_detect_bench,Real
corpora/aigc_detect_bench/images/Real/ood_0000747.jpg,0,aigc_detect_bench,Real
corpora/aigc_detect_bench/images/Real/ood_0000749.jpg,0,aigc_detect_bench,Real
corpora/aigc_detect_bench/images/Real/ood_0000751.jpg,0,aigc_detect_bench,Real
corpora/aigc_detect_bench/images/Real/ood_0000753.jpg,0,aigc_detect_bench,Real
corpora/aigc_detect_bench/images/Real/ood_0000755.jpg,0,aigc_detect_bench,Real
corpora/aigc_detect_bench/images/Real/ood_0000757.jpg,0,aigc_detect_bench,Real
corpora/aigc_detect_bench/images/Real/ood_0000759.jpg,0,aigc_detect_bench,Real
corpora/aigc_detect_bench/images/Real/ood_0000761.jpg,0,aigc_detect_bench,Real
corpora/aigc_detect_bench/images/Real/ood_0000763.jpg,0,aigc_detect_bench,Real
corpora/aigc_detect_bench/images/Real/ood_0000765.jpg,0,aigc_detect_bench,Real
corpora/aigc_detect_bench/images/Real/ood_0000767.jpg,0,aigc_detect_bench,Real
corpora/aigc_detect_bench/images/Real/ood_0000769.jpg,0,aigc_detect_bench,Real
corpora/aigc_detect_bench/images/Real/ood_0000771.jpg,0,aigc_detect_bench,Real
corpora/aigc_detect_bench/images/Real/ood_0000773.jpg,0,aigc_detect_bench,Real
corpora/aigc_detect_bench/images/Real/ood_0000775.jpg,0,aigc_detect_bench,Real
corpora/aigc_detect_bench/images/Real/ood_0000777.jpg,0,aigc_detect_bench,Real
corpora/aigc_detect_bench/images/Real/ood_0000779.jpg,0,aigc_detect_bench,Real
corpora/aigc_detect_bench/images/Real/ood_0000781.jpg,0,aigc_detect_bench,Real
corpora/aigc_detect_bench/images/Real/ood_0000783.jpg,0,aigc_detect_bench,Real
corpora/aigc_detect_bench/images/Real/ood_0000785.jpg,0,aigc_detect_bench,Real
corpora/aigc_detect_bench/images/Real/ood_0000787.jpg,0,aigc_detect_bench,Real
corpora/aigc_detect_bench/images/Real/ood_0000789.jpg,0,aigc_detect_bench,Real
corpora/aigc_detect_bench/images/Real/ood_0000791.jpg,0,aigc_detect_bench,Real
corpora/aigc_detect_bench/images/Real/ood_0000793.jpg,0,aigc_detect_bench,Real
corpora/aigc_detect_bench/images/Real/ood_0000795.jpg,0,aigc_detect_bench,Real
corpora/aigc_detect_bench/images/Real/ood_0000797.jpg,0,aigc_detect_bench,Real
corpora/aigc_detect_bench/images/Real/ood_0000799.jpg,0,aigc_detect_bench,Real
corpora/aigc_detect_bench/images/Real/ood_0000801.jpg,0,aigc_detect_bench,Real
corpora/aigc_detect_bench/images/Real/ood_0000803.jpg,0,aigc_detect_bench,Real
corpora/aigc_detect_bench/images/Real/ood_0000805.jpg,0,aigc_detect_bench,Real
corpora/aigc_detect_bench/images/Real/ood_0000807.jpg,0,aigc_detect_bench,Real
corpora/aigc_detect_bench/images/Real/ood_0000809.jpg,0,aigc_detect_bench,Real
corpora/aigc_detect_bench/images/Real/ood_0000811.jpg,0,aigc_detect_bench,Real
corpora/aigc_detect_bench/images/Real/ood_0000813.jpg,0,aigc_detect_bench,Real
corpora/aigc_detect_bench/images/Real/ood_0000815.jpg,0,aigc_detect_bench,Real
corpora/aigc_detect_bench/images/Real/ood_0000817.jpg,0,aigc_detect_bench,Real
corpora/aigc_detect_bench/images/Real/ood_0000819.jpg,0,aigc_detect_bench,Real
corpora/aigc_detect_bench/images/Real/ood_0000821.jpg,0,aigc_detect_bench,Real
corpora/aigc_detect_bench/images/Real/ood_0000823.jpg,0,aigc_detect_bench,Real
corpora/aigc_detect_bench/images/Real/ood_0000825.jpg,0,aigc_detect_bench,Real
corpora/aigc_detect_bench/images/Real/ood_0000827.jpg,0,aigc_detect_bench,Real
corpora/aigc_detect_bench/images/Real/ood_0000829.jpg,0,aigc_detect_bench,Real
corpora/aigc_detect_bench/images/Real/ood_0000831.jpg,0,aigc_detect_bench,Real
corpora/aigc_detect_bench/images/Real/ood_0000833.jpg,0,aigc_detect_bench,Real
corpora/aigc_detect_bench/images/Real/ood_0000835.jpg,0,aigc_detect_bench,Real
corpora/aigc_detect_bench/images/Real/ood_0000837.jpg,0,aigc_detect_bench,Real
corpora/aigc_detect_bench/images/Real/ood_0000839.jpg,0,aigc_detect_bench,Real
corpora/aigc_detect_bench/images/Real/ood_0000841.jpg,0,aigc_detect_bench,Real
corpora/aigc_detect_bench/images/Real/ood_0000843.jpg,0,aigc_detect_bench,Real
corpora/aigc_detect_bench/images/Real/ood_0000845.jpg,0,aigc_detect_bench,Real
corpora/aigc_detect_bench/images/Real/ood_0000847.jpg,0,aigc_detect_bench,Real
corpora/aigc_detect_bench/images/Real/ood_0000849.jpg,0,aigc_detect_bench,Real
corpora/aigc_detect_bench/images/Real/ood_0000851.jpg,0,aigc_detect_bench,Real
corpora/aigc_detect_bench/images/Real/ood_0000853.jpg,0,aigc_detect_bench,Real
corpora/aigc_detect_bench/images/Real/ood_0000855.jpg,0,aigc_detect_bench,Real
corpora/aigc_detect_bench/images/Real/ood_0000857.jpg,0,aigc_detect_bench,Real
corpora/aigc_detect_bench/images/Real/ood_0000859.jpg,0,aigc_detect_bench,Real
corpora/aigc_detect_bench/images/Real/ood_0000861.jpg,0,aigc_detect_bench,Real
corpora/aigc_detect_bench/images/Real/ood_0000863.jpg,0,aigc_detect_bench,Real
corpora/aigc_detect_bench/images/Real/ood_0000865.jpg,0,aigc_detect_bench,Real
corpora/aigc_detect_bench/images/Real/ood_0000867.jpg,0,aigc_detect_bench,Real
corpora/aigc_detect_bench/images/Real/ood_0000869.jpg,0,aigc_detect_bench,Real
corpora/aigc_detect_bench/images/Real/ood_0000871.jpg,0,aigc_detect_bench,Real
corpora/aigc_detect_bench/images/Real/ood_0000873.jpg,0,aigc_detect_bench,Real
corpora/aigc_detect_bench/images/Real/ood_0000875.jpg,0,aigc_detect_bench,Real
corpora/aigc_detect_bench/images/Real/ood_0000877.jpg,0,aigc_detect_bench,Real
corpora/aigc_detect_bench/images/Real/ood_0000879.jpg,0,aigc_detect_bench,Real
corpora/aigc_detect_bench/images/Real/ood_0000881.jpg,0,aigc_detect_bench,Real
corpora/aigc_detect_bench/images/Real/ood_0000883.jpg,0,aigc_detect_bench,Real
corpora/aigc_detect_bench/images/Real/ood_0000885.jpg,0,aigc_detect_bench,Real
corpora/aigc_detect_bench/images/Real/ood_0000887.jpg,0,aigc_detect_bench,Real
corpora/aigc_detect_bench/images/Real/ood_0000889.jpg,0,aigc_detect_bench,Real
corpora/aigc_detect_bench/images/Real/ood_0000891.jpg,0,aigc_detect_bench,Real
corpora/aigc_detect_bench/images/Real/ood_0000893.jpg,0,aigc_detect_bench,Real
corpora/aigc_detect_bench/images/Real/ood_0000895.jpg,0,aigc_detect_bench,Real
corpora/aigc_detect_bench/images/Real/ood_0000897.jpg,0,aigc_detect_bench,Real
corpora/aigc_detect_bench/images/Real/ood_0000899.jpg,0,aigc_detect_bench,Real
corpora/aigc_detect_bench/images/Real/ood_0000901.jpg,0,aigc_detect_bench,Real
corpora/aigc_detect_bench/images/Real/ood_0000903.jpg,0,aigc_detect_bench,Real
corpora/aigc_detect_bench/images/Real/ood_0000905.jpg,0,aigc_detect_bench,Real
corpora/aigc_detect_bench/images/Real/ood_0000907.jpg,0,aigc_detect_bench,Real
corpora/aigc_detect_bench/images/Real/ood_0000909.jpg,0,aigc_detect_bench,Real
corpora/aigc_detect_bench/images/Real/ood_0000911.jpg,0,aigc_detect_bench,Real
corpora/aigc_detect_bench/images/Real/ood_0000913.jpg,0,aigc_detect_bench,Real
corpora/aigc_detect_bench/images/Real/ood_0000915.jpg,0,aigc_detect_bench,Real
corpora/aigc_detect_bench/images/Real/ood_0000917.jpg,0,aigc_detect_bench,Real
corpora/aigc_detect_bench/images/Real/ood_0000919.jpg,0,aigc_detect_bench,Real
corpora/aigc_detect_bench/images/Real/ood_0000921.jpg,0,aigc_detect_bench,Real
corpora/aigc_detect_bench/images/Real/ood_0000923.jpg,0,aigc_detect_bench,Real
corpora/aigc_detect_bench/images/Real/ood_0000925.jpg,0,aigc_detect_bench,Real
corpora/aigc_detect_bench/images/Real/ood_0000927.jpg,0,aigc_detect_bench,Real
corpora/aigc_detect_bench/images/Real/ood_0000929.jpg,0,aigc_detect_bench,Real
corpora/aigc_detect_bench/images/Real/ood_0000931.jpg,0,aigc_detect_bench,Real
corpora/aigc_detect_bench/images/Real/ood_0000933.jpg,0,aigc_detect_bench,Real
corpora/aigc_detect_bench/images/Real/ood_0000935.jpg,0,aigc_detect_bench,Real
corpora/aigc_detect_bench/images/Real/ood_0000937.jpg,0,aigc_detect_bench,Real
corpora/aigc_detect_bench/images/Real/ood_0000939.jpg,0,aigc_detect_bench,Real
corpora/aigc_detect_bench/images/Real/ood_0000941.jpg,0,aigc_detect_bench,Real
corpora/aigc_detect_bench/images/Real/ood_0000943.jpg,0,aigc_detect_bench,Real
corpora/aigc_detect_bench/images/Real/ood_0000945.jpg,0,aigc_detect_bench,Real
corpora/aigc_detect_bench/images/Real/ood_0000947.jpg,0,aigc_detect_bench,Real
corpora/aigc_detect_bench/images/Real/ood_0000949.jpg,0,aigc_detect_bench,Real
corpora/aigc_detect_bench/images/Real/ood_0000951.jpg,0,aigc_detect_bench,Real
corpora/aigc_detect_bench/images/Real/ood_0000953.jpg,0,aigc_detect_bench,Real
corpora/aigc_detect_bench/images/Real/ood_0000955.jpg,0,aigc_detect_bench,Real
corpora/aigc_detect_bench/images/Real/ood_0000957.jpg,0,aigc_detect_bench,Real
corpora/aigc_detect_bench/images/Real/ood_0000959.jpg,0,aigc_detect_bench,Real
corpora/aigc_detect_bench/images/Real/ood_0000961.jpg,0,aigc_detect_bench,Real
corpora/aigc_detect_bench/images/Real/ood_0000963.jpg,0,aigc_detect_bench,Real
corpora/aigc_detect_bench/images/Real/ood_0000965.jpg,0,aigc_detect_bench,Real
corpora/aigc_detect_bench/images/Real/ood_0000967.jpg,0,aigc_detect_bench,Real
corpora/aigc_detect_bench/images/Real/ood_0000969.jpg,0,aigc_detect_bench,Real
corpora/aigc_detect_bench/images/Real/ood_0000971.jpg,0,aigc_detect_bench,Real
corpora/aigc_detect_bench/images/Real/ood_0000973.jpg,0,aigc_detect_bench,Real
corpora/aigc_detect_bench/images/Real/ood_0000975.jpg,0,aigc_detect_bench,Real
corpora/aigc_detect_bench/images/Real/ood_0000977.jpg,0,aigc_detect_bench,Real
corpora/aigc_detect_bench/images/Real/ood_0000979.jpg,0,aigc_detect_bench,Real
corpora/aigc_detect_bench/images/Real/ood_0000981.jpg,0,aigc_detect_bench,Real
corpora/aigc_detect_bench/images/Real/ood_0000983.jpg,0,aigc_detect_bench,Real
corpora/aigc_detect_bench/images/Real/ood_0000985.jpg,0,aigc_detect_bench,Real
corpora/aigc_detect_bench/images/Real/ood_0000987.jpg,0,aigc_detect_bench,Real
corpora/aigc_detect_bench/images/Real/ood_0000989.jpg,0,aigc_detect_bench,Real
corpora/aigc_detect_bench/images/Real/ood_0000991.jpg,0,aigc_detect_bench,Real
corpora/aigc_detect_bench/images/Real/ood_0000993.jpg,0,aigc_detect_bench,Real
corpora/aigc_detect_bench/images/Real/ood_0000995.jpg,0,aigc_detect_bench,Real
corpora/aigc_detect_bench/images/Real/ood_0000997.jpg,0,aigc_detect_bench,Real
corpora/aigc_detect_bench/images/Real/ood_0000999.jpg,0,aigc_detect_bench,Real
corpora/aigc_detect_bench/images/Real/ood_0001001.jpg,0,aigc_detect_bench,Real
corpora/aigc_detect_bench/images/Real/ood_0001003.jpg,0,aigc_detect_bench,Real
corpora/aigc_detect_bench/images/Real/ood_0001005.jpg,0,aigc_detect_bench,Real
corpora/aigc_detect_bench/images/Real/ood_0001007.jpg,0,aigc_detect_bench,Real
corpora/aigc_detect_bench/images/Real/ood_0001009.jpg,0,aigc_detect_bench,Real
corpora/aigc_detect_bench/images/Real/ood_0001011.jpg,0,aigc_detect_bench,Real
corpora/aigc_detect_bench/images/Real/ood_0001013.jpg,0,aigc_detect_bench,Real
corpora/aigc_detect_bench/images/Real/ood_0001015.jpg,0,aigc_detect_bench,Real
corpora/aigc_detect_bench/images/Real/ood_0001017.jpg,0,aigc_detect_bench,Real
corpora/aigc_detect_bench/images/Real/ood_0001019.jpg,0,aigc_detect_bench,Real
corpora/aigc_detect_bench/images/Real/ood_0001021.jpg,0,aigc_detect_bench,Real
corpora/aigc_detect_bench/images/Real/ood_0001023.jpg,0,aigc_detect_bench,Real
corpora/aigc_detect_bench/images/Real/ood_0001025.jpg,0,aigc_detect_bench,Real
corpora/aigc_detect_bench/images/Real/ood_0001027.jpg,0,aigc_detect_bench,Real
corpora/aigc_detect_bench/images/Real/ood_0001029.jpg,0,aigc_detect_bench,Real
corpora/aigc_detect_bench/images/Real/ood_0001031.jpg,0,aigc_detect_bench,Real
corpora/aigc_detect_bench/images/Real/ood_0001033.jpg,0,aigc_detect_bench,Real
corpora/aigc_detect_bench/images/Real/ood_0001035.jpg,0,aigc_detect_bench,Real
corpora/aigc_detect_bench/images/Real/ood_0001037.jpg,0,aigc_detect_bench,Real
corpora/aigc_detect_bench/images/Real/ood_0001039.jpg,0,aigc_detect_bench,Real
corpora/aigc_detect_bench/images/Real/ood_0001041.jpg,0,aigc_detect_bench,Real
corpora/aigc_detect_bench/images/Real/ood_0001043.jpg,0,aigc_detect_bench,Real
corpora/aigc_detect_bench/images/Real/ood_0001045.jpg,0,aigc_detect_bench,Real
corpora/aigc_detect_bench/images/Real/ood_0001047.jpg,0,aigc_detect_bench,Real
corpora/aigc_detect_bench/images/Real/ood_0001049.jpg,0,aigc_detect_bench,Real
corpora/aigc_detect_bench/images/Real/ood_0001051.jpg,0,aigc_detect_bench,Real
corpora/aigc_detect_bench/images/Real/ood_0001053.jpg,0,aigc_detect_bench,Real
corpora/aigc_detect_bench/images/Real/ood_0001055.jpg,0,aigc_detect_bench,Real
corpora/aigc_detect_bench/images/Real/ood_0001057.jpg,0,aigc_detect_bench,Real
corpora/aigc_detect_bench/images/Real/ood_0001059.jpg,0,aigc_detect_bench,Real
corpora/aigc_detect_bench/images/Real/ood_0001061.jpg,0,aigc_detect_bench,Real
corpora/aigc_detect_bench/images/Real/ood_0001063.jpg,0,aigc_detect_bench,Real
corpora/aigc_detect_bench/images/Real/ood_0001065.jpg,0,aigc_detect_bench,Real
corpora/aigc_detect_bench/images/Real/ood_0001067.jpg,0,aigc_detect_bench,Real
corpora/aigc_detect_bench/images/Real/ood_0001069.jpg,0,aigc_detect_bench,Real
corpora/aigc_detect_bench/images/Real/ood_0001071.jpg,0,aigc_detect_bench,Real
corpora/aigc_detect_bench/images/Real/ood_0001073.jpg,0,aigc_detect_bench,Real
corpora/aigc_detect_bench/images/Real/ood_0001075.jpg,0,aigc_detect_bench,Real
corpora/aigc_detect_bench/images/Real/ood_0001077.jpg,0,aigc_detect_bench,Real
corpora/aigc_detect_bench/images/Real/ood_0001079.jpg,0,aigc_detect_bench,Real
corpora/aigc_detect_bench/images/Real/ood_0001081.jpg,0,aigc_detect_bench,Real
corpora/aigc_detect_bench/images/Real/ood_0001083.jpg,0,aigc_detect_bench,Real
corpora/aigc_detect_bench/images/Real/ood_0001085.jpg,0,aigc_detect_bench,Real
corpora/aigc_detect_bench/images/Real/ood_0001087.jpg,0,aigc_detect_bench,Real
corpora/aigc_detect_bench/images/Real/ood_0001089.jpg,0,aigc_detect_bench,Real
corpora/aigc_detect_bench/images/Real/ood_0001091.jpg,0,aigc_detect_bench,Real
corpora/aigc_detect_bench/images/Real/ood_0001093.jpg,0,aigc_detect_bench,Real
corpora/aigc_detect_bench/images/Real/ood_0001095.jpg,0,aigc_detect_bench,Real
corpora/aigc_detect_bench/images/Real/ood_0001097.jpg,0,aigc_detect_bench,Real
corpora/aigc_detect_bench/images/Real/ood_0001099.jpg,0,aigc_detect_bench,Real
corpora/aigc_detect_bench/images/Real/ood_0001101.jpg,0,aigc_detect_bench,Real
corpora/aigc_detect_bench/images/Real/ood_0001103.jpg,0,aigc_detect_bench,Real
corpora/aigc_detect_bench/images/Real/ood_0001105.jpg,0,aigc_detect_bench,Real
corpora/aigc_detect_bench/images/Real/ood_0001107.jpg,0,aigc_detect_bench,Real
corpora/aigc_detect_bench/images/Real/ood_0001109.jpg,0,aigc_detect_bench,Real
corpora/aigc_detect_bench/images/Real/ood_0001111.jpg,0,aigc_detect_bench,Real
corpora/aigc_detect_bench/images/Real/ood_0001113.jpg,0,aigc_detect_bench,Real
corpora/aigc_detect_bench/images/Real/ood_0001115.jpg,0,aigc_detect_bench,Real
corpora/aigc_detect_bench/images/Real/ood_0001117.jpg,0,aigc_detect_bench,Real
corpora/aigc_detect_bench/images/Real/ood_0001119.jpg,0,aigc_detect_bench,Real
corpora/aigc_detect_bench/images/Real/ood_0001121.jpg,0,aigc_detect_bench,Real
corpora/aigc_detect_bench/images/Real/ood_0001123.jpg,0,aigc_detect_bench,Real
corpora/aigc_detect_bench/images/Real/ood_0001125.jpg,0,aigc_detect_bench,Real
corpora/aigc_detect_bench/images/Real/ood_0001127.jpg,0,aigc_detect_bench,Real
corpora/aigc_detect_bench/images/Real/ood_0001129.jpg,0,aigc_detect_bench,Real
corpora/aigc_detect_bench/images/Real/ood_0001131.jpg,0,aigc_detect_bench,Real
corpora/aigc_detect_bench/images/Real/ood_0001133.jpg,0,aigc_detect_bench,Real
corpora/aigc_detect_bench/images/Real/ood_0001135.jpg,0,aigc_detect_bench,Real
corpora/aigc_detect_bench/images/Real/ood_0001137.jpg,0,aigc_detect_bench,Real
corpora/aigc_detect_bench/images/Real/ood_0001139.jpg,0,aigc_detect_bench,Real
corpora/aigc_detect_bench/images/Real/ood_0001141.jpg,0,aigc_detect_bench,Real
corpora/aigc_detect_bench/images/Real/ood_0001143.jpg,0,aigc_detect_bench,Real
corpora/aigc_detect_bench/images/Real/ood_0001145.jpg,0,aigc_detect_bench,Real
corpora/aigc_detect_bench/images/Real/ood_0001147.jpg,0,aigc_detect_bench,Real
corpora/aigc_detect_bench/images/Real/ood_0001149.jpg,0,aigc_detect_bench,Real
corpora/aigc_detect_bench/images/Real/ood_0001151.jpg,0,aigc_detect_bench,Real
corpora/aigc_detect_bench/images/Real/ood_0001153.jpg,0,aigc_detect_bench,Real
corpora/aigc_detect_bench/images/Real/ood_0001155.jpg,0,aigc_detect_bench,Real
corpora/aigc_detect_bench/images/Real/ood_0001157.jpg,0,aigc_detect_bench,Real
corpora/aigc_detect_bench/images/Real/ood_0001159.jpg,0,aigc_detect_bench,Real
corpora/aigc_detect_bench/images/Real/ood_0001161.jpg,0,aigc_detect_bench,Real
corpora/aigc_detect_bench/images/Real/ood_0001163.jpg,0,aigc_detect_bench,Real
corpora/aigc_detect_bench/images/Real/ood_0001165.jpg,0,aigc_detect_bench,Real
corpora/aigc_detect_bench/images/Real/ood_0001167.jpg,0,aigc_detect_bench,Real
corpora/aigc_detect_bench/images/Real/ood_0001169.jpg,0,aigc_detect_bench,Real
corpora/aigc_detect_bench/images/Real/ood_0001171.jpg,0,aigc_detect_bench,Real
corpora/aigc_detect_bench/images/Real/ood_0001173.jpg,0,aigc_detect_bench,Real
corpora/aigc_detect_bench/images/Real/ood_0001175.jpg,0,aigc_detect_bench,Real
corpora/aigc_detect_bench/images/Real/ood_0001177.jpg,0,aigc_detect_bench,Real
corpora/aigc_detect_bench/images/Real/ood_0001179.jpg,0,aigc_detect_bench,Real
corpora/aigc_detect_bench/images/Real/ood_0001181.jpg,0,aigc_detect_bench,Real
corpora/aigc_detect_bench/images/Real/ood_0001183.jpg,0,aigc_detect_bench,Real
corpora/aigc_detect_bench/images/Real/ood_0001185.jpg,0,aigc_detect_bench,Real
corpora/aigc_detect_bench/images/Real/ood_0001187.jpg,0,aigc_detect_bench,Real
corpora/aigc_detect_bench/images/Real/ood_0001189.jpg,0,aigc_detect_bench,Real
corpora/aigc_detect_bench/images/Real/ood_0001191.jpg,0,aigc_detect_bench,Real
corpora/aigc_detect_bench/images/Real/ood_0001193.jpg,0,aigc_detect_bench,Real
corpora/aigc_detect_bench/images/Real/ood_0001195.jpg,0,aigc_detect_bench,Real
corpora/aigc_detect_bench/images/Real/ood_0001197.jpg,0,aigc_detect_bench,Real
corpora/aigc_detect_bench/images/Real/ood_0001199.jpg,0,aigc_detect_bench,Real
corpora/aigc_detect_bench/images/Real/ood_0001201.jpg,0,aigc_detect_bench,Real
corpora/aigc_detect_bench/images/Real/ood_0001203.jpg,0,aigc_detect_bench,Real
corpora/aigc_detect_bench/images/Real/ood_0001205.jpg,0,aigc_detect_bench,Real
corpora/aigc_detect_bench/images/Real/ood_0001207.jpg,0,aigc_detect_bench,Real
corpora/aigc_detect_bench/images/Real/ood_0001209.jpg,0,aigc_detect_bench,Real
corpora/aigc_detect_bench/images/Real/ood_0001211.jpg,0,aigc_detect_bench,Real
corpora/aigc_detect_bench/images/Real/ood_0001213.jpg,0,aigc_detect_bench,Real
corpora/aigc_detect_bench/images/Real/ood_0001215.jpg,0,aigc_detect_bench,Real
corpora/aigc_detect_bench/images/Real/ood_0001217.jpg,0,aigc_detect_bench,Real
corpora/aigc_detect_bench/images/Real/ood_0001219.jpg,0,aigc_detect_bench,Real
corpora/aigc_detect_bench/images/Real/ood_0001221.jpg,0,aigc_detect_bench,Real
corpora/aigc_detect_bench/images/Real/ood_0001223.jpg,0,aigc_detect_bench,Real
corpora/aigc_detect_bench/images/Real/ood_0001225.jpg,0,aigc_detect_bench,Real
corpora/aigc_detect_bench/images/Real/ood_0001227.jpg,0,aigc_detect_bench,Real
corpora/aigc_detect_bench/images/Real/ood_0001229.jpg,0,aigc_detect_bench,Real
corpora/aigc_detect_bench/images/Real/ood_0001231.jpg,0,aigc_detect_bench,Real
corpora/aigc_detect_bench/images/Real/ood_0001233.jpg,0,aigc_detect_bench,Real
corpora/aigc_detect_bench/images/Real/ood_0001235.jpg,0,aigc_detect_bench,Real
corpora/aigc_detect_bench/images/Real/ood_0001237.jpg,0,aigc_detect_bench,Real
corpora/aigc_detect_bench/images/Real/ood_0001239.jpg,0,aigc_detect_bench,Real
corpora/aigc_detect_bench/images/Real/ood_0001241.jpg,0,aigc_detect_bench,Real
corpora/aigc_detect_bench/images/Real/ood_0001243.jpg,0,aigc_detect_bench,Real
corpora/aigc_detect_bench/images/Real/ood_0001245.jpg,0,aigc_detect_bench,Real
corpora/aigc_detect_bench/images/Real/ood_0001247.jpg,0,aigc_detect_bench,Real
corpora/aigc_detect_bench/images/Real/ood_0001249.jpg,0,aigc_detect_bench,Real
corpora/aigc_detect_bench/images/Real/ood_0001251.jpg,0,aigc_detect_bench,Real
corpora/aigc_detect_bench/images/Real/ood_0001253.jpg,0,aigc_detect_bench,Real
corpora/aigc_detect_bench/images/Real/ood_0001255.jpg,0,aigc_detect_bench,Real
corpora/aigc_detect_bench/images/Real/ood_0001257.jpg,0,aigc_detect_bench,Real
corpora/aigc_detect_bench/images/Real/ood_0001259.jpg,0,aigc_detect_bench,Real
corpora/aigc_detect_bench/images/Real/ood_0001261.jpg,0,aigc_detect_bench,Real
corpora/aigc_detect_bench/images/Real/ood_0001263.jpg,0,aigc_detect_bench,Real
corpora/aigc_detect_bench/images/Real/ood_0001265.jpg,0,aigc_detect_bench,Real
corpora/aigc_detect_bench/images/Real/ood_0001267.jpg,0,aigc_detect_bench,Real
corpora/aigc_detect_bench/images/Real/ood_0001269.jpg,0,aigc_detect_bench,Real
corpora/aigc_detect_bench/images/Real/ood_0001271.jpg,0,aigc_detect_bench,Real
corpora/aigc_detect_bench/images/Real/ood_0001273.jpg,0,aigc_detect_bench,Real
corpora/aigc_detect_bench/images/Real/ood_0001275.jpg,0,aigc_detect_bench,Real
corpora/aigc_detect_bench/images/Real/ood_0001277.jpg,0,aigc_detect_bench,Real
corpora/aigc_detect_bench/images/Real/ood_0001279.jpg,0,aigc_detect_bench,Real
corpora/aigc_detect_bench/images/Real/ood_0001281.jpg,0,aigc_detect_bench,Real
corpora/aigc_detect_bench/images/Real/ood_0001283.jpg,0,aigc_detect_bench,Real
corpora/aigc_detect_bench/images/Real/ood_0001285.jpg,0,aigc_detect_bench,Real
corpora/aigc_detect_bench/images/Real/ood_0001287.jpg,0,aigc_detect_bench,Real
corpora/aigc_detect_bench/images/Real/ood_0001289.jpg,0,aigc_detect_bench,Real
corpora/aigc_detect_bench/images/Real/ood_0001291.jpg,0,aigc_detect_bench,Real
corpora/aigc_detect_bench/images/Real/ood_0001293.jpg,0,aigc_detect_bench,Real
corpora/aigc_detect_bench/images/Real/ood_0001295.jpg,0,aigc_detect_bench,Real
corpora/aigc_detect_bench/images/Real/ood_0001297.jpg,0,aigc_detect_bench,Real
corpora/aigc_detect_bench/images/Real/ood_0001299.jpg,0,aigc_detect_bench,Real
corpora/aigc_detect_bench/images/Real/ood_0001301.jpg,0,aigc_detect_bench,Real
corpora/aigc_detect_bench/images/Real/ood_0001303.jpg,0,aigc_detect_bench,Real
corpora/aigc_detect_bench/images/Real/ood_0001305.jpg,0,aigc_detect_bench,Real
corpora/aigc_detect_bench/images/Real/ood_0001307.jpg,0,aigc_detect_bench,Real
corpora/aigc_detect_bench/images/Real/ood_0001309.jpg,0,aigc_detect_bench,Real
corpora/aigc_detect_bench/images/Real/ood_0001311.jpg,0,aigc_detect_bench,Real
corpora/aigc_detect_bench/images/Real/ood_0001313.jpg,0,aigc_detect_bench,Real
corpora/aigc_detect_bench/images/Real/ood_0001315.jpg,0,aigc_detect_bench,Real
corpora/aigc_detect_bench/images/Real/ood_0001317.jpg,0,aigc_detect_bench,Real
corpora/aigc_detect_bench/images/Real/ood_0001319.jpg,0,aigc_detect_bench,Real
corpora/aigc_detect_bench/images/Real/ood_0001321.jpg,0,aigc_detect_bench,Real
corpora/aigc_detect_bench/images/Real/ood_0001323.jpg,0,aigc_detect_bench,Real
corpora/aigc_detect_bench/images/Real/ood_0001325.jpg,0,aigc_detect_bench,Real
corpora/aigc_detect_bench/images/Real/ood_0001327.jpg,0,aigc_detect_bench,Real
corpora/aigc_detect_bench/images/Real/ood_0001329.jpg,0,aigc_detect_bench,Real
corpora/aigc_detect_bench/images/Real/ood_0001331.jpg,0,aigc_detect_bench,Real
corpora/aigc_detect_bench/images/Real/ood_0001333.jpg,0,aigc_detect_bench,Real
corpora/aigc_detect_bench/images/Real/ood_0001335.jpg,0,aigc_detect_bench,Real
corpora/aigc_detect_bench/images/Real/ood_0001337.jpg,0,aigc_detect_bench,Real
corpora/aigc_detect_bench/images/Real/ood_0001339.jpg,0,aigc_detect_bench,Real
corpora/aigc_detect_bench/images/Real/ood_0001341.jpg,0,aigc_detect_bench,Real
corpora/aigc_detect_bench/images/Real/ood_0001343.jpg,0,aigc_detect_bench,Real
corpora/aigc_detect_bench/images/Real/ood_0001345.jpg,0,aigc_detect_bench,Real
corpora/aigc_detect_bench/images/Real/ood_0001347.jpg,0,aigc_detect_bench,Real
corpora/aigc_detect_bench/images/Real/ood_0001349.jpg,0,aigc_detect_bench,Real
corpora/aigc_detect_bench/images/Real/ood_0001351.jpg,0,aigc_detect_bench,Real
corpora/aigc_detect_bench/images/Real/ood_0001353.jpg,0,aigc_detect_bench,Real
corpora/aigc_detect_bench/images/Real/ood_0001355.jpg,0,aigc_detect_bench,Real
corpora/aigc_detect_bench/images/Real/ood_0001357.jpg,0,aigc_detect_bench,Real
corpora/aigc_detect_bench/images/Real/ood_0001359.jpg,0,aigc_detect_bench,Real
corpora/aigc_detect_bench/images/Real/ood_0001361.jpg,0,aigc_detect_bench,Real
corpora/aigc_detect_bench/images/Real/ood_0001363.jpg,0,aigc_detect_bench,Real
corpora/aigc_detect_bench/images/Real/ood_0001365.jpg,0,aigc_detect_bench,Real
corpora/aigc_detect_bench/images/Real/ood_0001367.jpg,0,aigc_detect_bench,Real
corpora/aigc_detect_bench/images/Real/ood_0001369.jpg,0,aigc_detect_bench,Real
corpora/aigc_detect_bench/images/Real/ood_0001371.jpg,0,aigc_detect_bench,Real
corpora/aigc_detect_bench/images/Real/ood_0001373.jpg,0,aigc_detect_bench,Real
corpora/aigc_detect_bench/images/Real/ood_0001375.jpg,0,aigc_detect_bench,Real
corpora/aigc_detect_bench/images/Real/ood_0001377.jpg,0,aigc_detect_bench,Real
corpora/aigc_detect_bench/images/Real/ood_0001379.jpg,0,aigc_detect_bench,Real
corpora/aigc_detect_bench/images/Real/ood_0001381.jpg,0,aigc_detect_bench,Real
corpora/aigc_detect_bench/images/Real/ood_0001383.jpg,0,aigc_detect_bench,Real
corpora/aigc_detect_bench/images/Real/ood_0001385.jpg,0,aigc_detect_bench,Real
corpora/aigc_detect_bench/images/Real/ood_0001387.jpg,0,aigc_detect_bench,Real
corpora/aigc_detect_bench/images/Real/ood_0001389.jpg,0,aigc_detect_bench,Real
corpora/aigc_detect_bench/images/Real/ood_0001391.jpg,0,aigc_detect_bench,Real
corpora/aigc_detect_bench/images/Real/ood_0001393.jpg,0,aigc_detect_bench,Real
corpora/aigc_detect_bench/images/Real/ood_0001395.jpg,0,aigc_detect_bench,Real
corpora/aigc_detect_bench/images/Real/ood_0001397.jpg,0,aigc_detect_bench,Real
corpora/aigc_detect_bench/images/Real/ood_0001399.jpg,0,aigc_detect_bench,Real
corpora/aigc_detect_bench/images/Real/ood_0001401.jpg,0,aigc_detect_bench,Real
corpora/aigc_detect_bench/images/Real/ood_0001403.jpg,0,aigc_detect_bench,Real
corpora/aigc_detect_bench/images/Real/ood_0001405.jpg,0,aigc_detect_bench,Real
corpora/aigc_detect_bench/images/Real/ood_0001407.jpg,0,aigc_detect_bench,Real
corpora/aigc_detect_bench/images/Real/ood_0001409.jpg,0,aigc_detect_bench,Real
corpora/aigc_detect_bench/images/Real/ood_0001411.jpg,0,aigc_detect_bench,Real
corpora/aigc_detect_bench/images/Real/ood_0001413.jpg,0,aigc_detect_bench,Real
corpora/aigc_detect_bench/images/Real/ood_0001415.jpg,0,aigc_detect_bench,Real
corpora/aigc_detect_bench/images/Real/ood_0001417.jpg,0,aigc_detect_bench,Real
corpora/aigc_detect_bench/images/Real/ood_0001419.jpg,0,aigc_detect_bench,Real
corpora/aigc_detect_bench/images/Real/ood_0001421.jpg,0,aigc_detect_bench,Real
corpora/aigc_detect_bench/images/Real/ood_0001423.jpg,0,aigc_detect_bench,Real
corpora/aigc_detect_bench/images/Real/ood_0001425.jpg,0,aigc_detect_bench,Real
corpora/aigc_detect_bench/images/Real/ood_0001427.jpg,0,aigc_detect_bench,Real
corpora/aigc_detect_bench/images/Real/ood_0001429.jpg,0,aigc_detect_bench,Real
corpora/aigc_detect_bench/images/Real/ood_0001431.jpg,0,aigc_detect_bench,Real
corpora/aigc_detect_bench/images/Real/ood_0001433.jpg,0,aigc_detect_bench,Real
corpora/aigc_detect_bench/images/Real/ood_0001435.jpg,0,aigc_detect_bench,Real
corpora/aigc_detect_bench/images/Real/ood_0001437.jpg,0,aigc_detect_bench,Real
corpora/aigc_detect_bench/images/Real/ood_0001439.jpg,0,aigc_detect_bench,Real
corpora/aigc_detect_bench/images/Real/ood_0001441.jpg,0,aigc_detect_bench,Real
corpora/aigc_detect_bench/images/Real/ood_0001443.jpg,0,aigc_detect_bench,Real
corpora/aigc_detect_bench/images/Real/ood_0001445.jpg,0,aigc_detect_bench,Real
corpora/aigc_detect_bench/images/Real/ood_0001447.jpg,0,aigc_detect_bench,Real
corpora/aigc_detect_bench/images/Real/ood_0001449.jpg,0,aigc_detect_bench,Real
corpora/aigc_detect_bench/images/Real/ood_0001451.jpg,0,aigc_detect_bench,Real
corpora/aigc_detect_bench/images/Real/ood_0001453.jpg,0,aigc_detect_bench,Real
corpora/aigc_detect_bench/images/Real/ood_0001455.jpg,0,aigc_detect_bench,Real
corpora/aigc_detect_bench/images/Real/ood_0001457.jpg,0,aigc_detect_bench,Real
corpora/aigc_detect_bench/images/Real/ood_0001459.jpg,0,aigc_detect_bench,Real
corpora/aigc_detect_bench/images/Real/ood_0001461.jpg,0,aigc_detect_bench,Real
corpora/aigc_detect_bench/images/Real/ood_0001463.jpg,0,aigc_detect_bench,Real
corpora/aigc_detect_bench/images/Real/ood_0001465.jpg,0,aigc_detect_bench,Real
corpora/aigc_detect_bench/images/Real/ood_0001467.jpg,0,aigc_detect_bench,Real
corpora/aigc_detect_bench/images/Real/ood_0001469.jpg,0,aigc_detect_bench,Real
corpora/aigc_detect_bench/images/Real/ood_0001471.jpg,0,aigc_detect_bench,Real
corpora/aigc_detect_bench/images/Real/ood_0001473.jpg,0,aigc_detect_bench,Real
corpora/aigc_detect_bench/images/Real/ood_0001475.jpg,0,aigc_detect_bench,Real
corpora/aigc_detect_bench/images/Real/ood_0001477.jpg,0,aigc_detect_bench,Real
corpora/aigc_detect_bench/images/Real/ood_0001479.jpg,0,aigc_detect_bench,Real
corpora/aigc_detect_bench/images/Real/ood_0001481.jpg,0,aigc_detect_bench,Real
corpora/aigc_detect_bench/images/Real/ood_0001483.jpg,0,aigc_detect_bench,Real
corpora/aigc_detect_bench/images/Real/ood_0001485.jpg,0,aigc_detect_bench,Real
corpora/aigc_detect_bench/images/Real/ood_0001487.jpg,0,aigc_detect_bench,Real
corpora/aigc_detect_bench/images/Real/ood_0001489.jpg,0,aigc_detect_bench,Real
corpora/aigc_detect_bench/images/Real/ood_0001491.jpg,0,aigc_detect_bench,Real
corpora/aigc_detect_bench/images/Real/ood_0001493.jpg,0,aigc_detect_bench,Real
corpora/aigc_detect_bench/images/Real/ood_0001495.jpg,0,aigc_detect_bench,Real
corpora/aigc_detect_bench/images/Real/ood_0001497.jpg,0,aigc_detect_bench,Real
corpora/aigc_detect_bench/images/Real/ood_0001499.jpg,0,aigc_detect_bench,Real
corpora/aigc_detect_bench/images/Real/ood_0001501.jpg,0,aigc_detect_bench,Real
corpora/aigc_detect_bench/images/Real/ood_0001503.jpg,0,aigc_detect_bench,Real
corpora/aigc_detect_bench/images/Real/ood_0001505.jpg,0,aigc_detect_bench,Real
corpora/aigc_detect_bench/images/Real/ood_0001507.jpg,0,aigc_detect_bench,Real
corpora/aigc_detect_bench/images/Real/ood_0001509.jpg,0,aigc_detect_bench,Real
corpora/aigc_detect_bench/images/Real/ood_0001511.jpg,0,aigc_detect_bench,Real
corpora/aigc_detect_bench/images/Real/ood_0001513.jpg,0,aigc_detect_bench,Real
corpora/aigc_detect_bench/images/Real/ood_0001515.jpg,0,aigc_detect_bench,Real
corpora/aigc_detect_bench/images/Real/ood_0001517.jpg,0,aigc_detect_bench,Real
corpora/aigc_detect_bench/images/Real/ood_0001519.jpg,0,aigc_detect_bench,Real
corpora/aigc_detect_bench/images/Real/ood_0001521.jpg,0,aigc_detect_bench,Real
corpora/aigc_detect_bench/images/Real/ood_0001523.jpg,0,aigc_detect_bench,Real
corpora/aigc_detect_bench/images/Real/ood_0001525.jpg,0,aigc_detect_bench,Real
corpora/aigc_detect_bench/images/Real/ood_0001527.jpg,0,aigc_detect_bench,Real
corpora/aigc_detect_bench/images/Real/ood_0001529.jpg,0,aigc_detect_bench,Real
corpora/aigc_detect_bench/images/Real/ood_0001531.jpg,0,aigc_detect_bench,Real
corpora/aigc_detect_bench/images/Real/ood_0001533.jpg,0,aigc_detect_bench,Real
corpora/aigc_detect_bench/images/Real/ood_0001535.jpg,0,aigc_detect_bench,Real
corpora/aigc_detect_bench/images/Real/ood_0001537.jpg,0,aigc_detect_bench,Real
corpora/aigc_detect_bench/images/Real/ood_0001539.jpg,0,aigc_detect_bench,Real
corpora/aigc_detect_bench/images/Real/ood_0001541.jpg,0,aigc_detect_bench,Real
corpora/aigc_detect_bench/images/Real/ood_0001543.jpg,0,aigc_detect_bench,Real
corpora/aigc_detect_bench/images/Real/ood_0001545.jpg,0,aigc_detect_bench,Real
corpora/aigc_detect_bench/images/Real/ood_0001547.jpg,0,aigc_detect_bench,Real
corpora/aigc_detect_bench/images/Real/ood_0001549.jpg,0,aigc_detect_bench,Real
corpora/aigc_detect_bench/images/Real/ood_0001551.jpg,0,aigc_detect_bench,Real
corpora/aigc_detect_bench/images/Real/ood_0001553.jpg,0,aigc_detect_bench,Real
corpora/aigc_detect_bench/images/Real/ood_0001555.jpg,0,aigc_detect_bench,Real
corpora/aigc_detect_bench/images/Real/ood_0001557.jpg,0,aigc_detect_bench,Real
corpora/aigc_detect_bench/images/Real/ood_0001559.jpg,0,aigc_detect_bench,Real
corpora/aigc_detect_bench/images/Real/ood_0001561.jpg,0,aigc_detect_bench,Real
corpora/aigc_detect_bench/images/Real/ood_0001563.jpg,0,aigc_detect_bench,Real
corpora/aigc_detect_bench/images/Real/ood_0001565.jpg,0,aigc_detect_bench,Real
corpora/aigc_detect_bench/images/Real/ood_0001567.jpg,0,aigc_detect_bench,Real
corpora/aigc_detect_bench/images/Real/ood_0001569.jpg,0,aigc_detect_bench,Real
corpora/aigc_detect_bench/images/Real/ood_0001571.jpg,0,aigc_detect_bench,Real
corpora/aigc_detect_bench/images/Real/ood_0001573.jpg,0,aigc_detect_bench,Real
corpora/aigc_detect_bench/images/Real/ood_0001575.jpg,0,aigc_detect_bench,Real
corpora/aigc_detect_bench/images/Real/ood_0001577.jpg,0,aigc_detect_bench,Real
corpora/aigc_detect_bench/images/Real/ood_0001579.jpg,0,aigc_detect_bench,Real
corpora/aigc_detect_bench/images/Real/ood_0001581.jpg,0,aigc_detect_bench,Real
corpora/aigc_detect_bench/images/Real/ood_0001583.jpg,0,aigc_detect_bench,Real
corpora/aigc_detect_bench/images/Real/ood_0001585.jpg,0,aigc_detect_bench,Real
corpora/aigc_detect_bench/images/Real/ood_0001587.jpg,0,aigc_detect_bench,Real
corpora/aigc_detect_bench/images/Real/ood_0001589.jpg,0,aigc_detect_bench,Real
corpora/aigc_detect_bench/images/Real/ood_0001591.jpg,0,aigc_detect_bench,Real
corpora/aigc_detect_bench/images/Real/ood_0001593.jpg,0,aigc_detect_bench,Real
corpora/aigc_detect_bench/images/Real/ood_0001595.jpg,0,aigc_detect_bench,Real
corpora/aigc_detect_bench/images/Real/ood_0001597.jpg,0,aigc_detect_bench,Real
corpora/aigc_detect_bench/images/Real/ood_0001599.jpg,0,aigc_detect_bench,Real
corpora/aigc_detect_bench/images/Real/ood_0001601.jpg,0,aigc_detect_bench,Real
corpora/aigc_detect_bench/images/Real/ood_0001603.jpg,0,aigc_detect_bench,Real
corpora/aigc_detect_bench/images/Real/ood_0001605.jpg,0,aigc_detect_bench,Real
corpora/aigc_detect_bench/images/Real/ood_0001607.jpg,0,aigc_detect_bench,Real
corpora/aigc_detect_bench/images/Real/ood_0001609.jpg,0,aigc_detect_bench,Real
corpora/aigc_detect_bench/images/Real/ood_0001611.jpg,0,aigc_detect_bench,Real
corpora/aigc_detect_bench/images/Real/ood_0001613.jpg,0,aigc_detect_bench,Real
corpora/aigc_detect_bench/images/Real/ood_0001615.jpg,0,aigc_detect_bench,Real
corpora/aigc_detect_bench/images/Real/ood_0001617.jpg,0,aigc_detect_bench,Real
corpora/aigc_detect_bench/images/Real/ood_0001619.jpg,0,aigc_detect_bench,Real
corpora/aigc_detect_bench/images/Real/ood_0001621.jpg,0,aigc_detect_bench,Real
corpora/aigc_detect_bench/images/Real/ood_0001623.jpg,0,aigc_detect_bench,Real
corpora/aigc_detect_bench/images/Real/ood_0001625.jpg,0,aigc_detect_bench,Real
corpora/aigc_detect_bench/images/Real/ood_0001627.jpg,0,aigc_detect_bench,Real
corpora/aigc_detect_bench/images/Real/ood_0001629.jpg,0,aigc_detect_bench,Real
corpora/aigc_detect_bench/images/Real/ood_0001631.jpg,0,aigc_detect_bench,Real
corpora/aigc_detect_bench/images/Real/ood_0001633.jpg,0,aigc_detect_bench,Real
corpora/aigc_detect_bench/images/Real/ood_0001635.jpg,0,aigc_detect_bench,Real
corpora/aigc_detect_bench/images/Real/ood_0001637.jpg,0,aigc_detect_bench,Real
corpora/aigc_detect_bench/images/Real/ood_0001639.jpg,0,aigc_detect_bench,Real
corpora/aigc_detect_bench/images/Real/ood_0001641.jpg,0,aigc_detect_bench,Real
corpora/aigc_detect_bench/images/Real/ood_0001643.jpg,0,aigc_detect_bench,Real
corpora/aigc_detect_bench/images/Real/ood_0001645.jpg,0,aigc_detect_bench,Real
corpora/aigc_detect_bench/images/Real/ood_0001647.jpg,0,aigc_detect_bench,Real
corpora/aigc_detect_bench/images/Real/ood_0001649.jpg,0,aigc_detect_bench,Real
corpora/aigc_detect_bench/images/Real/ood_0001651.jpg,0,aigc_detect_bench,Real
corpora/aigc_detect_bench/images/Real/ood_0001653.jpg,0,aigc_detect_bench,Real
corpora/aigc_detect_bench/images/Real/ood_0001655.jpg,0,aigc_detect_bench,Real
corpora/aigc_detect_bench/images/Real/ood_0001657.jpg,0,aigc_detect_bench,Real
corpora/aigc_detect_bench/images/Real/ood_0001659.jpg,0,aigc_detect_bench,Real
corpora/aigc_detect_bench/images/Real/ood_0001661.jpg,0,aigc_detect_bench,Real
corpora/aigc_detect_bench/images/Real/ood_0001663.jpg,0,aigc_detect_bench,Real
corpora/aigc_detect_bench/images/Real/ood_0001665.jpg,0,aigc_detect_bench,Real
corpora/aigc_detect_bench/images/Real/ood_0001667.jpg,0,aigc_detect_bench,Real
corpora/aigc_detect_bench/images/Real/ood_0001669.jpg,0,aigc_detect_bench,Real
corpora/aigc_detect_bench/images/Real/ood_0001671.jpg,0,aigc_detect_bench,Real
corpora/aigc_detect_bench/images/Real/ood_0001673.jpg,0,aigc_detect_bench,Real
corpora/aigc_detect_bench/images/Real/ood_0001675.jpg,0,aigc_detect_bench,Real
corpora/aigc_detect_bench/images/Real/ood_0001677.jpg,0,aigc_detect_bench,Real
corpora/aigc_detect_bench/images/Real/ood_0001679.jpg,0,aigc_detect_bench,Real
corpora/aigc_detect_bench/images/Real/ood_0001681.jpg,0,aigc_detect_bench,Real
corpora/aigc_detect_bench/images/Real/ood_0001683.jpg,0,aigc_detect_bench,Real
corpora/aigc_detect_bench/images/Real/ood_0001685.jpg,0,aigc_detect_bench,Real
corpora/aigc_detect_bench/images/Real/ood_0001687.jpg,0,aigc_detect_bench,Real
corpora/aigc_detect_bench/images/Real/ood_0001689.jpg,0,aigc_detect_bench,Real
corpora/aigc_detect_bench/images/Real/ood_0001691.jpg,0,aigc_detect_bench,Real
corpora/aigc_detect_bench/images/Real/ood_0001693.jpg,0,aigc_detect_bench,Real
corpora/aigc_detect_bench/images/Real/ood_0001695.jpg,0,aigc_detect_bench,Real
corpora/aigc_detect_bench/images/Real/ood_0001697.jpg,0,aigc_detect_bench,Real
corpora/aigc_detect_bench/images/Real/ood_0001699.jpg,0,aigc_detect_bench,Real
corpora/aigc_detect_bench/images/Real/ood_0001701.jpg,0,aigc_detect_bench,Real
corpora/aigc_detect_bench/images/Real/ood_0001703.jpg,0,aigc_detect_bench,Real
corpora/aigc_detect_bench/images/Real/ood_0001705.jpg,0,aigc_detect_bench,Real
corpora/aigc_detect_bench/images/Real/ood_0001707.jpg,0,aigc_detect_bench,Real
corpora/aigc_detect_bench/images/Real/ood_0001709.jpg,0,aigc_detect_bench,Real
corpora/aigc_detect_bench/images/Real/ood_0001711.jpg,0,aigc_detect_bench,Real
corpora/aigc_detect_bench/images/Real/ood_0001713.jpg,0,aigc_detect_bench,Real
corpora/aigc_detect_bench/images/Real/ood_0001715.jpg,0,aigc_detect_bench,Real
corpora/aigc_detect_bench/images/Real/ood_0001717.jpg,0,aigc_detect_bench,Real
corpora/aigc_detect_bench/images/Real/ood_0001719.jpg,0,aigc_detect_bench,Real
corpora/aigc_detect_bench/images/Real/ood_0001721.jpg,0,aigc_detect_bench,Real
corpora/aigc_detect_bench/images/Real/ood_0001723.jpg,0,aigc_detect_bench,Real
corpora/aigc_detect_bench/images/Real/ood_0001725.jpg,0,aigc_detect_bench,Real
corpora/aigc_detect_bench/images/Real/ood_0001727.jpg,0,aigc_detect_bench,Real
corpora/aigc_detect_bench/images/Real/ood_0001729.jpg,0,aigc_detect_bench,Real
corpora/aigc_detect_bench/images/Real/ood_0001731.jpg,0,aigc_detect_bench,Real
corpora/aigc_detect_bench/images/Real/ood_0001733.jpg,0,aigc_detect_bench,Real
corpora/aigc_detect_bench/images/Real/ood_0001735.jpg,0,aigc_detect_bench,Real
corpora/aigc_detect_bench/images/Real/ood_0001737.jpg,0,aigc_detect_bench,Real
corpora/aigc_detect_bench/images/Real/ood_0001739.jpg,0,aigc_detect_bench,Real
corpora/aigc_detect_bench/images/Real/ood_0001741.jpg,0,aigc_detect_bench,Real
corpora/aigc_detect_bench/images/Real/ood_0001743.jpg,0,aigc_detect_bench,Real
corpora/aigc_detect_bench/images/Real/ood_0001745.jpg,0,aigc_detect_bench,Real
corpora/aigc_detect_bench/images/Real/ood_0001747.jpg,0,aigc_detect_bench,Real
corpora/aigc_detect_bench/images/Real/ood_0001749.jpg,0,aigc_detect_bench,Real
corpora/aigc_detect_bench/images/Real/ood_0001751.jpg,0,aigc_detect_bench,Real
corpora/aigc_detect_bench/images/Real/ood_0001753.jpg,0,aigc_detect_bench,Real
corpora/aigc_detect_bench/images/Real/ood_0001755.jpg,0,aigc_detect_bench,Real
corpora/aigc_detect_bench/images/Real/ood_0001757.jpg,0,aigc_detect_bench,Real
corpora/aigc_detect_bench/images/Real/ood_0001759.jpg,0,aigc_detect_bench,Real
corpora/aigc_detect_bench/images/Real/ood_0001761.jpg,0,aigc_detect_bench,Real
corpora/aigc_detect_bench/images/Real/ood_0001763.jpg,0,aigc_detect_bench,Real
corpora/aigc_detect_bench/images/Real/ood_0001765.jpg,0,aigc_detect_bench,Real
corpora/aigc_detect_bench/images/Real/ood_0001767.jpg,0,aigc_detect_bench,Real
corpora/aigc_detect_bench/images/Real/ood_0001769.jpg,0,aigc_detect_bench,Real
corpora/aigc_detect_bench/images/Real/ood_0001771.jpg,0,aigc_detect_bench,Real
corpora/aigc_detect_bench/images/Real/ood_0001773.jpg,0,aigc_detect_bench,Real
corpora/aigc_detect_bench/images/Real/ood_0001775.jpg,0,aigc_detect_bench,Real
corpora/aigc_detect_bench/images/Real/ood_0001777.jpg,0,aigc_detect_bench,Real
corpora/aigc_detect_bench/images/Real/ood_0001779.jpg,0,aigc_detect_bench,Real
corpora/aigc_detect_bench/images/Real/ood_0001781.jpg,0,aigc_detect_bench,Real
corpora/aigc_detect_bench/images/Real/ood_0001783.jpg,0,aigc_detect_bench,Real
corpora/aigc_detect_bench/images/Real/ood_0001785.jpg,0,aigc_detect_bench,Real
corpora/aigc_detect_bench/images/Real/ood_0001787.jpg,0,aigc_detect_bench,Real
corpora/aigc_detect_bench/images/Real/ood_0001789.jpg,0,aigc_detect_bench,Real
corpora/aigc_detect_bench/images/Real/ood_0001791.jpg,0,aigc_detect_bench,Real
corpora/aigc_detect_bench/images/Real/ood_0001793.jpg,0,aigc_detect_bench,Real
corpora/aigc_detect_bench/images/Real/ood_0001795.jpg,0,aigc_detect_bench,Real
corpora/aigc_detect_bench/images/Real/ood_0001797.jpg,0,aigc_detect_bench,Real
corpora/aigc_detect_bench/images/Real/ood_0001799.jpg,0,aigc_detect_bench,Real
corpora/aigc_detect_bench/images/Real/ood_0001801.jpg,0,aigc_detect_bench,Real
corpora/aigc_detect_bench/images/Real/ood_0001803.jpg,0,aigc_detect_bench,Real
corpora/aigc_detect_bench/images/Real/ood_0001805.jpg,0,aigc_detect_bench,Real
corpora/aigc_detect_bench/images/Real/ood_0001807.jpg,0,aigc_detect_bench,Real
corpora/aigc_detect_bench/images/Real/ood_0001809.jpg,0,aigc_detect_bench,Real
corpora/aigc_detect_bench/images/Real/ood_0001811.jpg,0,aigc_detect_bench,Real
corpora/aigc_detect_bench/images/Real/ood_0001813.jpg,0,aigc_detect_bench,Real
corpora/aigc_detect_bench/images/Real/ood_0001815.jpg,0,aigc_detect_bench,Real
corpora/aigc_detect_bench/images/Real/ood_0001817.jpg,0,aigc_detect_bench,Real
corpora/aigc_detect_bench/images/Real/ood_0001819.jpg,0,aigc_detect_bench,Real
corpora/aigc_detect_bench/images/Real/ood_0001821.jpg,0,aigc_detect_bench,Real
corpora/aigc_detect_bench/images/Real/ood_0001823.jpg,0,aigc_detect_bench,Real
corpora/aigc_detect_bench/images/Real/ood_0001825.jpg,0,aigc_detect_bench,Real
corpora/aigc_detect_bench/images/Real/ood_0001827.jpg,0,aigc_detect_bench,Real
corpora/aigc_detect_bench/images/Real/ood_0001829.jpg,0,aigc_detect_bench,Real
corpora/aigc_detect_bench/images/Real/ood_0001831.jpg,0,aigc_detect_bench,Real
corpora/aigc_detect_bench/images/Real/ood_0001833.jpg,0,aigc_detect_bench,Real
corpora/aigc_detect_bench/images/Real/ood_0001835.jpg,0,aigc_detect_bench,Real
corpora/aigc_detect_bench/images/Real/ood_0001837.jpg,0,aigc_detect_bench,Real
corpora/aigc_detect_bench/images/Real/ood_0001839.jpg,0,aigc_detect_bench,Real
corpora/aigc_detect_bench/images/Real/ood_0001841.jpg,0,aigc_detect_bench,Real
corpora/aigc_detect_bench/images/Real/ood_0001843.jpg,0,aigc_detect_bench,Real
corpora/aigc_detect_bench/images/Real/ood_0001845.jpg,0,aigc_detect_bench,Real
corpora/aigc_detect_bench/images/Real/ood_0001847.jpg,0,aigc_detect_bench,Real
corpora/aigc_detect_bench/images/Real/ood_0001849.jpg,0,aigc_detect_bench,Real
corpora/aigc_detect_bench/images/Real/ood_0001851.jpg,0,aigc_detect_bench,Real
corpora/aigc_detect_bench/images/Real/ood_0001853.jpg,0,aigc_detect_bench,Real
corpora/aigc_detect_bench/images/Real/ood_0001855.jpg,0,aigc_detect_bench,Real
corpora/aigc_detect_bench/images/Real/ood_0001857.jpg,0,aigc_detect_bench,Real
corpora/aigc_detect_bench/images/Real/ood_0001859.jpg,0,aigc_detect_bench,Real
corpora/aigc_detect_bench/images/Real/ood_0001861.jpg,0,aigc_detect_bench,Real
corpora/aigc_detect_bench/images/Real/ood_0001863.jpg,0,aigc_detect_bench,Real
corpora/aigc_detect_bench/images/Real/ood_0001865.jpg,0,aigc_detect_bench,Real
corpora/aigc_detect_bench/images/Real/ood_0001867.jpg,0,aigc_detect_bench,Real
corpora/aigc_detect_bench/images/Real/ood_0001869.jpg,0,aigc_detect_bench,Real
corpora/aigc_detect_bench/images/Real/ood_0001871.jpg,0,aigc_detect_bench,Real
corpora/aigc_detect_bench/images/Real/ood_0001873.jpg,0,aigc_detect_bench,Real
corpora/aigc_detect_bench/images/Real/ood_0001875.jpg,0,aigc_detect_bench,Real
corpora/aigc_detect_bench/images/Real/ood_0001877.jpg,0,aigc_detect_bench,Real
corpora/aigc_detect_bench/images/Real/ood_0001879.jpg,0,aigc_detect_bench,Real
corpora/aigc_detect_bench/images/Real/ood_0001881.jpg,0,aigc_detect_bench,Real
corpora/aigc_detect_bench/images/Real/ood_0001883.jpg,0,aigc_detect_bench,Real
corpora/aigc_detect_bench/images/Real/ood_0001885.jpg,0,aigc_detect_bench,Real
corpora/aigc_detect_bench/images/Real/ood_0001887.jpg,0,aigc_detect_bench,Real
corpora/aigc_detect_bench/images/Real/ood_0001889.jpg,0,aigc_detect_bench,Real
corpora/aigc_detect_bench/images/Real/ood_0001891.jpg,0,aigc_detect_bench,Real
corpora/aigc_detect_bench/images/Real/ood_0001893.jpg,0,aigc_detect_bench,Real
corpora/aigc_detect_bench/images/Real/ood_0001895.jpg,0,aigc_detect_bench,Real
corpora/aigc_detect_bench/images/Real/ood_0001897.jpg,0,aigc_detect_bench,Real
corpora/aigc_detect_bench/images/Real/ood_0001899.jpg,0,aigc_detect_bench,Real
corpora/aigc_detect_bench/images/Real/ood_0001901.jpg,0,aigc_detect_bench,Real
corpora/aigc_detect_bench/images/Real/ood_0001903.jpg,0,aigc_detect_bench,Real
corpora/aigc_detect_bench/images/Real/ood_0001905.jpg,0,aigc_detect_bench,Real
corpora/aigc_detect_bench/images/Real/ood_0001907.jpg,0,aigc_detect_bench,Real
corpora/aigc_detect_bench/images/Real/ood_0001909.jpg,0,aigc_detect_bench,Real
corpora/aigc_detect_bench/images/Real/ood_0001911.jpg,0,aigc_detect_bench,Real
corpora/aigc_detect_bench/images/Real/ood_0001913.jpg,0,aigc_detect_bench,Real
corpora/aigc_detect_bench/images/Real/ood_0001915.jpg,0,aigc_detect_bench,Real
corpora/aigc_detect_bench/images/Real/ood_0001917.jpg,0,aigc_detect_bench,Real
corpora/aigc_detect_bench/images/Real/ood_0001919.jpg,0,aigc_detect_bench,Real
corpora/aigc_detect_bench/images/Real/ood_0001921.jpg,0,aigc_detect_bench,Real
corpora/aigc_detect_bench/images/Real/ood_0001923.jpg,0,aigc_detect_bench,Real
corpora/aigc_detect_bench/images/Real/ood_0001925.jpg,0,aigc_detect_bench,Real
corpora/aigc_detect_bench/images/Real/ood_0001927.jpg,0,aigc_detect_bench,Real
corpora/aigc_detect_bench/images/Real/ood_0001929.jpg,0,aigc_detect_bench,Real
corpora/aigc_detect_bench/images/Real/ood_0001931.jpg,0,aigc_detect_bench,Real
corpora/aigc_detect_bench/images/Real/ood_0001933.jpg,0,aigc_detect_bench,Real
corpora/aigc_detect_bench/images/Real/ood_0001935.jpg,0,aigc_detect_bench,Real
corpora/aigc_detect_bench/images/Real/ood_0001937.jpg,0,aigc_detect_bench,Real
corpora/aigc_detect_bench/images/Real/ood_0001939.jpg,0,aigc_detect_bench,Real
corpora/aigc_detect_bench/images/Real/ood_0001941.jpg,0,aigc_detect_bench,Real
corpora/aigc_detect_bench/images/Real/ood_0001943.jpg,0,aigc_detect_bench,Real
corpora/aigc_detect_bench/images/Real/ood_0001945.jpg,0,aigc_detect_bench,Real
corpora/aigc_detect_bench/images/Real/ood_0001947.jpg,0,aigc_detect_bench,Real
corpora/aigc_detect_bench/images/Real/ood_0001949.jpg,0,aigc_detect_bench,Real
corpora/aigc_detect_bench/images/Real/ood_0001951.jpg,0,aigc_detect_bench,Real
corpora/aigc_detect_bench/images/Real/ood_0001953.jpg,0,aigc_detect_bench,Real
corpora/aigc_detect_bench/images/Real/ood_0001955.jpg,0,aigc_detect_bench,Real
corpora/aigc_detect_bench/images/Real/ood_0001957.jpg,0,aigc_detect_bench,Real
corpora/aigc_detect_bench/images/Real/ood_0001959.jpg,0,aigc_detect_bench,Real
corpora/aigc_detect_bench/images/Real/ood_0001961.jpg,0,aigc_detect_bench,Real
corpora/aigc_detect_bench/images/Real/ood_0001963.jpg,0,aigc_detect_bench,Real
corpora/aigc_detect_bench/images/Real/ood_0001965.jpg,0,aigc_detect_bench,Real
corpora/aigc_detect_bench/images/Real/ood_0001967.jpg,0,aigc_detect_bench,Real
corpora/aigc_detect_bench/images/Real/ood_0001969.jpg,0,aigc_detect_bench,Real
corpora/aigc_detect_bench/images/Real/ood_0001971.jpg,0,aigc_detect_bench,Real
corpora/aigc_detect_bench/images/Real/ood_0001973.jpg,0,aigc_detect_bench,Real
corpora/aigc_detect_bench/images/Real/ood_0001975.jpg,0,aigc_detect_bench,Real
corpora/aigc_detect_bench/images/Real/ood_0001977.jpg,0,aigc_detect_bench,Real
corpora/aigc_detect_bench/images/Real/ood_0001979.jpg,0,aigc_detect_bench,Real
corpora/aigc_detect_bench/images/Real/ood_0001981.jpg,0,aigc_detect_bench,Real
corpora/aigc_detect_bench/images/Real/ood_0001983.jpg,0,aigc_detect_bench,Real
corpora/aigc_detect_bench/images/Real/ood_0001985.jpg,0,aigc_detect_bench,Real
corpora/aigc_detect_bench/images/Real/ood_0001987.jpg,0,aigc_detect_bench,Real
corpora/aigc_detect_bench/images/Real/ood_0001989.jpg,0,aigc_detect_bench,Real
corpora/aigc_detect_bench/images/Real/ood_0001991.jpg,0,aigc_detect_bench,Real
corpora/aigc_detect_bench/images/Real/ood_0001993.jpg,0,aigc_detect_bench,Real
corpora/aigc_detect_bench/images/Real/ood_0001995.jpg,0,aigc_detect_bench,Real
corpora/aigc_detect_bench/images/Real/ood_0001997.jpg,0,aigc_detect_bench,Real
corpora/aigc_detect_bench/images/Real/ood_0001999.jpg,0,aigc_detect_bench,Real
corpora/aigc_detect_bench/images/Real/ood_0002001.jpg,0,aigc_detect_bench,Real
corpora/aigc_detect_bench/images/Real/ood_0002003.jpg,0,aigc_detect_bench,Real
corpora/aigc_detect_bench/images/Real/ood_0002005.jpg,0,aigc_detect_bench,Real
corpora/aigc_detect_bench/images/Real/ood_0002007.jpg,0,aigc_detect_bench,Real
corpora/aigc_detect_bench/images/Real/ood_0002009.jpg,0,aigc_detect_bench,Real
corpora/aigc_detect_bench/images/Real/ood_0002011.jpg,0,aigc_detect_bench,Real
corpora/aigc_detect_bench/images/Real/ood_0002013.jpg,0,aigc_detect_bench,Real
corpora/aigc_detect_bench/images/Real/ood_0002015.jpg,0,aigc_detect_bench,Real
corpora/aigc_detect_bench/images/Real/ood_0002017.jpg,0,aigc_detect_bench,Real
corpora/aigc_detect_bench/images/Real/ood_0002019.jpg,0,aigc_detect_bench,Real
corpora/aigc_detect_bench/images/Real/ood_0002021.jpg,0,aigc_detect_bench,Real
corpora/aigc_detect_bench/images/Real/ood_0002023.jpg,0,aigc_detect_bench,Real
corpora/aigc_detect_bench/images/Real/ood_0002025.jpg,0,aigc_detect_bench,Real
corpora/aigc_detect_bench/images/Real/ood_0002027.jpg,0,aigc_detect_bench,Real
corpora/aigc_detect_bench/images/Real/ood_0002029.jpg,0,aigc_detect_bench,Real
corpora/aigc_detect_bench/images/Real/ood_0002031.jpg,0,aigc_detect_bench,Real
corpora/aigc_detect_bench/images/Real/ood_0002033.jpg,0,aigc_detect_bench,Real
corpora/aigc_detect_bench/images/Real/ood_0002035.jpg,0,aigc_detect_bench,Real
corpora/aigc_detect_bench/images/Real/ood_0002037.jpg,0,aigc_detect_bench,Real
corpora/aigc_detect_bench/images/Real/ood_0002039.jpg,0,aigc_detect_bench,Real
corpora/aigc_detect_bench/images/Real/ood_0002041.jpg,0,aigc_detect_bench,Real
corpora/aigc_detect_bench/images/Real/ood_0002043.jpg,0,aigc_detect_bench,Real
corpora/aigc_detect_bench/images/Real/ood_0002045.jpg,0,aigc_detect_bench,Real
corpora/aigc_detect_bench/images/Real/ood_0002047.jpg,0,aigc_detect_bench,Real
corpora/aigc_detect_bench/images/Real/ood_0002049.jpg,0,aigc_detect_bench,Real
corpora/aigc_detect_bench/images/Real/ood_0002051.jpg,0,aigc_detect_bench,Real
corpora/aigc_detect_bench/images/Real/ood_0002053.jpg,0,aigc_detect_bench,Real
corpora/aigc_detect_bench/images/Real/ood_0002055.jpg,0,aigc_detect_bench,Real
corpora/aigc_detect_bench/images/Real/ood_0002057.jpg,0,aigc_detect_bench,Real
corpora/aigc_detect_bench/images/Real/ood_0002059.jpg,0,aigc_detect_bench,Real
corpora/aigc_detect_bench/images/Real/ood_0002061.jpg,0,aigc_detect_bench,Real
corpora/aigc_detect_bench/images/Real/ood_0002063.jpg,0,aigc_detect_bench,Real
corpora/aigc_detect_bench/images/Real/ood_0002065.jpg,0,aigc_detect_bench,Real
corpora/aigc_detect_bench/images/Real/ood_0002067.jpg,0,aigc_detect_bench,Real
corpora/aigc_detect_bench/images/Real/ood_0002069.jpg,0,aigc_detect_bench,Real
corpora/aigc_detect_bench/images/Real/ood_0002071.jpg,0,aigc_detect_bench,Real
corpora/aigc_detect_bench/images/Real/ood_0002073.jpg,0,aigc_detect_bench,Real
corpora/aigc_detect_bench/images/Real/ood_0002075.jpg,0,aigc_detect_bench,Real
corpora/aigc_detect_bench/images/Real/ood_0002077.jpg,0,aigc_detect_bench,Real
corpora/aigc_detect_bench/images/Real/ood_0002079.jpg,0,aigc_detect_bench,Real
corpora/aigc_detect_bench/images/Real/ood_0002081.jpg,0,aigc_detect_bench,Real
corpora/aigc_detect_bench/images/Real/ood_0002083.jpg,0,aigc_detect_bench,Real
corpora/aigc_detect_bench/images/Real/ood_0002085.jpg,0,aigc_detect_bench,Real
corpora/aigc_detect_bench/images/Real/ood_0002087.jpg,0,aigc_detect_bench,Real
corpora/aigc_detect_bench/images/Real/ood_0002089.jpg,0,aigc_detect_bench,Real
corpora/aigc_detect_bench/images/Real/ood_0002091.jpg,0,aigc_detect_bench,Real
corpora/aigc_detect_bench/images/Real/ood_0002093.jpg,0,aigc_detect_bench,Real
corpora/aigc_detect_bench/images/Real/ood_0002095.jpg,0,aigc_detect_bench,Real
corpora/aigc_detect_bench/images/Real/ood_0002097.jpg,0,aigc_detect_bench,Real
corpora/aigc_detect_bench/images/Real/ood_0002099.jpg,0,aigc_detect_bench,Real
corpora/aigc_detect_bench/images/Real/ood_0002101.jpg,0,aigc_detect_bench,Real
corpora/aigc_detect_bench/images/Real/ood_0002103.jpg,0,aigc_detect_bench,Real
corpora/aigc_detect_bench/images/Real/ood_0002105.jpg,0,aigc_detect_bench,Real
corpora/aigc_detect_bench/images/Real/ood_0002107.jpg,0,aigc_detect_bench,Real
corpora/aigc_detect_bench/images/Real/ood_0002109.jpg,0,aigc_detect_bench,Real
corpora/aigc_detect_bench/images/Real/ood_0002111.jpg,0,aigc_detect_bench,Real
corpora/aigc_detect_bench/images/Real/ood_0002113.jpg,0,aigc_detect_bench,Real
corpora/aigc_detect_bench/images/Real/ood_0002115.jpg,0,aigc_detect_bench,Real
corpora/aigc_detect_bench/images/Real/ood_0002117.jpg,0,aigc_detect_bench,Real
corpora/aigc_detect_bench/images/Real/ood_0002119.jpg,0,aigc_detect_bench,Real
corpora/aigc_detect_bench/images/Real/ood_0002121.jpg,0,aigc_detect_bench,Real
corpora/aigc_detect_bench/images/Real/ood_0002123.jpg,0,aigc_detect_bench,Real
corpora/aigc_detect_bench/images/Real/ood_0002125.jpg,0,aigc_detect_bench,Real
corpora/aigc_detect_bench/images/Real/ood_0002127.jpg,0,aigc_detect_bench,Real
corpora/aigc_detect_bench/images/Real/ood_0002129.jpg,0,aigc_detect_bench,Real
corpora/aigc_detect_bench/images/Real/ood_0002131.jpg,0,aigc_detect_bench,Real
corpora/aigc_detect_bench/images/Real/ood_0002133.jpg,0,aigc_detect_bench,Real
corpora/aigc_detect_bench/images/Real/ood_0002135.jpg,0,aigc_detect_bench,Real
corpora/aigc_detect_bench/images/Real/ood_0002137.jpg,0,aigc_detect_bench,Real
corpora/aigc_detect_bench/images/Real/ood_0002139.jpg,0,aigc_detect_bench,Real
corpora/aigc_detect_bench/images/Real/ood_0002141.jpg,0,aigc_detect_bench,Real
corpora/aigc_detect_bench/images/Real/ood_0002143.jpg,0,aigc_detect_bench,Real
corpora/aigc_detect_bench/images/Real/ood_0002145.jpg,0,aigc_detect_bench,Real
corpora/aigc_detect_bench/images/Real/ood_0002147.jpg,0,aigc_detect_bench,Real
corpora/aigc_detect_bench/images/Real/ood_0002149.jpg,0,aigc_detect_bench,Real
corpora/aigc_detect_bench/images/Real/ood_0002151.jpg,0,aigc_detect_bench,Real
corpora/aigc_detect_bench/images/Real/ood_0002153.jpg,0,aigc_detect_bench,Real
corpora/aigc_detect_bench/images/Real/ood_0002155.jpg,0,aigc_detect_bench,Real
corpora/aigc_detect_bench/images/Real/ood_0002157.jpg,0,aigc_detect_bench,Real
corpora/aigc_detect_bench/images/Real/ood_0002159.jpg,0,aigc_detect_bench,Real
corpora/aigc_detect_bench/images/Real/ood_0002161.jpg,0,aigc_detect_bench,Real
corpora/aigc_detect_bench/images/Real/ood_0002163.jpg,0,aigc_detect_bench,Real
corpora/aigc_detect_bench/images/Real/ood_0002165.jpg,0,aigc_detect_bench,Real
corpora/aigc_detect_bench/images/Real/ood_0002167.jpg,0,aigc_detect_bench,Real
corpora/aigc_detect_bench/images/Real/ood_0002169.jpg,0,aigc_detect_bench,Real
corpora/aigc_detect_bench/images/Real/ood_0002171.jpg,0,aigc_detect_bench,Real
corpora/aigc_detect_bench/images/Real/ood_0002173.jpg,0,aigc_detect_bench,Real
corpora/aigc_detect_bench/images/Real/ood_0002175.jpg,0,aigc_detect_bench,Real
corpora/aigc_detect_bench/images/Real/ood_0002177.jpg,0,aigc_detect_bench,Real
corpora/aigc_detect_bench/images/Real/ood_0002179.jpg,0,aigc_detect_bench,Real
corpora/aigc_detect_bench/images/Real/ood_0002181.jpg,0,aigc_detect_bench,Real
corpora/aigc_detect_bench/images/Real/ood_0002183.jpg,0,aigc_detect_bench,Real
corpora/aigc_detect_bench/images/Real/ood_0002185.jpg,0,aigc_detect_bench,Real
corpora/aigc_detect_bench/images/Real/ood_0002187.jpg,0,aigc_detect_bench,Real
corpora/aigc_detect_bench/images/Real/ood_0002189.jpg,0,aigc_detect_bench,Real
corpora/aigc_detect_bench/images/Real/ood_0002191.jpg,0,aigc_detect_bench,Real
corpora/aigc_detect_bench/images/Real/ood_0002193.jpg,0,aigc_detect_bench,Real
corpora/aigc_detect_bench/images/Real/ood_0002195.jpg,0,aigc_detect_bench,Real
corpora/aigc_detect_bench/images/Real/ood_0002197.jpg,0,aigc_detect_bench,Real
corpora/aigc_detect_bench/images/Real/ood_0002199.jpg,0,aigc_detect_bench,Real
corpora/aigc_detect_bench/images/Real/ood_0002201.jpg,0,aigc_detect_bench,Real
corpora/aigc_detect_bench/images/Real/ood_0002203.jpg,0,aigc_detect_bench,Real
corpora/aigc_detect_bench/images/Real/ood_0002205.jpg,0,aigc_detect_bench,Real
corpora/aigc_detect_bench/images/Real/ood_0002207.jpg,0,aigc_detect_bench,Real
corpora/aigc_detect_bench/images/Real/ood_0002209.jpg,0,aigc_detect_bench,Real
corpora/aigc_detect_bench/images/Real/ood_0002211.jpg,0,aigc_detect_bench,Real
corpora/aigc_detect_bench/images/Real/ood_0002213.jpg,0,aigc_detect_bench,Real
corpora/aigc_detect_bench/images/Real/ood_0002215.jpg,0,aigc_detect_bench,Real
corpora/aigc_detect_bench/images/Real/ood_0002217.jpg,0,aigc_detect_bench,Real
corpora/aigc_detect_bench/images/Real/ood_0002219.jpg,0,aigc_detect_bench,Real
corpora/aigc_detect_bench/images/Real/ood_0002221.jpg,0,aigc_detect_bench,Real
corpora/aigc_detect_bench/images/Real/ood_0002223.jpg,0,aigc_detect_bench,Real
corpora/aigc_detect_bench/images/Real/ood_0002225.jpg,0,aigc_detect_bench,Real
corpora/aigc_detect_bench/images/Real/ood_0002227.jpg,0,aigc_detect_bench,Real
corpora/aigc_detect_bench/images/Real/ood_0002229.jpg,0,aigc_detect_bench,Real
corpora/aigc_detect_bench/images/Real/ood_0002231.jpg,0,aigc_detect_bench,Real
corpora/aigc_detect_bench/images/Real/ood_0002233.jpg,0,aigc_detect_bench,Real
corpora/aigc_detect_bench/images/Real/ood_0002235.jpg,0,aigc_detect_bench,Real
corpora/aigc_detect_bench/images/Real/ood_0002237.jpg,0,aigc_detect_bench,Real
corpora/aigc_detect_bench/images/Real/ood_0002239.jpg,0,aigc_detect_bench,Real
corpora/aigc_detect_bench/images/Real/ood_0002241.jpg,0,aigc_detect_bench,Real
corpora/aigc_detect_bench/images/Real/ood_0002243.jpg,0,aigc_detect_bench,Real
corpora/aigc_detect_bench/images/Real/ood_0002245.jpg,0,aigc_detect_bench,Real
corpora/aigc_detect_bench/images/Real/ood_0002247.jpg,0,aigc_detect_bench,Real
corpora/aigc_detect_bench/images/Real/ood_0002249.jpg,0,aigc_detect_bench,Real
corpora/aigc_detect_bench/images/Real/ood_0002251.jpg,0,aigc_detect_bench,Real
corpora/aigc_detect_bench/images/Real/ood_0002253.jpg,0,aigc_detect_bench,Real
corpora/aigc_detect_bench/images/Real/ood_0002255.jpg,0,aigc_detect_bench,Real
corpora/aigc_detect_bench/images/Real/ood_0002257.jpg,0,aigc_detect_bench,Real
corpora/aigc_detect_bench/images/Real/ood_0002259.jpg,0,aigc_detect_bench,Real
corpora/aigc_detect_bench/images/Real/ood_0002261.jpg,0,aigc_detect_bench,Real
corpora/aigc_detect_bench/images/Real/ood_0002263.jpg,0,aigc_detect_bench,Real
corpora/aigc_detect_bench/images/Real/ood_0002265.jpg,0,aigc_detect_bench,Real
corpora/aigc_detect_bench/images/Real/ood_0002267.jpg,0,aigc_detect_bench,Real
corpora/aigc_detect_bench/images/Real/ood_0002269.jpg,0,aigc_detect_bench,Real
corpora/aigc_detect_bench/images/Real/ood_0002271.jpg,0,aigc_detect_bench,Real
corpora/aigc_detect_bench/images/Real/ood_0002273.jpg,0,aigc_detect_bench,Real
corpora/aigc_detect_bench/images/Real/ood_0002275.jpg,0,aigc_detect_bench,Real
corpora/aigc_detect_bench/images/Real/ood_0002277.jpg,0,aigc_detect_bench,Real
corpora/aigc_detect_bench/images/Real/ood_0002279.jpg,0,aigc_detect_bench,Real
corpora/aigc_detect_bench/images/Real/ood_0002281.jpg,0,aigc_detect_bench,Real
corpora/aigc_detect_bench/images/Real/ood_0002283.jpg,0,aigc_detect_bench,Real
corpora/aigc_detect_bench/images/Real/ood_0002285.jpg,0,aigc_detect_bench,Real
corpora/aigc_detect_bench/images/Real/ood_0002287.jpg,0,aigc_detect_bench,Real
corpora/aigc_detect_bench/images/Real/ood_0002289.jpg,0,aigc_detect_bench,Real
corpora/aigc_detect_bench/images/Real/ood_0002291.jpg,0,aigc_detect_bench,Real
corpora/aigc_detect_bench/images/Real/ood_0002293.jpg,0,aigc_detect_bench,Real
corpora/aigc_detect_bench/images/Real/ood_0002295.jpg,0,aigc_detect_bench,Real
corpora/aigc_detect_bench/images/Real/ood_0002297.jpg,0,aigc_detect_bench,Real
corpora/aigc_detect_bench/images/Real/ood_0002299.jpg,0,aigc_detect_bench,Real
corpora/aigc_detect_bench/images/Real/ood_0002301.jpg,0,aigc_detect_bench,Real
corpora/aigc_detect_bench/images/Real/ood_0002303.jpg,0,aigc_detect_bench,Real
corpora/aigc_detect_bench/images/Real/ood_0002305.jpg,0,aigc_detect_bench,Real
corpora/aigc_detect_bench/images/Real/ood_0002307.jpg,0,aigc_detect_bench,Real
corpora/aigc_detect_bench/images/Real/ood_0002309.jpg,0,aigc_detect_bench,Real
corpora/aigc_detect_bench/images/Real/ood_0002311.jpg,0,aigc_detect_bench,Real
corpora/aigc_detect_bench/images/Real/ood_0002313.jpg,0,aigc_detect_bench,Real
corpora/aigc_detect_bench/images/Real/ood_0002315.jpg,0,aigc_detect_bench,Real
corpora/aigc_detect_bench/images/Real/ood_0002317.jpg,0,aigc_detect_bench,Real
corpora/aigc_detect_bench/images/Real/ood_0002319.jpg,0,aigc_detect_bench,Real
corpora/aigc_detect_bench/images/Real/ood_0002321.jpg,0,aigc_detect_bench,Real
corpora/aigc_detect_bench/images/Real/ood_0002323.jpg,0,aigc_detect_bench,Real
corpora/aigc_detect_bench/images/Real/ood_0002325.jpg,0,aigc_detect_bench,Real
corpora/aigc_detect_bench/images/Real/ood_0002327.jpg,0,aigc_detect_bench,Real
corpora/aigc_detect_bench/images/Real/ood_0002329.jpg,0,aigc_detect_bench,Real
corpora/aigc_detect_bench/images/Real/ood_0002331.jpg,0,aigc_detect_bench,Real
corpora/aigc_detect_bench/images/Real/ood_0002333.jpg,0,aigc_detect_bench,Real
corpora/aigc_detect_bench/images/Real/ood_0002335.jpg,0,aigc_detect_bench,Real
corpora/aigc_detect_bench/images/Real/ood_0002337.jpg,0,aigc_detect_bench,Real
corpora/aigc_detect_bench/images/Real/ood_0002339.jpg,0,aigc_detect_bench,Real
corpora/aigc_detect_bench/images/Real/ood_0002341.jpg,0,aigc_detect_bench,Real
corpora/aigc_detect_bench/images/Real/ood_0002343.jpg,0,aigc_detect_bench,Real
corpora/aigc_detect_bench/images/Real/ood_0002345.jpg,0,aigc_detect_bench,Real
corpora/aigc_detect_bench/images/Real/ood_0002347.jpg,0,aigc_detect_bench,Real
corpora/aigc_detect_bench/images/Real/ood_0002349.jpg,0,aigc_detect_bench,Real
corpora/aigc_detect_bench/images/Real/ood_0002351.jpg,0,aigc_detect_bench,Real
corpora/aigc_detect_bench/images/Real/ood_0002353.jpg,0,aigc_detect_bench,Real
corpora/aigc_detect_bench/images/Real/ood_0002355.jpg,0,aigc_detect_bench,Real
corpora/aigc_detect_bench/images/Real/ood_0002357.jpg,0,aigc_detect_bench,Real
corpora/aigc_detect_bench/images/Real/ood_0002359.jpg,0,aigc_detect_bench,Real
corpora/aigc_detect_bench/images/Real/ood_0002361.jpg,0,aigc_detect_bench,Real
corpora/aigc_detect_bench/images/Real/ood_0002363.jpg,0,aigc_detect_bench,Real
corpora/aigc_detect_bench/images/Real/ood_0002365.jpg,0,aigc_detect_bench,Real
corpora/aigc_detect_bench/images/Real/ood_0002367.jpg,0,aigc_detect_bench,Real
corpora/aigc_detect_bench/images/Real/ood_0002369.jpg,0,aigc_detect_bench,Real
corpora/aigc_detect_bench/images/Real/ood_0002371.jpg,0,aigc_detect_bench,Real
corpora/aigc_detect_bench/images/Real/ood_0002373.jpg,0,aigc_detect_bench,Real
corpora/aigc_detect_bench/images/Real/ood_0002375.jpg,0,aigc_detect_bench,Real
corpora/aigc_detect_bench/images/Real/ood_0002377.jpg,0,aigc_detect_bench,Real
corpora/aigc_detect_bench/images/Real/ood_0002379.jpg,0,aigc_detect_bench,Real
corpora/aigc_detect_bench/images/Real/ood_0002381.jpg,0,aigc_detect_bench,Real
corpora/aigc_detect_bench/images/Real/ood_0002383.jpg,0,aigc_detect_bench,Real
corpora/aigc_detect_bench/images/Real/ood_0002385.jpg,0,aigc_detect_bench,Real
corpora/aigc_detect_bench/images/Real/ood_0002387.jpg,0,aigc_detect_bench,Real
corpora/aigc_detect_bench/images/Real/ood_0002389.jpg,0,aigc_detect_bench,Real
corpora/aigc_detect_bench/images/Real/ood_0002391.jpg,0,aigc_detect_bench,Real
corpora/aigc_detect_bench/images/Real/ood_0002393.jpg,0,aigc_detect_bench,Real
corpora/aigc_detect_bench/images/Real/ood_0002395.jpg,0,aigc_detect_bench,Real
corpora/aigc_detect_bench/images/Real/ood_0002397.jpg,0,aigc_detect_bench,Real
corpora/aigc_detect_bench/images/Real/ood_0002399.jpg,0,aigc_detect_bench,Real
corpora/aigc_detect_bench/images/Real/ood_0002401.jpg,0,aigc_detect_bench,Real
corpora/aigc_detect_bench/images/Real/ood_0002403.jpg,0,aigc_detect_bench,Real
corpora/aigc_detect_bench/images/Real/ood_0002405.jpg,0,aigc_detect_bench,Real
corpora/aigc_detect_bench/images/Real/ood_0002407.jpg,0,aigc_detect_bench,Real
corpora/aigc_detect_bench/images/Real/ood_0002409.jpg,0,aigc_detect_bench,Real
corpora/aigc_detect_bench/images/Real/ood_0002411.jpg,0,aigc_detect_bench,Real
corpora/aigc_detect_bench/images/Real/ood_0002413.jpg,0,aigc_detect_bench,Real
corpora/aigc_detect_bench/images/Real/ood_0002415.jpg,0,aigc_detect_bench,Real
corpora/aigc_detect_bench/images/Real/ood_0002417.jpg,0,aigc_detect_bench,Real
corpora/aigc_detect_bench/images/Real/ood_0002419.jpg,0,aigc_detect_bench,Real
corpora/aigc_detect_bench/images/Real/ood_0002421.jpg,0,aigc_detect_bench,Real
corpora/aigc_detect_bench/images/Real/ood_0002423.jpg,0,aigc_detect_bench,Real
corpora/aigc_detect_bench/images/Real/ood_0002425.jpg,0,aigc_detect_bench,Real
corpora/aigc_detect_bench/images/Real/ood_0002427.jpg,0,aigc_detect_bench,Real
corpora/aigc_detect_bench/images/Real/ood_0002429.jpg,0,aigc_detect_bench,Real
corpora/aigc_detect_bench/images/Real/ood_0002431.jpg,0,aigc_detect_bench,Real
corpora/aigc_detect_bench/images/Real/ood_0002433.jpg,0,aigc_detect_bench,Real
corpora/aigc_detect_bench/images/Real/ood_0002435.jpg,0,aigc_detect_bench,Real
corpora/aigc_detect_bench/images/Real/ood_0002437.jpg,0,aigc_detect_bench,Real
corpora/aigc_detect_bench/images/Real/ood_0002439.jpg,0,aigc_detect_bench,Real
corpora/aigc_detect_bench/images/Real/ood_0002441.jpg,0,aigc_detect_bench,Real
corpora/aigc_detect_bench/images/Real/ood_0002443.jpg,0,aigc_detect_bench,Real
corpora/aigc_detect_bench/images/Real/ood_0002445.jpg,0,aigc_detect_bench,Real
corpora/aigc_detect_bench/images/Real/ood_0002447.jpg,0,aigc_detect_bench,Real
corpora/aigc_detect_bench/images/Real/ood_0002449.jpg,0,aigc_detect_bench,Real
corpora/aigc_detect_bench/images/Real/ood_0002451.jpg,0,aigc_detect_bench,Real
corpora/aigc_detect_bench/images/Real/ood_0002453.jpg,0,aigc_detect_bench,Real
corpora/aigc_detect_bench/images/Real/ood_0002455.jpg,0,aigc_detect_bench,Real
corpora/aigc_detect_bench/images/Real/ood_0002457.jpg,0,aigc_detect_bench,Real
corpora/aigc_detect_bench/images/Real/ood_0002459.jpg,0,aigc_detect_bench,Real
corpora/aigc_detect_bench/images/Real/ood_0002461.jpg,0,aigc_detect_bench,Real
corpora/aigc_detect_bench/images/Real/ood_0002463.jpg,0,aigc_detect_bench,Real
corpora/aigc_detect_bench/images/Real/ood_0002465.jpg,0,aigc_detect_bench,Real
corpora/aigc_detect_bench/images/Real/ood_0002467.jpg,0,aigc_detect_bench,Real
corpora/aigc_detect_bench/images/Real/ood_0002469.jpg,0,aigc_detect_bench,Real
corpora/aigc_detect_bench/images/Real/ood_0002471.jpg,0,aigc_detect_bench,Real
corpora/aigc_detect_bench/images/Real/ood_0002473.jpg,0,aigc_detect_bench,Real
corpora/aigc_detect_bench/images/Real/ood_0002475.jpg,0,aigc_detect_bench,Real
corpora/aigc_detect_bench/images/Real/ood_0002477.jpg,0,aigc_detect_bench,Real
corpora/aigc_detect_bench/images/Real/ood_0002479.jpg,0,aigc_detect_bench,Real
corpora/aigc_detect_bench/images/Real/ood_0002481.jpg,0,aigc_detect_bench,Real
corpora/aigc_detect_bench/images/Real/ood_0002483.jpg,0,aigc_detect_bench,Real
corpora/aigc_detect_bench/images/Real/ood_0002485.jpg,0,aigc_detect_bench,Real
corpora/aigc_detect_bench/images/Real/ood_0002487.jpg,0,aigc_detect_bench,Real
corpora/aigc_detect_bench/images/Real/ood_0002489.jpg,0,aigc_detect_bench,Real
corpora/aigc_detect_bench/images/Real/ood_0002491.jpg,0,aigc_detect_bench,Real
corpora/aigc_detect_bench/images/Real/ood_0002493.jpg,0,aigc_detect_bench,Real
corpora/aigc_detect_bench/images/Real/ood_0002495.jpg,0,aigc_detect_bench,Real
corpora/aigc_detect_bench/images/Real/ood_0002497.jpg,0,aigc_detect_bench,Real
corpora/aigc_detect_bench/images/Real/ood_0002499.jpg,0,aigc_detect_bench,Real
corpora/aigc_detect_bench/images/Real/ood_0002501.jpg,0,aigc_detect_bench,Real
corpora/aigc_detect_bench/images/Real/ood_0002503.jpg,0,aigc_detect_bench,Real
corpora/aigc_detect_bench/images/Real/ood_0002505.jpg,0,aigc_detect_bench,Real
corpora/aigc_detect_bench/images/Real/ood_0002507.jpg,0,aigc_detect_bench,Real
corpora/aigc_detect_bench/images/Real/ood_0002509.jpg,0,aigc_detect_bench,Real
corpora/aigc_detect_bench/images/Real/ood_0002511.jpg,0,aigc_detect_bench,Real
corpora/aigc_detect_bench/images/Real/ood_0002513.jpg,0,aigc_detect_bench,Real
corpora/aigc_detect_bench/images/Real/ood_0002515.jpg,0,aigc_detect_bench,Real
corpora/aigc_detect_bench/images/Real/ood_0002517.jpg,0,aigc_detect_bench,Real
corpora/aigc_detect_bench/images/Real/ood_0002519.jpg,0,aigc_detect_bench,Real
corpora/aigc_detect_bench/images/Real/ood_0002521.jpg,0,aigc_detect_bench,Real
corpora/aigc_detect_bench/images/Real/ood_0002523.jpg,0,aigc_detect_bench,Real
corpora/aigc_detect_bench/images/Real/ood_0002525.jpg,0,aigc_detect_bench,Real
corpora/aigc_detect_bench/images/Real/ood_0002527.jpg,0,aigc_detect_bench,Real
corpora/aigc_detect_bench/images/Real/ood_0002529.jpg,0,aigc_detect_bench,Real
corpora/aigc_detect_bench/images/Real/ood_0002531.jpg,0,aigc_detect_bench,Real
corpora/aigc_detect_bench/images/Real/ood_0002533.jpg,0,aigc_detect_bench,Real
corpora/aigc_detect_bench/images/Real/ood_0002535.jpg,0,aigc_detect_bench,Real
corpora/aigc_detect_bench/images/Real/ood_0002537.jpg,0,aigc_detect_bench,Real
corpora/aigc_detect_bench/images/Real/ood_0002539.jpg,0,aigc_detect_bench,Real
corpora/aigc_detect_bench/images/Real/ood_0002541.jpg,0,aigc_detect_bench,Real
corpora/aigc_detect_bench/images/Real/ood_0002543.jpg,0,aigc_detect_bench,Real
corpora/aigc_detect_bench/images/Real/ood_0002545.jpg,0,aigc_detect_bench,Real
corpora/aigc_detect_bench/images/Real/ood_0002547.jpg,0,aigc_detect_bench,Real
corpora/aigc_detect_bench/images/Real/ood_0002549.jpg,0,aigc_detect_bench,Real
corpora/aigc_detect_bench/images/Real/ood_0002551.jpg,0,aigc_detect_bench,Real
corpora/aigc_detect_bench/images/Real/ood_0002553.jpg,0,aigc_detect_bench,Real
corpora/aigc_detect_bench/images/Real/ood_0002555.jpg,0,aigc_detect_bench,Real
corpora/aigc_detect_bench/images/Real/ood_0002557.jpg,0,aigc_detect_bench,Real
corpora/aigc_detect_bench/images/Real/ood_0002559.jpg,0,aigc_detect_bench,Real
corpora/aigc_detect_bench/images/Real/ood_0002561.jpg,0,aigc_detect_bench,Real
corpora/aigc_detect_bench/images/Real/ood_0002563.jpg,0,aigc_detect_bench,Real
corpora/aigc_detect_bench/images/Real/ood_0002565.jpg,0,aigc_detect_bench,Real
corpora/aigc_detect_bench/images/Real/ood_0002567.jpg,0,aigc_detect_bench,Real
corpora/aigc_detect_bench/images/Real/ood_0002569.jpg,0,aigc_detect_bench,Real
corpora/aigc_detect_bench/images/Real/ood_0002571.jpg,0,aigc_detect_bench,Real
corpora/aigc_detect_bench/images/Real/ood_0002573.jpg,0,aigc_detect_bench,Real
corpora/aigc_detect_bench/images/Real/ood_0002575.jpg,0,aigc_detect_bench,Real
corpora/aigc_detect_bench/images/Real/ood_0002577.jpg,0,aigc_detect_bench,Real
corpora/aigc_detect_bench/images/Real/ood_0002579.jpg,0,aigc_detect_bench,Real
corpora/aigc_detect_bench/images/Real/ood_0002581.jpg,0,aigc_detect_bench,Real
corpora/aigc_detect_bench/images/Real/ood_0002583.jpg,0,aigc_detect_bench,Real
corpora/aigc_detect_bench/images/Real/ood_0002585.jpg,0,aigc_detect_bench,Real
corpora/aigc_detect_bench/images/Real/ood_0002587.jpg,0,aigc_detect_bench,Real
corpora/aigc_detect_bench/images/Real/ood_0002589.jpg,0,aigc_detect_bench,Real
corpora/aigc_detect_bench/images/Real/ood_0002591.jpg,0,aigc_detect_bench,Real
corpora/aigc_detect_bench/images/Real/ood_0002593.jpg,0,aigc_detect_bench,Real
corpora/aigc_detect_bench/images/Real/ood_0002595.jpg,0,aigc_detect_bench,Real
corpora/aigc_detect_bench/images/Real/ood_0002597.jpg,0,aigc_detect_bench,Real
corpora/aigc_detect_bench/images/Real/ood_0002599.jpg,0,aigc_detect_bench,Real
corpora/aigc_detect_bench/images/Real/ood_0002601.jpg,0,aigc_detect_bench,Real
corpora/aigc_detect_bench/images/Real/ood_0002603.jpg,0,aigc_detect_bench,Real
corpora/aigc_detect_bench/images/Real/ood_0002605.jpg,0,aigc_detect_bench,Real
corpora/aigc_detect_bench/images/Real/ood_0002607.jpg,0,aigc_detect_bench,Real
corpora/aigc_detect_bench/images/Real/ood_0002609.jpg,0,aigc_detect_bench,Real
corpora/aigc_detect_bench/images/Real/ood_0002611.jpg,0,aigc_detect_bench,Real
corpora/aigc_detect_bench/images/Real/ood_0002613.jpg,0,aigc_detect_bench,Real
corpora/aigc_detect_bench/images/Real/ood_0002615.jpg,0,aigc_detect_bench,Real
corpora/aigc_detect_bench/images/Real/ood_0002617.jpg,0,aigc_detect_bench,Real
corpora/aigc_detect_bench/images/Real/ood_0002619.jpg,0,aigc_detect_bench,Real
corpora/aigc_detect_bench/images/Real/ood_0002621.jpg,0,aigc_detect_bench,Real
corpora/aigc_detect_bench/images/Real/ood_0002623.jpg,0,aigc_detect_bench,Real
corpora/aigc_detect_bench/images/Real/ood_0002625.jpg,0,aigc_detect_bench,Real
corpora/aigc_detect_bench/images/Real/ood_0002627.jpg,0,aigc_detect_bench,Real
corpora/aigc_detect_bench/images/Real/ood_0002629.jpg,0,aigc_detect_bench,Real
corpora/aigc_detect_bench/images/Real/ood_0002631.jpg,0,aigc_detect_bench,Real
corpora/aigc_detect_bench/images/Real/ood_0002633.jpg,0,aigc_detect_bench,Real
corpora/aigc_detect_bench/images/Real/ood_0002635.jpg,0,aigc_detect_bench,Real
corpora/aigc_detect_bench/images/Real/ood_0002637.jpg,0,aigc_detect_bench,Real
corpora/aigc_detect_bench/images/Real/ood_0002639.jpg,0,aigc_detect_bench,Real
corpora/aigc_detect_bench/images/Real/ood_0002641.jpg,0,aigc_detect_bench,Real
corpora/aigc_detect_bench/images/Real/ood_0002643.jpg,0,aigc_detect_bench,Real
corpora/aigc_detect_bench/images/Real/ood_0002645.jpg,0,aigc_detect_bench,Real
corpora/aigc_detect_bench/images/Real/ood_0002647.jpg,0,aigc_detect_bench,Real
corpora/aigc_detect_bench/images/Real/ood_0002649.jpg,0,aigc_detect_bench,Real
corpora/aigc_detect_bench/images/Real/ood_0002651.jpg,0,aigc_detect_bench,Real
corpora/aigc_detect_bench/images/Real/ood_0002653.jpg,0,aigc_detect_bench,Real
corpora/aigc_detect_bench/images/Real/ood_0002655.jpg,0,aigc_detect_bench,Real
corpora/aigc_detect_bench/images/Real/ood_0002657.jpg,0,aigc_detect_bench,Real
corpora/aigc_detect_bench/images/Real/ood_0002659.jpg,0,aigc_detect_bench,Real
corpora/aigc_detect_bench/images/Real/ood_0002661.jpg,0,aigc_detect_bench,Real
corpora/aigc_detect_bench/images/Real/ood_0002663.jpg,0,aigc_detect_bench,Real
corpora/aigc_detect_bench/images/Real/ood_0002665.jpg,0,aigc_detect_bench,Real
corpora/aigc_detect_bench/images/Real/ood_0002667.jpg,0,aigc_detect_bench,Real
corpora/aigc_detect_bench/images/Real/ood_0002669.jpg,0,aigc_detect_bench,Real
corpora/aigc_detect_bench/images/Real/ood_0002671.jpg,0,aigc_detect_bench,Real
corpora/aigc_detect_bench/images/Real/ood_0002673.jpg,0,aigc_detect_bench,Real
corpora/aigc_detect_bench/images/Real/ood_0002675.jpg,0,aigc_detect_bench,Real
corpora/aigc_detect_bench/images/Real/ood_0002677.jpg,0,aigc_detect_bench,Real
corpora/aigc_detect_bench/images/Real/ood_0002679.jpg,0,aigc_detect_bench,Real
corpora/aigc_detect_bench/images/Real/ood_0002681.jpg,0,aigc_detect_bench,Real
corpora/aigc_detect_bench/images/Real/ood_0002683.jpg,0,aigc_detect_bench,Real
corpora/aigc_detect_bench/images/Real/ood_0002685.jpg,0,aigc_detect_bench,Real
corpora/aigc_detect_bench/images/Real/ood_0002687.jpg,0,aigc_detect_bench,Real
corpora/aigc_detect_bench/images/Real/ood_0002689.jpg,0,aigc_detect_bench,Real
corpora/aigc_detect_bench/images/Real/ood_0002691.jpg,0,aigc_detect_bench,Real
corpora/aigc_detect_bench/images/Real/ood_0002693.jpg,0,aigc_detect_bench,Real
corpora/aigc_detect_bench/images/Real/ood_0002695.jpg,0,aigc_detect_bench,Real
corpora/aigc_detect_bench/images/Real/ood_0002697.jpg,0,aigc_detect_bench,Real
corpora/aigc_detect_bench/images/Real/ood_0002699.jpg,0,aigc_detect_bench,Real
corpora/aigc_detect_bench/images/Real/ood_0002701.jpg,0,aigc_detect_bench,Real
corpora/aigc_detect_bench/images/Real/ood_0002703.jpg,0,aigc_detect_bench,Real
corpora/aigc_detect_bench/images/Real/ood_0002705.jpg,0,aigc_detect_bench,Real
corpora/aigc_detect_bench/images/Real/ood_0002707.jpg,0,aigc_detect_bench,Real
corpora/aigc_detect_bench/images/Real/ood_0002709.jpg,0,aigc_detect_bench,Real
corpora/aigc_detect_bench/images/Real/ood_0002711.jpg,0,aigc_detect_bench,Real
corpora/aigc_detect_bench/images/Real/ood_0002713.jpg,0,aigc_detect_bench,Real
corpora/aigc_detect_bench/images/Real/ood_0002715.jpg,0,aigc_detect_bench,Real
corpora/aigc_detect_bench/images/Real/ood_0002717.jpg,0,aigc_detect_bench,Real
corpora/aigc_detect_bench/images/Real/ood_0002719.jpg,0,aigc_detect_bench,Real
corpora/aigc_detect_bench/images/Real/ood_0002721.jpg,0,aigc_detect_bench,Real
corpora/aigc_detect_bench/images/Real/ood_0002723.jpg,0,aigc_detect_bench,Real
corpora/aigc_detect_bench/images/Real/ood_0002725.jpg,0,aigc_detect_bench,Real
corpora/aigc_detect_bench/images/Real/ood_0002727.jpg,0,aigc_detect_bench,Real
corpora/aigc_detect_bench/images/Real/ood_0002729.jpg,0,aigc_detect_bench,Real
corpora/aigc_detect_bench/images/Real/ood_0002731.jpg,0,aigc_detect_bench,Real
corpora/aigc_detect_bench/images/Real/ood_0002733.jpg,0,aigc_detect_bench,Real
corpora/aigc_detect_bench/images/Real/ood_0002735.jpg,0,aigc_detect_bench,Real
corpora/aigc_detect_bench/images/Real/ood_0002737.jpg,0,aigc_detect_bench,Real
corpora/aigc_detect_bench/images/Real/ood_0002739.jpg,0,aigc_detect_bench,Real
corpora/aigc_detect_bench/images/Real/ood_0002741.jpg,0,aigc_detect_bench,Real
corpora/aigc_detect_bench/images/Real/ood_0002743.jpg,0,aigc_detect_bench,Real
corpora/aigc_detect_bench/images/Real/ood_0002745.jpg,0,aigc_detect_bench,Real
corpora/aigc_detect_bench/images/Real/ood_0002747.jpg,0,aigc_detect_bench,Real
corpora/aigc_detect_bench/images/Real/ood_0002749.jpg,0,aigc_detect_bench,Real
corpora/aigc_detect_bench/images/Real/ood_0002751.jpg,0,aigc_detect_bench,Real
corpora/aigc_detect_bench/images/Real/ood_0002753.jpg,0,aigc_detect_bench,Real
corpora/aigc_detect_bench/images/Real/ood_0002755.jpg,0,aigc_detect_bench,Real
corpora/aigc_detect_bench/images/Real/ood_0002757.jpg,0,aigc_detect_bench,Real
corpora/aigc_detect_bench/images/Real/ood_0002759.jpg,0,aigc_detect_bench,Real
corpora/aigc_detect_bench/images/Real/ood_0002761.jpg,0,aigc_detect_bench,Real
corpora/aigc_detect_bench/images/Real/ood_0002763.jpg,0,aigc_detect_bench,Real
corpora/aigc_detect_bench/images/Real/ood_0002765.jpg,0,aigc_detect_bench,Real
corpora/aigc_detect_bench/images/Real/ood_0002767.jpg,0,aigc_detect_bench,Real
corpora/aigc_detect_bench/images/Real/ood_0002769.jpg,0,aigc_detect_bench,Real
corpora/aigc_detect_bench/images/Real/ood_0002771.jpg,0,aigc_detect_bench,Real
corpora/aigc_detect_bench/images/Real/ood_0002773.jpg,0,aigc_detect_bench,Real
corpora/aigc_detect_bench/images/Real/ood_0002775.jpg,0,aigc_detect_bench,Real
corpora/aigc_detect_bench/images/Real/ood_0002777.jpg,0,aigc_detect_bench,Real
corpora/aigc_detect_bench/images/Real/ood_0002779.jpg,0,aigc_detect_bench,Real
corpora/aigc_detect_bench/images/Real/ood_0002781.jpg,0,aigc_detect_bench,Real
corpora/aigc_detect_bench/images/Real/ood_0002783.jpg,0,aigc_detect_bench,Real
corpora/aigc_detect_bench/images/Real/ood_0002785.jpg,0,aigc_detect_bench,Real
corpora/aigc_detect_bench/images/Real/ood_0002787.jpg,0,aigc_detect_bench,Real
corpora/aigc_detect_bench/images/Real/ood_0002789.jpg,0,aigc_detect_bench,Real
corpora/aigc_detect_bench/images/Real/ood_0002791.jpg,0,aigc_detect_bench,Real
corpora/aigc_detect_bench/images/Real/ood_0002793.jpg,0,aigc_detect_bench,Real
corpora/aigc_detect_bench/images/Real/ood_0002795.jpg,0,aigc_detect_bench,Real
corpora/aigc_detect_bench/images/Real/ood_0002797.jpg,0,aigc_detect_bench,Real
corpora/aigc_detect_bench/images/Real/ood_0002799.jpg,0,aigc_detect_bench,Real
corpora/aigc_detect_bench/images/Real/ood_0002801.jpg,0,aigc_detect_bench,Real
corpora/aigc_detect_bench/images/Real/ood_0002803.jpg,0,aigc_detect_bench,Real
corpora/aigc_detect_bench/images/Real/ood_0002805.jpg,0,aigc_detect_bench,Real
corpora/aigc_detect_bench/images/Real/ood_0002807.jpg,0,aigc_detect_bench,Real
corpora/aigc_detect_bench/images/Real/ood_0002809.jpg,0,aigc_detect_bench,Real
corpora/aigc_detect_bench/images/Real/ood_0002811.jpg,0,aigc_detect_bench,Real
corpora/aigc_detect_bench/images/Real/ood_0002813.jpg,0,aigc_detect_bench,Real
corpora/aigc_detect_bench/images/Real/ood_0002815.jpg,0,aigc_detect_bench,Real
corpora/aigc_detect_bench/images/Real/ood_0002817.jpg,0,aigc_detect_bench,Real
corpora/aigc_detect_bench/images/Real/ood_0002819.jpg,0,aigc_detect_bench,Real
corpora/aigc_detect_bench/images/Real/ood_0002821.jpg,0,aigc_detect_bench,Real
corpora/aigc_detect_bench/images/Real/ood_0002823.jpg,0,aigc_detect_bench,Real
corpora/aigc_detect_bench/images/Real/ood_0002825.jpg,0,aigc_detect_bench,Real
corpora/aigc_detect_bench/images/Real/ood_0002827.jpg,0,aigc_detect_bench,Real
corpora/aigc_detect_bench/images/Real/ood_0002829.jpg,0,aigc_detect_bench,Real
corpora/aigc_detect_bench/images/Real/ood_0002831.jpg,0,aigc_detect_bench,Real
corpora/aigc_detect_bench/images/Real/ood_0002833.jpg,0,aigc_detect_bench,Real
corpora/aigc_detect_bench/images/Real/ood_0002835.jpg,0,aigc_detect_bench,Real
corpora/aigc_detect_bench/images/Real/ood_0002837.jpg,0,aigc_detect_bench,Real
corpora/aigc_detect_bench/images/Real/ood_0002839.jpg,0,aigc_detect_bench,Real
corpora/aigc_detect_bench/images/Real/ood_0002841.jpg,0,aigc_detect_bench,Real
corpora/aigc_detect_bench/images/Real/ood_0002843.jpg,0,aigc_detect_bench,Real
corpora/aigc_detect_bench/images/Real/ood_0002845.jpg,0,aigc_detect_bench,Real
corpora/aigc_detect_bench/images/Real/ood_0002847.jpg,0,aigc_detect_bench,Real
corpora/aigc_detect_bench/images/Real/ood_0002849.jpg,0,aigc_detect_bench,Real
corpora/aigc_detect_bench/images/Real/ood_0002851.jpg,0,aigc_detect_bench,Real
corpora/aigc_detect_bench/images/Real/ood_0002853.jpg,0,aigc_detect_bench,Real
corpora/aigc_detect_bench/images/Real/ood_0002855.jpg,0,aigc_detect_bench,Real
corpora/aigc_detect_bench/images/Real/ood_0002857.jpg,0,aigc_detect_bench,Real
corpora/aigc_detect_bench/images/Real/ood_0002859.jpg,0,aigc_detect_bench,Real
corpora/aigc_detect_bench/images/Real/ood_0002861.jpg,0,aigc_detect_bench,Real
corpora/aigc_detect_bench/images/Real/ood_0002863.jpg,0,aigc_detect_bench,Real
corpora/aigc_detect_bench/images/Real/ood_0002865.jpg,0,aigc_detect_bench,Real
corpora/aigc_detect_bench/images/Real/ood_0002867.jpg,0,aigc_detect_bench,Real
corpora/aigc_detect_bench/images/Real/ood_0002869.jpg,0,aigc_detect_bench,Real
corpora/aigc_detect_bench/images/Real/ood_0002871.jpg,0,aigc_detect_bench,Real
corpora/aigc_detect_bench/images/Real/ood_0002873.jpg,0,aigc_detect_bench,Real
corpora/aigc_detect_bench/images/Real/ood_0002875.jpg,0,aigc_detect_bench,Real
corpora/aigc_detect_bench/images/Real/ood_0002877.jpg,0,aigc_detect_bench,Real
corpora/aigc_detect_bench/images/Real/ood_0002879.jpg,0,aigc_detect_bench,Real
corpora/aigc_detect_bench/images/Real/ood_0002881.jpg,0,aigc_detect_bench,Real
corpora/aigc_detect_bench/images/Real/ood_0002883.jpg,0,aigc_detect_bench,Real
corpora/aigc_detect_bench/images/Real/ood_0002885.jpg,0,aigc_detect_bench,Real
corpora/aigc_detect_bench/images/Real/ood_0002887.jpg,0,aigc_detect_bench,Real
corpora/aigc_detect_bench/images/Real/ood_0002889.jpg,0,aigc_detect_bench,Real
corpora/aigc_detect_bench/images/Real/ood_0002891.jpg,0,aigc_detect_bench,Real
corpora/aigc_detect_bench/images/Real/ood_0002893.jpg,0,aigc_detect_bench,Real
corpora/aigc_detect_bench/images/Real/ood_0002895.jpg,0,aigc_detect_bench,Real
corpora/aigc_detect_bench/images/Real/ood_0002897.jpg,0,aigc_detect_bench,Real
corpora/aigc_detect_bench/images/Real/ood_0002899.jpg,0,aigc_detect_bench,Real
corpora/aigc_detect_bench/images/Real/ood_0002901.jpg,0,aigc_detect_bench,Real
corpora/aigc_detect_bench/images/Real/ood_0002903.jpg,0,aigc_detect_bench,Real
corpora/aigc_detect_bench/images/Real/ood_0002905.jpg,0,aigc_detect_bench,Real
corpora/aigc_detect_bench/images/Real/ood_0002907.jpg,0,aigc_detect_bench,Real
corpora/aigc_detect_bench/images/Real/ood_0002909.jpg,0,aigc_detect_bench,Real
corpora/aigc_detect_bench/images/Real/ood_0002911.jpg,0,aigc_detect_bench,Real
corpora/aigc_detect_bench/images/Real/ood_0002913.jpg,0,aigc_detect_bench,Real
corpora/aigc_detect_bench/images/Real/ood_0002915.jpg,0,aigc_detect_bench,Real
corpora/aigc_detect_bench/images/Real/ood_0002917.jpg,0,aigc_detect_bench,Real
corpora/aigc_detect_bench/images/Real/ood_0002919.jpg,0,aigc_detect_bench,Real
corpora/aigc_detect_bench/images/Real/ood_0002921.jpg,0,aigc_detect_bench,Real
corpora/aigc_detect_bench/images/Real/ood_0002923.jpg,0,aigc_detect_bench,Real
corpora/aigc_detect_bench/images/Real/ood_0002925.jpg,0,aigc_detect_bench,Real
corpora/aigc_detect_bench/images/Real/ood_0002927.jpg,0,aigc_detect_bench,Real
corpora/aigc_detect_bench/images/Real/ood_0002929.jpg,0,aigc_detect_bench,Real
corpora/aigc_detect_bench/images/Real/ood_0002931.jpg,0,aigc_detect_bench,Real
corpora/aigc_detect_bench/images/Real/ood_0002933.jpg,0,aigc_detect_bench,Real
corpora/aigc_detect_bench/images/Real/ood_0002935.jpg,0,aigc_detect_bench,Real
corpora/aigc_detect_bench/images/Real/ood_0002937.jpg,0,aigc_detect_bench,Real
corpora/aigc_detect_bench/images/Real/ood_0002939.jpg,0,aigc_detect_bench,Real
corpora/aigc_detect_bench/images/Real/ood_0002941.jpg,0,aigc_detect_bench,Real
corpora/aigc_detect_bench/images/Real/ood_0002943.jpg,0,aigc_detect_bench,Real
corpora/aigc_detect_bench/images/Real/ood_0002945.jpg,0,aigc_detect_bench,Real
corpora/aigc_detect_bench/images/Real/ood_0002947.jpg,0,aigc_detect_bench,Real
corpora/aigc_detect_bench/images/Real/ood_0002949.jpg,0,aigc_detect_bench,Real
corpora/aigc_detect_bench/images/Real/ood_0002951.jpg,0,aigc_detect_bench,Real
corpora/aigc_detect_bench/images/Real/ood_0002953.jpg,0,aigc_detect_bench,Real
corpora/aigc_detect_bench/images/Real/ood_0002955.jpg,0,aigc_detect_bench,Real
corpora/aigc_detect_bench/images/Real/ood_0002957.jpg,0,aigc_detect_bench,Real
corpora/aigc_detect_bench/images/Real/ood_0002959.jpg,0,aigc_detect_bench,Real
corpora/aigc_detect_bench/images/Real/ood_0002961.jpg,0,aigc_detect_bench,Real
corpora/aigc_detect_bench/images/Real/ood_0002963.jpg,0,aigc_detect_bench,Real
corpora/aigc_detect_bench/images/Real/ood_0002965.jpg,0,aigc_detect_bench,Real
corpora/aigc_detect_bench/images/Real/ood_0002967.jpg,0,aigc_detect_bench,Real
corpora/aigc_detect_bench/images/Real/ood_0002969.jpg,0,aigc_detect_bench,Real
corpora/aigc_detect_bench/images/Real/ood_0002971.jpg,0,aigc_detect_bench,Real
corpora/aigc_detect_bench/images/Real/ood_0002973.jpg,0,aigc_detect_bench,Real
corpora/aigc_detect_bench/images/Real/ood_0002975.jpg,0,aigc_detect_bench,Real
corpora/aigc_detect_bench/images/Real/ood_0002977.jpg,0,aigc_detect_bench,Real
corpora/aigc_detect_bench/images/Real/ood_0002979.jpg,0,aigc_detect_bench,Real
corpora/aigc_detect_bench/images/Real/ood_0002981.jpg,0,aigc_detect_bench,Real
corpora/aigc_detect_bench/images/Real/ood_0002983.jpg,0,aigc_detect_bench,Real
corpora/aigc_detect_bench/images/Real/ood_0002985.jpg,0,aigc_detect_bench,Real
corpora/aigc_detect_bench/images/Real/ood_0002987.jpg,0,aigc_detect_bench,Real
corpora/aigc_detect_bench/images/Real/ood_0002989.jpg,0,aigc_detect_bench,Real
corpora/aigc_detect_bench/images/Real/ood_0002991.jpg,0,aigc_detect_bench,Real
corpora/aigc_detect_bench/images/Real/ood_0002993.jpg,0,aigc_detect_bench,Real
corpora/aigc_detect_bench/images/Real/ood_0002995.jpg,0,aigc_detect_bench,Real
corpora/aigc_detect_bench/images/Real/ood_0002997.jpg,0,aigc_detect_bench,Real
corpora/aigc_detect_bench/images/Real/ood_0002999.jpg,0,aigc_detect_bench,Real
corpora/aigc_detect_bench/images/Real/ood_0003001.jpg,0,aigc_detect_bench,Real
corpora/aigc_detect_bench/images/Real/ood_0003003.jpg,0,aigc_detect_bench,Real
corpora/aigc_detect_bench/images/Real/ood_0003005.jpg,0,aigc_detect_bench,Real
corpora/aigc_detect_bench/images/Real/ood_0003007.jpg,0,aigc_detect_bench,Real
corpora/aigc_detect_bench/images/Real/ood_0003009.jpg,0,aigc_detect_bench,Real
corpora/aigc_detect_bench/images/Real/ood_0003011.jpg,0,aigc_detect_bench,Real
corpora/aigc_detect_bench/images/Real/ood_0003013.jpg,0,aigc_detect_bench,Real
corpora/aigc_detect_bench/images/Real/ood_0003015.jpg,0,aigc_detect_bench,Real
corpora/aigc_detect_bench/images/Real/ood_0003017.jpg,0,aigc_detect_bench,Real
corpora/aigc_detect_bench/images/Real/ood_0003019.jpg,0,aigc_detect_bench,Real
corpora/aigc_detect_bench/images/Real/ood_0003021.jpg,0,aigc_detect_bench,Real
corpora/aigc_detect_bench/images/Real/ood_0003023.jpg,0,aigc_detect_bench,Real
corpora/aigc_detect_bench/images/Real/ood_0003025.jpg,0,aigc_detect_bench,Real
corpora/aigc_detect_bench/images/Real/ood_0003027.jpg,0,aigc_detect_bench,Real
corpora/aigc_detect_bench/images/Real/ood_0003029.jpg,0,aigc_detect_bench,Real
corpora/aigc_detect_bench/images/Real/ood_0003031.jpg,0,aigc_detect_bench,Real
corpora/aigc_detect_bench/images/Real/ood_0003033.jpg,0,aigc_detect_bench,Real
corpora/aigc_detect_bench/images/Real/ood_0003035.jpg,0,aigc_detect_bench,Real
corpora/aigc_detect_bench/images/Real/ood_0003037.jpg,0,aigc_detect_bench,Real
corpora/aigc_detect_bench/images/Real/ood_0003039.jpg,0,aigc_detect_bench,Real
corpora/aigc_detect_bench/images/Real/ood_0003041.jpg,0,aigc_detect_bench,Real
corpora/aigc_detect_bench/images/Real/ood_0003043.jpg,0,aigc_detect_bench,Real
corpora/aigc_detect_bench/images/Real/ood_0003045.jpg,0,aigc_detect_bench,Real
corpora/aigc_detect_bench/images/Real/ood_0003047.jpg,0,aigc_detect_bench,Real
corpora/aigc_detect_bench/images/Real/ood_0003049.jpg,0,aigc_detect_bench,Real
corpora/aigc_detect_bench/images/Real/ood_0003051.jpg,0,aigc_detect_bench,Real
corpora/aigc_detect_bench/images/Real/ood_0003053.jpg,0,aigc_detect_bench,Real
corpora/aigc_detect_bench/images/Real/ood_0003055.jpg,0,aigc_detect_bench,Real
corpora/aigc_detect_bench/images/Real/ood_0003057.jpg,0,aigc_detect_bench,Real
corpora/aigc_detect_bench/images/Real/ood_0003059.jpg,0,aigc_detect_bench,Real
corpora/aigc_detect_bench/images/Real/ood_0003061.jpg,0,aigc_detect_bench,Real
corpora/aigc_detect_bench/images/Real/ood_0003063.jpg,0,aigc_detect_bench,Real
corpora/aigc_detect_bench/images/Real/ood_0003065.jpg,0,aigc_detect_bench,Real
corpora/aigc_detect_bench/images/Real/ood_0003067.jpg,0,aigc_detect_bench,Real
corpora/aigc_detect_bench/images/Real/ood_0003069.jpg,0,aigc_detect_bench,Real
corpora/aigc_detect_bench/images/Real/ood_0003071.jpg,0,aigc_detect_bench,Real
corpora/aigc_detect_bench/images/Real/ood_0003073.jpg,0,aigc_detect_bench,Real
corpora/aigc_detect_bench/images/Real/ood_0003075.jpg,0,aigc_detect_bench,Real
corpora/aigc_detect_bench/images/Real/ood_0003077.jpg,0,aigc_detect_bench,Real
corpora/aigc_detect_bench/images/Real/ood_0003079.jpg,0,aigc_detect_bench,Real
corpora/aigc_detect_bench/images/Real/ood_0003081.jpg,0,aigc_detect_bench,Real
corpora/aigc_detect_bench/images/Real/ood_0003083.jpg,0,aigc_detect_bench,Real
corpora/aigc_detect_bench/images/Real/ood_0003085.jpg,0,aigc_detect_bench,Real
corpora/aigc_detect_bench/images/Real/ood_0003087.jpg,0,aigc_detect_bench,Real
corpora/aigc_detect_bench/images/Real/ood_0003089.jpg,0,aigc_detect_bench,Real
corpora/aigc_detect_bench/images/Real/ood_0003091.jpg,0,aigc_detect_bench,Real
corpora/aigc_detect_bench/images/Real/ood_0003093.jpg,0,aigc_detect_bench,Real
corpora/aigc_detect_bench/images/Real/ood_0003095.jpg,0,aigc_detect_bench,Real
corpora/aigc_detect_bench/images/Real/ood_0003097.jpg,0,aigc_detect_bench,Real
corpora/aigc_detect_bench/images/Real/ood_0003099.jpg,0,aigc_detect_bench,Real
corpora/aigc_detect_bench/images/Real/ood_0003101.jpg,0,aigc_detect_bench,Real
corpora/aigc_detect_bench/images/Real/ood_0003103.jpg,0,aigc_detect_bench,Real
corpora/aigc_detect_bench/images/Real/ood_0003105.jpg,0,aigc_detect_bench,Real
corpora/aigc_detect_bench/images/Real/ood_0003107.jpg,0,aigc_detect_bench,Real
corpora/aigc_detect_bench/images/Real/ood_0003109.jpg,0,aigc_detect_bench,Real
corpora/aigc_detect_bench/images/Real/ood_0003111.jpg,0,aigc_detect_bench,Real
corpora/aigc_detect_bench/images/Real/ood_0003113.jpg,0,aigc_detect_bench,Real
corpora/aigc_detect_bench/images/Real/ood_0003115.jpg,0,aigc_detect_bench,Real
corpora/aigc_detect_bench/images/Real/ood_0003117.jpg,0,aigc_detect_bench,Real
corpora/aigc_detect_bench/images/Real/ood_0003119.jpg,0,aigc_detect_bench,Real
corpora/aigc_detect_bench/images/Real/ood_0003121.jpg,0,aigc_detect_bench,Real
corpora/aigc_detect_bench/images/Real/ood_0003123.jpg,0,aigc_detect_bench,Real
corpora/aigc_detect_bench/images/Real/ood_0003125.jpg,0,aigc_detect_bench,Real
corpora/aigc_detect_bench/images/Real/ood_0003127.jpg,0,aigc_detect_bench,Real
corpora/aigc_detect_bench/images/Real/ood_0003129.jpg,0,aigc_detect_bench,Real
corpora/aigc_detect_bench/images/Real/ood_0003131.jpg,0,aigc_detect_bench,Real
corpora/aigc_detect_bench/images/Real/ood_0003133.jpg,0,aigc_detect_bench,Real
corpora/aigc_detect_bench/images/Real/ood_0003135.jpg,0,aigc_detect_bench,Real
corpora/aigc_detect_bench/images/Real/ood_0003137.jpg,0,aigc_detect_bench,Real
corpora/aigc_detect_bench/images/Real/ood_0003139.jpg,0,aigc_detect_bench,Real
corpora/aigc_detect_bench/images/Real/ood_0003141.jpg,0,aigc_detect_bench,Real
corpora/aigc_detect_bench/images/Real/ood_0003143.jpg,0,aigc_detect_bench,Real
corpora/aigc_detect_bench/images/Real/ood_0003145.jpg,0,aigc_detect_bench,Real
corpora/aigc_detect_bench/images/Real/ood_0003147.jpg,0,aigc_detect_bench,Real
corpora/aigc_detect_bench/images/Real/ood_0003149.jpg,0,aigc_detect_bench,Real
corpora/aigc_detect_bench/images/Real/ood_0003151.jpg,0,aigc_detect_bench,Real
corpora/aigc_detect_bench/images/Real/ood_0003153.jpg,0,aigc_detect_bench,Real
corpora/aigc_detect_bench/images/Real/ood_0003155.jpg,0,aigc_detect_bench,Real
corpora/aigc_detect_bench/images/Real/ood_0003157.jpg,0,aigc_detect_bench,Real
corpora/aigc_detect_bench/images/Real/ood_0003159.jpg,0,aigc_detect_bench,Real
corpora/aigc_detect_bench/images/Real/ood_0003161.jpg,0,aigc_detect_bench,Real
corpora/aigc_detect_bench/images/Real/ood_0003163.jpg,0,aigc_detect_bench,Real
corpora/aigc_detect_bench/images/Real/ood_0003165.jpg,0,aigc_detect_bench,Real
corpora/aigc_detect_bench/images/Real/ood_0003167.jpg,0,aigc_detect_bench,Real
corpora/aigc_detect_bench/images/Real/ood_0003169.jpg,0,aigc_detect_bench,Real
corpora/aigc_detect_bench/images/Real/ood_0003171.jpg,0,aigc_detect_bench,Real
corpora/aigc_detect_bench/images/Real/ood_0003173.jpg,0,aigc_detect_bench,Real
corpora/aigc_detect_bench/images/Real/ood_0003175.jpg,0,aigc_detect_bench,Real
corpora/aigc_detect_bench/images/Real/ood_0003177.jpg,0,aigc_detect_bench,Real
corpora/aigc_detect_bench/images/Real/ood_0003179.jpg,0,aigc_detect_bench,Real
corpora/aigc_detect_bench/images/Real/ood_0003181.jpg,0,aigc_detect_bench,Real
corpora/aigc_detect_bench/images/Real/ood_0003183.jpg,0,aigc_detect_bench,Real
corpora/aigc_detect_bench/images/Real/ood_0003185.jpg,0,aigc_detect_bench,Real
corpora/aigc_detect_bench/images/Real/ood_0003187.jpg,0,aigc_detect_bench,Real
corpora/aigc_detect_bench/images/Real/ood_0003189.jpg,0,aigc_detect_bench,Real
corpora/aigc_detect_bench/images/Real/ood_0003191.jpg,0,aigc_detect_bench,Real
corpora/aigc_detect_bench/images/Real/ood_0003193.jpg,0,aigc_detect_bench,Real
corpora/aigc_detect_bench/images/Real/ood_0003195.jpg,0,aigc_detect_bench,Real
corpora/aigc_detect_bench/images/Real/ood_0003197.jpg,0,aigc_detect_bench,Real
corpora/aigc_detect_bench/images/Real/ood_0003199.jpg,0,aigc_detect_bench,Real
corpora/aigc_detect_bench/images/Real/ood_0003201.jpg,0,aigc_detect_bench,Real
corpora/aigc_detect_bench/images/Real/ood_0003203.jpg,0,aigc_detect_bench,Real
corpora/aigc_detect_bench/images/Real/ood_0003205.jpg,0,aigc_detect_bench,Real
corpora/aigc_detect_bench/images/Real/ood_0003207.jpg,0,aigc_detect_bench,Real
corpora/aigc_detect_bench/images/Real/ood_0003209.jpg,0,aigc_detect_bench,Real
corpora/aigc_detect_bench/images/Real/ood_0003211.jpg,0,aigc_detect_bench,Real
corpora/aigc_detect_bench/images/Real/ood_0003213.jpg,0,aigc_detect_bench,Real
corpora/aigc_detect_bench/images/Real/ood_0003215.jpg,0,aigc_detect_bench,Real
corpora/aigc_detect_bench/images/Real/ood_0003217.jpg,0,aigc_detect_bench,Real
corpora/aigc_detect_bench/images/Real/ood_0003219.jpg,0,aigc_detect_bench,Real
corpora/aigc_detect_bench/images/Real/ood_0003221.jpg,0,aigc_detect_bench,Real
corpora/aigc_detect_bench/images/Real/ood_0003223.jpg,0,aigc_detect_bench,Real
corpora/aigc_detect_bench/images/Real/ood_0003225.jpg,0,aigc_detect_bench,Real
corpora/aigc_detect_bench/images/Real/ood_0003227.jpg,0,aigc_detect_bench,Real
corpora/aigc_detect_bench/images/Real/ood_0003229.jpg,0,aigc_detect_bench,Real
corpora/aigc_detect_bench/images/Real/ood_0003231.jpg,0,aigc_detect_bench,Real
corpora/aigc_detect_bench/images/Real/ood_0003233.jpg,0,aigc_detect_bench,Real
corpora/aigc_detect_bench/images/Real/ood_0003235.jpg,0,aigc_detect_bench,Real
corpora/aigc_detect_bench/images/Real/ood_0003237.jpg,0,aigc_detect_bench,Real
corpora/aigc_detect_bench/images/Real/ood_0003239.jpg,0,aigc_detect_bench,Real
corpora/aigc_detect_bench/images/Real/ood_0003241.jpg,0,aigc_detect_bench,Real
corpora/aigc_detect_bench/images/Real/ood_0003243.jpg,0,aigc_detect_bench,Real
corpora/aigc_detect_bench/images/Real/ood_0003245.jpg,0,aigc_detect_bench,Real
corpora/aigc_detect_bench/images/Real/ood_0003247.jpg,0,aigc_detect_bench,Real
corpora/aigc_detect_bench/images/Real/ood_0003249.jpg,0,aigc_detect_bench,Real
corpora/aigc_detect_bench/images/Real/ood_0003251.jpg,0,aigc_detect_bench,Real
corpora/aigc_detect_bench/images/Real/ood_0003253.jpg,0,aigc_detect_bench,Real
corpora/aigc_detect_bench/images/Real/ood_0003255.jpg,0,aigc_detect_bench,Real
corpora/aigc_detect_bench/images/Real/ood_0003257.jpg,0,aigc_detect_bench,Real
corpora/aigc_detect_bench/images/Real/ood_0003259.jpg,0,aigc_detect_bench,Real
corpora/aigc_detect_bench/images/Real/ood_0003261.jpg,0,aigc_detect_bench,Real
corpora/aigc_detect_bench/images/Real/ood_0003263.jpg,0,aigc_detect_bench,Real
corpora/aigc_detect_bench/images/Real/ood_0003265.jpg,0,aigc_detect_bench,Real
corpora/aigc_detect_bench/images/Real/ood_0003267.jpg,0,aigc_detect_bench,Real
corpora/aigc_detect_bench/images/Real/ood_0003269.jpg,0,aigc_detect_bench,Real
corpora/aigc_detect_bench/images/Real/ood_0003271.jpg,0,aigc_detect_bench,Real
corpora/aigc_detect_bench/images/Real/ood_0003273.jpg,0,aigc_detect_bench,Real
corpora/aigc_detect_bench/images/Real/ood_0003275.jpg,0,aigc_detect_bench,Real
corpora/aigc_detect_bench/images/Real/ood_0003277.jpg,0,aigc_detect_bench,Real
corpora/aigc_detect_bench/images/Real/ood_0003279.jpg,0,aigc_detect_bench,Real
corpora/aigc_detect_bench/images/Real/ood_0003281.jpg,0,aigc_detect_bench,Real
corpora/aigc_detect_bench/images/Real/ood_0003283.jpg,0,aigc_detect_bench,Real
corpora/aigc_detect_bench/images/Real/ood_0003285.jpg,0,aigc_detect_bench,Real
corpora/aigc_detect_bench/images/Real/ood_0003287.jpg,0,aigc_detect_bench,Real
corpora/aigc_detect_bench/images/Real/ood_0003289.jpg,0,aigc_detect_bench,Real
corpora/aigc_detect_bench/images/Real/ood_0003291.jpg,0,aigc_detect_bench,Real
corpora/aigc_detect_bench/images/Real/ood_0003293.jpg,0,aigc_detect_bench,Real
corpora/aigc_detect_bench/images/Real/ood_0003295.jpg,0,aigc_detect_bench,Real
corpora/aigc_detect_bench/images/Real/ood_0003297.jpg,0,aigc_detect_bench,Real
corpora/aigc_detect_bench/images/Real/ood_0003299.jpg,0,aigc_detect_bench,Real
corpora/aigc_detect_bench/images/Real/ood_0003301.jpg,0,aigc_detect_bench,Real
corpora/aigc_detect_bench/images/Real/ood_0003303.jpg,0,aigc_detect_bench,Real
corpora/aigc_detect_bench/images/Real/ood_0003305.jpg,0,aigc_detect_bench,Real
corpora/aigc_detect_bench/images/Real/ood_0003307.jpg,0,aigc_detect_bench,Real
corpora/aigc_detect_bench/images/Real/ood_0003309.jpg,0,aigc_detect_bench,Real
corpora/aigc_detect_bench/images/Real/ood_0003311.jpg,0,aigc_detect_bench,Real
corpora/aigc_detect_bench/images/Real/ood_0003313.jpg,0,aigc_detect_bench,Real
corpora/aigc_detect_bench/images/Real/ood_0003315.jpg,0,aigc_detect_bench,Real
corpora/aigc_detect_bench/images/Real/ood_0003317.jpg,0,aigc_detect_bench,Real
corpora/aigc_detect_bench/images/Real/ood_0003319.jpg,0,aigc_detect_bench,Real
corpora/aigc_detect_bench/images/Real/ood_0003321.jpg,0,aigc_detect_bench,Real
corpora/aigc_detect_bench/images/Real/ood_0003323.jpg,0,aigc_detect_bench,Real
corpora/aigc_detect_bench/images/Real/ood_0003325.jpg,0,aigc_detect_bench,Real
corpora/aigc_detect_bench/images/Real/ood_0003327.jpg,0,aigc_detect_bench,Real
corpora/aigc_detect_bench/images/Real/ood_0003329.jpg,0,aigc_detect_bench,Real
corpora/aigc_detect_bench/images/Real/ood_0003331.jpg,0,aigc_detect_bench,Real
corpora/aigc_detect_bench/images/Real/ood_0003333.jpg,0,aigc_detect_bench,Real
corpora/aigc_detect_bench/images/Real/ood_0003335.jpg,0,aigc_detect_bench,Real
corpora/aigc_detect_bench/images/Real/ood_0003337.jpg,0,aigc_detect_bench,Real
corpora/aigc_detect_bench/images/Real/ood_0003339.jpg,0,aigc_detect_bench,Real
corpora/aigc_detect_bench/images/Real/ood_0003341.jpg,0,aigc_detect_bench,Real
corpora/aigc_detect_bench/images/Real/ood_0003343.jpg,0,aigc_detect_bench,Real
corpora/aigc_detect_bench/images/Real/ood_0003345.jpg,0,aigc_detect_bench,Real
corpora/aigc_detect_bench/images/Real/ood_0003347.jpg,0,aigc_detect_bench,Real
corpora/aigc_detect_bench/images/Real/ood_0003349.jpg,0,aigc_detect_bench,Real
corpora/aigc_detect_bench/images/Real/ood_0003351.jpg,0,aigc_detect_bench,Real
corpora/aigc_detect_bench/images/Real/ood_0003353.jpg,0,aigc_detect_bench,Real
corpora/aigc_detect_bench/images/Real/ood_0003355.jpg,0,aigc_detect_bench,Real
corpora/aigc_detect_bench/images/Real/ood_0003357.jpg,0,aigc_detect_bench,Real
corpora/aigc_detect_bench/images/Real/ood_0003359.jpg,0,aigc_detect_bench,Real
corpora/aigc_detect_bench/images/Real/ood_0003361.jpg,0,aigc_detect_bench,Real
corpora/aigc_detect_bench/images/Real/ood_0003363.jpg,0,aigc_detect_bench,Real
corpora/aigc_detect_bench/images/Real/ood_0003365.jpg,0,aigc_detect_bench,Real
corpora/aigc_detect_bench/images/Real/ood_0003367.jpg,0,aigc_detect_bench,Real
corpora/aigc_detect_bench/images/Real/ood_0003369.jpg,0,aigc_detect_bench,Real
corpora/aigc_detect_bench/images/Real/ood_0003371.jpg,0,aigc_detect_bench,Real
corpora/aigc_detect_bench/images/Real/ood_0003373.jpg,0,aigc_detect_bench,Real
corpora/aigc_detect_bench/images/Real/ood_0003375.jpg,0,aigc_detect_bench,Real
corpora/aigc_detect_bench/images/Real/ood_0003377.jpg,0,aigc_detect_bench,Real
corpora/aigc_detect_bench/images/Real/ood_0003379.jpg,0,aigc_detect_bench,Real
corpora/aigc_detect_bench/images/Real/ood_0003381.jpg,0,aigc_detect_bench,Real
corpora/aigc_detect_bench/images/Real/ood_0003383.jpg,0,aigc_detect_bench,Real
corpora/aigc_detect_bench/images/Real/ood_0003385.jpg,0,aigc_detect_bench,Real
corpora/aigc_detect_bench/images/Real/ood_0003387.jpg,0,aigc_detect_bench,Real
corpora/aigc_detect_bench/images/Real/ood_0003389.jpg,0,aigc_detect_bench,Real
corpora/aigc_detect_bench/images/Real/ood_0003391.jpg,0,aigc_detect_bench,Real
corpora/aigc_detect_bench/images/Real/ood_0003393.jpg,0,aigc_detect_bench,Real
corpora/aigc_detect_bench/images/Real/ood_0003395.jpg,0,aigc_detect_bench,Real
corpora/aigc_detect_bench/images/Real/ood_0003397.jpg,0,aigc_detect_bench,Real
corpora/aigc_detect_bench/images/Real/ood_0003399.jpg,0,aigc_detect_bench,Real
corpora/aigc_detect_bench/images/Real/ood_0003401.jpg,0,aigc_detect_bench,Real
corpora/aigc_detect_bench/images/Real/ood_0003403.jpg,0,aigc_detect_bench,Real
corpora/aigc_detect_bench/images/Real/ood_0003405.jpg,0,aigc_detect_bench,Real
corpora/aigc_detect_bench/images/Real/ood_0003407.jpg,0,aigc_detect_bench,Real
corpora/aigc_detect_bench/images/Real/ood_0003409.jpg,0,aigc_detect_bench,Real
corpora/aigc_detect_bench/images/Real/ood_0003411.jpg,0,aigc_detect_bench,Real
corpora/aigc_detect_bench/images/Real/ood_0003413.jpg,0,aigc_detect_bench,Real
corpora/aigc_detect_bench/images/Real/ood_0003415.jpg,0,aigc_detect_bench,Real
corpora/aigc_detect_bench/images/Real/ood_0003417.jpg,0,aigc_detect_bench,Real
corpora/aigc_detect_bench/images/Real/ood_0003419.jpg,0,aigc_detect_bench,Real
corpora/aigc_detect_bench/images/Real/ood_0003421.jpg,0,aigc_detect_bench,Real
corpora/aigc_detect_bench/images/Real/ood_0003423.jpg,0,aigc_detect_bench,Real
corpora/aigc_detect_bench/images/Real/ood_0003425.jpg,0,aigc_detect_bench,Real
corpora/aigc_detect_bench/images/Real/ood_0003427.jpg,0,aigc_detect_bench,Real
corpora/aigc_detect_bench/images/Real/ood_0003429.jpg,0,aigc_detect_bench,Real
corpora/aigc_detect_bench/images/Real/ood_0003431.jpg,0,aigc_detect_bench,Real
corpora/aigc_detect_bench/images/Real/ood_0003433.jpg,0,aigc_detect_bench,Real
corpora/aigc_detect_bench/images/Real/ood_0003435.jpg,0,aigc_detect_bench,Real
corpora/aigc_detect_bench/images/Real/ood_0003437.jpg,0,aigc_detect_bench,Real
corpora/aigc_detect_bench/images/Real/ood_0003439.jpg,0,aigc_detect_bench,Real
corpora/aigc_detect_bench/images/Real/ood_0003441.jpg,0,aigc_detect_bench,Real
corpora/aigc_detect_bench/images/Real/ood_0003443.jpg,0,aigc_detect_bench,Real
corpora/aigc_detect_bench/images/Real/ood_0003445.jpg,0,aigc_detect_bench,Real
corpora/aigc_detect_bench/images/Real/ood_0003447.jpg,0,aigc_detect_bench,Real
corpora/aigc_detect_bench/images/Real/ood_0003449.jpg,0,aigc_detect_bench,Real
corpora/aigc_detect_bench/images/Real/ood_0003451.jpg,0,aigc_detect_bench,Real
corpora/aigc_detect_bench/images/Real/ood_0003453.jpg,0,aigc_detect_bench,Real
corpora/aigc_detect_bench/images/Real/ood_0003455.jpg,0,aigc_detect_bench,Real
corpora/aigc_detect_bench/images/Real/ood_0003457.jpg,0,aigc_detect_bench,Real
corpora/aigc_detect_bench/images/Real/ood_0003459.jpg,0,aigc_detect_bench,Real
corpora/aigc_detect_bench/images/Real/ood_0003461.jpg,0,aigc_detect_bench,Real
corpora/aigc_detect_bench/images/Real/ood_0003463.jpg,0,aigc_detect_bench,Real
corpora/aigc_detect_bench/images/Real/ood_0003465.jpg,0,aigc_detect_bench,Real
corpora/aigc_detect_bench/images/Real/ood_0003467.jpg,0,aigc_detect_bench,Real
corpora/aigc_detect_bench/images/Real/ood_0003469.jpg,0,aigc_detect_bench,Real
corpora/aigc_detect_bench/images/Real/ood_0003471.jpg,0,aigc_detect_bench,Real
corpora/aigc_detect_bench/images/Real/ood_0003473.jpg,0,aigc_detect_bench,Real
corpora/aigc_detect_bench/images/Real/ood_0003475.jpg,0,aigc_detect_bench,Real
corpora/aigc_detect_bench/images/Real/ood_0003477.jpg,0,aigc_detect_bench,Real
corpora/aigc_detect_bench/images/Real/ood_0003479.jpg,0,aigc_detect_bench,Real
corpora/aigc_detect_bench/images/Real/ood_0003481.jpg,0,aigc_detect_bench,Real
corpora/aigc_detect_bench/images/Real/ood_0003483.jpg,0,aigc_detect_bench,Real
corpora/aigc_detect_bench/images/Real/ood_0003485.jpg,0,aigc_detect_bench,Real
corpora/aigc_detect_bench/images/Real/ood_0003487.jpg,0,aigc_detect_bench,Real
corpora/aigc_detect_bench/images/Real/ood_0003489.jpg,0,aigc_detect_bench,Real
corpora/aigc_detect_bench/images/Real/ood_0003491.jpg,0,aigc_detect_bench,Real
corpora/aigc_detect_bench/images/Real/ood_0003493.jpg,0,aigc_detect_bench,Real
corpora/aigc_detect_bench/images/Real/ood_0003495.jpg,0,aigc_detect_bench,Real
corpora/aigc_detect_bench/images/Real/ood_0003497.jpg,0,aigc_detect_bench,Real
corpora/aigc_detect_bench/images/Real/ood_0003499.jpg,0,aigc_detect_bench,Real
corpora/aigc_detect_bench/images/Real/ood_0003501.jpg,0,aigc_detect_bench,Real
corpora/aigc_detect_bench/images/Real/ood_0003503.jpg,0,aigc_detect_bench,Real
corpora/aigc_detect_bench/images/Real/ood_0003505.jpg,0,aigc_detect_bench,Real
corpora/aigc_detect_bench/images/Real/ood_0003507.jpg,0,aigc_detect_bench,Real
corpora/aigc_detect_bench/images/Real/ood_0003509.jpg,0,aigc_detect_bench,Real
corpora/aigc_detect_bench/images/Real/ood_0003511.jpg,0,aigc_detect_bench,Real
corpora/aigc_detect_bench/images/Real/ood_0003513.jpg,0,aigc_detect_bench,Real
corpora/aigc_detect_bench/images/Real/ood_0003515.jpg,0,aigc_detect_bench,Real
corpora/aigc_detect_bench/images/Real/ood_0003517.jpg,0,aigc_detect_bench,Real
corpora/aigc_detect_bench/images/Real/ood_0003519.jpg,0,aigc_detect_bench,Real
corpora/aigc_detect_bench/images/Real/ood_0003521.jpg,0,aigc_detect_bench,Real
corpora/aigc_detect_bench/images/Real/ood_0003523.jpg,0,aigc_detect_bench,Real
corpora/aigc_detect_bench/images/Real/ood_0003525.jpg,0,aigc_detect_bench,Real
corpora/aigc_detect_bench/images/Real/ood_0003527.jpg,0,aigc_detect_bench,Real
corpora/aigc_detect_bench/images/Real/ood_0003529.jpg,0,aigc_detect_bench,Real
corpora/aigc_detect_bench/images/Real/ood_0003531.jpg,0,aigc_detect_bench,Real
corpora/aigc_detect_bench/images/Real/ood_0003533.jpg,0,aigc_detect_bench,Real
corpora/aigc_detect_bench/images/Real/ood_0003535.jpg,0,aigc_detect_bench,Real
corpora/aigc_detect_bench/images/Real/ood_0003537.jpg,0,aigc_detect_bench,Real
corpora/aigc_detect_bench/images/Real/ood_0003539.jpg,0,aigc_detect_bench,Real
corpora/aigc_detect_bench/images/Real/ood_0003541.jpg,0,aigc_detect_bench,Real
corpora/aigc_detect_bench/images/Real/ood_0003543.jpg,0,aigc_detect_bench,Real
corpora/aigc_detect_bench/images/Real/ood_0003545.jpg,0,aigc_detect_bench,Real
corpora/aigc_detect_bench/images/Real/ood_0003547.jpg,0,aigc_detect_bench,Real
corpora/aigc_detect_bench/images/Real/ood_0003549.jpg,0,aigc_detect_bench,Real
corpora/aigc_detect_bench/images/Real/ood_0003551.jpg,0,aigc_detect_bench,Real
corpora/aigc_detect_bench/images/Real/ood_0003553.jpg,0,aigc_detect_bench,Real
corpora/aigc_detect_bench/images/Real/ood_0003555.jpg,0,aigc_detect_bench,Real
corpora/aigc_detect_bench/images/Real/ood_0003557.jpg,0,aigc_detect_bench,Real
corpora/aigc_detect_bench/images/Real/ood_0003559.jpg,0,aigc_detect_bench,Real
corpora/aigc_detect_bench/images/Real/ood_0003561.jpg,0,aigc_detect_bench,Real
corpora/aigc_detect_bench/images/Real/ood_0003563.jpg,0,aigc_detect_bench,Real
corpora/aigc_detect_bench/images/Real/ood_0003565.jpg,0,aigc_detect_bench,Real
corpora/aigc_detect_bench/images/Real/ood_0003567.jpg,0,aigc_detect_bench,Real
corpora/aigc_detect_bench/images/Real/ood_0003569.jpg,0,aigc_detect_bench,Real
corpora/aigc_detect_bench/images/Real/ood_0003571.jpg,0,aigc_detect_bench,Real
corpora/aigc_detect_bench/images/Real/ood_0003573.jpg,0,aigc_detect_bench,Real
corpora/aigc_detect_bench/images/Real/ood_0003575.jpg,0,aigc_detect_bench,Real
corpora/aigc_detect_bench/images/Real/ood_0003577.jpg,0,aigc_detect_bench,Real
corpora/aigc_detect_bench/images/Real/ood_0003579.jpg,0,aigc_detect_bench,Real
corpora/aigc_detect_bench/images/Real/ood_0003581.jpg,0,aigc_detect_bench,Real
corpora/aigc_detect_bench/images/Real/ood_0003583.jpg,0,aigc_detect_bench,Real
corpora/aigc_detect_bench/images/Real/ood_0003585.jpg,0,aigc_detect_bench,Real
corpora/aigc_detect_bench/images/Real/ood_0003587.jpg,0,aigc_detect_bench,Real
corpora/aigc_detect_bench/images/Real/ood_0003589.jpg,0,aigc_detect_bench,Real
corpora/aigc_detect_bench/images/Real/ood_0003591.jpg,0,aigc_detect_bench,Real
corpora/aigc_detect_bench/images/Real/ood_0003593.jpg,0,aigc_detect_bench,Real
corpora/aigc_detect_bench/images/Real/ood_0003595.jpg,0,aigc_detect_bench,Real
corpora/aigc_detect_bench/images/Real/ood_0003597.jpg,0,aigc_detect_bench,Real
corpora/aigc_detect_bench/images/Real/ood_0003599.jpg,0,aigc_detect_bench,Real
corpora/aigc_detect_bench/images/Real/ood_0003601.jpg,0,aigc_detect_bench,Real
corpora/aigc_detect_bench/images/Real/ood_0003603.jpg,0,aigc_detect_bench,Real
corpora/aigc_detect_bench/images/Real/ood_0003605.jpg,0,aigc_detect_bench,Real
corpora/aigc_detect_bench/images/Real/ood_0003607.jpg,0,aigc_detect_bench,Real
corpora/aigc_detect_bench/images/Real/ood_0003609.jpg,0,aigc_detect_bench,Real
corpora/aigc_detect_bench/images/Real/ood_0003611.jpg,0,aigc_detect_bench,Real
corpora/aigc_detect_bench/images/Real/ood_0003613.jpg,0,aigc_detect_bench,Real
corpora/aigc_detect_bench/images/Real/ood_0003615.jpg,0,aigc_detect_bench,Real
corpora/aigc_detect_bench/images/Real/ood_0003617.jpg,0,aigc_detect_bench,Real
corpora/aigc_detect_bench/images/Real/ood_0003619.jpg,0,aigc_detect_bench,Real
corpora/aigc_detect_bench/images/Real/ood_0003621.jpg,0,aigc_detect_bench,Real
corpora/aigc_detect_bench/images/Real/ood_0003623.jpg,0,aigc_detect_bench,Real
corpora/aigc_detect_bench/images/Real/ood_0003625.jpg,0,aigc_detect_bench,Real
corpora/aigc_detect_bench/images/Real/ood_0003627.jpg,0,aigc_detect_bench,Real
corpora/aigc_detect_bench/images/Real/ood_0003629.jpg,0,aigc_detect_bench,Real
corpora/aigc_detect_bench/images/Real/ood_0003631.jpg,0,aigc_detect_bench,Real
corpora/aigc_detect_bench/images/Real/ood_0003633.jpg,0,aigc_detect_bench,Real
corpora/aigc_detect_bench/images/Real/ood_0003635.jpg,0,aigc_detect_bench,Real
corpora/aigc_detect_bench/images/Real/ood_0003637.jpg,0,aigc_detect_bench,Real
corpora/aigc_detect_bench/images/Real/ood_0003639.jpg,0,aigc_detect_bench,Real
corpora/aigc_detect_bench/images/Real/ood_0003641.jpg,0,aigc_detect_bench,Real
corpora/aigc_detect_bench/images/Real/ood_0003643.jpg,0,aigc_detect_bench,Real
corpora/aigc_detect_bench/images/Real/ood_0003645.jpg,0,aigc_detect_bench,Real
corpora/aigc_detect_bench/images/Real/ood_0003647.jpg,0,aigc_detect_bench,Real
corpora/aigc_detect_bench/images/Real/ood_0003649.jpg,0,aigc_detect_bench,Real
corpora/aigc_detect_bench/images/Real/ood_0003651.jpg,0,aigc_detect_bench,Real
corpora/aigc_detect_bench/images/Real/ood_0003653.jpg,0,aigc_detect_bench,Real
corpora/aigc_detect_bench/images/Real/ood_0003655.jpg,0,aigc_detect_bench,Real
corpora/aigc_detect_bench/images/Real/ood_0003657.jpg,0,aigc_detect_bench,Real
corpora/aigc_detect_bench/images/Real/ood_0003659.jpg,0,aigc_detect_bench,Real
corpora/aigc_detect_bench/images/Real/ood_0003661.jpg,0,aigc_detect_bench,Real
corpora/aigc_detect_bench/images/Real/ood_0003663.jpg,0,aigc_detect_bench,Real
corpora/aigc_detect_bench/images/Real/ood_0003665.jpg,0,aigc_detect_bench,Real
corpora/aigc_detect_bench/images/Real/ood_0003667.jpg,0,aigc_detect_bench,Real
corpora/aigc_detect_bench/images/Real/ood_0003669.jpg,0,aigc_detect_bench,Real
corpora/aigc_detect_bench/images/Real/ood_0003671.jpg,0,aigc_detect_bench,Real
corpora/aigc_detect_bench/images/Real/ood_0003673.jpg,0,aigc_detect_bench,Real
corpora/aigc_detect_bench/images/Real/ood_0003675.jpg,0,aigc_detect_bench,Real
corpora/aigc_detect_bench/images/Real/ood_0003677.jpg,0,aigc_detect_bench,Real
corpora/aigc_detect_bench/images/Real/ood_0003679.jpg,0,aigc_detect_bench,Real
corpora/aigc_detect_bench/images/Real/ood_0003681.jpg,0,aigc_detect_bench,Real
corpora/aigc_detect_bench/images/Real/ood_0003683.jpg,0,aigc_detect_bench,Real
corpora/aigc_detect_bench/images/Real/ood_0003685.jpg,0,aigc_detect_bench,Real
corpora/aigc_detect_bench/images/Real/ood_0003687.jpg,0,aigc_detect_bench,Real
corpora/aigc_detect_bench/images/Real/ood_0003689.jpg,0,aigc_detect_bench,Real
corpora/aigc_detect_bench/images/Real/ood_0003691.jpg,0,aigc_detect_bench,Real
corpora/aigc_detect_bench/images/Real/ood_0003693.jpg,0,aigc_detect_bench,Real
corpora/aigc_detect_bench/images/Real/ood_0003695.jpg,0,aigc_detect_bench,Real
corpora/aigc_detect_bench/images/Real/ood_0003697.jpg,0,aigc_detect_bench,Real
corpora/aigc_detect_bench/images/Real/ood_0003699.jpg,0,aigc_detect_bench,Real
corpora/aigc_detect_bench/images/Real/ood_0003701.jpg,0,aigc_detect_bench,Real
corpora/aigc_detect_bench/images/Real/ood_0003703.jpg,0,aigc_detect_bench,Real
corpora/aigc_detect_bench/images/Real/ood_0003705.jpg,0,aigc_detect_bench,Real
corpora/aigc_detect_bench/images/Real/ood_0003707.jpg,0,aigc_detect_bench,Real
corpora/aigc_detect_bench/images/Real/ood_0003709.jpg,0,aigc_detect_bench,Real
corpora/aigc_detect_bench/images/Real/ood_0003711.jpg,0,aigc_detect_bench,Real
corpora/aigc_detect_bench/images/Real/ood_0003713.jpg,0,aigc_detect_bench,Real
corpora/aigc_detect_bench/images/Real/ood_0003715.jpg,0,aigc_detect_bench,Real
corpora/aigc_detect_bench/images/Real/ood_0003717.jpg,0,aigc_detect_bench,Real
corpora/aigc_detect_bench/images/Real/ood_0003719.jpg,0,aigc_detect_bench,Real
corpora/aigc_detect_bench/images/Real/ood_0003721.jpg,0,aigc_detect_bench,Real
corpora/aigc_detect_bench/images/Real/ood_0003723.jpg,0,aigc_detect_bench,Real
corpora/aigc_detect_bench/images/Real/ood_0003725.jpg,0,aigc_detect_bench,Real
corpora/aigc_detect_bench/images/Real/ood_0003727.jpg,0,aigc_detect_bench,Real
corpora/aigc_detect_bench/images/Real/ood_0003729.jpg,0,aigc_detect_bench,Real
corpora/aigc_detect_bench/images/Real/ood_0003731.jpg,0,aigc_detect_bench,Real
corpora/aigc_detect_bench/images/Real/ood_0003733.jpg,0,aigc_detect_bench,Real
corpora/aigc_detect_bench/images/Real/ood_0003735.jpg,0,aigc_detect_bench,Real
corpora/aigc_detect_bench/images/Real/ood_0003737.jpg,0,aigc_detect_bench,Real
corpora/aigc_detect_bench/images/Real/ood_0003739.jpg,0,aigc_detect_bench,Real
corpora/aigc_detect_bench/images/Real/ood_0003741.jpg,0,aigc_detect_bench,Real
corpora/aigc_detect_bench/images/Real/ood_0003743.jpg,0,aigc_detect_bench,Real
corpora/aigc_detect_bench/images/Real/ood_0003745.jpg,0,aigc_detect_bench,Real
corpora/aigc_detect_bench/images/Real/ood_0003747.jpg,0,aigc_detect_bench,Real
corpora/aigc_detect_bench/images/Real/ood_0003749.jpg,0,aigc_detect_bench,Real
corpora/aigc_detect_bench/images/Real/ood_0003751.jpg,0,aigc_detect_bench,Real
corpora/aigc_detect_bench/images/Real/ood_0003753.jpg,0,aigc_detect_bench,Real
corpora/aigc_detect_bench/images/Real/ood_0003755.jpg,0,aigc_detect_bench,Real
corpora/aigc_detect_bench/images/Real/ood_0003757.jpg,0,aigc_detect_bench,Real
corpora/aigc_detect_bench/images/Real/ood_0003759.jpg,0,aigc_detect_bench,Real
corpora/aigc_detect_bench/images/Real/ood_0003761.jpg,0,aigc_detect_bench,Real
corpora/aigc_detect_bench/images/Real/ood_0003763.jpg,0,aigc_detect_bench,Real
corpora/aigc_detect_bench/images/Real/ood_0003765.jpg,0,aigc_detect_bench,Real
corpora/aigc_detect_bench/images/Real/ood_0003767.jpg,0,aigc_detect_bench,Real
corpora/aigc_detect_bench/images/Real/ood_0003769.jpg,0,aigc_detect_bench,Real
corpora/aigc_detect_bench/images/Real/ood_0003771.jpg,0,aigc_detect_bench,Real
corpora/aigc_detect_bench/images/Real/ood_0003773.jpg,0,aigc_detect_bench,Real
corpora/aigc_detect_bench/images/Real/ood_0003775.jpg,0,aigc_detect_bench,Real
corpora/aigc_detect_bench/images/Real/ood_0003777.jpg,0,aigc_detect_bench,Real
corpora/aigc_detect_bench/images/Real/ood_0003779.jpg,0,aigc_detect_bench,Real
corpora/aigc_detect_bench/images/Real/ood_0003781.jpg,0,aigc_detect_bench,Real
corpora/aigc_detect_bench/images/Real/ood_0003783.jpg,0,aigc_detect_bench,Real
corpora/aigc_detect_bench/images/Real/ood_0003785.jpg,0,aigc_detect_bench,Real
corpora/aigc_detect_bench/images/Real/ood_0003787.jpg,0,aigc_detect_bench,Real
corpora/aigc_detect_bench/images/Real/ood_0003789.jpg,0,aigc_detect_bench,Real
corpora/aigc_detect_bench/images/Real/ood_0003791.jpg,0,aigc_detect_bench,Real
corpora/aigc_detect_bench/images/Real/ood_0003793.jpg,0,aigc_detect_bench,Real
corpora/aigc_detect_bench/images/Real/ood_0003795.jpg,0,aigc_detect_bench,Real
corpora/aigc_detect_bench/images/Real/ood_0003797.jpg,0,aigc_detect_bench,Real
corpora/aigc_detect_bench/images/Real/ood_0003799.jpg,0,aigc_detect_bench,Real
corpora/aigc_detect_bench/images/Real/ood_0003801.jpg,0,aigc_detect_bench,Real
corpora/aigc_detect_bench/images/Real/ood_0003803.jpg,0,aigc_detect_bench,Real
corpora/aigc_detect_bench/images/Real/ood_0003805.jpg,0,aigc_detect_bench,Real
corpora/aigc_detect_bench/images/Real/ood_0003807.jpg,0,aigc_detect_bench,Real
corpora/aigc_detect_bench/images/Real/ood_0003809.jpg,0,aigc_detect_bench,Real
corpora/aigc_detect_bench/images/Real/ood_0003811.jpg,0,aigc_detect_bench,Real
corpora/aigc_detect_bench/images/Real/ood_0003813.jpg,0,aigc_detect_bench,Real
corpora/aigc_detect_bench/images/Real/ood_0003815.jpg,0,aigc_detect_bench,Real
corpora/aigc_detect_bench/images/Real/ood_0003817.jpg,0,aigc_detect_bench,Real
corpora/aigc_detect_bench/images/Real/ood_0003819.jpg,0,aigc_detect_bench,Real
corpora/aigc_detect_bench/images/Real/ood_0003821.jpg,0,aigc_detect_bench,Real
corpora/aigc_detect_bench/images/Real/ood_0003823.jpg,0,aigc_detect_bench,Real
corpora/aigc_detect_bench/images/Real/ood_0003825.jpg,0,aigc_detect_bench,Real
corpora/aigc_detect_bench/images/Real/ood_0003827.jpg,0,aigc_detect_bench,Real
corpora/aigc_detect_bench/images/Real/ood_0003829.jpg,0,aigc_detect_bench,Real
corpora/aigc_detect_bench/images/Real/ood_0003831.jpg,0,aigc_detect_bench,Real
corpora/aigc_detect_bench/images/Real/ood_0003833.jpg,0,aigc_detect_bench,Real
corpora/aigc_detect_bench/images/Real/ood_0003835.jpg,0,aigc_detect_bench,Real
corpora/aigc_detect_bench/images/Real/ood_0003837.jpg,0,aigc_detect_bench,Real
corpora/aigc_detect_bench/images/Real/ood_0003839.jpg,0,aigc_detect_bench,Real
corpora/aigc_detect_bench/images/Real/ood_0003841.jpg,0,aigc_detect_bench,Real
corpora/aigc_detect_bench/images/Real/ood_0003843.jpg,0,aigc_detect_bench,Real
corpora/aigc_detect_bench/images/Real/ood_0003845.jpg,0,aigc_detect_bench,Real
corpora/aigc_detect_bench/images/Real/ood_0003847.jpg,0,aigc_detect_bench,Real
corpora/aigc_detect_bench/images/Real/ood_0003849.jpg,0,aigc_detect_bench,Real
corpora/aigc_detect_bench/images/Real/ood_0003851.jpg,0,aigc_detect_bench,Real
corpora/aigc_detect_bench/images/Real/ood_0003853.jpg,0,aigc_detect_bench,Real
corpora/aigc_detect_bench/images/Real/ood_0003855.jpg,0,aigc_detect_bench,Real
corpora/aigc_detect_bench/images/Real/ood_0003857.jpg,0,aigc_detect_bench,Real
corpora/aigc_detect_bench/images/Real/ood_0003859.jpg,0,aigc_detect_bench,Real
corpora/aigc_detect_bench/images/Real/ood_0003861.jpg,0,aigc_detect_bench,Real
corpora/aigc_detect_bench/images/Real/ood_0003863.jpg,0,aigc_detect_bench,Real
corpora/aigc_detect_bench/images/Real/ood_0003865.jpg,0,aigc_detect_bench,Real
corpora/aigc_detect_bench/images/Real/ood_0003867.jpg,0,aigc_detect_bench,Real
corpora/aigc_detect_bench/images/Real/ood_0003869.jpg,0,aigc_detect_bench,Real
corpora/aigc_detect_bench/images/Real/ood_0003871.jpg,0,aigc_detect_bench,Real
corpora/aigc_detect_bench/images/Real/ood_0003873.jpg,0,aigc_detect_bench,Real
corpora/aigc_detect_bench/images/Real/ood_0003875.jpg,0,aigc_detect_bench,Real
corpora/aigc_detect_bench/images/Real/ood_0003877.jpg,0,aigc_detect_bench,Real
corpora/aigc_detect_bench/images/Real/ood_0003879.jpg,0,aigc_detect_bench,Real
corpora/aigc_detect_bench/images/Real/ood_0003881.jpg,0,aigc_detect_bench,Real
corpora/aigc_detect_bench/images/Real/ood_0003883.jpg,0,aigc_detect_bench,Real
corpora/aigc_detect_bench/images/Real/ood_0003885.jpg,0,aigc_detect_bench,Real
corpora/aigc_detect_bench/images/Real/ood_0003887.jpg,0,aigc_detect_bench,Real
corpora/aigc_detect_bench/images/Real/ood_0003889.jpg,0,aigc_detect_bench,Real
corpora/aigc_detect_bench/images/Real/ood_0003891.jpg,0,aigc_detect_bench,Real
corpora/aigc_detect_bench/images/Real/ood_0003893.jpg,0,aigc_detect_bench,Real
corpora/aigc_detect_bench/images/Real/ood_0003895.jpg,0,aigc_detect_bench,Real
corpora/aigc_detect_bench/images/Real/ood_0003897.jpg,0,aigc_detect_bench,Real
corpora/aigc_detect_bench/images/Real/ood_0003899.jpg,0,aigc_detect_bench,Real
corpora/aigc_detect_bench/images/Real/ood_0003901.jpg,0,aigc_detect_bench,Real
corpora/aigc_detect_bench/images/Real/ood_0003903.jpg,0,aigc_detect_bench,Real
corpora/aigc_detect_bench/images/Real/ood_0003905.jpg,0,aigc_detect_bench,Real
corpora/aigc_detect_bench/images/Real/ood_0003907.jpg,0,aigc_detect_bench,Real
corpora/aigc_detect_bench/images/Real/ood_0003909.jpg,0,aigc_detect_bench,Real
corpora/aigc_detect_bench/images/Real/ood_0003911.jpg,0,aigc_detect_bench,Real
corpora/aigc_detect_bench/images/Real/ood_0003913.jpg,0,aigc_detect_bench,Real
corpora/aigc_detect_bench/images/Real/ood_0003915.jpg,0,aigc_detect_bench,Real
corpora/aigc_detect_bench/images/Real/ood_0003917.jpg,0,aigc_detect_bench,Real
corpora/aigc_detect_bench/images/Real/ood_0003919.jpg,0,aigc_detect_bench,Real
corpora/aigc_detect_bench/images/Real/ood_0003921.jpg,0,aigc_detect_bench,Real
corpora/aigc_detect_bench/images/Real/ood_0003923.jpg,0,aigc_detect_bench,Real
corpora/aigc_detect_bench/images/Real/ood_0003925.jpg,0,aigc_detect_bench,Real
corpora/aigc_detect_bench/images/Real/ood_0003927.jpg,0,aigc_detect_bench,Real
corpora/aigc_detect_bench/images/Real/ood_0003929.jpg,0,aigc_detect_bench,Real
corpora/aigc_detect_bench/images/Real/ood_0003931.jpg,0,aigc_detect_bench,Real
corpora/aigc_detect_bench/images/Real/ood_0003933.jpg,0,aigc_detect_bench,Real
corpora/aigc_detect_bench/images/Real/ood_0003935.jpg,0,aigc_detect_bench,Real
corpora/aigc_detect_bench/images/Real/ood_0003937.jpg,0,aigc_detect_bench,Real
corpora/aigc_detect_bench/images/Real/ood_0003939.jpg,0,aigc_detect_bench,Real
corpora/aigc_detect_bench/images/Real/ood_0003941.jpg,0,aigc_detect_bench,Real
corpora/aigc_detect_bench/images/Real/ood_0003943.jpg,0,aigc_detect_bench,Real
corpora/aigc_detect_bench/images/Real/ood_0003945.jpg,0,aigc_detect_bench,Real
corpora/aigc_detect_bench/images/Real/ood_0003947.jpg,0,aigc_detect_bench,Real
corpora/aigc_detect_bench/images/Real/ood_0003949.jpg,0,aigc_detect_bench,Real
corpora/aigc_detect_bench/images/Real/ood_0003951.jpg,0,aigc_detect_bench,Real
corpora/aigc_detect_bench/images/Real/ood_0003953.jpg,0,aigc_detect_bench,Real
corpora/aigc_detect_bench/images/Real/ood_0003955.jpg,0,aigc_detect_bench,Real
corpora/aigc_detect_bench/images/Real/ood_0003957.jpg,0,aigc_detect_bench,Real
corpora/aigc_detect_bench/images/Real/ood_0003959.jpg,0,aigc_detect_bench,Real
corpora/aigc_detect_bench/images/Real/ood_0003961.jpg,0,aigc_detect_bench,Real
corpora/aigc_detect_bench/images/Real/ood_0003963.jpg,0,aigc_detect_bench,Real
corpora/aigc_detect_bench/images/Real/ood_0003965.jpg,0,aigc_detect_bench,Real
corpora/aigc_detect_bench/images/Real/ood_0003967.jpg,0,aigc_detect_bench,Real
corpora/aigc_detect_bench/images/Real/ood_0003969.jpg,0,aigc_detect_bench,Real
corpora/aigc_detect_bench/images/Real/ood_0003971.jpg,0,aigc_detect_bench,Real
corpora/aigc_detect_bench/images/Real/ood_0003973.jpg,0,aigc_detect_bench,Real
corpora/aigc_detect_bench/images/Real/ood_0003975.jpg,0,aigc_detect_bench,Real
corpora/aigc_detect_bench/images/Real/ood_0003977.jpg,0,aigc_detect_bench,Real
corpora/aigc_detect_bench/images/Real/ood_0003979.jpg,0,aigc_detect_bench,Real
corpora/aigc_detect_bench/images/Real/ood_0003981.jpg,0,aigc_detect_bench,Real
corpora/aigc_detect_bench/images/Real/ood_0003983.jpg,0,aigc_detect_bench,Real
corpora/aigc_detect_bench/images/Real/ood_0003985.jpg,0,aigc_detect_bench,Real
corpora/aigc_detect_bench/images/Real/ood_0003987.jpg,0,aigc_detect_bench,Real
corpora/aigc_detect_bench/images/Real/ood_0003989.jpg,0,aigc_detect_bench,Real
corpora/aigc_detect_bench/images/Real/ood_0003991.jpg,0,aigc_detect_bench,Real
corpora/aigc_detect_bench/images/Real/ood_0003993.jpg,0,aigc_detect_bench,Real
corpora/aigc_detect_bench/images/Real/ood_0003995.jpg,0,aigc_detect_bench,Real
corpora/aigc_detect_bench/images/Real/ood_0003997.jpg,0,aigc_detect_bench,Real
corpora/aigc_detect_bench/images/Real/ood_0003999.jpg,0,aigc_detect_bench,Real
corpora/aigc_detect_bench/images/Real/ood_0004001.jpg,0,aigc_detect_bench,Real
corpora/aigc_detect_bench/images/Real/ood_0004003.jpg,0,aigc_detect_bench,Real
corpora/aigc_detect_bench/images/Real/ood_0004005.jpg,0,aigc_detect_bench,Real
corpora/aigc_detect_bench/images/Real/ood_0004007.jpg,0,aigc_detect_bench,Real
corpora/aigc_detect_bench/images/Real/ood_0004009.jpg,0,aigc_detect_bench,Real
corpora/aigc_detect_bench/images/Real/ood_0004011.jpg,0,aigc_detect_bench,Real
corpora/aigc_detect_bench/images/Real/ood_0004013.jpg,0,aigc_detect_bench,Real
corpora/aigc_detect_bench/images/Real/ood_0004015.jpg,0,aigc_detect_bench,Real
corpora/aigc_detect_bench/images/Real/ood_0004017.jpg,0,aigc_detect_bench,Real
corpora/aigc_detect_bench/images/Real/ood_0004019.jpg,0,aigc_detect_bench,Real
corpora/aigc_detect_bench/images/Real/ood_0004021.jpg,0,aigc_detect_bench,Real
corpora/aigc_detect_bench/images/Real/ood_0004023.jpg,0,aigc_detect_bench,Real
corpora/aigc_detect_bench/images/Real/ood_0004025.jpg,0,aigc_detect_bench,Real
corpora/aigc_detect_bench/images/Real/ood_0004027.jpg,0,aigc_detect_bench,Real
corpora/aigc_detect_bench/images/Real/ood_0004029.jpg,0,aigc_detect_bench,Real
corpora/aigc_detect_bench/images/Real/ood_0004031.jpg,0,aigc_detect_bench,Real
corpora/aigc_detect_bench/images/Real/ood_0004033.jpg,0,aigc_detect_bench,Real
corpora/aigc_detect_bench/images/Real/ood_0004035.jpg,0,aigc_detect_bench,Real
corpora/aigc_detect_bench/images/Real/ood_0004037.jpg,0,aigc_detect_bench,Real
corpora/aigc_detect_bench/images/Real/ood_0004039.jpg,0,aigc_detect_bench,Real
corpora/aigc_detect_bench/images/Real/ood_0004041.jpg,0,aigc_detect_bench,Real
corpora/aigc_detect_bench/images/Real/ood_0004043.jpg,0,aigc_detect_bench,Real
corpora/aigc_detect_bench/images/Real/ood_0004045.jpg,0,aigc_detect_bench,Real
corpora/aigc_detect_bench/images/Real/ood_0004047.jpg,0,aigc_detect_bench,Real
corpora/aigc_detect_bench/images/Real/ood_0004049.jpg,0,aigc_detect_bench,Real
corpora/aigc_detect_bench/images/Real/ood_0004051.jpg,0,aigc_detect_bench,Real
corpora/aigc_detect_bench/images/Real/ood_0004053.jpg,0,aigc_detect_bench,Real
corpora/aigc_detect_bench/images/Real/ood_0004055.jpg,0,aigc_detect_bench,Real
corpora/aigc_detect_bench/images/Real/ood_0004057.jpg,0,aigc_detect_bench,Real
corpora/aigc_detect_bench/images/Real/ood_0004059.jpg,0,aigc_detect_bench,Real
corpora/aigc_detect_bench/images/Real/ood_0004061.jpg,0,aigc_detect_bench,Real
corpora/aigc_detect_bench/images/Real/ood_0004063.jpg,0,aigc_detect_bench,Real
corpora/aigc_detect_bench/images/Real/ood_0004065.jpg,0,aigc_detect_bench,Real
corpora/aigc_detect_bench/images/Real/ood_0004067.jpg,0,aigc_detect_bench,Real
corpora/aigc_detect_bench/images/Real/ood_0004069.jpg,0,aigc_detect_bench,Real
corpora/aigc_detect_bench/images/Real/ood_0004071.jpg,0,aigc_detect_bench,Real
corpora/aigc_detect_bench/images/Real/ood_0004073.jpg,0,aigc_detect_bench,Real
corpora/aigc_detect_bench/images/Real/ood_0004075.jpg,0,aigc_detect_bench,Real
corpora/aigc_detect_bench/images/Real/ood_0004077.jpg,0,aigc_detect_bench,Real
corpora/aigc_detect_bench/images/Real/ood_0004079.jpg,0,aigc_detect_bench,Real
corpora/aigc_detect_bench/images/Real/ood_0004081.jpg,0,aigc_detect_bench,Real
corpora/aigc_detect_bench/images/Real/ood_0004083.jpg,0,aigc_detect_bench,Real
corpora/aigc_detect_bench/images/Real/ood_0004085.jpg,0,aigc_detect_bench,Real
corpora/aigc_detect_bench/images/Real/ood_0004087.jpg,0,aigc_detect_bench,Real
corpora/aigc_detect_bench/images/Real/ood_0004089.jpg,0,aigc_detect_bench,Real
corpora/aigc_detect_bench/images/Real/ood_0004091.jpg,0,aigc_detect_bench,Real
corpora/aigc_detect_bench/images/Real/ood_0004093.jpg,0,aigc_detect_bench,Real
corpora/aigc_detect_bench/images/Real/ood_0004095.jpg,0,aigc_detect_bench,Real
corpora/aigc_detect_bench/images/Real/ood_0004097.jpg,0,aigc_detect_bench,Real
corpora/aigc_detect_bench/images/Real/ood_0004099.jpg,0,aigc_detect_bench,Real
corpora/aigc_detect_bench/images/Real/ood_0004101.jpg,0,aigc_detect_bench,Real
corpora/aigc_detect_bench/images/Real/ood_0004103.jpg,0,aigc_detect_bench,Real
corpora/aigc_detect_bench/images/Real/ood_0004105.jpg,0,aigc_detect_bench,Real
corpora/aigc_detect_bench/images/Real/ood_0004107.jpg,0,aigc_detect_bench,Real
corpora/aigc_detect_bench/images/Real/ood_0004109.jpg,0,aigc_detect_bench,Real
corpora/aigc_detect_bench/images/Real/ood_0004111.jpg,0,aigc_detect_bench,Real
corpora/aigc_detect_bench/images/Real/ood_0004113.jpg,0,aigc_detect_bench,Real
corpora/aigc_detect_bench/images/Real/ood_0004115.jpg,0,aigc_detect_bench,Real
corpora/aigc_detect_bench/images/Real/ood_0004117.jpg,0,aigc_detect_bench,Real
corpora/aigc_detect_bench/images/Real/ood_0004119.jpg,0,aigc_detect_bench,Real
corpora/aigc_detect_bench/images/Real/ood_0004121.jpg,0,aigc_detect_bench,Real
corpora/aigc_detect_bench/images/Real/ood_0004123.jpg,0,aigc_detect_bench,Real
corpora/aigc_detect_bench/images/Real/ood_0004125.jpg,0,aigc_detect_bench,Real
corpora/aigc_detect_bench/images/Real/ood_0004127.jpg,0,aigc_detect_bench,Real
corpora/aigc_detect_bench/images/Real/ood_0004129.jpg,0,aigc_detect_bench,Real
corpora/aigc_detect_bench/images/Real/ood_0004131.jpg,0,aigc_detect_bench,Real
corpora/aigc_detect_bench/images/Real/ood_0004133.jpg,0,aigc_detect_bench,Real
corpora/aigc_detect_bench/images/Real/ood_0004135.jpg,0,aigc_detect_bench,Real
corpora/aigc_detect_bench/images/Real/ood_0004137.jpg,0,aigc_detect_bench,Real
corpora/aigc_detect_bench/images/Real/ood_0004139.jpg,0,aigc_detect_bench,Real
corpora/aigc_detect_bench/images/Real/ood_0004141.jpg,0,aigc_detect_bench,Real
corpora/aigc_detect_bench/images/Real/ood_0004143.jpg,0,aigc_detect_bench,Real
corpora/aigc_detect_bench/images/Real/ood_0004145.jpg,0,aigc_detect_bench,Real
corpora/aigc_detect_bench/images/Real/ood_0004147.jpg,0,aigc_detect_bench,Real
corpora/aigc_detect_bench/images/Real/ood_0004149.jpg,0,aigc_detect_bench,Real
corpora/aigc_detect_bench/images/Real/ood_0004151.jpg,0,aigc_detect_bench,Real
corpora/aigc_detect_bench/images/Real/ood_0004153.jpg,0,aigc_detect_bench,Real
corpora/aigc_detect_bench/images/Real/ood_0004155.jpg,0,aigc_detect_bench,Real
corpora/aigc_detect_bench/images/Real/ood_0004157.jpg,0,aigc_detect_bench,Real
corpora/aigc_detect_bench/images/Real/ood_0004159.jpg,0,aigc_detect_bench,Real
corpora/aigc_detect_bench/images/Real/ood_0004161.jpg,0,aigc_detect_bench,Real
corpora/aigc_detect_bench/images/Real/ood_0004163.jpg,0,aigc_detect_bench,Real
corpora/aigc_detect_bench/images/Real/ood_0004165.jpg,0,aigc_detect_bench,Real
corpora/aigc_detect_bench/images/Real/ood_0004167.jpg,0,aigc_detect_bench,Real
corpora/aigc_detect_bench/images/Real/ood_0004169.jpg,0,aigc_detect_bench,Real
corpora/aigc_detect_bench/images/Real/ood_0004171.jpg,0,aigc_detect_bench,Real
corpora/aigc_detect_bench/images/Real/ood_0004173.jpg,0,aigc_detect_bench,Real
corpora/aigc_detect_bench/images/Real/ood_0004175.jpg,0,aigc_detect_bench,Real
corpora/aigc_detect_bench/images/Real/ood_0004177.jpg,0,aigc_detect_bench,Real
corpora/aigc_detect_bench/images/Real/ood_0004179.jpg,0,aigc_detect_bench,Real
corpora/aigc_detect_bench/images/Real/ood_0004181.jpg,0,aigc_detect_bench,Real
corpora/aigc_detect_bench/images/Real/ood_0004183.jpg,0,aigc_detect_bench,Real
corpora/aigc_detect_bench/images/Real/ood_0004185.jpg,0,aigc_detect_bench,Real
corpora/aigc_detect_bench/images/Real/ood_0004187.jpg,0,aigc_detect_bench,Real
corpora/aigc_detect_bench/images/Real/ood_0004189.jpg,0,aigc_detect_bench,Real
corpora/aigc_detect_bench/images/Real/ood_0004191.jpg,0,aigc_detect_bench,Real
corpora/aigc_detect_bench/images/Real/ood_0004193.jpg,0,aigc_detect_bench,Real
corpora/aigc_detect_bench/images/Real/ood_0004195.jpg,0,aigc_detect_bench,Real
corpora/aigc_detect_bench/images/Real/ood_0004197.jpg,0,aigc_detect_bench,Real
corpora/aigc_detect_bench/images/Real/ood_0004199.jpg,0,aigc_detect_bench,Real
corpora/aigc_detect_bench/images/Real/ood_0004201.jpg,0,aigc_detect_bench,Real
corpora/aigc_detect_bench/images/Real/ood_0004203.jpg,0,aigc_detect_bench,Real
corpora/aigc_detect_bench/images/Real/ood_0004205.jpg,0,aigc_detect_bench,Real
corpora/aigc_detect_bench/images/Real/ood_0004207.jpg,0,aigc_detect_bench,Real
corpora/aigc_detect_bench/images/Real/ood_0004209.jpg,0,aigc_detect_bench,Real
corpora/aigc_detect_bench/images/Real/ood_0004211.jpg,0,aigc_detect_bench,Real
corpora/aigc_detect_bench/images/Real/ood_0004213.jpg,0,aigc_detect_bench,Real
corpora/aigc_detect_bench/images/Real/ood_0004215.jpg,0,aigc_detect_bench,Real
corpora/aigc_detect_bench/images/Real/ood_0004217.jpg,0,aigc_detect_bench,Real
corpora/aigc_detect_bench/images/Real/ood_0004219.jpg,0,aigc_detect_bench,Real
corpora/aigc_detect_bench/images/Real/ood_0004221.jpg,0,aigc_detect_bench,Real
corpora/aigc_detect_bench/images/Real/ood_0004223.jpg,0,aigc_detect_bench,Real
corpora/aigc_detect_bench/images/Real/ood_0004225.jpg,0,aigc_detect_bench,Real
corpora/aigc_detect_bench/images/Real/ood_0004227.jpg,0,aigc_detect_bench,Real
corpora/aigc_detect_bench/images/Real/ood_0004229.jpg,0,aigc_detect_bench,Real
corpora/aigc_detect_bench/images/Real/ood_0004231.jpg,0,aigc_detect_bench,Real
corpora/aigc_detect_bench/images/Real/ood_0004233.jpg,0,aigc_detect_bench,Real
corpora/aigc_detect_bench/images/Real/ood_0004235.jpg,0,aigc_detect_bench,Real
corpora/aigc_detect_bench/images/Real/ood_0004237.jpg,0,aigc_detect_bench,Real
corpora/aigc_detect_bench/images/Real/ood_0004239.jpg,0,aigc_detect_bench,Real
corpora/aigc_detect_bench/images/Real/ood_0004241.jpg,0,aigc_detect_bench,Real
corpora/aigc_detect_bench/images/Real/ood_0004243.jpg,0,aigc_detect_bench,Real
corpora/aigc_detect_bench/images/Real/ood_0004245.jpg,0,aigc_detect_bench,Real
corpora/aigc_detect_bench/images/Real/ood_0004247.jpg,0,aigc_detect_bench,Real
corpora/aigc_detect_bench/images/Real/ood_0004249.jpg,0,aigc_detect_bench,Real
corpora/aigc_detect_bench/images/Real/ood_0004251.jpg,0,aigc_detect_bench,Real
corpora/aigc_detect_bench/images/Real/ood_0004253.jpg,0,aigc_detect_bench,Real
corpora/aigc_detect_bench/images/Real/ood_0004255.jpg,0,aigc_detect_bench,Real
corpora/aigc_detect_bench/images/Real/ood_0004257.jpg,0,aigc_detect_bench,Real
corpora/aigc_detect_bench/images/Real/ood_0004259.jpg,0,aigc_detect_bench,Real
corpora/aigc_detect_bench/images/Real/ood_0004261.jpg,0,aigc_detect_bench,Real
corpora/aigc_detect_bench/images/Real/ood_0004263.jpg,0,aigc_detect_bench,Real
corpora/aigc_detect_bench/images/Real/ood_0004265.jpg,0,aigc_detect_bench,Real
corpora/aigc_detect_bench/images/Real/ood_0004267.jpg,0,aigc_detect_bench,Real
corpora/aigc_detect_bench/images/Real/ood_0004269.jpg,0,aigc_detect_bench,Real
corpora/aigc_detect_bench/images/Real/ood_0004271.jpg,0,aigc_detect_bench,Real
corpora/aigc_detect_bench/images/Real/ood_0004273.jpg,0,aigc_detect_bench,Real
corpora/aigc_detect_bench/images/Real/ood_0004275.jpg,0,aigc_detect_bench,Real
corpora/aigc_detect_bench/images/Real/ood_0004277.jpg,0,aigc_detect_bench,Real
corpora/aigc_detect_bench/images/Real/ood_0004279.jpg,0,aigc_detect_bench,Real
corpora/aigc_detect_bench/images/Real/ood_0004281.jpg,0,aigc_detect_bench,Real
corpora/aigc_detect_bench/images/Real/ood_0004283.jpg,0,aigc_detect_bench,Real
corpora/aigc_detect_bench/images/Real/ood_0004285.jpg,0,aigc_detect_bench,Real
corpora/aigc_detect_bench/images/Real/ood_0004287.jpg,0,aigc_detect_bench,Real
corpora/aigc_detect_bench/images/Real/ood_0004289.jpg,0,aigc_detect_bench,Real
corpora/aigc_detect_bench/images/Real/ood_0004291.jpg,0,aigc_detect_bench,Real
corpora/aigc_detect_bench/images/Real/ood_0004293.jpg,0,aigc_detect_bench,Real
corpora/aigc_detect_bench/images/Real/ood_0004295.jpg,0,aigc_detect_bench,Real
corpora/aigc_detect_bench/images/Real/ood_0004297.jpg,0,aigc_detect_bench,Real
corpora/aigc_detect_bench/images/Real/ood_0004299.jpg,0,aigc_detect_bench,Real
corpora/aigc_detect_bench/images/Real/ood_0004301.jpg,0,aigc_detect_bench,Real
corpora/aigc_detect_bench/images/Real/ood_0004303.jpg,0,aigc_detect_bench,Real
corpora/aigc_detect_bench/images/Real/ood_0004305.jpg,0,aigc_detect_bench,Real
corpora/aigc_detect_bench/images/Real/ood_0004307.jpg,0,aigc_detect_bench,Real
corpora/aigc_detect_bench/images/Real/ood_0004309.jpg,0,aigc_detect_bench,Real
corpora/aigc_detect_bench/images/Real/ood_0004311.jpg,0,aigc_detect_bench,Real
corpora/aigc_detect_bench/images/Real/ood_0004313.jpg,0,aigc_detect_bench,Real
corpora/aigc_detect_bench/images/Real/ood_0004315.jpg,0,aigc_detect_bench,Real
corpora/aigc_detect_bench/images/Real/ood_0004317.jpg,0,aigc_detect_bench,Real
corpora/aigc_detect_bench/images/Real/ood_0004319.jpg,0,aigc_detect_bench,Real
corpora/aigc_detect_bench/images/Real/ood_0004321.jpg,0,aigc_detect_bench,Real
corpora/aigc_detect_bench/images/Real/ood_0004323.jpg,0,aigc_detect_bench,Real
corpora/aigc_detect_bench/images/Real/ood_0004325.jpg,0,aigc_detect_bench,Real
corpora/aigc_detect_bench/images/Real/ood_0004327.jpg,0,aigc_detect_bench,Real
corpora/aigc_detect_bench/images/Real/ood_0004329.jpg,0,aigc_detect_bench,Real
corpora/aigc_detect_bench/images/Real/ood_0004331.jpg,0,aigc_detect_bench,Real
corpora/aigc_detect_bench/images/Real/ood_0004333.jpg,0,aigc_detect_bench,Real
corpora/aigc_detect_bench/images/Real/ood_0004335.jpg,0,aigc_detect_bench,Real
corpora/aigc_detect_bench/images/Real/ood_0004337.jpg,0,aigc_detect_bench,Real
corpora/aigc_detect_bench/images/Real/ood_0004339.jpg,0,aigc_detect_bench,Real
corpora/aigc_detect_bench/images/Real/ood_0004341.jpg,0,aigc_detect_bench,Real
corpora/aigc_detect_bench/images/Real/ood_0004343.jpg,0,aigc_detect_bench,Real
corpora/aigc_detect_bench/images/Real/ood_0004345.jpg,0,aigc_detect_bench,Real
corpora/aigc_detect_bench/images/Real/ood_0004347.jpg,0,aigc_detect_bench,Real
corpora/aigc_detect_bench/images/Real/ood_0004349.jpg,0,aigc_detect_bench,Real
corpora/aigc_detect_bench/images/Real/ood_0004351.jpg,0,aigc_detect_bench,Real
corpora/aigc_detect_bench/images/Real/ood_0004353.jpg,0,aigc_detect_bench,Real
corpora/aigc_detect_bench/images/Real/ood_0004355.jpg,0,aigc_detect_bench,Real
corpora/aigc_detect_bench/images/Real/ood_0004357.jpg,0,aigc_detect_bench,Real
corpora/aigc_detect_bench/images/Real/ood_0004359.jpg,0,aigc_detect_bench,Real
corpora/aigc_detect_bench/images/Real/ood_0004361.jpg,0,aigc_detect_bench,Real
corpora/aigc_detect_bench/images/Real/ood_0004363.jpg,0,aigc_detect_bench,Real
corpora/aigc_detect_bench/images/Real/ood_0004365.jpg,0,aigc_detect_bench,Real
corpora/aigc_detect_bench/images/Real/ood_0004367.jpg,0,aigc_detect_bench,Real
corpora/aigc_detect_bench/images/Real/ood_0004369.jpg,0,aigc_detect_bench,Real
corpora/aigc_detect_bench/images/Real/ood_0004371.jpg,0,aigc_detect_bench,Real
corpora/aigc_detect_bench/images/Real/ood_0004373.jpg,0,aigc_detect_bench,Real
corpora/aigc_detect_bench/images/Real/ood_0004375.jpg,0,aigc_detect_bench,Real
corpora/aigc_detect_bench/images/Real/ood_0004377.jpg,0,aigc_detect_bench,Real
corpora/aigc_detect_bench/images/Real/ood_0004379.jpg,0,aigc_detect_bench,Real
corpora/aigc_detect_bench/images/Real/ood_0004381.jpg,0,aigc_detect_bench,Real
corpora/aigc_detect_bench/images/Real/ood_0004383.jpg,0,aigc_detect_bench,Real
corpora/aigc_detect_bench/images/Real/ood_0004385.jpg,0,aigc_detect_bench,Real
corpora/aigc_detect_bench/images/Real/ood_0004387.jpg,0,aigc_detect_bench,Real
corpora/aigc_detect_bench/images/Real/ood_0004389.jpg,0,aigc_detect_bench,Real
corpora/aigc_detect_bench/images/Real/ood_0004391.jpg,0,aigc_detect_bench,Real
corpora/aigc_detect_bench/images/Real/ood_0004393.jpg,0,aigc_detect_bench,Real
corpora/aigc_detect_bench/images/Real/ood_0004395.jpg,0,aigc_detect_bench,Real
corpora/aigc_detect_bench/images/Real/ood_0004397.jpg,0,aigc_detect_bench,Real
corpora/aigc_detect_bench/images/Real/ood_0004399.jpg,0,aigc_detect_bench,Real
corpora/aigc_detect_bench/images/Real/ood_0004401.jpg,0,aigc_detect_bench,Real
corpora/aigc_detect_bench/images/Real/ood_0004403.jpg,0,aigc_detect_bench,Real
corpora/aigc_detect_bench/images/Real/ood_0004405.jpg,0,aigc_detect_bench,Real
corpora/aigc_detect_bench/images/Real/ood_0004407.jpg,0,aigc_detect_bench,Real
corpora/aigc_detect_bench/images/Real/ood_0004409.jpg,0,aigc_detect_bench,Real
corpora/aigc_detect_bench/images/Real/ood_0004411.jpg,0,aigc_detect_bench,Real
corpora/aigc_detect_bench/images/Real/ood_0004413.jpg,0,aigc_detect_bench,Real
corpora/aigc_detect_bench/images/Real/ood_0004415.jpg,0,aigc_detect_bench,Real
corpora/aigc_detect_bench/images/Real/ood_0004417.jpg,0,aigc_detect_bench,Real
corpora/aigc_detect_bench/images/Real/ood_0004419.jpg,0,aigc_detect_bench,Real
corpora/aigc_detect_bench/images/Real/ood_0004421.jpg,0,aigc_detect_bench,Real
corpora/aigc_detect_bench/images/Real/ood_0004423.jpg,0,aigc_detect_bench,Real
corpora/aigc_detect_bench/images/Real/ood_0004425.jpg,0,aigc_detect_bench,Real
corpora/aigc_detect_bench/images/Real/ood_0004427.jpg,0,aigc_detect_bench,Real
corpora/aigc_detect_bench/images/Real/ood_0004429.jpg,0,aigc_detect_bench,Real
corpora/aigc_detect_bench/images/Real/ood_0004431.jpg,0,aigc_detect_bench,Real
corpora/aigc_detect_bench/images/Real/ood_0004433.jpg,0,aigc_detect_bench,Real
corpora/aigc_detect_bench/images/Real/ood_0004435.jpg,0,aigc_detect_bench,Real
corpora/aigc_detect_bench/images/Real/ood_0004437.jpg,0,aigc_detect_bench,Real
corpora/aigc_detect_bench/images/Real/ood_0004439.jpg,0,aigc_detect_bench,Real
corpora/aigc_detect_bench/images/Real/ood_0004441.jpg,0,aigc_detect_bench,Real
corpora/aigc_detect_bench/images/Real/ood_0004443.jpg,0,aigc_detect_bench,Real
corpora/aigc_detect_bench/images/Real/ood_0004445.jpg,0,aigc_detect_bench,Real
corpora/aigc_detect_bench/images/Real/ood_0004447.jpg,0,aigc_detect_bench,Real
corpora/aigc_detect_bench/images/Real/ood_0004449.jpg,0,aigc_detect_bench,Real
corpora/aigc_detect_bench/images/Real/ood_0004451.jpg,0,aigc_detect_bench,Real
corpora/aigc_detect_bench/images/Real/ood_0004453.jpg,0,aigc_detect_bench,Real
corpora/aigc_detect_bench/images/Real/ood_0004455.jpg,0,aigc_detect_bench,Real
corpora/aigc_detect_bench/images/Real/ood_0004457.jpg,0,aigc_detect_bench,Real
corpora/aigc_detect_bench/images/Real/ood_0004459.jpg,0,aigc_detect_bench,Real
corpora/aigc_detect_bench/images/Real/ood_0004461.jpg,0,aigc_detect_bench,Real
corpora/aigc_detect_bench/images/Real/ood_0004463.jpg,0,aigc_detect_bench,Real
corpora/aigc_detect_bench/images/Real/ood_0004465.jpg,0,aigc_detect_bench,Real
corpora/aigc_detect_bench/images/Real/ood_0004467.jpg,0,aigc_detect_bench,Real
corpora/aigc_detect_bench/images/Real/ood_0004469.jpg,0,aigc_detect_bench,Real
corpora/aigc_detect_bench/images/Real/ood_0004471.jpg,0,aigc_detect_bench,Real
corpora/aigc_detect_bench/images/Real/ood_0004473.jpg,0,aigc_detect_bench,Real
corpora/aigc_detect_bench/images/Real/ood_0004475.jpg,0,aigc_detect_bench,Real
corpora/aigc_detect_bench/images/Real/ood_0004477.jpg,0,aigc_detect_bench,Real
corpora/aigc_detect_bench/images/Real/ood_0004479.jpg,0,aigc_detect_bench,Real
corpora/aigc_detect_bench/images/Real/ood_0004481.jpg,0,aigc_detect_bench,Real
corpora/aigc_detect_bench/images/Real/ood_0004483.jpg,0,aigc_detect_bench,Real
corpora/aigc_detect_bench/images/Real/ood_0004485.jpg,0,aigc_detect_bench,Real
corpora/aigc_detect_bench/images/Real/ood_0004487.jpg,0,aigc_detect_bench,Real
corpora/aigc_detect_bench/images/Real/ood_0004489.jpg,0,aigc_detect_bench,Real
corpora/aigc_detect_bench/images/Real/ood_0004491.jpg,0,aigc_detect_bench,Real
corpora/aigc_detect_bench/images/Real/ood_0004493.jpg,0,aigc_detect_bench,Real
corpora/aigc_detect_bench/images/Real/ood_0004495.jpg,0,aigc_detect_bench,Real
corpora/aigc_detect_bench/images/Real/ood_0004497.jpg,0,aigc_detect_bench,Real
corpora/aigc_detect_bench/images/Real/ood_0004499.jpg,0,aigc_detect_bench,Real
corpora/aigc_detect_bench/images/Real/ood_0004501.jpg,0,aigc_detect_bench,Real
corpora/aigc_detect_bench/images/Real/ood_0004503.jpg,0,aigc_detect_bench,Real
corpora/aigc_detect_bench/images/Real/ood_0004505.jpg,0,aigc_detect_bench,Real
corpora/aigc_detect_bench/images/Real/ood_0004507.jpg,0,aigc_detect_bench,Real
corpora/aigc_detect_bench/images/Real/ood_0004509.jpg,0,aigc_detect_bench,Real
corpora/aigc_detect_bench/images/Real/ood_0004511.jpg,0,aigc_detect_bench,Real
corpora/aigc_detect_bench/images/Real/ood_0004513.jpg,0,aigc_detect_bench,Real
corpora/aigc_detect_bench/images/Real/ood_0004515.jpg,0,aigc_detect_bench,Real
corpora/aigc_detect_bench/images/Real/ood_0004517.jpg,0,aigc_detect_bench,Real
corpora/aigc_detect_bench/images/Real/ood_0004519.jpg,0,aigc_detect_bench,Real
corpora/aigc_detect_bench/images/Real/ood_0004521.jpg,0,aigc_detect_bench,Real
corpora/aigc_detect_bench/images/Real/ood_0004523.jpg,0,aigc_detect_bench,Real
corpora/aigc_detect_bench/images/Real/ood_0004525.jpg,0,aigc_detect_bench,Real
corpora/aigc_detect_bench/images/Real/ood_0004527.jpg,0,aigc_detect_bench,Real
corpora/aigc_detect_bench/images/Real/ood_0004529.jpg,0,aigc_detect_bench,Real
corpora/aigc_detect_bench/images/Real/ood_0004531.jpg,0,aigc_detect_bench,Real
corpora/aigc_detect_bench/images/Real/ood_0004533.jpg,0,aigc_detect_bench,Real
corpora/aigc_detect_bench/images/Real/ood_0004535.jpg,0,aigc_detect_bench,Real
corpora/aigc_detect_bench/images/Real/ood_0004537.jpg,0,aigc_detect_bench,Real
corpora/aigc_detect_bench/images/Real/ood_0004539.jpg,0,aigc_detect_bench,Real
corpora/aigc_detect_bench/images/Real/ood_0004541.jpg,0,aigc_detect_bench,Real
corpora/aigc_detect_bench/images/Real/ood_0004543.jpg,0,aigc_detect_bench,Real
corpora/aigc_detect_bench/images/Real/ood_0004545.jpg,0,aigc_detect_bench,Real
corpora/aigc_detect_bench/images/Real/ood_0004547.jpg,0,aigc_detect_bench,Real
corpora/aigc_detect_bench/images/Real/ood_0004549.jpg,0,aigc_detect_bench,Real
corpora/aigc_detect_bench/images/Real/ood_0004551.jpg,0,aigc_detect_bench,Real
corpora/aigc_detect_bench/images/Real/ood_0004553.jpg,0,aigc_detect_bench,Real
corpora/aigc_detect_bench/images/Real/ood_0004555.jpg,0,aigc_detect_bench,Real
corpora/aigc_detect_bench/images/Real/ood_0004557.jpg,0,aigc_detect_bench,Real
corpora/aigc_detect_bench/images/Real/ood_0004559.jpg,0,aigc_detect_bench,Real
corpora/aigc_detect_bench/images/Real/ood_0004561.jpg,0,aigc_detect_bench,Real
corpora/aigc_detect_bench/images/Real/ood_0004563.jpg,0,aigc_detect_bench,Real
corpora/aigc_detect_bench/images/Real/ood_0004565.jpg,0,aigc_detect_bench,Real
corpora/aigc_detect_bench/images/Real/ood_0004567.jpg,0,aigc_detect_bench,Real
corpora/aigc_detect_bench/images/Real/ood_0004569.jpg,0,aigc_detect_bench,Real
corpora/aigc_detect_bench/images/Real/ood_0004571.jpg,0,aigc_detect_bench,Real
corpora/aigc_detect_bench/images/Real/ood_0004573.jpg,0,aigc_detect_bench,Real
corpora/aigc_detect_bench/images/Real/ood_0004575.jpg,0,aigc_detect_bench,Real
corpora/aigc_detect_bench/images/Real/ood_0004577.jpg,0,aigc_detect_bench,Real
corpora/aigc_detect_bench/images/Real/ood_0004579.jpg,0,aigc_detect_bench,Real
corpora/aigc_detect_bench/images/Real/ood_0004581.jpg,0,aigc_detect_bench,Real
corpora/aigc_detect_bench/images/Real/ood_0004583.jpg,0,aigc_detect_bench,Real
corpora/aigc_detect_bench/images/Real/ood_0004585.jpg,0,aigc_detect_bench,Real
corpora/aigc_detect_bench/images/Real/ood_0004587.jpg,0,aigc_detect_bench,Real
corpora/aigc_detect_bench/images/Real/ood_0004589.jpg,0,aigc_detect_bench,Real
corpora/aigc_detect_bench/images/Real/ood_0004591.jpg,0,aigc_detect_bench,Real
corpora/aigc_detect_bench/images/Real/ood_0004593.jpg,0,aigc_detect_bench,Real
corpora/aigc_detect_bench/images/Real/ood_0004595.jpg,0,aigc_detect_bench,Real
corpora/aigc_detect_bench/images/Real/ood_0004597.jpg,0,aigc_detect_bench,Real
corpora/aigc_detect_bench/images/Real/ood_0004599.jpg,0,aigc_detect_bench,Real
corpora/aigc_detect_bench/images/Real/ood_0004601.jpg,0,aigc_detect_bench,Real
corpora/aigc_detect_bench/images/Real/ood_0004603.jpg,0,aigc_detect_bench,Real
corpora/aigc_detect_bench/images/Real/ood_0004605.jpg,0,aigc_detect_bench,Real
corpora/aigc_detect_bench/images/Real/ood_0004607.jpg,0,aigc_detect_bench,Real
corpora/aigc_detect_bench/images/Real/ood_0004609.jpg,0,aigc_detect_bench,Real
corpora/aigc_detect_bench/images/Real/ood_0004611.jpg,0,aigc_detect_bench,Real
corpora/aigc_detect_bench/images/Real/ood_0004613.jpg,0,aigc_detect_bench,Real
corpora/aigc_detect_bench/images/Real/ood_0004615.jpg,0,aigc_detect_bench,Real
corpora/aigc_detect_bench/images/Real/ood_0004617.jpg,0,aigc_detect_bench,Real
corpora/aigc_detect_bench/images/Real/ood_0004619.jpg,0,aigc_detect_bench,Real
corpora/aigc_detect_bench/images/Real/ood_0004621.jpg,0,aigc_detect_bench,Real
corpora/aigc_detect_bench/images/Real/ood_0004623.jpg,0,aigc_detect_bench,Real
corpora/aigc_detect_bench/images/Real/ood_0004625.jpg,0,aigc_detect_bench,Real
corpora/aigc_detect_bench/images/Real/ood_0004627.jpg,0,aigc_detect_bench,Real
corpora/aigc_detect_bench/images/Real/ood_0004629.jpg,0,aigc_detect_bench,Real
corpora/aigc_detect_bench/images/Real/ood_0004631.jpg,0,aigc_detect_bench,Real
corpora/aigc_detect_bench/images/Real/ood_0004633.jpg,0,aigc_detect_bench,Real
corpora/aigc_detect_bench/images/Real/ood_0004635.jpg,0,aigc_detect_bench,Real
corpora/aigc_detect_bench/images/Real/ood_0004637.jpg,0,aigc_detect_bench,Real
corpora/aigc_detect_bench/images/Real/ood_0004639.jpg,0,aigc_detect_bench,Real
corpora/aigc_detect_bench/images/Real/ood_0004641.jpg,0,aigc_detect_bench,Real
corpora/aigc_detect_bench/images/Real/ood_0004643.jpg,0,aigc_detect_bench,Real
corpora/aigc_detect_bench/images/Real/ood_0004645.jpg,0,aigc_detect_bench,Real
corpora/aigc_detect_bench/images/Real/ood_0004647.jpg,0,aigc_detect_bench,Real
corpora/aigc_detect_bench/images/Real/ood_0004649.jpg,0,aigc_detect_bench,Real
corpora/aigc_detect_bench/images/Real/ood_0004651.jpg,0,aigc_detect_bench,Real
corpora/aigc_detect_bench/images/Real/ood_0004653.jpg,0,aigc_detect_bench,Real
corpora/aigc_detect_bench/images/Real/ood_0004655.jpg,0,aigc_detect_bench,Real
corpora/aigc_detect_bench/images/Real/ood_0004657.jpg,0,aigc_detect_bench,Real
corpora/aigc_detect_bench/images/Real/ood_0004659.jpg,0,aigc_detect_bench,Real
corpora/aigc_detect_bench/images/Real/ood_0004661.jpg,0,aigc_detect_bench,Real
corpora/aigc_detect_bench/images/Real/ood_0004663.jpg,0,aigc_detect_bench,Real
corpora/aigc_detect_bench/images/Real/ood_0004665.jpg,0,aigc_detect_bench,Real
corpora/aigc_detect_bench/images/Real/ood_0004667.jpg,0,aigc_detect_bench,Real
corpora/aigc_detect_bench/images/Real/ood_0004669.jpg,0,aigc_detect_bench,Real
corpora/aigc_detect_bench/images/Real/ood_0004671.jpg,0,aigc_detect_bench,Real
corpora/aigc_detect_bench/images/Real/ood_0004673.jpg,0,aigc_detect_bench,Real
corpora/aigc_detect_bench/images/Real/ood_0004675.jpg,0,aigc_detect_bench,Real
corpora/aigc_detect_bench/images/Real/ood_0004677.jpg,0,aigc_detect_bench,Real
corpora/aigc_detect_bench/images/Real/ood_0004679.jpg,0,aigc_detect_bench,Real
corpora/aigc_detect_bench/images/Real/ood_0004681.jpg,0,aigc_detect_bench,Real
corpora/aigc_detect_bench/images/Real/ood_0004683.jpg,0,aigc_detect_bench,Real
corpora/aigc_detect_bench/images/Real/ood_0004685.jpg,0,aigc_detect_bench,Real
corpora/aigc_detect_bench/images/Real/ood_0004687.jpg,0,aigc_detect_bench,Real
corpora/aigc_detect_bench/images/Real/ood_0004689.jpg,0,aigc_detect_bench,Real
corpora/aigc_detect_bench/images/Real/ood_0004691.jpg,0,aigc_detect_bench,Real
corpora/aigc_detect_bench/images/Real/ood_0004693.jpg,0,aigc_detect_bench,Real
corpora/aigc_detect_bench/images/Real/ood_0004695.jpg,0,aigc_detect_bench,Real
corpora/aigc_detect_bench/images/Real/ood_0004697.jpg,0,aigc_detect_bench,Real
corpora/aigc_detect_bench/images/Real/ood_0004699.jpg,0,aigc_detect_bench,Real
corpora/aigc_detect_bench/images/Real/ood_0004701.jpg,0,aigc_detect_bench,Real
corpora/aigc_detect_bench/images/Real/ood_0004703.jpg,0,aigc_detect_bench,Real
corpora/aigc_detect_bench/images/Real/ood_0004705.jpg,0,aigc_detect_bench,Real
corpora/aigc_detect_bench/images/Real/ood_0004707.jpg,0,aigc_detect_bench,Real
corpora/aigc_detect_bench/images/Real/ood_0004709.jpg,0,aigc_detect_bench,Real
corpora/aigc_detect_bench/images/Real/ood_0004711.jpg,0,aigc_detect_bench,Real
corpora/aigc_detect_bench/images/Real/ood_0004713.jpg,0,aigc_detect_bench,Real
corpora/aigc_detect_bench/images/Real/ood_0004715.jpg,0,aigc_detect_bench,Real
corpora/aigc_detect_bench/images/Real/ood_0004717.jpg,0,aigc_detect_bench,Real
corpora/aigc_detect_bench/images/Real/ood_0004719.jpg,0,aigc_detect_bench,Real
corpora/aigc_detect_bench/images/Real/ood_0004721.jpg,0,aigc_detect_bench,Real
corpora/aigc_detect_bench/images/Real/ood_0004723.jpg,0,aigc_detect_bench,Real
corpora/aigc_detect_bench/images/Real/ood_0004725.jpg,0,aigc_detect_bench,Real
corpora/aigc_detect_bench/images/Real/ood_0004727.jpg,0,aigc_detect_bench,Real
corpora/aigc_detect_bench/images/Real/ood_0004729.jpg,0,aigc_detect_bench,Real
corpora/aigc_detect_bench/images/Real/ood_0004731.jpg,0,aigc_detect_bench,Real
corpora/aigc_detect_bench/images/Real/ood_0004733.jpg,0,aigc_detect_bench,Real
corpora/aigc_detect_bench/images/Real/ood_0004735.jpg,0,aigc_detect_bench,Real
corpora/aigc_detect_bench/images/Real/ood_0004737.jpg,0,aigc_detect_bench,Real
corpora/aigc_detect_bench/images/Real/ood_0004739.jpg,0,aigc_detect_bench,Real
corpora/aigc_detect_bench/images/Real/ood_0004741.jpg,0,aigc_detect_bench,Real
corpora/aigc_detect_bench/images/Real/ood_0004743.jpg,0,aigc_detect_bench,Real
corpora/aigc_detect_bench/images/Real/ood_0004745.jpg,0,aigc_detect_bench,Real
corpora/aigc_detect_bench/images/Real/ood_0004747.jpg,0,aigc_detect_bench,Real
corpora/aigc_detect_bench/images/Real/ood_0004749.jpg,0,aigc_detect_bench,Real
corpora/aigc_detect_bench/images/Real/ood_0004751.jpg,0,aigc_detect_bench,Real
corpora/aigc_detect_bench/images/Real/ood_0004753.jpg,0,aigc_detect_bench,Real
corpora/aigc_detect_bench/images/Real/ood_0004755.jpg,0,aigc_detect_bench,Real
corpora/aigc_detect_bench/images/Real/ood_0004757.jpg,0,aigc_detect_bench,Real
corpora/aigc_detect_bench/images/Real/ood_0004759.jpg,0,aigc_detect_bench,Real
corpora/aigc_detect_bench/images/Real/ood_0004761.jpg,0,aigc_detect_bench,Real
corpora/aigc_detect_bench/images/Real/ood_0004763.jpg,0,aigc_detect_bench,Real
corpora/aigc_detect_bench/images/Real/ood_0004765.jpg,0,aigc_detect_bench,Real
corpora/aigc_detect_bench/images/Real/ood_0004767.jpg,0,aigc_detect_bench,Real
corpora/aigc_detect_bench/images/Real/ood_0004769.jpg,0,aigc_detect_bench,Real
corpora/aigc_detect_bench/images/Real/ood_0004771.jpg,0,aigc_detect_bench,Real
corpora/aigc_detect_bench/images/Real/ood_0004773.jpg,0,aigc_detect_bench,Real
corpora/aigc_detect_bench/images/Real/ood_0004775.jpg,0,aigc_detect_bench,Real
corpora/aigc_detect_bench/images/Real/ood_0004777.jpg,0,aigc_detect_bench,Real
corpora/aigc_detect_bench/images/Real/ood_0004779.jpg,0,aigc_detect_bench,Real
corpora/aigc_detect_bench/images/Real/ood_0004781.jpg,0,aigc_detect_bench,Real
corpora/aigc_detect_bench/images/Real/ood_0004783.jpg,0,aigc_detect_bench,Real
corpora/aigc_detect_bench/images/Real/ood_0004785.jpg,0,aigc_detect_bench,Real
corpora/aigc_detect_bench/images/Real/ood_0004787.jpg,0,aigc_detect_bench,Real
corpora/aigc_detect_bench/images/Real/ood_0004789.jpg,0,aigc_detect_bench,Real
corpora/aigc_detect_bench/images/Real/ood_0004791.jpg,0,aigc_detect_bench,Real
corpora/aigc_detect_bench/images/Real/ood_0004793.jpg,0,aigc_detect_bench,Real
corpora/aigc_detect_bench/images/Real/ood_0004795.jpg,0,aigc_detect_bench,Real
corpora/aigc_detect_bench/images/Real/ood_0004797.jpg,0,aigc_detect_bench,Real
corpora/aigc_detect_bench/images/Real/ood_0004799.jpg,0,aigc_detect_bench,Real
corpora/aigc_detect_bench/images/Real/ood_0004801.jpg,0,aigc_detect_bench,Real
corpora/aigc_detect_bench/images/Real/ood_0004803.jpg,0,aigc_detect_bench,Real
corpora/aigc_detect_bench/images/Real/ood_0004805.jpg,0,aigc_detect_bench,Real
corpora/aigc_detect_bench/images/Real/ood_0004807.jpg,0,aigc_detect_bench,Real
corpora/aigc_detect_bench/images/Real/ood_0004809.jpg,0,aigc_detect_bench,Real
corpora/aigc_detect_bench/images/Real/ood_0004811.jpg,0,aigc_detect_bench,Real
corpora/aigc_detect_bench/images/Real/ood_0004813.jpg,0,aigc_detect_bench,Real
corpora/aigc_detect_bench/images/Real/ood_0004815.jpg,0,aigc_detect_bench,Real
corpora/aigc_detect_bench/images/Real/ood_0004817.jpg,0,aigc_detect_bench,Real
corpora/aigc_detect_bench/images/Real/ood_0004819.jpg,0,aigc_detect_bench,Real
corpora/aigc_detect_bench/images/Real/ood_0004821.jpg,0,aigc_detect_bench,Real
corpora/aigc_detect_bench/images/Real/ood_0004823.jpg,0,aigc_detect_bench,Real
corpora/aigc_detect_bench/images/Real/ood_0004825.jpg,0,aigc_detect_bench,Real
corpora/aigc_detect_bench/images/Real/ood_0004827.jpg,0,aigc_detect_bench,Real
corpora/aigc_detect_bench/images/Real/ood_0004829.jpg,0,aigc_detect_bench,Real
corpora/aigc_detect_bench/images/Real/ood_0004831.jpg,0,aigc_detect_bench,Real
corpora/aigc_detect_bench/images/Real/ood_0004833.jpg,0,aigc_detect_bench,Real
corpora/aigc_detect_bench/images/Real/ood_0004835.jpg,0,aigc_detect_bench,Real
corpora/aigc_detect_bench/images/Real/ood_0004837.jpg,0,aigc_detect_bench,Real
corpora/aigc_detect_bench/images/Real/ood_0004839.jpg,0,aigc_detect_bench,Real
corpora/aigc_detect_bench/images/Real/ood_0004841.jpg,0,aigc_detect_bench,Real
corpora/aigc_detect_bench/images/Real/ood_0004843.jpg,0,aigc_detect_bench,Real
corpora/aigc_detect_bench/images/Real/ood_0004845.jpg,0,aigc_detect_bench,Real
corpora/aigc_detect_bench/images/Real/ood_0004847.jpg,0,aigc_detect_bench,Real
corpora/aigc_detect_bench/images/Real/ood_0004849.jpg,0,aigc_detect_bench,Real
corpora/aigc_detect_bench/images/Real/ood_0004851.jpg,0,aigc_detect_bench,Real
corpora/aigc_detect_bench/images/Real/ood_0004853.jpg,0,aigc_detect_bench,Real
corpora/aigc_detect_bench/images/Real/ood_0004855.jpg,0,aigc_detect_bench,Real
corpora/aigc_detect_bench/images/Real/ood_0004857.jpg,0,aigc_detect_bench,Real
corpora/aigc_detect_bench/images/Real/ood_0004859.jpg,0,aigc_detect_bench,Real
corpora/aigc_detect_bench/images/Real/ood_0004861.jpg,0,aigc_detect_bench,Real
corpora/aigc_detect_bench/images/Real/ood_0004863.jpg,0,aigc_detect_bench,Real
corpora/aigc_detect_bench/images/Real/ood_0004865.jpg,0,aigc_detect_bench,Real
corpora/aigc_detect_bench/images/Real/ood_0004867.jpg,0,aigc_detect_bench,Real
corpora/aigc_detect_bench/images/Real/ood_0004869.jpg,0,aigc_detect_bench,Real
corpora/aigc_detect_bench/images/Real/ood_0004871.jpg,0,aigc_detect_bench,Real
corpora/aigc_detect_bench/images/Real/ood_0004873.jpg,0,aigc_detect_bench,Real
corpora/aigc_detect_bench/images/Real/ood_0004875.jpg,0,aigc_detect_bench,Real
corpora/aigc_detect_bench/images/Real/ood_0004877.jpg,0,aigc_detect_bench,Real
corpora/aigc_detect_bench/images/Real/ood_0004879.jpg,0,aigc_detect_bench,Real
corpora/aigc_detect_bench/images/Real/ood_0004881.jpg,0,aigc_detect_bench,Real
corpora/aigc_detect_bench/images/Real/ood_0004883.jpg,0,aigc_detect_bench,Real
corpora/aigc_detect_bench/images/Real/ood_0004885.jpg,0,aigc_detect_bench,Real
corpora/aigc_detect_bench/images/Real/ood_0004887.jpg,0,aigc_detect_bench,Real
corpora/aigc_detect_bench/images/Real/ood_0004889.jpg,0,aigc_detect_bench,Real
corpora/aigc_detect_bench/images/Real/ood_0004891.jpg,0,aigc_detect_bench,Real
corpora/aigc_detect_bench/images/Real/ood_0004893.jpg,0,aigc_detect_bench,Real
corpora/aigc_detect_bench/images/Real/ood_0004895.jpg,0,aigc_detect_bench,Real
corpora/aigc_detect_bench/images/Real/ood_0004897.jpg,0,aigc_detect_bench,Real
corpora/aigc_detect_bench/images/Real/ood_0004899.jpg,0,aigc_detect_bench,Real
corpora/aigc_detect_bench/images/Real/ood_0004901.jpg,0,aigc_detect_bench,Real
corpora/aigc_detect_bench/images/Real/ood_0004903.jpg,0,aigc_detect_bench,Real
corpora/aigc_detect_bench/images/Real/ood_0004905.jpg,0,aigc_detect_bench,Real
corpora/aigc_detect_bench/images/Real/ood_0004907.jpg,0,aigc_detect_bench,Real
corpora/aigc_detect_bench/images/Real/ood_0004909.jpg,0,aigc_detect_bench,Real
corpora/aigc_detect_bench/images/Real/ood_0004911.jpg,0,aigc_detect_bench,Real
corpora/aigc_detect_bench/images/Real/ood_0004913.jpg,0,aigc_detect_bench,Real
corpora/aigc_detect_bench/images/Real/ood_0004915.jpg,0,aigc_detect_bench,Real
corpora/aigc_detect_bench/images/Real/ood_0004917.jpg,0,aigc_detect_bench,Real
corpora/aigc_detect_bench/images/Real/ood_0004919.jpg,0,aigc_detect_bench,Real
corpora/aigc_detect_bench/images/Real/ood_0004921.jpg,0,aigc_detect_bench,Real
corpora/aigc_detect_bench/images/Real/ood_0004923.jpg,0,aigc_detect_bench,Real
corpora/aigc_detect_bench/images/Real/ood_0004925.jpg,0,aigc_detect_bench,Real
corpora/aigc_detect_bench/images/Real/ood_0004927.jpg,0,aigc_detect_bench,Real
corpora/aigc_detect_bench/images/Real/ood_0004929.jpg,0,aigc_detect_bench,Real
corpora/aigc_detect_bench/images/Real/ood_0004931.jpg,0,aigc_detect_bench,Real
corpora/aigc_detect_bench/images/Real/ood_0004933.jpg,0,aigc_detect_bench,Real
corpora/aigc_detect_bench/images/Real/ood_0004935.jpg,0,aigc_detect_bench,Real
corpora/aigc_detect_bench/images/Real/ood_0004937.jpg,0,aigc_detect_bench,Real
corpora/aigc_detect_bench/images/Real/ood_0004939.jpg,0,aigc_detect_bench,Real
corpora/aigc_detect_bench/images/Real/ood_0004941.jpg,0,aigc_detect_bench,Real
corpora/aigc_detect_bench/images/Real/ood_0004943.jpg,0,aigc_detect_bench,Real
corpora/aigc_detect_bench/images/Real/ood_0004945.jpg,0,aigc_detect_bench,Real
corpora/aigc_detect_bench/images/Real/ood_0004947.jpg,0,aigc_detect_bench,Real
corpora/aigc_detect_bench/images/Real/ood_0004949.jpg,0,aigc_detect_bench,Real
corpora/aigc_detect_bench/images/Real/ood_0004951.jpg,0,aigc_detect_bench,Real
corpora/aigc_detect_bench/images/Real/ood_0004953.jpg,0,aigc_detect_bench,Real
corpora/aigc_detect_bench/images/Real/ood_0004955.jpg,0,aigc_detect_bench,Real
corpora/aigc_detect_bench/images/Real/ood_0004957.jpg,0,aigc_detect_bench,Real
corpora/aigc_detect_bench/images/Real/ood_0004959.jpg,0,aigc_detect_bench,Real
corpora/aigc_detect_bench/images/Real/ood_0004961.jpg,0,aigc_detect_bench,Real
corpora/aigc_detect_bench/images/Real/ood_0004963.jpg,0,aigc_detect_bench,Real
corpora/aigc_detect_bench/images/Real/ood_0004965.jpg,0,aigc_detect_bench,Real
corpora/aigc_detect_bench/images/Real/ood_0004967.jpg,0,aigc_detect_bench,Real
corpora/aigc_detect_bench/images/Real/ood_0004969.jpg,0,aigc_detect_bench,Real
corpora/aigc_detect_bench/images/Real/ood_0004971.jpg,0,aigc_detect_bench,Real
corpora/aigc_detect_bench/images/Real/ood_0004973.jpg,0,aigc_detect_bench,Real
corpora/aigc_detect_bench/images/Real/ood_0004975.jpg,0,aigc_detect_bench,Real
corpora/aigc_detect_bench/images/Real/ood_0004977.jpg,0,aigc_detect_bench,Real
corpora/aigc_detect_bench/images/Real/ood_0004979.jpg,0,aigc_detect_bench,Real
corpora/aigc_detect_bench/images/Real/ood_0004981.jpg,0,aigc_detect_bench,Real
corpora/aigc_detect_bench/images/Real/ood_0004983.jpg,0,aigc_detect_bench,Real
corpora/aigc_detect_bench/images/Real/ood_0004985.jpg,0,aigc_detect_bench,Real
corpora/aigc_detect_bench/images/Real/ood_0004987.jpg,0,aigc_detect_bench,Real
corpora/aigc_detect_bench/images/Real/ood_0004989.jpg,0,aigc_detect_bench,Real
corpora/aigc_detect_bench/images/Real/ood_0004991.jpg,0,aigc_detect_bench,Real
corpora/aigc_detect_bench/images/Real/ood_0004993.jpg,0,aigc_detect_bench,Real
corpora/aigc_detect_bench/images/Real/ood_0004995.jpg,0,aigc_detect_bench,Real
corpora/aigc_detect_bench/images/Real/ood_0004997.jpg,0,aigc_detect_bench,Real
corpora/aigc_detect_bench/images/Real/ood_0004999.jpg,0,aigc_detect_bench,Real
corpora/aigc_detect_bench/images/Real/ood_0005001.jpg,0,aigc_detect_bench,Real
corpora/aigc_detect_bench/images/Real/ood_0005003.jpg,0,aigc_detect_bench,Real
corpora/aigc_detect_bench/images/Real/ood_0005005.jpg,0,aigc_detect_bench,Real
corpora/aigc_detect_bench/images/Real/ood_0005007.jpg,0,aigc_detect_bench,Real
corpora/aigc_detect_bench/images/Real/ood_0005009.jpg,0,aigc_detect_bench,Real
corpora/aigc_detect_bench/images/Real/ood_0005011.jpg,0,aigc_detect_bench,Real
corpora/aigc_detect_bench/images/Real/ood_0005013.jpg,0,aigc_detect_bench,Real
corpora/aigc_detect_bench/images/Real/ood_0005015.jpg,0,aigc_detect_bench,Real
corpora/aigc_detect_bench/images/Real/ood_0005017.jpg,0,aigc_detect_bench,Real
corpora/aigc_detect_bench/images/Real/ood_0005019.jpg,0,aigc_detect_bench,Real
corpora/aigc_detect_bench/images/Real/ood_0005021.jpg,0,aigc_detect_bench,Real
corpora/aigc_detect_bench/images/Real/ood_0005023.jpg,0,aigc_detect_bench,Real
corpora/aigc_detect_bench/images/Real/ood_0005025.jpg,0,aigc_detect_bench,Real
corpora/aigc_detect_bench/images/Real/ood_0005027.jpg,0,aigc_detect_bench,Real
corpora/aigc_detect_bench/images/Real/ood_0005029.jpg,0,aigc_detect_bench,Real
corpora/aigc_detect_bench/images/Real/ood_0005031.jpg,0,aigc_detect_bench,Real
corpora/aigc_detect_bench/images/Real/ood_0005033.jpg,0,aigc_detect_bench,Real
corpora/aigc_detect_bench/images/Real/ood_0005035.jpg,0,aigc_detect_bench,Real
corpora/aigc_detect_bench/images/Real/ood_0005037.jpg,0,aigc_detect_bench,Real
corpora/aigc_detect_bench/images/Real/ood_0005039.jpg,0,aigc_detect_bench,Real
corpora/aigc_detect_bench/images/Real/ood_0005041.jpg,0,aigc_detect_bench,Real
corpora/aigc_detect_bench/images/Real/ood_0005043.jpg,0,aigc_detect_bench,Real
corpora/aigc_detect_bench/images/Real/ood_0005045.jpg,0,aigc_detect_bench,Real
corpora/aigc_detect_bench/images/Real/ood_0005047.jpg,0,aigc_detect_bench,Real
corpora/aigc_detect_bench/images/Real/ood_0005049.jpg,0,aigc_detect_bench,Real
corpora/aigc_detect_bench/images/Real/ood_0005051.jpg,0,aigc_detect_bench,Real
corpora/aigc_detect_bench/images/Real/ood_0005053.jpg,0,aigc_detect_bench,Real
corpora/aigc_detect_bench/images/Real/ood_0005055.jpg,0,aigc_detect_bench,Real
corpora/aigc_detect_bench/images/Real/ood_0005057.jpg,0,aigc_detect_bench,Real
corpora/aigc_detect_bench/images/Real/ood_0005059.jpg,0,aigc_detect_bench,Real
corpora/aigc_detect_bench/images/Real/ood_0005061.jpg,0,aigc_detect_bench,Real
corpora/aigc_detect_bench/images/Real/ood_0005063.jpg,0,aigc_detect_bench,Real
corpora/aigc_detect_bench/images/Real/ood_0005065.jpg,0,aigc_detect_bench,Real
corpora/aigc_detect_bench/images/Real/ood_0005067.jpg,0,aigc_detect_bench,Real
corpora/aigc_detect_bench/images/Real/ood_0005069.jpg,0,aigc_detect_bench,Real
corpora/aigc_detect_bench/images/Real/ood_0005071.jpg,0,aigc_detect_bench,Real
corpora/aigc_detect_bench/images/Real/ood_0005073.jpg,0,aigc_detect_bench,Real
corpora/aigc_detect_bench/images/Real/ood_0005075.jpg,0,aigc_detect_bench,Real
corpora/aigc_detect_bench/images/Real/ood_0005077.jpg,0,aigc_detect_bench,Real
corpora/aigc_detect_bench/images/Real/ood_0005079.jpg,0,aigc_detect_bench,Real
corpora/aigc_detect_bench/images/Real/ood_0005081.jpg,0,aigc_detect_bench,Real
corpora/aigc_detect_bench/images/Real/ood_0005083.jpg,0,aigc_detect_bench,Real
corpora/aigc_detect_bench/images/Real/ood_0005085.jpg,0,aigc_detect_bench,Real
corpora/aigc_detect_bench/images/Real/ood_0005087.jpg,0,aigc_detect_bench,Real
corpora/aigc_detect_bench/images/Real/ood_0005089.jpg,0,aigc_detect_bench,Real
corpora/aigc_detect_bench/images/Real/ood_0005091.jpg,0,aigc_detect_bench,Real
corpora/aigc_detect_bench/images/Real/ood_0005093.jpg,0,aigc_detect_bench,Real
corpora/aigc_detect_bench/images/Real/ood_0005095.jpg,0,aigc_detect_bench,Real
corpora/aigc_detect_bench/images/Real/ood_0005097.jpg,0,aigc_detect_bench,Real
corpora/aigc_detect_bench/images/Real/ood_0005099.jpg,0,aigc_detect_bench,Real
corpora/aigc_detect_bench/images/Real/ood_0005101.jpg,0,aigc_detect_bench,Real
corpora/aigc_detect_bench/images/Real/ood_0005103.jpg,0,aigc_detect_bench,Real
corpora/aigc_detect_bench/images/Real/ood_0005105.jpg,0,aigc_detect_bench,Real
corpora/aigc_detect_bench/images/Real/ood_0005107.jpg,0,aigc_detect_bench,Real
corpora/aigc_detect_bench/images/Real/ood_0005109.jpg,0,aigc_detect_bench,Real
corpora/aigc_detect_bench/images/Real/ood_0005111.jpg,0,aigc_detect_bench,Real
corpora/aigc_detect_bench/images/Real/ood_0005113.jpg,0,aigc_detect_bench,Real
corpora/aigc_detect_bench/images/Real/ood_0005115.jpg,0,aigc_detect_bench,Real
corpora/aigc_detect_bench/images/Real/ood_0005117.jpg,0,aigc_detect_bench,Real
corpora/aigc_detect_bench/images/Real/ood_0005119.jpg,0,aigc_detect_bench,Real
corpora/aigc_detect_bench/images/Real/ood_0005121.jpg,0,aigc_detect_bench,Real
corpora/aigc_detect_bench/images/Real/ood_0005123.jpg,0,aigc_detect_bench,Real
corpora/aigc_detect_bench/images/Real/ood_0005125.jpg,0,aigc_detect_bench,Real
corpora/aigc_detect_bench/images/Real/ood_0005127.jpg,0,aigc_detect_bench,Real
corpora/aigc_detect_bench/images/Real/ood_0005129.jpg,0,aigc_detect_bench,Real
corpora/aigc_detect_bench/images/Real/ood_0005131.jpg,0,aigc_detect_bench,Real
corpora/aigc_detect_bench/images/Real/ood_0005133.jpg,0,aigc_detect_bench,Real
corpora/aigc_detect_bench/images/Real/ood_0005135.jpg,0,aigc_detect_bench,Real
corpora/aigc_detect_bench/images/Real/ood_0005137.jpg,0,aigc_detect_bench,Real
corpora/aigc_detect_bench/images/Real/ood_0005139.jpg,0,aigc_detect_bench,Real
corpora/aigc_detect_bench/images/Real/ood_0005141.jpg,0,aigc_detect_bench,Real
corpora/aigc_detect_bench/images/Real/ood_0005143.jpg,0,aigc_detect_bench,Real
corpora/aigc_detect_bench/images/Real/ood_0005145.jpg,0,aigc_detect_bench,Real
corpora/aigc_detect_bench/images/Real/ood_0005147.jpg,0,aigc_detect_bench,Real
corpora/aigc_detect_bench/images/Real/ood_0005149.jpg,0,aigc_detect_bench,Real
corpora/aigc_detect_bench/images/Real/ood_0005151.jpg,0,aigc_detect_bench,Real
corpora/aigc_detect_bench/images/Real/ood_0005153.jpg,0,aigc_detect_bench,Real
corpora/aigc_detect_bench/images/Real/ood_0005155.jpg,0,aigc_detect_bench,Real
corpora/aigc_detect_bench/images/Real/ood_0005157.jpg,0,aigc_detect_bench,Real
corpora/aigc_detect_bench/images/Real/ood_0005159.jpg,0,aigc_detect_bench,Real
corpora/aigc_detect_bench/images/Real/ood_0005161.jpg,0,aigc_detect_bench,Real
corpora/aigc_detect_bench/images/Real/ood_0005163.jpg,0,aigc_detect_bench,Real
corpora/aigc_detect_bench/images/Real/ood_0005165.jpg,0,aigc_detect_bench,Real
corpora/aigc_detect_bench/images/Real/ood_0005167.jpg,0,aigc_detect_bench,Real
corpora/aigc_detect_bench/images/Real/ood_0005169.jpg,0,aigc_detect_bench,Real
corpora/aigc_detect_bench/images/Real/ood_0005171.jpg,0,aigc_detect_bench,Real
corpora/aigc_detect_bench/images/Real/ood_0005173.jpg,0,aigc_detect_bench,Real
corpora/aigc_detect_bench/images/Real/ood_0005175.jpg,0,aigc_detect_bench,Real
corpora/aigc_detect_bench/images/Real/ood_0005177.jpg,0,aigc_detect_bench,Real
corpora/aigc_detect_bench/images/Real/ood_0005179.jpg,0,aigc_detect_bench,Real
corpora/aigc_detect_bench/images/Real/ood_0005181.jpg,0,aigc_detect_bench,Real
corpora/aigc_detect_bench/images/Real/ood_0005183.jpg,0,aigc_detect_bench,Real
corpora/aigc_detect_bench/images/Real/ood_0005185.jpg,0,aigc_detect_bench,Real
corpora/aigc_detect_bench/images/Real/ood_0005187.jpg,0,aigc_detect_bench,Real
corpora/aigc_detect_bench/images/Real/ood_0005189.jpg,0,aigc_detect_bench,Real
corpora/aigc_detect_bench/images/Real/ood_0005191.jpg,0,aigc_detect_bench,Real
corpora/aigc_detect_bench/images/Real/ood_0005193.jpg,0,aigc_detect_bench,Real
corpora/aigc_detect_bench/images/Real/ood_0005195.jpg,0,aigc_detect_bench,Real
corpora/aigc_detect_bench/images/Real/ood_0005197.jpg,0,aigc_detect_bench,Real
corpora/aigc_detect_bench/images/Real/ood_0005199.jpg,0,aigc_detect_bench,Real
corpora/aigc_detect_bench/images/Real/ood_0005201.jpg,0,aigc_detect_bench,Real
corpora/aigc_detect_bench/images/Real/ood_0005203.jpg,0,aigc_detect_bench,Real
corpora/aigc_detect_bench/images/Real/ood_0005205.jpg,0,aigc_detect_bench,Real
corpora/aigc_detect_bench/images/Real/ood_0005207.jpg,0,aigc_detect_bench,Real
corpora/aigc_detect_bench/images/Real/ood_0005209.jpg,0,aigc_detect_bench,Real
corpora/aigc_detect_bench/images/Real/ood_0005211.jpg,0,aigc_detect_bench,Real
corpora/aigc_detect_bench/images/Real/ood_0005213.jpg,0,aigc_detect_bench,Real
corpora/aigc_detect_bench/images/Real/ood_0005215.jpg,0,aigc_detect_bench,Real
corpora/aigc_detect_bench/images/Real/ood_0005217.jpg,0,aigc_detect_bench,Real
corpora/aigc_detect_bench/images/Real/ood_0005219.jpg,0,aigc_detect_bench,Real
corpora/aigc_detect_bench/images/Real/ood_0005221.jpg,0,aigc_detect_bench,Real
corpora/aigc_detect_bench/images/Real/ood_0005223.jpg,0,aigc_detect_bench,Real
corpora/aigc_detect_bench/images/Real/ood_0005225.jpg,0,aigc_detect_bench,Real
corpora/aigc_detect_bench/images/Real/ood_0005227.jpg,0,aigc_detect_bench,Real
corpora/aigc_detect_bench/images/Real/ood_0005229.jpg,0,aigc_detect_bench,Real
corpora/aigc_detect_bench/images/Real/ood_0005231.jpg,0,aigc_detect_bench,Real
corpora/aigc_detect_bench/images/Real/ood_0005233.jpg,0,aigc_detect_bench,Real
corpora/aigc_detect_bench/images/Real/ood_0005235.jpg,0,aigc_detect_bench,Real
corpora/aigc_detect_bench/images/Real/ood_0005237.jpg,0,aigc_detect_bench,Real
corpora/aigc_detect_bench/images/Real/ood_0005239.jpg,0,aigc_detect_bench,Real
corpora/aigc_detect_bench/images/Real/ood_0005241.jpg,0,aigc_detect_bench,Real
corpora/aigc_detect_bench/images/Real/ood_0005243.jpg,0,aigc_detect_bench,Real
corpora/aigc_detect_bench/images/Real/ood_0005245.jpg,0,aigc_detect_bench,Real
corpora/aigc_detect_bench/images/Real/ood_0005247.jpg,0,aigc_detect_bench,Real
corpora/aigc_detect_bench/images/Real/ood_0005249.jpg,0,aigc_detect_bench,Real
corpora/aigc_detect_bench/images/Real/ood_0005251.jpg,0,aigc_detect_bench,Real
corpora/aigc_detect_bench/images/Real/ood_0005253.jpg,0,aigc_detect_bench,Real
corpora/aigc_detect_bench/images/Real/ood_0005255.jpg,0,aigc_detect_bench,Real
corpora/aigc_detect_bench/images/Real/ood_0005257.jpg,0,aigc_detect_bench,Real
corpora/aigc_detect_bench/images/Real/ood_0005259.jpg,0,aigc_detect_bench,Real
corpora/aigc_detect_bench/images/Real/ood_0005261.jpg,0,aigc_detect_bench,Real
corpora/aigc_detect_bench/images/Real/ood_0005263.jpg,0,aigc_detect_bench,Real
corpora/aigc_detect_bench/images/Real/ood_0005265.jpg,0,aigc_detect_bench,Real
corpora/aigc_detect_bench/images/Real/ood_0005267.jpg,0,aigc_detect_bench,Real
corpora/aigc_detect_bench/images/Real/ood_0005269.jpg,0,aigc_detect_bench,Real
corpora/aigc_detect_bench/images/Real/ood_0005271.jpg,0,aigc_detect_bench,Real
corpora/aigc_detect_bench/images/Real/ood_0005273.jpg,0,aigc_detect_bench,Real
corpora/aigc_detect_bench/images/Real/ood_0005275.jpg,0,aigc_detect_bench,Real
corpora/aigc_detect_bench/images/Real/ood_0005277.jpg,0,aigc_detect_bench,Real
corpora/aigc_detect_bench/images/Real/ood_0005279.jpg,0,aigc_detect_bench,Real
corpora/aigc_detect_bench/images/Real/ood_0005281.jpg,0,aigc_detect_bench,Real
corpora/aigc_detect_bench/images/Real/ood_0005283.jpg,0,aigc_detect_bench,Real
corpora/aigc_detect_bench/images/Real/ood_0005285.jpg,0,aigc_detect_bench,Real
corpora/aigc_detect_bench/images/Real/ood_0005287.jpg,0,aigc_detect_bench,Real
corpora/aigc_detect_bench/images/Real/ood_0005289.jpg,0,aigc_detect_bench,Real
corpora/aigc_detect_bench/images/Real/ood_0005291.jpg,0,aigc_detect_bench,Real
corpora/aigc_detect_bench/images/Real/ood_0005293.jpg,0,aigc_detect_bench,Real
corpora/aigc_detect_bench/images/Real/ood_0005295.jpg,0,aigc_detect_bench,Real
corpora/aigc_detect_bench/images/Real/ood_0005297.jpg,0,aigc_detect_bench,Real
corpora/aigc_detect_bench/images/Real/ood_0005299.jpg,0,aigc_detect_bench,Real
corpora/aigc_detect_bench/images/Real/ood_0005301.jpg,0,aigc_detect_bench,Real
corpora/aigc_detect_bench/images/Real/ood_0005303.jpg,0,aigc_detect_bench,Real
corpora/aigc_detect_bench/images/Real/ood_0005305.jpg,0,aigc_detect_bench,Real
corpora/aigc_detect_bench/images/Real/ood_0005307.jpg,0,aigc_detect_bench,Real
corpora/aigc_detect_bench/images/Real/ood_0005309.jpg,0,aigc_detect_bench,Real
corpora/aigc_detect_bench/images/Real/ood_0005311.jpg,0,aigc_detect_bench,Real
corpora/aigc_detect_bench/images/Real/ood_0005313.jpg,0,aigc_detect_bench,Real
corpora/aigc_detect_bench/images/Real/ood_0005315.jpg,0,aigc_detect_bench,Real
corpora/aigc_detect_bench/images/Real/ood_0005317.jpg,0,aigc_detect_bench,Real
corpora/aigc_detect_bench/images/Real/ood_0005319.jpg,0,aigc_detect_bench,Real
corpora/aigc_detect_bench/images/Real/ood_0005321.jpg,0,aigc_detect_bench,Real
corpora/aigc_detect_bench/images/Real/ood_0005323.jpg,0,aigc_detect_bench,Real
corpora/aigc_detect_bench/images/Real/ood_0005325.jpg,0,aigc_detect_bench,Real
corpora/aigc_detect_bench/images/Real/ood_0005327.jpg,0,aigc_detect_bench,Real
corpora/aigc_detect_bench/images/Real/ood_0005329.jpg,0,aigc_detect_bench,Real
corpora/aigc_detect_bench/images/Real/ood_0005331.jpg,0,aigc_detect_bench,Real
corpora/aigc_detect_bench/images/Real/ood_0005333.jpg,0,aigc_detect_bench,Real
corpora/aigc_detect_bench/images/Real/ood_0005335.jpg,0,aigc_detect_bench,Real
corpora/aigc_detect_bench/images/Real/ood_0005337.jpg,0,aigc_detect_bench,Real
corpora/aigc_detect_bench/images/Real/ood_0005339.jpg,0,aigc_detect_bench,Real
corpora/aigc_detect_bench/images/Real/ood_0005341.jpg,0,aigc_detect_bench,Real
corpora/aigc_detect_bench/images/Real/ood_0005343.jpg,0,aigc_detect_bench,Real
corpora/aigc_detect_bench/images/Real/ood_0005345.jpg,0,aigc_detect_bench,Real
corpora/aigc_detect_bench/images/Real/ood_0005347.jpg,0,aigc_detect_bench,Real
corpora/aigc_detect_bench/images/Real/ood_0005349.jpg,0,aigc_detect_bench,Real
corpora/aigc_detect_bench/images/Real/ood_0005351.jpg,0,aigc_detect_bench,Real
corpora/aigc_detect_bench/images/Real/ood_0005353.jpg,0,aigc_detect_bench,Real
corpora/aigc_detect_bench/images/Real/ood_0005355.jpg,0,aigc_detect_bench,Real
corpora/aigc_detect_bench/images/Real/ood_0005357.jpg,0,aigc_detect_bench,Real
corpora/aigc_detect_bench/images/Real/ood_0005359.jpg,0,aigc_detect_bench,Real
corpora/aigc_detect_bench/images/Real/ood_0005361.jpg,0,aigc_detect_bench,Real
corpora/aigc_detect_bench/images/Real/ood_0005363.jpg,0,aigc_detect_bench,Real
corpora/aigc_detect_bench/images/Real/ood_0005365.jpg,0,aigc_detect_bench,Real
corpora/aigc_detect_bench/images/Real/ood_0005367.jpg,0,aigc_detect_bench,Real
corpora/aigc_detect_bench/images/Real/ood_0005369.jpg,0,aigc_detect_bench,Real
corpora/aigc_detect_bench/images/Real/ood_0005371.jpg,0,aigc_detect_bench,Real
corpora/aigc_detect_bench/images/Real/ood_0005373.jpg,0,aigc_detect_bench,Real
corpora/aigc_detect_bench/images/Real/ood_0005375.jpg,0,aigc_detect_bench,Real
corpora/aigc_detect_bench/images/Real/ood_0005377.jpg,0,aigc_detect_bench,Real
corpora/aigc_detect_bench/images/Real/ood_0005379.jpg,0,aigc_detect_bench,Real
corpora/aigc_detect_bench/images/Real/ood_0005381.jpg,0,aigc_detect_bench,Real
corpora/aigc_detect_bench/images/Real/ood_0005383.jpg,0,aigc_detect_bench,Real
corpora/aigc_detect_bench/images/Real/ood_0005385.jpg,0,aigc_detect_bench,Real
corpora/aigc_detect_bench/images/Real/ood_0005387.jpg,0,aigc_detect_bench,Real
corpora/aigc_detect_bench/images/Real/ood_0005389.jpg,0,aigc_detect_bench,Real
corpora/aigc_detect_bench/images/Real/ood_0005391.jpg,0,aigc_detect_bench,Real
corpora/aigc_detect_bench/images/Real/ood_0005393.jpg,0,aigc_detect_bench,Real
corpora/aigc_detect_bench/images/Real/ood_0005395.jpg,0,aigc_detect_bench,Real
corpora/aigc_detect_bench/images/Real/ood_0005397.jpg,0,aigc_detect_bench,Real
corpora/aigc_detect_bench/images/Real/ood_0005399.jpg,0,aigc_detect_bench,Real
corpora/aigc_detect_bench/images/Real/ood_0005401.jpg,0,aigc_detect_bench,Real
corpora/aigc_detect_bench/images/Real/ood_0005403.jpg,0,aigc_detect_bench,Real
corpora/aigc_detect_bench/images/Real/ood_0005405.jpg,0,aigc_detect_bench,Real
corpora/aigc_detect_bench/images/Real/ood_0005407.jpg,0,aigc_detect_bench,Real
corpora/aigc_detect_bench/images/Real/ood_0005409.jpg,0,aigc_detect_bench,Real
corpora/aigc_detect_bench/images/Real/ood_0005411.jpg,0,aigc_detect_bench,Real
corpora/aigc_detect_bench/images/Real/ood_0005413.jpg,0,aigc_detect_bench,Real
corpora/aigc_detect_bench/images/Real/ood_0005415.jpg,0,aigc_detect_bench,Real
corpora/aigc_detect_bench/images/Real/ood_0005417.jpg,0,aigc_detect_bench,Real
corpora/aigc_detect_bench/images/Real/ood_0005419.jpg,0,aigc_detect_bench,Real
corpora/aigc_detect_bench/images/Real/ood_0005421.jpg,0,aigc_detect_bench,Real
corpora/aigc_detect_bench/images/Real/ood_0005423.jpg,0,aigc_detect_bench,Real
corpora/aigc_detect_bench/images/Real/ood_0005425.jpg,0,aigc_detect_bench,Real
corpora/aigc_detect_bench/images/Real/ood_0005427.jpg,0,aigc_detect_bench,Real
corpora/aigc_detect_bench/images/Real/ood_0005429.jpg,0,aigc_detect_bench,Real
corpora/aigc_detect_bench/images/Real/ood_0005431.jpg,0,aigc_detect_bench,Real
corpora/aigc_detect_bench/images/Real/ood_0005433.jpg,0,aigc_detect_bench,Real
corpora/aigc_detect_bench/images/Real/ood_0005435.jpg,0,aigc_detect_bench,Real
corpora/aigc_detect_bench/images/Real/ood_0005437.jpg,0,aigc_detect_bench,Real
corpora/aigc_detect_bench/images/Real/ood_0005439.jpg,0,aigc_detect_bench,Real
corpora/aigc_detect_bench/images/Real/ood_0005441.jpg,0,aigc_detect_bench,Real
corpora/aigc_detect_bench/images/Real/ood_0005443.jpg,0,aigc_detect_bench,Real
corpora/aigc_detect_bench/images/Real/ood_0005445.jpg,0,aigc_detect_bench,Real
corpora/aigc_detect_bench/images/Real/ood_0005447.jpg,0,aigc_detect_bench,Real
corpora/aigc_detect_bench/images/Real/ood_0005449.jpg,0,aigc_detect_bench,Real
corpora/aigc_detect_bench/images/Real/ood_0005451.jpg,0,aigc_detect_bench,Real
corpora/aigc_detect_bench/images/Real/ood_0005453.jpg,0,aigc_detect_bench,Real
corpora/aigc_detect_bench/images/Real/ood_0005455.jpg,0,aigc_detect_bench,Real
corpora/aigc_detect_bench/images/Real/ood_0005457.jpg,0,aigc_detect_bench,Real
corpora/aigc_detect_bench/images/Real/ood_0005459.jpg,0,aigc_detect_bench,Real
corpora/aigc_detect_bench/images/Real/ood_0005461.jpg,0,aigc_detect_bench,Real
corpora/aigc_detect_bench/images/Real/ood_0005463.jpg,0,aigc_detect_bench,Real
corpora/aigc_detect_bench/images/Real/ood_0005465.jpg,0,aigc_detect_bench,Real
corpora/aigc_detect_bench/images/Real/ood_0005467.jpg,0,aigc_detect_bench,Real
corpora/aigc_detect_bench/images/Real/ood_0005469.jpg,0,aigc_detect_bench,Real
corpora/aigc_detect_bench/images/Real/ood_0005471.jpg,0,aigc_detect_bench,Real
corpora/aigc_detect_bench/images/Real/ood_0005473.jpg,0,aigc_detect_bench,Real
corpora/aigc_detect_bench/images/Real/ood_0005475.jpg,0,aigc_detect_bench,Real
corpora/aigc_detect_bench/images/Real/ood_0005477.jpg,0,aigc_detect_bench,Real
corpora/aigc_detect_bench/images/Real/ood_0005479.jpg,0,aigc_detect_bench,Real
corpora/aigc_detect_bench/images/Real/ood_0005481.jpg,0,aigc_detect_bench,Real
corpora/aigc_detect_bench/images/Real/ood_0005483.jpg,0,aigc_detect_bench,Real
corpora/aigc_detect_bench/images/Real/ood_0005485.jpg,0,aigc_detect_bench,Real
corpora/aigc_detect_bench/images/Real/ood_0005487.jpg,0,aigc_detect_bench,Real
corpora/aigc_detect_bench/images/Real/ood_0005489.jpg,0,aigc_detect_bench,Real
corpora/aigc_detect_bench/images/Real/ood_0005491.jpg,0,aigc_detect_bench,Real
corpora/aigc_detect_bench/images/Real/ood_0005493.jpg,0,aigc_detect_bench,Real
corpora/aigc_detect_bench/images/Real/ood_0005495.jpg,0,aigc_detect_bench,Real
corpora/aigc_detect_bench/images/Real/ood_0005497.jpg,0,aigc_detect_bench,Real
corpora/aigc_detect_bench/images/Real/ood_0005499.jpg,0,aigc_detect_bench,Real
corpora/aigc_detect_bench/images/Real/ood_0005501.jpg,0,aigc_detect_bench,Real
corpora/aigc_detect_bench/images/Real/ood_0005503.jpg,0,aigc_detect_bench,Real
corpora/aigc_detect_bench/images/Real/ood_0005505.jpg,0,aigc_detect_bench,Real
corpora/aigc_detect_bench/images/Real/ood_0005507.jpg,0,aigc_detect_bench,Real
corpora/aigc_detect_bench/images/Real/ood_0005509.jpg,0,aigc_detect_bench,Real
corpora/aigc_detect_bench/images/Real/ood_0005511.jpg,0,aigc_detect_bench,Real
corpora/aigc_detect_bench/images/Real/ood_0005513.jpg,0,aigc_detect_bench,Real
corpora/aigc_detect_bench/images/Real/ood_0005515.jpg,0,aigc_detect_bench,Real
corpora/aigc_detect_bench/images/Real/ood_0005517.jpg,0,aigc_detect_bench,Real
corpora/aigc_detect_bench/images/Real/ood_0005519.jpg,0,aigc_detect_bench,Real
corpora/aigc_detect_bench/images/Real/ood_0005521.jpg,0,aigc_detect_bench,Real
corpora/aigc_detect_bench/images/Real/ood_0005523.jpg,0,aigc_detect_bench,Real
corpora/aigc_detect_bench/images/Real/ood_0005525.jpg,0,aigc_detect_bench,Real
corpora/aigc_detect_bench/images/Real/ood_0005527.jpg,0,aigc_detect_bench,Real
corpora/aigc_detect_bench/images/Real/ood_0005529.jpg,0,aigc_detect_bench,Real
corpora/aigc_detect_bench/images/Real/ood_0005531.jpg,0,aigc_detect_bench,Real
corpora/aigc_detect_bench/images/Real/ood_0005533.jpg,0,aigc_detect_bench,Real
corpora/aigc_detect_bench/images/Real/ood_0005535.jpg,0,aigc_detect_bench,Real
corpora/aigc_detect_bench/images/Real/ood_0005537.jpg,0,aigc_detect_bench,Real
corpora/aigc_detect_bench/images/Real/ood_0005539.jpg,0,aigc_detect_bench,Real
corpora/aigc_detect_bench/images/Real/ood_0005541.jpg,0,aigc_detect_bench,Real
corpora/aigc_detect_bench/images/Real/ood_0005543.jpg,0,aigc_detect_bench,Real
corpora/aigc_detect_bench/images/Real/ood_0005545.jpg,0,aigc_detect_bench,Real
corpora/aigc_detect_bench/images/Real/ood_0005547.jpg,0,aigc_detect_bench,Real
corpora/aigc_detect_bench/images/Real/ood_0005549.jpg,0,aigc_detect_bench,Real
corpora/aigc_detect_bench/images/Real/ood_0005551.jpg,0,aigc_detect_bench,Real
corpora/aigc_detect_bench/images/Real/ood_0005553.jpg,0,aigc_detect_bench,Real
corpora/aigc_detect_bench/images/Real/ood_0005555.jpg,0,aigc_detect_bench,Real
corpora/aigc_detect_bench/images/Real/ood_0005557.jpg,0,aigc_detect_bench,Real
corpora/aigc_detect_bench/images/Real/ood_0005559.jpg,0,aigc_detect_bench,Real
corpora/aigc_detect_bench/images/Real/ood_0005561.jpg,0,aigc_detect_bench,Real
corpora/aigc_detect_bench/images/Real/ood_0005563.jpg,0,aigc_detect_bench,Real
corpora/aigc_detect_bench/images/Real/ood_0005565.jpg,0,aigc_detect_bench,Real
corpora/aigc_detect_bench/images/Real/ood_0005567.jpg,0,aigc_detect_bench,Real
corpora/aigc_detect_bench/images/Real/ood_0005569.jpg,0,aigc_detect_bench,Real
corpora/aigc_detect_bench/images/Real/ood_0005571.jpg,0,aigc_detect_bench,Real
corpora/aigc_detect_bench/images/Real/ood_0005573.jpg,0,aigc_detect_bench,Real
corpora/aigc_detect_bench/images/Real/ood_0005575.jpg,0,aigc_detect_bench,Real
corpora/aigc_detect_bench/images/Real/ood_0005577.jpg,0,aigc_detect_bench,Real
corpora/aigc_detect_bench/images/Real/ood_0005579.jpg,0,aigc_detect_bench,Real
corpora/aigc_detect_bench/images/Real/ood_0005581.jpg,0,aigc_detect_bench,Real
corpora/aigc_detect_bench/images/Real/ood_0005583.jpg,0,aigc_detect_bench,Real
corpora/aigc_detect_bench/images/Real/ood_0005585.jpg,0,aigc_detect_bench,Real
corpora/aigc_detect_bench/images/Real/ood_0005587.jpg,0,aigc_detect_bench,Real
corpora/aigc_detect_bench/images/Real/ood_0005589.jpg,0,aigc_detect_bench,Real
corpora/aigc_detect_bench/images/Real/ood_0005591.jpg,0,aigc_detect_bench,Real
corpora/aigc_detect_bench/images/Real/ood_0005593.jpg,0,aigc_detect_bench,Real
corpora/aigc_detect_bench/images/Real/ood_0005595.jpg,0,aigc_detect_bench,Real
corpora/aigc_detect_bench/images/Real/ood_0005597.jpg,0,aigc_detect_bench,Real
corpora/aigc_detect_bench/images/Real/ood_0005599.jpg,0,aigc_detect_bench,Real
corpora/aigc_detect_bench/images/Real/ood_0005601.jpg,0,aigc_detect_bench,Real
corpora/aigc_detect_bench/images/Real/ood_0005603.jpg,0,aigc_detect_bench,Real
corpora/aigc_detect_bench/images/Real/ood_0005605.jpg,0,aigc_detect_bench,Real
corpora/aigc_detect_bench/images/Real/ood_0005607.jpg,0,aigc_detect_bench,Real
corpora/aigc_detect_bench/images/Real/ood_0005609.jpg,0,aigc_detect_bench,Real
corpora/aigc_detect_bench/images/Real/ood_0005611.jpg,0,aigc_detect_bench,Real
corpora/aigc_detect_bench/images/Real/ood_0005613.jpg,0,aigc_detect_bench,Real
corpora/aigc_detect_bench/images/Real/ood_0005615.jpg,0,aigc_detect_bench,Real
corpora/aigc_detect_bench/images/Real/ood_0005617.jpg,0,aigc_detect_bench,Real
corpora/aigc_detect_bench/images/Real/ood_0005619.jpg,0,aigc_detect_bench,Real
corpora/aigc_detect_bench/images/Real/ood_0005621.jpg,0,aigc_detect_bench,Real
corpora/aigc_detect_bench/images/Real/ood_0005623.jpg,0,aigc_detect_bench,Real
corpora/aigc_detect_bench/images/Real/ood_0005625.jpg,0,aigc_detect_bench,Real
corpora/aigc_detect_bench/images/Real/ood_0005627.jpg,0,aigc_detect_bench,Real
corpora/aigc_detect_bench/images/Real/ood_0005629.jpg,0,aigc_detect_bench,Real
corpora/aigc_detect_bench/images/Real/ood_0005631.jpg,0,aigc_detect_bench,Real
corpora/aigc_detect_bench/images/Real/ood_0005633.jpg,0,aigc_detect_bench,Real
corpora/aigc_detect_bench/images/Real/ood_0005635.jpg,0,aigc_detect_bench,Real
corpora/aigc_detect_bench/images/Real/ood_0005637.jpg,0,aigc_detect_bench,Real
corpora/aigc_detect_bench/images/Real/ood_0005639.jpg,0,aigc_detect_bench,Real
corpora/aigc_detect_bench/images/Real/ood_0005641.jpg,0,aigc_detect_bench,Real
corpora/aigc_detect_bench/images/Real/ood_0005643.jpg,0,aigc_detect_bench,Real
corpora/aigc_detect_bench/images/Real/ood_0005645.jpg,0,aigc_detect_bench,Real
corpora/aigc_detect_bench/images/Real/ood_0005647.jpg,0,aigc_detect_bench,Real
corpora/aigc_detect_bench/images/Real/ood_0005649.jpg,0,aigc_detect_bench,Real
corpora/aigc_detect_bench/images/Real/ood_0005651.jpg,0,aigc_detect_bench,Real
corpora/aigc_detect_bench/images/Real/ood_0005653.jpg,0,aigc_detect_bench,Real
corpora/aigc_detect_bench/images/Real/ood_0005655.jpg,0,aigc_detect_bench,Real
corpora/aigc_detect_bench/images/Real/ood_0005657.jpg,0,aigc_detect_bench,Real
corpora/aigc_detect_bench/images/Real/ood_0005659.jpg,0,aigc_detect_bench,Real
corpora/aigc_detect_bench/images/Real/ood_0005661.jpg,0,aigc_detect_bench,Real
corpora/aigc_detect_bench/images/Real/ood_0005663.jpg,0,aigc_detect_bench,Real
corpora/aigc_detect_bench/images/Real/ood_0005665.jpg,0,aigc_detect_bench,Real
corpora/aigc_detect_bench/images/Real/ood_0005667.jpg,0,aigc_detect_bench,Real
corpora/aigc_detect_bench/images/Real/ood_0005669.jpg,0,aigc_detect_bench,Real
corpora/aigc_detect_bench/images/Real/ood_0005671.jpg,0,aigc_detect_bench,Real
corpora/aigc_detect_bench/images/Real/ood_0005673.jpg,0,aigc_detect_bench,Real
corpora/aigc_detect_bench/images/Real/ood_0005675.jpg,0,aigc_detect_bench,Real
corpora/aigc_detect_bench/images/Real/ood_0005677.jpg,0,aigc_detect_bench,Real
corpora/aigc_detect_bench/images/Real/ood_0005679.jpg,0,aigc_detect_bench,Real
corpora/aigc_detect_bench/images/Real/ood_0005681.jpg,0,aigc_detect_bench,Real
corpora/aigc_detect_bench/images/Real/ood_0005683.jpg,0,aigc_detect_bench,Real
corpora/aigc_detect_bench/images/Real/ood_0005685.jpg,0,aigc_detect_bench,Real
corpora/aigc_detect_bench/images/Real/ood_0005687.jpg,0,aigc_detect_bench,Real
corpora/aigc_detect_bench/images/Real/ood_0005689.jpg,0,aigc_detect_bench,Real
corpora/aigc_detect_bench/images/Real/ood_0005691.jpg,0,aigc_detect_bench,Real
corpora/aigc_detect_bench/images/Real/ood_0005693.jpg,0,aigc_detect_bench,Real
corpora/aigc_detect_bench/images/Real/ood_0005695.jpg,0,aigc_detect_bench,Real
corpora/aigc_detect_bench/images/Real/ood_0005697.jpg,0,aigc_detect_bench,Real
corpora/aigc_detect_bench/images/Real/ood_0005699.jpg,0,aigc_detect_bench,Real
corpora/aigc_detect_bench/images/Real/ood_0005701.jpg,0,aigc_detect_bench,Real
corpora/aigc_detect_bench/images/Real/ood_0005703.jpg,0,aigc_detect_bench,Real
corpora/aigc_detect_bench/images/Real/ood_0005705.jpg,0,aigc_detect_bench,Real
corpora/aigc_detect_bench/images/Real/ood_0005707.jpg,0,aigc_detect_bench,Real
corpora/aigc_detect_bench/images/Real/ood_0005709.jpg,0,aigc_detect_bench,Real
corpora/aigc_detect_bench/images/Real/ood_0005711.jpg,0,aigc_detect_bench,Real
corpora/aigc_detect_bench/images/Real/ood_0005713.jpg,0,aigc_detect_bench,Real
corpora/aigc_detect_bench/images/Real/ood_0005715.jpg,0,aigc_detect_bench,Real
corpora/aigc_detect_bench/images/Real/ood_0005717.jpg,0,aigc_detect_bench,Real
corpora/aigc_detect_bench/images/Real/ood_0005719.jpg,0,aigc_detect_bench,Real
corpora/aigc_detect_bench/images/Real/ood_0005721.jpg,0,aigc_detect_bench,Real
corpora/aigc_detect_bench/images/Real/ood_0005723.jpg,0,aigc_detect_bench,Real
corpora/aigc_detect_bench/images/Real/ood_0005725.jpg,0,aigc_detect_bench,Real
corpora/aigc_detect_bench/images/Real/ood_0005727.jpg,0,aigc_detect_bench,Real
corpora/aigc_detect_bench/images/Real/ood_0005729.jpg,0,aigc_detect_bench,Real
corpora/aigc_detect_bench/images/Real/ood_0005731.jpg,0,aigc_detect_bench,Real
corpora/aigc_detect_bench/images/Real/ood_0005733.jpg,0,aigc_detect_bench,Real
corpora/aigc_detect_bench/images/Real/ood_0005735.jpg,0,aigc_detect_bench,Real
corpora/aigc_detect_bench/images/Real/ood_0005737.jpg,0,aigc_detect_bench,Real
corpora/aigc_detect_bench/images/Real/ood_0005739.jpg,0,aigc_detect_bench,Real
corpora/aigc_detect_bench/images/Real/ood_0005741.jpg,0,aigc_detect_bench,Real
corpora/aigc_detect_bench/images/Real/ood_0005743.jpg,0,aigc_detect_bench,Real
corpora/aigc_detect_bench/images/Real/ood_0005745.jpg,0,aigc_detect_bench,Real
corpora/aigc_detect_bench/images/Real/ood_0005747.jpg,0,aigc_detect_bench,Real
corpora/aigc_detect_bench/images/Real/ood_0005749.jpg,0,aigc_detect_bench,Real
corpora/aigc_detect_bench/images/Real/ood_0005751.jpg,0,aigc_detect_bench,Real
corpora/aigc_detect_bench/images/Real/ood_0005753.jpg,0,aigc_detect_bench,Real
corpora/aigc_detect_bench/images/Real/ood_0005755.jpg,0,aigc_detect_bench,Real
corpora/aigc_detect_bench/images/Real/ood_0005757.jpg,0,aigc_detect_bench,Real
corpora/aigc_detect_bench/images/Real/ood_0005759.jpg,0,aigc_detect_bench,Real
corpora/aigc_detect_bench/images/Real/ood_0005761.jpg,0,aigc_detect_bench,Real
corpora/aigc_detect_bench/images/Real/ood_0005763.jpg,0,aigc_detect_bench,Real
corpora/aigc_detect_bench/images/Real/ood_0005765.jpg,0,aigc_detect_bench,Real
corpora/aigc_detect_bench/images/Real/ood_0005767.jpg,0,aigc_detect_bench,Real
corpora/aigc_detect_bench/images/Real/ood_0005769.jpg,0,aigc_detect_bench,Real
corpora/aigc_detect_bench/images/Real/ood_0005771.jpg,0,aigc_detect_bench,Real
corpora/aigc_detect_bench/images/Real/ood_0005773.jpg,0,aigc_detect_bench,Real
corpora/aigc_detect_bench/images/Real/ood_0005775.jpg,0,aigc_detect_bench,Real
corpora/aigc_detect_bench/images/Real/ood_0005777.jpg,0,aigc_detect_bench,Real
corpora/aigc_detect_bench/images/Real/ood_0005779.jpg,0,aigc_detect_bench,Real
corpora/aigc_detect_bench/images/Real/ood_0005781.jpg,0,aigc_detect_bench,Real
corpora/aigc_detect_bench/images/Real/ood_0005783.jpg,0,aigc_detect_bench,Real
corpora/aigc_detect_bench/images/Real/ood_0005785.jpg,0,aigc_detect_bench,Real
corpora/aigc_detect_bench/images/Real/ood_0005787.jpg,0,aigc_detect_bench,Real
corpora/aigc_detect_bench/images/Real/ood_0005789.jpg,0,aigc_detect_bench,Real
corpora/aigc_detect_bench/images/Real/ood_0005791.jpg,0,aigc_detect_bench,Real
corpora/aigc_detect_bench/images/Real/ood_0005793.jpg,0,aigc_detect_bench,Real
corpora/aigc_detect_bench/images/Real/ood_0005795.jpg,0,aigc_detect_bench,Real
corpora/aigc_detect_bench/images/Real/ood_0005797.jpg,0,aigc_detect_bench,Real
corpora/aigc_detect_bench/images/Real/ood_0005799.jpg,0,aigc_detect_bench,Real
corpora/aigc_detect_bench/images/Real/ood_0005801.jpg,0,aigc_detect_bench,Real
corpora/aigc_detect_bench/images/Real/ood_0005803.jpg,0,aigc_detect_bench,Real
corpora/aigc_detect_bench/images/Real/ood_0005805.jpg,0,aigc_detect_bench,Real
corpora/aigc_detect_bench/images/Real/ood_0005807.jpg,0,aigc_detect_bench,Real
corpora/aigc_detect_bench/images/Real/ood_0005809.jpg,0,aigc_detect_bench,Real
corpora/aigc_detect_bench/images/Real/ood_0005811.jpg,0,aigc_detect_bench,Real
corpora/aigc_detect_bench/images/Real/ood_0005813.jpg,0,aigc_detect_bench,Real
corpora/aigc_detect_bench/images/Real/ood_0005815.jpg,0,aigc_detect_bench,Real
corpora/aigc_detect_bench/images/Real/ood_0005817.jpg,0,aigc_detect_bench,Real
corpora/aigc_detect_bench/images/Real/ood_0005819.jpg,0,aigc_detect_bench,Real
corpora/aigc_detect_bench/images/Real/ood_0005821.jpg,0,aigc_detect_bench,Real
corpora/aigc_detect_bench/images/Real/ood_0005823.jpg,0,aigc_detect_bench,Real
corpora/aigc_detect_bench/images/Real/ood_0005825.jpg,0,aigc_detect_bench,Real
corpora/aigc_detect_bench/images/Real/ood_0005827.jpg,0,aigc_detect_bench,Real
corpora/aigc_detect_bench/images/Real/ood_0005829.jpg,0,aigc_detect_bench,Real
corpora/aigc_detect_bench/images/Real/ood_0005831.jpg,0,aigc_detect_bench,Real
corpora/aigc_detect_bench/images/Real/ood_0005833.jpg,0,aigc_detect_bench,Real
corpora/aigc_detect_bench/images/Real/ood_0005835.jpg,0,aigc_detect_bench,Real
corpora/aigc_detect_bench/images/Real/ood_0005837.jpg,0,aigc_detect_bench,Real
corpora/aigc_detect_bench/images/Real/ood_0005839.jpg,0,aigc_detect_bench,Real
corpora/aigc_detect_bench/images/Real/ood_0005841.jpg,0,aigc_detect_bench,Real
corpora/aigc_detect_bench/images/Real/ood_0005843.jpg,0,aigc_detect_bench,Real
corpora/aigc_detect_bench/images/Real/ood_0005845.jpg,0,aigc_detect_bench,Real
corpora/aigc_detect_bench/images/Real/ood_0005847.jpg,0,aigc_detect_bench,Real
corpora/aigc_detect_bench/images/Real/ood_0005849.jpg,0,aigc_detect_bench,Real
corpora/aigc_detect_bench/images/Real/ood_0005851.jpg,0,aigc_detect_bench,Real
corpora/aigc_detect_bench/images/Real/ood_0005853.jpg,0,aigc_detect_bench,Real
corpora/aigc_detect_bench/images/Real/ood_0005855.jpg,0,aigc_detect_bench,Real
corpora/aigc_detect_bench/images/Real/ood_0005857.jpg,0,aigc_detect_bench,Real
corpora/aigc_detect_bench/images/Real/ood_0005859.jpg,0,aigc_detect_bench,Real
corpora/aigc_detect_bench/images/Real/ood_0005861.jpg,0,aigc_detect_bench,Real
corpora/aigc_detect_bench/images/Real/ood_0005863.jpg,0,aigc_detect_bench,Real
corpora/aigc_detect_bench/images/Real/ood_0005865.jpg,0,aigc_detect_bench,Real
corpora/aigc_detect_bench/images/Real/ood_0005867.jpg,0,aigc_detect_bench,Real
corpora/aigc_detect_bench/images/Real/ood_0005869.jpg,0,aigc_detect_bench,Real
corpora/aigc_detect_bench/images/Real/ood_0005871.jpg,0,aigc_detect_bench,Real
corpora/aigc_detect_bench/images/Real/ood_0005873.jpg,0,aigc_detect_bench,Real
corpora/aigc_detect_bench/images/Real/ood_0005875.jpg,0,aigc_detect_bench,Real
corpora/aigc_detect_bench/images/Real/ood_0005877.jpg,0,aigc_detect_bench,Real
corpora/aigc_detect_bench/images/Real/ood_0005879.jpg,0,aigc_detect_bench,Real
corpora/aigc_detect_bench/images/Real/ood_0005881.jpg,0,aigc_detect_bench,Real
corpora/aigc_detect_bench/images/Real/ood_0005883.jpg,0,aigc_detect_bench,Real
corpora/aigc_detect_bench/images/Real/ood_0005885.jpg,0,aigc_detect_bench,Real
corpora/aigc_detect_bench/images/Real/ood_0005887.jpg,0,aigc_detect_bench,Real
corpora/aigc_detect_bench/images/Real/ood_0005889.jpg,0,aigc_detect_bench,Real
corpora/aigc_detect_bench/images/Real/ood_0005891.jpg,0,aigc_detect_bench,Real
corpora/aigc_detect_bench/images/Real/ood_0005893.jpg,0,aigc_detect_bench,Real
corpora/aigc_detect_bench/images/Real/ood_0005895.jpg,0,aigc_detect_bench,Real
corpora/aigc_detect_bench/images/Real/ood_0005897.jpg,0,aigc_detect_bench,Real
corpora/aigc_detect_bench/images/Real/ood_0005899.jpg,0,aigc_detect_bench,Real
corpora/aigc_detect_bench/images/Real/ood_0005901.jpg,0,aigc_detect_bench,Real
corpora/aigc_detect_bench/images/Real/ood_0005903.jpg,0,aigc_detect_bench,Real
corpora/aigc_detect_bench/images/Real/ood_0005905.jpg,0,aigc_detect_bench,Real
corpora/aigc_detect_bench/images/Real/ood_0005907.jpg,0,aigc_detect_bench,Real
corpora/aigc_detect_bench/images/Real/ood_0005909.jpg,0,aigc_detect_bench,Real
corpora/aigc_detect_bench/images/Real/ood_0005911.jpg,0,aigc_detect_bench,Real
corpora/aigc_detect_bench/images/Real/ood_0005913.jpg,0,aigc_detect_bench,Real
corpora/aigc_detect_bench/images/Real/ood_0005915.jpg,0,aigc_detect_bench,Real
corpora/aigc_detect_bench/images/Real/ood_0005917.jpg,0,aigc_detect_bench,Real
corpora/aigc_detect_bench/images/Real/ood_0005919.jpg,0,aigc_detect_bench,Real
corpora/aigc_detect_bench/images/Real/ood_0005921.jpg,0,aigc_detect_bench,Real
corpora/aigc_detect_bench/images/Real/ood_0005923.jpg,0,aigc_detect_bench,Real
corpora/aigc_detect_bench/images/Real/ood_0005925.jpg,0,aigc_detect_bench,Real
corpora/aigc_detect_bench/images/Real/ood_0005927.jpg,0,aigc_detect_bench,Real
corpora/aigc_detect_bench/images/Real/ood_0005929.jpg,0,aigc_detect_bench,Real
corpora/aigc_detect_bench/images/Real/ood_0005931.jpg,0,aigc_detect_bench,Real
corpora/aigc_detect_bench/images/Real/ood_0005933.jpg,0,aigc_detect_bench,Real
corpora/aigc_detect_bench/images/Real/ood_0005935.jpg,0,aigc_detect_bench,Real
corpora/aigc_detect_bench/images/Real/ood_0005937.jpg,0,aigc_detect_bench,Real
corpora/aigc_detect_bench/images/Real/ood_0005939.jpg,0,aigc_detect_bench,Real
corpora/aigc_detect_bench/images/Real/ood_0005941.jpg,0,aigc_detect_bench,Real
corpora/aigc_detect_bench/images/Real/ood_0005943.jpg,0,aigc_detect_bench,Real
corpora/aigc_detect_bench/images/Real/ood_0005945.jpg,0,aigc_detect_bench,Real
corpora/aigc_detect_bench/images/Real/ood_0005947.jpg,0,aigc_detect_bench,Real
corpora/aigc_detect_bench/images/Real/ood_0005949.jpg,0,aigc_detect_bench,Real
corpora/aigc_detect_bench/images/Real/ood_0005951.jpg,0,aigc_detect_bench,Real
corpora/aigc_detect_bench/images/Real/ood_0005953.jpg,0,aigc_detect_bench,Real
corpora/aigc_detect_bench/images/Real/ood_0005955.jpg,0,aigc_detect_bench,Real
corpora/aigc_detect_bench/images/Real/ood_0005957.jpg,0,aigc_detect_bench,Real
corpora/aigc_detect_bench/images/Real/ood_0005959.jpg,0,aigc_detect_bench,Real
corpora/aigc_detect_bench/images/Real/ood_0005961.jpg,0,aigc_detect_bench,Real
corpora/aigc_detect_bench/images/Real/ood_0005963.jpg,0,aigc_detect_bench,Real
corpora/aigc_detect_bench/images/Real/ood_0005965.jpg,0,aigc_detect_bench,Real
corpora/aigc_detect_bench/images/Real/ood_0005967.jpg,0,aigc_detect_bench,Real
corpora/aigc_detect_bench/images/Real/ood_0005969.jpg,0,aigc_detect_bench,Real
corpora/aigc_detect_bench/images/Real/ood_0005971.jpg,0,aigc_detect_bench,Real
corpora/aigc_detect_bench/images/Real/ood_0005973.jpg,0,aigc_detect_bench,Real
corpora/aigc_detect_bench/images/Real/ood_0005975.jpg,0,aigc_detect_bench,Real
corpora/aigc_detect_bench/images/Real/ood_0005977.jpg,0,aigc_detect_bench,Real
corpora/aigc_detect_bench/images/Real/ood_0005979.jpg,0,aigc_detect_bench,Real
corpora/aigc_detect_bench/images/Real/ood_0005981.jpg,0,aigc_detect_bench,Real
corpora/aigc_detect_bench/images/Real/ood_0005983.jpg,0,aigc_detect_bench,Real
corpora/aigc_detect_bench/images/Real/ood_0005985.jpg,0,aigc_detect_bench,Real
corpora/aigc_detect_bench/images/Real/ood_0005987.jpg,0,aigc_detect_bench,Real
corpora/aigc_detect_bench/images/Real/ood_0005989.jpg,0,aigc_detect_bench,Real
corpora/aigc_detect_bench/images/Real/ood_0005991.jpg,0,aigc_detect_bench,Real
corpora/aigc_detect_bench/images/Real/ood_0005993.jpg,0,aigc_detect_bench,Real
corpora/aigc_detect_bench/images/Real/ood_0005995.jpg,0,aigc_detect_bench,Real
corpora/aigc_detect_bench/images/Real/ood_0005997.jpg,0,aigc_detect_bench,Real
corpora/aigc_detect_bench/images/Real/ood_0005999.jpg,0,aigc_detect_bench,Real
corpora/aigc_detect_bench/images/Real/ood_0006001.jpg,0,aigc_detect_bench,Real
corpora/aigc_detect_bench/images/Real/ood_0006003.jpg,0,aigc_detect_bench,Real
corpora/aigc_detect_bench/images/Real/ood_0006005.jpg,0,aigc_detect_bench,Real
corpora/aigc_detect_bench/images/Real/ood_0006007.jpg,0,aigc_detect_bench,Real
corpora/aigc_detect_bench/images/Real/ood_0006009.jpg,0,aigc_detect_bench,Real
corpora/aigc_detect_bench/images/Real/ood_0006011.jpg,0,aigc_detect_bench,Real
corpora/aigc_detect_bench/images/Real/ood_0006013.jpg,0,aigc_detect_bench,Real
corpora/aigc_detect_bench/images/Real/ood_0006015.jpg,0,aigc_detect_bench,Real
corpora/aigc_detect_bench/images/Real/ood_0006017.jpg,0,aigc_detect_bench,Real
corpora/aigc_detect_bench/images/Real/ood_0006019.jpg,0,aigc_detect_bench,Real
corpora/aigc_detect_bench/images/Real/ood_0006021.jpg,0,aigc_detect_bench,Real
corpora/aigc_detect_bench/images/Real/ood_0006023.jpg,0,aigc_detect_bench,Real
corpora/aigc_detect_bench/images/Real/ood_0006025.jpg,0,aigc_detect_bench,Real
corpora/aigc_detect_bench/images/Real/ood_0006027.jpg,0,aigc_detect_bench,Real
corpora/aigc_detect_bench/images/Real/ood_0006029.jpg,0,aigc_detect_bench,Real
corpora/aigc_detect_bench/images/Real/ood_0006031.jpg,0,aigc_detect_bench,Real
corpora/aigc_detect_bench/images/Real/ood_0006033.jpg,0,aigc_detect_bench,Real
corpora/aigc_detect_bench/images/Real/ood_0006035.jpg,0,aigc_detect_bench,Real
corpora/aigc_detect_bench/images/Real/ood_0006037.jpg,0,aigc_detect_bench,Real
corpora/aigc_detect_bench/images/Real/ood_0006039.jpg,0,aigc_detect_bench,Real
corpora/aigc_detect_bench/images/Real/ood_0006041.jpg,0,aigc_detect_bench,Real
corpora/aigc_detect_bench/images/Real/ood_0006043.jpg,0,aigc_detect_bench,Real
corpora/aigc_detect_bench/images/Real/ood_0006045.jpg,0,aigc_detect_bench,Real
corpora/aigc_detect_bench/images/Real/ood_0006047.jpg,0,aigc_detect_bench,Real
corpora/aigc_detect_bench/images/Real/ood_0006049.jpg,0,aigc_detect_bench,Real
corpora/aigc_detect_bench/images/Real/ood_0006051.jpg,0,aigc_detect_bench,Real
corpora/aigc_detect_bench/images/Real/ood_0006053.jpg,0,aigc_detect_bench,Real
corpora/aigc_detect_bench/images/Real/ood_0006055.jpg,0,aigc_detect_bench,Real
corpora/aigc_detect_bench/images/Real/ood_0006057.jpg,0,aigc_detect_bench,Real
corpora/aigc_detect_bench/images/Real/ood_0006059.jpg,0,aigc_detect_bench,Real
corpora/aigc_detect_bench/images/Real/ood_0006061.jpg,0,aigc_detect_bench,Real
corpora/aigc_detect_bench/images/Real/ood_0006063.jpg,0,aigc_detect_bench,Real
corpora/aigc_detect_bench/images/Real/ood_0006065.jpg,0,aigc_detect_bench,Real
corpora/aigc_detect_bench/images/Real/ood_0006067.jpg,0,aigc_detect_bench,Real
corpora/aigc_detect_bench/images/Real/ood_0006069.jpg,0,aigc_detect_bench,Real
corpora/aigc_detect_bench/images/Real/ood_0006071.jpg,0,aigc_detect_bench,Real
corpora/aigc_detect_bench/images/Real/ood_0006073.jpg,0,aigc_detect_bench,Real
corpora/aigc_detect_bench/images/Real/ood_0006075.jpg,0,aigc_detect_bench,Real
corpora/aigc_detect_bench/images/Real/ood_0006077.jpg,0,aigc_detect_bench,Real
corpora/aigc_detect_bench/images/Real/ood_0006079.jpg,0,aigc_detect_bench,Real
corpora/aigc_detect_bench/images/Real/ood_0006081.jpg,0,aigc_detect_bench,Real
corpora/aigc_detect_bench/images/Real/ood_0006083.jpg,0,aigc_detect_bench,Real
corpora/aigc_detect_bench/images/Real/ood_0006085.jpg,0,aigc_detect_bench,Real
corpora/aigc_detect_bench/images/Real/ood_0006087.jpg,0,aigc_detect_bench,Real
corpora/aigc_detect_bench/images/Real/ood_0006089.jpg,0,aigc_detect_bench,Real
corpora/aigc_detect_bench/images/Real/ood_0006091.jpg,0,aigc_detect_bench,Real
corpora/aigc_detect_bench/images/Real/ood_0006093.jpg,0,aigc_detect_bench,Real
corpora/aigc_detect_bench/images/Real/ood_0006095.jpg,0,aigc_detect_bench,Real
corpora/aigc_detect_bench/images/Real/ood_0006097.jpg,0,aigc_detect_bench,Real
corpora/aigc_detect_bench/images/Real/ood_0006099.jpg,0,aigc_detect_bench,Real
corpora/aigc_detect_bench/images/Real/ood_0006101.jpg,0,aigc_detect_bench,Real
corpora/aigc_detect_bench/images/Real/ood_0006103.jpg,0,aigc_detect_bench,Real
corpora/aigc_detect_bench/images/Real/ood_0006105.jpg,0,aigc_detect_bench,Real
corpora/aigc_detect_bench/images/Real/ood_0006107.jpg,0,aigc_detect_bench,Real
corpora/aigc_detect_bench/images/Real/ood_0006109.jpg,0,aigc_detect_bench,Real
corpora/aigc_detect_bench/images/Real/ood_0006111.jpg,0,aigc_detect_bench,Real
corpora/aigc_detect_bench/images/Real/ood_0006113.jpg,0,aigc_detect_bench,Real
corpora/aigc_detect_bench/images/Real/ood_0006115.jpg,0,aigc_detect_bench,Real
corpora/aigc_detect_bench/images/Real/ood_0006117.jpg,0,aigc_detect_bench,Real
corpora/aigc_detect_bench/images/Real/ood_0006119.jpg,0,aigc_detect_bench,Real
corpora/aigc_detect_bench/images/Real/ood_0006121.jpg,0,aigc_detect_bench,Real
corpora/aigc_detect_bench/images/Real/ood_0006123.jpg,0,aigc_detect_bench,Real
corpora/aigc_detect_bench/images/Real/ood_0006125.jpg,0,aigc_detect_bench,Real
corpora/aigc_detect_bench/images/Real/ood_0006127.jpg,0,aigc_detect_bench,Real
corpora/aigc_detect_bench/images/Real/ood_0006129.jpg,0,aigc_detect_bench,Real
corpora/aigc_detect_bench/images/Real/ood_0006131.jpg,0,aigc_detect_bench,Real
corpora/aigc_detect_bench/images/Real/ood_0006133.jpg,0,aigc_detect_bench,Real
corpora/aigc_detect_bench/images/Real/ood_0006135.jpg,0,aigc_detect_bench,Real
corpora/aigc_detect_bench/images/Real/ood_0006137.jpg,0,aigc_detect_bench,Real
corpora/aigc_detect_bench/images/Real/ood_0006139.jpg,0,aigc_detect_bench,Real
corpora/aigc_detect_bench/images/Real/ood_0006141.jpg,0,aigc_detect_bench,Real
corpora/aigc_detect_bench/images/Real/ood_0006143.jpg,0,aigc_detect_bench,Real
corpora/aigc_detect_bench/images/Real/ood_0006145.jpg,0,aigc_detect_bench,Real
corpora/aigc_detect_bench/images/Real/ood_0006147.jpg,0,aigc_detect_bench,Real
corpora/aigc_detect_bench/images/Real/ood_0006149.jpg,0,aigc_detect_bench,Real
corpora/aigc_detect_bench/images/Real/ood_0006151.jpg,0,aigc_detect_bench,Real
corpora/aigc_detect_bench/images/Real/ood_0006153.jpg,0,aigc_detect_bench,Real
corpora/aigc_detect_bench/images/Real/ood_0006155.jpg,0,aigc_detect_bench,Real
corpora/aigc_detect_bench/images/Real/ood_0006157.jpg,0,aigc_detect_bench,Real
corpora/aigc_detect_bench/images/Real/ood_0006159.jpg,0,aigc_detect_bench,Real
corpora/aigc_detect_bench/images/Real/ood_0006161.jpg,0,aigc_detect_bench,Real
corpora/aigc_detect_bench/images/Real/ood_0006163.jpg,0,aigc_detect_bench,Real
corpora/aigc_detect_bench/images/Real/ood_0006165.jpg,0,aigc_detect_bench,Real
corpora/aigc_detect_bench/images/Real/ood_0006167.jpg,0,aigc_detect_bench,Real
corpora/aigc_detect_bench/images/Real/ood_0006169.jpg,0,aigc_detect_bench,Real
corpora/aigc_detect_bench/images/Real/ood_0006171.jpg,0,aigc_detect_bench,Real
corpora/aigc_detect_bench/images/Real/ood_0006173.jpg,0,aigc_detect_bench,Real
corpora/aigc_detect_bench/images/Real/ood_0006175.jpg,0,aigc_detect_bench,Real
corpora/aigc_detect_bench/images/Real/ood_0006177.jpg,0,aigc_detect_bench,Real
corpora/aigc_detect_bench/images/Real/ood_0006179.jpg,0,aigc_detect_bench,Real
corpora/aigc_detect_bench/images/Real/ood_0006181.jpg,0,aigc_detect_bench,Real
corpora/aigc_detect_bench/images/Real/ood_0006183.jpg,0,aigc_detect_bench,Real
corpora/aigc_detect_bench/images/Real/ood_0006185.jpg,0,aigc_detect_bench,Real
corpora/aigc_detect_bench/images/Real/ood_0006187.jpg,0,aigc_detect_bench,Real
corpora/aigc_detect_bench/images/Real/ood_0006189.jpg,0,aigc_detect_bench,Real
corpora/aigc_detect_bench/images/Real/ood_0006191.jpg,0,aigc_detect_bench,Real
corpora/aigc_detect_bench/images/Real/ood_0006193.jpg,0,aigc_detect_bench,Real
corpora/aigc_detect_bench/images/Real/ood_0006195.jpg,0,aigc_detect_bench,Real
corpora/aigc_detect_bench/images/Real/ood_0006197.jpg,0,aigc_detect_bench,Real
corpora/aigc_detect_bench/images/Real/ood_0006199.jpg,0,aigc_detect_bench,Real
corpora/aigc_detect_bench/images/Real/ood_0006201.jpg,0,aigc_detect_bench,Real
corpora/aigc_detect_bench/images/Real/ood_0006203.jpg,0,aigc_detect_bench,Real
corpora/aigc_detect_bench/images/Real/ood_0006205.jpg,0,aigc_detect_bench,Real
corpora/aigc_detect_bench/images/Real/ood_0006207.jpg,0,aigc_detect_bench,Real
corpora/aigc_detect_bench/images/Real/ood_0006209.jpg,0,aigc_detect_bench,Real
corpora/aigc_detect_bench/images/Real/ood_0006211.jpg,0,aigc_detect_bench,Real
corpora/aigc_detect_bench/images/Real/ood_0006213.jpg,0,aigc_detect_bench,Real
corpora/aigc_detect_bench/images/Real/ood_0006215.jpg,0,aigc_detect_bench,Real
corpora/aigc_detect_bench/images/Real/ood_0006217.jpg,0,aigc_detect_bench,Real
corpora/aigc_detect_bench/images/Real/ood_0006219.jpg,0,aigc_detect_bench,Real
corpora/aigc_detect_bench/images/Real/ood_0006221.jpg,0,aigc_detect_bench,Real
corpora/aigc_detect_bench/images/Real/ood_0006223.jpg,0,aigc_detect_bench,Real
corpora/aigc_detect_bench/images/Real/ood_0006225.jpg,0,aigc_detect_bench,Real
corpora/aigc_detect_bench/images/Real/ood_0006227.jpg,0,aigc_detect_bench,Real
corpora/aigc_detect_bench/images/Real/ood_0006229.jpg,0,aigc_detect_bench,Real
corpora/aigc_detect_bench/images/Real/ood_0006231.jpg,0,aigc_detect_bench,Real
corpora/aigc_detect_bench/images/Real/ood_0006233.jpg,0,aigc_detect_bench,Real
corpora/aigc_detect_bench/images/Real/ood_0006235.jpg,0,aigc_detect_bench,Real
corpora/aigc_detect_bench/images/Real/ood_0006237.jpg,0,aigc_detect_bench,Real
corpora/aigc_detect_bench/images/Real/ood_0006239.jpg,0,aigc_detect_bench,Real
corpora/aigc_detect_bench/images/Real/ood_0006241.jpg,0,aigc_detect_bench,Real
corpora/aigc_detect_bench/images/Real/ood_0006243.jpg,0,aigc_detect_bench,Real
corpora/aigc_detect_bench/images/Real/ood_0006245.jpg,0,aigc_detect_bench,Real
corpora/aigc_detect_bench/images/Real/ood_0006247.jpg,0,aigc_detect_bench,Real
corpora/aigc_detect_bench/images/Real/ood_0006249.jpg,0,aigc_detect_bench,Real
corpora/aigc_detect_bench/images/Real/ood_0006251.jpg,0,aigc_detect_bench,Real
corpora/aigc_detect_bench/images/Real/ood_0006253.jpg,0,aigc_detect_bench,Real
corpora/aigc_detect_bench/images/Real/ood_0006255.jpg,0,aigc_detect_bench,Real
corpora/aigc_detect_bench/images/Real/ood_0006257.jpg,0,aigc_detect_bench,Real
corpora/aigc_detect_bench/images/Real/ood_0006259.jpg,0,aigc_detect_bench,Real
corpora/aigc_detect_bench/images/Real/ood_0006261.jpg,0,aigc_detect_bench,Real
corpora/aigc_detect_bench/images/Real/ood_0006263.jpg,0,aigc_detect_bench,Real
corpora/aigc_detect_bench/images/Real/ood_0006265.jpg,0,aigc_detect_bench,Real
corpora/aigc_detect_bench/images/Real/ood_0006267.jpg,0,aigc_detect_bench,Real
corpora/aigc_detect_bench/images/Real/ood_0006269.jpg,0,aigc_detect_bench,Real
corpora/aigc_detect_bench/images/Real/ood_0006271.jpg,0,aigc_detect_bench,Real
corpora/aigc_detect_bench/images/Real/ood_0006273.jpg,0,aigc_detect_bench,Real
corpora/aigc_detect_bench/images/Real/ood_0006275.jpg,0,aigc_detect_bench,Real
corpora/aigc_detect_bench/images/Real/ood_0006277.jpg,0,aigc_detect_bench,Real
corpora/aigc_detect_bench/images/Real/ood_0006279.jpg,0,aigc_detect_bench,Real
corpora/aigc_detect_bench/images/Real/ood_0006281.jpg,0,aigc_detect_bench,Real
corpora/aigc_detect_bench/images/Real/ood_0006283.jpg,0,aigc_detect_bench,Real
corpora/aigc_detect_bench/images/Real/ood_0006285.jpg,0,aigc_detect_bench,Real
corpora/aigc_detect_bench/images/Real/ood_0006287.jpg,0,aigc_detect_bench,Real
corpora/aigc_detect_bench/images/Real/ood_0006289.jpg,0,aigc_detect_bench,Real
corpora/aigc_detect_bench/images/Real/ood_0006291.jpg,0,aigc_detect_bench,Real
corpora/aigc_detect_bench/images/Real/ood_0006293.jpg,0,aigc_detect_bench,Real
corpora/aigc_detect_bench/images/Real/ood_0006295.jpg,0,aigc_detect_bench,Real
corpora/aigc_detect_bench/images/Real/ood_0006297.jpg,0,aigc_detect_bench,Real
corpora/aigc_detect_bench/images/Real/ood_0006299.jpg,0,aigc_detect_bench,Real
corpora/aigc_detect_bench/images/Real/ood_0006301.jpg,0,aigc_detect_bench,Real
corpora/aigc_detect_bench/images/Real/ood_0006303.jpg,0,aigc_detect_bench,Real
corpora/aigc_detect_bench/images/Real/ood_0006305.jpg,0,aigc_detect_bench,Real
corpora/aigc_detect_bench/images/Real/ood_0006307.jpg,0,aigc_detect_bench,Real
corpora/aigc_detect_bench/images/Real/ood_0006309.jpg,0,aigc_detect_bench,Real
corpora/aigc_detect_bench/images/Real/ood_0006311.jpg,0,aigc_detect_bench,Real
corpora/aigc_detect_bench/images/Real/ood_0006313.jpg,0,aigc_detect_bench,Real
corpora/aigc_detect_bench/images/Real/ood_0006315.jpg,0,aigc_detect_bench,Real
corpora/aigc_detect_bench/images/Real/ood_0006317.jpg,0,aigc_detect_bench,Real
corpora/aigc_detect_bench/images/Real/ood_0006319.jpg,0,aigc_detect_bench,Real
corpora/aigc_detect_bench/images/Real/ood_0006321.jpg,0,aigc_detect_bench,Real
corpora/aigc_detect_bench/images/Real/ood_0006323.jpg,0,aigc_detect_bench,Real
corpora/aigc_detect_bench/images/Real/ood_0006325.jpg,0,aigc_detect_bench,Real
corpora/aigc_detect_bench/images/Real/ood_0006327.jpg,0,aigc_detect_bench,Real
corpora/aigc_detect_bench/images/Real/ood_0006329.jpg,0,aigc_detect_bench,Real
corpora/aigc_detect_bench/images/Real/ood_0006331.jpg,0,aigc_detect_bench,Real
corpora/aigc_detect_bench/images/Real/ood_0006333.jpg,0,aigc_detect_bench,Real
corpora/aigc_detect_bench/images/Real/ood_0006335.jpg,0,aigc_detect_bench,Real
corpora/aigc_detect_bench/images/Real/ood_0006337.jpg,0,aigc_detect_bench,Real
corpora/aigc_detect_bench/images/Real/ood_0006339.jpg,0,aigc_detect_bench,Real
corpora/aigc_detect_bench/images/Real/ood_0006341.jpg,0,aigc_detect_bench,Real
corpora/aigc_detect_bench/images/Real/ood_0006343.jpg,0,aigc_detect_bench,Real
corpora/aigc_detect_bench/images/Real/ood_0006345.jpg,0,aigc_detect_bench,Real
corpora/aigc_detect_bench/images/Real/ood_0006347.jpg,0,aigc_detect_bench,Real
corpora/aigc_detect_bench/images/Real/ood_0006349.jpg,0,aigc_detect_bench,Real
corpora/aigc_detect_bench/images/Real/ood_0006351.jpg,0,aigc_detect_bench,Real
corpora/aigc_detect_bench/images/Real/ood_0006353.jpg,0,aigc_detect_bench,Real
corpora/aigc_detect_bench/images/Real/ood_0006355.jpg,0,aigc_detect_bench,Real
corpora/aigc_detect_bench/images/Real/ood_0006357.jpg,0,aigc_detect_bench,Real
corpora/aigc_detect_bench/images/Real/ood_0006359.jpg,0,aigc_detect_bench,Real
corpora/aigc_detect_bench/images/Real/ood_0006361.jpg,0,aigc_detect_bench,Real
corpora/aigc_detect_bench/images/Real/ood_0006363.jpg,0,aigc_detect_bench,Real
corpora/aigc_detect_bench/images/Real/ood_0006365.jpg,0,aigc_detect_bench,Real
corpora/aigc_detect_bench/images/Real/ood_0006367.jpg,0,aigc_detect_bench,Real
corpora/aigc_detect_bench/images/Real/ood_0006369.jpg,0,aigc_detect_bench,Real
corpora/aigc_detect_bench/images/Real/ood_0006371.jpg,0,aigc_detect_bench,Real
corpora/aigc_detect_bench/images/Real/ood_0006373.jpg,0,aigc_detect_bench,Real
corpora/aigc_detect_bench/images/Real/ood_0006375.jpg,0,aigc_detect_bench,Real
corpora/aigc_detect_bench/images/Real/ood_0006377.jpg,0,aigc_detect_bench,Real
corpora/aigc_detect_bench/images/Real/ood_0006379.jpg,0,aigc_detect_bench,Real
corpora/aigc_detect_bench/images/Real/ood_0006381.jpg,0,aigc_detect_bench,Real
corpora/aigc_detect_bench/images/Real/ood_0006383.jpg,0,aigc_detect_bench,Real
corpora/aigc_detect_bench/images/Real/ood_0006385.jpg,0,aigc_detect_bench,Real
corpora/aigc_detect_bench/images/Real/ood_0006387.jpg,0,aigc_detect_bench,Real
corpora/aigc_detect_bench/images/Real/ood_0006389.jpg,0,aigc_detect_bench,Real
corpora/aigc_detect_bench/images/Real/ood_0006391.jpg,0,aigc_detect_bench,Real
corpora/aigc_detect_bench/images/Real/ood_0006393.jpg,0,aigc_detect_bench,Real
corpora/aigc_detect_bench/images/Real/ood_0006395.jpg,0,aigc_detect_bench,Real
corpora/aigc_detect_bench/images/Real/ood_0006397.jpg,0,aigc_detect_bench,Real
corpora/aigc_detect_bench/images/Real/ood_0006399.jpg,0,aigc_detect_bench,Real
corpora/aigc_detect_bench/images/Real/ood_0006401.jpg,0,aigc_detect_bench,Real
corpora/aigc_detect_bench/images/Real/ood_0006403.jpg,0,aigc_detect_bench,Real
corpora/aigc_detect_bench/images/Real/ood_0006405.jpg,0,aigc_detect_bench,Real
corpora/aigc_detect_bench/images/Real/ood_0006407.jpg,0,aigc_detect_bench,Real
corpora/aigc_detect_bench/images/Real/ood_0006409.jpg,0,aigc_detect_bench,Real
corpora/aigc_detect_bench/images/Real/ood_0006411.jpg,0,aigc_detect_bench,Real
corpora/aigc_detect_bench/images/Real/ood_0006413.jpg,0,aigc_detect_bench,Real
corpora/aigc_detect_bench/images/Real/ood_0006415.jpg,0,aigc_detect_bench,Real
corpora/aigc_detect_bench/images/Real/ood_0006417.jpg,0,aigc_detect_bench,Real
corpora/aigc_detect_bench/images/Real/ood_0006419.jpg,0,aigc_detect_bench,Real
corpora/aigc_detect_bench/images/Real/ood_0006421.jpg,0,aigc_detect_bench,Real
corpora/aigc_detect_bench/images/Real/ood_0006423.jpg,0,aigc_detect_bench,Real
corpora/aigc_detect_bench/images/Real/ood_0006425.jpg,0,aigc_detect_bench,Real
corpora/aigc_detect_bench/images/Real/ood_0006427.jpg,0,aigc_detect_bench,Real
corpora/aigc_detect_bench/images/Real/ood_0006429.jpg,0,aigc_detect_bench,Real
corpora/aigc_detect_bench/images/Real/ood_0006431.jpg,0,aigc_detect_bench,Real
corpora/aigc_detect_bench/images/Real/ood_0006433.jpg,0,aigc_detect_bench,Real
corpora/aigc_detect_bench/images/Real/ood_0006435.jpg,0,aigc_detect_bench,Real
corpora/aigc_detect_bench/images/Real/ood_0006437.jpg,0,aigc_detect_bench,Real
corpora/aigc_detect_bench/images/Real/ood_0006439.jpg,0,aigc_detect_bench,Real
corpora/aigc_detect_bench/images/Real/ood_0006441.jpg,0,aigc_detect_bench,Real
corpora/aigc_detect_bench/images/Real/ood_0006443.jpg,0,aigc_detect_bench,Real
corpora/aigc_detect_bench/images/Real/ood_0006445.jpg,0,aigc_detect_bench,Real
corpora/aigc_detect_bench/images/Real/ood_0006447.jpg,0,aigc_detect_bench,Real
corpora/aigc_detect_bench/images/Real/ood_0006449.jpg,0,aigc_detect_bench,Real
corpora/aigc_detect_bench/images/Real/ood_0006451.jpg,0,aigc_detect_bench,Real
corpora/aigc_detect_bench/images/Real/ood_0006453.jpg,0,aigc_detect_bench,Real
corpora/aigc_detect_bench/images/Real/ood_0006455.jpg,0,aigc_detect_bench,Real
corpora/aigc_detect_bench/images/Real/ood_0006457.jpg,0,aigc_detect_bench,Real
corpora/aigc_detect_bench/images/Real/ood_0006459.jpg,0,aigc_detect_bench,Real
corpora/aigc_detect_bench/images/Real/ood_0006461.jpg,0,aigc_detect_bench,Real
corpora/aigc_detect_bench/images/Real/ood_0006463.jpg,0,aigc_detect_bench,Real
corpora/aigc_detect_bench/images/Real/ood_0006465.jpg,0,aigc_detect_bench,Real
corpora/aigc_detect_bench/images/Real/ood_0006467.jpg,0,aigc_detect_bench,Real
corpora/aigc_detect_bench/images/Real/ood_0006469.jpg,0,aigc_detect_bench,Real
corpora/aigc_detect_bench/images/Real/ood_0006471.jpg,0,aigc_detect_bench,Real
corpora/aigc_detect_bench/images/Real/ood_0006473.jpg,0,aigc_detect_bench,Real
corpora/aigc_detect_bench/images/Real/ood_0006475.jpg,0,aigc_detect_bench,Real
corpora/aigc_detect_bench/images/Real/ood_0006477.jpg,0,aigc_detect_bench,Real
corpora/aigc_detect_bench/images/Real/ood_0006479.jpg,0,aigc_detect_bench,Real
corpora/aigc_detect_bench/images/Real/ood_0006481.jpg,0,aigc_detect_bench,Real
corpora/aigc_detect_bench/images/Real/ood_0006483.jpg,0,aigc_detect_bench,Real
corpora/aigc_detect_bench/images/Real/ood_0006485.jpg,0,aigc_detect_bench,Real
corpora/aigc_detect_bench/images/Real/ood_0006487.jpg,0,aigc_detect_bench,Real
corpora/aigc_detect_bench/images/Real/ood_0006489.jpg,0,aigc_detect_bench,Real
corpora/aigc_detect_bench/images/Real/ood_0006491.jpg,0,aigc_detect_bench,Real
corpora/aigc_detect_bench/images/Real/ood_0006493.jpg,0,aigc_detect_bench,Real
corpora/aigc_detect_bench/images/Real/ood_0006495.jpg,0,aigc_detect_bench,Real
corpora/aigc_detect_bench/images/Real/ood_0006497.jpg,0,aigc_detect_bench,Real
corpora/aigc_detect_bench/images/Real/ood_0006499.jpg,0,aigc_detect_bench,Real
corpora/aigc_detect_bench/images/Real/ood_0006501.jpg,0,aigc_detect_bench,Real
corpora/aigc_detect_bench/images/Real/ood_0006503.jpg,0,aigc_detect_bench,Real
corpora/aigc_detect_bench/images/Real/ood_0006505.jpg,0,aigc_detect_bench,Real
corpora/aigc_detect_bench/images/Real/ood_0006507.jpg,0,aigc_detect_bench,Real
corpora/aigc_detect_bench/images/Real/ood_0006509.jpg,0,aigc_detect_bench,Real
corpora/aigc_detect_bench/images/Real/ood_0006511.jpg,0,aigc_detect_bench,Real
corpora/aigc_detect_bench/images/Real/ood_0006513.jpg,0,aigc_detect_bench,Real
corpora/aigc_detect_bench/images/Real/ood_0006515.jpg,0,aigc_detect_bench,Real
corpora/aigc_detect_bench/images/Real/ood_0006517.jpg,0,aigc_detect_bench,Real
corpora/aigc_detect_bench/images/Real/ood_0006519.jpg,0,aigc_detect_bench,Real
corpora/aigc_detect_bench/images/Real/ood_0006521.jpg,0,aigc_detect_bench,Real
corpora/aigc_detect_bench/images/Real/ood_0006523.jpg,0,aigc_detect_bench,Real
corpora/aigc_detect_bench/images/Real/ood_0006525.jpg,0,aigc_detect_bench,Real
corpora/aigc_detect_bench/images/Real/ood_0006527.jpg,0,aigc_detect_bench,Real
corpora/aigc_detect_bench/images/Real/ood_0006529.jpg,0,aigc_detect_bench,Real
corpora/aigc_detect_bench/images/Real/ood_0006531.jpg,0,aigc_detect_bench,Real
corpora/aigc_detect_bench/images/Real/ood_0006533.jpg,0,aigc_detect_bench,Real
corpora/aigc_detect_bench/images/Real/ood_0006535.jpg,0,aigc_detect_bench,Real
corpora/aigc_detect_bench/images/Real/ood_0006537.jpg,0,aigc_detect_bench,Real
corpora/aigc_detect_bench/images/Real/ood_0006539.jpg,0,aigc_detect_bench,Real
corpora/aigc_detect_bench/images/Real/ood_0006541.jpg,0,aigc_detect_bench,Real
corpora/aigc_detect_bench/images/Real/ood_0006543.jpg,0,aigc_detect_bench,Real
corpora/aigc_detect_bench/images/Real/ood_0006545.jpg,0,aigc_detect_bench,Real
corpora/aigc_detect_bench/images/Real/ood_0006547.jpg,0,aigc_detect_bench,Real
corpora/aigc_detect_bench/images/Real/ood_0006549.jpg,0,aigc_detect_bench,Real
corpora/aigc_detect_bench/images/Real/ood_0006551.jpg,0,aigc_detect_bench,Real
corpora/aigc_detect_bench/images/Real/ood_0006553.jpg,0,aigc_detect_bench,Real
corpora/aigc_detect_bench/images/Real/ood_0006555.jpg,0,aigc_detect_bench,Real
corpora/aigc_detect_bench/images/Real/ood_0006557.jpg,0,aigc_detect_bench,Real
corpora/aigc_detect_bench/images/Real/ood_0006559.jpg,0,aigc_detect_bench,Real
corpora/aigc_detect_bench/images/Real/ood_0006561.jpg,0,aigc_detect_bench,Real
corpora/aigc_detect_bench/images/Real/ood_0006563.jpg,0,aigc_detect_bench,Real
corpora/aigc_detect_bench/images/Real/ood_0006565.jpg,0,aigc_detect_bench,Real
corpora/aigc_detect_bench/images/Real/ood_0006567.jpg,0,aigc_detect_bench,Real
corpora/aigc_detect_bench/images/Real/ood_0006569.jpg,0,aigc_detect_bench,Real
corpora/aigc_detect_bench/images/Real/ood_0006571.jpg,0,aigc_detect_bench,Real
corpora/aigc_detect_bench/images/Real/ood_0006573.jpg,0,aigc_detect_bench,Real
corpora/aigc_detect_bench/images/Real/ood_0006575.jpg,0,aigc_detect_bench,Real
corpora/aigc_detect_bench/images/Real/ood_0006577.jpg,0,aigc_detect_bench,Real
corpora/aigc_detect_bench/images/Real/ood_0006579.jpg,0,aigc_detect_bench,Real
corpora/aigc_detect_bench/images/Real/ood_0006581.jpg,0,aigc_detect_bench,Real
corpora/aigc_detect_bench/images/Real/ood_0006583.jpg,0,aigc_detect_bench,Real
corpora/aigc_detect_bench/images/Real/ood_0006585.jpg,0,aigc_detect_bench,Real
corpora/aigc_detect_bench/images/Real/ood_0006587.jpg,0,aigc_detect_bench,Real
corpora/aigc_detect_bench/images/Real/ood_0006589.jpg,0,aigc_detect_bench,Real
corpora/aigc_detect_bench/images/Real/ood_0006591.jpg,0,aigc_detect_bench,Real
corpora/aigc_detect_bench/images/Real/ood_0006593.jpg,0,aigc_detect_bench,Real
corpora/aigc_detect_bench/images/Real/ood_0006595.jpg,0,aigc_detect_bench,Real
corpora/aigc_detect_bench/images/Real/ood_0006597.jpg,0,aigc_detect_bench,Real
corpora/aigc_detect_bench/images/Real/ood_0006599.jpg,0,aigc_detect_bench,Real
corpora/aigc_detect_bench/images/Real/ood_0006601.jpg,0,aigc_detect_bench,Real
corpora/aigc_detect_bench/images/Real/ood_0006603.jpg,0,aigc_detect_bench,Real
corpora/aigc_detect_bench/images/Real/ood_0006605.jpg,0,aigc_detect_bench,Real
corpora/aigc_detect_bench/images/Real/ood_0006607.jpg,0,aigc_detect_bench,Real
corpora/aigc_detect_bench/images/Real/ood_0006609.jpg,0,aigc_detect_bench,Real
corpora/aigc_detect_bench/images/Real/ood_0006611.jpg,0,aigc_detect_bench,Real
corpora/aigc_detect_bench/images/Real/ood_0006613.jpg,0,aigc_detect_bench,Real
corpora/aigc_detect_bench/images/Real/ood_0006615.jpg,0,aigc_detect_bench,Real
corpora/aigc_detect_bench/images/Real/ood_0006617.jpg,0,aigc_detect_bench,Real
corpora/aigc_detect_bench/images/Real/ood_0006619.jpg,0,aigc_detect_bench,Real
corpora/aigc_detect_bench/images/Real/ood_0006621.jpg,0,aigc_detect_bench,Real
corpora/aigc_detect_bench/images/Real/ood_0006623.jpg,0,aigc_detect_bench,Real
corpora/aigc_detect_bench/images/Real/ood_0006625.jpg,0,aigc_detect_bench,Real
corpora/aigc_detect_bench/images/Real/ood_0006627.jpg,0,aigc_detect_bench,Real
corpora/aigc_detect_bench/images/Real/ood_0006629.jpg,0,aigc_detect_bench,Real
corpora/aigc_detect_bench/images/Real/ood_0006631.jpg,0,aigc_detect_bench,Real
corpora/aigc_detect_bench/images/Real/ood_0006633.jpg,0,aigc_detect_bench,Real
corpora/aigc_detect_bench/images/Real/ood_0006635.jpg,0,aigc_detect_bench,Real
corpora/aigc_detect_bench/images/Real/ood_0006637.jpg,0,aigc_detect_bench,Real
corpora/aigc_detect_bench/images/Real/ood_0006639.jpg,0,aigc_detect_bench,Real
corpora/aigc_detect_bench/images/Real/ood_0006641.jpg,0,aigc_detect_bench,Real
corpora/aigc_detect_bench/images/Real/ood_0006643.jpg,0,aigc_detect_bench,Real
corpora/aigc_detect_bench/images/Real/ood_0006645.jpg,0,aigc_detect_bench,Real
corpora/aigc_detect_bench/images/Real/ood_0006647.jpg,0,aigc_detect_bench,Real
corpora/aigc_detect_bench/images/Real/ood_0006649.jpg,0,aigc_detect_bench,Real
corpora/aigc_detect_bench/images/Real/ood_0006651.jpg,0,aigc_detect_bench,Real
corpora/aigc_detect_bench/images/Real/ood_0006653.jpg,0,aigc_detect_bench,Real
corpora/aigc_detect_bench/images/Real/ood_0006655.jpg,0,aigc_detect_bench,Real
corpora/aigc_detect_bench/images/Real/ood_0006657.jpg,0,aigc_detect_bench,Real
corpora/aigc_detect_bench/images/Real/ood_0006659.jpg,0,aigc_detect_bench,Real
corpora/aigc_detect_bench/images/Real/ood_0006661.jpg,0,aigc_detect_bench,Real
corpora/aigc_detect_bench/images/Real/ood_0006663.jpg,0,aigc_detect_bench,Real
corpora/aigc_detect_bench/images/Real/ood_0006665.jpg,0,aigc_detect_bench,Real
corpora/aigc_detect_bench/images/Real/ood_0006667.jpg,0,aigc_detect_bench,Real
corpora/aigc_detect_bench/images/Real/ood_0006669.jpg,0,aigc_detect_bench,Real
corpora/aigc_detect_bench/images/Real/ood_0006671.jpg,0,aigc_detect_bench,Real
corpora/aigc_detect_bench/images/Real/ood_0006673.jpg,0,aigc_detect_bench,Real
corpora/aigc_detect_bench/images/Real/ood_0006675.jpg,0,aigc_detect_bench,Real
corpora/aigc_detect_bench/images/Real/ood_0006677.jpg,0,aigc_detect_bench,Real
corpora/aigc_detect_bench/images/Real/ood_0006679.jpg,0,aigc_detect_bench,Real
corpora/aigc_detect_bench/images/Real/ood_0006681.jpg,0,aigc_detect_bench,Real
corpora/aigc_detect_bench/images/Real/ood_0006683.jpg,0,aigc_detect_bench,Real
corpora/aigc_detect_bench/images/Real/ood_0006685.jpg,0,aigc_detect_bench,Real
corpora/aigc_detect_bench/images/Real/ood_0006687.jpg,0,aigc_detect_bench,Real
corpora/aigc_detect_bench/images/Real/ood_0006689.jpg,0,aigc_detect_bench,Real
corpora/aigc_detect_bench/images/Real/ood_0006691.jpg,0,aigc_detect_bench,Real
corpora/aigc_detect_bench/images/Real/ood_0006693.jpg,0,aigc_detect_bench,Real
corpora/aigc_detect_bench/images/Real/ood_0006695.jpg,0,aigc_detect_bench,Real
corpora/aigc_detect_bench/images/Real/ood_0006697.jpg,0,aigc_detect_bench,Real
corpora/aigc_detect_bench/images/Real/ood_0006699.jpg,0,aigc_detect_bench,Real
corpora/aigc_detect_bench/images/Real/ood_0006701.jpg,0,aigc_detect_bench,Real
corpora/aigc_detect_bench/images/Real/ood_0006703.jpg,0,aigc_detect_bench,Real
corpora/aigc_detect_bench/images/Real/ood_0006705.jpg,0,aigc_detect_bench,Real
corpora/aigc_detect_bench/images/Real/ood_0006707.jpg,0,aigc_detect_bench,Real
corpora/aigc_detect_bench/images/Real/ood_0006709.jpg,0,aigc_detect_bench,Real
corpora/aigc_detect_bench/images/Real/ood_0006711.jpg,0,aigc_detect_bench,Real
corpora/aigc_detect_bench/images/Real/ood_0006713.jpg,0,aigc_detect_bench,Real
corpora/aigc_detect_bench/images/Real/ood_0006715.jpg,0,aigc_detect_bench,Real
corpora/aigc_detect_bench/images/Real/ood_0006717.jpg,0,aigc_detect_bench,Real
corpora/aigc_detect_bench/images/Real/ood_0006719.jpg,0,aigc_detect_bench,Real
corpora/aigc_detect_bench/images/Real/ood_0006721.jpg,0,aigc_detect_bench,Real
corpora/aigc_detect_bench/images/Real/ood_0006723.jpg,0,aigc_detect_bench,Real
corpora/aigc_detect_bench/images/Real/ood_0006725.jpg,0,aigc_detect_bench,Real
corpora/aigc_detect_bench/images/Real/ood_0006727.jpg,0,aigc_detect_bench,Real
corpora/aigc_detect_bench/images/Real/ood_0006729.jpg,0,aigc_detect_bench,Real
corpora/aigc_detect_bench/images/Real/ood_0006731.jpg,0,aigc_detect_bench,Real
corpora/aigc_detect_bench/images/Real/ood_0006733.jpg,0,aigc_detect_bench,Real
corpora/aigc_detect_bench/images/Real/ood_0006735.jpg,0,aigc_detect_bench,Real
corpora/aigc_detect_bench/images/Real/ood_0006737.jpg,0,aigc_detect_bench,Real
corpora/aigc_detect_bench/images/Real/ood_0006739.jpg,0,aigc_detect_bench,Real
corpora/aigc_detect_bench/images/Real/ood_0006741.jpg,0,aigc_detect_bench,Real
corpora/aigc_detect_bench/images/Real/ood_0006743.jpg,0,aigc_detect_bench,Real
corpora/aigc_detect_bench/images/Real/ood_0006745.jpg,0,aigc_detect_bench,Real
corpora/aigc_detect_bench/images/Real/ood_0006747.jpg,0,aigc_detect_bench,Real
corpora/aigc_detect_bench/images/Real/ood_0006749.jpg,0,aigc_detect_bench,Real
corpora/aigc_detect_bench/images/Real/ood_0006751.jpg,0,aigc_detect_bench,Real
corpora/aigc_detect_bench/images/Real/ood_0006753.jpg,0,aigc_detect_bench,Real
corpora/aigc_detect_bench/images/Real/ood_0006755.jpg,0,aigc_detect_bench,Real
corpora/aigc_detect_bench/images/Real/ood_0006757.jpg,0,aigc_detect_bench,Real
corpora/aigc_detect_bench/images/Real/ood_0006759.jpg,0,aigc_detect_bench,Real
corpora/aigc_detect_bench/images/Real/ood_0006761.jpg,0,aigc_detect_bench,Real
corpora/aigc_detect_bench/images/Real/ood_0006763.jpg,0,aigc_detect_bench,Real
corpora/aigc_detect_bench/images/Real/ood_0006765.jpg,0,aigc_detect_bench,Real
corpora/aigc_detect_bench/images/Real/ood_0006767.jpg,0,aigc_detect_bench,Real
corpora/aigc_detect_bench/images/Real/ood_0006769.jpg,0,aigc_detect_bench,Real
corpora/aigc_detect_bench/images/Real/ood_0006771.jpg,0,aigc_detect_bench,Real
corpora/aigc_detect_bench/images/Real/ood_0006773.jpg,0,aigc_detect_bench,Real
corpora/aigc_detect_bench/images/Real/ood_0006775.jpg,0,aigc_detect_bench,Real
corpora/aigc_detect_bench/images/Real/ood_0006777.jpg,0,aigc_detect_bench,Real
corpora/aigc_detect_bench/images/Real/ood_0006779.jpg,0,aigc_detect_bench,Real
corpora/aigc_detect_bench/images/Real/ood_0006781.jpg,0,aigc_detect_bench,Real
corpora/aigc_detect_bench/images/Real/ood_0006783.jpg,0,aigc_detect_bench,Real
corpora/aigc_detect_bench/images/Real/ood_0006785.jpg,0,aigc_detect_bench,Real
corpora/aigc_detect_bench/images/Real/ood_0006787.jpg,0,aigc_detect_bench,Real
corpora/aigc_detect_bench/images/Real/ood_0006789.jpg,0,aigc_detect_bench,Real
corpora/aigc_detect_bench/images/Real/ood_0006791.jpg,0,aigc_detect_bench,Real
corpora/aigc_detect_bench/images/Real/ood_0006793.jpg,0,aigc_detect_bench,Real
corpora/aigc_detect_bench/images/Real/ood_0006795.jpg,0,aigc_detect_bench,Real
corpora/aigc_detect_bench/images/Real/ood_0006797.jpg,0,aigc_detect_bench,Real
corpora/aigc_detect_bench/images/Real/ood_0006799.jpg,0,aigc_detect_bench,Real
corpora/aigc_detect_bench/images/Real/ood_0006801.jpg,0,aigc_detect_bench,Real
corpora/aigc_detect_bench/images/Real/ood_0006803.jpg,0,aigc_detect_bench,Real
corpora/aigc_detect_bench/images/Real/ood_0006805.jpg,0,aigc_detect_bench,Real
corpora/aigc_detect_bench/images/Real/ood_0006807.jpg,0,aigc_detect_bench,Real
corpora/aigc_detect_bench/images/Real/ood_0006809.jpg,0,aigc_detect_bench,Real
corpora/aigc_detect_bench/images/Real/ood_0006811.jpg,0,aigc_detect_bench,Real
corpora/aigc_detect_bench/images/Real/ood_0006813.jpg,0,aigc_detect_bench,Real
corpora/aigc_detect_bench/images/Real/ood_0006815.jpg,0,aigc_detect_bench,Real
corpora/aigc_detect_bench/images/Real/ood_0006817.jpg,0,aigc_detect_bench,Real
corpora/aigc_detect_bench/images/Real/ood_0006819.jpg,0,aigc_detect_bench,Real
corpora/aigc_detect_bench/images/Real/ood_0006821.jpg,0,aigc_detect_bench,Real
corpora/aigc_detect_bench/images/Real/ood_0006823.jpg,0,aigc_detect_bench,Real
corpora/aigc_detect_bench/images/Real/ood_0006825.jpg,0,aigc_detect_bench,Real
corpora/aigc_detect_bench/images/Real/ood_0006827.jpg,0,aigc_detect_bench,Real
corpora/aigc_detect_bench/images/Real/ood_0006829.jpg,0,aigc_detect_bench,Real
corpora/aigc_detect_bench/images/Real/ood_0006831.jpg,0,aigc_detect_bench,Real
corpora/aigc_detect_bench/images/Real/ood_0006833.jpg,0,aigc_detect_bench,Real
corpora/aigc_detect_bench/images/Real/ood_0006835.jpg,0,aigc_detect_bench,Real
corpora/aigc_detect_bench/images/Real/ood_0006837.jpg,0,aigc_detect_bench,Real
corpora/aigc_detect_bench/images/Real/ood_0006839.jpg,0,aigc_detect_bench,Real
corpora/aigc_detect_bench/images/Real/ood_0006841.jpg,0,aigc_detect_bench,Real
corpora/aigc_detect_bench/images/Real/ood_0006843.jpg,0,aigc_detect_bench,Real
corpora/aigc_detect_bench/images/Real/ood_0006845.jpg,0,aigc_detect_bench,Real
corpora/aigc_detect_bench/images/Real/ood_0006847.jpg,0,aigc_detect_bench,Real
corpora/aigc_detect_bench/images/Real/ood_0006849.jpg,0,aigc_detect_bench,Real
corpora/aigc_detect_bench/images/Real/ood_0006851.jpg,0,aigc_detect_bench,Real
corpora/aigc_detect_bench/images/Real/ood_0006853.jpg,0,aigc_detect_bench,Real
corpora/aigc_detect_bench/images/Real/ood_0006855.jpg,0,aigc_detect_bench,Real
corpora/aigc_detect_bench/images/Real/ood_0006857.jpg,0,aigc_detect_bench,Real
corpora/aigc_detect_bench/images/Real/ood_0006859.jpg,0,aigc_detect_bench,Real
corpora/aigc_detect_bench/images/Real/ood_0006861.jpg,0,aigc_detect_bench,Real
corpora/aigc_detect_bench/images/Real/ood_0006863.jpg,0,aigc_detect_bench,Real
corpora/aigc_detect_bench/images/Real/ood_0006865.jpg,0,aigc_detect_bench,Real
corpora/aigc_detect_bench/images/Real/ood_0006867.jpg,0,aigc_detect_bench,Real
corpora/aigc_detect_bench/images/Real/ood_0006869.jpg,0,aigc_detect_bench,Real
corpora/aigc_detect_bench/images/Real/ood_0006871.jpg,0,aigc_detect_bench,Real
corpora/aigc_detect_bench/images/Real/ood_0006873.jpg,0,aigc_detect_bench,Real
corpora/aigc_detect_bench/images/Real/ood_0006875.jpg,0,aigc_detect_bench,Real
corpora/aigc_detect_bench/images/Real/ood_0006877.jpg,0,aigc_detect_bench,Real
corpora/aigc_detect_bench/images/Real/ood_0006879.jpg,0,aigc_detect_bench,Real
corpora/aigc_detect_bench/images/Real/ood_0006881.jpg,0,aigc_detect_bench,Real
corpora/aigc_detect_bench/images/Real/ood_0006883.jpg,0,aigc_detect_bench,Real
corpora/aigc_detect_bench/images/Real/ood_0006885.jpg,0,aigc_detect_bench,Real
corpora/aigc_detect_bench/images/Real/ood_0006887.jpg,0,aigc_detect_bench,Real
corpora/aigc_detect_bench/images/Real/ood_0006889.jpg,0,aigc_detect_bench,Real
corpora/aigc_detect_bench/images/Real/ood_0006891.jpg,0,aigc_detect_bench,Real
corpora/aigc_detect_bench/images/Real/ood_0006893.jpg,0,aigc_detect_bench,Real
corpora/aigc_detect_bench/images/Real/ood_0006895.jpg,0,aigc_detect_bench,Real
corpora/aigc_detect_bench/images/Real/ood_0006897.jpg,0,aigc_detect_bench,Real
corpora/aigc_detect_bench/images/Real/ood_0006899.jpg,0,aigc_detect_bench,Real
corpora/aigc_detect_bench/images/Real/ood_0006901.jpg,0,aigc_detect_bench,Real
corpora/aigc_detect_bench/images/Real/ood_0006903.jpg,0,aigc_detect_bench,Real
corpora/aigc_detect_bench/images/Real/ood_0006905.jpg,0,aigc_detect_bench,Real
corpora/aigc_detect_bench/images/Real/ood_0006907.jpg,0,aigc_detect_bench,Real
corpora/aigc_detect_bench/images/Real/ood_0006909.jpg,0,aigc_detect_bench,Real
corpora/aigc_detect_bench/images/Real/ood_0006911.jpg,0,aigc_detect_bench,Real
corpora/aigc_detect_bench/images/Real/ood_0006913.jpg,0,aigc_detect_bench,Real
corpora/aigc_detect_bench/images/Real/ood_0006915.jpg,0,aigc_detect_bench,Real
corpora/aigc_detect_bench/images/Real/ood_0006917.jpg,0,aigc_detect_bench,Real
corpora/aigc_detect_bench/images/Real/ood_0006919.jpg,0,aigc_detect_bench,Real
corpora/aigc_detect_bench/images/Real/ood_0006921.jpg,0,aigc_detect_bench,Real
corpora/aigc_detect_bench/images/Real/ood_0006923.jpg,0,aigc_detect_bench,Real
corpora/aigc_detect_bench/images/Real/ood_0006925.jpg,0,aigc_detect_bench,Real
corpora/aigc_detect_bench/images/Real/ood_0006927.jpg,0,aigc_detect_bench,Real
corpora/aigc_detect_bench/images/Real/ood_0006929.jpg,0,aigc_detect_bench,Real
corpora/aigc_detect_bench/images/Real/ood_0006931.jpg,0,aigc_detect_bench,Real
corpora/aigc_detect_bench/images/Real/ood_0006933.jpg,0,aigc_detect_bench,Real
corpora/aigc_detect_bench/images/Real/ood_0006935.jpg,0,aigc_detect_bench,Real
corpora/aigc_detect_bench/images/Real/ood_0006937.jpg,0,aigc_detect_bench,Real
corpora/aigc_detect_bench/images/Real/ood_0006939.jpg,0,aigc_detect_bench,Real
corpora/aigc_detect_bench/images/Real/ood_0006941.jpg,0,aigc_detect_bench,Real
corpora/aigc_detect_bench/images/Real/ood_0006943.jpg,0,aigc_detect_bench,Real
corpora/aigc_detect_bench/images/Real/ood_0006945.jpg,0,aigc_detect_bench,Real
corpora/aigc_detect_bench/images/Real/ood_0006947.jpg,0,aigc_detect_bench,Real
corpora/aigc_detect_bench/images/Real/ood_0006949.jpg,0,aigc_detect_bench,Real
corpora/aigc_detect_bench/images/Real/ood_0006951.jpg,0,aigc_detect_bench,Real
corpora/aigc_detect_bench/images/Real/ood_0006953.jpg,0,aigc_detect_bench,Real
corpora/aigc_detect_bench/images/Real/ood_0006955.jpg,0,aigc_detect_bench,Real
corpora/aigc_detect_bench/images/Real/ood_0006957.jpg,0,aigc_detect_bench,Real
corpora/aigc_detect_bench/images/Real/ood_0006959.jpg,0,aigc_detect_bench,Real
corpora/aigc_detect_bench/images/Real/ood_0006961.jpg,0,aigc_detect_bench,Real
corpora/aigc_detect_bench/images/Real/ood_0006963.jpg,0,aigc_detect_bench,Real
corpora/aigc_detect_bench/images/Real/ood_0006965.jpg,0,aigc_detect_bench,Real
corpora/aigc_detect_bench/images/Real/ood_0006967.jpg,0,aigc_detect_bench,Real
corpora/aigc_detect_bench/images/Real/ood_0006969.jpg,0,aigc_detect_bench,Real
corpora/aigc_detect_bench/images/Real/ood_0006971.jpg,0,aigc_detect_bench,Real
corpora/aigc_detect_bench/images/Real/ood_0006973.jpg,0,aigc_detect_bench,Real
corpora/aigc_detect_bench/images/Real/ood_0006975.jpg,0,aigc_detect_bench,Real
corpora/aigc_detect_bench/images/Real/ood_0006977.jpg,0,aigc_detect_bench,Real
corpora/aigc_detect_bench/images/Real/ood_0006979.jpg,0,aigc_detect_bench,Real
corpora/aigc_detect_bench/images/Real/ood_0006981.jpg,0,aigc_detect_bench,Real
corpora/aigc_detect_bench/images/Real/ood_0006983.jpg,0,aigc_detect_bench,Real
corpora/aigc_detect_bench/images/Real/ood_0006985.jpg,0,aigc_detect_bench,Real
corpora/aigc_detect_bench/images/Real/ood_0006987.jpg,0,aigc_detect_bench,Real
corpora/aigc_detect_bench/images/Real/ood_0006989.jpg,0,aigc_detect_bench,Real
corpora/aigc_detect_bench/images/Real/ood_0006991.jpg,0,aigc_detect_bench,Real
corpora/aigc_detect_bench/images/Real/ood_0006993.jpg,0,aigc_detect_bench,Real
corpora/aigc_detect_bench/images/Real/ood_0006995.jpg,0,aigc_detect_bench,Real
corpora/aigc_detect_bench/images/Real/ood_0006997.jpg,0,aigc_detect_bench,Real
corpora/aigc_detect_bench/images/Real/ood_0006999.jpg,0,aigc_detect_bench,Real
corpora/aigc_detect_bench/images/Real/ood_0007001.jpg,0,aigc_detect_bench,Real
corpora/aigc_detect_bench/images/Real/ood_0007003.jpg,0,aigc_detect_bench,Real
corpora/aigc_detect_bench/images/Real/ood_0007005.jpg,0,aigc_detect_bench,Real
corpora/aigc_detect_bench/images/Real/ood_0007007.jpg,0,aigc_detect_bench,Real
corpora/aigc_detect_bench/images/Real/ood_0007009.jpg,0,aigc_detect_bench,Real
corpora/aigc_detect_bench/images/Real/ood_0007011.jpg,0,aigc_detect_bench,Real
corpora/aigc_detect_bench/images/Real/ood_0007013.jpg,0,aigc_detect_bench,Real
corpora/aigc_detect_bench/images/Real/ood_0007015.jpg,0,aigc_detect_bench,Real
corpora/aigc_detect_bench/images/Real/ood_0007017.jpg,0,aigc_detect_bench,Real
corpora/aigc_detect_bench/images/Real/ood_0007019.jpg,0,aigc_detect_bench,Real
corpora/aigc_detect_bench/images/Real/ood_0007021.jpg,0,aigc_detect_bench,Real
corpora/aigc_detect_bench/images/Real/ood_0007023.jpg,0,aigc_detect_bench,Real
corpora/aigc_detect_bench/images/Real/ood_0007025.jpg,0,aigc_detect_bench,Real
corpora/aigc_detect_bench/images/Real/ood_0007027.jpg,0,aigc_detect_bench,Real
corpora/aigc_detect_bench/images/Real/ood_0007029.jpg,0,aigc_detect_bench,Real
corpora/aigc_detect_bench/images/Real/ood_0007031.jpg,0,aigc_detect_bench,Real
corpora/aigc_detect_bench/images/Real/ood_0007033.jpg,0,aigc_detect_bench,Real
corpora/aigc_detect_bench/images/Real/ood_0007035.jpg,0,aigc_detect_bench,Real
corpora/aigc_detect_bench/images/Real/ood_0007037.jpg,0,aigc_detect_bench,Real
corpora/aigc_detect_bench/images/Real/ood_0007039.jpg,0,aigc_detect_bench,Real
corpora/aigc_detect_bench/images/Real/ood_0007041.jpg,0,aigc_detect_bench,Real
corpora/aigc_detect_bench/images/Real/ood_0007043.jpg,0,aigc_detect_bench,Real
corpora/aigc_detect_bench/images/Real/ood_0007045.jpg,0,aigc_detect_bench,Real
corpora/aigc_detect_bench/images/Real/ood_0007047.jpg,0,aigc_detect_bench,Real
corpora/aigc_detect_bench/images/Real/ood_0007049.jpg,0,aigc_detect_bench,Real
corpora/aigc_detect_bench/images/Real/ood_0007051.jpg,0,aigc_detect_bench,Real
corpora/aigc_detect_bench/images/Real/ood_0007053.jpg,0,aigc_detect_bench,Real
corpora/aigc_detect_bench/images/Real/ood_0007055.jpg,0,aigc_detect_bench,Real
corpora/aigc_detect_bench/images/Real/ood_0007057.jpg,0,aigc_detect_bench,Real
corpora/aigc_detect_bench/images/Real/ood_0007059.jpg,0,aigc_detect_bench,Real
corpora/aigc_detect_bench/images/Real/ood_0007061.jpg,0,aigc_detect_bench,Real
corpora/aigc_detect_bench/images/Real/ood_0007063.jpg,0,aigc_detect_bench,Real
corpora/aigc_detect_bench/images/Real/ood_0007065.jpg,0,aigc_detect_bench,Real
corpora/aigc_detect_bench/images/Real/ood_0007067.jpg,0,aigc_detect_bench,Real
corpora/aigc_detect_bench/images/Real/ood_0007069.jpg,0,aigc_detect_bench,Real
corpora/aigc_detect_bench/images/Real/ood_0007071.jpg,0,aigc_detect_bench,Real
corpora/aigc_detect_bench/images/Real/ood_0007073.jpg,0,aigc_detect_bench,Real
corpora/aigc_detect_bench/images/Real/ood_0007075.jpg,0,aigc_detect_bench,Real
corpora/aigc_detect_bench/images/Real/ood_0007077.jpg,0,aigc_detect_bench,Real
corpora/aigc_detect_bench/images/Real/ood_0007079.jpg,0,aigc_detect_bench,Real
corpora/aigc_detect_bench/images/Real/ood_0007081.jpg,0,aigc_detect_bench,Real
corpora/aigc_detect_bench/images/Real/ood_0007083.jpg,0,aigc_detect_bench,Real
corpora/aigc_detect_bench/images/Real/ood_0007085.jpg,0,aigc_detect_bench,Real
corpora/aigc_detect_bench/images/Real/ood_0007087.jpg,0,aigc_detect_bench,Real
corpora/aigc_detect_bench/images/Real/ood_0007089.jpg,0,aigc_detect_bench,Real
corpora/aigc_detect_bench/images/Real/ood_0007091.jpg,0,aigc_detect_bench,Real
corpora/aigc_detect_bench/images/Real/ood_0007093.jpg,0,aigc_detect_bench,Real
corpora/aigc_detect_bench/images/Real/ood_0007095.jpg,0,aigc_detect_bench,Real
corpora/aigc_detect_bench/images/Real/ood_0007097.jpg,0,aigc_detect_bench,Real
corpora/aigc_detect_bench/images/Real/ood_0007099.jpg,0,aigc_detect_bench,Real
corpora/aigc_detect_bench/images/Real/ood_0007101.jpg,0,aigc_detect_bench,Real
corpora/aigc_detect_bench/images/Real/ood_0007103.jpg,0,aigc_detect_bench,Real
corpora/aigc_detect_bench/images/Real/ood_0007105.jpg,0,aigc_detect_bench,Real
corpora/aigc_detect_bench/images/Real/ood_0007107.jpg,0,aigc_detect_bench,Real
corpora/aigc_detect_bench/images/Real/ood_0007109.jpg,0,aigc_detect_bench,Real
corpora/aigc_detect_bench/images/Real/ood_0007111.jpg,0,aigc_detect_bench,Real
corpora/aigc_detect_bench/images/Real/ood_0007113.jpg,0,aigc_detect_bench,Real
corpora/aigc_detect_bench/images/Real/ood_0007115.jpg,0,aigc_detect_bench,Real
corpora/aigc_detect_bench/images/Real/ood_0007117.jpg,0,aigc_detect_bench,Real
corpora/aigc_detect_bench/images/Real/ood_0007119.jpg,0,aigc_detect_bench,Real
corpora/aigc_detect_bench/images/Real/ood_0007121.jpg,0,aigc_detect_bench,Real
corpora/aigc_detect_bench/images/Real/ood_0007123.jpg,0,aigc_detect_bench,Real
corpora/aigc_detect_bench/images/Real/ood_0007125.jpg,0,aigc_detect_bench,Real
corpora/aigc_detect_bench/images/Real/ood_0007127.jpg,0,aigc_detect_bench,Real
corpora/aigc_detect_bench/images/Real/ood_0007129.jpg,0,aigc_detect_bench,Real
corpora/aigc_detect_bench/images/Real/ood_0007131.jpg,0,aigc_detect_bench,Real
corpora/aigc_detect_bench/images/Real/ood_0007133.jpg,0,aigc_detect_bench,Real
corpora/aigc_detect_bench/images/Real/ood_0007135.jpg,0,aigc_detect_bench,Real
corpora/aigc_detect_bench/images/Real/ood_0007137.jpg,0,aigc_detect_bench,Real
corpora/aigc_detect_bench/images/Real/ood_0007139.jpg,0,aigc_detect_bench,Real
corpora/aigc_detect_bench/images/Real/ood_0007141.jpg,0,aigc_detect_bench,Real
corpora/aigc_detect_bench/images/Real/ood_0007143.jpg,0,aigc_detect_bench,Real
corpora/aigc_detect_bench/images/Real/ood_0007145.jpg,0,aigc_detect_bench,Real
corpora/aigc_detect_bench/images/Real/ood_0007147.jpg,0,aigc_detect_bench,Real
corpora/aigc_detect_bench/images/Real/ood_0007149.jpg,0,aigc_detect_bench,Real
corpora/aigc_detect_bench/images/Real/ood_0007151.jpg,0,aigc_detect_bench,Real
corpora/aigc_detect_bench/images/Real/ood_0007153.jpg,0,aigc_detect_bench,Real
corpora/aigc_detect_bench/images/Real/ood_0007155.jpg,0,aigc_detect_bench,Real
corpora/aigc_detect_bench/images/Real/ood_0007157.jpg,0,aigc_detect_bench,Real
corpora/aigc_detect_bench/images/Real/ood_0007159.jpg,0,aigc_detect_bench,Real
corpora/aigc_detect_bench/images/Real/ood_0007161.jpg,0,aigc_detect_bench,Real
corpora/aigc_detect_bench/images/Real/ood_0007163.jpg,0,aigc_detect_bench,Real
corpora/aigc_detect_bench/images/Real/ood_0007165.jpg,0,aigc_detect_bench,Real
corpora/aigc_detect_bench/images/Real/ood_0007167.jpg,0,aigc_detect_bench,Real
corpora/aigc_detect_bench/images/Real/ood_0007169.jpg,0,aigc_detect_bench,Real
corpora/aigc_detect_bench/images/Real/ood_0007171.jpg,0,aigc_detect_bench,Real
corpora/aigc_detect_bench/images/Real/ood_0007173.jpg,0,aigc_detect_bench,Real
corpora/aigc_detect_bench/images/Real/ood_0007175.jpg,0,aigc_detect_bench,Real
corpora/aigc_detect_bench/images/Real/ood_0007177.jpg,0,aigc_detect_bench,Real
corpora/aigc_detect_bench/images/Real/ood_0007179.jpg,0,aigc_detect_bench,Real
corpora/aigc_detect_bench/images/Real/ood_0007181.jpg,0,aigc_detect_bench,Real
corpora/aigc_detect_bench/images/Real/ood_0007183.jpg,0,aigc_detect_bench,Real
corpora/aigc_detect_bench/images/Real/ood_0007185.jpg,0,aigc_detect_bench,Real
corpora/aigc_detect_bench/images/Real/ood_0007187.jpg,0,aigc_detect_bench,Real
corpora/aigc_detect_bench/images/Real/ood_0007189.jpg,0,aigc_detect_bench,Real
corpora/aigc_detect_bench/images/Real/ood_0007191.jpg,0,aigc_detect_bench,Real
corpora/aigc_detect_bench/images/Real/ood_0007193.jpg,0,aigc_detect_bench,Real
corpora/aigc_detect_bench/images/Real/ood_0007195.jpg,0,aigc_detect_bench,Real
corpora/aigc_detect_bench/images/Real/ood_0007197.jpg,0,aigc_detect_bench,Real
corpora/aigc_detect_bench/images/Real/ood_0007199.jpg,0,aigc_detect_bench,Real
corpora/aigc_detect_bench/images/Real/ood_0007201.jpg,0,aigc_detect_bench,Real
corpora/aigc_detect_bench/images/Real/ood_0007203.jpg,0,aigc_detect_bench,Real
corpora/aigc_detect_bench/images/Real/ood_0007205.jpg,0,aigc_detect_bench,Real
corpora/aigc_detect_bench/images/Real/ood_0007207.jpg,0,aigc_detect_bench,Real
corpora/aigc_detect_bench/images/Real/ood_0007209.jpg,0,aigc_detect_bench,Real
corpora/aigc_detect_bench/images/Real/ood_0007211.jpg,0,aigc_detect_bench,Real
corpora/aigc_detect_bench/images/Real/ood_0007213.jpg,0,aigc_detect_bench,Real
corpora/aigc_detect_bench/images/Real/ood_0007215.jpg,0,aigc_detect_bench,Real
corpora/aigc_detect_bench/images/Real/ood_0007217.jpg,0,aigc_detect_bench,Real
corpora/aigc_detect_bench/images/Real/ood_0007219.jpg,0,aigc_detect_bench,Real
corpora/aigc_detect_bench/images/Real/ood_0007221.jpg,0,aigc_detect_bench,Real
corpora/aigc_detect_bench/images/Real/ood_0007223.jpg,0,aigc_detect_bench,Real
corpora/aigc_detect_bench/images/Real/ood_0007225.jpg,0,aigc_detect_bench,Real
corpora/aigc_detect_bench/images/Real/ood_0007227.jpg,0,aigc_detect_bench,Real
corpora/aigc_detect_bench/images/Real/ood_0007229.jpg,0,aigc_detect_bench,Real
corpora/aigc_detect_bench/images/Real/ood_0007231.jpg,0,aigc_detect_bench,Real
corpora/aigc_detect_bench/images/Real/ood_0007233.jpg,0,aigc_detect_bench,Real
corpora/aigc_detect_bench/images/Real/ood_0007235.jpg,0,aigc_detect_bench,Real
corpora/aigc_detect_bench/images/Real/ood_0007237.jpg,0,aigc_detect_bench,Real
corpora/aigc_detect_bench/images/Real/ood_0007239.jpg,0,aigc_detect_bench,Real
corpora/aigc_detect_bench/images/Real/ood_0007241.jpg,0,aigc_detect_bench,Real
corpora/aigc_detect_bench/images/Real/ood_0007243.jpg,0,aigc_detect_bench,Real
corpora/aigc_detect_bench/images/Real/ood_0007245.jpg,0,aigc_detect_bench,Real
corpora/aigc_detect_bench/images/Real/ood_0007247.jpg,0,aigc_detect_bench,Real
corpora/aigc_detect_bench/images/Real/ood_0007249.jpg,0,aigc_detect_bench,Real
corpora/aigc_detect_bench/images/Real/ood_0007251.jpg,0,aigc_detect_bench,Real
corpora/aigc_detect_bench/images/Real/ood_0007253.jpg,0,aigc_detect_bench,Real
corpora/aigc_detect_bench/images/Real/ood_0007255.jpg,0,aigc_detect_bench,Real
corpora/aigc_detect_bench/images/Real/ood_0007257.jpg,0,aigc_detect_bench,Real
corpora/aigc_detect_bench/images/Real/ood_0007259.jpg,0,aigc_detect_bench,Real
corpora/aigc_detect_bench/images/Real/ood_0007261.jpg,0,aigc_detect_bench,Real
corpora/aigc_detect_bench/images/Real/ood_0007263.jpg,0,aigc_detect_bench,Real
corpora/aigc_detect_bench/images/Real/ood_0007265.jpg,0,aigc_detect_bench,Real
corpora/aigc_detect_bench/images/Real/ood_0007267.jpg,0,aigc_detect_bench,Real
corpora/aigc_detect_bench/images/Real/ood_0007269.jpg,0,aigc_detect_bench,Real
corpora/aigc_detect_bench/images/Real/ood_0007271.jpg,0,aigc_detect_bench,Real
corpora/aigc_detect_bench/images/Real/ood_0007273.jpg,0,aigc_detect_bench,Real
corpora/aigc_detect_bench/images/Real/ood_0007275.jpg,0,aigc_detect_bench,Real
corpora/aigc_detect_bench/images/Real/ood_0007277.jpg,0,aigc_detect_bench,Real
corpora/aigc_detect_bench/images/Real/ood_0007279.jpg,0,aigc_detect_bench,Real
corpora/aigc_detect_bench/images/Real/ood_0007281.jpg,0,aigc_detect_bench,Real
corpora/aigc_detect_bench/images/Real/ood_0007283.jpg,0,aigc_detect_bench,Real
corpora/aigc_detect_bench/images/Real/ood_0007285.jpg,0,aigc_detect_bench,Real
corpora/aigc_detect_bench/images/Real/ood_0007287.jpg,0,aigc_detect_bench,Real
corpora/aigc_detect_bench/images/Real/ood_0007289.jpg,0,aigc_detect_bench,Real
corpora/aigc_detect_bench/images/Real/ood_0007291.jpg,0,aigc_detect_bench,Real
corpora/aigc_detect_bench/images/Real/ood_0007293.jpg,0,aigc_detect_bench,Real
corpora/aigc_detect_bench/images/Real/ood_0007295.jpg,0,aigc_detect_bench,Real
corpora/aigc_detect_bench/images/Real/ood_0007297.jpg,0,aigc_detect_bench,Real
corpora/aigc_detect_bench/images/Real/ood_0007299.jpg,0,aigc_detect_bench,Real
corpora/aigc_detect_bench/images/Real/ood_0007301.jpg,0,aigc_detect_bench,Real
corpora/aigc_detect_bench/images/Real/ood_0007303.jpg,0,aigc_detect_bench,Real
corpora/aigc_detect_bench/images/Real/ood_0007305.jpg,0,aigc_detect_bench,Real
corpora/aigc_detect_bench/images/Real/ood_0007307.jpg,0,aigc_detect_bench,Real
corpora/aigc_detect_bench/images/Real/ood_0007309.jpg,0,aigc_detect_bench,Real
corpora/aigc_detect_bench/images/Real/ood_0007311.jpg,0,aigc_detect_bench,Real
corpora/aigc_detect_bench/images/Real/ood_0007313.jpg,0,aigc_detect_bench,Real
corpora/aigc_detect_bench/images/Real/ood_0007315.jpg,0,aigc_detect_bench,Real
corpora/aigc_detect_bench/images/Real/ood_0007317.jpg,0,aigc_detect_bench,Real
corpora/aigc_detect_bench/images/Real/ood_0007319.jpg,0,aigc_detect_bench,Real
corpora/aigc_detect_bench/images/Real/ood_0007321.jpg,0,aigc_detect_bench,Real
corpora/aigc_detect_bench/images/Real/ood_0007323.jpg,0,aigc_detect_bench,Real
corpora/aigc_detect_bench/images/Real/ood_0007325.jpg,0,aigc_detect_bench,Real
corpora/aigc_detect_bench/images/Real/ood_0007327.jpg,0,aigc_detect_bench,Real
corpora/aigc_detect_bench/images/Real/ood_0007329.jpg,0,aigc_detect_bench,Real
corpora/aigc_detect_bench/images/Real/ood_0007331.jpg,0,aigc_detect_bench,Real
corpora/aigc_detect_bench/images/Real/ood_0007333.jpg,0,aigc_detect_bench,Real
corpora/aigc_detect_bench/images/Real/ood_0007335.jpg,0,aigc_detect_bench,Real
corpora/aigc_detect_bench/images/Real/ood_0007337.jpg,0,aigc_detect_bench,Real
corpora/aigc_detect_bench/images/Real/ood_0007339.jpg,0,aigc_detect_bench,Real
corpora/aigc_detect_bench/images/Real/ood_0007341.jpg,0,aigc_detect_bench,Real
corpora/aigc_detect_bench/images/Real/ood_0007343.jpg,0,aigc_detect_bench,Real
corpora/aigc_detect_bench/images/Real/ood_0007345.jpg,0,aigc_detect_bench,Real
corpora/aigc_detect_bench/images/Real/ood_0007347.jpg,0,aigc_detect_bench,Real
corpora/aigc_detect_bench/images/Real/ood_0007349.jpg,0,aigc_detect_bench,Real
corpora/aigc_detect_bench/images/Real/ood_0007351.jpg,0,aigc_detect_bench,Real
corpora/aigc_detect_bench/images/Real/ood_0007353.jpg,0,aigc_detect_bench,Real
corpora/aigc_detect_bench/images/Real/ood_0007355.jpg,0,aigc_detect_bench,Real
corpora/aigc_detect_bench/images/Real/ood_0007357.jpg,0,aigc_detect_bench,Real
corpora/aigc_detect_bench/images/Real/ood_0007359.jpg,0,aigc_detect_bench,Real
corpora/aigc_detect_bench/images/Real/ood_0007361.jpg,0,aigc_detect_bench,Real
corpora/aigc_detect_bench/images/Real/ood_0007363.jpg,0,aigc_detect_bench,Real
corpora/aigc_detect_bench/images/Real/ood_0007365.jpg,0,aigc_detect_bench,Real
corpora/aigc_detect_bench/images/Real/ood_0007367.jpg,0,aigc_detect_bench,Real
corpora/aigc_detect_bench/images/Real/ood_0007369.jpg,0,aigc_detect_bench,Real
corpora/aigc_detect_bench/images/Real/ood_0007371.jpg,0,aigc_detect_bench,Real
corpora/aigc_detect_bench/images/Real/ood_0007373.jpg,0,aigc_detect_bench,Real
corpora/aigc_detect_bench/images/Real/ood_0007375.jpg,0,aigc_detect_bench,Real
corpora/aigc_detect_bench/images/Real/ood_0007377.jpg,0,aigc_detect_bench,Real
corpora/aigc_detect_bench/images/Real/ood_0007379.jpg,0,aigc_detect_bench,Real
corpora/aigc_detect_bench/images/Real/ood_0007381.jpg,0,aigc_detect_bench,Real
corpora/aigc_detect_bench/images/Real/ood_0007383.jpg,0,aigc_detect_bench,Real
corpora/aigc_detect_bench/images/Real/ood_0007385.jpg,0,aigc_detect_bench,Real
corpora/aigc_detect_bench/images/Real/ood_0007387.jpg,0,aigc_detect_bench,Real
corpora/aigc_detect_bench/images/Real/ood_0007389.jpg,0,aigc_detect_bench,Real
corpora/aigc_detect_bench/images/Real/ood_0007391.jpg,0,aigc_detect_bench,Real
corpora/aigc_detect_bench/images/Real/ood_0007393.jpg,0,aigc_detect_bench,Real
corpora/aigc_detect_bench/images/Real/ood_0007395.jpg,0,aigc_detect_bench,Real
corpora/aigc_detect_bench/images/Real/ood_0007397.jpg,0,aigc_detect_bench,Real
corpora/aigc_detect_bench/images/Real/ood_0007399.jpg,0,aigc_detect_bench,Real
corpora/aigc_detect_bench/images/Real/ood_0007401.jpg,0,aigc_detect_bench,Real
corpora/aigc_detect_bench/images/Real/ood_0007403.jpg,0,aigc_detect_bench,Real
corpora/aigc_detect_bench/images/Real/ood_0007405.jpg,0,aigc_detect_bench,Real
corpora/aigc_detect_bench/images/Real/ood_0007407.jpg,0,aigc_detect_bench,Real
corpora/aigc_detect_bench/images/Real/ood_0007409.jpg,0,aigc_detect_bench,Real
corpora/aigc_detect_bench/images/Real/ood_0007411.jpg,0,aigc_detect_bench,Real
corpora/aigc_detect_bench/images/Real/ood_0007413.jpg,0,aigc_detect_bench,Real
corpora/aigc_detect_bench/images/Real/ood_0007415.jpg,0,aigc_detect_bench,Real
corpora/aigc_detect_bench/images/Real/ood_0007417.jpg,0,aigc_detect_bench,Real
corpora/aigc_detect_bench/images/Real/ood_0007419.jpg,0,aigc_detect_bench,Real
corpora/aigc_detect_bench/images/Real/ood_0007421.jpg,0,aigc_detect_bench,Real
corpora/aigc_detect_bench/images/Real/ood_0007423.jpg,0,aigc_detect_bench,Real
corpora/aigc_detect_bench/images/Real/ood_0007425.jpg,0,aigc_detect_bench,Real
corpora/aigc_detect_bench/images/Real/ood_0007427.jpg,0,aigc_detect_bench,Real
corpora/aigc_detect_bench/images/Real/ood_0007429.jpg,0,aigc_detect_bench,Real
corpora/aigc_detect_bench/images/Real/ood_0007431.jpg,0,aigc_detect_bench,Real
corpora/aigc_detect_bench/images/Real/ood_0007433.jpg,0,aigc_detect_bench,Real
corpora/aigc_detect_bench/images/Real/ood_0007435.jpg,0,aigc_detect_bench,Real
corpora/aigc_detect_bench/images/Real/ood_0007437.jpg,0,aigc_detect_bench,Real
corpora/aigc_detect_bench/images/Real/ood_0007439.jpg,0,aigc_detect_bench,Real
corpora/aigc_detect_bench/images/Real/ood_0007441.jpg,0,aigc_detect_bench,Real
corpora/aigc_detect_bench/images/Real/ood_0007443.jpg,0,aigc_detect_bench,Real
corpora/aigc_detect_bench/images/Real/ood_0007445.jpg,0,aigc_detect_bench,Real
corpora/aigc_detect_bench/images/Real/ood_0007447.jpg,0,aigc_detect_bench,Real
corpora/aigc_detect_bench/images/Real/ood_0007449.jpg,0,aigc_detect_bench,Real
corpora/aigc_detect_bench/images/Real/ood_0007451.jpg,0,aigc_detect_bench,Real
corpora/aigc_detect_bench/images/Real/ood_0007453.jpg,0,aigc_detect_bench,Real
corpora/aigc_detect_bench/images/Real/ood_0007455.jpg,0,aigc_detect_bench,Real
corpora/aigc_detect_bench/images/Real/ood_0007457.jpg,0,aigc_detect_bench,Real
corpora/aigc_detect_bench/images/Real/ood_0007459.jpg,0,aigc_detect_bench,Real
corpora/aigc_detect_bench/images/Real/ood_0007461.jpg,0,aigc_detect_bench,Real
corpora/aigc_detect_bench/images/Real/ood_0007463.jpg,0,aigc_detect_bench,Real
corpora/aigc_detect_bench/images/Real/ood_0007465.jpg,0,aigc_detect_bench,Real
corpora/aigc_detect_bench/images/Real/ood_0007467.jpg,0,aigc_detect_bench,Real
corpora/aigc_detect_bench/images/Real/ood_0007469.jpg,0,aigc_detect_bench,Real
corpora/aigc_detect_bench/images/Real/ood_0007471.jpg,0,aigc_detect_bench,Real
corpora/aigc_detect_bench/images/Real/ood_0007473.jpg,0,aigc_detect_bench,Real
corpora/aigc_detect_bench/images/Real/ood_0007475.jpg,0,aigc_detect_bench,Real
corpora/aigc_detect_bench/images/Real/ood_0007477.jpg,0,aigc_detect_bench,Real
corpora/aigc_detect_bench/images/Real/ood_0007479.jpg,0,aigc_detect_bench,Real
corpora/aigc_detect_bench/images/Real/ood_0007481.jpg,0,aigc_detect_bench,Real
corpora/aigc_detect_bench/images/Real/ood_0007483.jpg,0,aigc_detect_bench,Real
corpora/aigc_detect_bench/images/Real/ood_0007485.jpg,0,aigc_detect_bench,Real
corpora/aigc_detect_bench/images/Real/ood_0007487.jpg,0,aigc_detect_bench,Real
corpora/aigc_detect_bench/images/Real/ood_0007489.jpg,0,aigc_detect_bench,Real
corpora/aigc_detect_bench/images/Real/ood_0007491.jpg,0,aigc_detect_bench,Real
corpora/aigc_detect_bench/images/Real/ood_0007493.jpg,0,aigc_detect_bench,Real
corpora/aigc_detect_bench/images/Real/ood_0007495.jpg,0,aigc_detect_bench,Real
corpora/aigc_detect_bench/images/Real/ood_0007497.jpg,0,aigc_detect_bench,Real
corpora/aigc_detect_bench/images/Real/ood_0007499.jpg,0,aigc_detect_bench,Real
corpora/aigc_detect_bench/images/Real/ood_0007501.jpg,0,aigc_detect_bench,Real
corpora/aigc_detect_bench/images/Real/ood_0007503.jpg,0,aigc_detect_bench,Real
corpora/aigc_detect_bench/images/Real/ood_0007505.jpg,0,aigc_detect_bench,Real
corpora/aigc_detect_bench/images/Real/ood_0007507.jpg,0,aigc_detect_bench,Real
corpora/aigc_detect_bench/images/Real/ood_0007509.jpg,0,aigc_detect_bench,Real
corpora/aigc_detect_bench/images/Real/ood_0007511.jpg,0,aigc_detect_bench,Real
corpora/aigc_detect_bench/images/Real/ood_0007513.jpg,0,aigc_detect_bench,Real
corpora/aigc_detect_bench/images/Real/ood_0007515.jpg,0,aigc_detect_bench,Real
corpora/aigc_detect_bench/images/Real/ood_0007517.jpg,0,aigc_detect_bench,Real
corpora/aigc_detect_bench/images/Real/ood_0007519.jpg,0,aigc_detect_bench,Real
corpora/aigc_detect_bench/images/Real/ood_0007521.jpg,0,aigc_detect_bench,Real
corpora/aigc_detect_bench/images/Real/ood_0007523.jpg,0,aigc_detect_bench,Real
corpora/aigc_detect_bench/images/Real/ood_0007525.jpg,0,aigc_detect_bench,Real
corpora/aigc_detect_bench/images/Real/ood_0007527.jpg,0,aigc_detect_bench,Real
corpora/aigc_detect_bench/images/Real/ood_0007529.jpg,0,aigc_detect_bench,Real
corpora/aigc_detect_bench/images/Real/ood_0007531.jpg,0,aigc_detect_bench,Real
corpora/aigc_detect_bench/images/Real/ood_0007533.jpg,0,aigc_detect_bench,Real
corpora/aigc_detect_bench/images/Real/ood_0007535.jpg,0,aigc_detect_bench,Real
corpora/aigc_detect_bench/images/Real/ood_0007537.jpg,0,aigc_detect_bench,Real
corpora/aigc_detect_bench/images/Real/ood_0007539.jpg,0,aigc_detect_bench,Real
corpora/aigc_detect_bench/images/Real/ood_0007541.jpg,0,aigc_detect_bench,Real
corpora/aigc_detect_bench/images/Real/ood_0007543.jpg,0,aigc_detect_bench,Real
corpora/aigc_detect_bench/images/Real/ood_0007545.jpg,0,aigc_detect_bench,Real
corpora/aigc_detect_bench/images/Real/ood_0007547.jpg,0,aigc_detect_bench,Real
corpora/aigc_detect_bench/images/Real/ood_0007549.jpg,0,aigc_detect_bench,Real
corpora/aigc_detect_bench/images/Real/ood_0007551.jpg,0,aigc_detect_bench,Real
corpora/aigc_detect_bench/images/Real/ood_0007553.jpg,0,aigc_detect_bench,Real
corpora/aigc_detect_bench/images/Real/ood_0007555.jpg,0,aigc_detect_bench,Real
corpora/aigc_detect_bench/images/Real/ood_0007557.jpg,0,aigc_detect_bench,Real
corpora/aigc_detect_bench/images/Real/ood_0007559.jpg,0,aigc_detect_bench,Real
corpora/aigc_detect_bench/images/Real/ood_0007561.jpg,0,aigc_detect_bench,Real
corpora/aigc_detect_bench/images/Real/ood_0007563.jpg,0,aigc_detect_bench,Real
corpora/aigc_detect_bench/images/Real/ood_0007565.jpg,0,aigc_detect_bench,Real
corpora/aigc_detect_bench/images/Real/ood_0007567.jpg,0,aigc_detect_bench,Real
corpora/aigc_detect_bench/images/Real/ood_0007569.jpg,0,aigc_detect_bench,Real
corpora/aigc_detect_bench/images/Real/ood_0007571.jpg,0,aigc_detect_bench,Real
corpora/aigc_detect_bench/images/Real/ood_0007573.jpg,0,aigc_detect_bench,Real
corpora/aigc_detect_bench/images/Real/ood_0007575.jpg,0,aigc_detect_bench,Real
corpora/aigc_detect_bench/images/Real/ood_0007577.jpg,0,aigc_detect_bench,Real
corpora/aigc_detect_bench/images/Real/ood_0007579.jpg,0,aigc_detect_bench,Real
corpora/aigc_detect_bench/images/Real/ood_0007581.jpg,0,aigc_detect_bench,Real
corpora/aigc_detect_bench/images/Real/ood_0007583.jpg,0,aigc_detect_bench,Real
corpora/aigc_detect_bench/images/Real/ood_0007585.jpg,0,aigc_detect_bench,Real
corpora/aigc_detect_bench/images/Real/ood_0007587.jpg,0,aigc_detect_bench,Real
corpora/aigc_detect_bench/images/Real/ood_0007589.jpg,0,aigc_detect_bench,Real
corpora/aigc_detect_bench/images/Real/ood_0007591.jpg,0,aigc_detect_bench,Real
corpora/aigc_detect_bench/images/Real/ood_0007593.jpg,0,aigc_detect_bench,Real
corpora/aigc_detect_bench/images/Real/ood_0007595.jpg,0,aigc_detect_bench,Real
corpora/aigc_detect_bench/images/Real/ood_0007597.jpg,0,aigc_detect_bench,Real
corpora/aigc_detect_bench/images/Real/ood_0007599.jpg,0,aigc_detect_bench,Real
corpora/aigc_detect_bench/images/Real/ood_0007601.jpg,0,aigc_detect_bench,Real
corpora/aigc_detect_bench/images/Real/ood_0007603.jpg,0,aigc_detect_bench,Real
corpora/aigc_detect_bench/images/Real/ood_0007605.jpg,0,aigc_detect_bench,Real
corpora/aigc_detect_bench/images/Real/ood_0007607.jpg,0,aigc_detect_bench,Real
corpora/aigc_detect_bench/images/Real/ood_0007609.jpg,0,aigc_detect_bench,Real
corpora/aigc_detect_bench/images/Real/ood_0007611.jpg,0,aigc_detect_bench,Real
corpora/aigc_detect_bench/images/Real/ood_0007613.jpg,0,aigc_detect_bench,Real
corpora/aigc_detect_bench/images/Real/ood_0007615.jpg,0,aigc_detect_bench,Real
corpora/aigc_detect_bench/images/Real/ood_0007617.jpg,0,aigc_detect_bench,Real
corpora/aigc_detect_bench/images/Real/ood_0007619.jpg,0,aigc_detect_bench,Real
corpora/aigc_detect_bench/images/Real/ood_0007621.jpg,0,aigc_detect_bench,Real
corpora/aigc_detect_bench/images/Real/ood_0007623.jpg,0,aigc_detect_bench,Real
corpora/aigc_detect_bench/images/Real/ood_0007625.jpg,0,aigc_detect_bench,Real
corpora/aigc_detect_bench/images/Real/ood_0007627.jpg,0,aigc_detect_bench,Real
corpora/aigc_detect_bench/images/Real/ood_0007629.jpg,0,aigc_detect_bench,Real
corpora/aigc_detect_bench/images/Real/ood_0007631.jpg,0,aigc_detect_bench,Real
corpora/aigc_detect_bench/images/Real/ood_0007633.jpg,0,aigc_detect_bench,Real
corpora/aigc_detect_bench/images/Real/ood_0007635.jpg,0,aigc_detect_bench,Real
corpora/aigc_detect_bench/images/Real/ood_0007637.jpg,0,aigc_detect_bench,Real
corpora/aigc_detect_bench/images/Real/ood_0007639.jpg,0,aigc_detect_bench,Real
corpora/aigc_detect_bench/images/Real/ood_0007641.jpg,0,aigc_detect_bench,Real
corpora/aigc_detect_bench/images/Real/ood_0007643.jpg,0,aigc_detect_bench,Real
corpora/aigc_detect_bench/images/Real/ood_0007645.jpg,0,aigc_detect_bench,Real
corpora/aigc_detect_bench/images/Real/ood_0007647.jpg,0,aigc_detect_bench,Real
corpora/aigc_detect_bench/images/Real/ood_0007649.jpg,0,aigc_detect_bench,Real
corpora/aigc_detect_bench/images/Real/ood_0007651.jpg,0,aigc_detect_bench,Real
corpora/aigc_detect_bench/images/Real/ood_0007653.jpg,0,aigc_detect_bench,Real
corpora/aigc_detect_bench/images/Real/ood_0007655.jpg,0,aigc_detect_bench,Real
corpora/aigc_detect_bench/images/Real/ood_0007657.jpg,0,aigc_detect_bench,Real
corpora/aigc_detect_bench/images/Real/ood_0007659.jpg,0,aigc_detect_bench,Real
corpora/aigc_detect_bench/images/Real/ood_0007661.jpg,0,aigc_detect_bench,Real
corpora/aigc_detect_bench/images/Real/ood_0007663.jpg,0,aigc_detect_bench,Real
corpora/aigc_detect_bench/images/Real/ood_0007665.jpg,0,aigc_detect_bench,Real
corpora/aigc_detect_bench/images/Real/ood_0007667.jpg,0,aigc_detect_bench,Real
corpora/aigc_detect_bench/images/Real/ood_0007669.jpg,0,aigc_detect_bench,Real
corpora/aigc_detect_bench/images/Real/ood_0007671.jpg,0,aigc_detect_bench,Real
corpora/aigc_detect_bench/images/Real/ood_0007673.jpg,0,aigc_detect_bench,Real
corpora/aigc_detect_bench/images/Real/ood_0007675.jpg,0,aigc_detect_bench,Real
corpora/aigc_detect_bench/images/Real/ood_0007677.jpg,0,aigc_detect_bench,Real
corpora/aigc_detect_bench/images/Real/ood_0007679.jpg,0,aigc_detect_bench,Real
corpora/aigc_detect_bench/images/Real/ood_0007681.jpg,0,aigc_detect_bench,Real
corpora/aigc_detect_bench/images/Real/ood_0007683.jpg,0,aigc_detect_bench,Real
corpora/aigc_detect_bench/images/Real/ood_0007685.jpg,0,aigc_detect_bench,Real
corpora/aigc_detect_bench/images/Real/ood_0007687.jpg,0,aigc_detect_bench,Real
corpora/aigc_detect_bench/images/Real/ood_0007689.jpg,0,aigc_detect_bench,Real
corpora/aigc_detect_bench/images/Real/ood_0007691.jpg,0,aigc_detect_bench,Real
corpora/aigc_detect_bench/images/Real/ood_0007693.jpg,0,aigc_detect_bench,Real
corpora/aigc_detect_bench/images/Real/ood_0007695.jpg,0,aigc_detect_bench,Real
corpora/aigc_detect_bench/images/Real/ood_0007697.jpg,0,aigc_detect_bench,Real
corpora/aigc_detect_bench/images/Real/ood_0007699.jpg,0,aigc_detect_bench,Real
corpora/aigc_detect_bench/images/Real/ood_0007701.jpg,0,aigc_detect_bench,Real
corpora/aigc_detect_bench/images/Real/ood_0007703.jpg,0,aigc_detect_bench,Real
corpora/aigc_detect_bench/images/Real/ood_0007705.jpg,0,aigc_detect_bench,Real
corpora/aigc_detect_bench/images/Real/ood_0007707.jpg,0,aigc_detect_bench,Real
corpora/aigc_detect_bench/images/Real/ood_0007709.jpg,0,aigc_detect_bench,Real
corpora/aigc_detect_bench/images/Real/ood_0007711.jpg,0,aigc_detect_bench,Real
corpora/aigc_detect_bench/images/Real/ood_0007713.jpg,0,aigc_detect_bench,Real
corpora/aigc_detect_bench/images/Real/ood_0007715.jpg,0,aigc_detect_bench,Real
corpora/aigc_detect_bench/images/Real/ood_0007717.jpg,0,aigc_detect_bench,Real
corpora/aigc_detect_bench/images/Real/ood_0007719.jpg,0,aigc_detect_bench,Real
corpora/aigc_detect_bench/images/Real/ood_0007721.jpg,0,aigc_detect_bench,Real
corpora/aigc_detect_bench/images/Real/ood_0007723.jpg,0,aigc_detect_bench,Real
corpora/aigc_detect_bench/images/Real/ood_0007725.jpg,0,aigc_detect_bench,Real
corpora/aigc_detect_bench/images/Real/ood_0007727.jpg,0,aigc_detect_bench,Real
corpora/aigc_detect_bench/images/Real/ood_0007729.jpg,0,aigc_detect_bench,Real
corpora/aigc_detect_bench/images/Real/ood_0007731.jpg,0,aigc_detect_bench,Real
corpora/aigc_detect_bench/images/Real/ood_0007733.jpg,0,aigc_detect_bench,Real
corpora/aigc_detect_bench/images/Real/ood_0007735.jpg,0,aigc_detect_bench,Real
corpora/aigc_detect_bench/images/Real/ood_0007737.jpg,0,aigc_detect_bench,Real
corpora/aigc_detect_bench/images/Real/ood_0007739.jpg,0,aigc_detect_bench,Real
corpora/aigc_detect_bench/images/Real/ood_0007741.jpg,0,aigc_detect_bench,Real
corpora/aigc_detect_bench/images/Real/ood_0007743.jpg,0,aigc_detect_bench,Real
corpora/aigc_detect_bench/images/Real/ood_0007745.jpg,0,aigc_detect_bench,Real
corpora/aigc_detect_bench/images/Real/ood_0007747.jpg,0,aigc_detect_bench,Real
corpora/aigc_detect_bench/images/Real/ood_0007749.jpg,0,aigc_detect_bench,Real
corpora/aigc_detect_bench/images/Real/ood_0007751.jpg,0,aigc_detect_bench,Real
corpora/aigc_detect_bench/images/Real/ood_0007753.jpg,0,aigc_detect_bench,Real
corpora/aigc_detect_bench/images/Real/ood_0007755.jpg,0,aigc_detect_bench,Real
corpora/aigc_detect_bench/images/Real/ood_0007757.jpg,0,aigc_detect_bench,Real
corpora/aigc_detect_bench/images/Real/ood_0007759.jpg,0,aigc_detect_bench,Real
corpora/aigc_detect_bench/images/Real/ood_0007761.jpg,0,aigc_detect_bench,Real
corpora/aigc_detect_bench/images/Real/ood_0007763.jpg,0,aigc_detect_bench,Real
corpora/aigc_detect_bench/images/Real/ood_0007765.jpg,0,aigc_detect_bench,Real
corpora/aigc_detect_bench/images/Real/ood_0007767.jpg,0,aigc_detect_bench,Real
corpora/aigc_detect_bench/images/Real/ood_0007769.jpg,0,aigc_detect_bench,Real
corpora/aigc_detect_bench/images/Real/ood_0007771.jpg,0,aigc_detect_bench,Real
corpora/aigc_detect_bench/images/Real/ood_0007773.jpg,0,aigc_detect_bench,Real
corpora/aigc_detect_bench/images/Real/ood_0007775.jpg,0,aigc_detect_bench,Real
corpora/aigc_detect_bench/images/Real/ood_0007777.jpg,0,aigc_detect_bench,Real
corpora/aigc_detect_bench/images/Real/ood_0007779.jpg,0,aigc_detect_bench,Real
corpora/aigc_detect_bench/images/Real/ood_0007781.jpg,0,aigc_detect_bench,Real
corpora/aigc_detect_bench/images/Real/ood_0007783.jpg,0,aigc_detect_bench,Real
corpora/aigc_detect_bench/images/Real/ood_0007785.jpg,0,aigc_detect_bench,Real
corpora/aigc_detect_bench/images/Real/ood_0007787.jpg,0,aigc_detect_bench,Real
corpora/aigc_detect_bench/images/Real/ood_0007789.jpg,0,aigc_detect_bench,Real
corpora/aigc_detect_bench/images/Real/ood_0007791.jpg,0,aigc_detect_bench,Real
corpora/aigc_detect_bench/images/Real/ood_0007793.jpg,0,aigc_detect_bench,Real
corpora/aigc_detect_bench/images/Real/ood_0007795.jpg,0,aigc_detect_bench,Real
corpora/aigc_detect_bench/images/Real/ood_0007797.jpg,0,aigc_detect_bench,Real
corpora/aigc_detect_bench/images/Real/ood_0007799.jpg,0,aigc_detect_bench,Real
corpora/aigc_detect_bench/images/Real/ood_0007801.jpg,0,aigc_detect_bench,Real
corpora/aigc_detect_bench/images/Real/ood_0007803.jpg,0,aigc_detect_bench,Real
corpora/aigc_detect_bench/images/Real/ood_0007805.jpg,0,aigc_detect_bench,Real
corpora/aigc_detect_bench/images/Real/ood_0007807.jpg,0,aigc_detect_bench,Real
corpora/aigc_detect_bench/images/Real/ood_0007809.jpg,0,aigc_detect_bench,Real
corpora/aigc_detect_bench/images/Real/ood_0007811.jpg,0,aigc_detect_bench,Real
corpora/aigc_detect_bench/images/Real/ood_0007813.jpg,0,aigc_detect_bench,Real
corpora/aigc_detect_bench/images/Real/ood_0007815.jpg,0,aigc_detect_bench,Real
corpora/aigc_detect_bench/images/Real/ood_0007817.jpg,0,aigc_detect_bench,Real
corpora/aigc_detect_bench/images/Real/ood_0007819.jpg,0,aigc_detect_bench,Real
corpora/aigc_detect_bench/images/Real/ood_0007821.jpg,0,aigc_detect_bench,Real
corpora/aigc_detect_bench/images/Real/ood_0007823.jpg,0,aigc_detect_bench,Real
corpora/aigc_detect_bench/images/Real/ood_0007825.jpg,0,aigc_detect_bench,Real
corpora/aigc_detect_bench/images/Real/ood_0007827.jpg,0,aigc_detect_bench,Real
corpora/aigc_detect_bench/images/Real/ood_0007829.jpg,0,aigc_detect_bench,Real
corpora/aigc_detect_bench/images/Real/ood_0007831.jpg,0,aigc_detect_bench,Real
corpora/aigc_detect_bench/images/Real/ood_0007833.jpg,0,aigc_detect_bench,Real
corpora/aigc_detect_bench/images/Real/ood_0007835.jpg,0,aigc_detect_bench,Real
corpora/aigc_detect_bench/images/Real/ood_0007837.jpg,0,aigc_detect_bench,Real
corpora/aigc_detect_bench/images/Real/ood_0007839.jpg,0,aigc_detect_bench,Real
corpora/aigc_detect_bench/images/Real/ood_0007841.jpg,0,aigc_detect_bench,Real
corpora/aigc_detect_bench/images/Real/ood_0007843.jpg,0,aigc_detect_bench,Real
corpora/aigc_detect_bench/images/Real/ood_0007845.jpg,0,aigc_detect_bench,Real
corpora/aigc_detect_bench/images/Real/ood_0007847.jpg,0,aigc_detect_bench,Real
corpora/aigc_detect_bench/images/Real/ood_0007849.jpg,0,aigc_detect_bench,Real
corpora/aigc_detect_bench/images/Real/ood_0007851.jpg,0,aigc_detect_bench,Real
corpora/aigc_detect_bench/images/Real/ood_0007853.jpg,0,aigc_detect_bench,Real
corpora/aigc_detect_bench/images/Real/ood_0007855.jpg,0,aigc_detect_bench,Real
corpora/aigc_detect_bench/images/Real/ood_0007857.jpg,0,aigc_detect_bench,Real
corpora/aigc_detect_bench/images/Real/ood_0007859.jpg,0,aigc_detect_bench,Real
corpora/aigc_detect_bench/images/Real/ood_0007861.jpg,0,aigc_detect_bench,Real
corpora/aigc_detect_bench/images/Real/ood_0007863.jpg,0,aigc_detect_bench,Real
corpora/aigc_detect_bench/images/Real/ood_0007865.jpg,0,aigc_detect_bench,Real
corpora/aigc_detect_bench/images/Real/ood_0007867.jpg,0,aigc_detect_bench,Real
corpora/aigc_detect_bench/images/Real/ood_0007869.jpg,0,aigc_detect_bench,Real
corpora/aigc_detect_bench/images/Real/ood_0007871.jpg,0,aigc_detect_bench,Real
corpora/aigc_detect_bench/images/Real/ood_0007873.jpg,0,aigc_detect_bench,Real
corpora/aigc_detect_bench/images/Real/ood_0007875.jpg,0,aigc_detect_bench,Real
corpora/aigc_detect_bench/images/Real/ood_0007877.jpg,0,aigc_detect_bench,Real
corpora/aigc_detect_bench/images/Real/ood_0007879.jpg,0,aigc_detect_bench,Real
corpora/aigc_detect_bench/images/Real/ood_0007881.jpg,0,aigc_detect_bench,Real
corpora/aigc_detect_bench/images/Real/ood_0007883.jpg,0,aigc_detect_bench,Real
corpora/aigc_detect_bench/images/Real/ood_0007885.jpg,0,aigc_detect_bench,Real
corpora/aigc_detect_bench/images/Real/ood_0007887.jpg,0,aigc_detect_bench,Real
corpora/aigc_detect_bench/images/Real/ood_0007889.jpg,0,aigc_detect_bench,Real
corpora/aigc_detect_bench/images/Real/ood_0007891.jpg,0,aigc_detect_bench,Real
corpora/aigc_detect_bench/images/Real/ood_0007893.jpg,0,aigc_detect_bench,Real
corpora/aigc_detect_bench/images/Real/ood_0007895.jpg,0,aigc_detect_bench,Real
corpora/aigc_detect_bench/images/Real/ood_0007897.jpg,0,aigc_detect_bench,Real
corpora/aigc_detect_bench/images/Real/ood_0007899.jpg,0,aigc_detect_bench,Real
corpora/aigc_detect_bench/images/Real/ood_0007901.jpg,0,aigc_detect_bench,Real
corpora/aigc_detect_bench/images/Real/ood_0007903.jpg,0,aigc_detect_bench,Real
corpora/aigc_detect_bench/images/Real/ood_0007905.jpg,0,aigc_detect_bench,Real
corpora/aigc_detect_bench/images/Real/ood_0007907.jpg,0,aigc_detect_bench,Real
corpora/aigc_detect_bench/images/Real/ood_0007909.jpg,0,aigc_detect_bench,Real
corpora/aigc_detect_bench/images/Real/ood_0007911.jpg,0,aigc_detect_bench,Real
corpora/aigc_detect_bench/images/Real/ood_0007913.jpg,0,aigc_detect_bench,Real
corpora/aigc_detect_bench/images/Real/ood_0007915.jpg,0,aigc_detect_bench,Real
corpora/aigc_detect_bench/images/Real/ood_0007917.jpg,0,aigc_detect_bench,Real
corpora/aigc_detect_bench/images/Real/ood_0007919.jpg,0,aigc_detect_bench,Real
corpora/aigc_detect_bench/images/Real/ood_0007921.jpg,0,aigc_detect_bench,Real
corpora/aigc_detect_bench/images/Real/ood_0007923.jpg,0,aigc_detect_bench,Real
corpora/aigc_detect_bench/images/Real/ood_0007925.jpg,0,aigc_detect_bench,Real
corpora/aigc_detect_bench/images/Real/ood_0007927.jpg,0,aigc_detect_bench,Real
corpora/aigc_detect_bench/images/Real/ood_0007929.jpg,0,aigc_detect_bench,Real
corpora/aigc_detect_bench/images/Real/ood_0007931.jpg,0,aigc_detect_bench,Real
corpora/aigc_detect_bench/images/Real/ood_0007933.jpg,0,aigc_detect_bench,Real
corpora/aigc_detect_bench/images/Real/ood_0007935.jpg,0,aigc_detect_bench,Real
corpora/aigc_detect_bench/images/Real/ood_0007937.jpg,0,aigc_detect_bench,Real
corpora/aigc_detect_bench/images/Real/ood_0007939.jpg,0,aigc_detect_bench,Real
corpora/aigc_detect_bench/images/Real/ood_0007941.jpg,0,aigc_detect_bench,Real
corpora/aigc_detect_bench/images/Real/ood_0007943.jpg,0,aigc_detect_bench,Real
corpora/aigc_detect_bench/images/Real/ood_0007945.jpg,0,aigc_detect_bench,Real
corpora/aigc_detect_bench/images/Real/ood_0007947.jpg,0,aigc_detect_bench,Real
corpora/aigc_detect_bench/images/Real/ood_0007949.jpg,0,aigc_detect_bench,Real
corpora/aigc_detect_bench/images/Real/ood_0007951.jpg,0,aigc_detect_bench,Real
corpora/aigc_detect_bench/images/Real/ood_0007953.jpg,0,aigc_detect_bench,Real
corpora/aigc_detect_bench/images/Real/ood_0007955.jpg,0,aigc_detect_bench,Real
corpora/aigc_detect_bench/images/Real/ood_0007957.jpg,0,aigc_detect_bench,Real
corpora/aigc_detect_bench/images/Real/ood_0007959.jpg,0,aigc_detect_bench,Real
corpora/aigc_detect_bench/images/Real/ood_0007961.jpg,0,aigc_detect_bench,Real
corpora/aigc_detect_bench/images/Real/ood_0007963.jpg,0,aigc_detect_bench,Real
corpora/aigc_detect_bench/images/Real/ood_0007965.jpg,0,aigc_detect_bench,Real
corpora/aigc_detect_bench/images/Real/ood_0007967.jpg,0,aigc_detect_bench,Real
corpora/aigc_detect_bench/images/Real/ood_0007969.jpg,0,aigc_detect_bench,Real
corpora/aigc_detect_bench/images/Real/ood_0007971.jpg,0,aigc_detect_bench,Real
corpora/aigc_detect_bench/images/Real/ood_0007973.jpg,0,aigc_detect_bench,Real
corpora/aigc_detect_bench/images/Real/ood_0007975.jpg,0,aigc_detect_bench,Real
corpora/aigc_detect_bench/images/Real/ood_0007977.jpg,0,aigc_detect_bench,Real
corpora/aigc_detect_bench/images/Real/ood_0007979.jpg,0,aigc_detect_bench,Real
corpora/aigc_detect_bench/images/Real/ood_0007981.jpg,0,aigc_detect_bench,Real
corpora/aigc_detect_bench/images/Real/ood_0007983.jpg,0,aigc_detect_bench,Real
corpora/aigc_detect_bench/images/Real/ood_0007985.jpg,0,aigc_detect_bench,Real
corpora/aigc_detect_bench/images/Real/ood_0007987.jpg,0,aigc_detect_bench,Real
corpora/aigc_detect_bench/images/Real/ood_0007989.jpg,0,aigc_detect_bench,Real
corpora/aigc_detect_bench/images/Real/ood_0007991.jpg,0,aigc_detect_bench,Real
corpora/aigc_detect_bench/images/Real/ood_0007993.jpg,0,aigc_detect_bench,Real
corpora/aigc_detect_bench/images/Real/ood_0007995.jpg,0,aigc_detect_bench,Real
corpora/aigc_detect_bench/images/Real/ood_0007997.jpg,0,aigc_detect_bench,Real
corpora/aigc_detect_bench/images/Real/ood_0007999.jpg,0,aigc_detect_bench,Real
corpora/aigc_detect_bench/images/SD14/ood_0000018.jpg,1,aigc_detect_bench,SD14
corpora/aigc_detect_bench/images/SD14/ood_0000052.jpg,1,aigc_detect_bench,SD14
corpora/aigc_detect_bench/images/SD14/ood_0000086.jpg,1,aigc_detect_bench,SD14
corpora/aigc_detect_bench/images/SD14/ood_0000120.jpg,1,aigc_detect_bench,SD14
corpora/aigc_detect_bench/images/SD14/ood_0000154.jpg,1,aigc_detect_bench,SD14
corpora/aigc_detect_bench/images/SD14/ood_0000188.jpg,1,aigc_detect_bench,SD14
corpora/aigc_detect_bench/images/SD14/ood_0000222.jpg,1,aigc_detect_bench,SD14
corpora/aigc_detect_bench/images/SD14/ood_0000256.jpg,1,aigc_detect_bench,SD14
corpora/aigc_detect_bench/images/SD14/ood_0000290.jpg,1,aigc_detect_bench,SD14
corpora/aigc_detect_bench/images/SD14/ood_0000324.jpg,1,aigc_detect_bench,SD14
corpora/aigc_detect_bench/images/SD14/ood_0000358.jpg,1,aigc_detect_bench,SD14
corpora/aigc_detect_bench/images/SD14/ood_0000392.jpg,1,aigc_detect_bench,SD14
corpora/aigc_detect_bench/images/SD14/ood_0000426.jpg,1,aigc_detect_bench,SD14
corpora/aigc_detect_bench/images/SD14/ood_0000460.jpg,1,aigc_detect_bench,SD14
corpora/aigc_detect_bench/images/SD14/ood_0000494.jpg,1,aigc_detect_bench,SD14
corpora/aigc_detect_bench/images/SD14/ood_0000528.jpg,1,aigc_detect_bench,SD14
corpora/aigc_detect_bench/images/SD14/ood_0000562.jpg,1,aigc_detect_bench,SD14
corpora/aigc_detect_bench/images/SD14/ood_0000596.jpg,1,aigc_detect_bench,SD14
corpora/aigc_detect_bench/images/SD14/ood_0000630.jpg,1,aigc_detect_bench,SD14
corpora/aigc_detect_bench/images/SD14/ood_0000664.jpg,1,aigc_detect_bench,SD14
corpora/aigc_detect_bench/images/SD14/ood_0000698.jpg,1,aigc_detect_bench,SD14
corpora/aigc_detect_bench/images/SD14/ood_0000732.jpg,1,aigc_detect_bench,SD14
corpora/aigc_detect_bench/images/SD14/ood_0000766.jpg,1,aigc_detect_bench,SD14
corpora/aigc_detect_bench/images/SD14/ood_0000800.jpg,1,aigc_detect_bench,SD14
corpora/aigc_detect_bench/images/SD14/ood_0000834.jpg,1,aigc_detect_bench,SD14
corpora/aigc_detect_bench/images/SD14/ood_0000868.jpg,1,aigc_detect_bench,SD14
corpora/aigc_detect_bench/images/SD14/ood_0000902.jpg,1,aigc_detect_bench,SD14
corpora/aigc_detect_bench/images/SD14/ood_0000936.jpg,1,aigc_detect_bench,SD14
corpora/aigc_detect_bench/images/SD14/ood_0000970.jpg,1,aigc_detect_bench,SD14
corpora/aigc_detect_bench/images/SD14/ood_0001004.jpg,1,aigc_detect_bench,SD14
corpora/aigc_detect_bench/images/SD14/ood_0001038.jpg,1,aigc_detect_bench,SD14
corpora/aigc_detect_bench/images/SD14/ood_0001072.jpg,1,aigc_detect_bench,SD14
corpora/aigc_detect_bench/images/SD14/ood_0001106.jpg,1,aigc_detect_bench,SD14
corpora/aigc_detect_bench/images/SD14/ood_0001140.jpg,1,aigc_detect_bench,SD14
corpora/aigc_detect_bench/images/SD14/ood_0001174.jpg,1,aigc_detect_bench,SD14
corpora/aigc_detect_bench/images/SD14/ood_0001208.jpg,1,aigc_detect_bench,SD14
corpora/aigc_detect_bench/images/SD14/ood_0001242.jpg,1,aigc_detect_bench,SD14
corpora/aigc_detect_bench/images/SD14/ood_0001276.jpg,1,aigc_detect_bench,SD14
corpora/aigc_detect_bench/images/SD14/ood_0001310.jpg,1,aigc_detect_bench,SD14
corpora/aigc_detect_bench/images/SD14/ood_0001344.jpg,1,aigc_detect_bench,SD14
corpora/aigc_detect_bench/images/SD14/ood_0001378.jpg,1,aigc_detect_bench,SD14
corpora/aigc_detect_bench/images/SD14/ood_0001412.jpg,1,aigc_detect_bench,SD14
corpora/aigc_detect_bench/images/SD14/ood_0001446.jpg,1,aigc_detect_bench,SD14
corpora/aigc_detect_bench/images/SD14/ood_0001480.jpg,1,aigc_detect_bench,SD14
corpora/aigc_detect_bench/images/SD14/ood_0001514.jpg,1,aigc_detect_bench,SD14
corpora/aigc_detect_bench/images/SD14/ood_0001548.jpg,1,aigc_detect_bench,SD14
corpora/aigc_detect_bench/images/SD14/ood_0001582.jpg,1,aigc_detect_bench,SD14
corpora/aigc_detect_bench/images/SD14/ood_0001616.jpg,1,aigc_detect_bench,SD14
corpora/aigc_detect_bench/images/SD14/ood_0001650.jpg,1,aigc_detect_bench,SD14
corpora/aigc_detect_bench/images/SD14/ood_0001684.jpg,1,aigc_detect_bench,SD14
corpora/aigc_detect_bench/images/SD14/ood_0001718.jpg,1,aigc_detect_bench,SD14
corpora/aigc_detect_bench/images/SD14/ood_0001752.jpg,1,aigc_detect_bench,SD14
corpora/aigc_detect_bench/images/SD14/ood_0001786.jpg,1,aigc_detect_bench,SD14
corpora/aigc_detect_bench/images/SD14/ood_0001820.jpg,1,aigc_detect_bench,SD14
corpora/aigc_detect_bench/images/SD14/ood_0001854.jpg,1,aigc_detect_bench,SD14
corpora/aigc_detect_bench/images/SD14/ood_0001888.jpg,1,aigc_detect_bench,SD14
corpora/aigc_detect_bench/images/SD14/ood_0001922.jpg,1,aigc_detect_bench,SD14
corpora/aigc_detect_bench/images/SD14/ood_0001956.jpg,1,aigc_detect_bench,SD14
corpora/aigc_detect_bench/images/SD14/ood_0001990.jpg,1,aigc_detect_bench,SD14
corpora/aigc_detect_bench/images/SD14/ood_0002024.jpg,1,aigc_detect_bench,SD14
corpora/aigc_detect_bench/images/SD14/ood_0002058.jpg,1,aigc_detect_bench,SD14
corpora/aigc_detect_bench/images/SD14/ood_0002092.jpg,1,aigc_detect_bench,SD14
corpora/aigc_detect_bench/images/SD14/ood_0002126.jpg,1,aigc_detect_bench,SD14
corpora/aigc_detect_bench/images/SD14/ood_0002160.jpg,1,aigc_detect_bench,SD14
corpora/aigc_detect_bench/images/SD14/ood_0002194.jpg,1,aigc_detect_bench,SD14
corpora/aigc_detect_bench/images/SD14/ood_0002228.jpg,1,aigc_detect_bench,SD14
corpora/aigc_detect_bench/images/SD14/ood_0002262.jpg,1,aigc_detect_bench,SD14
corpora/aigc_detect_bench/images/SD14/ood_0002296.jpg,1,aigc_detect_bench,SD14
corpora/aigc_detect_bench/images/SD14/ood_0002330.jpg,1,aigc_detect_bench,SD14
corpora/aigc_detect_bench/images/SD14/ood_0002364.jpg,1,aigc_detect_bench,SD14
corpora/aigc_detect_bench/images/SD14/ood_0002398.jpg,1,aigc_detect_bench,SD14
corpora/aigc_detect_bench/images/SD14/ood_0002432.jpg,1,aigc_detect_bench,SD14
corpora/aigc_detect_bench/images/SD14/ood_0002466.jpg,1,aigc_detect_bench,SD14
corpora/aigc_detect_bench/images/SD14/ood_0002500.jpg,1,aigc_detect_bench,SD14
corpora/aigc_detect_bench/images/SD14/ood_0002534.jpg,1,aigc_detect_bench,SD14
corpora/aigc_detect_bench/images/SD14/ood_0002568.jpg,1,aigc_detect_bench,SD14
corpora/aigc_detect_bench/images/SD14/ood_0002602.jpg,1,aigc_detect_bench,SD14
corpora/aigc_detect_bench/images/SD14/ood_0002636.jpg,1,aigc_detect_bench,SD14
corpora/aigc_detect_bench/images/SD14/ood_0002670.jpg,1,aigc_detect_bench,SD14
corpora/aigc_detect_bench/images/SD14/ood_0002704.jpg,1,aigc_detect_bench,SD14
corpora/aigc_detect_bench/images/SD14/ood_0002738.jpg,1,aigc_detect_bench,SD14
corpora/aigc_detect_bench/images/SD14/ood_0002772.jpg,1,aigc_detect_bench,SD14
corpora/aigc_detect_bench/images/SD14/ood_0002806.jpg,1,aigc_detect_bench,SD14
corpora/aigc_detect_bench/images/SD14/ood_0002840.jpg,1,aigc_detect_bench,SD14
corpora/aigc_detect_bench/images/SD14/ood_0002874.jpg,1,aigc_detect_bench,SD14
corpora/aigc_detect_bench/images/SD14/ood_0002908.jpg,1,aigc_detect_bench,SD14
corpora/aigc_detect_bench/images/SD14/ood_0002942.jpg,1,aigc_detect_bench,SD14
corpora/aigc_detect_bench/images/SD14/ood_0002976.jpg,1,aigc_detect_bench,SD14
corpora/aigc_detect_bench/images/SD14/ood_0003010.jpg,1,aigc_detect_bench,SD14
corpora/aigc_detect_bench/images/SD14/ood_0003044.jpg,1,aigc_detect_bench,SD14
corpora/aigc_detect_bench/images/SD14/ood_0003078.jpg,1,aigc_detect_bench,SD14
corpora/aigc_detect_bench/images/SD14/ood_0003112.jpg,1,aigc_detect_bench,SD14
corpora/aigc_detect_bench/images/SD14/ood_0003146.jpg,1,aigc_detect_bench,SD14
corpora/aigc_detect_bench/images/SD14/ood_0003180.jpg,1,aigc_detect_bench,SD14
corpora/aigc_detect_bench/images/SD14/ood_0003214.jpg,1,aigc_detect_bench,SD14
corpora/aigc_detect_bench/images/SD14/ood_0003248.jpg,1,aigc_detect_bench,SD14
corpora/aigc_detect_bench/images/SD14/ood_0003282.jpg,1,aigc_detect_bench,SD14
corpora/aigc_detect_bench/images/SD14/ood_0003316.jpg,1,aigc_detect_bench,SD14
corpora/aigc_detect_bench/images/SD14/ood_0003350.jpg,1,aigc_detect_bench,SD14
corpora/aigc_detect_bench/images/SD14/ood_0003384.jpg,1,aigc_detect_bench,SD14
corpora/aigc_detect_bench/images/SD14/ood_0003418.jpg,1,aigc_detect_bench,SD14
corpora/aigc_detect_bench/images/SD14/ood_0003452.jpg,1,aigc_detect_bench,SD14
corpora/aigc_detect_bench/images/SD14/ood_0003486.jpg,1,aigc_detect_bench,SD14
corpora/aigc_detect_bench/images/SD14/ood_0003520.jpg,1,aigc_detect_bench,SD14
corpora/aigc_detect_bench/images/SD14/ood_0003554.jpg,1,aigc_detect_bench,SD14
corpora/aigc_detect_bench/images/SD14/ood_0003588.jpg,1,aigc_detect_bench,SD14
corpora/aigc_detect_bench/images/SD14/ood_0003622.jpg,1,aigc_detect_bench,SD14
corpora/aigc_detect_bench/images/SD14/ood_0003656.jpg,1,aigc_detect_bench,SD14
corpora/aigc_detect_bench/images/SD14/ood_0003690.jpg,1,aigc_detect_bench,SD14
corpora/aigc_detect_bench/images/SD14/ood_0003724.jpg,1,aigc_detect_bench,SD14
corpora/aigc_detect_bench/images/SD14/ood_0003758.jpg,1,aigc_detect_bench,SD14
corpora/aigc_detect_bench/images/SD14/ood_0003792.jpg,1,aigc_detect_bench,SD14
corpora/aigc_detect_bench/images/SD14/ood_0003826.jpg,1,aigc_detect_bench,SD14
corpora/aigc_detect_bench/images/SD14/ood_0003860.jpg,1,aigc_detect_bench,SD14
corpora/aigc_detect_bench/images/SD14/ood_0003894.jpg,1,aigc_detect_bench,SD14
corpora/aigc_detect_bench/images/SD14/ood_0003928.jpg,1,aigc_detect_bench,SD14
corpora/aigc_detect_bench/images/SD14/ood_0003962.jpg,1,aigc_detect_bench,SD14
corpora/aigc_detect_bench/images/SD14/ood_0003996.jpg,1,aigc_detect_bench,SD14
corpora/aigc_detect_bench/images/SD14/ood_0004030.jpg,1,aigc_detect_bench,SD14
corpora/aigc_detect_bench/images/SD14/ood_0004064.jpg,1,aigc_detect_bench,SD14
corpora/aigc_detect_bench/images/SD14/ood_0004098.jpg,1,aigc_detect_bench,SD14
corpora/aigc_detect_bench/images/SD14/ood_0004132.jpg,1,aigc_detect_bench,SD14
corpora/aigc_detect_bench/images/SD14/ood_0004166.jpg,1,aigc_detect_bench,SD14
corpora/aigc_detect_bench/images/SD14/ood_0004200.jpg,1,aigc_detect_bench,SD14
corpora/aigc_detect_bench/images/SD14/ood_0004234.jpg,1,aigc_detect_bench,SD14
corpora/aigc_detect_bench/images/SD14/ood_0004268.jpg,1,aigc_detect_bench,SD14
corpora/aigc_detect_bench/images/SD14/ood_0004302.jpg,1,aigc_detect_bench,SD14
corpora/aigc_detect_bench/images/SD14/ood_0004336.jpg,1,aigc_detect_bench,SD14
corpora/aigc_detect_bench/images/SD14/ood_0004370.jpg,1,aigc_detect_bench,SD14
corpora/aigc_detect_bench/images/SD14/ood_0004404.jpg,1,aigc_detect_bench,SD14
corpora/aigc_detect_bench/images/SD14/ood_0004438.jpg,1,aigc_detect_bench,SD14
corpora/aigc_detect_bench/images/SD14/ood_0004472.jpg,1,aigc_detect_bench,SD14
corpora/aigc_detect_bench/images/SD14/ood_0004506.jpg,1,aigc_detect_bench,SD14
corpora/aigc_detect_bench/images/SD14/ood_0004540.jpg,1,aigc_detect_bench,SD14
corpora/aigc_detect_bench/images/SD14/ood_0004574.jpg,1,aigc_detect_bench,SD14
corpora/aigc_detect_bench/images/SD14/ood_0004608.jpg,1,aigc_detect_bench,SD14
corpora/aigc_detect_bench/images/SD14/ood_0004642.jpg,1,aigc_detect_bench,SD14
corpora/aigc_detect_bench/images/SD14/ood_0004676.jpg,1,aigc_detect_bench,SD14
corpora/aigc_detect_bench/images/SD14/ood_0004710.jpg,1,aigc_detect_bench,SD14
corpora/aigc_detect_bench/images/SD14/ood_0004744.jpg,1,aigc_detect_bench,SD14
corpora/aigc_detect_bench/images/SD14/ood_0004778.jpg,1,aigc_detect_bench,SD14
corpora/aigc_detect_bench/images/SD14/ood_0004812.jpg,1,aigc_detect_bench,SD14
corpora/aigc_detect_bench/images/SD14/ood_0004846.jpg,1,aigc_detect_bench,SD14
corpora/aigc_detect_bench/images/SD14/ood_0004880.jpg,1,aigc_detect_bench,SD14
corpora/aigc_detect_bench/images/SD14/ood_0004914.jpg,1,aigc_detect_bench,SD14
corpora/aigc_detect_bench/images/SD14/ood_0004948.jpg,1,aigc_detect_bench,SD14
corpora/aigc_detect_bench/images/SD14/ood_0004982.jpg,1,aigc_detect_bench,SD14
corpora/aigc_detect_bench/images/SD14/ood_0005016.jpg,1,aigc_detect_bench,SD14
corpora/aigc_detect_bench/images/SD14/ood_0005050.jpg,1,aigc_detect_bench,SD14
corpora/aigc_detect_bench/images/SD14/ood_0005084.jpg,1,aigc_detect_bench,SD14
corpora/aigc_detect_bench/images/SD14/ood_0005118.jpg,1,aigc_detect_bench,SD14
corpora/aigc_detect_bench/images/SD14/ood_0005152.jpg,1,aigc_detect_bench,SD14
corpora/aigc_detect_bench/images/SD14/ood_0005186.jpg,1,aigc_detect_bench,SD14
corpora/aigc_detect_bench/images/SD14/ood_0005220.jpg,1,aigc_detect_bench,SD14
corpora/aigc_detect_bench/images/SD14/ood_0005254.jpg,1,aigc_detect_bench,SD14
corpora/aigc_detect_bench/images/SD14/ood_0005288.jpg,1,aigc_detect_bench,SD14
corpora/aigc_detect_bench/images/SD14/ood_0005322.jpg,1,aigc_detect_bench,SD14
corpora/aigc_detect_bench/images/SD14/ood_0005356.jpg,1,aigc_detect_bench,SD14
corpora/aigc_detect_bench/images/SD14/ood_0005390.jpg,1,aigc_detect_bench,SD14
corpora/aigc_detect_bench/images/SD14/ood_0005424.jpg,1,aigc_detect_bench,SD14
corpora/aigc_detect_bench/images/SD14/ood_0005458.jpg,1,aigc_detect_bench,SD14
corpora/aigc_detect_bench/images/SD14/ood_0005492.jpg,1,aigc_detect_bench,SD14
corpora/aigc_detect_bench/images/SD14/ood_0005526.jpg,1,aigc_detect_bench,SD14
corpora/aigc_detect_bench/images/SD14/ood_0005560.jpg,1,aigc_detect_bench,SD14
corpora/aigc_detect_bench/images/SD14/ood_0005594.jpg,1,aigc_detect_bench,SD14
corpora/aigc_detect_bench/images/SD14/ood_0005628.jpg,1,aigc_detect_bench,SD14
corpora/aigc_detect_bench/images/SD14/ood_0005662.jpg,1,aigc_detect_bench,SD14
corpora/aigc_detect_bench/images/SD14/ood_0005696.jpg,1,aigc_detect_bench,SD14
corpora/aigc_detect_bench/images/SD14/ood_0005730.jpg,1,aigc_detect_bench,SD14
corpora/aigc_detect_bench/images/SD14/ood_0005764.jpg,1,aigc_detect_bench,SD14
corpora/aigc_detect_bench/images/SD14/ood_0005798.jpg,1,aigc_detect_bench,SD14
corpora/aigc_detect_bench/images/SD14/ood_0005832.jpg,1,aigc_detect_bench,SD14
corpora/aigc_detect_bench/images/SD14/ood_0005866.jpg,1,aigc_detect_bench,SD14
corpora/aigc_detect_bench/images/SD14/ood_0005900.jpg,1,aigc_detect_bench,SD14
corpora/aigc_detect_bench/images/SD14/ood_0005934.jpg,1,aigc_detect_bench,SD14
corpora/aigc_detect_bench/images/SD14/ood_0005968.jpg,1,aigc_detect_bench,SD14
corpora/aigc_detect_bench/images/SD14/ood_0006002.jpg,1,aigc_detect_bench,SD14
corpora/aigc_detect_bench/images/SD14/ood_0006036.jpg,1,aigc_detect_bench,SD14
corpora/aigc_detect_bench/images/SD14/ood_0006070.jpg,1,aigc_detect_bench,SD14
corpora/aigc_detect_bench/images/SD14/ood_0006104.jpg,1,aigc_detect_bench,SD14
corpora/aigc_detect_bench/images/SD14/ood_0006138.jpg,1,aigc_detect_bench,SD14
corpora/aigc_detect_bench/images/SD14/ood_0006172.jpg,1,aigc_detect_bench,SD14
corpora/aigc_detect_bench/images/SD14/ood_0006206.jpg,1,aigc_detect_bench,SD14
corpora/aigc_detect_bench/images/SD14/ood_0006240.jpg,1,aigc_detect_bench,SD14
corpora/aigc_detect_bench/images/SD14/ood_0006274.jpg,1,aigc_detect_bench,SD14
corpora/aigc_detect_bench/images/SD14/ood_0006308.jpg,1,aigc_detect_bench,SD14
corpora/aigc_detect_bench/images/SD14/ood_0006342.jpg,1,aigc_detect_bench,SD14
corpora/aigc_detect_bench/images/SD14/ood_0006376.jpg,1,aigc_detect_bench,SD14
corpora/aigc_detect_bench/images/SD14/ood_0006410.jpg,1,aigc_detect_bench,SD14
corpora/aigc_detect_bench/images/SD14/ood_0006444.jpg,1,aigc_detect_bench,SD14
corpora/aigc_detect_bench/images/SD14/ood_0006478.jpg,1,aigc_detect_bench,SD14
corpora/aigc_detect_bench/images/SD14/ood_0006512.jpg,1,aigc_detect_bench,SD14
corpora/aigc_detect_bench/images/SD14/ood_0006546.jpg,1,aigc_detect_bench,SD14
corpora/aigc_detect_bench/images/SD14/ood_0006580.jpg,1,aigc_detect_bench,SD14
corpora/aigc_detect_bench/images/SD14/ood_0006614.jpg,1,aigc_detect_bench,SD14
corpora/aigc_detect_bench/images/SD14/ood_0006648.jpg,1,aigc_detect_bench,SD14
corpora/aigc_detect_bench/images/SD14/ood_0006682.jpg,1,aigc_detect_bench,SD14
corpora/aigc_detect_bench/images/SD14/ood_0006716.jpg,1,aigc_detect_bench,SD14
corpora/aigc_detect_bench/images/SD14/ood_0006750.jpg,1,aigc_detect_bench,SD14
corpora/aigc_detect_bench/images/SD14/ood_0006784.jpg,1,aigc_detect_bench,SD14
corpora/aigc_detect_bench/images/SD14/ood_0006816.jpg,1,aigc_detect_bench,SD14
corpora/aigc_detect_bench/images/SD14/ood_0006848.jpg,1,aigc_detect_bench,SD14
corpora/aigc_detect_bench/images/SD14/ood_0006880.jpg,1,aigc_detect_bench,SD14
corpora/aigc_detect_bench/images/SD14/ood_0006912.jpg,1,aigc_detect_bench,SD14
corpora/aigc_detect_bench/images/SD14/ood_0006944.jpg,1,aigc_detect_bench,SD14
corpora/aigc_detect_bench/images/SD14/ood_0006976.jpg,1,aigc_detect_bench,SD14
corpora/aigc_detect_bench/images/SD14/ood_0007008.jpg,1,aigc_detect_bench,SD14
corpora/aigc_detect_bench/images/SD14/ood_0007040.jpg,1,aigc_detect_bench,SD14
corpora/aigc_detect_bench/images/SD14/ood_0007072.jpg,1,aigc_detect_bench,SD14
corpora/aigc_detect_bench/images/SD14/ood_0007104.jpg,1,aigc_detect_bench,SD14
corpora/aigc_detect_bench/images/SD14/ood_0007136.jpg,1,aigc_detect_bench,SD14
corpora/aigc_detect_bench/images/SD14/ood_0007168.jpg,1,aigc_detect_bench,SD14
corpora/aigc_detect_bench/images/SD14/ood_0007200.jpg,1,aigc_detect_bench,SD14
corpora/aigc_detect_bench/images/SD14/ood_0007232.jpg,1,aigc_detect_bench,SD14
corpora/aigc_detect_bench/images/SD14/ood_0007264.jpg,1,aigc_detect_bench,SD14
corpora/aigc_detect_bench/images/SD14/ood_0007296.jpg,1,aigc_detect_bench,SD14
corpora/aigc_detect_bench/images/SD14/ood_0007328.jpg,1,aigc_detect_bench,SD14
corpora/aigc_detect_bench/images/SD14/ood_0007360.jpg,1,aigc_detect_bench,SD14
corpora/aigc_detect_bench/images/SD14/ood_0007392.jpg,1,aigc_detect_bench,SD14
corpora/aigc_detect_bench/images/SD14/ood_0007424.jpg,1,aigc_detect_bench,SD14
corpora/aigc_detect_bench/images/SD14/ood_0007456.jpg,1,aigc_detect_bench,SD14
corpora/aigc_detect_bench/images/SD14/ood_0007488.jpg,1,aigc_detect_bench,SD14
corpora/aigc_detect_bench/images/SD14/ood_0007520.jpg,1,aigc_detect_bench,SD14
corpora/aigc_detect_bench/images/SD14/ood_0007552.jpg,1,aigc_detect_bench,SD14
corpora/aigc_detect_bench/images/SD14/ood_0007584.jpg,1,aigc_detect_bench,SD14
corpora/aigc_detect_bench/images/SD14/ood_0007616.jpg,1,aigc_detect_bench,SD14
corpora/aigc_detect_bench/images/SD14/ood_0007648.jpg,1,aigc_detect_bench,SD14
corpora/aigc_detect_bench/images/SD14/ood_0007680.jpg,1,aigc_detect_bench,SD14
corpora/aigc_detect_bench/images/SD14/ood_0007712.jpg,1,aigc_detect_bench,SD14
corpora/aigc_detect_bench/images/SD14/ood_0007744.jpg,1,aigc_detect_bench,SD14
corpora/aigc_detect_bench/images/SD14/ood_0007776.jpg,1,aigc_detect_bench,SD14
corpora/aigc_detect_bench/images/SD14/ood_0007808.jpg,1,aigc_detect_bench,SD14
corpora/aigc_detect_bench/images/SD14/ood_0007840.jpg,1,aigc_detect_bench,SD14
corpora/aigc_detect_bench/images/SD14/ood_0007872.jpg,1,aigc_detect_bench,SD14
corpora/aigc_detect_bench/images/SD14/ood_0007904.jpg,1,aigc_detect_bench,SD14
corpora/aigc_detect_bench/images/SD14/ood_0007936.jpg,1,aigc_detect_bench,SD14
corpora/aigc_detect_bench/images/SD14/ood_0007968.jpg,1,aigc_detect_bench,SD14
corpora/aigc_detect_bench/images/SD14/ood_0008000.jpg,1,aigc_detect_bench,SD14
corpora/aigc_detect_bench/images/SD14/ood_0008032.jpg,1,aigc_detect_bench,SD14
corpora/aigc_detect_bench/images/SD14/ood_0008064.jpg,1,aigc_detect_bench,SD14
corpora/aigc_detect_bench/images/SD14/ood_0008096.jpg,1,aigc_detect_bench,SD14
corpora/aigc_detect_bench/images/SD14/ood_0008128.jpg,1,aigc_detect_bench,SD14
corpora/aigc_detect_bench/images/SD14/ood_0008160.jpg,1,aigc_detect_bench,SD14
corpora/aigc_detect_bench/images/SD14/ood_0008192.jpg,1,aigc_detect_bench,SD14
corpora/aigc_detect_bench/images/SD14/ood_0008224.jpg,1,aigc_detect_bench,SD14
corpora/aigc_detect_bench/images/SD14/ood_0008256.jpg,1,aigc_detect_bench,SD14
corpora/aigc_detect_bench/images/SD14/ood_0008288.jpg,1,aigc_detect_bench,SD14
corpora/aigc_detect_bench/images/SD14/ood_0008320.jpg,1,aigc_detect_bench,SD14
corpora/aigc_detect_bench/images/SD14/ood_0008352.jpg,1,aigc_detect_bench,SD14
corpora/aigc_detect_bench/images/SD14/ood_0008384.jpg,1,aigc_detect_bench,SD14
corpora/aigc_detect_bench/images/SD15/ood_0000020.jpg,1,aigc_detect_bench,SD15
corpora/aigc_detect_bench/images/SD15/ood_0000054.jpg,1,aigc_detect_bench,SD15
corpora/aigc_detect_bench/images/SD15/ood_0000088.jpg,1,aigc_detect_bench,SD15
corpora/aigc_detect_bench/images/SD15/ood_0000122.jpg,1,aigc_detect_bench,SD15
corpora/aigc_detect_bench/images/SD15/ood_0000156.jpg,1,aigc_detect_bench,SD15
corpora/aigc_detect_bench/images/SD15/ood_0000190.jpg,1,aigc_detect_bench,SD15
corpora/aigc_detect_bench/images/SD15/ood_0000224.jpg,1,aigc_detect_bench,SD15
corpora/aigc_detect_bench/images/SD15/ood_0000258.jpg,1,aigc_detect_bench,SD15
corpora/aigc_detect_bench/images/SD15/ood_0000292.jpg,1,aigc_detect_bench,SD15
corpora/aigc_detect_bench/images/SD15/ood_0000326.jpg,1,aigc_detect_bench,SD15
corpora/aigc_detect_bench/images/SD15/ood_0000360.jpg,1,aigc_detect_bench,SD15
corpora/aigc_detect_bench/images/SD15/ood_0000394.jpg,1,aigc_detect_bench,SD15
corpora/aigc_detect_bench/images/SD15/ood_0000428.jpg,1,aigc_detect_bench,SD15
corpora/aigc_detect_bench/images/SD15/ood_0000462.jpg,1,aigc_detect_bench,SD15
corpora/aigc_detect_bench/images/SD15/ood_0000496.jpg,1,aigc_detect_bench,SD15
corpora/aigc_detect_bench/images/SD15/ood_0000530.jpg,1,aigc_detect_bench,SD15
corpora/aigc_detect_bench/images/SD15/ood_0000564.jpg,1,aigc_detect_bench,SD15
corpora/aigc_detect_bench/images/SD15/ood_0000598.jpg,1,aigc_detect_bench,SD15
corpora/aigc_detect_bench/images/SD15/ood_0000632.jpg,1,aigc_detect_bench,SD15
corpora/aigc_detect_bench/images/SD15/ood_0000666.jpg,1,aigc_detect_bench,SD15
corpora/aigc_detect_bench/images/SD15/ood_0000700.jpg,1,aigc_detect_bench,SD15
corpora/aigc_detect_bench/images/SD15/ood_0000734.jpg,1,aigc_detect_bench,SD15
corpora/aigc_detect_bench/images/SD15/ood_0000768.jpg,1,aigc_detect_bench,SD15
corpora/aigc_detect_bench/images/SD15/ood_0000802.jpg,1,aigc_detect_bench,SD15
corpora/aigc_detect_bench/images/SD15/ood_0000836.jpg,1,aigc_detect_bench,SD15
corpora/aigc_detect_bench/images/SD15/ood_0000870.jpg,1,aigc_detect_bench,SD15
corpora/aigc_detect_bench/images/SD15/ood_0000904.jpg,1,aigc_detect_bench,SD15
corpora/aigc_detect_bench/images/SD15/ood_0000938.jpg,1,aigc_detect_bench,SD15
corpora/aigc_detect_bench/images/SD15/ood_0000972.jpg,1,aigc_detect_bench,SD15
corpora/aigc_detect_bench/images/SD15/ood_0001006.jpg,1,aigc_detect_bench,SD15
corpora/aigc_detect_bench/images/SD15/ood_0001040.jpg,1,aigc_detect_bench,SD15
corpora/aigc_detect_bench/images/SD15/ood_0001074.jpg,1,aigc_detect_bench,SD15
corpora/aigc_detect_bench/images/SD15/ood_0001108.jpg,1,aigc_detect_bench,SD15
corpora/aigc_detect_bench/images/SD15/ood_0001142.jpg,1,aigc_detect_bench,SD15
corpora/aigc_detect_bench/images/SD15/ood_0001176.jpg,1,aigc_detect_bench,SD15
corpora/aigc_detect_bench/images/SD15/ood_0001210.jpg,1,aigc_detect_bench,SD15
corpora/aigc_detect_bench/images/SD15/ood_0001244.jpg,1,aigc_detect_bench,SD15
corpora/aigc_detect_bench/images/SD15/ood_0001278.jpg,1,aigc_detect_bench,SD15
corpora/aigc_detect_bench/images/SD15/ood_0001312.jpg,1,aigc_detect_bench,SD15
corpora/aigc_detect_bench/images/SD15/ood_0001346.jpg,1,aigc_detect_bench,SD15
corpora/aigc_detect_bench/images/SD15/ood_0001380.jpg,1,aigc_detect_bench,SD15
corpora/aigc_detect_bench/images/SD15/ood_0001414.jpg,1,aigc_detect_bench,SD15
corpora/aigc_detect_bench/images/SD15/ood_0001448.jpg,1,aigc_detect_bench,SD15
corpora/aigc_detect_bench/images/SD15/ood_0001482.jpg,1,aigc_detect_bench,SD15
corpora/aigc_detect_bench/images/SD15/ood_0001516.jpg,1,aigc_detect_bench,SD15
corpora/aigc_detect_bench/images/SD15/ood_0001550.jpg,1,aigc_detect_bench,SD15
corpora/aigc_detect_bench/images/SD15/ood_0001584.jpg,1,aigc_detect_bench,SD15
corpora/aigc_detect_bench/images/SD15/ood_0001618.jpg,1,aigc_detect_bench,SD15
corpora/aigc_detect_bench/images/SD15/ood_0001652.jpg,1,aigc_detect_bench,SD15
corpora/aigc_detect_bench/images/SD15/ood_0001686.jpg,1,aigc_detect_bench,SD15
corpora/aigc_detect_bench/images/SD15/ood_0001720.jpg,1,aigc_detect_bench,SD15
corpora/aigc_detect_bench/images/SD15/ood_0001754.jpg,1,aigc_detect_bench,SD15
corpora/aigc_detect_bench/images/SD15/ood_0001788.jpg,1,aigc_detect_bench,SD15
corpora/aigc_detect_bench/images/SD15/ood_0001822.jpg,1,aigc_detect_bench,SD15
corpora/aigc_detect_bench/images/SD15/ood_0001856.jpg,1,aigc_detect_bench,SD15
corpora/aigc_detect_bench/images/SD15/ood_0001890.jpg,1,aigc_detect_bench,SD15
corpora/aigc_detect_bench/images/SD15/ood_0001924.jpg,1,aigc_detect_bench,SD15
corpora/aigc_detect_bench/images/SD15/ood_0001958.jpg,1,aigc_detect_bench,SD15
corpora/aigc_detect_bench/images/SD15/ood_0001992.jpg,1,aigc_detect_bench,SD15
corpora/aigc_detect_bench/images/SD15/ood_0002026.jpg,1,aigc_detect_bench,SD15
corpora/aigc_detect_bench/images/SD15/ood_0002060.jpg,1,aigc_detect_bench,SD15
corpora/aigc_detect_bench/images/SD15/ood_0002094.jpg,1,aigc_detect_bench,SD15
corpora/aigc_detect_bench/images/SD15/ood_0002128.jpg,1,aigc_detect_bench,SD15
corpora/aigc_detect_bench/images/SD15/ood_0002162.jpg,1,aigc_detect_bench,SD15
corpora/aigc_detect_bench/images/SD15/ood_0002196.jpg,1,aigc_detect_bench,SD15
corpora/aigc_detect_bench/images/SD15/ood_0002230.jpg,1,aigc_detect_bench,SD15
corpora/aigc_detect_bench/images/SD15/ood_0002264.jpg,1,aigc_detect_bench,SD15
corpora/aigc_detect_bench/images/SD15/ood_0002298.jpg,1,aigc_detect_bench,SD15
corpora/aigc_detect_bench/images/SD15/ood_0002332.jpg,1,aigc_detect_bench,SD15
corpora/aigc_detect_bench/images/SD15/ood_0002366.jpg,1,aigc_detect_bench,SD15
corpora/aigc_detect_bench/images/SD15/ood_0002400.jpg,1,aigc_detect_bench,SD15
corpora/aigc_detect_bench/images/SD15/ood_0002434.jpg,1,aigc_detect_bench,SD15
corpora/aigc_detect_bench/images/SD15/ood_0002468.jpg,1,aigc_detect_bench,SD15
corpora/aigc_detect_bench/images/SD15/ood_0002502.jpg,1,aigc_detect_bench,SD15
corpora/aigc_detect_bench/images/SD15/ood_0002536.jpg,1,aigc_detect_bench,SD15
corpora/aigc_detect_bench/images/SD15/ood_0002570.jpg,1,aigc_detect_bench,SD15
corpora/aigc_detect_bench/images/SD15/ood_0002604.jpg,1,aigc_detect_bench,SD15
corpora/aigc_detect_bench/images/SD15/ood_0002638.jpg,1,aigc_detect_bench,SD15
corpora/aigc_detect_bench/images/SD15/ood_0002672.jpg,1,aigc_detect_bench,SD15
corpora/aigc_detect_bench/images/SD15/ood_0002706.jpg,1,aigc_detect_bench,SD15
corpora/aigc_detect_bench/images/SD15/ood_0002740.jpg,1,aigc_detect_bench,SD15
corpora/aigc_detect_bench/images/SD15/ood_0002774.jpg,1,aigc_detect_bench,SD15
corpora/aigc_detect_bench/images/SD15/ood_0002808.jpg,1,aigc_detect_bench,SD15
corpora/aigc_detect_bench/images/SD15/ood_0002842.jpg,1,aigc_detect_bench,SD15
corpora/aigc_detect_bench/images/SD15/ood_0002876.jpg,1,aigc_detect_bench,SD15
corpora/aigc_detect_bench/images/SD15/ood_0002910.jpg,1,aigc_detect_bench,SD15
corpora/aigc_detect_bench/images/SD15/ood_0002944.jpg,1,aigc_detect_bench,SD15
corpora/aigc_detect_bench/images/SD15/ood_0002978.jpg,1,aigc_detect_bench,SD15
corpora/aigc_detect_bench/images/SD15/ood_0003012.jpg,1,aigc_detect_bench,SD15
corpora/aigc_detect_bench/images/SD15/ood_0003046.jpg,1,aigc_detect_bench,SD15
corpora/aigc_detect_bench/images/SD15/ood_0003080.jpg,1,aigc_detect_bench,SD15
corpora/aigc_detect_bench/images/SD15/ood_0003114.jpg,1,aigc_detect_bench,SD15
corpora/aigc_detect_bench/images/SD15/ood_0003148.jpg,1,aigc_detect_bench,SD15
corpora/aigc_detect_bench/images/SD15/ood_0003182.jpg,1,aigc_detect_bench,SD15
corpora/aigc_detect_bench/images/SD15/ood_0003216.jpg,1,aigc_detect_bench,SD15
corpora/aigc_detect_bench/images/SD15/ood_0003250.jpg,1,aigc_detect_bench,SD15
corpora/aigc_detect_bench/images/SD15/ood_0003284.jpg,1,aigc_detect_bench,SD15
corpora/aigc_detect_bench/images/SD15/ood_0003318.jpg,1,aigc_detect_bench,SD15
corpora/aigc_detect_bench/images/SD15/ood_0003352.jpg,1,aigc_detect_bench,SD15
corpora/aigc_detect_bench/images/SD15/ood_0003386.jpg,1,aigc_detect_bench,SD15
corpora/aigc_detect_bench/images/SD15/ood_0003420.jpg,1,aigc_detect_bench,SD15
corpora/aigc_detect_bench/images/SD15/ood_0003454.jpg,1,aigc_detect_bench,SD15
corpora/aigc_detect_bench/images/SD15/ood_0003488.jpg,1,aigc_detect_bench,SD15
corpora/aigc_detect_bench/images/SD15/ood_0003522.jpg,1,aigc_detect_bench,SD15
corpora/aigc_detect_bench/images/SD15/ood_0003556.jpg,1,aigc_detect_bench,SD15
corpora/aigc_detect_bench/images/SD15/ood_0003590.jpg,1,aigc_detect_bench,SD15
corpora/aigc_detect_bench/images/SD15/ood_0003624.jpg,1,aigc_detect_bench,SD15
corpora/aigc_detect_bench/images/SD15/ood_0003658.jpg,1,aigc_detect_bench,SD15
corpora/aigc_detect_bench/images/SD15/ood_0003692.jpg,1,aigc_detect_bench,SD15
corpora/aigc_detect_bench/images/SD15/ood_0003726.jpg,1,aigc_detect_bench,SD15
corpora/aigc_detect_bench/images/SD15/ood_0003760.jpg,1,aigc_detect_bench,SD15
corpora/aigc_detect_bench/images/SD15/ood_0003794.jpg,1,aigc_detect_bench,SD15
corpora/aigc_detect_bench/images/SD15/ood_0003828.jpg,1,aigc_detect_bench,SD15
corpora/aigc_detect_bench/images/SD15/ood_0003862.jpg,1,aigc_detect_bench,SD15
corpora/aigc_detect_bench/images/SD15/ood_0003896.jpg,1,aigc_detect_bench,SD15
corpora/aigc_detect_bench/images/SD15/ood_0003930.jpg,1,aigc_detect_bench,SD15
corpora/aigc_detect_bench/images/SD15/ood_0003964.jpg,1,aigc_detect_bench,SD15
corpora/aigc_detect_bench/images/SD15/ood_0003998.jpg,1,aigc_detect_bench,SD15
corpora/aigc_detect_bench/images/SD15/ood_0004032.jpg,1,aigc_detect_bench,SD15
corpora/aigc_detect_bench/images/SD15/ood_0004066.jpg,1,aigc_detect_bench,SD15
corpora/aigc_detect_bench/images/SD15/ood_0004100.jpg,1,aigc_detect_bench,SD15
corpora/aigc_detect_bench/images/SD15/ood_0004134.jpg,1,aigc_detect_bench,SD15
corpora/aigc_detect_bench/images/SD15/ood_0004168.jpg,1,aigc_detect_bench,SD15
corpora/aigc_detect_bench/images/SD15/ood_0004202.jpg,1,aigc_detect_bench,SD15
corpora/aigc_detect_bench/images/SD15/ood_0004236.jpg,1,aigc_detect_bench,SD15
corpora/aigc_detect_bench/images/SD15/ood_0004270.jpg,1,aigc_detect_bench,SD15
corpora/aigc_detect_bench/images/SD15/ood_0004304.jpg,1,aigc_detect_bench,SD15
corpora/aigc_detect_bench/images/SD15/ood_0004338.jpg,1,aigc_detect_bench,SD15
corpora/aigc_detect_bench/images/SD15/ood_0004372.jpg,1,aigc_detect_bench,SD15
corpora/aigc_detect_bench/images/SD15/ood_0004406.jpg,1,aigc_detect_bench,SD15
corpora/aigc_detect_bench/images/SD15/ood_0004440.jpg,1,aigc_detect_bench,SD15
corpora/aigc_detect_bench/images/SD15/ood_0004474.jpg,1,aigc_detect_bench,SD15
corpora/aigc_detect_bench/images/SD15/ood_0004508.jpg,1,aigc_detect_bench,SD15
corpora/aigc_detect_bench/images/SD15/ood_0004542.jpg,1,aigc_detect_bench,SD15
corpora/aigc_detect_bench/images/SD15/ood_0004576.jpg,1,aigc_detect_bench,SD15
corpora/aigc_detect_bench/images/SD15/ood_0004610.jpg,1,aigc_detect_bench,SD15
corpora/aigc_detect_bench/images/SD15/ood_0004644.jpg,1,aigc_detect_bench,SD15
corpora/aigc_detect_bench/images/SD15/ood_0004678.jpg,1,aigc_detect_bench,SD15
corpora/aigc_detect_bench/images/SD15/ood_0004712.jpg,1,aigc_detect_bench,SD15
corpora/aigc_detect_bench/images/SD15/ood_0004746.jpg,1,aigc_detect_bench,SD15
corpora/aigc_detect_bench/images/SD15/ood_0004780.jpg,1,aigc_detect_bench,SD15
corpora/aigc_detect_bench/images/SD15/ood_0004814.jpg,1,aigc_detect_bench,SD15
corpora/aigc_detect_bench/images/SD15/ood_0004848.jpg,1,aigc_detect_bench,SD15
corpora/aigc_detect_bench/images/SD15/ood_0004882.jpg,1,aigc_detect_bench,SD15
corpora/aigc_detect_bench/images/SD15/ood_0004916.jpg,1,aigc_detect_bench,SD15
corpora/aigc_detect_bench/images/SD15/ood_0004950.jpg,1,aigc_detect_bench,SD15
corpora/aigc_detect_bench/images/SD15/ood_0004984.jpg,1,aigc_detect_bench,SD15
corpora/aigc_detect_bench/images/SD15/ood_0005018.jpg,1,aigc_detect_bench,SD15
corpora/aigc_detect_bench/images/SD15/ood_0005052.jpg,1,aigc_detect_bench,SD15
corpora/aigc_detect_bench/images/SD15/ood_0005086.jpg,1,aigc_detect_bench,SD15
corpora/aigc_detect_bench/images/SD15/ood_0005120.jpg,1,aigc_detect_bench,SD15
corpora/aigc_detect_bench/images/SD15/ood_0005154.jpg,1,aigc_detect_bench,SD15
corpora/aigc_detect_bench/images/SD15/ood_0005188.jpg,1,aigc_detect_bench,SD15
corpora/aigc_detect_bench/images/SD15/ood_0005222.jpg,1,aigc_detect_bench,SD15
corpora/aigc_detect_bench/images/SD15/ood_0005256.jpg,1,aigc_detect_bench,SD15
corpora/aigc_detect_bench/images/SD15/ood_0005290.jpg,1,aigc_detect_bench,SD15
corpora/aigc_detect_bench/images/SD15/ood_0005324.jpg,1,aigc_detect_bench,SD15
corpora/aigc_detect_bench/images/SD15/ood_0005358.jpg,1,aigc_detect_bench,SD15
corpora/aigc_detect_bench/images/SD15/ood_0005392.jpg,1,aigc_detect_bench,SD15
corpora/aigc_detect_bench/images/SD15/ood_0005426.jpg,1,aigc_detect_bench,SD15
corpora/aigc_detect_bench/images/SD15/ood_0005460.jpg,1,aigc_detect_bench,SD15
corpora/aigc_detect_bench/images/SD15/ood_0005494.jpg,1,aigc_detect_bench,SD15
corpora/aigc_detect_bench/images/SD15/ood_0005528.jpg,1,aigc_detect_bench,SD15
corpora/aigc_detect_bench/images/SD15/ood_0005562.jpg,1,aigc_detect_bench,SD15
corpora/aigc_detect_bench/images/SD15/ood_0005596.jpg,1,aigc_detect_bench,SD15
corpora/aigc_detect_bench/images/SD15/ood_0005630.jpg,1,aigc_detect_bench,SD15
corpora/aigc_detect_bench/images/SD15/ood_0005664.jpg,1,aigc_detect_bench,SD15
corpora/aigc_detect_bench/images/SD15/ood_0005698.jpg,1,aigc_detect_bench,SD15
corpora/aigc_detect_bench/images/SD15/ood_0005732.jpg,1,aigc_detect_bench,SD15
corpora/aigc_detect_bench/images/SD15/ood_0005766.jpg,1,aigc_detect_bench,SD15
corpora/aigc_detect_bench/images/SD15/ood_0005800.jpg,1,aigc_detect_bench,SD15
corpora/aigc_detect_bench/images/SD15/ood_0005834.jpg,1,aigc_detect_bench,SD15
corpora/aigc_detect_bench/images/SD15/ood_0005868.jpg,1,aigc_detect_bench,SD15
corpora/aigc_detect_bench/images/SD15/ood_0005902.jpg,1,aigc_detect_bench,SD15
corpora/aigc_detect_bench/images/SD15/ood_0005936.jpg,1,aigc_detect_bench,SD15
corpora/aigc_detect_bench/images/SD15/ood_0005970.jpg,1,aigc_detect_bench,SD15
corpora/aigc_detect_bench/images/SD15/ood_0006004.jpg,1,aigc_detect_bench,SD15
corpora/aigc_detect_bench/images/SD15/ood_0006038.jpg,1,aigc_detect_bench,SD15
corpora/aigc_detect_bench/images/SD15/ood_0006072.jpg,1,aigc_detect_bench,SD15
corpora/aigc_detect_bench/images/SD15/ood_0006106.jpg,1,aigc_detect_bench,SD15
corpora/aigc_detect_bench/images/SD15/ood_0006140.jpg,1,aigc_detect_bench,SD15
corpora/aigc_detect_bench/images/SD15/ood_0006174.jpg,1,aigc_detect_bench,SD15
corpora/aigc_detect_bench/images/SD15/ood_0006208.jpg,1,aigc_detect_bench,SD15
corpora/aigc_detect_bench/images/SD15/ood_0006242.jpg,1,aigc_detect_bench,SD15
corpora/aigc_detect_bench/images/SD15/ood_0006276.jpg,1,aigc_detect_bench,SD15
corpora/aigc_detect_bench/images/SD15/ood_0006310.jpg,1,aigc_detect_bench,SD15
corpora/aigc_detect_bench/images/SD15/ood_0006344.jpg,1,aigc_detect_bench,SD15
corpora/aigc_detect_bench/images/SD15/ood_0006378.jpg,1,aigc_detect_bench,SD15
corpora/aigc_detect_bench/images/SD15/ood_0006412.jpg,1,aigc_detect_bench,SD15
corpora/aigc_detect_bench/images/SD15/ood_0006446.jpg,1,aigc_detect_bench,SD15
corpora/aigc_detect_bench/images/SD15/ood_0006480.jpg,1,aigc_detect_bench,SD15
corpora/aigc_detect_bench/images/SD15/ood_0006514.jpg,1,aigc_detect_bench,SD15
corpora/aigc_detect_bench/images/SD15/ood_0006548.jpg,1,aigc_detect_bench,SD15
corpora/aigc_detect_bench/images/SD15/ood_0006582.jpg,1,aigc_detect_bench,SD15
corpora/aigc_detect_bench/images/SD15/ood_0006616.jpg,1,aigc_detect_bench,SD15
corpora/aigc_detect_bench/images/SD15/ood_0006650.jpg,1,aigc_detect_bench,SD15
corpora/aigc_detect_bench/images/SD15/ood_0006684.jpg,1,aigc_detect_bench,SD15
corpora/aigc_detect_bench/images/SD15/ood_0006718.jpg,1,aigc_detect_bench,SD15
corpora/aigc_detect_bench/images/SD15/ood_0006752.jpg,1,aigc_detect_bench,SD15
corpora/aigc_detect_bench/images/SD15/ood_0006786.jpg,1,aigc_detect_bench,SD15
corpora/aigc_detect_bench/images/SD15/ood_0006818.jpg,1,aigc_detect_bench,SD15
corpora/aigc_detect_bench/images/SD15/ood_0006850.jpg,1,aigc_detect_bench,SD15
corpora/aigc_detect_bench/images/SD15/ood_0006882.jpg,1,aigc_detect_bench,SD15
corpora/aigc_detect_bench/images/SD15/ood_0006914.jpg,1,aigc_detect_bench,SD15
corpora/aigc_detect_bench/images/SD15/ood_0006946.jpg,1,aigc_detect_bench,SD15
corpora/aigc_detect_bench/images/SD15/ood_0006978.jpg,1,aigc_detect_bench,SD15
corpora/aigc_detect_bench/images/SD15/ood_0007010.jpg,1,aigc_detect_bench,SD15
corpora/aigc_detect_bench/images/SD15/ood_0007042.jpg,1,aigc_detect_bench,SD15
corpora/aigc_detect_bench/images/SD15/ood_0007074.jpg,1,aigc_detect_bench,SD15
corpora/aigc_detect_bench/images/SD15/ood_0007106.jpg,1,aigc_detect_bench,SD15
corpora/aigc_detect_bench/images/SD15/ood_0007138.jpg,1,aigc_detect_bench,SD15
corpora/aigc_detect_bench/images/SD15/ood_0007170.jpg,1,aigc_detect_bench,SD15
corpora/aigc_detect_bench/images/SD15/ood_0007202.jpg,1,aigc_detect_bench,SD15
corpora/aigc_detect_bench/images/SD15/ood_0007234.jpg,1,aigc_detect_bench,SD15
corpora/aigc_detect_bench/images/SD15/ood_0007266.jpg,1,aigc_detect_bench,SD15
corpora/aigc_detect_bench/images/SD15/ood_0007298.jpg,1,aigc_detect_bench,SD15
corpora/aigc_detect_bench/images/SD15/ood_0007330.jpg,1,aigc_detect_bench,SD15
corpora/aigc_detect_bench/images/SD15/ood_0007362.jpg,1,aigc_detect_bench,SD15
corpora/aigc_detect_bench/images/SD15/ood_0007394.jpg,1,aigc_detect_bench,SD15
corpora/aigc_detect_bench/images/SD15/ood_0007426.jpg,1,aigc_detect_bench,SD15
corpora/aigc_detect_bench/images/SD15/ood_0007458.jpg,1,aigc_detect_bench,SD15
corpora/aigc_detect_bench/images/SD15/ood_0007490.jpg,1,aigc_detect_bench,SD15
corpora/aigc_detect_bench/images/SD15/ood_0007522.jpg,1,aigc_detect_bench,SD15
corpora/aigc_detect_bench/images/SD15/ood_0007554.jpg,1,aigc_detect_bench,SD15
corpora/aigc_detect_bench/images/SD15/ood_0007586.jpg,1,aigc_detect_bench,SD15
corpora/aigc_detect_bench/images/SD15/ood_0007618.jpg,1,aigc_detect_bench,SD15
corpora/aigc_detect_bench/images/SD15/ood_0007650.jpg,1,aigc_detect_bench,SD15
corpora/aigc_detect_bench/images/SD15/ood_0007682.jpg,1,aigc_detect_bench,SD15
corpora/aigc_detect_bench/images/SD15/ood_0007714.jpg,1,aigc_detect_bench,SD15
corpora/aigc_detect_bench/images/SD15/ood_0007746.jpg,1,aigc_detect_bench,SD15
corpora/aigc_detect_bench/images/SD15/ood_0007778.jpg,1,aigc_detect_bench,SD15
corpora/aigc_detect_bench/images/SD15/ood_0007810.jpg,1,aigc_detect_bench,SD15
corpora/aigc_detect_bench/images/SD15/ood_0007842.jpg,1,aigc_detect_bench,SD15
corpora/aigc_detect_bench/images/SD15/ood_0007874.jpg,1,aigc_detect_bench,SD15
corpora/aigc_detect_bench/images/SD15/ood_0007906.jpg,1,aigc_detect_bench,SD15
corpora/aigc_detect_bench/images/SD15/ood_0007938.jpg,1,aigc_detect_bench,SD15
corpora/aigc_detect_bench/images/SD15/ood_0007970.jpg,1,aigc_detect_bench,SD15
corpora/aigc_detect_bench/images/SD15/ood_0008002.jpg,1,aigc_detect_bench,SD15
corpora/aigc_detect_bench/images/SD15/ood_0008034.jpg,1,aigc_detect_bench,SD15
corpora/aigc_detect_bench/images/SD15/ood_0008066.jpg,1,aigc_detect_bench,SD15
corpora/aigc_detect_bench/images/SD15/ood_0008098.jpg,1,aigc_detect_bench,SD15
corpora/aigc_detect_bench/images/SD15/ood_0008130.jpg,1,aigc_detect_bench,SD15
corpora/aigc_detect_bench/images/SD15/ood_0008162.jpg,1,aigc_detect_bench,SD15
corpora/aigc_detect_bench/images/SD15/ood_0008194.jpg,1,aigc_detect_bench,SD15
corpora/aigc_detect_bench/images/SD15/ood_0008226.jpg,1,aigc_detect_bench,SD15
corpora/aigc_detect_bench/images/SD15/ood_0008258.jpg,1,aigc_detect_bench,SD15
corpora/aigc_detect_bench/images/SD15/ood_0008290.jpg,1,aigc_detect_bench,SD15
corpora/aigc_detect_bench/images/SD15/ood_0008322.jpg,1,aigc_detect_bench,SD15
corpora/aigc_detect_bench/images/SD15/ood_0008354.jpg,1,aigc_detect_bench,SD15
corpora/aigc_detect_bench/images/SD15/ood_0008386.jpg,1,aigc_detect_bench,SD15
corpora/aigc_detect_bench/images/SDXL/ood_0000022.jpg,1,aigc_detect_bench,SDXL
corpora/aigc_detect_bench/images/SDXL/ood_0000056.jpg,1,aigc_detect_bench,SDXL
corpora/aigc_detect_bench/images/SDXL/ood_0000090.jpg,1,aigc_detect_bench,SDXL
corpora/aigc_detect_bench/images/SDXL/ood_0000124.jpg,1,aigc_detect_bench,SDXL
corpora/aigc_detect_bench/images/SDXL/ood_0000158.jpg,1,aigc_detect_bench,SDXL
corpora/aigc_detect_bench/images/SDXL/ood_0000192.jpg,1,aigc_detect_bench,SDXL
corpora/aigc_detect_bench/images/SDXL/ood_0000226.jpg,1,aigc_detect_bench,SDXL
corpora/aigc_detect_bench/images/SDXL/ood_0000260.jpg,1,aigc_detect_bench,SDXL
corpora/aigc_detect_bench/images/SDXL/ood_0000294.jpg,1,aigc_detect_bench,SDXL
corpora/aigc_detect_bench/images/SDXL/ood_0000328.jpg,1,aigc_detect_bench,SDXL
corpora/aigc_detect_bench/images/SDXL/ood_0000362.jpg,1,aigc_detect_bench,SDXL
corpora/aigc_detect_bench/images/SDXL/ood_0000396.jpg,1,aigc_detect_bench,SDXL
corpora/aigc_detect_bench/images/SDXL/ood_0000430.jpg,1,aigc_detect_bench,SDXL
corpora/aigc_detect_bench/images/SDXL/ood_0000464.jpg,1,aigc_detect_bench,SDXL
corpora/aigc_detect_bench/images/SDXL/ood_0000498.jpg,1,aigc_detect_bench,SDXL
corpora/aigc_detect_bench/images/SDXL/ood_0000532.jpg,1,aigc_detect_bench,SDXL
corpora/aigc_detect_bench/images/SDXL/ood_0000566.jpg,1,aigc_detect_bench,SDXL
corpora/aigc_detect_bench/images/SDXL/ood_0000600.jpg,1,aigc_detect_bench,SDXL
corpora/aigc_detect_bench/images/SDXL/ood_0000634.jpg,1,aigc_detect_bench,SDXL
corpora/aigc_detect_bench/images/SDXL/ood_0000668.jpg,1,aigc_detect_bench,SDXL
corpora/aigc_detect_bench/images/SDXL/ood_0000702.jpg,1,aigc_detect_bench,SDXL
corpora/aigc_detect_bench/images/SDXL/ood_0000736.jpg,1,aigc_detect_bench,SDXL
corpora/aigc_detect_bench/images/SDXL/ood_0000770.jpg,1,aigc_detect_bench,SDXL
corpora/aigc_detect_bench/images/SDXL/ood_0000804.jpg,1,aigc_detect_bench,SDXL
corpora/aigc_detect_bench/images/SDXL/ood_0000838.jpg,1,aigc_detect_bench,SDXL
corpora/aigc_detect_bench/images/SDXL/ood_0000872.jpg,1,aigc_detect_bench,SDXL
corpora/aigc_detect_bench/images/SDXL/ood_0000906.jpg,1,aigc_detect_bench,SDXL
corpora/aigc_detect_bench/images/SDXL/ood_0000940.jpg,1,aigc_detect_bench,SDXL
corpora/aigc_detect_bench/images/SDXL/ood_0000974.jpg,1,aigc_detect_bench,SDXL
corpora/aigc_detect_bench/images/SDXL/ood_0001008.jpg,1,aigc_detect_bench,SDXL
corpora/aigc_detect_bench/images/SDXL/ood_0001042.jpg,1,aigc_detect_bench,SDXL
corpora/aigc_detect_bench/images/SDXL/ood_0001076.jpg,1,aigc_detect_bench,SDXL
corpora/aigc_detect_bench/images/SDXL/ood_0001110.jpg,1,aigc_detect_bench,SDXL
corpora/aigc_detect_bench/images/SDXL/ood_0001144.jpg,1,aigc_detect_bench,SDXL
corpora/aigc_detect_bench/images/SDXL/ood_0001178.jpg,1,aigc_detect_bench,SDXL
corpora/aigc_detect_bench/images/SDXL/ood_0001212.jpg,1,aigc_detect_bench,SDXL
corpora/aigc_detect_bench/images/SDXL/ood_0001246.jpg,1,aigc_detect_bench,SDXL
corpora/aigc_detect_bench/images/SDXL/ood_0001280.jpg,1,aigc_detect_bench,SDXL
corpora/aigc_detect_bench/images/SDXL/ood_0001314.jpg,1,aigc_detect_bench,SDXL
corpora/aigc_detect_bench/images/SDXL/ood_0001348.jpg,1,aigc_detect_bench,SDXL
corpora/aigc_detect_bench/images/SDXL/ood_0001382.jpg,1,aigc_detect_bench,SDXL
corpora/aigc_detect_bench/images/SDXL/ood_0001416.jpg,1,aigc_detect_bench,SDXL
corpora/aigc_detect_bench/images/SDXL/ood_0001450.jpg,1,aigc_detect_bench,SDXL
corpora/aigc_detect_bench/images/SDXL/ood_0001484.jpg,1,aigc_detect_bench,SDXL
corpora/aigc_detect_bench/images/SDXL/ood_0001518.jpg,1,aigc_detect_bench,SDXL
corpora/aigc_detect_bench/images/SDXL/ood_0001552.jpg,1,aigc_detect_bench,SDXL
corpora/aigc_detect_bench/images/SDXL/ood_0001586.jpg,1,aigc_detect_bench,SDXL
corpora/aigc_detect_bench/images/SDXL/ood_0001620.jpg,1,aigc_detect_bench,SDXL
corpora/aigc_detect_bench/images/SDXL/ood_0001654.jpg,1,aigc_detect_bench,SDXL
corpora/aigc_detect_bench/images/SDXL/ood_0001688.jpg,1,aigc_detect_bench,SDXL
corpora/aigc_detect_bench/images/SDXL/ood_0001722.jpg,1,aigc_detect_bench,SDXL
corpora/aigc_detect_bench/images/SDXL/ood_0001756.jpg,1,aigc_detect_bench,SDXL
corpora/aigc_detect_bench/images/SDXL/ood_0001790.jpg,1,aigc_detect_bench,SDXL
corpora/aigc_detect_bench/images/SDXL/ood_0001824.jpg,1,aigc_detect_bench,SDXL
corpora/aigc_detect_bench/images/SDXL/ood_0001858.jpg,1,aigc_detect_bench,SDXL
corpora/aigc_detect_bench/images/SDXL/ood_0001892.jpg,1,aigc_detect_bench,SDXL
corpora/aigc_detect_bench/images/SDXL/ood_0001926.jpg,1,aigc_detect_bench,SDXL
corpora/aigc_detect_bench/images/SDXL/ood_0001960.jpg,1,aigc_detect_bench,SDXL
corpora/aigc_detect_bench/images/SDXL/ood_0001994.jpg,1,aigc_detect_bench,SDXL
corpora/aigc_detect_bench/images/SDXL/ood_0002028.jpg,1,aigc_detect_bench,SDXL
corpora/aigc_detect_bench/images/SDXL/ood_0002062.jpg,1,aigc_detect_bench,SDXL
corpora/aigc_detect_bench/images/SDXL/ood_0002096.jpg,1,aigc_detect_bench,SDXL
corpora/aigc_detect_bench/images/SDXL/ood_0002130.jpg,1,aigc_detect_bench,SDXL
corpora/aigc_detect_bench/images/SDXL/ood_0002164.jpg,1,aigc_detect_bench,SDXL
corpora/aigc_detect_bench/images/SDXL/ood_0002198.jpg,1,aigc_detect_bench,SDXL
corpora/aigc_detect_bench/images/SDXL/ood_0002232.jpg,1,aigc_detect_bench,SDXL
corpora/aigc_detect_bench/images/SDXL/ood_0002266.jpg,1,aigc_detect_bench,SDXL
corpora/aigc_detect_bench/images/SDXL/ood_0002300.jpg,1,aigc_detect_bench,SDXL
corpora/aigc_detect_bench/images/SDXL/ood_0002334.jpg,1,aigc_detect_bench,SDXL
corpora/aigc_detect_bench/images/SDXL/ood_0002368.jpg,1,aigc_detect_bench,SDXL
corpora/aigc_detect_bench/images/SDXL/ood_0002402.jpg,1,aigc_detect_bench,SDXL
corpora/aigc_detect_bench/images/SDXL/ood_0002436.jpg,1,aigc_detect_bench,SDXL
corpora/aigc_detect_bench/images/SDXL/ood_0002470.jpg,1,aigc_detect_bench,SDXL
corpora/aigc_detect_bench/images/SDXL/ood_0002504.jpg,1,aigc_detect_bench,SDXL
corpora/aigc_detect_bench/images/SDXL/ood_0002538.jpg,1,aigc_detect_bench,SDXL
corpora/aigc_detect_bench/images/SDXL/ood_0002572.jpg,1,aigc_detect_bench,SDXL
corpora/aigc_detect_bench/images/SDXL/ood_0002606.jpg,1,aigc_detect_bench,SDXL
corpora/aigc_detect_bench/images/SDXL/ood_0002640.jpg,1,aigc_detect_bench,SDXL
corpora/aigc_detect_bench/images/SDXL/ood_0002674.jpg,1,aigc_detect_bench,SDXL
corpora/aigc_detect_bench/images/SDXL/ood_0002708.jpg,1,aigc_detect_bench,SDXL
corpora/aigc_detect_bench/images/SDXL/ood_0002742.jpg,1,aigc_detect_bench,SDXL
corpora/aigc_detect_bench/images/SDXL/ood_0002776.jpg,1,aigc_detect_bench,SDXL
corpora/aigc_detect_bench/images/SDXL/ood_0002810.jpg,1,aigc_detect_bench,SDXL
corpora/aigc_detect_bench/images/SDXL/ood_0002844.jpg,1,aigc_detect_bench,SDXL
corpora/aigc_detect_bench/images/SDXL/ood_0002878.jpg,1,aigc_detect_bench,SDXL
corpora/aigc_detect_bench/images/SDXL/ood_0002912.jpg,1,aigc_detect_bench,SDXL
corpora/aigc_detect_bench/images/SDXL/ood_0002946.jpg,1,aigc_detect_bench,SDXL
corpora/aigc_detect_bench/images/SDXL/ood_0002980.jpg,1,aigc_detect_bench,SDXL
corpora/aigc_detect_bench/images/SDXL/ood_0003014.jpg,1,aigc_detect_bench,SDXL
corpora/aigc_detect_bench/images/SDXL/ood_0003048.jpg,1,aigc_detect_bench,SDXL
corpora/aigc_detect_bench/images/SDXL/ood_0003082.jpg,1,aigc_detect_bench,SDXL
corpora/aigc_detect_bench/images/SDXL/ood_0003116.jpg,1,aigc_detect_bench,SDXL
corpora/aigc_detect_bench/images/SDXL/ood_0003150.jpg,1,aigc_detect_bench,SDXL
corpora/aigc_detect_bench/images/SDXL/ood_0003184.jpg,1,aigc_detect_bench,SDXL
corpora/aigc_detect_bench/images/SDXL/ood_0003218.jpg,1,aigc_detect_bench,SDXL
corpora/aigc_detect_bench/images/SDXL/ood_0003252.jpg,1,aigc_detect_bench,SDXL
corpora/aigc_detect_bench/images/SDXL/ood_0003286.jpg,1,aigc_detect_bench,SDXL
corpora/aigc_detect_bench/images/SDXL/ood_0003320.jpg,1,aigc_detect_bench,SDXL
corpora/aigc_detect_bench/images/SDXL/ood_0003354.jpg,1,aigc_detect_bench,SDXL
corpora/aigc_detect_bench/images/SDXL/ood_0003388.jpg,1,aigc_detect_bench,SDXL
corpora/aigc_detect_bench/images/SDXL/ood_0003422.jpg,1,aigc_detect_bench,SDXL
corpora/aigc_detect_bench/images/SDXL/ood_0003456.jpg,1,aigc_detect_bench,SDXL
corpora/aigc_detect_bench/images/SDXL/ood_0003490.jpg,1,aigc_detect_bench,SDXL
corpora/aigc_detect_bench/images/SDXL/ood_0003524.jpg,1,aigc_detect_bench,SDXL
corpora/aigc_detect_bench/images/SDXL/ood_0003558.jpg,1,aigc_detect_bench,SDXL
corpora/aigc_detect_bench/images/SDXL/ood_0003592.jpg,1,aigc_detect_bench,SDXL
corpora/aigc_detect_bench/images/SDXL/ood_0003626.jpg,1,aigc_detect_bench,SDXL
corpora/aigc_detect_bench/images/SDXL/ood_0003660.jpg,1,aigc_detect_bench,SDXL
corpora/aigc_detect_bench/images/SDXL/ood_0003694.jpg,1,aigc_detect_bench,SDXL
corpora/aigc_detect_bench/images/SDXL/ood_0003728.jpg,1,aigc_detect_bench,SDXL
corpora/aigc_detect_bench/images/SDXL/ood_0003762.jpg,1,aigc_detect_bench,SDXL
corpora/aigc_detect_bench/images/SDXL/ood_0003796.jpg,1,aigc_detect_bench,SDXL
corpora/aigc_detect_bench/images/SDXL/ood_0003830.jpg,1,aigc_detect_bench,SDXL
corpora/aigc_detect_bench/images/SDXL/ood_0003864.jpg,1,aigc_detect_bench,SDXL
corpora/aigc_detect_bench/images/SDXL/ood_0003898.jpg,1,aigc_detect_bench,SDXL
corpora/aigc_detect_bench/images/SDXL/ood_0003932.jpg,1,aigc_detect_bench,SDXL
corpora/aigc_detect_bench/images/SDXL/ood_0003966.jpg,1,aigc_detect_bench,SDXL
corpora/aigc_detect_bench/images/SDXL/ood_0004000.jpg,1,aigc_detect_bench,SDXL
corpora/aigc_detect_bench/images/SDXL/ood_0004034.jpg,1,aigc_detect_bench,SDXL
corpora/aigc_detect_bench/images/SDXL/ood_0004068.jpg,1,aigc_detect_bench,SDXL
corpora/aigc_detect_bench/images/SDXL/ood_0004102.jpg,1,aigc_detect_bench,SDXL
corpora/aigc_detect_bench/images/SDXL/ood_0004136.jpg,1,aigc_detect_bench,SDXL
corpora/aigc_detect_bench/images/SDXL/ood_0004170.jpg,1,aigc_detect_bench,SDXL
corpora/aigc_detect_bench/images/SDXL/ood_0004204.jpg,1,aigc_detect_bench,SDXL
corpora/aigc_detect_bench/images/SDXL/ood_0004238.jpg,1,aigc_detect_bench,SDXL
corpora/aigc_detect_bench/images/SDXL/ood_0004272.jpg,1,aigc_detect_bench,SDXL
corpora/aigc_detect_bench/images/SDXL/ood_0004306.jpg,1,aigc_detect_bench,SDXL
corpora/aigc_detect_bench/images/SDXL/ood_0004340.jpg,1,aigc_detect_bench,SDXL
corpora/aigc_detect_bench/images/SDXL/ood_0004374.jpg,1,aigc_detect_bench,SDXL
corpora/aigc_detect_bench/images/SDXL/ood_0004408.jpg,1,aigc_detect_bench,SDXL
corpora/aigc_detect_bench/images/SDXL/ood_0004442.jpg,1,aigc_detect_bench,SDXL
corpora/aigc_detect_bench/images/SDXL/ood_0004476.jpg,1,aigc_detect_bench,SDXL
corpora/aigc_detect_bench/images/SDXL/ood_0004510.jpg,1,aigc_detect_bench,SDXL
corpora/aigc_detect_bench/images/SDXL/ood_0004544.jpg,1,aigc_detect_bench,SDXL
corpora/aigc_detect_bench/images/SDXL/ood_0004578.jpg,1,aigc_detect_bench,SDXL
corpora/aigc_detect_bench/images/SDXL/ood_0004612.jpg,1,aigc_detect_bench,SDXL
corpora/aigc_detect_bench/images/SDXL/ood_0004646.jpg,1,aigc_detect_bench,SDXL
corpora/aigc_detect_bench/images/SDXL/ood_0004680.jpg,1,aigc_detect_bench,SDXL
corpora/aigc_detect_bench/images/SDXL/ood_0004714.jpg,1,aigc_detect_bench,SDXL
corpora/aigc_detect_bench/images/SDXL/ood_0004748.jpg,1,aigc_detect_bench,SDXL
corpora/aigc_detect_bench/images/SDXL/ood_0004782.jpg,1,aigc_detect_bench,SDXL
corpora/aigc_detect_bench/images/SDXL/ood_0004816.jpg,1,aigc_detect_bench,SDXL
corpora/aigc_detect_bench/images/SDXL/ood_0004850.jpg,1,aigc_detect_bench,SDXL
corpora/aigc_detect_bench/images/SDXL/ood_0004884.jpg,1,aigc_detect_bench,SDXL
corpora/aigc_detect_bench/images/SDXL/ood_0004918.jpg,1,aigc_detect_bench,SDXL
corpora/aigc_detect_bench/images/SDXL/ood_0004952.jpg,1,aigc_detect_bench,SDXL
corpora/aigc_detect_bench/images/SDXL/ood_0004986.jpg,1,aigc_detect_bench,SDXL
corpora/aigc_detect_bench/images/SDXL/ood_0005020.jpg,1,aigc_detect_bench,SDXL
corpora/aigc_detect_bench/images/SDXL/ood_0005054.jpg,1,aigc_detect_bench,SDXL
corpora/aigc_detect_bench/images/SDXL/ood_0005088.jpg,1,aigc_detect_bench,SDXL
corpora/aigc_detect_bench/images/SDXL/ood_0005122.jpg,1,aigc_detect_bench,SDXL
corpora/aigc_detect_bench/images/SDXL/ood_0005156.jpg,1,aigc_detect_bench,SDXL
corpora/aigc_detect_bench/images/SDXL/ood_0005190.jpg,1,aigc_detect_bench,SDXL
corpora/aigc_detect_bench/images/SDXL/ood_0005224.jpg,1,aigc_detect_bench,SDXL
corpora/aigc_detect_bench/images/SDXL/ood_0005258.jpg,1,aigc_detect_bench,SDXL
corpora/aigc_detect_bench/images/SDXL/ood_0005292.jpg,1,aigc_detect_bench,SDXL
corpora/aigc_detect_bench/images/SDXL/ood_0005326.jpg,1,aigc_detect_bench,SDXL
corpora/aigc_detect_bench/images/SDXL/ood_0005360.jpg,1,aigc_detect_bench,SDXL
corpora/aigc_detect_bench/images/SDXL/ood_0005394.jpg,1,aigc_detect_bench,SDXL
corpora/aigc_detect_bench/images/SDXL/ood_0005428.jpg,1,aigc_detect_bench,SDXL
corpora/aigc_detect_bench/images/SDXL/ood_0005462.jpg,1,aigc_detect_bench,SDXL
corpora/aigc_detect_bench/images/SDXL/ood_0005496.jpg,1,aigc_detect_bench,SDXL
corpora/aigc_detect_bench/images/SDXL/ood_0005530.jpg,1,aigc_detect_bench,SDXL
corpora/aigc_detect_bench/images/SDXL/ood_0005564.jpg,1,aigc_detect_bench,SDXL
corpora/aigc_detect_bench/images/SDXL/ood_0005598.jpg,1,aigc_detect_bench,SDXL
corpora/aigc_detect_bench/images/SDXL/ood_0005632.jpg,1,aigc_detect_bench,SDXL
corpora/aigc_detect_bench/images/SDXL/ood_0005666.jpg,1,aigc_detect_bench,SDXL
corpora/aigc_detect_bench/images/SDXL/ood_0005700.jpg,1,aigc_detect_bench,SDXL
corpora/aigc_detect_bench/images/SDXL/ood_0005734.jpg,1,aigc_detect_bench,SDXL
corpora/aigc_detect_bench/images/SDXL/ood_0005768.jpg,1,aigc_detect_bench,SDXL
corpora/aigc_detect_bench/images/SDXL/ood_0005802.jpg,1,aigc_detect_bench,SDXL
corpora/aigc_detect_bench/images/SDXL/ood_0005836.jpg,1,aigc_detect_bench,SDXL
corpora/aigc_detect_bench/images/SDXL/ood_0005870.jpg,1,aigc_detect_bench,SDXL
corpora/aigc_detect_bench/images/SDXL/ood_0005904.jpg,1,aigc_detect_bench,SDXL
corpora/aigc_detect_bench/images/SDXL/ood_0005938.jpg,1,aigc_detect_bench,SDXL
corpora/aigc_detect_bench/images/SDXL/ood_0005972.jpg,1,aigc_detect_bench,SDXL
corpora/aigc_detect_bench/images/SDXL/ood_0006006.jpg,1,aigc_detect_bench,SDXL
corpora/aigc_detect_bench/images/SDXL/ood_0006040.jpg,1,aigc_detect_bench,SDXL
corpora/aigc_detect_bench/images/SDXL/ood_0006074.jpg,1,aigc_detect_bench,SDXL
corpora/aigc_detect_bench/images/SDXL/ood_0006108.jpg,1,aigc_detect_bench,SDXL
corpora/aigc_detect_bench/images/SDXL/ood_0006142.jpg,1,aigc_detect_bench,SDXL
corpora/aigc_detect_bench/images/SDXL/ood_0006176.jpg,1,aigc_detect_bench,SDXL
corpora/aigc_detect_bench/images/SDXL/ood_0006210.jpg,1,aigc_detect_bench,SDXL
corpora/aigc_detect_bench/images/SDXL/ood_0006244.jpg,1,aigc_detect_bench,SDXL
corpora/aigc_detect_bench/images/SDXL/ood_0006278.jpg,1,aigc_detect_bench,SDXL
corpora/aigc_detect_bench/images/SDXL/ood_0006312.jpg,1,aigc_detect_bench,SDXL
corpora/aigc_detect_bench/images/SDXL/ood_0006346.jpg,1,aigc_detect_bench,SDXL
corpora/aigc_detect_bench/images/SDXL/ood_0006380.jpg,1,aigc_detect_bench,SDXL
corpora/aigc_detect_bench/images/SDXL/ood_0006414.jpg,1,aigc_detect_bench,SDXL
corpora/aigc_detect_bench/images/SDXL/ood_0006448.jpg,1,aigc_detect_bench,SDXL
corpora/aigc_detect_bench/images/SDXL/ood_0006482.jpg,1,aigc_detect_bench,SDXL
corpora/aigc_detect_bench/images/SDXL/ood_0006516.jpg,1,aigc_detect_bench,SDXL
corpora/aigc_detect_bench/images/SDXL/ood_0006550.jpg,1,aigc_detect_bench,SDXL
corpora/aigc_detect_bench/images/SDXL/ood_0006584.jpg,1,aigc_detect_bench,SDXL
corpora/aigc_detect_bench/images/SDXL/ood_0006618.jpg,1,aigc_detect_bench,SDXL
corpora/aigc_detect_bench/images/SDXL/ood_0006652.jpg,1,aigc_detect_bench,SDXL
corpora/aigc_detect_bench/images/SDXL/ood_0006686.jpg,1,aigc_detect_bench,SDXL
corpora/aigc_detect_bench/images/SDXL/ood_0006720.jpg,1,aigc_detect_bench,SDXL
corpora/aigc_detect_bench/images/SDXL/ood_0006754.jpg,1,aigc_detect_bench,SDXL
corpora/aigc_detect_bench/images/SDXL/ood_0006788.jpg,1,aigc_detect_bench,SDXL
corpora/aigc_detect_bench/images/SDXL/ood_0006820.jpg,1,aigc_detect_bench,SDXL
corpora/aigc_detect_bench/images/SDXL/ood_0006852.jpg,1,aigc_detect_bench,SDXL
corpora/aigc_detect_bench/images/SDXL/ood_0006884.jpg,1,aigc_detect_bench,SDXL
corpora/aigc_detect_bench/images/SDXL/ood_0006916.jpg,1,aigc_detect_bench,SDXL
corpora/aigc_detect_bench/images/SDXL/ood_0006948.jpg,1,aigc_detect_bench,SDXL
corpora/aigc_detect_bench/images/SDXL/ood_0006980.jpg,1,aigc_detect_bench,SDXL
corpora/aigc_detect_bench/images/SDXL/ood_0007012.jpg,1,aigc_detect_bench,SDXL
corpora/aigc_detect_bench/images/SDXL/ood_0007044.jpg,1,aigc_detect_bench,SDXL
corpora/aigc_detect_bench/images/SDXL/ood_0007076.jpg,1,aigc_detect_bench,SDXL
corpora/aigc_detect_bench/images/SDXL/ood_0007108.jpg,1,aigc_detect_bench,SDXL
corpora/aigc_detect_bench/images/SDXL/ood_0007140.jpg,1,aigc_detect_bench,SDXL
corpora/aigc_detect_bench/images/SDXL/ood_0007172.jpg,1,aigc_detect_bench,SDXL
corpora/aigc_detect_bench/images/SDXL/ood_0007204.jpg,1,aigc_detect_bench,SDXL
corpora/aigc_detect_bench/images/SDXL/ood_0007236.jpg,1,aigc_detect_bench,SDXL
corpora/aigc_detect_bench/images/SDXL/ood_0007268.jpg,1,aigc_detect_bench,SDXL
corpora/aigc_detect_bench/images/SDXL/ood_0007300.jpg,1,aigc_detect_bench,SDXL
corpora/aigc_detect_bench/images/SDXL/ood_0007332.jpg,1,aigc_detect_bench,SDXL
corpora/aigc_detect_bench/images/SDXL/ood_0007364.jpg,1,aigc_detect_bench,SDXL
corpora/aigc_detect_bench/images/SDXL/ood_0007396.jpg,1,aigc_detect_bench,SDXL
corpora/aigc_detect_bench/images/SDXL/ood_0007428.jpg,1,aigc_detect_bench,SDXL
corpora/aigc_detect_bench/images/SDXL/ood_0007460.jpg,1,aigc_detect_bench,SDXL
corpora/aigc_detect_bench/images/SDXL/ood_0007492.jpg,1,aigc_detect_bench,SDXL
corpora/aigc_detect_bench/images/SDXL/ood_0007524.jpg,1,aigc_detect_bench,SDXL
corpora/aigc_detect_bench/images/SDXL/ood_0007556.jpg,1,aigc_detect_bench,SDXL
corpora/aigc_detect_bench/images/SDXL/ood_0007588.jpg,1,aigc_detect_bench,SDXL
corpora/aigc_detect_bench/images/SDXL/ood_0007620.jpg,1,aigc_detect_bench,SDXL
corpora/aigc_detect_bench/images/SDXL/ood_0007652.jpg,1,aigc_detect_bench,SDXL
corpora/aigc_detect_bench/images/SDXL/ood_0007684.jpg,1,aigc_detect_bench,SDXL
corpora/aigc_detect_bench/images/SDXL/ood_0007716.jpg,1,aigc_detect_bench,SDXL
corpora/aigc_detect_bench/images/SDXL/ood_0007748.jpg,1,aigc_detect_bench,SDXL
corpora/aigc_detect_bench/images/SDXL/ood_0007780.jpg,1,aigc_detect_bench,SDXL
corpora/aigc_detect_bench/images/SDXL/ood_0007812.jpg,1,aigc_detect_bench,SDXL
corpora/aigc_detect_bench/images/SDXL/ood_0007844.jpg,1,aigc_detect_bench,SDXL
corpora/aigc_detect_bench/images/SDXL/ood_0007876.jpg,1,aigc_detect_bench,SDXL
corpora/aigc_detect_bench/images/SDXL/ood_0007908.jpg,1,aigc_detect_bench,SDXL
corpora/aigc_detect_bench/images/SDXL/ood_0007940.jpg,1,aigc_detect_bench,SDXL
corpora/aigc_detect_bench/images/SDXL/ood_0007972.jpg,1,aigc_detect_bench,SDXL
corpora/aigc_detect_bench/images/SDXL/ood_0008004.jpg,1,aigc_detect_bench,SDXL
corpora/aigc_detect_bench/images/SDXL/ood_0008036.jpg,1,aigc_detect_bench,SDXL
corpora/aigc_detect_bench/images/SDXL/ood_0008068.jpg,1,aigc_detect_bench,SDXL
corpora/aigc_detect_bench/images/SDXL/ood_0008100.jpg,1,aigc_detect_bench,SDXL
corpora/aigc_detect_bench/images/SDXL/ood_0008132.jpg,1,aigc_detect_bench,SDXL
corpora/aigc_detect_bench/images/SDXL/ood_0008164.jpg,1,aigc_detect_bench,SDXL
corpora/aigc_detect_bench/images/SDXL/ood_0008196.jpg,1,aigc_detect_bench,SDXL
corpora/aigc_detect_bench/images/SDXL/ood_0008228.jpg,1,aigc_detect_bench,SDXL
corpora/aigc_detect_bench/images/SDXL/ood_0008260.jpg,1,aigc_detect_bench,SDXL
corpora/aigc_detect_bench/images/SDXL/ood_0008292.jpg,1,aigc_detect_bench,SDXL
corpora/aigc_detect_bench/images/SDXL/ood_0008324.jpg,1,aigc_detect_bench,SDXL
corpora/aigc_detect_bench/images/SDXL/ood_0008356.jpg,1,aigc_detect_bench,SDXL
corpora/aigc_detect_bench/images/SDXL/ood_0008388.jpg,1,aigc_detect_bench,SDXL
corpora/aigc_detect_bench/images/StarGAN/ood_0000024.jpg,1,aigc_detect_bench,StarGAN
corpora/aigc_detect_bench/images/StarGAN/ood_0000058.jpg,1,aigc_detect_bench,StarGAN
corpora/aigc_detect_bench/images/StarGAN/ood_0000092.jpg,1,aigc_detect_bench,StarGAN
corpora/aigc_detect_bench/images/StarGAN/ood_0000126.jpg,1,aigc_detect_bench,StarGAN
corpora/aigc_detect_bench/images/StarGAN/ood_0000160.jpg,1,aigc_detect_bench,StarGAN
corpora/aigc_detect_bench/images/StarGAN/ood_0000194.jpg,1,aigc_detect_bench,StarGAN
corpora/aigc_detect_bench/images/StarGAN/ood_0000228.jpg,1,aigc_detect_bench,StarGAN
corpora/aigc_detect_bench/images/StarGAN/ood_0000262.jpg,1,aigc_detect_bench,StarGAN
corpora/aigc_detect_bench/images/StarGAN/ood_0000296.jpg,1,aigc_detect_bench,StarGAN
corpora/aigc_detect_bench/images/StarGAN/ood_0000330.jpg,1,aigc_detect_bench,StarGAN
corpora/aigc_detect_bench/images/StarGAN/ood_0000364.jpg,1,aigc_detect_bench,StarGAN
corpora/aigc_detect_bench/images/StarGAN/ood_0000398.jpg,1,aigc_detect_bench,StarGAN
corpora/aigc_detect_bench/images/StarGAN/ood_0000432.jpg,1,aigc_detect_bench,StarGAN
corpora/aigc_detect_bench/images/StarGAN/ood_0000466.jpg,1,aigc_detect_bench,StarGAN
corpora/aigc_detect_bench/images/StarGAN/ood_0000500.jpg,1,aigc_detect_bench,StarGAN
corpora/aigc_detect_bench/images/StarGAN/ood_0000534.jpg,1,aigc_detect_bench,StarGAN
corpora/aigc_detect_bench/images/StarGAN/ood_0000568.jpg,1,aigc_detect_bench,StarGAN
corpora/aigc_detect_bench/images/StarGAN/ood_0000602.jpg,1,aigc_detect_bench,StarGAN
corpora/aigc_detect_bench/images/StarGAN/ood_0000636.jpg,1,aigc_detect_bench,StarGAN
corpora/aigc_detect_bench/images/StarGAN/ood_0000670.jpg,1,aigc_detect_bench,StarGAN
corpora/aigc_detect_bench/images/StarGAN/ood_0000704.jpg,1,aigc_detect_bench,StarGAN
corpora/aigc_detect_bench/images/StarGAN/ood_0000738.jpg,1,aigc_detect_bench,StarGAN
corpora/aigc_detect_bench/images/StarGAN/ood_0000772.jpg,1,aigc_detect_bench,StarGAN
corpora/aigc_detect_bench/images/StarGAN/ood_0000806.jpg,1,aigc_detect_bench,StarGAN
corpora/aigc_detect_bench/images/StarGAN/ood_0000840.jpg,1,aigc_detect_bench,StarGAN
corpora/aigc_detect_bench/images/StarGAN/ood_0000874.jpg,1,aigc_detect_bench,StarGAN
corpora/aigc_detect_bench/images/StarGAN/ood_0000908.jpg,1,aigc_detect_bench,StarGAN
corpora/aigc_detect_bench/images/StarGAN/ood_0000942.jpg,1,aigc_detect_bench,StarGAN
corpora/aigc_detect_bench/images/StarGAN/ood_0000976.jpg,1,aigc_detect_bench,StarGAN
corpora/aigc_detect_bench/images/StarGAN/ood_0001010.jpg,1,aigc_detect_bench,StarGAN
corpora/aigc_detect_bench/images/StarGAN/ood_0001044.jpg,1,aigc_detect_bench,StarGAN
corpora/aigc_detect_bench/images/StarGAN/ood_0001078.jpg,1,aigc_detect_bench,StarGAN
corpora/aigc_detect_bench/images/StarGAN/ood_0001112.jpg,1,aigc_detect_bench,StarGAN
corpora/aigc_detect_bench/images/StarGAN/ood_0001146.jpg,1,aigc_detect_bench,StarGAN
corpora/aigc_detect_bench/images/StarGAN/ood_0001180.jpg,1,aigc_detect_bench,StarGAN
corpora/aigc_detect_bench/images/StarGAN/ood_0001214.jpg,1,aigc_detect_bench,StarGAN
corpora/aigc_detect_bench/images/StarGAN/ood_0001248.jpg,1,aigc_detect_bench,StarGAN
corpora/aigc_detect_bench/images/StarGAN/ood_0001282.jpg,1,aigc_detect_bench,StarGAN
corpora/aigc_detect_bench/images/StarGAN/ood_0001316.jpg,1,aigc_detect_bench,StarGAN
corpora/aigc_detect_bench/images/StarGAN/ood_0001350.jpg,1,aigc_detect_bench,StarGAN
corpora/aigc_detect_bench/images/StarGAN/ood_0001384.jpg,1,aigc_detect_bench,StarGAN
corpora/aigc_detect_bench/images/StarGAN/ood_0001418.jpg,1,aigc_detect_bench,StarGAN
corpora/aigc_detect_bench/images/StarGAN/ood_0001452.jpg,1,aigc_detect_bench,StarGAN
corpora/aigc_detect_bench/images/StarGAN/ood_0001486.jpg,1,aigc_detect_bench,StarGAN
corpora/aigc_detect_bench/images/StarGAN/ood_0001520.jpg,1,aigc_detect_bench,StarGAN
corpora/aigc_detect_bench/images/StarGAN/ood_0001554.jpg,1,aigc_detect_bench,StarGAN
corpora/aigc_detect_bench/images/StarGAN/ood_0001588.jpg,1,aigc_detect_bench,StarGAN
corpora/aigc_detect_bench/images/StarGAN/ood_0001622.jpg,1,aigc_detect_bench,StarGAN
corpora/aigc_detect_bench/images/StarGAN/ood_0001656.jpg,1,aigc_detect_bench,StarGAN
corpora/aigc_detect_bench/images/StarGAN/ood_0001690.jpg,1,aigc_detect_bench,StarGAN
corpora/aigc_detect_bench/images/StarGAN/ood_0001724.jpg,1,aigc_detect_bench,StarGAN
corpora/aigc_detect_bench/images/StarGAN/ood_0001758.jpg,1,aigc_detect_bench,StarGAN
corpora/aigc_detect_bench/images/StarGAN/ood_0001792.jpg,1,aigc_detect_bench,StarGAN
corpora/aigc_detect_bench/images/StarGAN/ood_0001826.jpg,1,aigc_detect_bench,StarGAN
corpora/aigc_detect_bench/images/StarGAN/ood_0001860.jpg,1,aigc_detect_bench,StarGAN
corpora/aigc_detect_bench/images/StarGAN/ood_0001894.jpg,1,aigc_detect_bench,StarGAN
corpora/aigc_detect_bench/images/StarGAN/ood_0001928.jpg,1,aigc_detect_bench,StarGAN
corpora/aigc_detect_bench/images/StarGAN/ood_0001962.jpg,1,aigc_detect_bench,StarGAN
corpora/aigc_detect_bench/images/StarGAN/ood_0001996.jpg,1,aigc_detect_bench,StarGAN
corpora/aigc_detect_bench/images/StarGAN/ood_0002030.jpg,1,aigc_detect_bench,StarGAN
corpora/aigc_detect_bench/images/StarGAN/ood_0002064.jpg,1,aigc_detect_bench,StarGAN
corpora/aigc_detect_bench/images/StarGAN/ood_0002098.jpg,1,aigc_detect_bench,StarGAN
corpora/aigc_detect_bench/images/StarGAN/ood_0002132.jpg,1,aigc_detect_bench,StarGAN
corpora/aigc_detect_bench/images/StarGAN/ood_0002166.jpg,1,aigc_detect_bench,StarGAN
corpora/aigc_detect_bench/images/StarGAN/ood_0002200.jpg,1,aigc_detect_bench,StarGAN
corpora/aigc_detect_bench/images/StarGAN/ood_0002234.jpg,1,aigc_detect_bench,StarGAN
corpora/aigc_detect_bench/images/StarGAN/ood_0002268.jpg,1,aigc_detect_bench,StarGAN
corpora/aigc_detect_bench/images/StarGAN/ood_0002302.jpg,1,aigc_detect_bench,StarGAN
corpora/aigc_detect_bench/images/StarGAN/ood_0002336.jpg,1,aigc_detect_bench,StarGAN
corpora/aigc_detect_bench/images/StarGAN/ood_0002370.jpg,1,aigc_detect_bench,StarGAN
corpora/aigc_detect_bench/images/StarGAN/ood_0002404.jpg,1,aigc_detect_bench,StarGAN
corpora/aigc_detect_bench/images/StarGAN/ood_0002438.jpg,1,aigc_detect_bench,StarGAN
corpora/aigc_detect_bench/images/StarGAN/ood_0002472.jpg,1,aigc_detect_bench,StarGAN
corpora/aigc_detect_bench/images/StarGAN/ood_0002506.jpg,1,aigc_detect_bench,StarGAN
corpora/aigc_detect_bench/images/StarGAN/ood_0002540.jpg,1,aigc_detect_bench,StarGAN
corpora/aigc_detect_bench/images/StarGAN/ood_0002574.jpg,1,aigc_detect_bench,StarGAN
corpora/aigc_detect_bench/images/StarGAN/ood_0002608.jpg,1,aigc_detect_bench,StarGAN
corpora/aigc_detect_bench/images/StarGAN/ood_0002642.jpg,1,aigc_detect_bench,StarGAN
corpora/aigc_detect_bench/images/StarGAN/ood_0002676.jpg,1,aigc_detect_bench,StarGAN
corpora/aigc_detect_bench/images/StarGAN/ood_0002710.jpg,1,aigc_detect_bench,StarGAN
corpora/aigc_detect_bench/images/StarGAN/ood_0002744.jpg,1,aigc_detect_bench,StarGAN
corpora/aigc_detect_bench/images/StarGAN/ood_0002778.jpg,1,aigc_detect_bench,StarGAN
corpora/aigc_detect_bench/images/StarGAN/ood_0002812.jpg,1,aigc_detect_bench,StarGAN
corpora/aigc_detect_bench/images/StarGAN/ood_0002846.jpg,1,aigc_detect_bench,StarGAN
corpora/aigc_detect_bench/images/StarGAN/ood_0002880.jpg,1,aigc_detect_bench,StarGAN
corpora/aigc_detect_bench/images/StarGAN/ood_0002914.jpg,1,aigc_detect_bench,StarGAN
corpora/aigc_detect_bench/images/StarGAN/ood_0002948.jpg,1,aigc_detect_bench,StarGAN
corpora/aigc_detect_bench/images/StarGAN/ood_0002982.jpg,1,aigc_detect_bench,StarGAN
corpora/aigc_detect_bench/images/StarGAN/ood_0003016.jpg,1,aigc_detect_bench,StarGAN
corpora/aigc_detect_bench/images/StarGAN/ood_0003050.jpg,1,aigc_detect_bench,StarGAN
corpora/aigc_detect_bench/images/StarGAN/ood_0003084.jpg,1,aigc_detect_bench,StarGAN
corpora/aigc_detect_bench/images/StarGAN/ood_0003118.jpg,1,aigc_detect_bench,StarGAN
corpora/aigc_detect_bench/images/StarGAN/ood_0003152.jpg,1,aigc_detect_bench,StarGAN
corpora/aigc_detect_bench/images/StarGAN/ood_0003186.jpg,1,aigc_detect_bench,StarGAN
corpora/aigc_detect_bench/images/StarGAN/ood_0003220.jpg,1,aigc_detect_bench,StarGAN
corpora/aigc_detect_bench/images/StarGAN/ood_0003254.jpg,1,aigc_detect_bench,StarGAN
corpora/aigc_detect_bench/images/StarGAN/ood_0003288.jpg,1,aigc_detect_bench,StarGAN
corpora/aigc_detect_bench/images/StarGAN/ood_0003322.jpg,1,aigc_detect_bench,StarGAN
corpora/aigc_detect_bench/images/StarGAN/ood_0003356.jpg,1,aigc_detect_bench,StarGAN
corpora/aigc_detect_bench/images/StarGAN/ood_0003390.jpg,1,aigc_detect_bench,StarGAN
corpora/aigc_detect_bench/images/StarGAN/ood_0003424.jpg,1,aigc_detect_bench,StarGAN
corpora/aigc_detect_bench/images/StarGAN/ood_0003458.jpg,1,aigc_detect_bench,StarGAN
corpora/aigc_detect_bench/images/StarGAN/ood_0003492.jpg,1,aigc_detect_bench,StarGAN
corpora/aigc_detect_bench/images/StarGAN/ood_0003526.jpg,1,aigc_detect_bench,StarGAN
corpora/aigc_detect_bench/images/StarGAN/ood_0003560.jpg,1,aigc_detect_bench,StarGAN
corpora/aigc_detect_bench/images/StarGAN/ood_0003594.jpg,1,aigc_detect_bench,StarGAN
corpora/aigc_detect_bench/images/StarGAN/ood_0003628.jpg,1,aigc_detect_bench,StarGAN
corpora/aigc_detect_bench/images/StarGAN/ood_0003662.jpg,1,aigc_detect_bench,StarGAN
corpora/aigc_detect_bench/images/StarGAN/ood_0003696.jpg,1,aigc_detect_bench,StarGAN
corpora/aigc_detect_bench/images/StarGAN/ood_0003730.jpg,1,aigc_detect_bench,StarGAN
corpora/aigc_detect_bench/images/StarGAN/ood_0003764.jpg,1,aigc_detect_bench,StarGAN
corpora/aigc_detect_bench/images/StarGAN/ood_0003798.jpg,1,aigc_detect_bench,StarGAN
corpora/aigc_detect_bench/images/StarGAN/ood_0003832.jpg,1,aigc_detect_bench,StarGAN
corpora/aigc_detect_bench/images/StarGAN/ood_0003866.jpg,1,aigc_detect_bench,StarGAN
corpora/aigc_detect_bench/images/StarGAN/ood_0003900.jpg,1,aigc_detect_bench,StarGAN
corpora/aigc_detect_bench/images/StarGAN/ood_0003934.jpg,1,aigc_detect_bench,StarGAN
corpora/aigc_detect_bench/images/StarGAN/ood_0003968.jpg,1,aigc_detect_bench,StarGAN
corpora/aigc_detect_bench/images/StarGAN/ood_0004002.jpg,1,aigc_detect_bench,StarGAN
corpora/aigc_detect_bench/images/StarGAN/ood_0004036.jpg,1,aigc_detect_bench,StarGAN
corpora/aigc_detect_bench/images/StarGAN/ood_0004070.jpg,1,aigc_detect_bench,StarGAN
corpora/aigc_detect_bench/images/StarGAN/ood_0004104.jpg,1,aigc_detect_bench,StarGAN
corpora/aigc_detect_bench/images/StarGAN/ood_0004138.jpg,1,aigc_detect_bench,StarGAN
corpora/aigc_detect_bench/images/StarGAN/ood_0004172.jpg,1,aigc_detect_bench,StarGAN
corpora/aigc_detect_bench/images/StarGAN/ood_0004206.jpg,1,aigc_detect_bench,StarGAN
corpora/aigc_detect_bench/images/StarGAN/ood_0004240.jpg,1,aigc_detect_bench,StarGAN
corpora/aigc_detect_bench/images/StarGAN/ood_0004274.jpg,1,aigc_detect_bench,StarGAN
corpora/aigc_detect_bench/images/StarGAN/ood_0004308.jpg,1,aigc_detect_bench,StarGAN
corpora/aigc_detect_bench/images/StarGAN/ood_0004342.jpg,1,aigc_detect_bench,StarGAN
corpora/aigc_detect_bench/images/StarGAN/ood_0004376.jpg,1,aigc_detect_bench,StarGAN
corpora/aigc_detect_bench/images/StarGAN/ood_0004410.jpg,1,aigc_detect_bench,StarGAN
corpora/aigc_detect_bench/images/StarGAN/ood_0004444.jpg,1,aigc_detect_bench,StarGAN
corpora/aigc_detect_bench/images/StarGAN/ood_0004478.jpg,1,aigc_detect_bench,StarGAN
corpora/aigc_detect_bench/images/StarGAN/ood_0004512.jpg,1,aigc_detect_bench,StarGAN
corpora/aigc_detect_bench/images/StarGAN/ood_0004546.jpg,1,aigc_detect_bench,StarGAN
corpora/aigc_detect_bench/images/StarGAN/ood_0004580.jpg,1,aigc_detect_bench,StarGAN
corpora/aigc_detect_bench/images/StarGAN/ood_0004614.jpg,1,aigc_detect_bench,StarGAN
corpora/aigc_detect_bench/images/StarGAN/ood_0004648.jpg,1,aigc_detect_bench,StarGAN
corpora/aigc_detect_bench/images/StarGAN/ood_0004682.jpg,1,aigc_detect_bench,StarGAN
corpora/aigc_detect_bench/images/StarGAN/ood_0004716.jpg,1,aigc_detect_bench,StarGAN
corpora/aigc_detect_bench/images/StarGAN/ood_0004750.jpg,1,aigc_detect_bench,StarGAN
corpora/aigc_detect_bench/images/StarGAN/ood_0004784.jpg,1,aigc_detect_bench,StarGAN
corpora/aigc_detect_bench/images/StarGAN/ood_0004818.jpg,1,aigc_detect_bench,StarGAN
corpora/aigc_detect_bench/images/StarGAN/ood_0004852.jpg,1,aigc_detect_bench,StarGAN
corpora/aigc_detect_bench/images/StarGAN/ood_0004886.jpg,1,aigc_detect_bench,StarGAN
corpora/aigc_detect_bench/images/StarGAN/ood_0004920.jpg,1,aigc_detect_bench,StarGAN
corpora/aigc_detect_bench/images/StarGAN/ood_0004954.jpg,1,aigc_detect_bench,StarGAN
corpora/aigc_detect_bench/images/StarGAN/ood_0004988.jpg,1,aigc_detect_bench,StarGAN
corpora/aigc_detect_bench/images/StarGAN/ood_0005022.jpg,1,aigc_detect_bench,StarGAN
corpora/aigc_detect_bench/images/StarGAN/ood_0005056.jpg,1,aigc_detect_bench,StarGAN
corpora/aigc_detect_bench/images/StarGAN/ood_0005090.jpg,1,aigc_detect_bench,StarGAN
corpora/aigc_detect_bench/images/StarGAN/ood_0005124.jpg,1,aigc_detect_bench,StarGAN
corpora/aigc_detect_bench/images/StarGAN/ood_0005158.jpg,1,aigc_detect_bench,StarGAN
corpora/aigc_detect_bench/images/StarGAN/ood_0005192.jpg,1,aigc_detect_bench,StarGAN
corpora/aigc_detect_bench/images/StarGAN/ood_0005226.jpg,1,aigc_detect_bench,StarGAN
corpora/aigc_detect_bench/images/StarGAN/ood_0005260.jpg,1,aigc_detect_bench,StarGAN
corpora/aigc_detect_bench/images/StarGAN/ood_0005294.jpg,1,aigc_detect_bench,StarGAN
corpora/aigc_detect_bench/images/StarGAN/ood_0005328.jpg,1,aigc_detect_bench,StarGAN
corpora/aigc_detect_bench/images/StarGAN/ood_0005362.jpg,1,aigc_detect_bench,StarGAN
corpora/aigc_detect_bench/images/StarGAN/ood_0005396.jpg,1,aigc_detect_bench,StarGAN
corpora/aigc_detect_bench/images/StarGAN/ood_0005430.jpg,1,aigc_detect_bench,StarGAN
corpora/aigc_detect_bench/images/StarGAN/ood_0005464.jpg,1,aigc_detect_bench,StarGAN
corpora/aigc_detect_bench/images/StarGAN/ood_0005498.jpg,1,aigc_detect_bench,StarGAN
corpora/aigc_detect_bench/images/StarGAN/ood_0005532.jpg,1,aigc_detect_bench,StarGAN
corpora/aigc_detect_bench/images/StarGAN/ood_0005566.jpg,1,aigc_detect_bench,StarGAN
corpora/aigc_detect_bench/images/StarGAN/ood_0005600.jpg,1,aigc_detect_bench,StarGAN
corpora/aigc_detect_bench/images/StarGAN/ood_0005634.jpg,1,aigc_detect_bench,StarGAN
corpora/aigc_detect_bench/images/StarGAN/ood_0005668.jpg,1,aigc_detect_bench,StarGAN
corpora/aigc_detect_bench/images/StarGAN/ood_0005702.jpg,1,aigc_detect_bench,StarGAN
corpora/aigc_detect_bench/images/StarGAN/ood_0005736.jpg,1,aigc_detect_bench,StarGAN
corpora/aigc_detect_bench/images/StarGAN/ood_0005770.jpg,1,aigc_detect_bench,StarGAN
corpora/aigc_detect_bench/images/StarGAN/ood_0005804.jpg,1,aigc_detect_bench,StarGAN
corpora/aigc_detect_bench/images/StarGAN/ood_0005838.jpg,1,aigc_detect_bench,StarGAN
corpora/aigc_detect_bench/images/StarGAN/ood_0005872.jpg,1,aigc_detect_bench,StarGAN
corpora/aigc_detect_bench/images/StarGAN/ood_0005906.jpg,1,aigc_detect_bench,StarGAN
corpora/aigc_detect_bench/images/StarGAN/ood_0005940.jpg,1,aigc_detect_bench,StarGAN
corpora/aigc_detect_bench/images/StarGAN/ood_0005974.jpg,1,aigc_detect_bench,StarGAN
corpora/aigc_detect_bench/images/StarGAN/ood_0006008.jpg,1,aigc_detect_bench,StarGAN
corpora/aigc_detect_bench/images/StarGAN/ood_0006042.jpg,1,aigc_detect_bench,StarGAN
corpora/aigc_detect_bench/images/StarGAN/ood_0006076.jpg,1,aigc_detect_bench,StarGAN
corpora/aigc_detect_bench/images/StarGAN/ood_0006110.jpg,1,aigc_detect_bench,StarGAN
corpora/aigc_detect_bench/images/StarGAN/ood_0006144.jpg,1,aigc_detect_bench,StarGAN
corpora/aigc_detect_bench/images/StarGAN/ood_0006178.jpg,1,aigc_detect_bench,StarGAN
corpora/aigc_detect_bench/images/StarGAN/ood_0006212.jpg,1,aigc_detect_bench,StarGAN
corpora/aigc_detect_bench/images/StarGAN/ood_0006246.jpg,1,aigc_detect_bench,StarGAN
corpora/aigc_detect_bench/images/StarGAN/ood_0006280.jpg,1,aigc_detect_bench,StarGAN
corpora/aigc_detect_bench/images/StarGAN/ood_0006314.jpg,1,aigc_detect_bench,StarGAN
corpora/aigc_detect_bench/images/StarGAN/ood_0006348.jpg,1,aigc_detect_bench,StarGAN
corpora/aigc_detect_bench/images/StarGAN/ood_0006382.jpg,1,aigc_detect_bench,StarGAN
corpora/aigc_detect_bench/images/StarGAN/ood_0006416.jpg,1,aigc_detect_bench,StarGAN
corpora/aigc_detect_bench/images/StarGAN/ood_0006450.jpg,1,aigc_detect_bench,StarGAN
corpora/aigc_detect_bench/images/StarGAN/ood_0006484.jpg,1,aigc_detect_bench,StarGAN
corpora/aigc_detect_bench/images/StarGAN/ood_0006518.jpg,1,aigc_detect_bench,StarGAN
corpora/aigc_detect_bench/images/StarGAN/ood_0006552.jpg,1,aigc_detect_bench,StarGAN
corpora/aigc_detect_bench/images/StarGAN/ood_0006586.jpg,1,aigc_detect_bench,StarGAN
corpora/aigc_detect_bench/images/StarGAN/ood_0006620.jpg,1,aigc_detect_bench,StarGAN
corpora/aigc_detect_bench/images/StarGAN/ood_0006654.jpg,1,aigc_detect_bench,StarGAN
corpora/aigc_detect_bench/images/StarGAN/ood_0006688.jpg,1,aigc_detect_bench,StarGAN
corpora/aigc_detect_bench/images/StarGAN/ood_0006722.jpg,1,aigc_detect_bench,StarGAN
corpora/aigc_detect_bench/images/StarGAN/ood_0006756.jpg,1,aigc_detect_bench,StarGAN
corpora/aigc_detect_bench/images/StarGAN/ood_0006790.jpg,1,aigc_detect_bench,StarGAN
corpora/aigc_detect_bench/images/StarGAN/ood_0006822.jpg,1,aigc_detect_bench,StarGAN
corpora/aigc_detect_bench/images/StarGAN/ood_0006854.jpg,1,aigc_detect_bench,StarGAN
corpora/aigc_detect_bench/images/StarGAN/ood_0006886.jpg,1,aigc_detect_bench,StarGAN
corpora/aigc_detect_bench/images/StarGAN/ood_0006918.jpg,1,aigc_detect_bench,StarGAN
corpora/aigc_detect_bench/images/StarGAN/ood_0006950.jpg,1,aigc_detect_bench,StarGAN
corpora/aigc_detect_bench/images/StarGAN/ood_0006982.jpg,1,aigc_detect_bench,StarGAN
corpora/aigc_detect_bench/images/StarGAN/ood_0007014.jpg,1,aigc_detect_bench,StarGAN
corpora/aigc_detect_bench/images/StarGAN/ood_0007046.jpg,1,aigc_detect_bench,StarGAN
corpora/aigc_detect_bench/images/StarGAN/ood_0007078.jpg,1,aigc_detect_bench,StarGAN
corpora/aigc_detect_bench/images/StarGAN/ood_0007110.jpg,1,aigc_detect_bench,StarGAN
corpora/aigc_detect_bench/images/StarGAN/ood_0007142.jpg,1,aigc_detect_bench,StarGAN
corpora/aigc_detect_bench/images/StarGAN/ood_0007174.jpg,1,aigc_detect_bench,StarGAN
corpora/aigc_detect_bench/images/StarGAN/ood_0007206.jpg,1,aigc_detect_bench,StarGAN
corpora/aigc_detect_bench/images/StarGAN/ood_0007238.jpg,1,aigc_detect_bench,StarGAN
corpora/aigc_detect_bench/images/StarGAN/ood_0007270.jpg,1,aigc_detect_bench,StarGAN
corpora/aigc_detect_bench/images/StarGAN/ood_0007302.jpg,1,aigc_detect_bench,StarGAN
corpora/aigc_detect_bench/images/StarGAN/ood_0007334.jpg,1,aigc_detect_bench,StarGAN
corpora/aigc_detect_bench/images/StarGAN/ood_0007366.jpg,1,aigc_detect_bench,StarGAN
corpora/aigc_detect_bench/images/StarGAN/ood_0007398.jpg,1,aigc_detect_bench,StarGAN
corpora/aigc_detect_bench/images/StarGAN/ood_0007430.jpg,1,aigc_detect_bench,StarGAN
corpora/aigc_detect_bench/images/StarGAN/ood_0007462.jpg,1,aigc_detect_bench,StarGAN
corpora/aigc_detect_bench/images/StarGAN/ood_0007494.jpg,1,aigc_detect_bench,StarGAN
corpora/aigc_detect_bench/images/StarGAN/ood_0007526.jpg,1,aigc_detect_bench,StarGAN
corpora/aigc_detect_bench/images/StarGAN/ood_0007558.jpg,1,aigc_detect_bench,StarGAN
corpora/aigc_detect_bench/images/StarGAN/ood_0007590.jpg,1,aigc_detect_bench,StarGAN
corpora/aigc_detect_bench/images/StarGAN/ood_0007622.jpg,1,aigc_detect_bench,StarGAN
corpora/aigc_detect_bench/images/StarGAN/ood_0007654.jpg,1,aigc_detect_bench,StarGAN
corpora/aigc_detect_bench/images/StarGAN/ood_0007686.jpg,1,aigc_detect_bench,StarGAN
corpora/aigc_detect_bench/images/StarGAN/ood_0007718.jpg,1,aigc_detect_bench,StarGAN
corpora/aigc_detect_bench/images/StarGAN/ood_0007750.jpg,1,aigc_detect_bench,StarGAN
corpora/aigc_detect_bench/images/StarGAN/ood_0007782.jpg,1,aigc_detect_bench,StarGAN
corpora/aigc_detect_bench/images/StarGAN/ood_0007814.jpg,1,aigc_detect_bench,StarGAN
corpora/aigc_detect_bench/images/StarGAN/ood_0007846.jpg,1,aigc_detect_bench,StarGAN
corpora/aigc_detect_bench/images/StarGAN/ood_0007878.jpg,1,aigc_detect_bench,StarGAN
corpora/aigc_detect_bench/images/StarGAN/ood_0007910.jpg,1,aigc_detect_bench,StarGAN
corpora/aigc_detect_bench/images/StarGAN/ood_0007942.jpg,1,aigc_detect_bench,StarGAN
corpora/aigc_detect_bench/images/StarGAN/ood_0007974.jpg,1,aigc_detect_bench,StarGAN
corpora/aigc_detect_bench/images/StarGAN/ood_0008006.jpg,1,aigc_detect_bench,StarGAN
corpora/aigc_detect_bench/images/StarGAN/ood_0008038.jpg,1,aigc_detect_bench,StarGAN
corpora/aigc_detect_bench/images/StarGAN/ood_0008070.jpg,1,aigc_detect_bench,StarGAN
corpora/aigc_detect_bench/images/StarGAN/ood_0008102.jpg,1,aigc_detect_bench,StarGAN
corpora/aigc_detect_bench/images/StarGAN/ood_0008134.jpg,1,aigc_detect_bench,StarGAN
corpora/aigc_detect_bench/images/StarGAN/ood_0008166.jpg,1,aigc_detect_bench,StarGAN
corpora/aigc_detect_bench/images/StarGAN/ood_0008198.jpg,1,aigc_detect_bench,StarGAN
corpora/aigc_detect_bench/images/StarGAN/ood_0008230.jpg,1,aigc_detect_bench,StarGAN
corpora/aigc_detect_bench/images/StarGAN/ood_0008262.jpg,1,aigc_detect_bench,StarGAN
corpora/aigc_detect_bench/images/StarGAN/ood_0008294.jpg,1,aigc_detect_bench,StarGAN
corpora/aigc_detect_bench/images/StarGAN/ood_0008326.jpg,1,aigc_detect_bench,StarGAN
corpora/aigc_detect_bench/images/StarGAN/ood_0008358.jpg,1,aigc_detect_bench,StarGAN
corpora/aigc_detect_bench/images/StarGAN/ood_0008390.jpg,1,aigc_detect_bench,StarGAN
corpora/aigc_detect_bench/images/StyleGAN/ood_0000026.jpg,1,aigc_detect_bench,StyleGAN
corpora/aigc_detect_bench/images/StyleGAN/ood_0000060.jpg,1,aigc_detect_bench,StyleGAN
corpora/aigc_detect_bench/images/StyleGAN/ood_0000094.jpg,1,aigc_detect_bench,StyleGAN
corpora/aigc_detect_bench/images/StyleGAN/ood_0000128.jpg,1,aigc_detect_bench,StyleGAN
corpora/aigc_detect_bench/images/StyleGAN/ood_0000162.jpg,1,aigc_detect_bench,StyleGAN
corpora/aigc_detect_bench/images/StyleGAN/ood_0000196.jpg,1,aigc_detect_bench,StyleGAN
corpora/aigc_detect_bench/images/StyleGAN/ood_0000230.jpg,1,aigc_detect_bench,StyleGAN
corpora/aigc_detect_bench/images/StyleGAN/ood_0000264.jpg,1,aigc_detect_bench,StyleGAN
corpora/aigc_detect_bench/images/StyleGAN/ood_0000298.jpg,1,aigc_detect_bench,StyleGAN
corpora/aigc_detect_bench/images/StyleGAN/ood_0000332.jpg,1,aigc_detect_bench,StyleGAN
corpora/aigc_detect_bench/images/StyleGAN/ood_0000366.jpg,1,aigc_detect_bench,StyleGAN
corpora/aigc_detect_bench/images/StyleGAN/ood_0000400.jpg,1,aigc_detect_bench,StyleGAN
corpora/aigc_detect_bench/images/StyleGAN/ood_0000434.jpg,1,aigc_detect_bench,StyleGAN
corpora/aigc_detect_bench/images/StyleGAN/ood_0000468.jpg,1,aigc_detect_bench,StyleGAN
corpora/aigc_detect_bench/images/StyleGAN/ood_0000502.jpg,1,aigc_detect_bench,StyleGAN
corpora/aigc_detect_bench/images/StyleGAN/ood_0000536.jpg,1,aigc_detect_bench,StyleGAN
corpora/aigc_detect_bench/images/StyleGAN/ood_0000570.jpg,1,aigc_detect_bench,StyleGAN
corpora/aigc_detect_bench/images/StyleGAN/ood_0000604.jpg,1,aigc_detect_bench,StyleGAN
corpora/aigc_detect_bench/images/StyleGAN/ood_0000638.jpg,1,aigc_detect_bench,StyleGAN
corpora/aigc_detect_bench/images/StyleGAN/ood_0000672.jpg,1,aigc_detect_bench,StyleGAN
corpora/aigc_detect_bench/images/StyleGAN/ood_0000706.jpg,1,aigc_detect_bench,StyleGAN
corpora/aigc_detect_bench/images/StyleGAN/ood_0000740.jpg,1,aigc_detect_bench,StyleGAN
corpora/aigc_detect_bench/images/StyleGAN/ood_0000774.jpg,1,aigc_detect_bench,StyleGAN
corpora/aigc_detect_bench/images/StyleGAN/ood_0000808.jpg,1,aigc_detect_bench,StyleGAN
corpora/aigc_detect_bench/images/StyleGAN/ood_0000842.jpg,1,aigc_detect_bench,StyleGAN
corpora/aigc_detect_bench/images/StyleGAN/ood_0000876.jpg,1,aigc_detect_bench,StyleGAN
corpora/aigc_detect_bench/images/StyleGAN/ood_0000910.jpg,1,aigc_detect_bench,StyleGAN
corpora/aigc_detect_bench/images/StyleGAN/ood_0000944.jpg,1,aigc_detect_bench,StyleGAN
corpora/aigc_detect_bench/images/StyleGAN/ood_0000978.jpg,1,aigc_detect_bench,StyleGAN
corpora/aigc_detect_bench/images/StyleGAN/ood_0001012.jpg,1,aigc_detect_bench,StyleGAN
corpora/aigc_detect_bench/images/StyleGAN/ood_0001046.jpg,1,aigc_detect_bench,StyleGAN
corpora/aigc_detect_bench/images/StyleGAN/ood_0001080.jpg,1,aigc_detect_bench,StyleGAN
corpora/aigc_detect_bench/images/StyleGAN/ood_0001114.jpg,1,aigc_detect_bench,StyleGAN
corpora/aigc_detect_bench/images/StyleGAN/ood_0001148.jpg,1,aigc_detect_bench,StyleGAN
corpora/aigc_detect_bench/images/StyleGAN/ood_0001182.jpg,1,aigc_detect_bench,StyleGAN
corpora/aigc_detect_bench/images/StyleGAN/ood_0001216.jpg,1,aigc_detect_bench,StyleGAN
corpora/aigc_detect_bench/images/StyleGAN/ood_0001250.jpg,1,aigc_detect_bench,StyleGAN
corpora/aigc_detect_bench/images/StyleGAN/ood_0001284.jpg,1,aigc_detect_bench,StyleGAN
corpora/aigc_detect_bench/images/StyleGAN/ood_0001318.jpg,1,aigc_detect_bench,StyleGAN
corpora/aigc_detect_bench/images/StyleGAN/ood_0001352.jpg,1,aigc_detect_bench,StyleGAN
corpora/aigc_detect_bench/images/StyleGAN/ood_0001386.jpg,1,aigc_detect_bench,StyleGAN
corpora/aigc_detect_bench/images/StyleGAN/ood_0001420.jpg,1,aigc_detect_bench,StyleGAN
corpora/aigc_detect_bench/images/StyleGAN/ood_0001454.jpg,1,aigc_detect_bench,StyleGAN
corpora/aigc_detect_bench/images/StyleGAN/ood_0001488.jpg,1,aigc_detect_bench,StyleGAN
corpora/aigc_detect_bench/images/StyleGAN/ood_0001522.jpg,1,aigc_detect_bench,StyleGAN
corpora/aigc_detect_bench/images/StyleGAN/ood_0001556.jpg,1,aigc_detect_bench,StyleGAN
corpora/aigc_detect_bench/images/StyleGAN/ood_0001590.jpg,1,aigc_detect_bench,StyleGAN
corpora/aigc_detect_bench/images/StyleGAN/ood_0001624.jpg,1,aigc_detect_bench,StyleGAN
corpora/aigc_detect_bench/images/StyleGAN/ood_0001658.jpg,1,aigc_detect_bench,StyleGAN
corpora/aigc_detect_bench/images/StyleGAN/ood_0001692.jpg,1,aigc_detect_bench,StyleGAN
corpora/aigc_detect_bench/images/StyleGAN/ood_0001726.jpg,1,aigc_detect_bench,StyleGAN
corpora/aigc_detect_bench/images/StyleGAN/ood_0001760.jpg,1,aigc_detect_bench,StyleGAN
corpora/aigc_detect_bench/images/StyleGAN/ood_0001794.jpg,1,aigc_detect_bench,StyleGAN
corpora/aigc_detect_bench/images/StyleGAN/ood_0001828.jpg,1,aigc_detect_bench,StyleGAN
corpora/aigc_detect_bench/images/StyleGAN/ood_0001862.jpg,1,aigc_detect_bench,StyleGAN
corpora/aigc_detect_bench/images/StyleGAN/ood_0001896.jpg,1,aigc_detect_bench,StyleGAN
corpora/aigc_detect_bench/images/StyleGAN/ood_0001930.jpg,1,aigc_detect_bench,StyleGAN
corpora/aigc_detect_bench/images/StyleGAN/ood_0001964.jpg,1,aigc_detect_bench,StyleGAN
corpora/aigc_detect_bench/images/StyleGAN/ood_0001998.jpg,1,aigc_detect_bench,StyleGAN
corpora/aigc_detect_bench/images/StyleGAN/ood_0002032.jpg,1,aigc_detect_bench,StyleGAN
corpora/aigc_detect_bench/images/StyleGAN/ood_0002066.jpg,1,aigc_detect_bench,StyleGAN
corpora/aigc_detect_bench/images/StyleGAN/ood_0002100.jpg,1,aigc_detect_bench,StyleGAN
corpora/aigc_detect_bench/images/StyleGAN/ood_0002134.jpg,1,aigc_detect_bench,StyleGAN
corpora/aigc_detect_bench/images/StyleGAN/ood_0002168.jpg,1,aigc_detect_bench,StyleGAN
corpora/aigc_detect_bench/images/StyleGAN/ood_0002202.jpg,1,aigc_detect_bench,StyleGAN
corpora/aigc_detect_bench/images/StyleGAN/ood_0002236.jpg,1,aigc_detect_bench,StyleGAN
corpora/aigc_detect_bench/images/StyleGAN/ood_0002270.jpg,1,aigc_detect_bench,StyleGAN
corpora/aigc_detect_bench/images/StyleGAN/ood_0002304.jpg,1,aigc_detect_bench,StyleGAN
corpora/aigc_detect_bench/images/StyleGAN/ood_0002338.jpg,1,aigc_detect_bench,StyleGAN
corpora/aigc_detect_bench/images/StyleGAN/ood_0002372.jpg,1,aigc_detect_bench,StyleGAN
corpora/aigc_detect_bench/images/StyleGAN/ood_0002406.jpg,1,aigc_detect_bench,StyleGAN
corpora/aigc_detect_bench/images/StyleGAN/ood_0002440.jpg,1,aigc_detect_bench,StyleGAN
corpora/aigc_detect_bench/images/StyleGAN/ood_0002474.jpg,1,aigc_detect_bench,StyleGAN
corpora/aigc_detect_bench/images/StyleGAN/ood_0002508.jpg,1,aigc_detect_bench,StyleGAN
corpora/aigc_detect_bench/images/StyleGAN/ood_0002542.jpg,1,aigc_detect_bench,StyleGAN
corpora/aigc_detect_bench/images/StyleGAN/ood_0002576.jpg,1,aigc_detect_bench,StyleGAN
corpora/aigc_detect_bench/images/StyleGAN/ood_0002610.jpg,1,aigc_detect_bench,StyleGAN
corpora/aigc_detect_bench/images/StyleGAN/ood_0002644.jpg,1,aigc_detect_bench,StyleGAN
corpora/aigc_detect_bench/images/StyleGAN/ood_0002678.jpg,1,aigc_detect_bench,StyleGAN
corpora/aigc_detect_bench/images/StyleGAN/ood_0002712.jpg,1,aigc_detect_bench,StyleGAN
corpora/aigc_detect_bench/images/StyleGAN/ood_0002746.jpg,1,aigc_detect_bench,StyleGAN
corpora/aigc_detect_bench/images/StyleGAN/ood_0002780.jpg,1,aigc_detect_bench,StyleGAN
corpora/aigc_detect_bench/images/StyleGAN/ood_0002814.jpg,1,aigc_detect_bench,StyleGAN
corpora/aigc_detect_bench/images/StyleGAN/ood_0002848.jpg,1,aigc_detect_bench,StyleGAN
corpora/aigc_detect_bench/images/StyleGAN/ood_0002882.jpg,1,aigc_detect_bench,StyleGAN
corpora/aigc_detect_bench/images/StyleGAN/ood_0002916.jpg,1,aigc_detect_bench,StyleGAN
corpora/aigc_detect_bench/images/StyleGAN/ood_0002950.jpg,1,aigc_detect_bench,StyleGAN
corpora/aigc_detect_bench/images/StyleGAN/ood_0002984.jpg,1,aigc_detect_bench,StyleGAN
corpora/aigc_detect_bench/images/StyleGAN/ood_0003018.jpg,1,aigc_detect_bench,StyleGAN
corpora/aigc_detect_bench/images/StyleGAN/ood_0003052.jpg,1,aigc_detect_bench,StyleGAN
corpora/aigc_detect_bench/images/StyleGAN/ood_0003086.jpg,1,aigc_detect_bench,StyleGAN
corpora/aigc_detect_bench/images/StyleGAN/ood_0003120.jpg,1,aigc_detect_bench,StyleGAN
corpora/aigc_detect_bench/images/StyleGAN/ood_0003154.jpg,1,aigc_detect_bench,StyleGAN
corpora/aigc_detect_bench/images/StyleGAN/ood_0003188.jpg,1,aigc_detect_bench,StyleGAN
corpora/aigc_detect_bench/images/StyleGAN/ood_0003222.jpg,1,aigc_detect_bench,StyleGAN
corpora/aigc_detect_bench/images/StyleGAN/ood_0003256.jpg,1,aigc_detect_bench,StyleGAN
corpora/aigc_detect_bench/images/StyleGAN/ood_0003290.jpg,1,aigc_detect_bench,StyleGAN
corpora/aigc_detect_bench/images/StyleGAN/ood_0003324.jpg,1,aigc_detect_bench,StyleGAN
corpora/aigc_detect_bench/images/StyleGAN/ood_0003358.jpg,1,aigc_detect_bench,StyleGAN
corpora/aigc_detect_bench/images/StyleGAN/ood_0003392.jpg,1,aigc_detect_bench,StyleGAN
corpora/aigc_detect_bench/images/StyleGAN/ood_0003426.jpg,1,aigc_detect_bench,StyleGAN
corpora/aigc_detect_bench/images/StyleGAN/ood_0003460.jpg,1,aigc_detect_bench,StyleGAN
corpora/aigc_detect_bench/images/StyleGAN/ood_0003494.jpg,1,aigc_detect_bench,StyleGAN
corpora/aigc_detect_bench/images/StyleGAN/ood_0003528.jpg,1,aigc_detect_bench,StyleGAN
corpora/aigc_detect_bench/images/StyleGAN/ood_0003562.jpg,1,aigc_detect_bench,StyleGAN
corpora/aigc_detect_bench/images/StyleGAN/ood_0003596.jpg,1,aigc_detect_bench,StyleGAN
corpora/aigc_detect_bench/images/StyleGAN/ood_0003630.jpg,1,aigc_detect_bench,StyleGAN
corpora/aigc_detect_bench/images/StyleGAN/ood_0003664.jpg,1,aigc_detect_bench,StyleGAN
corpora/aigc_detect_bench/images/StyleGAN/ood_0003698.jpg,1,aigc_detect_bench,StyleGAN
corpora/aigc_detect_bench/images/StyleGAN/ood_0003732.jpg,1,aigc_detect_bench,StyleGAN
corpora/aigc_detect_bench/images/StyleGAN/ood_0003766.jpg,1,aigc_detect_bench,StyleGAN
corpora/aigc_detect_bench/images/StyleGAN/ood_0003800.jpg,1,aigc_detect_bench,StyleGAN
corpora/aigc_detect_bench/images/StyleGAN/ood_0003834.jpg,1,aigc_detect_bench,StyleGAN
corpora/aigc_detect_bench/images/StyleGAN/ood_0003868.jpg,1,aigc_detect_bench,StyleGAN
corpora/aigc_detect_bench/images/StyleGAN/ood_0003902.jpg,1,aigc_detect_bench,StyleGAN
corpora/aigc_detect_bench/images/StyleGAN/ood_0003936.jpg,1,aigc_detect_bench,StyleGAN
corpora/aigc_detect_bench/images/StyleGAN/ood_0003970.jpg,1,aigc_detect_bench,StyleGAN
corpora/aigc_detect_bench/images/StyleGAN/ood_0004004.jpg,1,aigc_detect_bench,StyleGAN
corpora/aigc_detect_bench/images/StyleGAN/ood_0004038.jpg,1,aigc_detect_bench,StyleGAN
corpora/aigc_detect_bench/images/StyleGAN/ood_0004072.jpg,1,aigc_detect_bench,StyleGAN
corpora/aigc_detect_bench/images/StyleGAN/ood_0004106.jpg,1,aigc_detect_bench,StyleGAN
corpora/aigc_detect_bench/images/StyleGAN/ood_0004140.jpg,1,aigc_detect_bench,StyleGAN
corpora/aigc_detect_bench/images/StyleGAN/ood_0004174.jpg,1,aigc_detect_bench,StyleGAN
corpora/aigc_detect_bench/images/StyleGAN/ood_0004208.jpg,1,aigc_detect_bench,StyleGAN
corpora/aigc_detect_bench/images/StyleGAN/ood_0004242.jpg,1,aigc_detect_bench,StyleGAN
corpora/aigc_detect_bench/images/StyleGAN/ood_0004276.jpg,1,aigc_detect_bench,StyleGAN
corpora/aigc_detect_bench/images/StyleGAN/ood_0004310.jpg,1,aigc_detect_bench,StyleGAN
corpora/aigc_detect_bench/images/StyleGAN/ood_0004344.jpg,1,aigc_detect_bench,StyleGAN
corpora/aigc_detect_bench/images/StyleGAN/ood_0004378.jpg,1,aigc_detect_bench,StyleGAN
corpora/aigc_detect_bench/images/StyleGAN/ood_0004412.jpg,1,aigc_detect_bench,StyleGAN
corpora/aigc_detect_bench/images/StyleGAN/ood_0004446.jpg,1,aigc_detect_bench,StyleGAN
corpora/aigc_detect_bench/images/StyleGAN/ood_0004480.jpg,1,aigc_detect_bench,StyleGAN
corpora/aigc_detect_bench/images/StyleGAN/ood_0004514.jpg,1,aigc_detect_bench,StyleGAN
corpora/aigc_detect_bench/images/StyleGAN/ood_0004548.jpg,1,aigc_detect_bench,StyleGAN
corpora/aigc_detect_bench/images/StyleGAN/ood_0004582.jpg,1,aigc_detect_bench,StyleGAN
corpora/aigc_detect_bench/images/StyleGAN/ood_0004616.jpg,1,aigc_detect_bench,StyleGAN
corpora/aigc_detect_bench/images/StyleGAN/ood_0004650.jpg,1,aigc_detect_bench,StyleGAN
corpora/aigc_detect_bench/images/StyleGAN/ood_0004684.jpg,1,aigc_detect_bench,StyleGAN
corpora/aigc_detect_bench/images/StyleGAN/ood_0004718.jpg,1,aigc_detect_bench,StyleGAN
corpora/aigc_detect_bench/images/StyleGAN/ood_0004752.jpg,1,aigc_detect_bench,StyleGAN
corpora/aigc_detect_bench/images/StyleGAN/ood_0004786.jpg,1,aigc_detect_bench,StyleGAN
corpora/aigc_detect_bench/images/StyleGAN/ood_0004820.jpg,1,aigc_detect_bench,StyleGAN
corpora/aigc_detect_bench/images/StyleGAN/ood_0004854.jpg,1,aigc_detect_bench,StyleGAN
corpora/aigc_detect_bench/images/StyleGAN/ood_0004888.jpg,1,aigc_detect_bench,StyleGAN
corpora/aigc_detect_bench/images/StyleGAN/ood_0004922.jpg,1,aigc_detect_bench,StyleGAN
corpora/aigc_detect_bench/images/StyleGAN/ood_0004956.jpg,1,aigc_detect_bench,StyleGAN
corpora/aigc_detect_bench/images/StyleGAN/ood_0004990.jpg,1,aigc_detect_bench,StyleGAN
corpora/aigc_detect_bench/images/StyleGAN/ood_0005024.jpg,1,aigc_detect_bench,StyleGAN
corpora/aigc_detect_bench/images/StyleGAN/ood_0005058.jpg,1,aigc_detect_bench,StyleGAN
corpora/aigc_detect_bench/images/StyleGAN/ood_0005092.jpg,1,aigc_detect_bench,StyleGAN
corpora/aigc_detect_bench/images/StyleGAN/ood_0005126.jpg,1,aigc_detect_bench,StyleGAN
corpora/aigc_detect_bench/images/StyleGAN/ood_0005160.jpg,1,aigc_detect_bench,StyleGAN
corpora/aigc_detect_bench/images/StyleGAN/ood_0005194.jpg,1,aigc_detect_bench,StyleGAN
corpora/aigc_detect_bench/images/StyleGAN/ood_0005228.jpg,1,aigc_detect_bench,StyleGAN
corpora/aigc_detect_bench/images/StyleGAN/ood_0005262.jpg,1,aigc_detect_bench,StyleGAN
corpora/aigc_detect_bench/images/StyleGAN/ood_0005296.jpg,1,aigc_detect_bench,StyleGAN
corpora/aigc_detect_bench/images/StyleGAN/ood_0005330.jpg,1,aigc_detect_bench,StyleGAN
corpora/aigc_detect_bench/images/StyleGAN/ood_0005364.jpg,1,aigc_detect_bench,StyleGAN
corpora/aigc_detect_bench/images/StyleGAN/ood_0005398.jpg,1,aigc_detect_bench,StyleGAN
corpora/aigc_detect_bench/images/StyleGAN/ood_0005432.jpg,1,aigc_detect_bench,StyleGAN
corpora/aigc_detect_bench/images/StyleGAN/ood_0005466.jpg,1,aigc_detect_bench,StyleGAN
corpora/aigc_detect_bench/images/StyleGAN/ood_0005500.jpg,1,aigc_detect_bench,StyleGAN
corpora/aigc_detect_bench/images/StyleGAN/ood_0005534.jpg,1,aigc_detect_bench,StyleGAN
corpora/aigc_detect_bench/images/StyleGAN/ood_0005568.jpg,1,aigc_detect_bench,StyleGAN
corpora/aigc_detect_bench/images/StyleGAN/ood_0005602.jpg,1,aigc_detect_bench,StyleGAN
corpora/aigc_detect_bench/images/StyleGAN/ood_0005636.jpg,1,aigc_detect_bench,StyleGAN
corpora/aigc_detect_bench/images/StyleGAN/ood_0005670.jpg,1,aigc_detect_bench,StyleGAN
corpora/aigc_detect_bench/images/StyleGAN/ood_0005704.jpg,1,aigc_detect_bench,StyleGAN
corpora/aigc_detect_bench/images/StyleGAN/ood_0005738.jpg,1,aigc_detect_bench,StyleGAN
corpora/aigc_detect_bench/images/StyleGAN/ood_0005772.jpg,1,aigc_detect_bench,StyleGAN
corpora/aigc_detect_bench/images/StyleGAN/ood_0005806.jpg,1,aigc_detect_bench,StyleGAN
corpora/aigc_detect_bench/images/StyleGAN/ood_0005840.jpg,1,aigc_detect_bench,StyleGAN
corpora/aigc_detect_bench/images/StyleGAN/ood_0005874.jpg,1,aigc_detect_bench,StyleGAN
corpora/aigc_detect_bench/images/StyleGAN/ood_0005908.jpg,1,aigc_detect_bench,StyleGAN
corpora/aigc_detect_bench/images/StyleGAN/ood_0005942.jpg,1,aigc_detect_bench,StyleGAN
corpora/aigc_detect_bench/images/StyleGAN/ood_0005976.jpg,1,aigc_detect_bench,StyleGAN
corpora/aigc_detect_bench/images/StyleGAN/ood_0006010.jpg,1,aigc_detect_bench,StyleGAN
corpora/aigc_detect_bench/images/StyleGAN/ood_0006044.jpg,1,aigc_detect_bench,StyleGAN
corpora/aigc_detect_bench/images/StyleGAN/ood_0006078.jpg,1,aigc_detect_bench,StyleGAN
corpora/aigc_detect_bench/images/StyleGAN/ood_0006112.jpg,1,aigc_detect_bench,StyleGAN
corpora/aigc_detect_bench/images/StyleGAN/ood_0006146.jpg,1,aigc_detect_bench,StyleGAN
corpora/aigc_detect_bench/images/StyleGAN/ood_0006180.jpg,1,aigc_detect_bench,StyleGAN
corpora/aigc_detect_bench/images/StyleGAN/ood_0006214.jpg,1,aigc_detect_bench,StyleGAN
corpora/aigc_detect_bench/images/StyleGAN/ood_0006248.jpg,1,aigc_detect_bench,StyleGAN
corpora/aigc_detect_bench/images/StyleGAN/ood_0006282.jpg,1,aigc_detect_bench,StyleGAN
corpora/aigc_detect_bench/images/StyleGAN/ood_0006316.jpg,1,aigc_detect_bench,StyleGAN
corpora/aigc_detect_bench/images/StyleGAN/ood_0006350.jpg,1,aigc_detect_bench,StyleGAN
corpora/aigc_detect_bench/images/StyleGAN/ood_0006384.jpg,1,aigc_detect_bench,StyleGAN
corpora/aigc_detect_bench/images/StyleGAN/ood_0006418.jpg,1,aigc_detect_bench,StyleGAN
corpora/aigc_detect_bench/images/StyleGAN/ood_0006452.jpg,1,aigc_detect_bench,StyleGAN
corpora/aigc_detect_bench/images/StyleGAN/ood_0006486.jpg,1,aigc_detect_bench,StyleGAN
corpora/aigc_detect_bench/images/StyleGAN/ood_0006520.jpg,1,aigc_detect_bench,StyleGAN
corpora/aigc_detect_bench/images/StyleGAN/ood_0006554.jpg,1,aigc_detect_bench,StyleGAN
corpora/aigc_detect_bench/images/StyleGAN/ood_0006588.jpg,1,aigc_detect_bench,StyleGAN
corpora/aigc_detect_bench/images/StyleGAN/ood_0006622.jpg,1,aigc_detect_bench,StyleGAN
corpora/aigc_detect_bench/images/StyleGAN/ood_0006656.jpg,1,aigc_detect_bench,StyleGAN
corpora/aigc_detect_bench/images/StyleGAN/ood_0006690.jpg,1,aigc_detect_bench,StyleGAN
corpora/aigc_detect_bench/images/StyleGAN/ood_0006724.jpg,1,aigc_detect_bench,StyleGAN
corpora/aigc_detect_bench/images/StyleGAN/ood_0006758.jpg,1,aigc_detect_bench,StyleGAN
corpora/aigc_detect_bench/images/StyleGAN/ood_0006792.jpg,1,aigc_detect_bench,StyleGAN
corpora/aigc_detect_bench/images/StyleGAN/ood_0006824.jpg,1,aigc_detect_bench,StyleGAN
corpora/aigc_detect_bench/images/StyleGAN/ood_0006856.jpg,1,aigc_detect_bench,StyleGAN
corpora/aigc_detect_bench/images/StyleGAN/ood_0006888.jpg,1,aigc_detect_bench,StyleGAN
corpora/aigc_detect_bench/images/StyleGAN/ood_0006920.jpg,1,aigc_detect_bench,StyleGAN
corpora/aigc_detect_bench/images/StyleGAN/ood_0006952.jpg,1,aigc_detect_bench,StyleGAN
corpora/aigc_detect_bench/images/StyleGAN/ood_0006984.jpg,1,aigc_detect_bench,StyleGAN
corpora/aigc_detect_bench/images/StyleGAN/ood_0007016.jpg,1,aigc_detect_bench,StyleGAN
corpora/aigc_detect_bench/images/StyleGAN/ood_0007048.jpg,1,aigc_detect_bench,StyleGAN
corpora/aigc_detect_bench/images/StyleGAN/ood_0007080.jpg,1,aigc_detect_bench,StyleGAN
corpora/aigc_detect_bench/images/StyleGAN/ood_0007112.jpg,1,aigc_detect_bench,StyleGAN
corpora/aigc_detect_bench/images/StyleGAN/ood_0007144.jpg,1,aigc_detect_bench,StyleGAN
corpora/aigc_detect_bench/images/StyleGAN/ood_0007176.jpg,1,aigc_detect_bench,StyleGAN
corpora/aigc_detect_bench/images/StyleGAN/ood_0007208.jpg,1,aigc_detect_bench,StyleGAN
corpora/aigc_detect_bench/images/StyleGAN/ood_0007240.jpg,1,aigc_detect_bench,StyleGAN
corpora/aigc_detect_bench/images/StyleGAN/ood_0007272.jpg,1,aigc_detect_bench,StyleGAN
corpora/aigc_detect_bench/images/StyleGAN/ood_0007304.jpg,1,aigc_detect_bench,StyleGAN
corpora/aigc_detect_bench/images/StyleGAN/ood_0007336.jpg,1,aigc_detect_bench,StyleGAN
corpora/aigc_detect_bench/images/StyleGAN/ood_0007368.jpg,1,aigc_detect_bench,StyleGAN
corpora/aigc_detect_bench/images/StyleGAN/ood_0007400.jpg,1,aigc_detect_bench,StyleGAN
corpora/aigc_detect_bench/images/StyleGAN/ood_0007432.jpg,1,aigc_detect_bench,StyleGAN
corpora/aigc_detect_bench/images/StyleGAN/ood_0007464.jpg,1,aigc_detect_bench,StyleGAN
corpora/aigc_detect_bench/images/StyleGAN/ood_0007496.jpg,1,aigc_detect_bench,StyleGAN
corpora/aigc_detect_bench/images/StyleGAN/ood_0007528.jpg,1,aigc_detect_bench,StyleGAN
corpora/aigc_detect_bench/images/StyleGAN/ood_0007560.jpg,1,aigc_detect_bench,StyleGAN
corpora/aigc_detect_bench/images/StyleGAN/ood_0007592.jpg,1,aigc_detect_bench,StyleGAN
corpora/aigc_detect_bench/images/StyleGAN/ood_0007624.jpg,1,aigc_detect_bench,StyleGAN
corpora/aigc_detect_bench/images/StyleGAN/ood_0007656.jpg,1,aigc_detect_bench,StyleGAN
corpora/aigc_detect_bench/images/StyleGAN/ood_0007688.jpg,1,aigc_detect_bench,StyleGAN
corpora/aigc_detect_bench/images/StyleGAN/ood_0007720.jpg,1,aigc_detect_bench,StyleGAN
corpora/aigc_detect_bench/images/StyleGAN/ood_0007752.jpg,1,aigc_detect_bench,StyleGAN
corpora/aigc_detect_bench/images/StyleGAN/ood_0007784.jpg,1,aigc_detect_bench,StyleGAN
corpora/aigc_detect_bench/images/StyleGAN/ood_0007816.jpg,1,aigc_detect_bench,StyleGAN
corpora/aigc_detect_bench/images/StyleGAN/ood_0007848.jpg,1,aigc_detect_bench,StyleGAN
corpora/aigc_detect_bench/images/StyleGAN/ood_0007880.jpg,1,aigc_detect_bench,StyleGAN
corpora/aigc_detect_bench/images/StyleGAN/ood_0007912.jpg,1,aigc_detect_bench,StyleGAN
corpora/aigc_detect_bench/images/StyleGAN/ood_0007944.jpg,1,aigc_detect_bench,StyleGAN
corpora/aigc_detect_bench/images/StyleGAN/ood_0007976.jpg,1,aigc_detect_bench,StyleGAN
corpora/aigc_detect_bench/images/StyleGAN/ood_0008008.jpg,1,aigc_detect_bench,StyleGAN
corpora/aigc_detect_bench/images/StyleGAN/ood_0008040.jpg,1,aigc_detect_bench,StyleGAN
corpora/aigc_detect_bench/images/StyleGAN/ood_0008072.jpg,1,aigc_detect_bench,StyleGAN
corpora/aigc_detect_bench/images/StyleGAN/ood_0008104.jpg,1,aigc_detect_bench,StyleGAN
corpora/aigc_detect_bench/images/StyleGAN/ood_0008136.jpg,1,aigc_detect_bench,StyleGAN
corpora/aigc_detect_bench/images/StyleGAN/ood_0008168.jpg,1,aigc_detect_bench,StyleGAN
corpora/aigc_detect_bench/images/StyleGAN/ood_0008200.jpg,1,aigc_detect_bench,StyleGAN
corpora/aigc_detect_bench/images/StyleGAN/ood_0008232.jpg,1,aigc_detect_bench,StyleGAN
corpora/aigc_detect_bench/images/StyleGAN/ood_0008264.jpg,1,aigc_detect_bench,StyleGAN
corpora/aigc_detect_bench/images/StyleGAN/ood_0008296.jpg,1,aigc_detect_bench,StyleGAN
corpora/aigc_detect_bench/images/StyleGAN/ood_0008328.jpg,1,aigc_detect_bench,StyleGAN
corpora/aigc_detect_bench/images/StyleGAN/ood_0008360.jpg,1,aigc_detect_bench,StyleGAN
corpora/aigc_detect_bench/images/StyleGAN/ood_0008392.jpg,1,aigc_detect_bench,StyleGAN
corpora/aigc_detect_bench/images/StyleGAN2/ood_0000028.jpg,1,aigc_detect_bench,StyleGAN2
corpora/aigc_detect_bench/images/StyleGAN2/ood_0000062.jpg,1,aigc_detect_bench,StyleGAN2
corpora/aigc_detect_bench/images/StyleGAN2/ood_0000096.jpg,1,aigc_detect_bench,StyleGAN2
corpora/aigc_detect_bench/images/StyleGAN2/ood_0000130.jpg,1,aigc_detect_bench,StyleGAN2
corpora/aigc_detect_bench/images/StyleGAN2/ood_0000164.jpg,1,aigc_detect_bench,StyleGAN2
corpora/aigc_detect_bench/images/StyleGAN2/ood_0000198.jpg,1,aigc_detect_bench,StyleGAN2
corpora/aigc_detect_bench/images/StyleGAN2/ood_0000232.jpg,1,aigc_detect_bench,StyleGAN2
corpora/aigc_detect_bench/images/StyleGAN2/ood_0000266.jpg,1,aigc_detect_bench,StyleGAN2
corpora/aigc_detect_bench/images/StyleGAN2/ood_0000300.jpg,1,aigc_detect_bench,StyleGAN2
corpora/aigc_detect_bench/images/StyleGAN2/ood_0000334.jpg,1,aigc_detect_bench,StyleGAN2
corpora/aigc_detect_bench/images/StyleGAN2/ood_0000368.jpg,1,aigc_detect_bench,StyleGAN2
corpora/aigc_detect_bench/images/StyleGAN2/ood_0000402.jpg,1,aigc_detect_bench,StyleGAN2
corpora/aigc_detect_bench/images/StyleGAN2/ood_0000436.jpg,1,aigc_detect_bench,StyleGAN2
corpora/aigc_detect_bench/images/StyleGAN2/ood_0000470.jpg,1,aigc_detect_bench,StyleGAN2
corpora/aigc_detect_bench/images/StyleGAN2/ood_0000504.jpg,1,aigc_detect_bench,StyleGAN2
corpora/aigc_detect_bench/images/StyleGAN2/ood_0000538.jpg,1,aigc_detect_bench,StyleGAN2
corpora/aigc_detect_bench/images/StyleGAN2/ood_0000572.jpg,1,aigc_detect_bench,StyleGAN2
corpora/aigc_detect_bench/images/StyleGAN2/ood_0000606.jpg,1,aigc_detect_bench,StyleGAN2
corpora/aigc_detect_bench/images/StyleGAN2/ood_0000640.jpg,1,aigc_detect_bench,StyleGAN2
corpora/aigc_detect_bench/images/StyleGAN2/ood_0000674.jpg,1,aigc_detect_bench,StyleGAN2
corpora/aigc_detect_bench/images/StyleGAN2/ood_0000708.jpg,1,aigc_detect_bench,StyleGAN2
corpora/aigc_detect_bench/images/StyleGAN2/ood_0000742.jpg,1,aigc_detect_bench,StyleGAN2
corpora/aigc_detect_bench/images/StyleGAN2/ood_0000776.jpg,1,aigc_detect_bench,StyleGAN2
corpora/aigc_detect_bench/images/StyleGAN2/ood_0000810.jpg,1,aigc_detect_bench,StyleGAN2
corpora/aigc_detect_bench/images/StyleGAN2/ood_0000844.jpg,1,aigc_detect_bench,StyleGAN2
corpora/aigc_detect_bench/images/StyleGAN2/ood_0000878.jpg,1,aigc_detect_bench,StyleGAN2
corpora/aigc_detect_bench/images/StyleGAN2/ood_0000912.jpg,1,aigc_detect_bench,StyleGAN2
corpora/aigc_detect_bench/images/StyleGAN2/ood_0000946.jpg,1,aigc_detect_bench,StyleGAN2
corpora/aigc_detect_bench/images/StyleGAN2/ood_0000980.jpg,1,aigc_detect_bench,StyleGAN2
corpora/aigc_detect_bench/images/StyleGAN2/ood_0001014.jpg,1,aigc_detect_bench,StyleGAN2
corpora/aigc_detect_bench/images/StyleGAN2/ood_0001048.jpg,1,aigc_detect_bench,StyleGAN2
corpora/aigc_detect_bench/images/StyleGAN2/ood_0001082.jpg,1,aigc_detect_bench,StyleGAN2
corpora/aigc_detect_bench/images/StyleGAN2/ood_0001116.jpg,1,aigc_detect_bench,StyleGAN2
corpora/aigc_detect_bench/images/StyleGAN2/ood_0001150.jpg,1,aigc_detect_bench,StyleGAN2
corpora/aigc_detect_bench/images/StyleGAN2/ood_0001184.jpg,1,aigc_detect_bench,StyleGAN2
corpora/aigc_detect_bench/images/StyleGAN2/ood_0001218.jpg,1,aigc_detect_bench,StyleGAN2
corpora/aigc_detect_bench/images/StyleGAN2/ood_0001252.jpg,1,aigc_detect_bench,StyleGAN2
corpora/aigc_detect_bench/images/StyleGAN2/ood_0001286.jpg,1,aigc_detect_bench,StyleGAN2
corpora/aigc_detect_bench/images/StyleGAN2/ood_0001320.jpg,1,aigc_detect_bench,StyleGAN2
corpora/aigc_detect_bench/images/StyleGAN2/ood_0001354.jpg,1,aigc_detect_bench,StyleGAN2
corpora/aigc_detect_bench/images/StyleGAN2/ood_0001388.jpg,1,aigc_detect_bench,StyleGAN2
corpora/aigc_detect_bench/images/StyleGAN2/ood_0001422.jpg,1,aigc_detect_bench,StyleGAN2
corpora/aigc_detect_bench/images/StyleGAN2/ood_0001456.jpg,1,aigc_detect_bench,StyleGAN2
corpora/aigc_detect_bench/images/StyleGAN2/ood_0001490.jpg,1,aigc_detect_bench,StyleGAN2
corpora/aigc_detect_bench/images/StyleGAN2/ood_0001524.jpg,1,aigc_detect_bench,StyleGAN2
corpora/aigc_detect_bench/images/StyleGAN2/ood_0001558.jpg,1,aigc_detect_bench,StyleGAN2
corpora/aigc_detect_bench/images/StyleGAN2/ood_0001592.jpg,1,aigc_detect_bench,StyleGAN2
corpora/aigc_detect_bench/images/StyleGAN2/ood_0001626.jpg,1,aigc_detect_bench,StyleGAN2
corpora/aigc_detect_bench/images/StyleGAN2/ood_0001660.jpg,1,aigc_detect_bench,StyleGAN2
corpora/aigc_detect_bench/images/StyleGAN2/ood_0001694.jpg,1,aigc_detect_bench,StyleGAN2
corpora/aigc_detect_bench/images/StyleGAN2/ood_0001728.jpg,1,aigc_detect_bench,StyleGAN2
corpora/aigc_detect_bench/images/StyleGAN2/ood_0001762.jpg,1,aigc_detect_bench,StyleGAN2
corpora/aigc_detect_bench/images/StyleGAN2/ood_0001796.jpg,1,aigc_detect_bench,StyleGAN2
corpora/aigc_detect_bench/images/StyleGAN2/ood_0001830.jpg,1,aigc_detect_bench,StyleGAN2
corpora/aigc_detect_bench/images/StyleGAN2/ood_0001864.jpg,1,aigc_detect_bench,StyleGAN2
corpora/aigc_detect_bench/images/StyleGAN2/ood_0001898.jpg,1,aigc_detect_bench,StyleGAN2
corpora/aigc_detect_bench/images/StyleGAN2/ood_0001932.jpg,1,aigc_detect_bench,StyleGAN2
corpora/aigc_detect_bench/images/StyleGAN2/ood_0001966.jpg,1,aigc_detect_bench,StyleGAN2
corpora/aigc_detect_bench/images/StyleGAN2/ood_0002000.jpg,1,aigc_detect_bench,StyleGAN2
corpora/aigc_detect_bench/images/StyleGAN2/ood_0002034.jpg,1,aigc_detect_bench,StyleGAN2
corpora/aigc_detect_bench/images/StyleGAN2/ood_0002068.jpg,1,aigc_detect_bench,StyleGAN2
corpora/aigc_detect_bench/images/StyleGAN2/ood_0002102.jpg,1,aigc_detect_bench,StyleGAN2
corpora/aigc_detect_bench/images/StyleGAN2/ood_0002136.jpg,1,aigc_detect_bench,StyleGAN2
corpora/aigc_detect_bench/images/StyleGAN2/ood_0002170.jpg,1,aigc_detect_bench,StyleGAN2
corpora/aigc_detect_bench/images/StyleGAN2/ood_0002204.jpg,1,aigc_detect_bench,StyleGAN2
corpora/aigc_detect_bench/images/StyleGAN2/ood_0002238.jpg,1,aigc_detect_bench,StyleGAN2
corpora/aigc_detect_bench/images/StyleGAN2/ood_0002272.jpg,1,aigc_detect_bench,StyleGAN2
corpora/aigc_detect_bench/images/StyleGAN2/ood_0002306.jpg,1,aigc_detect_bench,StyleGAN2
corpora/aigc_detect_bench/images/StyleGAN2/ood_0002340.jpg,1,aigc_detect_bench,StyleGAN2
corpora/aigc_detect_bench/images/StyleGAN2/ood_0002374.jpg,1,aigc_detect_bench,StyleGAN2
corpora/aigc_detect_bench/images/StyleGAN2/ood_0002408.jpg,1,aigc_detect_bench,StyleGAN2
corpora/aigc_detect_bench/images/StyleGAN2/ood_0002442.jpg,1,aigc_detect_bench,StyleGAN2
corpora/aigc_detect_bench/images/StyleGAN2/ood_0002476.jpg,1,aigc_detect_bench,StyleGAN2
corpora/aigc_detect_bench/images/StyleGAN2/ood_0002510.jpg,1,aigc_detect_bench,StyleGAN2
corpora/aigc_detect_bench/images/StyleGAN2/ood_0002544.jpg,1,aigc_detect_bench,StyleGAN2
corpora/aigc_detect_bench/images/StyleGAN2/ood_0002578.jpg,1,aigc_detect_bench,StyleGAN2
corpora/aigc_detect_bench/images/StyleGAN2/ood_0002612.jpg,1,aigc_detect_bench,StyleGAN2
corpora/aigc_detect_bench/images/StyleGAN2/ood_0002646.jpg,1,aigc_detect_bench,StyleGAN2
corpora/aigc_detect_bench/images/StyleGAN2/ood_0002680.jpg,1,aigc_detect_bench,StyleGAN2
corpora/aigc_detect_bench/images/StyleGAN2/ood_0002714.jpg,1,aigc_detect_bench,StyleGAN2
corpora/aigc_detect_bench/images/StyleGAN2/ood_0002748.jpg,1,aigc_detect_bench,StyleGAN2
corpora/aigc_detect_bench/images/StyleGAN2/ood_0002782.jpg,1,aigc_detect_bench,StyleGAN2
corpora/aigc_detect_bench/images/StyleGAN2/ood_0002816.jpg,1,aigc_detect_bench,StyleGAN2
corpora/aigc_detect_bench/images/StyleGAN2/ood_0002850.jpg,1,aigc_detect_bench,StyleGAN2
corpora/aigc_detect_bench/images/StyleGAN2/ood_0002884.jpg,1,aigc_detect_bench,StyleGAN2
corpora/aigc_detect_bench/images/StyleGAN2/ood_0002918.jpg,1,aigc_detect_bench,StyleGAN2
corpora/aigc_detect_bench/images/StyleGAN2/ood_0002952.jpg,1,aigc_detect_bench,StyleGAN2
corpora/aigc_detect_bench/images/StyleGAN2/ood_0002986.jpg,1,aigc_detect_bench,StyleGAN2
corpora/aigc_detect_bench/images/StyleGAN2/ood_0003020.jpg,1,aigc_detect_bench,StyleGAN2
corpora/aigc_detect_bench/images/StyleGAN2/ood_0003054.jpg,1,aigc_detect_bench,StyleGAN2
corpora/aigc_detect_bench/images/StyleGAN2/ood_0003088.jpg,1,aigc_detect_bench,StyleGAN2
corpora/aigc_detect_bench/images/StyleGAN2/ood_0003122.jpg,1,aigc_detect_bench,StyleGAN2
corpora/aigc_detect_bench/images/StyleGAN2/ood_0003156.jpg,1,aigc_detect_bench,StyleGAN2
corpora/aigc_detect_bench/images/StyleGAN2/ood_0003190.jpg,1,aigc_detect_bench,StyleGAN2
corpora/aigc_detect_bench/images/StyleGAN2/ood_0003224.jpg,1,aigc_detect_bench,StyleGAN2
corpora/aigc_detect_bench/images/StyleGAN2/ood_0003258.jpg,1,aigc_detect_bench,StyleGAN2
corpora/aigc_detect_bench/images/StyleGAN2/ood_0003292.jpg,1,aigc_detect_bench,StyleGAN2
corpora/aigc_detect_bench/images/StyleGAN2/ood_0003326.jpg,1,aigc_detect_bench,StyleGAN2
corpora/aigc_detect_bench/images/StyleGAN2/ood_0003360.jpg,1,aigc_detect_bench,StyleGAN2
corpora/aigc_detect_bench/images/StyleGAN2/ood_0003394.jpg,1,aigc_detect_bench,StyleGAN2
corpora/aigc_detect_bench/images/StyleGAN2/ood_0003428.jpg,1,aigc_detect_bench,StyleGAN2
corpora/aigc_detect_bench/images/StyleGAN2/ood_0003462.jpg,1,aigc_detect_bench,StyleGAN2
corpora/aigc_detect_bench/images/StyleGAN2/ood_0003496.jpg,1,aigc_detect_bench,StyleGAN2
corpora/aigc_detect_bench/images/StyleGAN2/ood_0003530.jpg,1,aigc_detect_bench,StyleGAN2
corpora/aigc_detect_bench/images/StyleGAN2/ood_0003564.jpg,1,aigc_detect_bench,StyleGAN2
corpora/aigc_detect_bench/images/StyleGAN2/ood_0003598.jpg,1,aigc_detect_bench,StyleGAN2
corpora/aigc_detect_bench/images/StyleGAN2/ood_0003632.jpg,1,aigc_detect_bench,StyleGAN2
corpora/aigc_detect_bench/images/StyleGAN2/ood_0003666.jpg,1,aigc_detect_bench,StyleGAN2
corpora/aigc_detect_bench/images/StyleGAN2/ood_0003700.jpg,1,aigc_detect_bench,StyleGAN2
corpora/aigc_detect_bench/images/StyleGAN2/ood_0003734.jpg,1,aigc_detect_bench,StyleGAN2
corpora/aigc_detect_bench/images/StyleGAN2/ood_0003768.jpg,1,aigc_detect_bench,StyleGAN2
corpora/aigc_detect_bench/images/StyleGAN2/ood_0003802.jpg,1,aigc_detect_bench,StyleGAN2
corpora/aigc_detect_bench/images/StyleGAN2/ood_0003836.jpg,1,aigc_detect_bench,StyleGAN2
corpora/aigc_detect_bench/images/StyleGAN2/ood_0003870.jpg,1,aigc_detect_bench,StyleGAN2
corpora/aigc_detect_bench/images/StyleGAN2/ood_0003904.jpg,1,aigc_detect_bench,StyleGAN2
corpora/aigc_detect_bench/images/StyleGAN2/ood_0003938.jpg,1,aigc_detect_bench,StyleGAN2
corpora/aigc_detect_bench/images/StyleGAN2/ood_0003972.jpg,1,aigc_detect_bench,StyleGAN2
corpora/aigc_detect_bench/images/StyleGAN2/ood_0004006.jpg,1,aigc_detect_bench,StyleGAN2
corpora/aigc_detect_bench/images/StyleGAN2/ood_0004040.jpg,1,aigc_detect_bench,StyleGAN2
corpora/aigc_detect_bench/images/StyleGAN2/ood_0004074.jpg,1,aigc_detect_bench,StyleGAN2
corpora/aigc_detect_bench/images/StyleGAN2/ood_0004108.jpg,1,aigc_detect_bench,StyleGAN2
corpora/aigc_detect_bench/images/StyleGAN2/ood_0004142.jpg,1,aigc_detect_bench,StyleGAN2
corpora/aigc_detect_bench/images/StyleGAN2/ood_0004176.jpg,1,aigc_detect_bench,StyleGAN2
corpora/aigc_detect_bench/images/StyleGAN2/ood_0004210.jpg,1,aigc_detect_bench,StyleGAN2
corpora/aigc_detect_bench/images/StyleGAN2/ood_0004244.jpg,1,aigc_detect_bench,StyleGAN2
corpora/aigc_detect_bench/images/StyleGAN2/ood_0004278.jpg,1,aigc_detect_bench,StyleGAN2
corpora/aigc_detect_bench/images/StyleGAN2/ood_0004312.jpg,1,aigc_detect_bench,StyleGAN2
corpora/aigc_detect_bench/images/StyleGAN2/ood_0004346.jpg,1,aigc_detect_bench,StyleGAN2
corpora/aigc_detect_bench/images/StyleGAN2/ood_0004380.jpg,1,aigc_detect_bench,StyleGAN2
corpora/aigc_detect_bench/images/StyleGAN2/ood_0004414.jpg,1,aigc_detect_bench,StyleGAN2
corpora/aigc_detect_bench/images/StyleGAN2/ood_0004448.jpg,1,aigc_detect_bench,StyleGAN2
corpora/aigc_detect_bench/images/StyleGAN2/ood_0004482.jpg,1,aigc_detect_bench,StyleGAN2
corpora/aigc_detect_bench/images/StyleGAN2/ood_0004516.jpg,1,aigc_detect_bench,StyleGAN2
corpora/aigc_detect_bench/images/StyleGAN2/ood_0004550.jpg,1,aigc_detect_bench,StyleGAN2
corpora/aigc_detect_bench/images/StyleGAN2/ood_0004584.jpg,1,aigc_detect_bench,StyleGAN2
corpora/aigc_detect_bench/images/StyleGAN2/ood_0004618.jpg,1,aigc_detect_bench,StyleGAN2
corpora/aigc_detect_bench/images/StyleGAN2/ood_0004652.jpg,1,aigc_detect_bench,StyleGAN2
corpora/aigc_detect_bench/images/StyleGAN2/ood_0004686.jpg,1,aigc_detect_bench,StyleGAN2
corpora/aigc_detect_bench/images/StyleGAN2/ood_0004720.jpg,1,aigc_detect_bench,StyleGAN2
corpora/aigc_detect_bench/images/StyleGAN2/ood_0004754.jpg,1,aigc_detect_bench,StyleGAN2
corpora/aigc_detect_bench/images/StyleGAN2/ood_0004788.jpg,1,aigc_detect_bench,StyleGAN2
corpora/aigc_detect_bench/images/StyleGAN2/ood_0004822.jpg,1,aigc_detect_bench,StyleGAN2
corpora/aigc_detect_bench/images/StyleGAN2/ood_0004856.jpg,1,aigc_detect_bench,StyleGAN2
corpora/aigc_detect_bench/images/StyleGAN2/ood_0004890.jpg,1,aigc_detect_bench,StyleGAN2
corpora/aigc_detect_bench/images/StyleGAN2/ood_0004924.jpg,1,aigc_detect_bench,StyleGAN2
corpora/aigc_detect_bench/images/StyleGAN2/ood_0004958.jpg,1,aigc_detect_bench,StyleGAN2
corpora/aigc_detect_bench/images/StyleGAN2/ood_0004992.jpg,1,aigc_detect_bench,StyleGAN2
corpora/aigc_detect_bench/images/StyleGAN2/ood_0005026.jpg,1,aigc_detect_bench,StyleGAN2
corpora/aigc_detect_bench/images/StyleGAN2/ood_0005060.jpg,1,aigc_detect_bench,StyleGAN2
corpora/aigc_detect_bench/images/StyleGAN2/ood_0005094.jpg,1,aigc_detect_bench,StyleGAN2
corpora/aigc_detect_bench/images/StyleGAN2/ood_0005128.jpg,1,aigc_detect_bench,StyleGAN2
corpora/aigc_detect_bench/images/StyleGAN2/ood_0005162.jpg,1,aigc_detect_bench,StyleGAN2
corpora/aigc_detect_bench/images/StyleGAN2/ood_0005196.jpg,1,aigc_detect_bench,StyleGAN2
corpora/aigc_detect_bench/images/StyleGAN2/ood_0005230.jpg,1,aigc_detect_bench,StyleGAN2
corpora/aigc_detect_bench/images/StyleGAN2/ood_0005264.jpg,1,aigc_detect_bench,StyleGAN2
corpora/aigc_detect_bench/images/StyleGAN2/ood_0005298.jpg,1,aigc_detect_bench,StyleGAN2
corpora/aigc_detect_bench/images/StyleGAN2/ood_0005332.jpg,1,aigc_detect_bench,StyleGAN2
corpora/aigc_detect_bench/images/StyleGAN2/ood_0005366.jpg,1,aigc_detect_bench,StyleGAN2
corpora/aigc_detect_bench/images/StyleGAN2/ood_0005400.jpg,1,aigc_detect_bench,StyleGAN2
corpora/aigc_detect_bench/images/StyleGAN2/ood_0005434.jpg,1,aigc_detect_bench,StyleGAN2
corpora/aigc_detect_bench/images/StyleGAN2/ood_0005468.jpg,1,aigc_detect_bench,StyleGAN2
corpora/aigc_detect_bench/images/StyleGAN2/ood_0005502.jpg,1,aigc_detect_bench,StyleGAN2
corpora/aigc_detect_bench/images/StyleGAN2/ood_0005536.jpg,1,aigc_detect_bench,StyleGAN2
corpora/aigc_detect_bench/images/StyleGAN2/ood_0005570.jpg,1,aigc_detect_bench,StyleGAN2
corpora/aigc_detect_bench/images/StyleGAN2/ood_0005604.jpg,1,aigc_detect_bench,StyleGAN2
corpora/aigc_detect_bench/images/StyleGAN2/ood_0005638.jpg,1,aigc_detect_bench,StyleGAN2
corpora/aigc_detect_bench/images/StyleGAN2/ood_0005672.jpg,1,aigc_detect_bench,StyleGAN2
corpora/aigc_detect_bench/images/StyleGAN2/ood_0005706.jpg,1,aigc_detect_bench,StyleGAN2
corpora/aigc_detect_bench/images/StyleGAN2/ood_0005740.jpg,1,aigc_detect_bench,StyleGAN2
corpora/aigc_detect_bench/images/StyleGAN2/ood_0005774.jpg,1,aigc_detect_bench,StyleGAN2
corpora/aigc_detect_bench/images/StyleGAN2/ood_0005808.jpg,1,aigc_detect_bench,StyleGAN2
corpora/aigc_detect_bench/images/StyleGAN2/ood_0005842.jpg,1,aigc_detect_bench,StyleGAN2
corpora/aigc_detect_bench/images/StyleGAN2/ood_0005876.jpg,1,aigc_detect_bench,StyleGAN2
corpora/aigc_detect_bench/images/StyleGAN2/ood_0005910.jpg,1,aigc_detect_bench,StyleGAN2
corpora/aigc_detect_bench/images/StyleGAN2/ood_0005944.jpg,1,aigc_detect_bench,StyleGAN2
corpora/aigc_detect_bench/images/StyleGAN2/ood_0005978.jpg,1,aigc_detect_bench,StyleGAN2
corpora/aigc_detect_bench/images/StyleGAN2/ood_0006012.jpg,1,aigc_detect_bench,StyleGAN2
corpora/aigc_detect_bench/images/StyleGAN2/ood_0006046.jpg,1,aigc_detect_bench,StyleGAN2
corpora/aigc_detect_bench/images/StyleGAN2/ood_0006080.jpg,1,aigc_detect_bench,StyleGAN2
corpora/aigc_detect_bench/images/StyleGAN2/ood_0006114.jpg,1,aigc_detect_bench,StyleGAN2
corpora/aigc_detect_bench/images/StyleGAN2/ood_0006148.jpg,1,aigc_detect_bench,StyleGAN2
corpora/aigc_detect_bench/images/StyleGAN2/ood_0006182.jpg,1,aigc_detect_bench,StyleGAN2
corpora/aigc_detect_bench/images/StyleGAN2/ood_0006216.jpg,1,aigc_detect_bench,StyleGAN2
corpora/aigc_detect_bench/images/StyleGAN2/ood_0006250.jpg,1,aigc_detect_bench,StyleGAN2
corpora/aigc_detect_bench/images/StyleGAN2/ood_0006284.jpg,1,aigc_detect_bench,StyleGAN2
corpora/aigc_detect_bench/images/StyleGAN2/ood_0006318.jpg,1,aigc_detect_bench,StyleGAN2
corpora/aigc_detect_bench/images/StyleGAN2/ood_0006352.jpg,1,aigc_detect_bench,StyleGAN2
corpora/aigc_detect_bench/images/StyleGAN2/ood_0006386.jpg,1,aigc_detect_bench,StyleGAN2
corpora/aigc_detect_bench/images/StyleGAN2/ood_0006420.jpg,1,aigc_detect_bench,StyleGAN2
corpora/aigc_detect_bench/images/StyleGAN2/ood_0006454.jpg,1,aigc_detect_bench,StyleGAN2
corpora/aigc_detect_bench/images/StyleGAN2/ood_0006488.jpg,1,aigc_detect_bench,StyleGAN2
corpora/aigc_detect_bench/images/StyleGAN2/ood_0006522.jpg,1,aigc_detect_bench,StyleGAN2
corpora/aigc_detect_bench/images/StyleGAN2/ood_0006556.jpg,1,aigc_detect_bench,StyleGAN2
corpora/aigc_detect_bench/images/StyleGAN2/ood_0006590.jpg,1,aigc_detect_bench,StyleGAN2
corpora/aigc_detect_bench/images/StyleGAN2/ood_0006624.jpg,1,aigc_detect_bench,StyleGAN2
corpora/aigc_detect_bench/images/StyleGAN2/ood_0006658.jpg,1,aigc_detect_bench,StyleGAN2
corpora/aigc_detect_bench/images/StyleGAN2/ood_0006692.jpg,1,aigc_detect_bench,StyleGAN2
corpora/aigc_detect_bench/images/StyleGAN2/ood_0006726.jpg,1,aigc_detect_bench,StyleGAN2
corpora/aigc_detect_bench/images/StyleGAN2/ood_0006760.jpg,1,aigc_detect_bench,StyleGAN2
corpora/aigc_detect_bench/images/StyleGAN2/ood_0006794.jpg,1,aigc_detect_bench,StyleGAN2
corpora/aigc_detect_bench/images/StyleGAN2/ood_0006826.jpg,1,aigc_detect_bench,StyleGAN2
corpora/aigc_detect_bench/images/StyleGAN2/ood_0006858.jpg,1,aigc_detect_bench,StyleGAN2
corpora/aigc_detect_bench/images/StyleGAN2/ood_0006890.jpg,1,aigc_detect_bench,StyleGAN2
corpora/aigc_detect_bench/images/StyleGAN2/ood_0006922.jpg,1,aigc_detect_bench,StyleGAN2
corpora/aigc_detect_bench/images/StyleGAN2/ood_0006954.jpg,1,aigc_detect_bench,StyleGAN2
corpora/aigc_detect_bench/images/StyleGAN2/ood_0006986.jpg,1,aigc_detect_bench,StyleGAN2
corpora/aigc_detect_bench/images/StyleGAN2/ood_0007018.jpg,1,aigc_detect_bench,StyleGAN2
corpora/aigc_detect_bench/images/StyleGAN2/ood_0007050.jpg,1,aigc_detect_bench,StyleGAN2
corpora/aigc_detect_bench/images/StyleGAN2/ood_0007082.jpg,1,aigc_detect_bench,StyleGAN2
corpora/aigc_detect_bench/images/StyleGAN2/ood_0007114.jpg,1,aigc_detect_bench,StyleGAN2
corpora/aigc_detect_bench/images/StyleGAN2/ood_0007146.jpg,1,aigc_detect_bench,StyleGAN2
corpora/aigc_detect_bench/images/StyleGAN2/ood_0007178.jpg,1,aigc_detect_bench,StyleGAN2
corpora/aigc_detect_bench/images/StyleGAN2/ood_0007210.jpg,1,aigc_detect_bench,StyleGAN2
corpora/aigc_detect_bench/images/StyleGAN2/ood_0007242.jpg,1,aigc_detect_bench,StyleGAN2
corpora/aigc_detect_bench/images/StyleGAN2/ood_0007274.jpg,1,aigc_detect_bench,StyleGAN2
corpora/aigc_detect_bench/images/StyleGAN2/ood_0007306.jpg,1,aigc_detect_bench,StyleGAN2
corpora/aigc_detect_bench/images/StyleGAN2/ood_0007338.jpg,1,aigc_detect_bench,StyleGAN2
corpora/aigc_detect_bench/images/StyleGAN2/ood_0007370.jpg,1,aigc_detect_bench,StyleGAN2
corpora/aigc_detect_bench/images/StyleGAN2/ood_0007402.jpg,1,aigc_detect_bench,StyleGAN2
corpora/aigc_detect_bench/images/StyleGAN2/ood_0007434.jpg,1,aigc_detect_bench,StyleGAN2
corpora/aigc_detect_bench/images/StyleGAN2/ood_0007466.jpg,1,aigc_detect_bench,StyleGAN2
corpora/aigc_detect_bench/images/StyleGAN2/ood_0007498.jpg,1,aigc_detect_bench,StyleGAN2
corpora/aigc_detect_bench/images/StyleGAN2/ood_0007530.jpg,1,aigc_detect_bench,StyleGAN2
corpora/aigc_detect_bench/images/StyleGAN2/ood_0007562.jpg,1,aigc_detect_bench,StyleGAN2
corpora/aigc_detect_bench/images/StyleGAN2/ood_0007594.jpg,1,aigc_detect_bench,StyleGAN2
corpora/aigc_detect_bench/images/StyleGAN2/ood_0007626.jpg,1,aigc_detect_bench,StyleGAN2
corpora/aigc_detect_bench/images/StyleGAN2/ood_0007658.jpg,1,aigc_detect_bench,StyleGAN2
corpora/aigc_detect_bench/images/StyleGAN2/ood_0007690.jpg,1,aigc_detect_bench,StyleGAN2
corpora/aigc_detect_bench/images/StyleGAN2/ood_0007722.jpg,1,aigc_detect_bench,StyleGAN2
corpora/aigc_detect_bench/images/StyleGAN2/ood_0007754.jpg,1,aigc_detect_bench,StyleGAN2
corpora/aigc_detect_bench/images/StyleGAN2/ood_0007786.jpg,1,aigc_detect_bench,StyleGAN2
corpora/aigc_detect_bench/images/StyleGAN2/ood_0007818.jpg,1,aigc_detect_bench,StyleGAN2
corpora/aigc_detect_bench/images/StyleGAN2/ood_0007850.jpg,1,aigc_detect_bench,StyleGAN2
corpora/aigc_detect_bench/images/StyleGAN2/ood_0007882.jpg,1,aigc_detect_bench,StyleGAN2
corpora/aigc_detect_bench/images/StyleGAN2/ood_0007914.jpg,1,aigc_detect_bench,StyleGAN2
corpora/aigc_detect_bench/images/StyleGAN2/ood_0007946.jpg,1,aigc_detect_bench,StyleGAN2
corpora/aigc_detect_bench/images/StyleGAN2/ood_0007978.jpg,1,aigc_detect_bench,StyleGAN2
corpora/aigc_detect_bench/images/StyleGAN2/ood_0008010.jpg,1,aigc_detect_bench,StyleGAN2
corpora/aigc_detect_bench/images/StyleGAN2/ood_0008042.jpg,1,aigc_detect_bench,StyleGAN2
corpora/aigc_detect_bench/images/StyleGAN2/ood_0008074.jpg,1,aigc_detect_bench,StyleGAN2
corpora/aigc_detect_bench/images/StyleGAN2/ood_0008106.jpg,1,aigc_detect_bench,StyleGAN2
corpora/aigc_detect_bench/images/StyleGAN2/ood_0008138.jpg,1,aigc_detect_bench,StyleGAN2
corpora/aigc_detect_bench/images/StyleGAN2/ood_0008170.jpg,1,aigc_detect_bench,StyleGAN2
corpora/aigc_detect_bench/images/StyleGAN2/ood_0008202.jpg,1,aigc_detect_bench,StyleGAN2
corpora/aigc_detect_bench/images/StyleGAN2/ood_0008234.jpg,1,aigc_detect_bench,StyleGAN2
corpora/aigc_detect_bench/images/StyleGAN2/ood_0008266.jpg,1,aigc_detect_bench,StyleGAN2
corpora/aigc_detect_bench/images/StyleGAN2/ood_0008298.jpg,1,aigc_detect_bench,StyleGAN2
corpora/aigc_detect_bench/images/StyleGAN2/ood_0008330.jpg,1,aigc_detect_bench,StyleGAN2
corpora/aigc_detect_bench/images/StyleGAN2/ood_0008362.jpg,1,aigc_detect_bench,StyleGAN2
corpora/aigc_detect_bench/images/StyleGAN2/ood_0008394.jpg,1,aigc_detect_bench,StyleGAN2
corpora/aigc_detect_bench/images/VQDM/ood_0000030.jpg,1,aigc_detect_bench,VQDM
corpora/aigc_detect_bench/images/VQDM/ood_0000064.jpg,1,aigc_detect_bench,VQDM
corpora/aigc_detect_bench/images/VQDM/ood_0000098.jpg,1,aigc_detect_bench,VQDM
corpora/aigc_detect_bench/images/VQDM/ood_0000132.jpg,1,aigc_detect_bench,VQDM
corpora/aigc_detect_bench/images/VQDM/ood_0000166.jpg,1,aigc_detect_bench,VQDM
corpora/aigc_detect_bench/images/VQDM/ood_0000200.jpg,1,aigc_detect_bench,VQDM
corpora/aigc_detect_bench/images/VQDM/ood_0000234.jpg,1,aigc_detect_bench,VQDM
corpora/aigc_detect_bench/images/VQDM/ood_0000268.jpg,1,aigc_detect_bench,VQDM
corpora/aigc_detect_bench/images/VQDM/ood_0000302.jpg,1,aigc_detect_bench,VQDM
corpora/aigc_detect_bench/images/VQDM/ood_0000336.jpg,1,aigc_detect_bench,VQDM
corpora/aigc_detect_bench/images/VQDM/ood_0000370.jpg,1,aigc_detect_bench,VQDM
corpora/aigc_detect_bench/images/VQDM/ood_0000404.jpg,1,aigc_detect_bench,VQDM
corpora/aigc_detect_bench/images/VQDM/ood_0000438.jpg,1,aigc_detect_bench,VQDM
corpora/aigc_detect_bench/images/VQDM/ood_0000472.jpg,1,aigc_detect_bench,VQDM
corpora/aigc_detect_bench/images/VQDM/ood_0000506.jpg,1,aigc_detect_bench,VQDM
corpora/aigc_detect_bench/images/VQDM/ood_0000540.jpg,1,aigc_detect_bench,VQDM
corpora/aigc_detect_bench/images/VQDM/ood_0000574.jpg,1,aigc_detect_bench,VQDM
corpora/aigc_detect_bench/images/VQDM/ood_0000608.jpg,1,aigc_detect_bench,VQDM
corpora/aigc_detect_bench/images/VQDM/ood_0000642.jpg,1,aigc_detect_bench,VQDM
corpora/aigc_detect_bench/images/VQDM/ood_0000676.jpg,1,aigc_detect_bench,VQDM
corpora/aigc_detect_bench/images/VQDM/ood_0000710.jpg,1,aigc_detect_bench,VQDM
corpora/aigc_detect_bench/images/VQDM/ood_0000744.jpg,1,aigc_detect_bench,VQDM
corpora/aigc_detect_bench/images/VQDM/ood_0000778.jpg,1,aigc_detect_bench,VQDM
corpora/aigc_detect_bench/images/VQDM/ood_0000812.jpg,1,aigc_detect_bench,VQDM
corpora/aigc_detect_bench/images/VQDM/ood_0000846.jpg,1,aigc_detect_bench,VQDM
corpora/aigc_detect_bench/images/VQDM/ood_0000880.jpg,1,aigc_detect_bench,VQDM
corpora/aigc_detect_bench/images/VQDM/ood_0000914.jpg,1,aigc_detect_bench,VQDM
corpora/aigc_detect_bench/images/VQDM/ood_0000948.jpg,1,aigc_detect_bench,VQDM
corpora/aigc_detect_bench/images/VQDM/ood_0000982.jpg,1,aigc_detect_bench,VQDM
corpora/aigc_detect_bench/images/VQDM/ood_0001016.jpg,1,aigc_detect_bench,VQDM
corpora/aigc_detect_bench/images/VQDM/ood_0001050.jpg,1,aigc_detect_bench,VQDM
corpora/aigc_detect_bench/images/VQDM/ood_0001084.jpg,1,aigc_detect_bench,VQDM
corpora/aigc_detect_bench/images/VQDM/ood_0001118.jpg,1,aigc_detect_bench,VQDM
corpora/aigc_detect_bench/images/VQDM/ood_0001152.jpg,1,aigc_detect_bench,VQDM
corpora/aigc_detect_bench/images/VQDM/ood_0001186.jpg,1,aigc_detect_bench,VQDM
corpora/aigc_detect_bench/images/VQDM/ood_0001220.jpg,1,aigc_detect_bench,VQDM
corpora/aigc_detect_bench/images/VQDM/ood_0001254.jpg,1,aigc_detect_bench,VQDM
corpora/aigc_detect_bench/images/VQDM/ood_0001288.jpg,1,aigc_detect_bench,VQDM
corpora/aigc_detect_bench/images/VQDM/ood_0001322.jpg,1,aigc_detect_bench,VQDM
corpora/aigc_detect_bench/images/VQDM/ood_0001356.jpg,1,aigc_detect_bench,VQDM
corpora/aigc_detect_bench/images/VQDM/ood_0001390.jpg,1,aigc_detect_bench,VQDM
corpora/aigc_detect_bench/images/VQDM/ood_0001424.jpg,1,aigc_detect_bench,VQDM
corpora/aigc_detect_bench/images/VQDM/ood_0001458.jpg,1,aigc_detect_bench,VQDM
corpora/aigc_detect_bench/images/VQDM/ood_0001492.jpg,1,aigc_detect_bench,VQDM
corpora/aigc_detect_bench/images/VQDM/ood_0001526.jpg,1,aigc_detect_bench,VQDM
corpora/aigc_detect_bench/images/VQDM/ood_0001560.jpg,1,aigc_detect_bench,VQDM
corpora/aigc_detect_bench/images/VQDM/ood_0001594.jpg,1,aigc_detect_bench,VQDM
corpora/aigc_detect_bench/images/VQDM/ood_0001628.jpg,1,aigc_detect_bench,VQDM
corpora/aigc_detect_bench/images/VQDM/ood_0001662.jpg,1,aigc_detect_bench,VQDM
corpora/aigc_detect_bench/images/VQDM/ood_0001696.jpg,1,aigc_detect_bench,VQDM
corpora/aigc_detect_bench/images/VQDM/ood_0001730.jpg,1,aigc_detect_bench,VQDM
corpora/aigc_detect_bench/images/VQDM/ood_0001764.jpg,1,aigc_detect_bench,VQDM
corpora/aigc_detect_bench/images/VQDM/ood_0001798.jpg,1,aigc_detect_bench,VQDM
corpora/aigc_detect_bench/images/VQDM/ood_0001832.jpg,1,aigc_detect_bench,VQDM
corpora/aigc_detect_bench/images/VQDM/ood_0001866.jpg,1,aigc_detect_bench,VQDM
corpora/aigc_detect_bench/images/VQDM/ood_0001900.jpg,1,aigc_detect_bench,VQDM
corpora/aigc_detect_bench/images/VQDM/ood_0001934.jpg,1,aigc_detect_bench,VQDM
corpora/aigc_detect_bench/images/VQDM/ood_0001968.jpg,1,aigc_detect_bench,VQDM
corpora/aigc_detect_bench/images/VQDM/ood_0002002.jpg,1,aigc_detect_bench,VQDM
corpora/aigc_detect_bench/images/VQDM/ood_0002036.jpg,1,aigc_detect_bench,VQDM
corpora/aigc_detect_bench/images/VQDM/ood_0002070.jpg,1,aigc_detect_bench,VQDM
corpora/aigc_detect_bench/images/VQDM/ood_0002104.jpg,1,aigc_detect_bench,VQDM
corpora/aigc_detect_bench/images/VQDM/ood_0002138.jpg,1,aigc_detect_bench,VQDM
corpora/aigc_detect_bench/images/VQDM/ood_0002172.jpg,1,aigc_detect_bench,VQDM
corpora/aigc_detect_bench/images/VQDM/ood_0002206.jpg,1,aigc_detect_bench,VQDM
corpora/aigc_detect_bench/images/VQDM/ood_0002240.jpg,1,aigc_detect_bench,VQDM
corpora/aigc_detect_bench/images/VQDM/ood_0002274.jpg,1,aigc_detect_bench,VQDM
corpora/aigc_detect_bench/images/VQDM/ood_0002308.jpg,1,aigc_detect_bench,VQDM
corpora/aigc_detect_bench/images/VQDM/ood_0002342.jpg,1,aigc_detect_bench,VQDM
corpora/aigc_detect_bench/images/VQDM/ood_0002376.jpg,1,aigc_detect_bench,VQDM
corpora/aigc_detect_bench/images/VQDM/ood_0002410.jpg,1,aigc_detect_bench,VQDM
corpora/aigc_detect_bench/images/VQDM/ood_0002444.jpg,1,aigc_detect_bench,VQDM
corpora/aigc_detect_bench/images/VQDM/ood_0002478.jpg,1,aigc_detect_bench,VQDM
corpora/aigc_detect_bench/images/VQDM/ood_0002512.jpg,1,aigc_detect_bench,VQDM
corpora/aigc_detect_bench/images/VQDM/ood_0002546.jpg,1,aigc_detect_bench,VQDM
corpora/aigc_detect_bench/images/VQDM/ood_0002580.jpg,1,aigc_detect_bench,VQDM
corpora/aigc_detect_bench/images/VQDM/ood_0002614.jpg,1,aigc_detect_bench,VQDM
corpora/aigc_detect_bench/images/VQDM/ood_0002648.jpg,1,aigc_detect_bench,VQDM
corpora/aigc_detect_bench/images/VQDM/ood_0002682.jpg,1,aigc_detect_bench,VQDM
corpora/aigc_detect_bench/images/VQDM/ood_0002716.jpg,1,aigc_detect_bench,VQDM
corpora/aigc_detect_bench/images/VQDM/ood_0002750.jpg,1,aigc_detect_bench,VQDM
corpora/aigc_detect_bench/images/VQDM/ood_0002784.jpg,1,aigc_detect_bench,VQDM
corpora/aigc_detect_bench/images/VQDM/ood_0002818.jpg,1,aigc_detect_bench,VQDM
corpora/aigc_detect_bench/images/VQDM/ood_0002852.jpg,1,aigc_detect_bench,VQDM
corpora/aigc_detect_bench/images/VQDM/ood_0002886.jpg,1,aigc_detect_bench,VQDM
corpora/aigc_detect_bench/images/VQDM/ood_0002920.jpg,1,aigc_detect_bench,VQDM
corpora/aigc_detect_bench/images/VQDM/ood_0002954.jpg,1,aigc_detect_bench,VQDM
corpora/aigc_detect_bench/images/VQDM/ood_0002988.jpg,1,aigc_detect_bench,VQDM
corpora/aigc_detect_bench/images/VQDM/ood_0003022.jpg,1,aigc_detect_bench,VQDM
corpora/aigc_detect_bench/images/VQDM/ood_0003056.jpg,1,aigc_detect_bench,VQDM
corpora/aigc_detect_bench/images/VQDM/ood_0003090.jpg,1,aigc_detect_bench,VQDM
corpora/aigc_detect_bench/images/VQDM/ood_0003124.jpg,1,aigc_detect_bench,VQDM
corpora/aigc_detect_bench/images/VQDM/ood_0003158.jpg,1,aigc_detect_bench,VQDM
corpora/aigc_detect_bench/images/VQDM/ood_0003192.jpg,1,aigc_detect_bench,VQDM
corpora/aigc_detect_bench/images/VQDM/ood_0003226.jpg,1,aigc_detect_bench,VQDM
corpora/aigc_detect_bench/images/VQDM/ood_0003260.jpg,1,aigc_detect_bench,VQDM
corpora/aigc_detect_bench/images/VQDM/ood_0003294.jpg,1,aigc_detect_bench,VQDM
corpora/aigc_detect_bench/images/VQDM/ood_0003328.jpg,1,aigc_detect_bench,VQDM
corpora/aigc_detect_bench/images/VQDM/ood_0003362.jpg,1,aigc_detect_bench,VQDM
corpora/aigc_detect_bench/images/VQDM/ood_0003396.jpg,1,aigc_detect_bench,VQDM
corpora/aigc_detect_bench/images/VQDM/ood_0003430.jpg,1,aigc_detect_bench,VQDM
corpora/aigc_detect_bench/images/VQDM/ood_0003464.jpg,1,aigc_detect_bench,VQDM
corpora/aigc_detect_bench/images/VQDM/ood_0003498.jpg,1,aigc_detect_bench,VQDM
corpora/aigc_detect_bench/images/VQDM/ood_0003532.jpg,1,aigc_detect_bench,VQDM
corpora/aigc_detect_bench/images/VQDM/ood_0003566.jpg,1,aigc_detect_bench,VQDM
corpora/aigc_detect_bench/images/VQDM/ood_0003600.jpg,1,aigc_detect_bench,VQDM
corpora/aigc_detect_bench/images/VQDM/ood_0003634.jpg,1,aigc_detect_bench,VQDM
corpora/aigc_detect_bench/images/VQDM/ood_0003668.jpg,1,aigc_detect_bench,VQDM
corpora/aigc_detect_bench/images/VQDM/ood_0003702.jpg,1,aigc_detect_bench,VQDM
corpora/aigc_detect_bench/images/VQDM/ood_0003736.jpg,1,aigc_detect_bench,VQDM
corpora/aigc_detect_bench/images/VQDM/ood_0003770.jpg,1,aigc_detect_bench,VQDM
corpora/aigc_detect_bench/images/VQDM/ood_0003804.jpg,1,aigc_detect_bench,VQDM
corpora/aigc_detect_bench/images/VQDM/ood_0003838.jpg,1,aigc_detect_bench,VQDM
corpora/aigc_detect_bench/images/VQDM/ood_0003872.jpg,1,aigc_detect_bench,VQDM
corpora/aigc_detect_bench/images/VQDM/ood_0003906.jpg,1,aigc_detect_bench,VQDM
corpora/aigc_detect_bench/images/VQDM/ood_0003940.jpg,1,aigc_detect_bench,VQDM
corpora/aigc_detect_bench/images/VQDM/ood_0003974.jpg,1,aigc_detect_bench,VQDM
corpora/aigc_detect_bench/images/VQDM/ood_0004008.jpg,1,aigc_detect_bench,VQDM
corpora/aigc_detect_bench/images/VQDM/ood_0004042.jpg,1,aigc_detect_bench,VQDM
corpora/aigc_detect_bench/images/VQDM/ood_0004076.jpg,1,aigc_detect_bench,VQDM
corpora/aigc_detect_bench/images/VQDM/ood_0004110.jpg,1,aigc_detect_bench,VQDM
corpora/aigc_detect_bench/images/VQDM/ood_0004144.jpg,1,aigc_detect_bench,VQDM
corpora/aigc_detect_bench/images/VQDM/ood_0004178.jpg,1,aigc_detect_bench,VQDM
corpora/aigc_detect_bench/images/VQDM/ood_0004212.jpg,1,aigc_detect_bench,VQDM
corpora/aigc_detect_bench/images/VQDM/ood_0004246.jpg,1,aigc_detect_bench,VQDM
corpora/aigc_detect_bench/images/VQDM/ood_0004280.jpg,1,aigc_detect_bench,VQDM
corpora/aigc_detect_bench/images/VQDM/ood_0004314.jpg,1,aigc_detect_bench,VQDM
corpora/aigc_detect_bench/images/VQDM/ood_0004348.jpg,1,aigc_detect_bench,VQDM
corpora/aigc_detect_bench/images/VQDM/ood_0004382.jpg,1,aigc_detect_bench,VQDM
corpora/aigc_detect_bench/images/VQDM/ood_0004416.jpg,1,aigc_detect_bench,VQDM
corpora/aigc_detect_bench/images/VQDM/ood_0004450.jpg,1,aigc_detect_bench,VQDM
corpora/aigc_detect_bench/images/VQDM/ood_0004484.jpg,1,aigc_detect_bench,VQDM
corpora/aigc_detect_bench/images/VQDM/ood_0004518.jpg,1,aigc_detect_bench,VQDM
corpora/aigc_detect_bench/images/VQDM/ood_0004552.jpg,1,aigc_detect_bench,VQDM
corpora/aigc_detect_bench/images/VQDM/ood_0004586.jpg,1,aigc_detect_bench,VQDM
corpora/aigc_detect_bench/images/VQDM/ood_0004620.jpg,1,aigc_detect_bench,VQDM
corpora/aigc_detect_bench/images/VQDM/ood_0004654.jpg,1,aigc_detect_bench,VQDM
corpora/aigc_detect_bench/images/VQDM/ood_0004688.jpg,1,aigc_detect_bench,VQDM
corpora/aigc_detect_bench/images/VQDM/ood_0004722.jpg,1,aigc_detect_bench,VQDM
corpora/aigc_detect_bench/images/VQDM/ood_0004756.jpg,1,aigc_detect_bench,VQDM
corpora/aigc_detect_bench/images/VQDM/ood_0004790.jpg,1,aigc_detect_bench,VQDM
corpora/aigc_detect_bench/images/VQDM/ood_0004824.jpg,1,aigc_detect_bench,VQDM
corpora/aigc_detect_bench/images/VQDM/ood_0004858.jpg,1,aigc_detect_bench,VQDM
corpora/aigc_detect_bench/images/VQDM/ood_0004892.jpg,1,aigc_detect_bench,VQDM
corpora/aigc_detect_bench/images/VQDM/ood_0004926.jpg,1,aigc_detect_bench,VQDM
corpora/aigc_detect_bench/images/VQDM/ood_0004960.jpg,1,aigc_detect_bench,VQDM
corpora/aigc_detect_bench/images/VQDM/ood_0004994.jpg,1,aigc_detect_bench,VQDM
corpora/aigc_detect_bench/images/VQDM/ood_0005028.jpg,1,aigc_detect_bench,VQDM
corpora/aigc_detect_bench/images/VQDM/ood_0005062.jpg,1,aigc_detect_bench,VQDM
corpora/aigc_detect_bench/images/VQDM/ood_0005096.jpg,1,aigc_detect_bench,VQDM
corpora/aigc_detect_bench/images/VQDM/ood_0005130.jpg,1,aigc_detect_bench,VQDM
corpora/aigc_detect_bench/images/VQDM/ood_0005164.jpg,1,aigc_detect_bench,VQDM
corpora/aigc_detect_bench/images/VQDM/ood_0005198.jpg,1,aigc_detect_bench,VQDM
corpora/aigc_detect_bench/images/VQDM/ood_0005232.jpg,1,aigc_detect_bench,VQDM
corpora/aigc_detect_bench/images/VQDM/ood_0005266.jpg,1,aigc_detect_bench,VQDM
corpora/aigc_detect_bench/images/VQDM/ood_0005300.jpg,1,aigc_detect_bench,VQDM
corpora/aigc_detect_bench/images/VQDM/ood_0005334.jpg,1,aigc_detect_bench,VQDM
corpora/aigc_detect_bench/images/VQDM/ood_0005368.jpg,1,aigc_detect_bench,VQDM
corpora/aigc_detect_bench/images/VQDM/ood_0005402.jpg,1,aigc_detect_bench,VQDM
corpora/aigc_detect_bench/images/VQDM/ood_0005436.jpg,1,aigc_detect_bench,VQDM
corpora/aigc_detect_bench/images/VQDM/ood_0005470.jpg,1,aigc_detect_bench,VQDM
corpora/aigc_detect_bench/images/VQDM/ood_0005504.jpg,1,aigc_detect_bench,VQDM
corpora/aigc_detect_bench/images/VQDM/ood_0005538.jpg,1,aigc_detect_bench,VQDM
corpora/aigc_detect_bench/images/VQDM/ood_0005572.jpg,1,aigc_detect_bench,VQDM
corpora/aigc_detect_bench/images/VQDM/ood_0005606.jpg,1,aigc_detect_bench,VQDM
corpora/aigc_detect_bench/images/VQDM/ood_0005640.jpg,1,aigc_detect_bench,VQDM
corpora/aigc_detect_bench/images/VQDM/ood_0005674.jpg,1,aigc_detect_bench,VQDM
corpora/aigc_detect_bench/images/VQDM/ood_0005708.jpg,1,aigc_detect_bench,VQDM
corpora/aigc_detect_bench/images/VQDM/ood_0005742.jpg,1,aigc_detect_bench,VQDM
corpora/aigc_detect_bench/images/VQDM/ood_0005776.jpg,1,aigc_detect_bench,VQDM
corpora/aigc_detect_bench/images/VQDM/ood_0005810.jpg,1,aigc_detect_bench,VQDM
corpora/aigc_detect_bench/images/VQDM/ood_0005844.jpg,1,aigc_detect_bench,VQDM
corpora/aigc_detect_bench/images/VQDM/ood_0005878.jpg,1,aigc_detect_bench,VQDM
corpora/aigc_detect_bench/images/VQDM/ood_0005912.jpg,1,aigc_detect_bench,VQDM
corpora/aigc_detect_bench/images/VQDM/ood_0005946.jpg,1,aigc_detect_bench,VQDM
corpora/aigc_detect_bench/images/VQDM/ood_0005980.jpg,1,aigc_detect_bench,VQDM
corpora/aigc_detect_bench/images/VQDM/ood_0006014.jpg,1,aigc_detect_bench,VQDM
corpora/aigc_detect_bench/images/VQDM/ood_0006048.jpg,1,aigc_detect_bench,VQDM
corpora/aigc_detect_bench/images/VQDM/ood_0006082.jpg,1,aigc_detect_bench,VQDM
corpora/aigc_detect_bench/images/VQDM/ood_0006116.jpg,1,aigc_detect_bench,VQDM
corpora/aigc_detect_bench/images/VQDM/ood_0006150.jpg,1,aigc_detect_bench,VQDM
corpora/aigc_detect_bench/images/VQDM/ood_0006184.jpg,1,aigc_detect_bench,VQDM
corpora/aigc_detect_bench/images/VQDM/ood_0006218.jpg,1,aigc_detect_bench,VQDM
corpora/aigc_detect_bench/images/VQDM/ood_0006252.jpg,1,aigc_detect_bench,VQDM
corpora/aigc_detect_bench/images/VQDM/ood_0006286.jpg,1,aigc_detect_bench,VQDM
corpora/aigc_detect_bench/images/VQDM/ood_0006320.jpg,1,aigc_detect_bench,VQDM
corpora/aigc_detect_bench/images/VQDM/ood_0006354.jpg,1,aigc_detect_bench,VQDM
corpora/aigc_detect_bench/images/VQDM/ood_0006388.jpg,1,aigc_detect_bench,VQDM
corpora/aigc_detect_bench/images/VQDM/ood_0006422.jpg,1,aigc_detect_bench,VQDM
corpora/aigc_detect_bench/images/VQDM/ood_0006456.jpg,1,aigc_detect_bench,VQDM
corpora/aigc_detect_bench/images/VQDM/ood_0006490.jpg,1,aigc_detect_bench,VQDM
corpora/aigc_detect_bench/images/VQDM/ood_0006524.jpg,1,aigc_detect_bench,VQDM
corpora/aigc_detect_bench/images/VQDM/ood_0006558.jpg,1,aigc_detect_bench,VQDM
corpora/aigc_detect_bench/images/VQDM/ood_0006592.jpg,1,aigc_detect_bench,VQDM
corpora/aigc_detect_bench/images/VQDM/ood_0006626.jpg,1,aigc_detect_bench,VQDM
corpora/aigc_detect_bench/images/VQDM/ood_0006660.jpg,1,aigc_detect_bench,VQDM
corpora/aigc_detect_bench/images/VQDM/ood_0006694.jpg,1,aigc_detect_bench,VQDM
corpora/aigc_detect_bench/images/VQDM/ood_0006728.jpg,1,aigc_detect_bench,VQDM
corpora/aigc_detect_bench/images/VQDM/ood_0006762.jpg,1,aigc_detect_bench,VQDM
corpora/aigc_detect_bench/images/VQDM/ood_0006796.jpg,1,aigc_detect_bench,VQDM
corpora/aigc_detect_bench/images/VQDM/ood_0006828.jpg,1,aigc_detect_bench,VQDM
corpora/aigc_detect_bench/images/VQDM/ood_0006860.jpg,1,aigc_detect_bench,VQDM
corpora/aigc_detect_bench/images/VQDM/ood_0006892.jpg,1,aigc_detect_bench,VQDM
corpora/aigc_detect_bench/images/VQDM/ood_0006924.jpg,1,aigc_detect_bench,VQDM
corpora/aigc_detect_bench/images/VQDM/ood_0006956.jpg,1,aigc_detect_bench,VQDM
corpora/aigc_detect_bench/images/VQDM/ood_0006988.jpg,1,aigc_detect_bench,VQDM
corpora/aigc_detect_bench/images/VQDM/ood_0007020.jpg,1,aigc_detect_bench,VQDM
corpora/aigc_detect_bench/images/VQDM/ood_0007052.jpg,1,aigc_detect_bench,VQDM
corpora/aigc_detect_bench/images/VQDM/ood_0007084.jpg,1,aigc_detect_bench,VQDM
corpora/aigc_detect_bench/images/VQDM/ood_0007116.jpg,1,aigc_detect_bench,VQDM
corpora/aigc_detect_bench/images/VQDM/ood_0007148.jpg,1,aigc_detect_bench,VQDM
corpora/aigc_detect_bench/images/VQDM/ood_0007180.jpg,1,aigc_detect_bench,VQDM
corpora/aigc_detect_bench/images/VQDM/ood_0007212.jpg,1,aigc_detect_bench,VQDM
corpora/aigc_detect_bench/images/VQDM/ood_0007244.jpg,1,aigc_detect_bench,VQDM
corpora/aigc_detect_bench/images/VQDM/ood_0007276.jpg,1,aigc_detect_bench,VQDM
corpora/aigc_detect_bench/images/VQDM/ood_0007308.jpg,1,aigc_detect_bench,VQDM
corpora/aigc_detect_bench/images/VQDM/ood_0007340.jpg,1,aigc_detect_bench,VQDM
corpora/aigc_detect_bench/images/VQDM/ood_0007372.jpg,1,aigc_detect_bench,VQDM
corpora/aigc_detect_bench/images/VQDM/ood_0007404.jpg,1,aigc_detect_bench,VQDM
corpora/aigc_detect_bench/images/VQDM/ood_0007436.jpg,1,aigc_detect_bench,VQDM
corpora/aigc_detect_bench/images/VQDM/ood_0007468.jpg,1,aigc_detect_bench,VQDM
corpora/aigc_detect_bench/images/VQDM/ood_0007500.jpg,1,aigc_detect_bench,VQDM
corpora/aigc_detect_bench/images/VQDM/ood_0007532.jpg,1,aigc_detect_bench,VQDM
corpora/aigc_detect_bench/images/VQDM/ood_0007564.jpg,1,aigc_detect_bench,VQDM
corpora/aigc_detect_bench/images/VQDM/ood_0007596.jpg,1,aigc_detect_bench,VQDM
corpora/aigc_detect_bench/images/VQDM/ood_0007628.jpg,1,aigc_detect_bench,VQDM
corpora/aigc_detect_bench/images/VQDM/ood_0007660.jpg,1,aigc_detect_bench,VQDM
corpora/aigc_detect_bench/images/VQDM/ood_0007692.jpg,1,aigc_detect_bench,VQDM
corpora/aigc_detect_bench/images/VQDM/ood_0007724.jpg,1,aigc_detect_bench,VQDM
corpora/aigc_detect_bench/images/VQDM/ood_0007756.jpg,1,aigc_detect_bench,VQDM
corpora/aigc_detect_bench/images/VQDM/ood_0007788.jpg,1,aigc_detect_bench,VQDM
corpora/aigc_detect_bench/images/VQDM/ood_0007820.jpg,1,aigc_detect_bench,VQDM
corpora/aigc_detect_bench/images/VQDM/ood_0007852.jpg,1,aigc_detect_bench,VQDM
corpora/aigc_detect_bench/images/VQDM/ood_0007884.jpg,1,aigc_detect_bench,VQDM
corpora/aigc_detect_bench/images/VQDM/ood_0007916.jpg,1,aigc_detect_bench,VQDM
corpora/aigc_detect_bench/images/VQDM/ood_0007948.jpg,1,aigc_detect_bench,VQDM
corpora/aigc_detect_bench/images/VQDM/ood_0007980.jpg,1,aigc_detect_bench,VQDM
corpora/aigc_detect_bench/images/VQDM/ood_0008012.jpg,1,aigc_detect_bench,VQDM
corpora/aigc_detect_bench/images/VQDM/ood_0008044.jpg,1,aigc_detect_bench,VQDM
corpora/aigc_detect_bench/images/VQDM/ood_0008076.jpg,1,aigc_detect_bench,VQDM
corpora/aigc_detect_bench/images/VQDM/ood_0008108.jpg,1,aigc_detect_bench,VQDM
corpora/aigc_detect_bench/images/VQDM/ood_0008140.jpg,1,aigc_detect_bench,VQDM
corpora/aigc_detect_bench/images/VQDM/ood_0008172.jpg,1,aigc_detect_bench,VQDM
corpora/aigc_detect_bench/images/VQDM/ood_0008204.jpg,1,aigc_detect_bench,VQDM
corpora/aigc_detect_bench/images/VQDM/ood_0008236.jpg,1,aigc_detect_bench,VQDM
corpora/aigc_detect_bench/images/VQDM/ood_0008268.jpg,1,aigc_detect_bench,VQDM
corpora/aigc_detect_bench/images/VQDM/ood_0008300.jpg,1,aigc_detect_bench,VQDM
corpora/aigc_detect_bench/images/VQDM/ood_0008332.jpg,1,aigc_detect_bench,VQDM
corpora/aigc_detect_bench/images/VQDM/ood_0008364.jpg,1,aigc_detect_bench,VQDM
corpora/aigc_detect_bench/images/VQDM/ood_0008396.jpg,1,aigc_detect_bench,VQDM
corpora/aigc_detect_bench/images/WhichFaceIsReal/ood_0000032.jpg,1,aigc_detect_bench,WhichFaceIsReal
corpora/aigc_detect_bench/images/WhichFaceIsReal/ood_0000066.jpg,1,aigc_detect_bench,WhichFaceIsReal
corpora/aigc_detect_bench/images/WhichFaceIsReal/ood_0000100.jpg,1,aigc_detect_bench,WhichFaceIsReal
corpora/aigc_detect_bench/images/WhichFaceIsReal/ood_0000134.jpg,1,aigc_detect_bench,WhichFaceIsReal
corpora/aigc_detect_bench/images/WhichFaceIsReal/ood_0000168.jpg,1,aigc_detect_bench,WhichFaceIsReal
corpora/aigc_detect_bench/images/WhichFaceIsReal/ood_0000202.jpg,1,aigc_detect_bench,WhichFaceIsReal
corpora/aigc_detect_bench/images/WhichFaceIsReal/ood_0000236.jpg,1,aigc_detect_bench,WhichFaceIsReal
corpora/aigc_detect_bench/images/WhichFaceIsReal/ood_0000270.jpg,1,aigc_detect_bench,WhichFaceIsReal
corpora/aigc_detect_bench/images/WhichFaceIsReal/ood_0000304.jpg,1,aigc_detect_bench,WhichFaceIsReal
corpora/aigc_detect_bench/images/WhichFaceIsReal/ood_0000338.jpg,1,aigc_detect_bench,WhichFaceIsReal
corpora/aigc_detect_bench/images/WhichFaceIsReal/ood_0000372.jpg,1,aigc_detect_bench,WhichFaceIsReal
corpora/aigc_detect_bench/images/WhichFaceIsReal/ood_0000406.jpg,1,aigc_detect_bench,WhichFaceIsReal
corpora/aigc_detect_bench/images/WhichFaceIsReal/ood_0000440.jpg,1,aigc_detect_bench,WhichFaceIsReal
corpora/aigc_detect_bench/images/WhichFaceIsReal/ood_0000474.jpg,1,aigc_detect_bench,WhichFaceIsReal
corpora/aigc_detect_bench/images/WhichFaceIsReal/ood_0000508.jpg,1,aigc_detect_bench,WhichFaceIsReal
corpora/aigc_detect_bench/images/WhichFaceIsReal/ood_0000542.jpg,1,aigc_detect_bench,WhichFaceIsReal
corpora/aigc_detect_bench/images/WhichFaceIsReal/ood_0000576.jpg,1,aigc_detect_bench,WhichFaceIsReal
corpora/aigc_detect_bench/images/WhichFaceIsReal/ood_0000610.jpg,1,aigc_detect_bench,WhichFaceIsReal
corpora/aigc_detect_bench/images/WhichFaceIsReal/ood_0000644.jpg,1,aigc_detect_bench,WhichFaceIsReal
corpora/aigc_detect_bench/images/WhichFaceIsReal/ood_0000678.jpg,1,aigc_detect_bench,WhichFaceIsReal
corpora/aigc_detect_bench/images/WhichFaceIsReal/ood_0000712.jpg,1,aigc_detect_bench,WhichFaceIsReal
corpora/aigc_detect_bench/images/WhichFaceIsReal/ood_0000746.jpg,1,aigc_detect_bench,WhichFaceIsReal
corpora/aigc_detect_bench/images/WhichFaceIsReal/ood_0000780.jpg,1,aigc_detect_bench,WhichFaceIsReal
corpora/aigc_detect_bench/images/WhichFaceIsReal/ood_0000814.jpg,1,aigc_detect_bench,WhichFaceIsReal
corpora/aigc_detect_bench/images/WhichFaceIsReal/ood_0000848.jpg,1,aigc_detect_bench,WhichFaceIsReal
corpora/aigc_detect_bench/images/WhichFaceIsReal/ood_0000882.jpg,1,aigc_detect_bench,WhichFaceIsReal
corpora/aigc_detect_bench/images/WhichFaceIsReal/ood_0000916.jpg,1,aigc_detect_bench,WhichFaceIsReal
corpora/aigc_detect_bench/images/WhichFaceIsReal/ood_0000950.jpg,1,aigc_detect_bench,WhichFaceIsReal
corpora/aigc_detect_bench/images/WhichFaceIsReal/ood_0000984.jpg,1,aigc_detect_bench,WhichFaceIsReal
corpora/aigc_detect_bench/images/WhichFaceIsReal/ood_0001018.jpg,1,aigc_detect_bench,WhichFaceIsReal
corpora/aigc_detect_bench/images/WhichFaceIsReal/ood_0001052.jpg,1,aigc_detect_bench,WhichFaceIsReal
corpora/aigc_detect_bench/images/WhichFaceIsReal/ood_0001086.jpg,1,aigc_detect_bench,WhichFaceIsReal
corpora/aigc_detect_bench/images/WhichFaceIsReal/ood_0001120.jpg,1,aigc_detect_bench,WhichFaceIsReal
corpora/aigc_detect_bench/images/WhichFaceIsReal/ood_0001154.jpg,1,aigc_detect_bench,WhichFaceIsReal
corpora/aigc_detect_bench/images/WhichFaceIsReal/ood_0001188.jpg,1,aigc_detect_bench,WhichFaceIsReal
corpora/aigc_detect_bench/images/WhichFaceIsReal/ood_0001222.jpg,1,aigc_detect_bench,WhichFaceIsReal
corpora/aigc_detect_bench/images/WhichFaceIsReal/ood_0001256.jpg,1,aigc_detect_bench,WhichFaceIsReal
corpora/aigc_detect_bench/images/WhichFaceIsReal/ood_0001290.jpg,1,aigc_detect_bench,WhichFaceIsReal
corpora/aigc_detect_bench/images/WhichFaceIsReal/ood_0001324.jpg,1,aigc_detect_bench,WhichFaceIsReal
corpora/aigc_detect_bench/images/WhichFaceIsReal/ood_0001358.jpg,1,aigc_detect_bench,WhichFaceIsReal
corpora/aigc_detect_bench/images/WhichFaceIsReal/ood_0001392.jpg,1,aigc_detect_bench,WhichFaceIsReal
corpora/aigc_detect_bench/images/WhichFaceIsReal/ood_0001426.jpg,1,aigc_detect_bench,WhichFaceIsReal
corpora/aigc_detect_bench/images/WhichFaceIsReal/ood_0001460.jpg,1,aigc_detect_bench,WhichFaceIsReal
corpora/aigc_detect_bench/images/WhichFaceIsReal/ood_0001494.jpg,1,aigc_detect_bench,WhichFaceIsReal
corpora/aigc_detect_bench/images/WhichFaceIsReal/ood_0001528.jpg,1,aigc_detect_bench,WhichFaceIsReal
corpora/aigc_detect_bench/images/WhichFaceIsReal/ood_0001562.jpg,1,aigc_detect_bench,WhichFaceIsReal
corpora/aigc_detect_bench/images/WhichFaceIsReal/ood_0001596.jpg,1,aigc_detect_bench,WhichFaceIsReal
corpora/aigc_detect_bench/images/WhichFaceIsReal/ood_0001630.jpg,1,aigc_detect_bench,WhichFaceIsReal
corpora/aigc_detect_bench/images/WhichFaceIsReal/ood_0001664.jpg,1,aigc_detect_bench,WhichFaceIsReal
corpora/aigc_detect_bench/images/WhichFaceIsReal/ood_0001698.jpg,1,aigc_detect_bench,WhichFaceIsReal
corpora/aigc_detect_bench/images/WhichFaceIsReal/ood_0001732.jpg,1,aigc_detect_bench,WhichFaceIsReal
corpora/aigc_detect_bench/images/WhichFaceIsReal/ood_0001766.jpg,1,aigc_detect_bench,WhichFaceIsReal
corpora/aigc_detect_bench/images/WhichFaceIsReal/ood_0001800.jpg,1,aigc_detect_bench,WhichFaceIsReal
corpora/aigc_detect_bench/images/WhichFaceIsReal/ood_0001834.jpg,1,aigc_detect_bench,WhichFaceIsReal
corpora/aigc_detect_bench/images/WhichFaceIsReal/ood_0001868.jpg,1,aigc_detect_bench,WhichFaceIsReal
corpora/aigc_detect_bench/images/WhichFaceIsReal/ood_0001902.jpg,1,aigc_detect_bench,WhichFaceIsReal
corpora/aigc_detect_bench/images/WhichFaceIsReal/ood_0001936.jpg,1,aigc_detect_bench,WhichFaceIsReal
corpora/aigc_detect_bench/images/WhichFaceIsReal/ood_0001970.jpg,1,aigc_detect_bench,WhichFaceIsReal
corpora/aigc_detect_bench/images/WhichFaceIsReal/ood_0002004.jpg,1,aigc_detect_bench,WhichFaceIsReal
corpora/aigc_detect_bench/images/WhichFaceIsReal/ood_0002038.jpg,1,aigc_detect_bench,WhichFaceIsReal
corpora/aigc_detect_bench/images/WhichFaceIsReal/ood_0002072.jpg,1,aigc_detect_bench,WhichFaceIsReal
corpora/aigc_detect_bench/images/WhichFaceIsReal/ood_0002106.jpg,1,aigc_detect_bench,WhichFaceIsReal
corpora/aigc_detect_bench/images/WhichFaceIsReal/ood_0002140.jpg,1,aigc_detect_bench,WhichFaceIsReal
corpora/aigc_detect_bench/images/WhichFaceIsReal/ood_0002174.jpg,1,aigc_detect_bench,WhichFaceIsReal
corpora/aigc_detect_bench/images/WhichFaceIsReal/ood_0002208.jpg,1,aigc_detect_bench,WhichFaceIsReal
corpora/aigc_detect_bench/images/WhichFaceIsReal/ood_0002242.jpg,1,aigc_detect_bench,WhichFaceIsReal
corpora/aigc_detect_bench/images/WhichFaceIsReal/ood_0002276.jpg,1,aigc_detect_bench,WhichFaceIsReal
corpora/aigc_detect_bench/images/WhichFaceIsReal/ood_0002310.jpg,1,aigc_detect_bench,WhichFaceIsReal
corpora/aigc_detect_bench/images/WhichFaceIsReal/ood_0002344.jpg,1,aigc_detect_bench,WhichFaceIsReal
corpora/aigc_detect_bench/images/WhichFaceIsReal/ood_0002378.jpg,1,aigc_detect_bench,WhichFaceIsReal
corpora/aigc_detect_bench/images/WhichFaceIsReal/ood_0002412.jpg,1,aigc_detect_bench,WhichFaceIsReal
corpora/aigc_detect_bench/images/WhichFaceIsReal/ood_0002446.jpg,1,aigc_detect_bench,WhichFaceIsReal
corpora/aigc_detect_bench/images/WhichFaceIsReal/ood_0002480.jpg,1,aigc_detect_bench,WhichFaceIsReal
corpora/aigc_detect_bench/images/WhichFaceIsReal/ood_0002514.jpg,1,aigc_detect_bench,WhichFaceIsReal
corpora/aigc_detect_bench/images/WhichFaceIsReal/ood_0002548.jpg,1,aigc_detect_bench,WhichFaceIsReal
corpora/aigc_detect_bench/images/WhichFaceIsReal/ood_0002582.jpg,1,aigc_detect_bench,WhichFaceIsReal
corpora/aigc_detect_bench/images/WhichFaceIsReal/ood_0002616.jpg,1,aigc_detect_bench,WhichFaceIsReal
corpora/aigc_detect_bench/images/WhichFaceIsReal/ood_0002650.jpg,1,aigc_detect_bench,WhichFaceIsReal
corpora/aigc_detect_bench/images/WhichFaceIsReal/ood_0002684.jpg,1,aigc_detect_bench,WhichFaceIsReal
corpora/aigc_detect_bench/images/WhichFaceIsReal/ood_0002718.jpg,1,aigc_detect_bench,WhichFaceIsReal
corpora/aigc_detect_bench/images/WhichFaceIsReal/ood_0002752.jpg,1,aigc_detect_bench,WhichFaceIsReal
corpora/aigc_detect_bench/images/WhichFaceIsReal/ood_0002786.jpg,1,aigc_detect_bench,WhichFaceIsReal
corpora/aigc_detect_bench/images/WhichFaceIsReal/ood_0002820.jpg,1,aigc_detect_bench,WhichFaceIsReal
corpora/aigc_detect_bench/images/WhichFaceIsReal/ood_0002854.jpg,1,aigc_detect_bench,WhichFaceIsReal
corpora/aigc_detect_bench/images/WhichFaceIsReal/ood_0002888.jpg,1,aigc_detect_bench,WhichFaceIsReal
corpora/aigc_detect_bench/images/WhichFaceIsReal/ood_0002922.jpg,1,aigc_detect_bench,WhichFaceIsReal
corpora/aigc_detect_bench/images/WhichFaceIsReal/ood_0002956.jpg,1,aigc_detect_bench,WhichFaceIsReal
corpora/aigc_detect_bench/images/WhichFaceIsReal/ood_0002990.jpg,1,aigc_detect_bench,WhichFaceIsReal
corpora/aigc_detect_bench/images/WhichFaceIsReal/ood_0003024.jpg,1,aigc_detect_bench,WhichFaceIsReal
corpora/aigc_detect_bench/images/WhichFaceIsReal/ood_0003058.jpg,1,aigc_detect_bench,WhichFaceIsReal
corpora/aigc_detect_bench/images/WhichFaceIsReal/ood_0003092.jpg,1,aigc_detect_bench,WhichFaceIsReal
corpora/aigc_detect_bench/images/WhichFaceIsReal/ood_0003126.jpg,1,aigc_detect_bench,WhichFaceIsReal
corpora/aigc_detect_bench/images/WhichFaceIsReal/ood_0003160.jpg,1,aigc_detect_bench,WhichFaceIsReal
corpora/aigc_detect_bench/images/WhichFaceIsReal/ood_0003194.jpg,1,aigc_detect_bench,WhichFaceIsReal
corpora/aigc_detect_bench/images/WhichFaceIsReal/ood_0003228.jpg,1,aigc_detect_bench,WhichFaceIsReal
corpora/aigc_detect_bench/images/WhichFaceIsReal/ood_0003262.jpg,1,aigc_detect_bench,WhichFaceIsReal
corpora/aigc_detect_bench/images/WhichFaceIsReal/ood_0003296.jpg,1,aigc_detect_bench,WhichFaceIsReal
corpora/aigc_detect_bench/images/WhichFaceIsReal/ood_0003330.jpg,1,aigc_detect_bench,WhichFaceIsReal
corpora/aigc_detect_bench/images/WhichFaceIsReal/ood_0003364.jpg,1,aigc_detect_bench,WhichFaceIsReal
corpora/aigc_detect_bench/images/WhichFaceIsReal/ood_0003398.jpg,1,aigc_detect_bench,WhichFaceIsReal
corpora/aigc_detect_bench/images/WhichFaceIsReal/ood_0003432.jpg,1,aigc_detect_bench,WhichFaceIsReal
corpora/aigc_detect_bench/images/WhichFaceIsReal/ood_0003466.jpg,1,aigc_detect_bench,WhichFaceIsReal
corpora/aigc_detect_bench/images/WhichFaceIsReal/ood_0003500.jpg,1,aigc_detect_bench,WhichFaceIsReal
corpora/aigc_detect_bench/images/WhichFaceIsReal/ood_0003534.jpg,1,aigc_detect_bench,WhichFaceIsReal
corpora/aigc_detect_bench/images/WhichFaceIsReal/ood_0003568.jpg,1,aigc_detect_bench,WhichFaceIsReal
corpora/aigc_detect_bench/images/WhichFaceIsReal/ood_0003602.jpg,1,aigc_detect_bench,WhichFaceIsReal
corpora/aigc_detect_bench/images/WhichFaceIsReal/ood_0003636.jpg,1,aigc_detect_bench,WhichFaceIsReal
corpora/aigc_detect_bench/images/WhichFaceIsReal/ood_0003670.jpg,1,aigc_detect_bench,WhichFaceIsReal
corpora/aigc_detect_bench/images/WhichFaceIsReal/ood_0003704.jpg,1,aigc_detect_bench,WhichFaceIsReal
corpora/aigc_detect_bench/images/WhichFaceIsReal/ood_0003738.jpg,1,aigc_detect_bench,WhichFaceIsReal
corpora/aigc_detect_bench/images/WhichFaceIsReal/ood_0003772.jpg,1,aigc_detect_bench,WhichFaceIsReal
corpora/aigc_detect_bench/images/WhichFaceIsReal/ood_0003806.jpg,1,aigc_detect_bench,WhichFaceIsReal
corpora/aigc_detect_bench/images/WhichFaceIsReal/ood_0003840.jpg,1,aigc_detect_bench,WhichFaceIsReal
corpora/aigc_detect_bench/images/WhichFaceIsReal/ood_0003874.jpg,1,aigc_detect_bench,WhichFaceIsReal
corpora/aigc_detect_bench/images/WhichFaceIsReal/ood_0003908.jpg,1,aigc_detect_bench,WhichFaceIsReal
corpora/aigc_detect_bench/images/WhichFaceIsReal/ood_0003942.jpg,1,aigc_detect_bench,WhichFaceIsReal
corpora/aigc_detect_bench/images/WhichFaceIsReal/ood_0003976.jpg,1,aigc_detect_bench,WhichFaceIsReal
corpora/aigc_detect_bench/images/WhichFaceIsReal/ood_0004010.jpg,1,aigc_detect_bench,WhichFaceIsReal
corpora/aigc_detect_bench/images/WhichFaceIsReal/ood_0004044.jpg,1,aigc_detect_bench,WhichFaceIsReal
corpora/aigc_detect_bench/images/WhichFaceIsReal/ood_0004078.jpg,1,aigc_detect_bench,WhichFaceIsReal
corpora/aigc_detect_bench/images/WhichFaceIsReal/ood_0004112.jpg,1,aigc_detect_bench,WhichFaceIsReal
corpora/aigc_detect_bench/images/WhichFaceIsReal/ood_0004146.jpg,1,aigc_detect_bench,WhichFaceIsReal
corpora/aigc_detect_bench/images/WhichFaceIsReal/ood_0004180.jpg,1,aigc_detect_bench,WhichFaceIsReal
corpora/aigc_detect_bench/images/WhichFaceIsReal/ood_0004214.jpg,1,aigc_detect_bench,WhichFaceIsReal
corpora/aigc_detect_bench/images/WhichFaceIsReal/ood_0004248.jpg,1,aigc_detect_bench,WhichFaceIsReal
corpora/aigc_detect_bench/images/WhichFaceIsReal/ood_0004282.jpg,1,aigc_detect_bench,WhichFaceIsReal
corpora/aigc_detect_bench/images/WhichFaceIsReal/ood_0004316.jpg,1,aigc_detect_bench,WhichFaceIsReal
corpora/aigc_detect_bench/images/WhichFaceIsReal/ood_0004350.jpg,1,aigc_detect_bench,WhichFaceIsReal
corpora/aigc_detect_bench/images/WhichFaceIsReal/ood_0004384.jpg,1,aigc_detect_bench,WhichFaceIsReal
corpora/aigc_detect_bench/images/WhichFaceIsReal/ood_0004418.jpg,1,aigc_detect_bench,WhichFaceIsReal
corpora/aigc_detect_bench/images/WhichFaceIsReal/ood_0004452.jpg,1,aigc_detect_bench,WhichFaceIsReal
corpora/aigc_detect_bench/images/WhichFaceIsReal/ood_0004486.jpg,1,aigc_detect_bench,WhichFaceIsReal
corpora/aigc_detect_bench/images/WhichFaceIsReal/ood_0004520.jpg,1,aigc_detect_bench,WhichFaceIsReal
corpora/aigc_detect_bench/images/WhichFaceIsReal/ood_0004554.jpg,1,aigc_detect_bench,WhichFaceIsReal
corpora/aigc_detect_bench/images/WhichFaceIsReal/ood_0004588.jpg,1,aigc_detect_bench,WhichFaceIsReal
corpora/aigc_detect_bench/images/WhichFaceIsReal/ood_0004622.jpg,1,aigc_detect_bench,WhichFaceIsReal
corpora/aigc_detect_bench/images/WhichFaceIsReal/ood_0004656.jpg,1,aigc_detect_bench,WhichFaceIsReal
corpora/aigc_detect_bench/images/WhichFaceIsReal/ood_0004690.jpg,1,aigc_detect_bench,WhichFaceIsReal
corpora/aigc_detect_bench/images/WhichFaceIsReal/ood_0004724.jpg,1,aigc_detect_bench,WhichFaceIsReal
corpora/aigc_detect_bench/images/WhichFaceIsReal/ood_0004758.jpg,1,aigc_detect_bench,WhichFaceIsReal
corpora/aigc_detect_bench/images/WhichFaceIsReal/ood_0004792.jpg,1,aigc_detect_bench,WhichFaceIsReal
corpora/aigc_detect_bench/images/WhichFaceIsReal/ood_0004826.jpg,1,aigc_detect_bench,WhichFaceIsReal
corpora/aigc_detect_bench/images/WhichFaceIsReal/ood_0004860.jpg,1,aigc_detect_bench,WhichFaceIsReal
corpora/aigc_detect_bench/images/WhichFaceIsReal/ood_0004894.jpg,1,aigc_detect_bench,WhichFaceIsReal
corpora/aigc_detect_bench/images/WhichFaceIsReal/ood_0004928.jpg,1,aigc_detect_bench,WhichFaceIsReal
corpora/aigc_detect_bench/images/WhichFaceIsReal/ood_0004962.jpg,1,aigc_detect_bench,WhichFaceIsReal
corpora/aigc_detect_bench/images/WhichFaceIsReal/ood_0004996.jpg,1,aigc_detect_bench,WhichFaceIsReal
corpora/aigc_detect_bench/images/WhichFaceIsReal/ood_0005030.jpg,1,aigc_detect_bench,WhichFaceIsReal
corpora/aigc_detect_bench/images/WhichFaceIsReal/ood_0005064.jpg,1,aigc_detect_bench,WhichFaceIsReal
corpora/aigc_detect_bench/images/WhichFaceIsReal/ood_0005098.jpg,1,aigc_detect_bench,WhichFaceIsReal
corpora/aigc_detect_bench/images/WhichFaceIsReal/ood_0005132.jpg,1,aigc_detect_bench,WhichFaceIsReal
corpora/aigc_detect_bench/images/WhichFaceIsReal/ood_0005166.jpg,1,aigc_detect_bench,WhichFaceIsReal
corpora/aigc_detect_bench/images/WhichFaceIsReal/ood_0005200.jpg,1,aigc_detect_bench,WhichFaceIsReal
corpora/aigc_detect_bench/images/WhichFaceIsReal/ood_0005234.jpg,1,aigc_detect_bench,WhichFaceIsReal
corpora/aigc_detect_bench/images/WhichFaceIsReal/ood_0005268.jpg,1,aigc_detect_bench,WhichFaceIsReal
corpora/aigc_detect_bench/images/WhichFaceIsReal/ood_0005302.jpg,1,aigc_detect_bench,WhichFaceIsReal
corpora/aigc_detect_bench/images/WhichFaceIsReal/ood_0005336.jpg,1,aigc_detect_bench,WhichFaceIsReal
corpora/aigc_detect_bench/images/WhichFaceIsReal/ood_0005370.jpg,1,aigc_detect_bench,WhichFaceIsReal
corpora/aigc_detect_bench/images/WhichFaceIsReal/ood_0005404.jpg,1,aigc_detect_bench,WhichFaceIsReal
corpora/aigc_detect_bench/images/WhichFaceIsReal/ood_0005438.jpg,1,aigc_detect_bench,WhichFaceIsReal
corpora/aigc_detect_bench/images/WhichFaceIsReal/ood_0005472.jpg,1,aigc_detect_bench,WhichFaceIsReal
corpora/aigc_detect_bench/images/WhichFaceIsReal/ood_0005506.jpg,1,aigc_detect_bench,WhichFaceIsReal
corpora/aigc_detect_bench/images/WhichFaceIsReal/ood_0005540.jpg,1,aigc_detect_bench,WhichFaceIsReal
corpora/aigc_detect_bench/images/WhichFaceIsReal/ood_0005574.jpg,1,aigc_detect_bench,WhichFaceIsReal
corpora/aigc_detect_bench/images/WhichFaceIsReal/ood_0005608.jpg,1,aigc_detect_bench,WhichFaceIsReal
corpora/aigc_detect_bench/images/WhichFaceIsReal/ood_0005642.jpg,1,aigc_detect_bench,WhichFaceIsReal
corpora/aigc_detect_bench/images/WhichFaceIsReal/ood_0005676.jpg,1,aigc_detect_bench,WhichFaceIsReal
corpora/aigc_detect_bench/images/WhichFaceIsReal/ood_0005710.jpg,1,aigc_detect_bench,WhichFaceIsReal
corpora/aigc_detect_bench/images/WhichFaceIsReal/ood_0005744.jpg,1,aigc_detect_bench,WhichFaceIsReal
corpora/aigc_detect_bench/images/WhichFaceIsReal/ood_0005778.jpg,1,aigc_detect_bench,WhichFaceIsReal
corpora/aigc_detect_bench/images/WhichFaceIsReal/ood_0005812.jpg,1,aigc_detect_bench,WhichFaceIsReal
corpora/aigc_detect_bench/images/WhichFaceIsReal/ood_0005846.jpg,1,aigc_detect_bench,WhichFaceIsReal
corpora/aigc_detect_bench/images/WhichFaceIsReal/ood_0005880.jpg,1,aigc_detect_bench,WhichFaceIsReal
corpora/aigc_detect_bench/images/WhichFaceIsReal/ood_0005914.jpg,1,aigc_detect_bench,WhichFaceIsReal
corpora/aigc_detect_bench/images/WhichFaceIsReal/ood_0005948.jpg,1,aigc_detect_bench,WhichFaceIsReal
corpora/aigc_detect_bench/images/WhichFaceIsReal/ood_0005982.jpg,1,aigc_detect_bench,WhichFaceIsReal
corpora/aigc_detect_bench/images/WhichFaceIsReal/ood_0006016.jpg,1,aigc_detect_bench,WhichFaceIsReal
corpora/aigc_detect_bench/images/WhichFaceIsReal/ood_0006050.jpg,1,aigc_detect_bench,WhichFaceIsReal
corpora/aigc_detect_bench/images/WhichFaceIsReal/ood_0006084.jpg,1,aigc_detect_bench,WhichFaceIsReal
corpora/aigc_detect_bench/images/WhichFaceIsReal/ood_0006118.jpg,1,aigc_detect_bench,WhichFaceIsReal
corpora/aigc_detect_bench/images/WhichFaceIsReal/ood_0006152.jpg,1,aigc_detect_bench,WhichFaceIsReal
corpora/aigc_detect_bench/images/WhichFaceIsReal/ood_0006186.jpg,1,aigc_detect_bench,WhichFaceIsReal
corpora/aigc_detect_bench/images/WhichFaceIsReal/ood_0006220.jpg,1,aigc_detect_bench,WhichFaceIsReal
corpora/aigc_detect_bench/images/WhichFaceIsReal/ood_0006254.jpg,1,aigc_detect_bench,WhichFaceIsReal
corpora/aigc_detect_bench/images/WhichFaceIsReal/ood_0006288.jpg,1,aigc_detect_bench,WhichFaceIsReal
corpora/aigc_detect_bench/images/WhichFaceIsReal/ood_0006322.jpg,1,aigc_detect_bench,WhichFaceIsReal
corpora/aigc_detect_bench/images/WhichFaceIsReal/ood_0006356.jpg,1,aigc_detect_bench,WhichFaceIsReal
corpora/aigc_detect_bench/images/WhichFaceIsReal/ood_0006390.jpg,1,aigc_detect_bench,WhichFaceIsReal
corpora/aigc_detect_bench/images/WhichFaceIsReal/ood_0006424.jpg,1,aigc_detect_bench,WhichFaceIsReal
corpora/aigc_detect_bench/images/WhichFaceIsReal/ood_0006458.jpg,1,aigc_detect_bench,WhichFaceIsReal
corpora/aigc_detect_bench/images/WhichFaceIsReal/ood_0006492.jpg,1,aigc_detect_bench,WhichFaceIsReal
corpora/aigc_detect_bench/images/WhichFaceIsReal/ood_0006526.jpg,1,aigc_detect_bench,WhichFaceIsReal
corpora/aigc_detect_bench/images/WhichFaceIsReal/ood_0006560.jpg,1,aigc_detect_bench,WhichFaceIsReal
corpora/aigc_detect_bench/images/WhichFaceIsReal/ood_0006594.jpg,1,aigc_detect_bench,WhichFaceIsReal
corpora/aigc_detect_bench/images/WhichFaceIsReal/ood_0006628.jpg,1,aigc_detect_bench,WhichFaceIsReal
corpora/aigc_detect_bench/images/WhichFaceIsReal/ood_0006662.jpg,1,aigc_detect_bench,WhichFaceIsReal
corpora/aigc_detect_bench/images/WhichFaceIsReal/ood_0006696.jpg,1,aigc_detect_bench,WhichFaceIsReal
corpora/aigc_detect_bench/images/WhichFaceIsReal/ood_0006730.jpg,1,aigc_detect_bench,WhichFaceIsReal
corpora/aigc_detect_bench/images/WhichFaceIsReal/ood_0006764.jpg,1,aigc_detect_bench,WhichFaceIsReal
corpora/aigc_detect_bench/images/WhichFaceIsReal/ood_0006798.jpg,1,aigc_detect_bench,WhichFaceIsReal
corpora/aigc_detect_bench/images/WhichFaceIsReal/ood_0006830.jpg,1,aigc_detect_bench,WhichFaceIsReal
corpora/aigc_detect_bench/images/WhichFaceIsReal/ood_0006862.jpg,1,aigc_detect_bench,WhichFaceIsReal
corpora/aigc_detect_bench/images/WhichFaceIsReal/ood_0006894.jpg,1,aigc_detect_bench,WhichFaceIsReal
corpora/aigc_detect_bench/images/WhichFaceIsReal/ood_0006926.jpg,1,aigc_detect_bench,WhichFaceIsReal
corpora/aigc_detect_bench/images/WhichFaceIsReal/ood_0006958.jpg,1,aigc_detect_bench,WhichFaceIsReal
corpora/aigc_detect_bench/images/WhichFaceIsReal/ood_0006990.jpg,1,aigc_detect_bench,WhichFaceIsReal
corpora/aigc_detect_bench/images/WhichFaceIsReal/ood_0007022.jpg,1,aigc_detect_bench,WhichFaceIsReal
corpora/aigc_detect_bench/images/WhichFaceIsReal/ood_0007054.jpg,1,aigc_detect_bench,WhichFaceIsReal
corpora/aigc_detect_bench/images/WhichFaceIsReal/ood_0007086.jpg,1,aigc_detect_bench,WhichFaceIsReal
corpora/aigc_detect_bench/images/WhichFaceIsReal/ood_0007118.jpg,1,aigc_detect_bench,WhichFaceIsReal
corpora/aigc_detect_bench/images/WhichFaceIsReal/ood_0007150.jpg,1,aigc_detect_bench,WhichFaceIsReal
corpora/aigc_detect_bench/images/WhichFaceIsReal/ood_0007182.jpg,1,aigc_detect_bench,WhichFaceIsReal
corpora/aigc_detect_bench/images/WhichFaceIsReal/ood_0007214.jpg,1,aigc_detect_bench,WhichFaceIsReal
corpora/aigc_detect_bench/images/WhichFaceIsReal/ood_0007246.jpg,1,aigc_detect_bench,WhichFaceIsReal
corpora/aigc_detect_bench/images/WhichFaceIsReal/ood_0007278.jpg,1,aigc_detect_bench,WhichFaceIsReal
corpora/aigc_detect_bench/images/WhichFaceIsReal/ood_0007310.jpg,1,aigc_detect_bench,WhichFaceIsReal
corpora/aigc_detect_bench/images/WhichFaceIsReal/ood_0007342.jpg,1,aigc_detect_bench,WhichFaceIsReal
corpora/aigc_detect_bench/images/WhichFaceIsReal/ood_0007374.jpg,1,aigc_detect_bench,WhichFaceIsReal
corpora/aigc_detect_bench/images/WhichFaceIsReal/ood_0007406.jpg,1,aigc_detect_bench,WhichFaceIsReal
corpora/aigc_detect_bench/images/WhichFaceIsReal/ood_0007438.jpg,1,aigc_detect_bench,WhichFaceIsReal
corpora/aigc_detect_bench/images/WhichFaceIsReal/ood_0007470.jpg,1,aigc_detect_bench,WhichFaceIsReal
corpora/aigc_detect_bench/images/WhichFaceIsReal/ood_0007502.jpg,1,aigc_detect_bench,WhichFaceIsReal
corpora/aigc_detect_bench/images/WhichFaceIsReal/ood_0007534.jpg,1,aigc_detect_bench,WhichFaceIsReal
corpora/aigc_detect_bench/images/WhichFaceIsReal/ood_0007566.jpg,1,aigc_detect_bench,WhichFaceIsReal
corpora/aigc_detect_bench/images/WhichFaceIsReal/ood_0007598.jpg,1,aigc_detect_bench,WhichFaceIsReal
corpora/aigc_detect_bench/images/WhichFaceIsReal/ood_0007630.jpg,1,aigc_detect_bench,WhichFaceIsReal
corpora/aigc_detect_bench/images/WhichFaceIsReal/ood_0007662.jpg,1,aigc_detect_bench,WhichFaceIsReal
corpora/aigc_detect_bench/images/WhichFaceIsReal/ood_0007694.jpg,1,aigc_detect_bench,WhichFaceIsReal
corpora/aigc_detect_bench/images/WhichFaceIsReal/ood_0007726.jpg,1,aigc_detect_bench,WhichFaceIsReal
corpora/aigc_detect_bench/images/WhichFaceIsReal/ood_0007758.jpg,1,aigc_detect_bench,WhichFaceIsReal
corpora/aigc_detect_bench/images/WhichFaceIsReal/ood_0007790.jpg,1,aigc_detect_bench,WhichFaceIsReal
corpora/aigc_detect_bench/images/WhichFaceIsReal/ood_0007822.jpg,1,aigc_detect_bench,WhichFaceIsReal
corpora/aigc_detect_bench/images/WhichFaceIsReal/ood_0007854.jpg,1,aigc_detect_bench,WhichFaceIsReal
corpora/aigc_detect_bench/images/WhichFaceIsReal/ood_0007886.jpg,1,aigc_detect_bench,WhichFaceIsReal
corpora/aigc_detect_bench/images/WhichFaceIsReal/ood_0007918.jpg,1,aigc_detect_bench,WhichFaceIsReal
corpora/aigc_detect_bench/images/WhichFaceIsReal/ood_0007950.jpg,1,aigc_detect_bench,WhichFaceIsReal
corpora/aigc_detect_bench/images/WhichFaceIsReal/ood_0007982.jpg,1,aigc_detect_bench,WhichFaceIsReal
corpora/aigc_detect_bench/images/WhichFaceIsReal/ood_0008014.jpg,1,aigc_detect_bench,WhichFaceIsReal
corpora/aigc_detect_bench/images/WhichFaceIsReal/ood_0008046.jpg,1,aigc_detect_bench,WhichFaceIsReal
corpora/aigc_detect_bench/images/WhichFaceIsReal/ood_0008078.jpg,1,aigc_detect_bench,WhichFaceIsReal
corpora/aigc_detect_bench/images/WhichFaceIsReal/ood_0008110.jpg,1,aigc_detect_bench,WhichFaceIsReal
corpora/aigc_detect_bench/images/WhichFaceIsReal/ood_0008142.jpg,1,aigc_detect_bench,WhichFaceIsReal
corpora/aigc_detect_bench/images/WhichFaceIsReal/ood_0008174.jpg,1,aigc_detect_bench,WhichFaceIsReal
corpora/aigc_detect_bench/images/WhichFaceIsReal/ood_0008206.jpg,1,aigc_detect_bench,WhichFaceIsReal
corpora/aigc_detect_bench/images/WhichFaceIsReal/ood_0008238.jpg,1,aigc_detect_bench,WhichFaceIsReal
corpora/aigc_detect_bench/images/WhichFaceIsReal/ood_0008270.jpg,1,aigc_detect_bench,WhichFaceIsReal
corpora/aigc_detect_bench/images/WhichFaceIsReal/ood_0008302.jpg,1,aigc_detect_bench,WhichFaceIsReal
corpora/aigc_detect_bench/images/WhichFaceIsReal/ood_0008334.jpg,1,aigc_detect_bench,WhichFaceIsReal
corpora/aigc_detect_bench/images/WhichFaceIsReal/ood_0008366.jpg,1,aigc_detect_bench,WhichFaceIsReal
corpora/aigc_detect_bench/images/WhichFaceIsReal/ood_0008398.jpg,1,aigc_detect_bench,WhichFaceIsReal
corpora/aigc_detect_bench/images/Wukong/ood_0000034.jpg,1,aigc_detect_bench,Wukong
corpora/aigc_detect_bench/images/Wukong/ood_0000068.jpg,1,aigc_detect_bench,Wukong
corpora/aigc_detect_bench/images/Wukong/ood_0000102.jpg,1,aigc_detect_bench,Wukong
corpora/aigc_detect_bench/images/Wukong/ood_0000136.jpg,1,aigc_detect_bench,Wukong
corpora/aigc_detect_bench/images/Wukong/ood_0000170.jpg,1,aigc_detect_bench,Wukong
corpora/aigc_detect_bench/images/Wukong/ood_0000204.jpg,1,aigc_detect_bench,Wukong
corpora/aigc_detect_bench/images/Wukong/ood_0000238.jpg,1,aigc_detect_bench,Wukong
corpora/aigc_detect_bench/images/Wukong/ood_0000272.jpg,1,aigc_detect_bench,Wukong
corpora/aigc_detect_bench/images/Wukong/ood_0000306.jpg,1,aigc_detect_bench,Wukong
corpora/aigc_detect_bench/images/Wukong/ood_0000340.jpg,1,aigc_detect_bench,Wukong
corpora/aigc_detect_bench/images/Wukong/ood_0000374.jpg,1,aigc_detect_bench,Wukong
corpora/aigc_detect_bench/images/Wukong/ood_0000408.jpg,1,aigc_detect_bench,Wukong
corpora/aigc_detect_bench/images/Wukong/ood_0000442.jpg,1,aigc_detect_bench,Wukong
corpora/aigc_detect_bench/images/Wukong/ood_0000476.jpg,1,aigc_detect_bench,Wukong
corpora/aigc_detect_bench/images/Wukong/ood_0000510.jpg,1,aigc_detect_bench,Wukong
corpora/aigc_detect_bench/images/Wukong/ood_0000544.jpg,1,aigc_detect_bench,Wukong
corpora/aigc_detect_bench/images/Wukong/ood_0000578.jpg,1,aigc_detect_bench,Wukong
corpora/aigc_detect_bench/images/Wukong/ood_0000612.jpg,1,aigc_detect_bench,Wukong
corpora/aigc_detect_bench/images/Wukong/ood_0000646.jpg,1,aigc_detect_bench,Wukong
corpora/aigc_detect_bench/images/Wukong/ood_0000680.jpg,1,aigc_detect_bench,Wukong
corpora/aigc_detect_bench/images/Wukong/ood_0000714.jpg,1,aigc_detect_bench,Wukong
corpora/aigc_detect_bench/images/Wukong/ood_0000748.jpg,1,aigc_detect_bench,Wukong
corpora/aigc_detect_bench/images/Wukong/ood_0000782.jpg,1,aigc_detect_bench,Wukong
corpora/aigc_detect_bench/images/Wukong/ood_0000816.jpg,1,aigc_detect_bench,Wukong
corpora/aigc_detect_bench/images/Wukong/ood_0000850.jpg,1,aigc_detect_bench,Wukong
corpora/aigc_detect_bench/images/Wukong/ood_0000884.jpg,1,aigc_detect_bench,Wukong
corpora/aigc_detect_bench/images/Wukong/ood_0000918.jpg,1,aigc_detect_bench,Wukong
corpora/aigc_detect_bench/images/Wukong/ood_0000952.jpg,1,aigc_detect_bench,Wukong
corpora/aigc_detect_bench/images/Wukong/ood_0000986.jpg,1,aigc_detect_bench,Wukong
corpora/aigc_detect_bench/images/Wukong/ood_0001020.jpg,1,aigc_detect_bench,Wukong
corpora/aigc_detect_bench/images/Wukong/ood_0001054.jpg,1,aigc_detect_bench,Wukong
corpora/aigc_detect_bench/images/Wukong/ood_0001088.jpg,1,aigc_detect_bench,Wukong
corpora/aigc_detect_bench/images/Wukong/ood_0001122.jpg,1,aigc_detect_bench,Wukong
corpora/aigc_detect_bench/images/Wukong/ood_0001156.jpg,1,aigc_detect_bench,Wukong
corpora/aigc_detect_bench/images/Wukong/ood_0001190.jpg,1,aigc_detect_bench,Wukong
corpora/aigc_detect_bench/images/Wukong/ood_0001224.jpg,1,aigc_detect_bench,Wukong
corpora/aigc_detect_bench/images/Wukong/ood_0001258.jpg,1,aigc_detect_bench,Wukong
corpora/aigc_detect_bench/images/Wukong/ood_0001292.jpg,1,aigc_detect_bench,Wukong
corpora/aigc_detect_bench/images/Wukong/ood_0001326.jpg,1,aigc_detect_bench,Wukong
corpora/aigc_detect_bench/images/Wukong/ood_0001360.jpg,1,aigc_detect_bench,Wukong
corpora/aigc_detect_bench/images/Wukong/ood_0001394.jpg,1,aigc_detect_bench,Wukong
corpora/aigc_detect_bench/images/Wukong/ood_0001428.jpg,1,aigc_detect_bench,Wukong
corpora/aigc_detect_bench/images/Wukong/ood_0001462.jpg,1,aigc_detect_bench,Wukong
corpora/aigc_detect_bench/images/Wukong/ood_0001496.jpg,1,aigc_detect_bench,Wukong
corpora/aigc_detect_bench/images/Wukong/ood_0001530.jpg,1,aigc_detect_bench,Wukong
corpora/aigc_detect_bench/images/Wukong/ood_0001564.jpg,1,aigc_detect_bench,Wukong
corpora/aigc_detect_bench/images/Wukong/ood_0001598.jpg,1,aigc_detect_bench,Wukong
corpora/aigc_detect_bench/images/Wukong/ood_0001632.jpg,1,aigc_detect_bench,Wukong
corpora/aigc_detect_bench/images/Wukong/ood_0001666.jpg,1,aigc_detect_bench,Wukong
corpora/aigc_detect_bench/images/Wukong/ood_0001700.jpg,1,aigc_detect_bench,Wukong
corpora/aigc_detect_bench/images/Wukong/ood_0001734.jpg,1,aigc_detect_bench,Wukong
corpora/aigc_detect_bench/images/Wukong/ood_0001768.jpg,1,aigc_detect_bench,Wukong
corpora/aigc_detect_bench/images/Wukong/ood_0001802.jpg,1,aigc_detect_bench,Wukong
corpora/aigc_detect_bench/images/Wukong/ood_0001836.jpg,1,aigc_detect_bench,Wukong
corpora/aigc_detect_bench/images/Wukong/ood_0001870.jpg,1,aigc_detect_bench,Wukong
corpora/aigc_detect_bench/images/Wukong/ood_0001904.jpg,1,aigc_detect_bench,Wukong
corpora/aigc_detect_bench/images/Wukong/ood_0001938.jpg,1,aigc_detect_bench,Wukong
corpora/aigc_detect_bench/images/Wukong/ood_0001972.jpg,1,aigc_detect_bench,Wukong
corpora/aigc_detect_bench/images/Wukong/ood_0002006.jpg,1,aigc_detect_bench,Wukong
corpora/aigc_detect_bench/images/Wukong/ood_0002040.jpg,1,aigc_detect_bench,Wukong
corpora/aigc_detect_bench/images/Wukong/ood_0002074.jpg,1,aigc_detect_bench,Wukong
corpora/aigc_detect_bench/images/Wukong/ood_0002108.jpg,1,aigc_detect_bench,Wukong
corpora/aigc_detect_bench/images/Wukong/ood_0002142.jpg,1,aigc_detect_bench,Wukong
corpora/aigc_detect_bench/images/Wukong/ood_0002176.jpg,1,aigc_detect_bench,Wukong
corpora/aigc_detect_bench/images/Wukong/ood_0002210.jpg,1,aigc_detect_bench,Wukong
corpora/aigc_detect_bench/images/Wukong/ood_0002244.jpg,1,aigc_detect_bench,Wukong
corpora/aigc_detect_bench/images/Wukong/ood_0002278.jpg,1,aigc_detect_bench,Wukong
corpora/aigc_detect_bench/images/Wukong/ood_0002312.jpg,1,aigc_detect_bench,Wukong
corpora/aigc_detect_bench/images/Wukong/ood_0002346.jpg,1,aigc_detect_bench,Wukong
corpora/aigc_detect_bench/images/Wukong/ood_0002380.jpg,1,aigc_detect_bench,Wukong
corpora/aigc_detect_bench/images/Wukong/ood_0002414.jpg,1,aigc_detect_bench,Wukong
corpora/aigc_detect_bench/images/Wukong/ood_0002448.jpg,1,aigc_detect_bench,Wukong
corpora/aigc_detect_bench/images/Wukong/ood_0002482.jpg,1,aigc_detect_bench,Wukong
corpora/aigc_detect_bench/images/Wukong/ood_0002516.jpg,1,aigc_detect_bench,Wukong
corpora/aigc_detect_bench/images/Wukong/ood_0002550.jpg,1,aigc_detect_bench,Wukong
corpora/aigc_detect_bench/images/Wukong/ood_0002584.jpg,1,aigc_detect_bench,Wukong
corpora/aigc_detect_bench/images/Wukong/ood_0002618.jpg,1,aigc_detect_bench,Wukong
corpora/aigc_detect_bench/images/Wukong/ood_0002652.jpg,1,aigc_detect_bench,Wukong
corpora/aigc_detect_bench/images/Wukong/ood_0002686.jpg,1,aigc_detect_bench,Wukong
corpora/aigc_detect_bench/images/Wukong/ood_0002720.jpg,1,aigc_detect_bench,Wukong
corpora/aigc_detect_bench/images/Wukong/ood_0002754.jpg,1,aigc_detect_bench,Wukong
corpora/aigc_detect_bench/images/Wukong/ood_0002788.jpg,1,aigc_detect_bench,Wukong
corpora/aigc_detect_bench/images/Wukong/ood_0002822.jpg,1,aigc_detect_bench,Wukong
corpora/aigc_detect_bench/images/Wukong/ood_0002856.jpg,1,aigc_detect_bench,Wukong
corpora/aigc_detect_bench/images/Wukong/ood_0002890.jpg,1,aigc_detect_bench,Wukong
corpora/aigc_detect_bench/images/Wukong/ood_0002924.jpg,1,aigc_detect_bench,Wukong
corpora/aigc_detect_bench/images/Wukong/ood_0002958.jpg,1,aigc_detect_bench,Wukong
corpora/aigc_detect_bench/images/Wukong/ood_0002992.jpg,1,aigc_detect_bench,Wukong
corpora/aigc_detect_bench/images/Wukong/ood_0003026.jpg,1,aigc_detect_bench,Wukong
corpora/aigc_detect_bench/images/Wukong/ood_0003060.jpg,1,aigc_detect_bench,Wukong
corpora/aigc_detect_bench/images/Wukong/ood_0003094.jpg,1,aigc_detect_bench,Wukong
corpora/aigc_detect_bench/images/Wukong/ood_0003128.jpg,1,aigc_detect_bench,Wukong
corpora/aigc_detect_bench/images/Wukong/ood_0003162.jpg,1,aigc_detect_bench,Wukong
corpora/aigc_detect_bench/images/Wukong/ood_0003196.jpg,1,aigc_detect_bench,Wukong
corpora/aigc_detect_bench/images/Wukong/ood_0003230.jpg,1,aigc_detect_bench,Wukong
corpora/aigc_detect_bench/images/Wukong/ood_0003264.jpg,1,aigc_detect_bench,Wukong
corpora/aigc_detect_bench/images/Wukong/ood_0003298.jpg,1,aigc_detect_bench,Wukong
corpora/aigc_detect_bench/images/Wukong/ood_0003332.jpg,1,aigc_detect_bench,Wukong
corpora/aigc_detect_bench/images/Wukong/ood_0003366.jpg,1,aigc_detect_bench,Wukong
corpora/aigc_detect_bench/images/Wukong/ood_0003400.jpg,1,aigc_detect_bench,Wukong
corpora/aigc_detect_bench/images/Wukong/ood_0003434.jpg,1,aigc_detect_bench,Wukong
corpora/aigc_detect_bench/images/Wukong/ood_0003468.jpg,1,aigc_detect_bench,Wukong
corpora/aigc_detect_bench/images/Wukong/ood_0003502.jpg,1,aigc_detect_bench,Wukong
corpora/aigc_detect_bench/images/Wukong/ood_0003536.jpg,1,aigc_detect_bench,Wukong
corpora/aigc_detect_bench/images/Wukong/ood_0003570.jpg,1,aigc_detect_bench,Wukong
corpora/aigc_detect_bench/images/Wukong/ood_0003604.jpg,1,aigc_detect_bench,Wukong
corpora/aigc_detect_bench/images/Wukong/ood_0003638.jpg,1,aigc_detect_bench,Wukong
corpora/aigc_detect_bench/images/Wukong/ood_0003672.jpg,1,aigc_detect_bench,Wukong
corpora/aigc_detect_bench/images/Wukong/ood_0003706.jpg,1,aigc_detect_bench,Wukong
corpora/aigc_detect_bench/images/Wukong/ood_0003740.jpg,1,aigc_detect_bench,Wukong
corpora/aigc_detect_bench/images/Wukong/ood_0003774.jpg,1,aigc_detect_bench,Wukong
corpora/aigc_detect_bench/images/Wukong/ood_0003808.jpg,1,aigc_detect_bench,Wukong
corpora/aigc_detect_bench/images/Wukong/ood_0003842.jpg,1,aigc_detect_bench,Wukong
corpora/aigc_detect_bench/images/Wukong/ood_0003876.jpg,1,aigc_detect_bench,Wukong
corpora/aigc_detect_bench/images/Wukong/ood_0003910.jpg,1,aigc_detect_bench,Wukong
corpora/aigc_detect_bench/images/Wukong/ood_0003944.jpg,1,aigc_detect_bench,Wukong
corpora/aigc_detect_bench/images/Wukong/ood_0003978.jpg,1,aigc_detect_bench,Wukong
corpora/aigc_detect_bench/images/Wukong/ood_0004012.jpg,1,aigc_detect_bench,Wukong
corpora/aigc_detect_bench/images/Wukong/ood_0004046.jpg,1,aigc_detect_bench,Wukong
corpora/aigc_detect_bench/images/Wukong/ood_0004080.jpg,1,aigc_detect_bench,Wukong
corpora/aigc_detect_bench/images/Wukong/ood_0004114.jpg,1,aigc_detect_bench,Wukong
corpora/aigc_detect_bench/images/Wukong/ood_0004148.jpg,1,aigc_detect_bench,Wukong
corpora/aigc_detect_bench/images/Wukong/ood_0004182.jpg,1,aigc_detect_bench,Wukong
corpora/aigc_detect_bench/images/Wukong/ood_0004216.jpg,1,aigc_detect_bench,Wukong
corpora/aigc_detect_bench/images/Wukong/ood_0004250.jpg,1,aigc_detect_bench,Wukong
corpora/aigc_detect_bench/images/Wukong/ood_0004284.jpg,1,aigc_detect_bench,Wukong
corpora/aigc_detect_bench/images/Wukong/ood_0004318.jpg,1,aigc_detect_bench,Wukong
corpora/aigc_detect_bench/images/Wukong/ood_0004352.jpg,1,aigc_detect_bench,Wukong
corpora/aigc_detect_bench/images/Wukong/ood_0004386.jpg,1,aigc_detect_bench,Wukong
corpora/aigc_detect_bench/images/Wukong/ood_0004420.jpg,1,aigc_detect_bench,Wukong
corpora/aigc_detect_bench/images/Wukong/ood_0004454.jpg,1,aigc_detect_bench,Wukong
corpora/aigc_detect_bench/images/Wukong/ood_0004488.jpg,1,aigc_detect_bench,Wukong
corpora/aigc_detect_bench/images/Wukong/ood_0004522.jpg,1,aigc_detect_bench,Wukong
corpora/aigc_detect_bench/images/Wukong/ood_0004556.jpg,1,aigc_detect_bench,Wukong
corpora/aigc_detect_bench/images/Wukong/ood_0004590.jpg,1,aigc_detect_bench,Wukong
corpora/aigc_detect_bench/images/Wukong/ood_0004624.jpg,1,aigc_detect_bench,Wukong
corpora/aigc_detect_bench/images/Wukong/ood_0004658.jpg,1,aigc_detect_bench,Wukong
corpora/aigc_detect_bench/images/Wukong/ood_0004692.jpg,1,aigc_detect_bench,Wukong
corpora/aigc_detect_bench/images/Wukong/ood_0004726.jpg,1,aigc_detect_bench,Wukong
corpora/aigc_detect_bench/images/Wukong/ood_0004760.jpg,1,aigc_detect_bench,Wukong
corpora/aigc_detect_bench/images/Wukong/ood_0004794.jpg,1,aigc_detect_bench,Wukong
corpora/aigc_detect_bench/images/Wukong/ood_0004828.jpg,1,aigc_detect_bench,Wukong
corpora/aigc_detect_bench/images/Wukong/ood_0004862.jpg,1,aigc_detect_bench,Wukong
corpora/aigc_detect_bench/images/Wukong/ood_0004896.jpg,1,aigc_detect_bench,Wukong
corpora/aigc_detect_bench/images/Wukong/ood_0004930.jpg,1,aigc_detect_bench,Wukong
corpora/aigc_detect_bench/images/Wukong/ood_0004964.jpg,1,aigc_detect_bench,Wukong
corpora/aigc_detect_bench/images/Wukong/ood_0004998.jpg,1,aigc_detect_bench,Wukong
corpora/aigc_detect_bench/images/Wukong/ood_0005032.jpg,1,aigc_detect_bench,Wukong
corpora/aigc_detect_bench/images/Wukong/ood_0005066.jpg,1,aigc_detect_bench,Wukong
corpora/aigc_detect_bench/images/Wukong/ood_0005100.jpg,1,aigc_detect_bench,Wukong
corpora/aigc_detect_bench/images/Wukong/ood_0005134.jpg,1,aigc_detect_bench,Wukong
corpora/aigc_detect_bench/images/Wukong/ood_0005168.jpg,1,aigc_detect_bench,Wukong
corpora/aigc_detect_bench/images/Wukong/ood_0005202.jpg,1,aigc_detect_bench,Wukong
corpora/aigc_detect_bench/images/Wukong/ood_0005236.jpg,1,aigc_detect_bench,Wukong
corpora/aigc_detect_bench/images/Wukong/ood_0005270.jpg,1,aigc_detect_bench,Wukong
corpora/aigc_detect_bench/images/Wukong/ood_0005304.jpg,1,aigc_detect_bench,Wukong
corpora/aigc_detect_bench/images/Wukong/ood_0005338.jpg,1,aigc_detect_bench,Wukong
corpora/aigc_detect_bench/images/Wukong/ood_0005372.jpg,1,aigc_detect_bench,Wukong
corpora/aigc_detect_bench/images/Wukong/ood_0005406.jpg,1,aigc_detect_bench,Wukong
corpora/aigc_detect_bench/images/Wukong/ood_0005440.jpg,1,aigc_detect_bench,Wukong
corpora/aigc_detect_bench/images/Wukong/ood_0005474.jpg,1,aigc_detect_bench,Wukong
corpora/aigc_detect_bench/images/Wukong/ood_0005508.jpg,1,aigc_detect_bench,Wukong
corpora/aigc_detect_bench/images/Wukong/ood_0005542.jpg,1,aigc_detect_bench,Wukong
corpora/aigc_detect_bench/images/Wukong/ood_0005576.jpg,1,aigc_detect_bench,Wukong
corpora/aigc_detect_bench/images/Wukong/ood_0005610.jpg,1,aigc_detect_bench,Wukong
corpora/aigc_detect_bench/images/Wukong/ood_0005644.jpg,1,aigc_detect_bench,Wukong
corpora/aigc_detect_bench/images/Wukong/ood_0005678.jpg,1,aigc_detect_bench,Wukong
corpora/aigc_detect_bench/images/Wukong/ood_0005712.jpg,1,aigc_detect_bench,Wukong
corpora/aigc_detect_bench/images/Wukong/ood_0005746.jpg,1,aigc_detect_bench,Wukong
corpora/aigc_detect_bench/images/Wukong/ood_0005780.jpg,1,aigc_detect_bench,Wukong
corpora/aigc_detect_bench/images/Wukong/ood_0005814.jpg,1,aigc_detect_bench,Wukong
corpora/aigc_detect_bench/images/Wukong/ood_0005848.jpg,1,aigc_detect_bench,Wukong
corpora/aigc_detect_bench/images/Wukong/ood_0005882.jpg,1,aigc_detect_bench,Wukong
corpora/aigc_detect_bench/images/Wukong/ood_0005916.jpg,1,aigc_detect_bench,Wukong
corpora/aigc_detect_bench/images/Wukong/ood_0005950.jpg,1,aigc_detect_bench,Wukong
corpora/aigc_detect_bench/images/Wukong/ood_0005984.jpg,1,aigc_detect_bench,Wukong
corpora/aigc_detect_bench/images/Wukong/ood_0006018.jpg,1,aigc_detect_bench,Wukong
corpora/aigc_detect_bench/images/Wukong/ood_0006052.jpg,1,aigc_detect_bench,Wukong
corpora/aigc_detect_bench/images/Wukong/ood_0006086.jpg,1,aigc_detect_bench,Wukong
corpora/aigc_detect_bench/images/Wukong/ood_0006120.jpg,1,aigc_detect_bench,Wukong
corpora/aigc_detect_bench/images/Wukong/ood_0006154.jpg,1,aigc_detect_bench,Wukong
corpora/aigc_detect_bench/images/Wukong/ood_0006188.jpg,1,aigc_detect_bench,Wukong
corpora/aigc_detect_bench/images/Wukong/ood_0006222.jpg,1,aigc_detect_bench,Wukong
corpora/aigc_detect_bench/images/Wukong/ood_0006256.jpg,1,aigc_detect_bench,Wukong
corpora/aigc_detect_bench/images/Wukong/ood_0006290.jpg,1,aigc_detect_bench,Wukong
corpora/aigc_detect_bench/images/Wukong/ood_0006324.jpg,1,aigc_detect_bench,Wukong
corpora/aigc_detect_bench/images/Wukong/ood_0006358.jpg,1,aigc_detect_bench,Wukong
corpora/aigc_detect_bench/images/Wukong/ood_0006392.jpg,1,aigc_detect_bench,Wukong
corpora/aigc_detect_bench/images/Wukong/ood_0006426.jpg,1,aigc_detect_bench,Wukong
corpora/aigc_detect_bench/images/Wukong/ood_0006460.jpg,1,aigc_detect_bench,Wukong
corpora/aigc_detect_bench/images/Wukong/ood_0006494.jpg,1,aigc_detect_bench,Wukong
corpora/aigc_detect_bench/images/Wukong/ood_0006528.jpg,1,aigc_detect_bench,Wukong
corpora/aigc_detect_bench/images/Wukong/ood_0006562.jpg,1,aigc_detect_bench,Wukong
corpora/aigc_detect_bench/images/Wukong/ood_0006596.jpg,1,aigc_detect_bench,Wukong
corpora/aigc_detect_bench/images/Wukong/ood_0006630.jpg,1,aigc_detect_bench,Wukong
corpora/aigc_detect_bench/images/Wukong/ood_0006664.jpg,1,aigc_detect_bench,Wukong
corpora/aigc_detect_bench/images/Wukong/ood_0006698.jpg,1,aigc_detect_bench,Wukong
corpora/aigc_detect_bench/images/Wukong/ood_0006732.jpg,1,aigc_detect_bench,Wukong
corpora/aigc_detect_bench/images/Wukong/ood_0006766.jpg,1,aigc_detect_bench,Wukong
corpora/aigc_detect_bench/images/Wukong/ood_0006800.jpg,1,aigc_detect_bench,Wukong
corpora/aigc_detect_bench/images/Wukong/ood_0006832.jpg,1,aigc_detect_bench,Wukong
corpora/aigc_detect_bench/images/Wukong/ood_0006864.jpg,1,aigc_detect_bench,Wukong
corpora/aigc_detect_bench/images/Wukong/ood_0006896.jpg,1,aigc_detect_bench,Wukong
corpora/aigc_detect_bench/images/Wukong/ood_0006928.jpg,1,aigc_detect_bench,Wukong
corpora/aigc_detect_bench/images/Wukong/ood_0006960.jpg,1,aigc_detect_bench,Wukong
corpora/aigc_detect_bench/images/Wukong/ood_0006992.jpg,1,aigc_detect_bench,Wukong
corpora/aigc_detect_bench/images/Wukong/ood_0007024.jpg,1,aigc_detect_bench,Wukong
corpora/aigc_detect_bench/images/Wukong/ood_0007056.jpg,1,aigc_detect_bench,Wukong
corpora/aigc_detect_bench/images/Wukong/ood_0007088.jpg,1,aigc_detect_bench,Wukong
corpora/aigc_detect_bench/images/Wukong/ood_0007120.jpg,1,aigc_detect_bench,Wukong
corpora/aigc_detect_bench/images/Wukong/ood_0007152.jpg,1,aigc_detect_bench,Wukong
corpora/aigc_detect_bench/images/Wukong/ood_0007184.jpg,1,aigc_detect_bench,Wukong
corpora/aigc_detect_bench/images/Wukong/ood_0007216.jpg,1,aigc_detect_bench,Wukong
corpora/aigc_detect_bench/images/Wukong/ood_0007248.jpg,1,aigc_detect_bench,Wukong
corpora/aigc_detect_bench/images/Wukong/ood_0007280.jpg,1,aigc_detect_bench,Wukong
corpora/aigc_detect_bench/images/Wukong/ood_0007312.jpg,1,aigc_detect_bench,Wukong
corpora/aigc_detect_bench/images/Wukong/ood_0007344.jpg,1,aigc_detect_bench,Wukong
corpora/aigc_detect_bench/images/Wukong/ood_0007376.jpg,1,aigc_detect_bench,Wukong
corpora/aigc_detect_bench/images/Wukong/ood_0007408.jpg,1,aigc_detect_bench,Wukong
corpora/aigc_detect_bench/images/Wukong/ood_0007440.jpg,1,aigc_detect_bench,Wukong
corpora/aigc_detect_bench/images/Wukong/ood_0007472.jpg,1,aigc_detect_bench,Wukong
corpora/aigc_detect_bench/images/Wukong/ood_0007504.jpg,1,aigc_detect_bench,Wukong
corpora/aigc_detect_bench/images/Wukong/ood_0007536.jpg,1,aigc_detect_bench,Wukong
corpora/aigc_detect_bench/images/Wukong/ood_0007568.jpg,1,aigc_detect_bench,Wukong
corpora/aigc_detect_bench/images/Wukong/ood_0007600.jpg,1,aigc_detect_bench,Wukong
corpora/aigc_detect_bench/images/Wukong/ood_0007632.jpg,1,aigc_detect_bench,Wukong
corpora/aigc_detect_bench/images/Wukong/ood_0007664.jpg,1,aigc_detect_bench,Wukong
corpora/aigc_detect_bench/images/Wukong/ood_0007696.jpg,1,aigc_detect_bench,Wukong
corpora/aigc_detect_bench/images/Wukong/ood_0007728.jpg,1,aigc_detect_bench,Wukong
corpora/aigc_detect_bench/images/Wukong/ood_0007760.jpg,1,aigc_detect_bench,Wukong
corpora/aigc_detect_bench/images/Wukong/ood_0007792.jpg,1,aigc_detect_bench,Wukong
corpora/aigc_detect_bench/images/Wukong/ood_0007824.jpg,1,aigc_detect_bench,Wukong
corpora/aigc_detect_bench/images/Wukong/ood_0007856.jpg,1,aigc_detect_bench,Wukong
corpora/aigc_detect_bench/images/Wukong/ood_0007888.jpg,1,aigc_detect_bench,Wukong
corpora/aigc_detect_bench/images/Wukong/ood_0007920.jpg,1,aigc_detect_bench,Wukong
corpora/aigc_detect_bench/images/Wukong/ood_0007952.jpg,1,aigc_detect_bench,Wukong
corpora/aigc_detect_bench/images/Wukong/ood_0007984.jpg,1,aigc_detect_bench,Wukong
corpora/aigc_detect_bench/images/Wukong/ood_0008016.jpg,1,aigc_detect_bench,Wukong
corpora/aigc_detect_bench/images/Wukong/ood_0008048.jpg,1,aigc_detect_bench,Wukong
corpora/aigc_detect_bench/images/Wukong/ood_0008080.jpg,1,aigc_detect_bench,Wukong
corpora/aigc_detect_bench/images/Wukong/ood_0008112.jpg,1,aigc_detect_bench,Wukong
corpora/aigc_detect_bench/images/Wukong/ood_0008144.jpg,1,aigc_detect_bench,Wukong
corpora/aigc_detect_bench/images/Wukong/ood_0008176.jpg,1,aigc_detect_bench,Wukong
corpora/aigc_detect_bench/images/Wukong/ood_0008208.jpg,1,aigc_detect_bench,Wukong
corpora/aigc_detect_bench/images/Wukong/ood_0008240.jpg,1,aigc_detect_bench,Wukong
corpora/aigc_detect_bench/images/Wukong/ood_0008272.jpg,1,aigc_detect_bench,Wukong
corpora/aigc_detect_bench/images/Wukong/ood_0008304.jpg,1,aigc_detect_bench,Wukong
corpora/aigc_detect_bench/images/Wukong/ood_0008336.jpg,1,aigc_detect_bench,Wukong
corpora/aigc_detect_bench/images/Wukong/ood_0008368.jpg,1,aigc_detect_bench,Wukong
corpora/aigc_detect_bench/images/Wukong/ood_0008400.jpg,1,aigc_detect_bench,Wukong
