step,epoch,batch_loss,running_mean,trailing_mean
1,1,0.835308,0.835308,0.835308
2,1,0.892195,0.863751,0.863751
3,1,0.839429,0.855644,0.855644
4,1,0.801402,0.842084,0.842084
5,1,0.767926,0.827252,0.827252
6,1,0.71117,0.807905,0.807905
7,1,0.686782,0.790602,0.790602
8,1,0.654062,0.773534,0.773534
9,1,0.596169,0.753827,0.753827
10,1,0.638052,0.742249,0.742249
11,1,0.591993,0.72859,0.72859
12,1,0.603171,0.718138,0.718138
13,1,0.529671,0.703641,0.703641
14,1,0.579433,0.694769,0.694769
15,1,0.49431,0.681405,0.681405
16,1,0.480942,0.668876,0.668876
17,1,0.499584,0.658918,0.658918
18,1,0.516598,0.651011,0.651011
19,1,0.457777,0.640841,0.640841
20,1,0.397486,0.628673,0.628673
21,1,0.467712,0.621008,0.621008
22,1,0.414335,0.611614,0.611614
23,1,0.469473,0.605434,0.605434
24,1,0.451496,0.59902,0.59902
25,1,0.43781,0.592571,0.592571
26,1,0.405761,0.585386,0.585386
27,1,0.376257,0.577641,0.577641
28,1,0.43889,0.572685,0.572685
29,1,0.412377,0.567158,0.567158
30,1,0.370166,0.560591,0.560591
31,1,0.342585,0.553559,0.553559
32,1,0.390738,0.548471,0.548471
33,1,0.319296,0.541526,0.541526
34,1,0.336062,0.535483,0.535483
35,1,0.382821,0.531121,0.531121
36,1,0.33749,0.525742,0.525742
37,1,0.345791,0.520879,0.520879
38,1,0.360315,0.516654,0.516654
39,1,0.336034,0.512022,0.512022
40,1,0.336064,0.507623,0.507623
41,1,0.319147,0.503026,0.503026
42,1,0.359684,0.499613,0.499613
43,1,0.278909,0.494481,0.494481
44,1,0.28466,0.489712,0.489712
45,1,0.302955,0.485562,0.485562
46,1,0.306185,0.481662,0.481662
47,1,0.307849,0.477964,0.477964
48,1,0.329606,0.474873,0.474873
49,1,0.291725,0.471136,0.471136
50,1,0.368153,0.469076,0.469076
51,1,0.29997,0.46576,0.46576
52,1,0.265753,0.461914,0.461914
53,1,0.319397,0.459225,0.459225
54,1,0.383173,0.457817,0.457817
55,1,0.292429,0.45481,0.45481
56,1,0.308995,0.452206,0.452206
57,1,0.246189,0.448591,0.448591
58,1,0.285791,0.445785,0.445785
59,1,0.328189,0.443791,0.443791
60,1,0.292925,0.441277,0.441277
61,1,0.327353,0.439409,0.439409
62,1,0.290515,0.437008,0.437008
63,1,0.251591,0.434065,0.434065
64,1,0.286705,0.431762,0.431762
65,1,0.300305,0.42974,0.42974
66,1,0.253927,0.427076,0.427076
67,1,0.314315,0.425393,0.425393
68,1,0.345508,0.424218,0.424218
69,1,0.26489,0.421909,0.421909
70,1,0.262963,0.419638,0.419638
71,1,0.261073,0.417405,0.417405
72,1,0.245583,0.415019,0.415019
73,1,0.292275,0.413337,0.413337
74,1,0.290093,0.411672,0.411672
75,1,0.255383,0.409588,0.409588
76,1,0.213543,0.407008,0.407008
77,1,0.275042,0.405295,0.405295
78,1,0.269302,0.403551,0.403551
79,1,0.202026,0.401,0.401
80,1,0.232457,0.398893,0.398893
81,1,0.317121,0.397884,0.397884
82,1,0.269064,0.396313,0.396313
83,1,0.238665,0.394413,0.394413
84,1,0.220985,0.392349,0.392349
85,1,0.273851,0.390955,0.390955
86,1,0.211571,0.388869,0.388869
87,1,0.191747,0.386603,0.386603
88,1,0.275217,0.385337,0.385337
89,1,0.298376,0.38436,0.38436
90,1,0.268162,0.383069,0.383069
91,1,0.286216,0.382005,0.382005
92,1,0.236401,0.380422,0.380422
93,1,0.23854,0.378897,0.378897
94,1,0.23351,0.37735,0.37735
95,1,0.265921,0.376177,0.376177
96,1,0.231012,0.374665,0.374665
97,1,0.247434,0.373353,0.373353
98,1,0.255348,0.372149,0.372149
99,1,0.264115,0.371058,0.371058
100,1,0.31967,0.370544,0.370544
101,1,0.254676,0.369397,0.364738
102,1,0.295609,0.368673,0.358772
103,1,0.267412,0.36769,0.353052
104,1,0.278268,0.36683,0.34782
105,1,0.237544,0.365599,0.342516
106,1,0.310923,0.365083,0.338514
107,1,0.267371,0.36417,0.33432
108,1,0.246131,0.363077,0.33024
109,1,0.225767,0.361817,0.326536
110,1,0.286572,0.361133,0.323022
111,1,0.240233,0.360044,0.319504
112,1,0.222542,0.358816,0.315698
113,1,0.170029,0.357146,0.312101
114,1,0.237262,0.356094,0.30868
115,1,0.238156,0.355069,0.306118
116,1,0.240859,0.354084,0.303717
117,1,0.232452,0.353044,0.301046
118,1,0.279271,0.352419,0.298673
119,1,0.265907,0.351692,0.296754
120,1,0.243901,0.350794,0.295218
121,1,0.23521,0.349839,0.292893
122,1,0.176096,0.348415,0.290511
123,1,0.235997,0.347501,0.288176
124,1,0.172456,0.346089,0.285386
125,1,0.198969,0.344912,0.282997
126,1,0.340479,0.344877,0.282344
127,1,0.223751,0.343923,0.280819
128,1,0.306853,0.343633,0.279499
129,1,0.264213,0.343018,0.278017
130,1,0.194663,0.341877,0.276262
131,1,0.278455,0.341392,0.275621
132,1,0.214796,0.340433,0.273862
133,1,0.210106,0.339454,0.27277
134,1,0.175168,0.338228,0.271161
135,1,0.242451,0.337518,0.269757
136,1,0.205926,0.33655,0.268441
137,1,0.25541,0.335958,0.267538
138,1,0.19668,0.334949,0.265901
139,1,0.216868,0.334099,0.26471
140,1,0.18622,0.333043,0.263211
141,1,0.291636,0.332749,0.262936
142,1,0.207743,0.331869,0.261417
143,1,0.192703,0.330896,0.260554
144,1,0.179642,0.329846,0.259504
145,1,0.230242,0.329159,0.258777
146,1,0.242994,0.328568,0.258145
147,1,0.247864,0.328019,0.257545
148,1,0.189045,0.32708,0.25614
149,1,0.198838,0.32622,0.255211
150,1,0.193429,0.325334,0.253464
151,1,0.203196,0.324526,0.252496
152,1,0.215248,0.323807,0.251991
153,1,0.158341,0.322725,0.25038
154,1,0.208338,0.321982,0.248632
155,1,0.19512,0.321164,0.247659
156,1,0.201556,0.320397,0.246585
157,1,0.324783,0.320425,0.24737
158,1,0.236285,0.319893,0.246875
159,1,0.169441,0.318946,0.245288
160,1,0.243461,0.318475,0.244793
161,1,0.223162,0.317883,0.243751
162,1,0.181968,0.317044,0.242666
163,1,0.21521,0.316419,0.242302
164,1,0.212197,0.315783,0.241557
165,1,0.298607,0.315679,0.24154
166,1,0.190531,0.314925,0.240906
167,1,0.230697,0.314421,0.24007
168,1,0.218324,0.313849,0.238798
169,1,0.197514,0.313161,0.238124
170,1,0.174507,0.312345,0.23724
171,1,0.16163,0.311464,0.236245
172,1,0.210468,0.310876,0.235894
173,1,0.259458,0.310579,0.235566
174,1,0.270778,0.310351,0.235373
175,1,0.175723,0.309581,0.234576
176,1,0.238315,0.309176,0.234824
177,1,0.21023,0.308617,0.234176
178,1,0.182096,0.307907,0.233304
179,1,0.185309,0.307222,0.233137
180,1,0.247723,0.306891,0.233289
181,1,0.191681,0.306255,0.232035
182,1,0.227072,0.305819,0.231615
183,1,0.229034,0.3054,0.231519
184,1,0.173601,0.304684,0.231045
185,1,0.22438,0.304249,0.23055
186,1,0.149209,0.303416,0.229926
187,1,0.242742,0.303091,0.230436
188,1,0.185508,0.302466,0.229539
189,1,0.118784,0.301494,0.227743
190,1,0.197775,0.300948,0.22704
191,1,0.163295,0.300228,0.22581
192,1,0.222758,0.299824,0.225674
193,1,0.198939,0.299301,0.225278
194,1,0.239878,0.298995,0.225342
195,1,0.153387,0.298248,0.224216
196,1,0.187839,0.297685,0.223784
197,1,0.246229,0.297424,0.223772
198,1,0.159645,0.296728,0.222815
199,1,0.159653,0.296039,0.221771
200,1,0.187753,0.295498,0.220452
201,1,0.178454,0.294915,0.219689
202,1,0.266972,0.294777,0.219403
203,1,0.286475,0.294736,0.219594
204,1,0.219129,0.294366,0.219002
205,1,0.186559,0.29384,0.218492
206,1,0.258108,0.293666,0.217964
207,1,0.255353,0.293481,0.217844
208,1,0.178831,0.29293,0.217171
209,1,0.178598,0.292383,0.216699
210,1,0.187824,0.291885,0.215712
211,1,0.191147,0.291408,0.215221
212,1,0.212057,0.291033,0.215116
213,1,0.298217,0.291067,0.216398
214,1,0.166735,0.290486,0.215693
215,1,0.205316,0.29009,0.215364
216,1,0.218622,0.289759,0.215142
217,1,0.200319,0.289347,0.214821
218,1,0.179346,0.288842,0.213821
219,1,0.17666,0.28833,0.212929
220,1,0.18981,0.287882,0.212388
221,1,0.215021,0.287553,0.212186
222,1,0.244139,0.287357,0.212867
223,1,0.249783,0.287188,0.213005
224,1,0.143074,0.286545,0.212711
225,1,0.135642,0.285874,0.212077
226,1,0.1823,0.285416,0.210496
227,1,0.209408,0.285081,0.210352
228,1,0.230142,0.28484,0.209585
229,1,0.14342,0.284223,0.208377
230,1,0.136164,0.283579,0.207792
231,1,0.167298,0.283076,0.206681
232,1,0.187544,0.282664,0.206408
233,1,0.207552,0.282342,0.206383
234,1,0.162514,0.281829,0.206256
235,1,0.237153,0.281639,0.206203
236,1,0.15241,0.281092,0.205668
237,1,0.182764,0.280677,0.204941
238,1,0.15509,0.280149,0.204526
239,1,0.172371,0.279698,0.204081
240,1,0.198013,0.279358,0.204198
241,1,0.188125,0.278979,0.203163
242,1,0.171429,0.278535,0.2028
243,1,0.141664,0.277972,0.20229
244,1,0.157314,0.277477,0.202067
245,1,0.156955,0.276985,0.201334
246,1,0.12707,0.276376,0.200174
247,1,0.20426,0.276084,0.199738
248,1,0.175612,0.275679,0.199604
249,1,0.161605,0.275221,0.199232
250,1,0.213995,0.274976,0.199437
251,1,0.166355,0.274543,0.199069
252,1,0.126377,0.273955,0.19818
253,1,0.220636,0.273744,0.198803
254,1,0.205839,0.273477,0.198778
255,1,0.223205,0.27328,0.199059
256,1,0.205917,0.273017,0.199103
257,1,0.202031,0.27274,0.197875
258,1,0.214428,0.272514,0.197657
259,1,0.173423,0.272132,0.197696
260,1,0.254501,0.272064,0.197807
261,1,0.170287,0.271674,0.197278
262,1,0.158086,0.27124,0.197039
263,1,0.205914,0.270992,0.196946
264,1,0.276261,0.271012,0.197587
265,1,0.211369,0.270787,0.196715
266,1,0.241216,0.270676,0.197221
267,1,0.175419,0.270319,0.196669
268,1,0.197187,0.270046,0.196457
269,1,0.193837,0.269763,0.196421
270,1,0.152814,0.26933,0.196204
271,1,0.15425,0.268905,0.19613
272,1,0.172334,0.26855,0.195748
273,1,0.252596,0.268492,0.19568
274,1,0.179879,0.268168,0.194771
275,1,0.171807,0.267818,0.194732
276,1,0.162593,0.267437,0.193974
277,1,0.173007,0.267096,0.193602
278,1,0.220842,0.266929,0.19399
279,1,0.159888,0.266546,0.193735
280,1,0.135269,0.266077,0.192611
281,1,0.178669,0.265766,0.192481
282,1,0.210585,0.26557,0.192316
283,1,0.181614,0.265273,0.191842
284,1,0.156318,0.26489,0.191669
285,1,0.19359,0.26464,0.191361
286,1,0.209049,0.264445,0.191959
287,1,0.187689,0.264178,0.191409
288,1,0.247911,0.264121,0.192033
289,1,0.153694,0.263739,0.192382
290,1,0.189998,0.263485,0.192304
291,1,0.161874,0.263136,0.19229
292,1,0.205724,0.262939,0.19212
293,1,0.152689,0.262563,0.191657
294,1,0.146853,0.262169,0.190727
295,1,0.212702,0.262001,0.19132
296,1,0.217114,0.26185,0.191613
297,1,0.178597,0.26157,0.190937
298,1,0.209229,0.261394,0.191432
299,1,0.21577,0.261241,0.191994
300,1,0.180184,0.260971,0.191918
301,1,0.140793,0.260572,0.191541
302,1,0.247056,0.260527,0.191342
303,1,0.121706,0.260069,0.189694
304,1,0.135038,0.259658,0.188853
305,1,0.218742,0.259524,0.189175
306,1,0.226991,0.259417,0.188864
307,1,0.160648,0.259095,0.187917
308,1,0.155415,0.258759,0.187683
309,1,0.163168,0.258449,0.187529
310,1,0.194086,0.258242,0.187591
311,1,0.159164,0.257923,0.187271
312,1,0.207226,0.257761,0.187223
313,1,0.155771,0.257435,0.185799
314,1,0.148333,0.257087,0.185615
315,1,0.162372,0.256787,0.185185
316,1,0.18816,0.25657,0.184881
317,1,0.181516,0.256333,0.184693
318,1,0.142218,0.255974,0.184321
319,1,0.174916,0.25572,0.184304
320,1,0.204851,0.255561,0.184454
321,1,0.202116,0.255394,0.184325
322,1,0.111312,0.254947,0.182997
323,1,0.155303,0.254639,0.182052
324,1,0.189665,0.254438,0.182518
325,1,0.234996,0.254378,0.183512
326,1,0.260761,0.254398,0.184296
327,1,0.128386,0.254012,0.183486
328,1,0.114819,0.253588,0.182333
329,1,0.132403,0.25322,0.182223
330,1,0.16902,0.252965,0.182551
331,1,0.194166,0.252787,0.18282
332,1,0.120653,0.252389,0.182151
333,1,0.184995,0.252186,0.181925
334,1,0.194039,0.252012,0.182241
335,1,0.20664,0.251877,0.181935
336,1,0.220597,0.251784,0.182617
337,1,0.145657,0.251469,0.182246
338,1,0.170131,0.251228,0.182397
339,1,0.209413,0.251105,0.182767
340,1,0.182973,0.250905,0.182617
341,1,0.211301,0.250788,0.182848
342,1,0.162035,0.250529,0.182754
343,1,0.114751,0.250133,0.182485
344,1,0.159728,0.24987,0.182509
345,1,0.183656,0.249678,0.182776
346,1,0.181933,0.249483,0.183325
347,1,0.19653,0.24933,0.183248
348,1,0.183728,0.249141,0.183329
349,1,0.141089,0.248832,0.183124
350,1,0.148516,0.248545,0.182469
351,1,0.133259,0.248217,0.182138
352,1,0.164375,0.247979,0.182518
353,1,0.152773,0.247709,0.181839
354,1,0.171281,0.247493,0.181494
355,1,0.18134,0.247307,0.181075
356,1,0.16544,0.247077,0.18067
357,1,0.205788,0.246961,0.180708
358,1,0.20264,0.246837,0.18059
359,1,0.145928,0.246556,0.180315
360,1,0.170729,0.246345,0.179477
361,1,0.141117,0.246054,0.179186
362,1,0.146698,0.24578,0.179072
363,1,0.214172,0.245692,0.179154
364,1,0.218468,0.245618,0.178577
365,1,0.234536,0.245587,0.178808
366,1,0.126282,0.245261,0.177659
367,1,0.098072,0.24486,0.176885
368,1,0.226735,0.244811,0.177181
369,1,0.116691,0.244464,0.176409
370,1,0.151847,0.244213,0.1764
371,1,0.157144,0.243979,0.176429
372,1,0.189804,0.243833,0.176603
373,1,0.263194,0.243885,0.176709
374,1,0.161196,0.243664,0.176523
375,1,0.213032,0.243582,0.176935
376,1,0.182673,0.24342,0.177136
377,1,0.114936,0.243079,0.176555
378,1,0.163745,0.24287,0.175984
379,1,0.167993,0.242672,0.176065
380,1,0.176414,0.242498,0.176476
381,1,0.094416,0.242109,0.175634
382,1,0.111146,0.241766,0.174639
383,1,0.191511,0.241635,0.174738
384,1,0.138379,0.241366,0.174559
385,1,0.140124,0.241103,0.174024
386,1,0.192794,0.240978,0.173862
387,1,0.149121,0.240741,0.173476
388,1,0.1797,0.240583,0.172794
389,1,0.18253,0.240434,0.173082
390,1,0.110797,0.240102,0.17229
391,1,0.221242,0.240053,0.172884
392,1,0.21416,0.239987,0.172968
393,1,0.219813,0.239936,0.17364
394,1,0.252275,0.239967,0.174694
395,1,0.19717,0.239859,0.174539
396,1,0.230554,0.239835,0.174673
397,1,0.165767,0.239649,0.174545
398,1,0.170739,0.239476,0.17416
399,1,0.130609,0.239203,0.173308
400,1,0.177808,0.239049,0.173284
401,1,0.126299,0.238768,0.173139
402,1,0.171269,0.2386,0.172382
403,1,0.146528,0.238372,0.17263
404,1,0.170526,0.238204,0.172985
405,1,0.185017,0.238073,0.172647
406,1,0.151984,0.237861,0.171897
407,1,0.155525,0.237658,0.171846
408,1,0.143239,0.237427,0.171724
409,1,0.141517,0.237192,0.171508
410,1,0.102236,0.236863,0.170589
411,1,0.121987,0.236584,0.170218
412,1,0.139065,0.236347,0.169536
413,1,0.131962,0.236094,0.169298
414,1,0.154835,0.235898,0.169363
415,1,0.179904,0.235763,0.169538
416,1,0.148876,0.235554,0.169145
417,1,0.165499,0.235386,0.168985
418,1,0.261605,0.235449,0.170179
419,1,0.107932,0.235145,0.169509
420,1,0.168964,0.234987,0.16915
421,1,0.115035,0.234702,0.16828
422,1,0.155787,0.234515,0.168724
423,1,0.102503,0.234203,0.168196
424,1,0.152427,0.23401,0.167824
425,1,0.178959,0.233881,0.167264
426,1,0.168249,0.233727,0.166338
427,1,0.263001,0.233795,0.167685
428,1,0.163764,0.233631,0.168174
429,1,0.140113,0.233413,0.168251
430,1,0.162189,0.233248,0.168183
431,1,0.14235,0.233037,0.167665
432,1,0.227868,0.233025,0.168737
433,1,0.160163,0.232857,0.168489
434,1,0.152492,0.232672,0.168073
435,1,0.196753,0.232589,0.167974
436,1,0.086828,0.232255,0.166636
437,1,0.151589,0.23207,0.166696
438,1,0.131532,0.231841,0.16631
439,1,0.135711,0.231622,0.165573
440,1,0.148782,0.231433,0.165231
441,1,0.1671,0.231287,0.164789
442,1,0.150352,0.231104,0.164672
443,1,0.198971,0.231032,0.165514
444,1,0.177278,0.230911,0.16569
445,1,0.094379,0.230604,0.164797
446,1,0.176387,0.230482,0.164742
447,1,0.166418,0.230339,0.16444
448,1,0.172188,0.230209,0.164325
449,1,0.138932,0.230006,0.164303
450,1,0.159944,0.22985,0.164418
451,1,0.128677,0.229626,0.164372
452,1,0.156172,0.229463,0.16429
453,1,0.175972,0.229345,0.164522
454,1,0.190666,0.22926,0.164716
455,1,0.111162,0.229001,0.164014
456,1,0.131144,0.228786,0.163671
457,1,0.196741,0.228716,0.16358
458,1,0.135646,0.228513,0.162911
459,1,0.15998,0.228363,0.163051
460,1,0.260279,0.228433,0.163947
461,1,0.147196,0.228256,0.164007
462,1,0.161862,0.228113,0.164159
463,1,0.196439,0.228044,0.163982
464,1,0.179432,0.22794,0.163591
465,1,0.167194,0.227809,0.162918
466,1,0.176931,0.2277,0.163424
467,1,0.169283,0.227575,0.164136
468,1,0.260517,0.227645,0.164474
469,1,0.096205,0.227365,0.164269
470,1,0.187104,0.227279,0.164622
471,1,0.173533,0.227165,0.164786
472,1,0.227376,0.227165,0.165162
473,1,0.223199,0.227157,0.164762
474,1,0.241839,0.227188,0.165568
475,1,0.14127,0.227007,0.16485
476,1,0.171681,0.226891,0.164741
477,1,0.217642,0.226872,0.165768
478,1,0.141134,0.226692,0.165542
479,1,0.143946,0.226519,0.165301
480,1,0.148682,0.226357,0.165024
481,1,0.180147,0.226261,0.165881
482,1,0.153599,0.22611,0.166306
483,1,0.210324,0.226078,0.166494
484,1,0.216916,0.226059,0.167279
485,1,0.156491,0.225915,0.167443
486,1,0.105954,0.225669,0.166574
487,1,0.229234,0.225676,0.167375
488,1,0.266507,0.22576,0.168244
489,1,0.145642,0.225596,0.167875
490,1,0.20831,0.22556,0.16885
491,1,0.168909,0.225445,0.168326
492,1,0.235663,0.225466,0.168541
493,1,0.155689,0.225324,0.1679
494,1,0.10781,0.225086,0.166456
495,1,0.17981,0.224995,0.166282
496,1,0.229936,0.225005,0.166276
497,1,0.143155,0.22484,0.16605
498,1,0.170993,0.224732,0.166052
499,1,0.146109,0.224575,0.166207
500,1,0.190077,0.224506,0.16633
501,1,0.117038,0.224291,0.166237
502,1,0.213638,0.22427,0.166661
503,1,0.124505,0.224071,0.166441
504,1,0.198777,0.224021,0.166723
505,1,0.195093,0.223964,0.166824
506,1,0.124422,0.223767,0.166548
507,1,0.13733,0.223597,0.166366
508,1,0.188901,0.223528,0.166823
509,1,0.106526,0.223299,0.166473
510,1,0.139273,0.223134,0.166844
511,1,0.137415,0.222966,0.166998
512,1,0.145409,0.222815,0.167061
513,1,0.139534,0.222652,0.167137
514,1,0.139507,0.222491,0.166984
515,1,0.15513,0.22236,0.166736
516,1,0.15832,0.222236,0.16683
517,1,0.189954,0.222173,0.167075
518,1,0.14061,0.222016,0.165865
519,1,0.17365,0.221923,0.166522
520,1,0.205711,0.221891,0.16689
521,1,0.138887,0.221732,0.167128
522,1,0.093489,0.221486,0.166505
523,1,0.105817,0.221265,0.166538
524,1,0.140741,0.221112,0.166421
525,1,0.166304,0.221007,0.166295
526,1,0.096653,0.220771,0.165579
527,1,0.121068,0.220582,0.16416
528,1,0.143197,0.220435,0.163954
529,1,0.14473,0.220292,0.164
530,1,0.14421,0.220148,0.16382
531,1,0.146652,0.22001,0.163863
532,1,0.118732,0.21982,0.162772
533,1,0.136443,0.219663,0.162535
534,1,0.144992,0.219523,0.16246
535,1,0.131876,0.219359,0.161811
536,1,0.136595,0.219205,0.162309
537,1,0.135129,0.219048,0.162144
538,1,0.120338,0.218865,0.162032
539,1,0.120328,0.218682,0.161878
540,1,0.194052,0.218637,0.162331
541,1,0.149394,0.218509,0.162154
542,1,0.126543,0.218339,0.161916
543,1,0.224398,0.21835,0.16217
544,1,0.146708,0.218218,0.161864
545,1,0.100039,0.218002,0.161921
546,1,0.228678,0.218021,0.162444
547,1,0.145727,0.217889,0.162237
548,1,0.21923,0.217891,0.162707
549,1,0.10664,0.217689,0.162385
550,1,0.15239,0.21757,0.162309
551,1,0.124128,0.2174,0.162264
552,1,0.218861,0.217403,0.16289
553,1,0.120482,0.217228,0.162336
554,1,0.178931,0.217159,0.162218
555,1,0.118478,0.216981,0.162291
556,1,0.231365,0.217007,0.163294
557,1,0.126243,0.216844,0.162589
558,1,0.178518,0.216775,0.163017
559,1,0.153966,0.216663,0.162957
560,1,0.133353,0.216514,0.161688
561,1,0.167042,0.216426,0.161886
562,1,0.180245,0.216361,0.16207
563,1,0.156885,0.216256,0.161675
564,1,0.135975,0.216113,0.16124
565,1,0.081734,0.215876,0.160385
566,1,0.160407,0.215778,0.16022
567,1,0.174487,0.215705,0.160272
568,1,0.178416,0.215639,0.159451
569,1,0.205323,0.215621,0.160542
570,1,0.141993,0.215492,0.160091
571,1,0.125881,0.215335,0.159615
572,1,0.179664,0.215272,0.159138
573,1,0.146859,0.215153,0.158374
574,1,0.242526,0.215201,0.158381
575,1,0.178542,0.215137,0.158754
576,1,0.146018,0.215017,0.158497
577,1,0.119044,0.214851,0.157511
578,1,0.230853,0.214878,0.158408
579,1,0.13789,0.214745,0.158348
580,1,0.183927,0.214692,0.1587
581,1,0.250605,0.214754,0.159405
582,1,0.101544,0.21456,0.158884
583,1,0.115351,0.214389,0.157935
584,1,0.146699,0.214274,0.157233
585,1,0.286613,0.214397,0.158534
586,1,0.163383,0.21431,0.159108
587,1,0.100315,0.214116,0.157819
588,1,0.163037,0.214029,0.156784
589,1,0.192273,0.213992,0.15725
590,1,0.134636,0.213858,0.156514
591,1,0.188232,0.213814,0.156707
592,1,0.139941,0.213689,0.15575
593,1,0.124444,0.213539,0.155437
594,1,0.095011,0.213339,0.155309
595,1,0.186943,0.213295,0.155381
596,1,0.199803,0.213272,0.155079
597,1,0.128731,0.213131,0.154935
598,1,0.094365,0.212932,0.154169
599,1,0.186766,0.212889,0.154575
600,1,0.100437,0.212701,0.153679
601,1,0.158741,0.212611,0.154096
602,1,0.159828,0.212524,0.153558
603,1,0.165919,0.212446,0.153972
604,1,0.144838,0.212334,0.153433
605,1,0.206816,0.212325,0.15355
606,1,0.136662,0.2122,0.153672
607,1,0.159924,0.212114,0.153898
608,1,0.150858,0.212014,0.153518
609,1,0.150408,0.211912,0.153957
610,1,0.084572,0.211704,0.15341
611,1,0.165273,0.211628,0.153688
612,1,0.138165,0.211508,0.153616
613,1,0.136279,0.211385,0.153583
614,1,0.190926,0.211352,0.154097
615,1,0.210906,0.211351,0.154655
616,1,0.157822,0.211264,0.15465
617,1,0.109891,0.2111,0.153849
618,1,0.121351,0.210954,0.153657
619,1,0.12262,0.210812,0.153147
620,1,0.146023,0.210707,0.15255
621,1,0.160762,0.210627,0.152768
622,1,0.182877,0.210582,0.153662
623,1,0.110836,0.210422,0.153713
624,1,0.092803,0.210234,0.153233
625,1,0.118203,0.210086,0.152752
626,1,0.112125,0.20993,0.152907
627,1,0.144434,0.209825,0.153141
628,1,0.138189,0.209711,0.15309
629,1,0.133067,0.209589,0.152974
630,1,0.177965,0.209539,0.153311
631,1,0.148259,0.209442,0.153327
632,1,0.240754,0.209492,0.154548
633,1,0.190001,0.209461,0.155083
634,1,0.110766,0.209305,0.154741
635,1,0.217798,0.209319,0.1556
636,1,0.116976,0.209173,0.155404
637,1,0.145374,0.209073,0.155506
638,1,0.210074,0.209075,0.156404
639,1,0.199196,0.209059,0.157193
640,1,0.174785,0.209006,0.157
641,1,0.069558,0.208788,0.156201
642,1,0.104288,0.208626,0.155979
643,1,0.138238,0.208516,0.155117
644,1,0.170645,0.208457,0.155357
645,1,0.121431,0.208322,0.155571
646,1,0.193102,0.208299,0.155215
647,1,0.147071,0.208204,0.155228
648,1,0.171112,0.208147,0.154747
649,1,0.170951,0.20809,0.15539
650,1,0.170945,0.208032,0.155576
651,1,0.101634,0.207869,0.155351
652,1,0.176783,0.207821,0.15493
653,1,0.125913,0.207696,0.154984
654,1,0.135884,0.207586,0.154554
655,1,0.161568,0.207516,0.154985
656,1,0.137914,0.20741,0.15405
657,1,0.135368,0.2073,0.154142
658,1,0.226298,0.207329,0.154619
659,1,0.127785,0.207208,0.154358
660,1,0.109911,0.207061,0.154123
661,1,0.22029,0.207081,0.154656
662,1,0.159823,0.207009,0.154451
663,1,0.132379,0.206897,0.154206
664,1,0.136269,0.20679,0.154209
665,1,0.152788,0.206709,0.15492
666,1,0.126616,0.206589,0.154582
667,1,0.066281,0.206379,0.1535
668,1,0.205874,0.206378,0.153774
669,1,0.183442,0.206344,0.153556
670,1,0.227422,0.206375,0.15441
671,1,0.232238,0.206414,0.155473
672,1,0.249885,0.206478,0.156176
673,1,0.139322,0.206379,0.1561
674,1,0.193738,0.20636,0.155612
675,1,0.112069,0.20622,0.154948
676,1,0.171208,0.206168,0.1552
677,1,0.216996,0.206184,0.156179
678,1,0.172496,0.206135,0.155596
679,1,0.134439,0.206029,0.155561
680,1,0.132178,0.20592,0.155043
681,1,0.143028,0.205828,0.153968
682,1,0.133692,0.205722,0.154289
683,1,0.116402,0.205592,0.1543
684,1,0.103696,0.205443,0.15387
685,1,0.24215,0.205496,0.153425
686,1,0.256849,0.205571,0.15436
687,1,0.175438,0.205527,0.155111
688,1,0.070827,0.205331,0.154189
689,1,0.137552,0.205233,0.153642
690,1,0.076424,0.205046,0.15306
691,1,0.141597,0.204954,0.152593
692,1,0.097879,0.2048,0.152173
693,1,0.163787,0.204741,0.152566
694,1,0.147188,0.204658,0.153088
695,1,0.128814,0.204548,0.152506
696,1,0.10235,0.204402,0.151532
697,1,0.140531,0.20431,0.15165
698,1,0.179473,0.204274,0.152501
699,1,0.218052,0.204294,0.152814
700,1,0.129473,0.204187,0.153104
701,1,0.120875,0.204068,0.152726
702,1,0.18231,0.204037,0.15295
703,1,0.128512,0.20393,0.152576
704,1,0.158252,0.203865,0.15271
705,1,0.161931,0.203806,0.152262
706,1,0.06769,0.203613,0.151572
707,1,0.277826,0.203718,0.152751
708,1,0.106162,0.20358,0.152304
709,1,0.104071,0.20344,0.151841
710,1,0.156488,0.203374,0.15256
711,1,0.164997,0.20332,0.152557
712,1,0.167762,0.20327,0.152853
713,1,0.19678,0.20326,0.153458
714,1,0.155654,0.203194,0.153105
715,1,0.14508,0.203113,0.152447
716,1,0.194314,0.2031,0.152812
717,1,0.087157,0.202939,0.152585
718,1,0.137168,0.202847,0.152743
719,1,0.117729,0.202729,0.152694
720,1,0.146495,0.20265,0.152698
721,1,0.092243,0.202497,0.152013
722,1,0.08643,0.202337,0.151049
723,1,0.139097,0.202249,0.151331
724,1,0.157887,0.202188,0.151982
725,1,0.10062,0.202048,0.151806
726,1,0.179158,0.202016,0.152477
727,1,0.19592,0.202008,0.152992
728,1,0.074788,0.201833,0.152358
729,1,0.125494,0.201728,0.152282
730,1,0.185857,0.201707,0.152361
731,1,0.126964,0.201604,0.152148
732,1,0.181172,0.201576,0.151552
733,1,0.082725,0.201414,0.150479
734,1,0.132903,0.201321,0.150701
735,1,0.121667,0.201213,0.149739
736,1,0.172485,0.201174,0.150294
737,1,0.175763,0.201139,0.150598
738,1,0.188403,0.201122,0.150382
739,1,0.193083,0.201111,0.15032
740,1,0.184975,0.201089,0.150422
741,1,0.189114,0.201073,0.151618
742,1,0.133977,0.200983,0.151915
743,1,0.100442,0.200847,0.151537
744,1,0.222944,0.200877,0.15206
745,1,0.188237,0.20086,0.152728
746,1,0.19202,0.200848,0.152717
747,1,0.119077,0.200739,0.152437
748,1,0.179746,0.200711,0.152523
749,1,0.185076,0.20069,0.152665
750,1,0.100572,0.200556,0.151961
751,1,0.106597,0.200431,0.152011
752,1,0.109678,0.20031,0.15134
753,1,0.169095,0.200269,0.151771
754,1,0.168756,0.200227,0.1521
755,1,0.169091,0.200186,0.152175
756,1,0.156307,0.200128,0.152359
757,1,0.178749,0.2001,0.152793
758,1,0.159139,0.200046,0.152122
759,1,0.18124,0.200021,0.152656
760,1,0.124252,0.199921,0.152799
761,1,0.159727,0.199868,0.152194
762,1,0.142725,0.199793,0.152023
763,1,0.116029,0.199684,0.151859
764,1,0.138808,0.199604,0.151885
765,1,0.115473,0.199494,0.151512
766,1,0.129193,0.199402,0.151537
767,1,0.134934,0.199318,0.152224
768,1,0.103204,0.199193,0.151197
769,1,0.165996,0.19915,0.151023
770,1,0.125187,0.199054,0.15
771,1,0.133636,0.198969,0.149014
772,1,0.151451,0.198907,0.14803
773,1,0.18394,0.198888,0.148476
774,1,0.126096,0.198794,0.1478
775,1,0.125218,0.198699,0.147931
776,1,0.122042,0.1986,0.14744
777,1,0.21273,0.198618,0.147397
778,1,0.122895,0.198521,0.146901
779,1,0.1287,0.198431,0.146844
780,1,0.152247,0.198372,0.147044
781,1,0.12883,0.198283,0.146902
782,1,0.142946,0.198212,0.146995
783,1,0.111176,0.198101,0.146943
784,1,0.171304,0.198067,0.147619
785,1,0.168393,0.198029,0.146881
786,1,0.096522,0.1979,0.145278
787,1,0.156219,0.197847,0.145086
788,1,0.18479,0.197831,0.146225
789,1,0.157291,0.197779,0.146423
790,1,0.154601,0.197725,0.147204
791,1,0.111457,0.197615,0.146903
792,1,0.122952,0.197521,0.147154
793,1,0.265791,0.197607,0.148174
794,1,0.100822,0.197485,0.14771
795,1,0.168903,0.197449,0.148111
796,1,0.150421,0.19739,0.148592
797,1,0.186717,0.197377,0.149054
798,1,0.153629,0.197322,0.148795
799,1,0.150218,0.197263,0.148117
800,1,0.167208,0.197226,0.148494
801,1,0.19903,0.197228,0.149276
802,1,0.171548,0.197196,0.149168
803,1,0.149195,0.197136,0.149375
804,1,0.140668,0.197066,0.149199
805,1,0.165315,0.197026,0.149233
806,1,0.125353,0.196937,0.14981
807,1,0.152249,0.196882,0.148554
808,1,0.120937,0.196788,0.148702
809,1,0.216185,0.196812,0.149823
810,1,0.09181,0.196682,0.149176
811,1,0.173343,0.196654,0.149259
812,1,0.108147,0.196545,0.148663
813,1,0.140391,0.196476,0.148099
814,1,0.105346,0.196364,0.147596
815,1,0.143335,0.196299,0.147579
816,1,0.206451,0.196311,0.1477
817,1,0.103097,0.196197,0.14786
818,1,0.087534,0.196064,0.147363
819,1,0.138292,0.195994,0.147569
820,1,0.123979,0.195906,0.147344
821,1,0.132717,0.195829,0.147748
822,1,0.173286,0.195801,0.148617
823,1,0.134021,0.195726,0.148566
824,1,0.203658,0.195736,0.149024
825,1,0.127828,0.195654,0.149296
826,1,0.150764,0.195599,0.149012
827,1,0.175491,0.195575,0.148808
828,1,0.150102,0.19552,0.149561
829,1,0.125695,0.195436,0.149563
830,1,0.166603,0.195401,0.14937
831,1,0.140995,0.195336,0.149511
832,1,0.120427,0.195246,0.148903
833,1,0.124684,0.195161,0.149323
834,1,0.210395,0.195179,0.150098
835,1,0.125883,0.195096,0.15014
836,1,0.183736,0.195083,0.150252
837,1,0.147015,0.195025,0.149965
838,1,0.210157,0.195043,0.150182
839,1,0.153263,0.194993,0.149784
840,1,0.181368,0.194977,0.149748
841,1,0.117355,0.194885,0.149031
842,1,0.108647,0.194782,0.148777
843,1,0.172934,0.194756,0.149502
844,1,0.135257,0.194686,0.148625
845,1,0.125334,0.194604,0.147996
846,1,0.224968,0.19464,0.148326
847,1,0.158028,0.194597,0.148715
848,1,0.162733,0.194559,0.148545
849,1,0.105237,0.194454,0.147747
850,1,0.129107,0.194377,0.148032
851,1,0.195594,0.194378,0.148922
852,1,0.126604,0.194299,0.149091
853,1,0.165349,0.194265,0.149054
854,1,0.132216,0.194192,0.148689
855,1,0.215436,0.194217,0.149152
856,1,0.106223,0.194114,0.148651
857,1,0.19734,0.194118,0.148837
858,1,0.15384,0.194071,0.148784
859,1,0.138131,0.194006,0.148353
860,1,0.235389,0.194054,0.149464
861,1,0.156776,0.194011,0.149435
862,1,0.125169,0.193931,0.149259
863,1,0.134457,0.193862,0.149444
864,1,0.082235,0.193733,0.148878
865,1,0.149282,0.193681,0.149216
866,1,0.208111,0.193698,0.150005
867,1,0.154823,0.193653,0.150204
868,1,0.158865,0.193613,0.150761
869,1,0.126849,0.193536,0.150369
870,1,0.123921,0.193456,0.150356
871,1,0.168072,0.193427,0.150701
872,1,0.140982,0.193367,0.150596
873,1,0.109009,0.19327,0.149847
874,1,0.111566,0.193177,0.149702
875,1,0.132764,0.193108,0.149777
876,1,0.113411,0.193017,0.149691
877,1,0.149052,0.192967,0.149054
878,1,0.163533,0.192933,0.14946
879,1,0.262234,0.193012,0.150796
880,1,0.10645,0.192914,0.150338
881,1,0.109749,0.192819,0.150147
882,1,0.11344,0.192729,0.149852
883,1,0.157344,0.192689,0.150313
884,1,0.157674,0.19265,0.150177
885,1,0.172515,0.192627,0.150218
886,1,0.164926,0.192596,0.150902
887,1,0.185277,0.192587,0.151193
888,1,0.104564,0.192488,0.150391
889,1,0.197356,0.192494,0.150791
890,1,0.129558,0.192423,0.150541
891,1,0.171826,0.1924,0.151145
892,1,0.122306,0.192321,0.151138
893,1,0.090273,0.192207,0.149383
894,1,0.143944,0.192153,0.149814
895,1,0.163635,0.192121,0.149762
896,1,0.144917,0.192068,0.149707
897,1,0.184965,0.192061,0.149689
898,1,0.177367,0.192044,0.149926
899,1,0.114521,0.191958,0.149569
900,1,0.129843,0.191889,0.149196
901,1,0.167916,0.191862,0.148885
902,1,0.148724,0.191815,0.148656
903,1,0.127969,0.191744,0.148444
904,1,0.143953,0.191691,0.148477
905,1,0.149229,0.191644,0.148316
906,1,0.190182,0.191642,0.148964
907,1,0.220184,0.191674,0.149644
908,1,0.151057,0.191629,0.149945
909,1,0.151593,0.191585,0.149299
910,1,0.119251,0.191506,0.149573
911,1,0.204917,0.19152,0.149889
912,1,0.190021,0.191519,0.150708
913,1,0.104815,0.191424,0.150352
914,1,0.187611,0.19142,0.151175
915,1,0.084698,0.191303,0.150588
916,1,0.123727,0.191229,0.149761
917,1,0.136075,0.191169,0.150091
918,1,0.199039,0.191178,0.151206
919,1,0.157692,0.191141,0.1514
920,1,0.132649,0.191078,0.151487
921,1,0.11286,0.190993,0.151288
922,1,0.099164,0.190893,0.150547
923,1,0.110542,0.190806,0.150312
924,1,0.127294,0.190737,0.149549
925,1,0.165135,0.19071,0.149922
926,1,0.120031,0.190633,0.149614
927,1,0.092871,0.190528,0.148788
928,1,0.142658,0.190476,0.148714
929,1,0.098328,0.190377,0.14844
930,1,0.164304,0.190349,0.148417
931,1,0.121056,0.190275,0.148218
932,1,0.126529,0.190206,0.148279
933,1,0.143281,0.190156,0.148465
934,1,0.177889,0.190143,0.148139
935,1,0.102809,0.190049,0.147909
936,1,0.106267,0.18996,0.147134
937,1,0.130715,0.189897,0.146971
938,1,0.192823,0.1899,0.146798
939,1,0.127292,0.189833,0.146538
940,1,0.191401,0.189835,0.146638
941,1,0.156622,0.189799,0.147031
942,1,0.229709,0.189842,0.148242
943,1,0.130555,0.189779,0.147818
944,1,0.229587,0.189821,0.148761
945,1,0.100413,0.189726,0.148512
946,1,0.12598,0.189659,0.147522
947,1,0.155192,0.189623,0.147494
948,1,0.099013,0.189527,0.146856
949,1,0.074128,0.189405,0.146545
950,1,0.167442,0.189382,0.146929
951,1,0.151477,0.189343,0.146488
952,1,0.153883,0.189305,0.14676
953,1,0.147177,0.189261,0.146579
954,1,0.135424,0.189205,0.146611
955,1,0.203214,0.189219,0.146488
956,1,0.112673,0.189139,0.146553
957,1,0.207257,0.189158,0.146652
958,1,0.144346,0.189111,0.146557
959,1,0.127149,0.189047,0.146447
960,1,0.140669,0.188996,0.1455
961,1,0.124201,0.188929,0.145174
962,1,0.171616,0.188911,0.145639
963,1,0.188288,0.18891,0.146177
964,1,0.191838,0.188913,0.147273
965,1,0.196167,0.188921,0.147742
966,1,0.096593,0.188825,0.146627
967,1,0.28944,0.188929,0.147973
968,1,0.145928,0.188885,0.147844
969,1,0.114264,0.188808,0.147718
970,1,0.12232,0.188739,0.147702
971,1,0.194091,0.188745,0.147962
972,1,0.093775,0.188647,0.14749
973,1,0.158992,0.188617,0.14799
974,1,0.215118,0.188644,0.149025
975,1,0.135063,0.188589,0.149048
976,1,0.104033,0.188502,0.148955
977,1,0.132272,0.188445,0.148787
978,1,0.115555,0.18837,0.148307
979,1,0.133902,0.188315,0.147024
980,1,0.169684,0.188296,0.147656
981,1,0.151654,0.188258,0.148075
982,1,0.202097,0.188272,0.148962
983,1,0.141694,0.188225,0.148805
984,1,0.147405,0.188183,0.148702
985,1,0.201269,0.188197,0.14899
986,1,0.224141,0.188233,0.149582
987,1,0.07905,0.188123,0.14852
988,1,0.195014,0.18813,0.149424
989,1,0.209111,0.188151,0.149542
990,1,0.111155,0.188073,0.149358
991,1,0.083661,0.187968,0.148476
992,1,0.1232,0.187902,0.148485
993,1,0.205365,0.18792,0.149636
994,1,0.112395,0.187844,0.149321
995,1,0.099373,0.187755,0.148678
996,1,0.116503,0.187683,0.148394
997,1,0.154396,0.18765,0.148088
998,1,0.155716,0.187618,0.147872
999,1,0.109231,0.18754,0.147819
1000,1,0.168913,0.187521,0.148209
1001,1,0.158385,0.187492,0.148114
1002,1,0.141096,0.187446,0.148038
1003,1,0.184607,0.187443,0.148604
1004,1,0.12978,0.187385,0.148462
1005,1,0.132426,0.187331,0.148294
1006,1,0.102895,0.187247,0.147422
1007,1,0.194698,0.187254,0.147167
1008,1,0.175218,0.187242,0.147408
1009,1,0.108393,0.187164,0.146976
1010,1,0.116413,0.187094,0.146948
1011,1,0.124775,0.187032,0.146147
1012,1,0.171574,0.187017,0.145962
1013,1,0.170828,0.187001,0.146622
1014,1,0.16859,0.186983,0.146432
1015,1,0.093572,0.186891,0.146521
1016,1,0.078914,0.186785,0.146073
1017,1,0.151887,0.18675,0.146231
1018,1,0.156821,0.186721,0.145809
1019,1,0.115834,0.186651,0.14539
1020,1,0.116317,0.186582,0.145227
1021,1,0.207679,0.186603,0.146175
1022,1,0.146706,0.186564,0.14665
1023,1,0.06129,0.186442,0.146158
1024,1,0.095929,0.186353,0.145844
1025,1,0.149592,0.186317,0.145689
1026,1,0.256067,0.186385,0.147049
1027,1,0.123295,0.186324,0.147353
1028,1,0.139207,0.186278,0.147319
1029,1,0.125987,0.186219,0.147595
1030,1,0.140936,0.186175,0.147362
1031,1,0.164722,0.186155,0.147798
1032,1,0.119309,0.18609,0.147726
1033,1,0.095749,0.186002,0.147251
1034,1,0.236026,0.186051,0.147832
1035,1,0.143311,0.18601,0.148237
1036,1,0.125386,0.185951,0.148428
1037,1,0.107903,0.185876,0.1482
1038,1,0.173795,0.185864,0.14801
1039,1,0.089436,0.185771,0.147631
1040,1,0.076606,0.185666,0.146483
1041,1,0.14494,0.185627,0.146367
1042,1,0.194596,0.185636,0.146016
1043,1,0.224117,0.185673,0.146951
1044,1,0.108057,0.185598,0.145736
1045,1,0.134014,0.185549,0.146072
1046,1,0.176676,0.185541,0.146579
1047,1,0.182296,0.185537,0.14685
1048,1,0.189022,0.185541,0.14775
1049,1,0.1093,0.185468,0.148102
1050,1,0.152032,0.185436,0.147948
1051,1,0.155397,0.185408,0.147987
1052,1,0.157698,0.185381,0.148025
1053,1,0.128275,0.185327,0.147836
1054,1,0.119088,0.185264,0.147673
1055,1,0.212723,0.18529,0.147768
1056,1,0.131753,0.18524,0.147958
1057,1,0.090164,0.18515,0.146787
1058,1,0.169094,0.185134,0.147035
1059,1,0.123026,0.185076,0.146994
1060,1,0.083508,0.18498,0.146422
1061,1,0.139813,0.184937,0.146578
1062,1,0.102028,0.184859,0.145882
1063,1,0.150073,0.184827,0.1455
1064,1,0.152721,0.184796,0.145109
1065,1,0.104068,0.184721,0.144188
1066,1,0.127799,0.184667,0.1445
1067,1,0.089338,0.184578,0.142499
1068,1,0.106089,0.184504,0.142101
1069,1,0.131155,0.184454,0.14227
1070,1,0.09837,0.184374,0.14203
1071,1,0.168748,0.184359,0.141777
1072,1,0.170206,0.184346,0.142541
1073,1,0.13017,0.184296,0.142253
1074,1,0.249193,0.184356,0.142594
1075,1,0.162699,0.184336,0.14287
1076,1,0.164155,0.184317,0.143471
1077,1,0.221636,0.184352,0.144365
1078,1,0.230614,0.184395,0.145515
1079,1,0.181339,0.184392,0.14599
1080,1,0.181084,0.184389,0.146104
1081,1,0.204272,0.184407,0.14663
1082,1,0.116811,0.184345,0.145777
1083,1,0.130873,0.184295,0.145669
1084,1,0.114122,0.184231,0.145336
1085,1,0.180877,0.184228,0.145132
1086,1,0.08864,0.18414,0.143777
1087,1,0.1306,0.18409,0.144293
1088,1,0.135226,0.184045,0.143695
1089,1,0.165578,0.184028,0.143259
1090,1,0.26485,0.184103,0.144796
1091,1,0.126832,0.18405,0.145228
1092,1,0.065854,0.183942,0.144655
1093,1,0.115275,0.183879,0.143754
1094,1,0.158337,0.183856,0.144213
1095,1,0.120644,0.183798,0.144426
1096,1,0.122786,0.183742,0.144489
1097,1,0.22434,0.183779,0.145188
1098,1,0.149974,0.183749,0.145131
1099,1,0.179451,0.183745,0.145833
1100,1,0.167839,0.18373,0.145822
1101,1,0.176266,0.183723,0.146001
1102,1,0.119625,0.183665,0.145786
1103,1,0.126615,0.183614,0.145206
1104,1,0.170053,0.183601,0.145609
1105,1,0.121494,0.183545,0.1455
1106,1,0.211749,0.183571,0.146588
1107,1,0.118915,0.183512,0.14583
1108,1,0.08319,0.183422,0.14491
1109,1,0.225246,0.183459,0.146079
1110,1,0.189664,0.183465,0.146811
1111,1,0.124871,0.183412,0.146812
1112,1,0.119327,0.183355,0.14629
1113,1,0.109573,0.183288,0.145677
1114,1,0.094998,0.183209,0.144941
1115,1,0.136044,0.183167,0.145366
1116,1,0.125837,0.183115,0.145835
1117,1,0.153519,0.183089,0.145851
1118,1,0.171277,0.183078,0.145996
1119,1,0.107241,0.18301,0.14591
1120,1,0.129937,0.182963,0.146046
1121,1,0.122284,0.182909,0.145192
1122,1,0.148175,0.182878,0.145207
1123,1,0.120883,0.182823,0.145803
1124,1,0.121174,0.182768,0.146055
1125,1,0.174406,0.182761,0.146304
1126,1,0.14071,0.182723,0.14515
1127,1,0.085679,0.182637,0.144774
1128,1,0.145628,0.182604,0.144838
1129,1,0.164751,0.182588,0.145226
1130,1,0.138649,0.18255,0.145203
1131,1,0.111708,0.182487,0.144673
1132,1,0.103381,0.182417,0.144513
1133,1,0.134821,0.182375,0.144904
1134,1,0.189822,0.182382,0.144442
1135,1,0.169996,0.182371,0.144709
1136,1,0.110166,0.182307,0.144557
1137,1,0.131048,0.182262,0.144788
1138,1,0.150963,0.182235,0.14456
1139,1,0.194512,0.182245,0.145611
1140,1,0.110755,0.182183,0.145952
1141,1,0.204187,0.182202,0.146545
1142,1,0.109089,0.182138,0.145689
1143,1,0.228346,0.182178,0.145732
1144,1,0.120416,0.182124,0.145855
1145,1,0.129394,0.182078,0.145809
1146,1,0.163006,0.182062,0.145672
1147,1,0.103768,0.181993,0.144887
1148,1,0.13511,0.181953,0.144348
1149,1,0.233163,0.181997,0.145587
1150,1,0.151826,0.181971,0.145585
1151,1,0.166359,0.181957,0.145694
1152,1,0.163978,0.181942,0.145757
1153,1,0.166693,0.181928,0.146141
1154,1,0.18221,0.181929,0.146772
1155,1,0.168636,0.181917,0.146332
1156,1,0.105032,0.181851,0.146064
1157,1,0.173346,0.181843,0.146896
1158,1,0.156683,0.181822,0.146772
1159,1,0.16211,0.181805,0.147163
1160,1,0.114926,0.181747,0.147477
1161,1,0.164147,0.181732,0.14772
1162,1,0.196939,0.181745,0.14867
1163,1,0.118521,0.181691,0.148354
1164,1,0.144483,0.181659,0.148272
1165,1,0.189686,0.181665,0.149128
1166,1,0.118964,0.181612,0.149039
1167,1,0.134164,0.181571,0.149488
1168,1,0.1498,0.181544,0.149925
1169,1,0.147436,0.181515,0.150088
1170,1,0.150162,0.181488,0.150606
1171,1,0.177834,0.181485,0.150696
1172,1,0.120144,0.181432,0.150196
1173,1,0.197069,0.181446,0.150865
1174,1,0.208435,0.181469,0.150457
1175,1,0.156456,0.181447,0.150395
1176,1,0.163932,0.181432,0.150393
1177,1,0.136008,0.181394,0.149536
1178,1,0.164374,0.181379,0.148874
1179,1,0.09388,0.181305,0.147999
1180,1,0.124139,0.181257,0.14743
1181,1,0.130389,0.181214,0.146691
1182,1,0.134498,0.181174,0.146868
1183,1,0.192203,0.181184,0.147481
1184,1,0.128293,0.181139,0.147623
1185,1,0.181287,0.181139,0.147627
1186,1,0.164858,0.181125,0.148389
1187,1,0.174605,0.18112,0.148829
1188,1,0.167159,0.181108,0.149149
1189,1,0.165442,0.181095,0.149147
1190,1,0.18255,0.181096,0.148324
1191,1,0.168644,0.181086,0.148742
1192,1,0.127405,0.181041,0.149358
1193,1,0.112707,0.180983,0.149332
1194,1,0.219189,0.181015,0.149941
1195,1,0.15679,0.180995,0.150302
1196,1,0.162063,0.180979,0.150695
1197,1,0.138236,0.180943,0.149834
1198,1,0.080966,0.18086,0.149144
1199,1,0.156439,0.18084,0.148914
1200,1,0.067082,0.180745,0.147906
1201,1,0.148144,0.180718,0.147625
1202,1,0.088957,0.180641,0.147318
1203,1,0.188145,0.180648,0.147933
1204,1,0.15417,0.180626,0.147775
1205,1,0.140899,0.180593,0.147969
1206,1,0.118255,0.180541,0.147034
1207,1,0.103191,0.180477,0.146877
1208,1,0.177351,0.180474,0.147818
1209,1,0.143083,0.180443,0.146996
1210,1,0.156325,0.180423,0.146663
1211,1,0.151071,0.180399,0.146925
1212,1,0.155275,0.180378,0.147285
1213,1,0.135344,0.180341,0.147542
1214,1,0.242615,0.180393,0.149018
1215,1,0.089936,0.180318,0.148557
1216,1,0.152348,0.180295,0.148823
1217,1,0.066143,0.180201,0.147949
1218,1,0.195511,0.180214,0.148191
1219,1,0.127071,0.18017,0.148389
1220,1,0.16819,0.180161,0.148772
1221,1,0.107305,0.180101,0.148622
1222,1,0.072856,0.180013,0.147869
1223,1,0.140734,0.179981,0.148067
1224,1,0.144479,0.179952,0.1483
1225,1,0.077585,0.179868,0.147332
1226,1,0.143075,0.179838,0.147356
1227,1,0.133051,0.1798,0.14783
1228,1,0.213477,0.179828,0.148508
1229,1,0.12751,0.179785,0.148136
1230,1,0.145841,0.179758,0.148208
1231,1,0.078723,0.179675,0.147878
1232,1,0.164387,0.179663,0.148488
1233,1,0.164638,0.179651,0.148786
1234,1,0.199656,0.179667,0.148884
1235,1,0.213045,0.179694,0.149315
1236,1,0.135128,0.179658,0.149564
1237,1,0.140048,0.179626,0.149654
1238,1,0.113137,0.179572,0.149276
1239,1,0.218735,0.179604,0.149518
1240,1,0.063564,0.17951,0.149047
1241,1,0.127711,0.179469,0.148282
1242,1,0.053809,0.179367,0.147729
1243,1,0.14648,0.179341,0.14691
1244,1,0.206896,0.179363,0.147775
1245,1,0.195638,0.179376,0.148438
1246,1,0.095651,0.179309,0.147764
1247,1,0.09619,0.179242,0.147688
1248,1,0.147414,0.179217,0.147811
1249,1,0.092394,0.179147,0.146404
1250,1,0.161467,0.179133,0.1465
1251,1,0.137392,0.1791,0.14621
1252,1,0.129397,0.17906,0.145865
1253,1,0.213115,0.179087,0.146329
1254,1,0.085365,0.179013,0.14536
1255,1,0.190523,0.179022,0.145579
1256,1,0.141177,0.178992,0.145941
1257,1,0.169041,0.178984,0.145898
1258,1,0.118844,0.178936,0.145519
1259,1,0.144617,0.178909,0.145344
1260,1,0.147162,0.178883,0.145667
1261,1,0.143696,0.178856,0.145462
1262,1,0.160724,0.178841,0.1451
1263,1,0.134138,0.178806,0.145256
1264,1,0.144583,0.178779,0.145257
1265,1,0.179967,0.17878,0.14516
1266,1,0.28573,0.178864,0.146828
1267,1,0.136389,0.178831,0.14685
1268,1,0.098078,0.178767,0.146333
1269,1,0.126236,0.178725,0.146121
1270,1,0.162253,0.178713,0.146242
1271,1,0.10423,0.178654,0.145505
1272,1,0.111344,0.178601,0.145417
1273,1,0.1959,0.178615,0.145406
1274,1,0.092052,0.178547,0.144242
1275,1,0.111368,0.178494,0.143791
1276,1,0.115617,0.178445,0.143308
1277,1,0.109613,0.178391,0.143044
1278,1,0.133432,0.178356,0.142735
1279,1,0.18401,0.17836,0.143636
1280,1,0.143219,0.178333,0.143827
1281,1,0.127534,0.178293,0.143798
1282,1,0.139038,0.178262,0.143844
1283,1,0.150299,0.17824,0.143424
1284,1,0.076285,0.178161,0.142904
1285,1,0.053947,0.178064,0.141631
1286,1,0.121957,0.178021,0.141202
1287,1,0.178323,0.178021,0.141239
1288,1,0.149367,0.177999,0.141061
1289,1,0.125414,0.177958,0.140661
1290,1,0.140797,0.177929,0.140243
1291,1,0.139906,0.1779,0.139956
1292,1,0.132457,0.177865,0.140007
1293,1,0.259385,0.177928,0.141473
1294,1,0.073621,0.177847,0.140018
1295,1,0.13775,0.177816,0.139827
1296,1,0.108083,0.177762,0.139287
1297,1,0.13736,0.177731,0.139279
1298,1,0.194848,0.177744,0.140418
1299,1,0.099411,0.177684,0.139847
1300,1,0.090399,0.177617,0.14008
1301,1,0.138724,0.177587,0.139986
1302,1,0.13151,0.177552,0.140412
1303,1,0.14182,0.177524,0.139948
1304,1,0.15589,0.177508,0.139966
1305,1,0.16864,0.177501,0.140243
1306,1,0.099951,0.177441,0.14006
1307,1,0.077398,0.177365,0.139802
1308,1,0.126505,0.177326,0.139294
1309,1,0.15362,0.177308,0.139399
1310,1,0.110783,0.177257,0.138944
1311,1,0.063477,0.17717,0.138068
1312,1,0.105099,0.177115,0.137566
1313,1,0.119702,0.177072,0.13741
1314,1,0.103336,0.177015,0.136017
1315,1,0.063022,0.176929,0.135748
1316,1,0.110168,0.176878,0.135326
1317,1,0.169029,0.176872,0.136355
1318,1,0.090559,0.176807,0.135305
1319,1,0.131624,0.176772,0.135351
1320,1,0.144221,0.176748,0.135111
1321,1,0.160401,0.176735,0.135642
1322,1,0.095562,0.176674,0.135869
1323,1,0.172132,0.17667,0.136183
1324,1,0.170085,0.176666,0.136439
1325,1,0.164772,0.176657,0.137311
1326,1,0.215814,0.176686,0.138038
1327,1,0.16461,0.176677,0.138354
1328,1,0.173985,0.176675,0.137959
1329,1,0.126238,0.176637,0.137946
1330,1,0.201825,0.176656,0.138506
1331,1,0.095166,0.176595,0.138671
1332,1,0.145991,0.176572,0.138487
1333,1,0.056506,0.176482,0.137405
1334,1,0.182533,0.176486,0.137234
1335,1,0.0999,0.176429,0.136103
1336,1,0.192992,0.176441,0.136681
1337,1,0.126945,0.176404,0.13655
1338,1,0.156596,0.176389,0.136985
1339,1,0.052757,0.176297,0.135325
1340,1,0.168718,0.176291,0.136377
1341,1,0.138226,0.176263,0.136482
1342,1,0.141634,0.176237,0.13736
1343,1,0.140625,0.176211,0.137301
1344,1,0.132781,0.176178,0.13656
1345,1,0.114495,0.176133,0.135749
1346,1,0.120335,0.176091,0.135996
1347,1,0.113991,0.176045,0.136174
1348,1,0.127702,0.176009,0.135977
1349,1,0.088166,0.175944,0.135934
1350,1,0.207278,0.175967,0.136392
1351,1,0.12385,0.175929,0.136257
1352,1,0.107908,0.175878,0.136042
1353,1,0.121035,0.175838,0.135121
1354,1,0.247805,0.175891,0.136746
1355,1,0.087604,0.175826,0.135716
1356,1,0.115402,0.175781,0.135459
1357,1,0.085845,0.175715,0.134627
1358,1,0.113685,0.175669,0.134575
1359,1,0.213612,0.175697,0.135265
1360,1,0.188304,0.175706,0.135676
1361,1,0.139918,0.17568,0.135639
1362,1,0.172128,0.175678,0.135753
1363,1,0.080438,0.175608,0.135216
1364,1,0.168891,0.175603,0.135459
1365,1,0.101,0.175548,0.134669
1366,1,0.110029,0.1755,0.132912
1367,1,0.16533,0.175493,0.133202
1368,1,0.121184,0.175453,0.133433
1369,1,0.190946,0.175464,0.13408
1370,1,0.136284,0.175436,0.13382
1371,1,0.137834,0.175408,0.134156
1372,1,0.239977,0.175455,0.135442
1373,1,0.176792,0.175456,0.135251
1374,1,0.163659,0.175448,0.135967
1375,1,0.140168,0.175422,0.136255
1376,1,0.187533,0.175431,0.136975
1377,1,0.096724,0.175374,0.136846
1378,1,0.105703,0.175323,0.136568
1379,1,0.151996,0.175306,0.136248
1380,1,0.08904,0.175244,0.135706
1381,1,0.112578,0.175198,0.135557
1382,1,0.113552,0.175154,0.135302
1383,1,0.162742,0.175145,0.135426
1384,1,0.153323,0.175129,0.136197
1385,1,0.182851,0.175135,0.137486
1386,1,0.106428,0.175085,0.137331
1387,1,0.09109,0.175024,0.136458
1388,1,0.126108,0.174989,0.136226
1389,1,0.148983,0.17497,0.136461
1390,1,0.073743,0.174898,0.135791
1391,1,0.094623,0.17484,0.135338
1392,1,0.160748,0.17483,0.135621
1393,1,0.182895,0.174836,0.134856
1394,1,0.222191,0.17487,0.136342
1395,1,0.112832,0.174825,0.136093
1396,1,0.124031,0.174789,0.136252
1397,1,0.122759,0.174751,0.136106
1398,1,0.093364,0.174693,0.135091
1399,1,0.19625,0.174709,0.13606
1400,1,0.250711,0.174763,0.137663
1401,1,0.170362,0.17476,0.137979
1402,1,0.090149,0.174699,0.137565
1403,1,0.095958,0.174643,0.137107
1404,1,0.184368,0.17465,0.137392
1405,1,0.166142,0.174644,0.137367
1406,1,0.112243,0.1746,0.13749
1407,1,0.12389,0.174564,0.137954
1408,1,0.160483,0.174554,0.138294
1409,1,0.170732,0.174551,0.138465
1410,1,0.116232,0.17451,0.13852
1411,1,0.101095,0.174458,0.138896
1412,1,0.135839,0.17443,0.139203
1413,1,0.187479,0.17444,0.139881
1414,1,0.186906,0.174448,0.140717
1415,1,0.17298,0.174447,0.141816
1416,1,0.238813,0.174493,0.143103
1417,1,0.173138,0.174492,0.143144
1418,1,0.157597,0.17448,0.143814
1419,1,0.107603,0.174433,0.143574
1420,1,0.141628,0.17441,0.143548
1421,1,0.128842,0.174378,0.143233
1422,1,0.133723,0.174349,0.143614
1423,1,0.081142,0.174284,0.142704
1424,1,0.170081,0.174281,0.142704
1425,1,0.165022,0.174274,0.142707
1426,1,0.112913,0.174231,0.141678
1427,1,0.136933,0.174205,0.141401
1428,1,0.09585,0.17415,0.14062
1429,1,0.154407,0.174136,0.140901
1430,1,0.156921,0.174124,0.140452
1431,1,0.132784,0.174095,0.140829
1432,1,0.152399,0.17408,0.140893
1433,1,0.141328,0.174057,0.141741
1434,1,0.134728,0.17403,0.141263
1435,1,0.142696,0.174008,0.141691
1436,1,0.140407,0.173985,0.141165
1437,1,0.121155,0.173948,0.141107
1438,1,0.115282,0.173907,0.140694
1439,1,0.091205,0.17385,0.141078
1440,1,0.123544,0.173815,0.140627
1441,1,0.159389,0.173805,0.140838
1442,1,0.104589,0.173757,0.140468
1443,1,0.078053,0.17369,0.139842
1444,1,0.106257,0.173644,0.139577
1445,1,0.138066,0.173619,0.139813
1446,1,0.185678,0.173627,0.140466
1447,1,0.184317,0.173635,0.141169
1448,1,0.115317,0.173594,0.141045
1449,1,0.108598,0.17355,0.14125
1450,1,0.106662,0.173503,0.140244
1451,1,0.167649,0.173499,0.140682
1452,1,0.075565,0.173432,0.140358
1453,1,0.178124,0.173435,0.140929
1454,1,0.199094,0.173453,0.140442
1455,1,0.09732,0.173401,0.140539
1456,1,0.123713,0.173366,0.140622
1457,1,0.102334,0.173318,0.140787
1458,1,0.143705,0.173297,0.141087
1459,1,0.101882,0.173248,0.13997
1460,1,0.158106,0.173238,0.139668
1461,1,0.226554,0.173275,0.140534
1462,1,0.135354,0.173249,0.140167
1463,1,0.106188,0.173203,0.140424
1464,1,0.095813,0.17315,0.139693
1465,1,0.119275,0.173113,0.139876
1466,1,0.114716,0.173073,0.139923
1467,1,0.211594,0.1731,0.140386
1468,1,0.105751,0.173054,0.140231
1469,1,0.131818,0.173026,0.13964
1470,1,0.060207,0.172949,0.138879
1471,1,0.131194,0.17292,0.138813
1472,1,0.102738,0.172873,0.13744
1473,1,0.079136,0.172809,0.136464
1474,1,0.21332,0.172837,0.13696
1475,1,0.160631,0.172828,0.137165
1476,1,0.140371,0.172806,0.136693
1477,1,0.138004,0.172783,0.137106
1478,1,0.133182,0.172756,0.137381
1479,1,0.056261,0.172677,0.136424
1480,1,0.095793,0.172625,0.136491
1481,1,0.124515,0.172593,0.136611
1482,1,0.113704,0.172553,0.136612
1483,1,0.128434,0.172523,0.136269
1484,1,0.124612,0.172491,0.135982
1485,1,0.139585,0.172469,0.135549
1486,1,0.094913,0.172417,0.135434
1487,1,0.094334,0.172364,0.135467
1488,1,0.117652,0.172327,0.135382
1489,1,0.123491,0.172295,0.135127
1490,1,0.155801,0.172284,0.135948
1491,1,0.171854,0.172283,0.13672
1492,1,0.108851,0.172241,0.136201
1493,1,0.129388,0.172212,0.135666
1494,1,0.210094,0.172237,0.135545
1495,1,0.125459,0.172206,0.135671
1496,1,0.217631,0.172236,0.136607
1497,1,0.161522,0.172229,0.136995
1498,1,0.169029,0.172227,0.137751
1499,1,0.198275,0.172245,0.137772
1500,1,0.076789,0.172181,0.136033
1501,1,0.188319,0.172192,0.136212
1502,1,0.119573,0.172157,0.136506
1503,1,0.088928,0.172101,0.136436
1504,1,0.140006,0.17208,0.135992
1505,1,0.218202,0.172111,0.136513
1506,1,0.172467,0.172111,0.137115
1507,1,0.147149,0.172094,0.137348
1508,1,0.14929,0.172079,0.137236
1509,1,0.308058,0.172169,0.138609
1510,1,0.138583,0.172147,0.138833
1511,1,0.128757,0.172118,0.139109
1512,1,0.166195,0.172114,0.139413
1513,1,0.146308,0.172097,0.139001
1514,1,0.212606,0.172124,0.139258
1515,1,0.121785,0.172091,0.138746
1516,1,0.158806,0.172082,0.137946
1517,1,0.21002,0.172107,0.138315
1518,1,0.10772,0.172065,0.137816
1519,1,0.148151,0.172049,0.138222
1520,1,0.172103,0.172049,0.138526
1521,1,0.144543,0.172031,0.138683
1522,1,0.14318,0.172012,0.138778
1523,1,0.165591,0.172008,0.139622
1524,1,0.132681,0.171982,0.139248
1525,1,0.14884,0.171967,0.139087
1526,1,0.089853,0.171913,0.138856
1527,1,0.119033,0.171878,0.138677
1528,1,0.142457,0.171859,0.139143
1529,1,0.097775,0.171811,0.138577
1530,1,0.148147,0.171795,0.138489
1531,1,0.140433,0.171775,0.138566
1532,1,0.127171,0.171746,0.138313
1533,1,0.186703,0.171755,0.138767
1534,1,0.21918,0.171786,0.139612
1535,1,0.085192,0.17173,0.139036
1536,1,0.168251,0.171728,0.139315
1537,1,0.176257,0.17173,0.139866
1538,1,0.233079,0.17177,0.141044
1539,1,0.159103,0.171762,0.141723
1540,1,0.149382,0.171748,0.141981
1541,1,0.107391,0.171706,0.141461
1542,1,0.063611,0.171636,0.141052
1543,1,0.074775,0.171573,0.141019
1544,1,0.08493,0.171517,0.140806
1545,1,0.085965,0.171461,0.140284
1546,1,0.117808,0.171427,0.139606
1547,1,0.159118,0.171419,0.139354
1548,1,0.175834,0.171422,0.139959
1549,1,0.162662,0.171416,0.1405
1550,1,0.16056,0.171409,0.141039
1551,1,0.121625,0.171377,0.140578
1552,1,0.188568,0.171388,0.141708
1553,1,0.11237,0.17135,0.141051
1554,1,0.093715,0.1713,0.139997
1555,1,0.183723,0.171308,0.140861
1556,1,0.194664,0.171323,0.141571
1557,1,0.202653,0.171343,0.142574
1558,1,0.149843,0.171329,0.142635
1559,1,0.15117,0.171316,0.143128
1560,1,0.109235,0.171277,0.142639
1561,1,0.17687,0.17128,0.142142
1562,1,0.231399,0.171319,0.143103
1563,1,0.136669,0.171296,0.143408
1564,1,0.116178,0.171261,0.143611
1565,1,0.098616,0.171215,0.143405
1566,1,0.218486,0.171245,0.144443
1567,1,0.146397,0.171229,0.143791
1568,1,0.121893,0.171198,0.143952
1569,1,0.130539,0.171172,0.143939
1570,1,0.177559,0.171176,0.145113
1571,1,0.145203,0.171159,0.145253
1572,1,0.146333,0.171144,0.145689
1573,1,0.237746,0.171186,0.147275
1574,1,0.138953,0.171165,0.146531
1575,1,0.170857,0.171165,0.146633
1576,1,0.15634,0.171156,0.146793
1577,1,0.123075,0.171125,0.146644
1578,1,0.129715,0.171099,0.146609
1579,1,0.10892,0.17106,0.147136
1580,1,0.071724,0.170997,0.146895
1581,1,0.149303,0.170983,0.147143
1582,1,0.166679,0.17098,0.147673
1583,1,0.148222,0.170966,0.147871
1584,1,0.16489,0.170962,0.148273
1585,1,0.105076,0.170921,0.147928
1586,1,0.222175,0.170953,0.149201
1587,1,0.186095,0.170962,0.150118
1588,1,0.093589,0.170914,0.149878
1589,1,0.133581,0.17089,0.149979
1590,1,0.099291,0.170845,0.149414
1591,1,0.07604,0.170786,0.148456
1592,1,0.109161,0.170747,0.148459
1593,1,0.11631,0.170713,0.148328
1594,1,0.100841,0.170669,0.147235
1595,1,0.120512,0.170637,0.147186
1596,1,0.151388,0.170625,0.146523
1597,1,0.159717,0.170619,0.146505
1598,1,0.180156,0.170625,0.146617
1599,1,0.138833,0.170605,0.146022
1600,1,0.156104,0.170596,0.146815
1601,1,0.104015,0.170554,0.145972
1602,1,0.17605,0.170557,0.146537
1603,1,0.130312,0.170532,0.146951
1604,1,0.154398,0.170522,0.147095
1605,1,0.146262,0.170507,0.146375
1606,1,0.168822,0.170506,0.146339
1607,1,0.121575,0.170476,0.146083
1608,1,0.134358,0.170453,0.145934
1609,1,0.076832,0.170395,0.143622
1610,1,0.160284,0.170389,0.143839
1611,1,0.157419,0.170381,0.144125
1612,1,0.155373,0.170371,0.144017
1613,1,0.126973,0.170344,0.143824
1614,1,0.124599,0.170316,0.142944
1615,1,0.089226,0.170266,0.142618
1616,1,0.107484,0.170227,0.142105
1617,1,0.139405,0.170208,0.141399
1618,1,0.19282,0.170222,0.14225
1619,1,0.096563,0.170176,0.141734
1620,1,0.110949,0.17014,0.141122
1621,1,0.201012,0.170159,0.141687
1622,1,0.204421,0.17018,0.142299
1623,1,0.123654,0.170151,0.14188
1624,1,0.142396,0.170134,0.141977
1625,1,0.167994,0.170133,0.142169
1626,1,0.103214,0.170092,0.142302
1627,1,0.187538,0.170103,0.142987
1628,1,0.095345,0.170057,0.142516
1629,1,0.117846,0.170025,0.142717
1630,1,0.082282,0.169971,0.142058
1631,1,0.111819,0.169935,0.141772
1632,1,0.125643,0.169908,0.141757
1633,1,0.18801,0.169919,0.14177
1634,1,0.16049,0.169913,0.141183
1635,1,0.191881,0.169927,0.14225
1636,1,0.117343,0.169895,0.141741
1637,1,0.229147,0.169931,0.14227
1638,1,0.159218,0.169924,0.141531
1639,1,0.202482,0.169944,0.141965
1640,1,0.110038,0.169908,0.141571
1641,1,0.094537,0.169862,0.141443
1642,1,0.161178,0.169856,0.142419
1643,1,0.184008,0.169865,0.143511
1644,1,0.140765,0.169847,0.144069
1645,1,0.168764,0.169847,0.144897
1646,1,0.211081,0.169872,0.14583
1647,1,0.127136,0.169846,0.14551
1648,1,0.119125,0.169815,0.144943
1649,1,0.149871,0.169803,0.144815
1650,1,0.100431,0.169761,0.144214
1651,1,0.145108,0.169746,0.144449
1652,1,0.155077,0.169737,0.144114
1653,1,0.127038,0.169711,0.14426
1654,1,0.125663,0.169685,0.14458
1655,1,0.14549,0.16967,0.144198
1656,1,0.199726,0.169688,0.144248
1657,1,0.147201,0.169674,0.143694
1658,1,0.206525,0.169697,0.144261
1659,1,0.135842,0.169676,0.144107
1660,1,0.104917,0.169637,0.144064
1661,1,0.101737,0.169596,0.143313
1662,1,0.144701,0.169581,0.142446
1663,1,0.17802,0.169587,0.142859
1664,1,0.133415,0.169565,0.143032
1665,1,0.170827,0.169566,0.143754
1666,1,0.178916,0.169571,0.143358
1667,1,0.11401,0.169538,0.143034
1668,1,0.111372,0.169503,0.142929
1669,1,0.10969,0.169467,0.142721
1670,1,0.065534,0.169405,0.1416
1671,1,0.192304,0.169419,0.142071
1672,1,0.231293,0.169456,0.142921
1673,1,0.119668,0.169426,0.14174
1674,1,0.188499,0.169437,0.142236
1675,1,0.115777,0.169405,0.141685
1676,1,0.075661,0.169349,0.140878
1677,1,0.142735,0.169333,0.141075
1678,1,0.126335,0.169308,0.141041
1679,1,0.090012,0.169261,0.140852
1680,1,0.149412,0.169249,0.141629
1681,1,0.158493,0.169242,0.14172
1682,1,0.099519,0.169201,0.141049
1683,1,0.0989,0.169159,0.140556
1684,1,0.106642,0.169122,0.139973
1685,1,0.065579,0.169061,0.139578
1686,1,0.137985,0.169042,0.138736
1687,1,0.172153,0.169044,0.138597
1688,1,0.107943,0.169008,0.13874
1689,1,0.098936,0.168966,0.138394
1690,1,0.133986,0.168946,0.138741
1691,1,0.136296,0.168926,0.139343
1692,1,0.15812,0.16892,0.139833
1693,1,0.133316,0.168899,0.140003
1694,1,0.120421,0.16887,0.140199
1695,1,0.163059,0.168867,0.140624
1696,1,0.067656,0.168807,0.139787
1697,1,0.104815,0.168769,0.139238
1698,1,0.133981,0.168749,0.138776
1699,1,0.190223,0.168762,0.13929
1700,1,0.102542,0.168723,0.138755
1701,1,0.065911,0.168662,0.138374
1702,1,0.114356,0.16863,0.137757
1703,1,0.12924,0.168607,0.137746
1704,1,0.087645,0.16856,0.137078
1705,1,0.090266,0.168514,0.136518
1706,1,0.170174,0.168515,0.136532
1707,1,0.126584,0.16849,0.136582
1708,1,0.085675,0.168442,0.136095
1709,1,0.118227,0.168412,0.136509
1710,1,0.113315,0.16838,0.136039
1711,1,0.096724,0.168338,0.135433
1712,1,0.263297,0.168394,0.136512
1713,1,0.167367,0.168393,0.136916
1714,1,0.188532,0.168405,0.137555
1715,1,0.106942,0.168369,0.137732
1716,1,0.111392,0.168336,0.137771
1717,1,0.078403,0.168283,0.137161
1718,1,0.144698,0.16827,0.13668
1719,1,0.201801,0.168289,0.137732
1720,1,0.14148,0.168273,0.138038
1721,1,0.171448,0.168275,0.137742
1722,1,0.114926,0.168244,0.136847
1723,1,0.136539,0.168226,0.136976
1724,1,0.241581,0.168269,0.137968
1725,1,0.09142,0.168224,0.137202
1726,1,0.06216,0.168163,0.136792
1727,1,0.082113,0.168113,0.135737
1728,1,0.130644,0.168091,0.13609
1729,1,0.070029,0.168034,0.135612
1730,1,0.14626,0.168022,0.136252
1731,1,0.20208,0.168041,0.137154
1732,1,0.120622,0.168014,0.137104
1733,1,0.238211,0.168054,0.137606
1734,1,0.089264,0.168009,0.136894
1735,1,0.150733,0.167999,0.136483
1736,1,0.171875,0.168001,0.137028
1737,1,0.087644,0.167955,0.135613
1738,1,0.161462,0.167951,0.135635
1739,1,0.098722,0.167912,0.134598
1740,1,0.132354,0.167891,0.134821
1741,1,0.134885,0.167872,0.135224
1742,1,0.115685,0.167842,0.134769
1743,1,0.333994,0.167937,0.136269
1744,1,0.134748,0.167918,0.136209
1745,1,0.146829,0.167906,0.13599
1746,1,0.142015,0.167892,0.135299
1747,1,0.172708,0.167894,0.135755
1748,1,0.118015,0.167866,0.135744
1749,1,0.121675,0.167839,0.135462
1750,1,0.092616,0.167796,0.135384
1751,1,0.095555,0.167755,0.134888
1752,1,0.102804,0.167718,0.134365
1753,1,0.187715,0.167729,0.134972
1754,1,0.119274,0.167702,0.134908
1755,1,0.189714,0.167714,0.13535
1756,1,0.08705,0.167668,0.134224
1757,1,0.114565,0.167638,0.133897
1758,1,0.206806,0.16766,0.1339
1759,1,0.101609,0.167623,0.133558
1760,1,0.073531,0.167569,0.133244
1761,1,0.167825,0.16757,0.133905
1762,1,0.194325,0.167585,0.134401
1763,1,0.200579,0.167604,0.134627
1764,1,0.129668,0.167582,0.134589
1765,1,0.106501,0.167547,0.133946
1766,1,0.161933,0.167544,0.133776
1767,1,0.096968,0.167504,0.133606
1768,1,0.159689,0.1675,0.134089
1769,1,0.099155,0.167461,0.133983
1770,1,0.128994,0.16744,0.134618
1771,1,0.109196,0.167407,0.133787
1772,1,0.122228,0.167381,0.132696
1773,1,0.101418,0.167344,0.132514
1774,1,0.102866,0.167308,0.131658
1775,1,0.143607,0.167294,0.131936
1776,1,0.057504,0.167232,0.131754
1777,1,0.099761,0.167194,0.131325
1778,1,0.098655,0.167156,0.131048
1779,1,0.108241,0.167123,0.13123
1780,1,0.146994,0.167111,0.131206
1781,1,0.080178,0.167063,0.130423
1782,1,0.192894,0.167077,0.131356
1783,1,0.116167,0.167049,0.131529
1784,1,0.161862,0.167046,0.132081
1785,1,0.104521,0.167011,0.132471
1786,1,0.18577,0.167021,0.132949
1787,1,0.081762,0.166973,0.132045
1788,1,0.108515,0.166941,0.13205
1789,1,0.111795,0.16691,0.132179
1790,1,0.142665,0.166896,0.132266
1791,1,0.13711,0.16688,0.132274
1792,1,0.173596,0.166883,0.132429
1793,1,0.102396,0.166848,0.132119
1794,1,0.121511,0.166822,0.13213
1795,1,0.116363,0.166794,0.131663
1796,1,0.094322,0.166754,0.13193
1797,1,0.086638,0.166709,0.131748
1798,1,0.208995,0.166733,0.132498
1799,1,0.072993,0.166681,0.131326
1800,1,0.115832,0.166652,0.131459
1801,1,0.110895,0.166621,0.131909
1802,1,0.206439,0.166644,0.13283
1803,1,0.157379,0.166638,0.133111
1804,1,0.094899,0.166599,0.133184
1805,1,0.104483,0.166564,0.133326
1806,1,0.105448,0.16653,0.132679
1807,1,0.094845,0.166491,0.132361
1808,1,0.210914,0.166515,0.133614
1809,1,0.185534,0.166526,0.134287
1810,1,0.222333,0.166557,0.135377
1811,1,0.136108,0.16654,0.135771
1812,1,0.130001,0.16652,0.134438
1813,1,0.114164,0.166491,0.133906
1814,1,0.137027,0.166475,0.133391
1815,1,0.177718,0.166481,0.134098
1816,1,0.106186,0.166447,0.134046
1817,1,0.14725,0.166437,0.134735
1818,1,0.137071,0.166421,0.134658
1819,1,0.090334,0.166379,0.133544
1820,1,0.092579,0.166338,0.133055
1821,1,0.166877,0.166339,0.133009
1822,1,0.190813,0.166352,0.133768
1823,1,0.103703,0.166318,0.13344
1824,1,0.118198,0.166291,0.132206
1825,1,0.168793,0.166293,0.132979
1826,1,0.148899,0.166283,0.133847
1827,1,0.146031,0.166272,0.134486
1828,1,0.227444,0.166306,0.135454
1829,1,0.095165,0.166267,0.135705
1830,1,0.119701,0.166241,0.13544
1831,1,0.107275,0.166209,0.134492
1832,1,0.117454,0.166182,0.13446
1833,1,0.089607,0.166141,0.132974
1834,1,0.158246,0.166136,0.133664
1835,1,0.121991,0.166112,0.133376
1836,1,0.074104,0.166062,0.132399
1837,1,0.139277,0.166048,0.132915
1838,1,0.099492,0.166011,0.132295
1839,1,0.191281,0.166025,0.133221
1840,1,0.167158,0.166026,0.133569
1841,1,0.194704,0.166041,0.134167
1842,1,0.104055,0.166008,0.134051
1843,1,0.140227,0.165994,0.132113
1844,1,0.133044,0.165976,0.132096
1845,1,0.155195,0.16597,0.13218
1846,1,0.143551,0.165958,0.132195
1847,1,0.127538,0.165937,0.131744
1848,1,0.142711,0.165924,0.13199
1849,1,0.205871,0.165946,0.132832
1850,1,0.15573,0.165941,0.133464
1851,1,0.089147,0.165899,0.133399
1852,1,0.104815,0.165866,0.13342
1853,1,0.152391,0.165859,0.133066
1854,1,0.134426,0.165842,0.133218
1855,1,0.167323,0.165843,0.132994
1856,1,0.111104,0.165813,0.133234
1857,1,0.171203,0.165816,0.133801
1858,1,0.176489,0.165822,0.133498
1859,1,0.118699,0.165796,0.133669
1860,1,0.129877,0.165777,0.134232
1861,1,0.065029,0.165723,0.133204
1862,1,0.188922,0.165735,0.13315
1863,1,0.112514,0.165707,0.132269
1864,1,0.098808,0.165671,0.131961
1865,1,0.104033,0.165638,0.131936
1866,1,0.135717,0.165622,0.131674
1867,1,0.142979,0.16561,0.132134
1868,1,0.151259,0.165602,0.13205
1869,1,0.112448,0.165574,0.132183
1870,1,0.129116,0.165554,0.132184
1871,1,0.089049,0.165513,0.131982
1872,1,0.108219,0.165483,0.131842
1873,1,0.08985,0.165442,0.131727
1874,1,0.107761,0.165412,0.131776
1875,1,0.074225,0.165363,0.131082
1876,1,0.130128,0.165344,0.131808
1877,1,0.098893,0.165309,0.131799
1878,1,0.174721,0.165314,0.13256
1879,1,0.16742,0.165315,0.133152
1880,1,0.051191,0.165254,0.132194
1881,1,0.127761,0.165234,0.13267
1882,1,0.113792,0.165207,0.131879
1883,1,0.166336,0.165207,0.13238
1884,1,0.076079,0.16516,0.131522
1885,1,0.150076,0.165152,0.131978
1886,1,0.115054,0.165126,0.131271
1887,1,0.141745,0.165113,0.131871
1888,1,0.089977,0.165073,0.131685
1889,1,0.093967,0.165036,0.131507
1890,1,0.107294,0.165005,0.131153
1891,1,0.11235,0.164977,0.130906
1892,1,0.104675,0.164945,0.130217
1893,1,0.092997,0.164907,0.130123
1894,1,0.147667,0.164898,0.130384
1895,1,0.256855,0.164947,0.131789
1896,1,0.142355,0.164935,0.132269
1897,1,0.068824,0.164884,0.132091
1898,1,0.100964,0.164851,0.131011
1899,1,0.167036,0.164852,0.131951
1900,1,0.147668,0.164843,0.13227
1901,1,0.11805,0.164818,0.132341
1902,1,0.171012,0.164821,0.131987
1903,1,0.127256,0.164802,0.131686
1904,1,0.114095,0.164775,0.131878
1905,1,0.123236,0.164753,0.132065
1906,1,0.121518,0.164731,0.132226
1907,1,0.272993,0.164787,0.134007
1908,1,0.117234,0.164762,0.133071
1909,1,0.109915,0.164734,0.132314
1910,1,0.158136,0.16473,0.131672
1911,1,0.122719,0.164708,0.131539
1912,1,0.082426,0.164665,0.131063
1913,1,0.091076,0.164627,0.130832
1914,1,0.16699,0.164628,0.131132
1915,1,0.172477,0.164632,0.131079
1916,1,0.122325,0.16461,0.131241
1917,1,0.090571,0.164571,0.130674
1918,1,0.118372,0.164547,0.130487
1919,1,0.182401,0.164557,0.131407
1920,1,0.139374,0.164543,0.131875
1921,1,0.147233,0.164534,0.131679
1922,1,0.08317,0.164492,0.130603
1923,1,0.130172,0.164474,0.130867
1924,1,0.108529,0.164445,0.130771
1925,1,0.068726,0.164395,0.12977
1926,1,0.168979,0.164398,0.129971
1927,1,0.235361,0.164435,0.130864
1928,1,0.1392,0.164422,0.129982
1929,1,0.142277,0.16441,0.130453
1930,1,0.168156,0.164412,0.130937
1931,1,0.150382,0.164405,0.131368
1932,1,0.142147,0.164393,0.131615
1933,1,0.162435,0.164392,0.132343
1934,1,0.117263,0.164368,0.131934
1935,1,0.086272,0.164328,0.131576
1936,1,0.117491,0.164303,0.13201
1937,1,0.157681,0.1643,0.132194
1938,1,0.083517,0.164258,0.132035
1939,1,0.109937,0.16423,0.131221
1940,1,0.102445,0.164198,0.130574
1941,1,0.085963,0.164158,0.129487
1942,1,0.106109,0.164128,0.129507
1943,1,0.255449,0.164175,0.130659
1944,1,0.155982,0.164171,0.130889
1945,1,0.184299,0.164181,0.13118
1946,1,0.120956,0.164159,0.130954
1947,1,0.175092,0.164165,0.131429
1948,1,0.118841,0.164141,0.131191
1949,1,0.066747,0.164091,0.129799
1950,1,0.08989,0.164053,0.129141
1951,1,0.177163,0.16406,0.130021
1952,1,0.115717,0.164035,0.13013
1953,1,0.091658,0.163998,0.129523
1954,1,0.197494,0.164015,0.130154
1955,1,0.133386,0.164,0.129814
1956,1,0.116101,0.163975,0.129864
1957,1,0.213648,0.164001,0.130289
1958,1,0.136493,0.163987,0.129889
1959,1,0.136219,0.163972,0.130064
1960,1,0.071989,0.163926,0.129485
1961,1,0.133614,0.16391,0.130171
1962,1,0.098148,0.163877,0.129263
1963,1,0.100714,0.163844,0.129145
1964,1,0.172486,0.163849,0.129882
1965,1,0.14091,0.163837,0.130251
1966,1,0.183527,0.163847,0.130729
1967,1,0.125803,0.163828,0.130557
1968,1,0.089826,0.16379,0.129943
1969,1,0.130271,0.163773,0.130121
1970,1,0.161137,0.163772,0.130441
1971,1,0.158659,0.163769,0.131137
1972,1,0.125073,0.16375,0.131306
1973,1,0.205618,0.163771,0.132463
1974,1,0.109249,0.163743,0.132478
1975,1,0.127324,0.163725,0.133009
1976,1,0.159231,0.163722,0.1333
1977,1,0.16605,0.163724,0.133972
1978,1,0.097781,0.16369,0.133203
1979,1,0.132487,0.163675,0.132853
1980,1,0.109854,0.163647,0.13344
1981,1,0.146743,0.163639,0.13363
1982,1,0.173849,0.163644,0.13423
1983,1,0.128452,0.163626,0.133851
1984,1,0.178459,0.163634,0.134875
1985,1,0.167085,0.163635,0.135045
1986,1,0.08436,0.163596,0.134738
1987,1,0.17508,0.163601,0.135072
1988,1,0.113238,0.163576,0.135304
1989,1,0.122355,0.163555,0.135588
1990,1,0.171531,0.163559,0.136231
1991,1,0.161017,0.163558,0.136717
1992,1,0.048737,0.1635,0.136158
1993,1,0.227081,0.163532,0.137499
1994,1,0.122086,0.163511,0.137243
1995,1,0.126668,0.163493,0.135941
1996,1,0.112133,0.163467,0.135639
1997,1,0.143254,0.163457,0.136383
1998,1,0.150034,0.16345,0.136874
1999,1,0.134689,0.163436,0.13655
2000,1,0.141171,0.163425,0.136485
2001,1,0.121121,0.163404,0.136516
2002,1,0.148973,0.163397,0.136296
2003,1,0.060799,0.163345,0.135631
2004,1,0.100636,0.163314,0.135496
2005,1,0.156005,0.16331,0.135824
2006,1,0.098932,0.163278,0.135598
2007,1,0.153093,0.163273,0.134399
2008,1,0.16538,0.163274,0.134881
2009,1,0.108828,0.163247,0.13487
2010,1,0.118938,0.163225,0.134478
2011,1,0.187384,0.163237,0.135125
2012,1,0.149272,0.16323,0.135793
2013,1,0.129008,0.163213,0.136172
2014,1,0.108548,0.163186,0.135588
2015,1,0.219882,0.163214,0.136062
2016,1,0.06072,0.163163,0.135446
2017,1,0.124684,0.163144,0.135787
2018,1,0.116339,0.163121,0.135767
2019,1,0.229736,0.163154,0.13624
2020,1,0.187172,0.163166,0.136718
2021,1,0.088176,0.163129,0.136127
2022,1,0.123132,0.163109,0.136527
2023,1,0.139592,0.163097,0.136621
2024,1,0.13995,0.163086,0.136935
2025,1,0.113771,0.163062,0.137386
2026,1,0.093578,0.163027,0.136632
2027,1,0.160289,0.163026,0.135881
2028,1,0.085967,0.162988,0.135349
2029,1,0.088511,0.162951,0.134811
2030,1,0.116124,0.162928,0.134291
2031,1,0.151607,0.162923,0.134303
2032,1,0.125391,0.162904,0.134136
2033,1,0.126372,0.162886,0.133775
2034,1,0.100102,0.162855,0.133603
2035,1,0.111757,0.16283,0.133858
2036,1,0.064654,0.162782,0.13333
2037,1,0.126961,0.162764,0.133023
2038,1,0.154079,0.16276,0.133728
2039,1,0.125944,0.162742,0.133888
2040,1,0.155702,0.162739,0.134421
2041,1,0.11251,0.162714,0.134686
2042,1,0.077405,0.162672,0.134399
2043,1,0.141307,0.162662,0.133258
2044,1,0.065821,0.162614,0.132356
2045,1,0.140831,0.162604,0.131922
2046,1,0.090177,0.162568,0.131614
2047,1,0.110718,0.162543,0.13097
2048,1,0.175553,0.162549,0.131537
2049,1,0.074905,0.162507,0.131619
2050,1,0.081926,0.162467,0.131539
2051,1,0.070305,0.162422,0.130471
2052,1,0.089892,0.162387,0.130212
2053,1,0.313156,0.16246,0.132427
2054,1,0.102689,0.162431,0.131479
2055,1,0.120279,0.162411,0.131348
2056,1,0.185231,0.162422,0.132039
2057,1,0.161508,0.162422,0.131518
2058,1,0.104412,0.162393,0.131197
2059,1,0.107143,0.162367,0.130906
2060,1,0.094867,0.162334,0.131135
2061,1,0.126476,0.162316,0.131064
2062,1,0.119291,0.162295,0.131275
2063,1,0.123882,0.162277,0.131507
2064,1,0.107736,0.16225,0.130859
2065,1,0.119669,0.16223,0.130647
2066,1,0.141431,0.16222,0.130226
2067,1,0.12688,0.162203,0.130237
2068,1,0.171495,0.162207,0.131054
2069,1,0.103706,0.162179,0.130788
2070,1,0.13803,0.162167,0.130557
2071,1,0.130166,0.162152,0.130272
2072,1,0.184014,0.162162,0.130861
2073,1,0.156931,0.16216,0.130374
2074,1,0.145319,0.162152,0.130735
2075,1,0.126247,0.162134,0.130724
2076,1,0.118984,0.162114,0.130322
2077,1,0.146281,0.162106,0.130124
2078,1,0.101892,0.162077,0.130165
2079,1,0.133751,0.162063,0.130178
2080,1,0.081173,0.162024,0.129891
2081,1,0.097647,0.161994,0.1294
2082,1,0.150487,0.161988,0.129167
2083,1,0.169998,0.161992,0.129582
2084,1,0.126374,0.161975,0.129061
2085,1,0.127319,0.161958,0.128663
2086,1,0.079857,0.161919,0.128618
2087,1,0.095078,0.161887,0.127818
2088,1,0.157782,0.161885,0.128264
2089,1,0.140529,0.161875,0.128446
2090,1,0.09534,0.161843,0.127684
2091,1,0.063723,0.161796,0.126711
2092,1,0.150572,0.16179,0.127729
2093,1,0.111458,0.161766,0.126573
2094,1,0.105574,0.16174,0.126408
2095,1,0.190556,0.161753,0.127047
2096,1,0.155189,0.16175,0.127477
2097,1,0.116382,0.161729,0.127209
2098,1,0.160233,0.161728,0.12731
2099,1,0.144974,0.16172,0.127413
2100,1,0.112186,0.161696,0.127123
2101,1,0.082267,0.161658,0.126735
2102,1,0.174657,0.161665,0.126992
2103,1,0.112962,0.161641,0.127513
2104,1,0.121204,0.161622,0.127719
2105,1,0.131085,0.161608,0.12747
2106,1,0.076693,0.161567,0.127248
2107,1,0.069826,0.161524,0.126415
2108,1,0.129093,0.161508,0.126052
2109,1,0.080323,0.16147,0.125767
2110,1,0.188482,0.161483,0.126462
2111,1,0.204225,0.161503,0.126631
2112,1,0.171389,0.161508,0.126852
2113,1,0.138043,0.161497,0.126942
2114,1,0.099507,0.161467,0.126852
2115,1,0.082298,0.16143,0.125476
2116,1,0.202076,0.161449,0.12689
2117,1,0.137092,0.161438,0.127014
2118,1,0.174176,0.161444,0.127592
2119,1,0.10874,0.161419,0.126382
2120,1,0.107356,0.161393,0.125584
2121,1,0.126753,0.161377,0.12597
2122,1,0.146703,0.16137,0.126205
2123,1,0.197203,0.161387,0.126782
2124,1,0.065243,0.161342,0.126034
2125,1,0.16599,0.161344,0.126557
2126,1,0.139678,0.161334,0.127018
2127,1,0.135456,0.161321,0.126769
2128,1,0.206088,0.161342,0.127971
2129,1,0.140646,0.161333,0.128492
2130,1,0.116328,0.161312,0.128494
2131,1,0.118407,0.161291,0.128162
2132,1,0.117083,0.161271,0.128079
2133,1,0.127349,0.161255,0.128089
2134,1,0.18148,0.161264,0.128902
2135,1,0.131497,0.16125,0.1291
2136,1,0.114813,0.161229,0.129601
2137,1,0.149496,0.161223,0.129827
2138,1,0.134052,0.16121,0.129626
2139,1,0.208454,0.161233,0.130452
2140,1,0.145251,0.161225,0.130347
2141,1,0.06638,0.161181,0.129886
2142,1,0.109902,0.161157,0.130211
2143,1,0.179744,0.161165,0.130595
2144,1,0.159187,0.161165,0.131529
2145,1,0.122322,0.161146,0.131344
2146,1,0.142267,0.161138,0.131865
2147,1,0.234068,0.161172,0.133098
2148,1,0.111392,0.161148,0.132456
2149,1,0.101864,0.161121,0.132726
2150,1,0.217687,0.161147,0.134084
2151,1,0.117427,0.161127,0.134555
2152,1,0.079687,0.161089,0.134453
2153,1,0.085203,0.161054,0.132173
2154,1,0.090759,0.161021,0.132054
2155,1,0.132316,0.161008,0.132174
2156,1,0.142276,0.160999,0.131745
2157,1,0.095193,0.160969,0.131082
2158,1,0.14462,0.160961,0.131484
2159,1,0.102183,0.160934,0.131434
2160,1,0.095223,0.160903,0.131438
2161,1,0.09511,0.160873,0.131124
2162,1,0.148196,0.160867,0.131413
2163,1,0.166033,0.160869,0.131835
2164,1,0.199828,0.160887,0.132756
2165,1,0.128097,0.160872,0.13284
2166,1,0.180098,0.160881,0.133226
2167,1,0.104571,0.160855,0.133003
2168,1,0.075444,0.160816,0.132043
2169,1,0.137995,0.160805,0.132386
2170,1,0.062673,0.16076,0.131632
2171,1,0.120327,0.160741,0.131534
2172,1,0.121478,0.160723,0.130908
2173,1,0.091632,0.160692,0.130255
2174,1,0.136641,0.160681,0.130169
2175,1,0.16278,0.160681,0.130534
2176,1,0.139304,0.160672,0.130737
2177,1,0.147347,0.160666,0.130748
2178,1,0.117917,0.160646,0.130908
2179,1,0.090731,0.160614,0.130478
2180,1,0.127939,0.160599,0.130946
2181,1,0.134612,0.160587,0.131315
2182,1,0.15108,0.160583,0.131321
2183,1,0.122021,0.160565,0.130841
2184,1,0.223259,0.160594,0.13181
2185,1,0.130759,0.16058,0.131845
2186,1,0.161781,0.16058,0.132664
2187,1,0.148061,0.160575,0.133194
2188,1,0.167272,0.160578,0.133289
2189,1,0.0735,0.160538,0.132618
2190,1,0.167673,0.160541,0.133342
2191,1,0.228508,0.160572,0.13499
2192,1,0.193299,0.160587,0.135417
2193,1,0.130653,0.160574,0.135609
2194,1,0.145361,0.160567,0.136007
2195,1,0.101231,0.16054,0.135113
2196,1,0.122648,0.160522,0.134788
2197,1,0.135066,0.160511,0.134975
2198,1,0.06361,0.160467,0.134009
2199,1,0.162962,0.160468,0.134188
2200,1,0.210808,0.160491,0.135175
2201,1,0.141523,0.160482,0.135767
2202,1,0.127428,0.160467,0.135295
2203,1,0.180073,0.160476,0.135966
2204,1,0.171669,0.160481,0.136471
2205,1,0.132277,0.160468,0.136483
2206,1,0.13733,0.160458,0.137089
2207,1,0.16155,0.160458,0.138006
2208,1,0.169636,0.160462,0.138412
2209,1,0.168714,0.160466,0.139296
2210,1,0.117428,0.160447,0.138585
2211,1,0.108154,0.160423,0.137624
2212,1,0.086367,0.16039,0.136774
2213,1,0.069939,0.160349,0.136093
2214,1,0.19035,0.160362,0.137001
2215,1,0.089556,0.16033,0.137074
2216,1,0.162071,0.160331,0.136674
2217,1,0.150332,0.160327,0.136806
2218,1,0.13544,0.160315,0.136419
2219,1,0.106144,0.160291,0.136393
2220,1,0.109565,0.160268,0.136415
2221,1,0.145258,0.160261,0.1366
2222,1,0.091759,0.16023,0.136051
2223,1,0.119862,0.160212,0.135277
2224,1,0.21786,0.160238,0.136804
2225,1,0.163505,0.16024,0.136779
2226,1,0.081541,0.160204,0.136197
2227,1,0.147477,0.160199,0.136318
2228,1,0.076403,0.160161,0.135021
2229,1,0.071485,0.160121,0.134329
2230,1,0.141475,0.160113,0.134581
2231,1,0.179483,0.160122,0.135191
2232,1,0.122989,0.160105,0.13525
2233,1,0.159944,0.160105,0.135576
2234,1,0.206287,0.160126,0.135824
2235,1,0.128128,0.160111,0.135791
2236,1,0.111826,0.16009,0.135761
2237,1,0.074673,0.160051,0.135013
2238,1,0.139238,0.160042,0.135064
2239,1,0.105172,0.160018,0.134032
2240,1,0.078492,0.159981,0.133364
2241,1,0.162945,0.159983,0.13433
2242,1,0.213545,0.160006,0.135366
2243,1,0.07004,0.159966,0.134269
2244,1,0.146546,0.15996,0.134143
2245,1,0.071838,0.159921,0.133638
2246,1,0.17013,0.159926,0.133916
2247,1,0.112699,0.159905,0.132703
2248,1,0.106228,0.159881,0.132651
2249,1,0.109769,0.159858,0.13273
2250,1,0.211575,0.159881,0.132669
2251,1,0.092694,0.159852,0.132422
2252,1,0.149717,0.159847,0.133122
2253,1,0.175387,0.159854,0.134024
2254,1,0.076588,0.159817,0.133882
2255,1,0.132882,0.159805,0.133888
2256,1,0.105434,0.159781,0.133519
2257,1,0.072788,0.159742,0.133295
2258,1,0.107561,0.159719,0.132925
2259,1,0.084927,0.159686,0.132752
2260,1,0.098782,0.159659,0.132788
2261,1,0.117414,0.159641,0.133011
2262,1,0.169799,0.159645,0.133227
2263,1,0.151018,0.159641,0.133077
2264,1,0.091678,0.159611,0.131995
2265,1,0.124883,0.159596,0.131963
2266,1,0.183309,0.159606,0.131995
2267,1,0.146573,0.159601,0.132415
2268,1,0.152826,0.159598,0.133189
2269,1,0.193088,0.159612,0.13374
2270,1,0.099258,0.159586,0.134106
2271,1,0.095311,0.159558,0.133856
2272,1,0.078692,0.159522,0.133428
2273,1,0.087912,0.15949,0.133391
2274,1,0.142578,0.159483,0.13345
2275,1,0.078467,0.159447,0.132607
2276,1,0.146042,0.159442,0.132674
2277,1,0.097367,0.159414,0.132174
2278,1,0.107714,0.159392,0.132072
2279,1,0.14249,0.159384,0.13259
2280,1,0.226917,0.159414,0.13358
2281,1,0.156326,0.159412,0.133797
2282,1,0.176079,0.15942,0.134047
2283,1,0.197866,0.159437,0.134805
2284,1,0.165267,0.159439,0.134225
2285,1,0.08405,0.159406,0.133758
2286,1,0.181749,0.159416,0.133958
2287,1,0.147932,0.159411,0.133957
2288,1,0.119368,0.159393,0.133478
2289,1,0.214174,0.159417,0.134884
2290,1,0.10146,0.159392,0.134222
2291,1,0.166791,0.159395,0.133605
2292,1,0.153878,0.159393,0.133211
2293,1,0.169545,0.159397,0.1336
2294,1,0.187063,0.159409,0.134017
2295,1,0.153112,0.159407,0.134536
2296,1,0.213092,0.15943,0.13544
2297,1,0.098045,0.159403,0.13507
2298,1,0.146806,0.159398,0.135902
2299,1,0.12884,0.159384,0.135561
2300,1,0.133982,0.159373,0.134792
2301,1,0.130847,0.159361,0.134686
2302,1,0.160728,0.159362,0.135019
2303,1,0.103289,0.159337,0.134251
2304,1,0.089789,0.159307,0.133432
2305,1,0.146147,0.159301,0.133571
2306,1,0.093579,0.159273,0.133133
2307,1,0.159519,0.159273,0.133113
2308,1,0.212925,0.159296,0.133546
2309,1,0.121072,0.15928,0.133069
2310,1,0.11825,0.159262,0.133078
2311,1,0.099958,0.159236,0.132996
2312,1,0.081496,0.159203,0.132947
2313,1,0.08934,0.159172,0.133141
2314,1,0.191822,0.159187,0.133156
2315,1,0.078723,0.159152,0.133047
2316,1,0.120178,0.159135,0.132628
2317,1,0.094171,0.159107,0.132067
2318,1,0.113092,0.159087,0.131843
2319,1,0.09327,0.159059,0.131715
2320,1,0.12697,0.159045,0.131889
2321,1,0.092495,0.159016,0.131361
2322,1,0.060616,0.158974,0.13105
2323,1,0.145527,0.158968,0.131306
2324,1,0.096435,0.158941,0.130092
2325,1,0.207558,0.158962,0.130532
2326,1,0.201888,0.15898,0.131736
2327,1,0.088761,0.15895,0.131149
2328,1,0.163932,0.158952,0.132024
2329,1,0.100788,0.158927,0.132317
2330,1,0.1681,0.158931,0.132583
2331,1,0.178389,0.15894,0.132572
2332,1,0.184059,0.15895,0.133183
2333,1,0.133163,0.158939,0.132915
2334,1,0.104084,0.158916,0.131893
2335,1,0.11336,0.158896,0.131746
2336,1,0.112427,0.158877,0.131752
2337,1,0.16029,0.158877,0.132608
2338,1,0.100274,0.158852,0.132218
2339,1,0.131907,0.158841,0.132485
2340,1,0.168979,0.158845,0.13339
2341,1,0.104012,0.158821,0.132801
2342,1,0.166425,0.158825,0.13233
2343,1,0.129746,0.158812,0.132927
2344,1,0.196999,0.158829,0.133431
2345,1,0.175146,0.158836,0.134464
2346,1,0.102512,0.158812,0.133788
2347,1,0.093869,0.158784,0.1336
2348,1,0.238259,0.158818,0.13492
2349,1,0.131768,0.158806,0.13514
2350,1,0.174165,0.158813,0.134766
2351,1,0.078586,0.158779,0.134625
2352,1,0.193986,0.158794,0.135068
2353,1,0.166251,0.158797,0.134976
2354,1,0.094206,0.158769,0.135153
2355,1,0.141576,0.158762,0.13524
2356,1,0.169654,0.158767,0.135882
2357,1,0.13253,0.158756,0.136479
2358,1,0.138801,0.158747,0.136792
2359,1,0.126846,0.158734,0.137211
2360,1,0.138866,0.158725,0.137612
2361,1,0.218788,0.158751,0.138625
2362,1,0.132301,0.158739,0.13825
2363,1,0.091491,0.158711,0.137655
2364,1,0.095734,0.158684,0.137696
2365,1,0.138881,0.158676,0.137836
2366,1,0.187431,0.158688,0.137877
2367,1,0.104086,0.158665,0.137452
2368,1,0.244611,0.158701,0.13837
2369,1,0.102698,0.158678,0.137466
2370,1,0.167166,0.158681,0.138145
2371,1,0.140108,0.158673,0.138593
2372,1,0.190656,0.158687,0.139713
2373,1,0.107101,0.158665,0.139905
2374,1,0.219516,0.158691,0.140674
2375,1,0.116469,0.158673,0.141054
2376,1,0.122215,0.158658,0.140816
2377,1,0.114092,0.158639,0.140983
2378,1,0.086021,0.158608,0.140766
2379,1,0.121654,0.158593,0.140558
2380,1,0.060113,0.158551,0.13889
2381,1,0.169675,0.158556,0.139023
2382,1,0.114832,0.158538,0.138411
2383,1,0.125313,0.158524,0.137685
2384,1,0.098484,0.158499,0.137017
2385,1,0.078382,0.158465,0.136961
2386,1,0.094246,0.158438,0.136085
2387,1,0.144986,0.158432,0.136056
2388,1,0.083656,0.158401,0.135699
2389,1,0.060989,0.15836,0.134167
2390,1,0.143377,0.158354,0.134586
2391,1,0.16092,0.158355,0.134528
2392,1,0.114096,0.158337,0.13413
2393,1,0.183596,0.158347,0.13427
2394,1,0.17927,0.158356,0.134192
2395,1,0.057206,0.158314,0.133233
2396,1,0.076481,0.15828,0.131867
2397,1,0.108767,0.158259,0.131974
2398,1,0.069495,0.158222,0.131201
2399,1,0.086396,0.158192,0.130777
2400,1,0.145281,0.158187,0.13089
2401,1,0.145002,0.158181,0.131031
2402,1,0.087945,0.158152,0.130303
2403,1,0.093165,0.158125,0.130202
2404,1,0.11242,0.158106,0.130429
2405,1,0.097668,0.158081,0.129944
2406,1,0.147127,0.158076,0.130479
2407,1,0.136202,0.158067,0.130246
2408,1,0.104007,0.158045,0.129157
2409,1,0.13703,0.158036,0.129316
2410,1,0.152508,0.158034,0.129659
2411,1,0.123477,0.158019,0.129894
2412,1,0.099393,0.157995,0.130073
2413,1,0.112879,0.157976,0.130309
2414,1,0.156327,0.157976,0.129954
2415,1,0.072086,0.15794,0.129887
2416,1,0.130979,0.157929,0.129995
2417,1,0.123542,0.157915,0.130289
2418,1,0.1181,0.157898,0.130339
2419,1,0.070857,0.157862,0.130115
2420,1,0.136736,0.157853,0.130213
2421,1,0.180993,0.157863,0.131098
2422,1,0.041314,0.157815,0.130905
2423,1,0.155407,0.157814,0.131003
2424,1,0.086096,0.157784,0.1309
2425,1,0.117133,0.157768,0.129996
2426,1,0.088149,0.157739,0.128858
2427,1,0.128249,0.157727,0.129253
2428,1,0.14385,0.157721,0.129052
2429,1,0.185331,0.157732,0.129898
2430,1,0.102474,0.15771,0.129242
2431,1,0.222092,0.157736,0.129679
2432,1,0.092211,0.157709,0.12876
2433,1,0.171623,0.157715,0.129145
2434,1,0.111568,0.157696,0.12922
2435,1,0.117108,0.157679,0.129257
2436,1,0.087443,0.15765,0.129007
2437,1,0.049412,0.157606,0.127898
2438,1,0.153434,0.157604,0.12843
2439,1,0.154786,0.157603,0.128659
2440,1,0.181221,0.157613,0.128781
2441,1,0.164572,0.157616,0.129387
2442,1,0.128472,0.157604,0.129007
2443,1,0.134142,0.157594,0.129051
2444,1,0.071756,0.157559,0.127799
2445,1,0.087361,0.15753,0.126921
2446,1,0.102686,0.157508,0.126923
2447,1,0.107844,0.157488,0.127062
2448,1,0.124965,0.157474,0.12593
2449,1,0.083766,0.157444,0.125449
2450,1,0.0741,0.15741,0.124449
2451,1,0.128421,0.157398,0.124947
2452,1,0.122323,0.157384,0.124231
2453,1,0.08728,0.157355,0.123441
2454,1,0.128465,0.157344,0.123783
2455,1,0.128783,0.157332,0.123656
2456,1,0.202865,0.157351,0.123988
2457,1,0.159678,0.157351,0.124259
2458,1,0.082705,0.157321,0.123698
2459,1,0.133873,0.157312,0.123768
2460,1,0.086817,0.157283,0.123248
2461,1,0.127865,0.157271,0.122339
2462,1,0.145913,0.157266,0.122475
2463,1,0.179785,0.157276,0.123358
2464,1,0.140698,0.157269,0.123807
2465,1,0.090504,0.157242,0.123324
2466,1,0.10405,0.15722,0.12249
2467,1,0.164815,0.157223,0.123097
2468,1,0.21557,0.157247,0.122807
2469,1,0.207568,0.157267,0.123855
2470,1,0.110055,0.157248,0.123284
2471,1,0.090164,0.157221,0.122785
2472,1,0.096167,0.157196,0.12184
2473,1,0.149012,0.157193,0.122259
2474,1,0.097502,0.157169,0.121039
2475,1,0.120434,0.157154,0.121079
2476,1,0.241743,0.157188,0.122274
2477,1,0.141804,0.157182,0.122551
2478,1,0.077807,0.15715,0.122469
2479,1,0.119731,0.157135,0.12245
2480,1,0.09647,0.15711,0.122813
2481,1,0.058973,0.157071,0.121706
2482,1,0.095291,0.157046,0.121511
2483,1,0.126968,0.157034,0.121527
2484,1,0.200598,0.157051,0.122548
2485,1,0.081046,0.157021,0.122575
2486,1,0.066526,0.156984,0.122298
2487,1,0.081126,0.156954,0.121659
2488,1,0.106837,0.156934,0.121891
2489,1,0.140717,0.156927,0.122688
2490,1,0.110392,0.156908,0.122359
2491,1,0.149165,0.156905,0.122241
2492,1,0.121118,0.156891,0.122311
2493,1,0.205787,0.156911,0.122533
2494,1,0.092181,0.156885,0.121662
2495,1,0.214494,0.156908,0.123235
2496,1,0.19313,0.156922,0.124402
2497,1,0.127403,0.15691,0.124588
2498,1,0.114223,0.156893,0.125035
2499,1,0.112071,0.156875,0.125292
2500,1,0.102305,0.156854,0.124862
2501,1,0.10004,0.156831,0.124413
2502,1,0.097536,0.156807,0.124509
2503,1,0.122308,0.156793,0.1248
2504,1,0.148451,0.15679,0.12516
2505,1,0.103714,0.156769,0.125221
2506,1,0.076636,0.156737,0.124516
2507,1,0.124868,0.156724,0.124402
2508,1,0.09279,0.156699,0.12429
2509,1,0.140283,0.156692,0.124323
2510,1,0.187698,0.156705,0.124675
2511,1,0.121708,0.156691,0.124657
2512,1,0.085029,0.156662,0.124513
2513,1,0.209237,0.156683,0.125477
2514,1,0.164616,0.156686,0.12556
2515,1,0.058897,0.156647,0.125428
2516,1,0.101703,0.156625,0.125135
2517,1,0.187404,0.156638,0.125774
2518,1,0.176623,0.156646,0.126359
2519,1,0.166035,0.156649,0.127311
2520,1,0.106786,0.15663,0.127011
2521,1,0.087426,0.156602,0.126076
2522,1,0.094457,0.156577,0.126607
2523,1,0.12436,0.156565,0.126297
2524,1,0.171308,0.156571,0.127149
2525,1,0.092134,0.156545,0.126899
2526,1,0.093693,0.15652,0.126954
2527,1,0.212683,0.156542,0.127799
2528,1,0.065845,0.156506,0.127019
2529,1,0.099465,0.156484,0.12616
2530,1,0.181272,0.156494,0.126948
2531,1,0.111624,0.156476,0.125843
2532,1,0.102473,0.156455,0.125946
2533,1,0.193258,0.156469,0.126162
2534,1,0.109848,0.156451,0.126145
2535,1,0.132792,0.156441,0.126302
2536,1,0.083157,0.156413,0.126259
2537,1,0.148924,0.15641,0.127254
2538,1,0.075833,0.156378,0.126478
2539,1,0.187881,0.15639,0.126809
2540,1,0.133695,0.156381,0.126334
2541,1,0.171154,0.156387,0.1264
2542,1,0.108166,0.156368,0.126196
2543,1,0.134374,0.15636,0.126199
2544,1,0.162644,0.156362,0.127108
2545,1,0.120017,0.156348,0.127434
2546,1,0.072269,0.156315,0.12713
2547,1,0.095755,0.156291,0.127009
2548,1,0.118134,0.156276,0.126941
2549,1,0.121025,0.156262,0.127313
2550,1,0.110853,0.156244,0.127681
2551,1,0.095878,0.156221,0.127356
2552,1,0.086187,0.156193,0.126994
2553,1,0.1405,0.156187,0.127526
2554,1,0.117568,0.156172,0.127417
2555,1,0.153755,0.156171,0.127667
2556,1,0.150501,0.156169,0.127143
2557,1,0.081408,0.15614,0.126361
2558,1,0.186408,0.156151,0.127398
2559,1,0.099229,0.156129,0.127051
2560,1,0.16822,0.156134,0.127865
2561,1,0.144412,0.156129,0.128031
2562,1,0.065491,0.156094,0.127227
2563,1,0.142043,0.156088,0.126849
2564,1,0.134342,0.15608,0.126786
2565,1,0.114492,0.156064,0.127026
2566,1,0.200427,0.156081,0.127989
2567,1,0.142022,0.156075,0.127761
2568,1,0.179659,0.156085,0.127402
2569,1,0.123281,0.156072,0.126559
2570,1,0.164865,0.156075,0.127108
2571,1,0.194587,0.15609,0.128152
2572,1,0.241475,0.156124,0.129605
2573,1,0.137194,0.156116,0.129487
2574,1,0.103298,0.156096,0.129545
2575,1,0.090349,0.15607,0.129244
2576,1,0.129802,0.15606,0.128124
2577,1,0.069824,0.156026,0.127405
2578,1,0.119511,0.156012,0.127822
2579,1,0.223311,0.156038,0.128857
2580,1,0.07135,0.156006,0.128606
2581,1,0.081246,0.155977,0.128829
2582,1,0.197613,0.155993,0.129852
2583,1,0.133428,0.155984,0.129917
2584,1,0.140775,0.155978,0.129319
2585,1,0.167833,0.155983,0.130186
2586,1,0.068445,0.155949,0.130206
2587,1,0.185124,0.15596,0.131246
2588,1,0.113475,0.155944,0.131312
2589,1,0.097481,0.155921,0.13088
2590,1,0.139267,0.155915,0.131168
2591,1,0.147115,0.155911,0.131148
2592,1,0.102754,0.155891,0.130964
2593,1,0.101684,0.15587,0.129923
2594,1,0.166613,0.155874,0.130667
2595,1,0.199148,0.155891,0.130514
2596,1,0.148496,0.155888,0.130068
2597,1,0.115658,0.155872,0.12995
2598,1,0.153675,0.155871,0.130345
2599,1,0.209259,0.155892,0.131317
2600,1,0.100079,0.155871,0.131294
2601,1,0.09514,0.155847,0.131245
2602,1,0.104793,0.155828,0.131318
2603,1,0.18186,0.155838,0.131913
2604,1,0.166076,0.155842,0.13209
2605,1,0.077869,0.155812,0.131831
2606,1,0.120188,0.155798,0.132267
2607,1,0.139068,0.155792,0.132409
2608,1,0.112967,0.155775,0.132611
2609,1,0.113995,0.155759,0.132348
2610,1,0.261971,0.1558,0.13309
2611,1,0.076337,0.155769,0.132637
2612,1,0.053587,0.15573,0.132322
2613,1,0.164739,0.155734,0.131877
2614,1,0.212913,0.155756,0.13236
2615,1,0.125342,0.155744,0.133025
2616,1,0.05494,0.155705,0.132557
2617,1,0.135237,0.155698,0.132035
2618,1,0.167466,0.155702,0.131944
2619,1,0.087295,0.155676,0.131156
2620,1,0.152146,0.155675,0.13161
2621,1,0.070308,0.155642,0.131439
2622,1,0.110314,0.155625,0.131597
2623,1,0.161895,0.155627,0.131973
2624,1,0.131445,0.155618,0.131574
2625,1,0.085941,0.155591,0.131512
2626,1,0.13698,0.155584,0.131945
2627,1,0.093321,0.155561,0.130751
2628,1,0.167097,0.155565,0.131764
2629,1,0.223533,0.155591,0.133005
2630,1,0.086793,0.155565,0.13206
2631,1,0.100832,0.155544,0.131952
2632,1,0.177871,0.155552,0.132706
2633,1,0.172723,0.155559,0.132501
2634,1,0.143287,0.155554,0.132835
2635,1,0.22609,0.155581,0.133768
2636,1,0.110972,0.155564,0.134046
2637,1,0.18734,0.155576,0.13443
2638,1,0.119648,0.155562,0.134868
2639,1,0.092044,0.155538,0.13391
2640,1,0.077718,0.155509,0.13335
2641,1,0.123406,0.155497,0.132873
2642,1,0.131943,0.155488,0.133111
2643,1,0.216186,0.155511,0.133929
2644,1,0.090195,0.155486,0.133204
2645,1,0.07569,0.155456,0.132761
2646,1,0.129259,0.155446,0.133331
2647,1,0.115178,0.155431,0.133525
2648,1,0.096481,0.155409,0.133309
2649,1,0.11313,0.155393,0.13323
2650,1,0.087598,0.155367,0.132997
2651,1,0.108523,0.155349,0.133123
2652,1,0.151031,0.155348,0.133772
2653,1,0.08258,0.15532,0.133193
2654,1,0.119184,0.155307,0.133209
2655,1,0.183042,0.155317,0.133502
2656,1,0.150284,0.155315,0.1335
2657,1,0.161208,0.155317,0.134298
2658,1,0.089146,0.155293,0.133325
2659,1,0.129222,0.155283,0.133625
2660,1,0.13655,0.155276,0.133308
2661,1,0.193933,0.15529,0.133803
2662,1,0.149617,0.155288,0.134645
2663,1,0.10703,0.15527,0.134295
2664,1,0.077225,0.155241,0.133723
2665,1,0.151725,0.155239,0.134096
2666,1,0.139224,0.155233,0.133484
2667,1,0.161783,0.155236,0.133681
2668,1,0.097618,0.155214,0.132861
2669,1,0.167799,0.155219,0.133306
2670,1,0.143625,0.155215,0.133094
2671,1,0.219708,0.155239,0.133345
2672,1,0.186449,0.15525,0.132795
2673,1,0.121483,0.155238,0.132637
2674,1,0.136601,0.155231,0.132971
2675,1,0.155214,0.155231,0.133619
2676,1,0.158775,0.155232,0.133909
2677,1,0.103511,0.155213,0.134246
2678,1,0.138249,0.155206,0.134433
2679,1,0.164712,0.15521,0.133847
2680,1,0.099657,0.155189,0.13413
2681,1,0.100399,0.155169,0.134322
2682,1,0.068069,0.155136,0.133026
2683,1,0.25973,0.155175,0.134289
2684,1,0.192681,0.155189,0.134808
2685,1,0.180773,0.155199,0.134938
2686,1,0.065997,0.155166,0.134913
2687,1,0.178741,0.155174,0.134849
2688,1,0.162918,0.155177,0.135344
2689,1,0.082749,0.15515,0.135197
2690,1,0.147219,0.155147,0.135276
2691,1,0.200541,0.155164,0.13581
2692,1,0.104766,0.155146,0.13583
2693,1,0.113052,0.15513,0.135944
2694,1,0.098328,0.155109,0.135261
2695,1,0.083493,0.155082,0.134105
2696,1,0.149309,0.15508,0.134113
2697,1,0.162686,0.155083,0.134583
2698,1,0.180653,0.155092,0.134853
2699,1,0.08201,0.155065,0.13358
2700,1,0.114992,0.155051,0.13373
2701,1,0.095031,0.155028,0.133728
2702,1,0.087513,0.155003,0.133556
2703,1,0.187754,0.155015,0.133615
2704,1,0.201342,0.155033,0.133967
2705,1,0.106354,0.155015,0.134252
2706,1,0.079159,0.154987,0.133842
2707,1,0.17691,0.154995,0.13422
2708,1,0.198332,0.155011,0.135074
2709,1,0.079695,0.154983,0.134731
2710,1,0.123672,0.154971,0.133348
2711,1,0.08243,0.154945,0.133409
2712,1,0.175797,0.154952,0.134631
2713,1,0.104858,0.154934,0.134032
2714,1,0.076763,0.154905,0.132671
2715,1,0.171903,0.154911,0.133136
2716,1,0.114165,0.154896,0.133729
2717,1,0.057835,0.15486,0.132955
2718,1,0.212709,0.154882,0.133407
2719,1,0.148197,0.154879,0.134016
2720,1,0.061488,0.154845,0.133109
2721,1,0.178655,0.154854,0.134193
2722,1,0.1079,0.154836,0.134169
2723,1,0.054871,0.1548,0.133098
2724,1,0.107284,0.154782,0.132857
2725,1,0.11646,0.154768,0.133162
2726,1,0.106909,0.154751,0.132861
2727,1,0.158169,0.154752,0.13351
2728,1,0.16941,0.154757,0.133533
2729,1,0.091948,0.154734,0.132217
2730,1,0.083396,0.154708,0.132183
2731,1,0.111812,0.154692,0.132293
2732,1,0.11634,0.154678,0.131678
2733,1,0.13605,0.154672,0.131311
2734,1,0.133158,0.154664,0.13121
2735,1,0.117863,0.15465,0.130127
2736,1,0.131941,0.154642,0.130337
2737,1,0.169731,0.154648,0.130161
2738,1,0.116078,0.154633,0.130125
2739,1,0.146782,0.154631,0.130673
2740,1,0.159772,0.154632,0.131493
2741,1,0.119547,0.15462,0.131455
2742,1,0.101713,0.1546,0.131152
2743,1,0.146058,0.154597,0.130451
2744,1,0.131698,0.154589,0.130866
2745,1,0.190793,0.154602,0.132017
2746,1,0.071224,0.154572,0.131437
2747,1,0.149949,0.15457,0.131784
2748,1,0.110709,0.154554,0.131927
2749,1,0.112676,0.154539,0.131922
2750,1,0.081498,0.154512,0.131861
2751,1,0.188418,0.154525,0.13266
2752,1,0.168797,0.15453,0.132838
2753,1,0.248549,0.154564,0.134497
2754,1,0.13695,0.154558,0.134675
2755,1,0.074937,0.154529,0.133594
2756,1,0.098476,0.154508,0.133076
2757,1,0.108947,0.154492,0.132553
2758,1,0.088264,0.154468,0.132545
2759,1,0.191882,0.154481,0.133171
2760,1,0.112467,0.154466,0.13293
2761,1,0.108717,0.15445,0.132078
2762,1,0.199133,0.154466,0.132573
2763,1,0.123527,0.154455,0.132738
2764,1,0.123331,0.154443,0.133199
2765,1,0.128733,0.154434,0.132969
2766,1,0.099381,0.154414,0.132571
2767,1,0.139034,0.154408,0.132343
2768,1,0.089743,0.154385,0.132265
2769,1,0.069505,0.154354,0.131282
2770,1,0.174672,0.154362,0.131592
2771,1,0.096247,0.154341,0.130358
2772,1,0.160745,0.154343,0.130101
2773,1,0.126097,0.154333,0.130147
2774,1,0.158654,0.154335,0.130367
2775,1,0.125727,0.154324,0.130072
2776,1,0.16908,0.15433,0.130175
2777,1,0.16431,0.154333,0.130783
2778,1,0.096357,0.154312,0.130365
2779,1,0.169807,0.154318,0.130415
2780,1,0.164815,0.154322,0.131067
2781,1,0.056005,0.154286,0.130623
2782,1,0.140138,0.154281,0.131344
2783,1,0.130657,0.154273,0.130053
2784,1,0.111327,0.154257,0.12924
2785,1,0.137246,0.154251,0.128804
2786,1,0.101784,0.154232,0.129162
2787,1,0.094266,0.154211,0.128317
2788,1,0.10226,0.154192,0.127711
2789,1,0.077378,0.154165,0.127657
2790,1,0.097432,0.154144,0.127159
2791,1,0.090225,0.154121,0.126056
2792,1,0.215377,0.154143,0.127162
2793,1,0.07439,0.154115,0.126776
2794,1,0.213445,0.154136,0.127927
2795,1,0.085073,0.154111,0.127943
2796,1,0.105234,0.154094,0.127502
2797,1,0.14544,0.154091,0.127329
2798,1,0.107061,0.154074,0.126593
2799,1,0.117592,0.154061,0.126949
2800,1,0.127076,0.154051,0.12707
2801,1,0.080888,0.154025,0.126929
2802,1,0.133814,0.154018,0.127392
2803,1,0.095979,0.153997,0.126474
2804,1,0.120308,0.153985,0.125664
2805,1,0.137431,0.153979,0.125974
2806,1,0.063733,0.153947,0.12582
2807,1,0.17304,0.153954,0.125781
2808,1,0.103598,0.153936,0.124834
2809,1,0.090832,0.153914,0.124945
2810,1,0.125404,0.153903,0.124963
2811,1,0.09944,0.153884,0.125133
2812,1,0.122888,0.153873,0.124604
2813,1,0.146526,0.15387,0.12502
2814,1,0.08866,0.153847,0.125139
2815,1,0.115473,0.153834,0.124575
2816,1,0.164852,0.153837,0.125082
2817,1,0.106566,0.153821,0.125569
2818,1,0.257093,0.153857,0.126013
2819,1,0.131454,0.153849,0.125846
2820,1,0.094181,0.153828,0.126173
2821,1,0.178734,0.153837,0.126173
2822,1,0.152938,0.153837,0.126624
2823,1,0.082235,0.153811,0.126897
2824,1,0.126129,0.153802,0.127086
2825,1,0.11032,0.153786,0.127024
2826,1,0.078644,0.15376,0.126742
2827,1,0.165753,0.153764,0.126818
2828,1,0.111908,0.153749,0.126243
2829,1,0.148617,0.153747,0.126809
2830,1,0.062753,0.153715,0.126603
2831,1,0.121354,0.153704,0.126698
2832,1,0.213015,0.153725,0.127665
2833,1,0.103493,0.153707,0.127339
2834,1,0.140899,0.153702,0.127417
2835,1,0.127771,0.153693,0.127516
2836,1,0.061785,0.153661,0.126814
2837,1,0.059445,0.153628,0.125712
2838,1,0.15775,0.153629,0.126128
2839,1,0.165863,0.153633,0.126319
2840,1,0.138701,0.153628,0.126108
2841,1,0.073111,0.1536,0.125644
2842,1,0.095846,0.153579,0.125585
2843,1,0.148539,0.153578,0.12561
2844,1,0.119386,0.153566,0.125487
2845,1,0.13374,0.153559,0.124916
2846,1,0.127856,0.15355,0.125483
2847,1,0.075473,0.153522,0.124738
2848,1,0.061163,0.15349,0.124243
2849,1,0.108325,0.153474,0.124199
2850,1,0.177877,0.153482,0.125163
2851,1,0.207224,0.153501,0.125351
2852,1,0.126888,0.153492,0.124932
2853,1,0.115537,0.153479,0.123602
2854,1,0.140487,0.153474,0.123637
2855,1,0.122994,0.153463,0.124118
2856,1,0.197158,0.153479,0.125105
2857,1,0.122394,0.153468,0.125239
2858,1,0.107614,0.153452,0.125432
2859,1,0.178858,0.153461,0.125302
2860,1,0.164136,0.153464,0.125819
2861,1,0.241189,0.153495,0.127144
2862,1,0.206913,0.153514,0.127221
2863,1,0.092349,0.153492,0.12691
2864,1,0.077791,0.153466,0.126454
2865,1,0.186653,0.153478,0.127033
2866,1,0.100476,0.153459,0.127044
2867,1,0.118167,0.153447,0.126836
2868,1,0.080834,0.153421,0.126747
2869,1,0.149023,0.15342,0.127542
2870,1,0.077511,0.153393,0.12657
2871,1,0.177871,0.153402,0.127386
2872,1,0.137138,0.153396,0.12715
2873,1,0.119672,0.153385,0.127086
2874,1,0.092495,0.153363,0.126425
2875,1,0.146257,0.153361,0.12663
2876,1,0.078971,0.153335,0.125729
2877,1,0.108097,0.153319,0.125167
2878,1,0.12918,0.153311,0.125495
2879,1,0.134195,0.153304,0.125139
2880,1,0.072184,0.153276,0.124212
2881,1,0.103153,0.153259,0.124684
2882,1,0.095832,0.153239,0.124241
2883,1,0.097869,0.15322,0.123913
2884,1,0.069066,0.15319,0.12349
2885,1,0.104367,0.153174,0.123162
2886,1,0.101332,0.153156,0.123157
2887,1,0.129711,0.153147,0.123512
2888,1,0.10773,0.153132,0.123566
2889,1,0.130391,0.153124,0.124096
2890,1,0.16445,0.153128,0.124767
2891,1,0.143168,0.153124,0.125296
2892,1,0.072877,0.153097,0.123871
2893,1,0.109707,0.153082,0.124224
2894,1,0.088247,0.153059,0.122972
2895,1,0.084237,0.153035,0.122964
2896,1,0.111476,0.153021,0.123026
2897,1,0.062932,0.15299,0.122201
2898,1,0.151182,0.152989,0.122642
2899,1,0.17764,0.152998,0.123243
2900,1,0.111944,0.152984,0.123092
2901,1,0.093565,0.152963,0.123218
2902,1,0.041225,0.152925,0.122292
2903,1,0.101499,0.152907,0.122348
2904,1,0.181653,0.152917,0.122961
2905,1,0.165618,0.152921,0.123243
2906,1,0.123052,0.152911,0.123836
2907,1,0.197042,0.152926,0.124076
2908,1,0.203912,0.152944,0.125079
2909,1,0.102256,0.152926,0.125194
2910,1,0.128224,0.152918,0.125222
2911,1,0.105446,0.152901,0.125282
2912,1,0.15819,0.152903,0.125635
2913,1,0.051122,0.152868,0.124681
2914,1,0.104779,0.152852,0.124842
2915,1,0.140451,0.152848,0.125092
2916,1,0.096373,0.152828,0.124407
2917,1,0.101093,0.15281,0.124352
2918,1,0.087835,0.152788,0.12266
2919,1,0.181213,0.152798,0.123157
2920,1,0.200301,0.152814,0.124218
2921,1,0.138113,0.152809,0.123812
2922,1,0.083121,0.152785,0.123114
2923,1,0.17559,0.152793,0.124048
2924,1,0.084838,0.15277,0.123635
2925,1,0.067513,0.152741,0.123207
2926,1,0.178376,0.152749,0.124204
2927,1,0.106451,0.152734,0.123611
2928,1,0.104184,0.152717,0.123534
2929,1,0.134459,0.152711,0.123392
2930,1,0.124916,0.152701,0.124014
2931,1,0.122595,0.152691,0.124026
2932,1,0.120764,0.15268,0.123104
2933,1,0.096546,0.152661,0.123034
2934,1,0.176739,0.152669,0.123393
2935,1,0.133059,0.152663,0.123445
2936,1,0.100303,0.152645,0.123831
2937,1,0.100091,0.152627,0.124237
2938,1,0.158485,0.152629,0.124244
2939,1,0.127107,0.15262,0.123857
2940,1,0.187353,0.152632,0.124343
2941,1,0.192371,0.152645,0.125536
2942,1,0.153134,0.152646,0.126109
2943,1,0.076859,0.15262,0.125392
2944,1,0.166354,0.152625,0.125862
2945,1,0.132767,0.152618,0.125852
2946,1,0.122829,0.152608,0.125802
2947,1,0.162344,0.152611,0.12667
2948,1,0.147555,0.152609,0.127534
2949,1,0.11606,0.152597,0.127612
2950,1,0.132322,0.15259,0.127156
2951,1,0.14559,0.152588,0.12654
2952,1,0.100894,0.15257,0.12628
2953,1,0.092888,0.15255,0.126053
2954,1,0.211011,0.15257,0.126759
2955,1,0.149555,0.152569,0.127024
2956,1,0.095911,0.15255,0.126012
2957,1,0.051698,0.152515,0.125305
2958,1,0.116676,0.152503,0.125395
2959,1,0.096917,0.152485,0.124576
2960,1,0.074626,0.152458,0.123681
2961,1,0.101702,0.152441,0.122286
2962,1,0.160112,0.152444,0.121818
2963,1,0.095761,0.152425,0.121852
2964,1,0.089027,0.152403,0.121965
2965,1,0.110191,0.152389,0.1212
2966,1,0.156722,0.15239,0.121762
2967,1,0.174008,0.152398,0.122321
2968,1,0.03183,0.152357,0.121831
2969,1,0.098287,0.152339,0.121323
2970,1,0.126416,0.15233,0.121812
2971,1,0.176767,0.152338,0.121801
2972,1,0.094435,0.152319,0.121374
2973,1,0.221167,0.152342,0.122389
2974,1,0.251776,0.152375,0.123982
2975,1,0.100821,0.152358,0.123528
2976,1,0.108981,0.152344,0.123828
2977,1,0.118138,0.152332,0.123928
2978,1,0.092736,0.152312,0.123564
2979,1,0.138834,0.152308,0.12361
2980,1,0.088723,0.152286,0.123776
2981,1,0.075597,0.15226,0.1235
2982,1,0.116802,0.152249,0.12371
2983,1,0.20362,0.152266,0.124767
2984,1,0.114663,0.152253,0.125223
2985,1,0.179031,0.152262,0.12597
2986,1,0.05208,0.152229,0.125477
2987,1,0.099418,0.152211,0.125174
2988,1,0.190618,0.152224,0.126003
2989,1,0.073376,0.152197,0.125433
2990,1,0.139979,0.152193,0.125188
2991,1,0.178666,0.152202,0.125543
2992,1,0.190795,0.152215,0.126723
2993,1,0.144598,0.152213,0.127071
2994,1,0.056185,0.15218,0.126751
2995,1,0.133505,0.152174,0.127244
2996,1,0.105127,0.152159,0.12718
2997,1,0.120643,0.152148,0.127757
2998,1,0.105921,0.152133,0.127305
2999,1,0.108254,0.152118,0.126611
3000,1,0.133143,0.152112,0.126823
3001,1,0.085755,0.15209,0.126745
3002,1,0.056163,0.152058,0.126894
3003,1,0.158101,0.15206,0.12746
3004,1,0.080597,0.152036,0.126449
3005,1,0.079988,0.152012,0.125593
3006,1,0.188534,0.152024,0.126248
3007,1,0.139643,0.15202,0.125674
3008,1,0.20024,0.152036,0.125637
3009,1,0.081592,0.152012,0.125431
3010,1,0.052134,0.151979,0.12467
3011,1,0.066278,0.151951,0.124278
3012,1,0.107427,0.151936,0.12377
3013,1,0.138872,0.151932,0.124648
3014,1,0.112607,0.151919,0.124726
3015,1,0.120764,0.151908,0.124529
3016,1,0.183282,0.151919,0.125398
3017,1,0.135126,0.151913,0.125739
3018,1,0.106769,0.151898,0.125928
3019,1,0.109514,0.151884,0.125211
3020,1,0.14508,0.151882,0.124659
3021,1,0.128955,0.151874,0.124567
3022,1,0.085806,0.151852,0.124594
3023,1,0.048653,0.151818,0.123325
3024,1,0.146729,0.151817,0.123944
3025,1,0.160936,0.15182,0.124878
3026,1,0.082987,0.151797,0.123924
3027,1,0.209895,0.151816,0.124958
3028,1,0.163572,0.15182,0.125552
3029,1,0.170721,0.151826,0.125915
3030,1,0.08746,0.151805,0.12554
3031,1,0.120365,0.151795,0.125518
3032,1,0.076281,0.15177,0.125073
3033,1,0.106681,0.151755,0.125175
3034,1,0.154533,0.151756,0.124953
3035,1,0.12483,0.151747,0.12487
3036,1,0.108123,0.151732,0.124948
3037,1,0.191857,0.151746,0.125866
3038,1,0.173688,0.151753,0.126018
3039,1,0.178038,0.151762,0.126527
3040,1,0.188657,0.151774,0.12654
3041,1,0.155265,0.151775,0.126169
3042,1,0.089543,0.151754,0.125534
3043,1,0.142742,0.151751,0.126192
3044,1,0.123274,0.151742,0.125762
3045,1,0.121418,0.151732,0.125648
3046,1,0.198161,0.151747,0.126401
3047,1,0.10015,0.15173,0.125779
3048,1,0.125152,0.151722,0.125555
3049,1,0.101609,0.151705,0.125411
3050,1,0.110676,0.151692,0.125194
3051,1,0.149863,0.151691,0.125237
3052,1,0.065458,0.151663,0.124883
3053,1,0.129132,0.151656,0.125245
3054,1,0.117271,0.151644,0.124308
3055,1,0.11207,0.151631,0.123933
3056,1,0.09211,0.151612,0.123895
3057,1,0.127916,0.151604,0.124657
3058,1,0.098069,0.151587,0.124471
3059,1,0.108325,0.151573,0.124585
3060,1,0.074563,0.151547,0.124585
3061,1,0.15816,0.151549,0.125149
3062,1,0.088378,0.151529,0.124432
3063,1,0.149353,0.151528,0.124968
3064,1,0.075712,0.151503,0.124835
3065,1,0.162339,0.151507,0.125356
3066,1,0.189088,0.151519,0.12568
3067,1,0.130476,0.151512,0.125244
3068,1,0.102311,0.151496,0.125949
3069,1,0.081318,0.151473,0.125779
3070,1,0.099834,0.151457,0.125514
3071,1,0.15474,0.151458,0.125293
3072,1,0.151048,0.151458,0.12586
3073,1,0.118891,0.151447,0.124837
3074,1,0.116427,0.151436,0.123483
3075,1,0.102444,0.15142,0.1235
3076,1,0.089254,0.151399,0.123302
3077,1,0.161625,0.151403,0.123737
3078,1,0.085892,0.151381,0.123669
3079,1,0.102297,0.151366,0.123303
3080,1,0.098954,0.151349,0.123406
3081,1,0.156669,0.15135,0.124216
3082,1,0.162064,0.151354,0.124669
3083,1,0.148116,0.151353,0.124114
3084,1,0.159459,0.151355,0.124562
3085,1,0.086127,0.151334,0.123633
3086,1,0.097173,0.151317,0.124084
3087,1,0.097685,0.151299,0.124066
3088,1,0.07656,0.151275,0.122926
3089,1,0.079916,0.151252,0.122991
3090,1,0.12843,0.151245,0.122876
3091,1,0.064453,0.151216,0.121734
3092,1,0.092613,0.151197,0.120752
3093,1,0.089293,0.151177,0.120199
3094,1,0.123957,0.151169,0.120876
3095,1,0.078508,0.151145,0.120327
3096,1,0.211411,0.151165,0.121389
3097,1,0.177867,0.151173,0.121962
3098,1,0.065528,0.151146,0.121558
3099,1,0.161181,0.151149,0.122087
3100,1,0.070833,0.151123,0.121464
3101,1,0.080302,0.1511,0.121409
3102,1,0.18942,0.151112,0.122742
3103,1,0.082914,0.151091,0.12199
3104,1,0.106289,0.151076,0.122247
3105,1,0.066994,0.151049,0.122117
3106,1,0.124923,0.151041,0.121481
3107,1,0.169429,0.151047,0.121779
3108,1,0.07469,0.151022,0.120523
3109,1,0.095734,0.151004,0.120665
3110,1,0.108348,0.15099,0.121227
3111,1,0.119382,0.15098,0.121758
3112,1,0.140456,0.150977,0.122088
3113,1,0.258379,0.151011,0.123283
3114,1,0.102721,0.150996,0.123184
3115,1,0.116168,0.150985,0.123138
3116,1,0.144824,0.150983,0.122754
3117,1,0.111307,0.15097,0.122516
3118,1,0.071687,0.150945,0.122165
3119,1,0.144585,0.150943,0.122515
3120,1,0.093018,0.150924,0.121995
3121,1,0.215004,0.150945,0.122855
3122,1,0.128609,0.150937,0.123283
3123,1,0.127609,0.15093,0.124073
3124,1,0.201809,0.150946,0.124624
3125,1,0.089168,0.150926,0.123906
3126,1,0.151314,0.150927,0.124589
3127,1,0.136082,0.150922,0.123851
3128,1,0.096917,0.150905,0.123185
3129,1,0.100396,0.150888,0.122481
3130,1,0.12915,0.150881,0.122898
3131,1,0.175009,0.150889,0.123445
3132,1,0.089778,0.15087,0.12358
3133,1,0.141059,0.150866,0.123923
3134,1,0.09413,0.150848,0.123319
3135,1,0.16188,0.150852,0.12369
3136,1,0.082408,0.15083,0.123433
3137,1,0.142276,0.150827,0.122937
3138,1,0.084392,0.150806,0.122044
3139,1,0.111747,0.150794,0.121381
3140,1,0.130857,0.150787,0.120803
3141,1,0.110366,0.150775,0.120354
3142,1,0.067497,0.150748,0.120134
3143,1,0.133196,0.150742,0.120038
3144,1,0.108658,0.150729,0.119892
3145,1,0.107857,0.150715,0.119756
3146,1,0.091739,0.150697,0.118692
3147,1,0.141853,0.150694,0.119109
3148,1,0.102514,0.150679,0.118883
3149,1,0.138002,0.150675,0.119247
3150,1,0.172928,0.150682,0.119869
3151,1,0.170776,0.150688,0.120078
3152,1,0.128239,0.150681,0.120706
3153,1,0.191935,0.150694,0.121334
3154,1,0.150486,0.150694,0.121666
3155,1,0.126868,0.150686,0.121814
3156,1,0.110628,0.150674,0.122
3157,1,0.166877,0.150679,0.122389
3158,1,0.096975,0.150662,0.122378
3159,1,0.134434,0.150657,0.122639
3160,1,0.118351,0.150646,0.123077
3161,1,0.166796,0.150651,0.123164
3162,1,0.105697,0.150637,0.123337
3163,1,0.071056,0.150612,0.122554
3164,1,0.12708,0.150605,0.123067
3165,1,0.139503,0.150601,0.122839
3166,1,0.11022,0.150588,0.12205
3167,1,0.135445,0.150584,0.1221
3168,1,0.078938,0.150561,0.121866
3169,1,0.14653,0.15056,0.122519
3170,1,0.069567,0.150534,0.122216
3171,1,0.168174,0.15054,0.12235
3172,1,0.13998,0.150536,0.12224
3173,1,0.106234,0.150522,0.122113
3174,1,0.127214,0.150515,0.122221
3175,1,0.117841,0.150505,0.122375
3176,1,0.121377,0.150496,0.122696
3177,1,0.082845,0.150474,0.121908
3178,1,0.088229,0.150455,0.121932
3179,1,0.20822,0.150473,0.122991
3180,1,0.092756,0.150455,0.122929
3181,1,0.108501,0.150442,0.122447
3182,1,0.162274,0.150445,0.122449
3183,1,0.166849,0.15045,0.122637
3184,1,0.224347,0.150474,0.123285
3185,1,0.160445,0.150477,0.124029
3186,1,0.077296,0.150454,0.12383
3187,1,0.134371,0.150449,0.124197
3188,1,0.06993,0.150424,0.12413
3189,1,0.11357,0.150412,0.124467
3190,1,0.192858,0.150425,0.125111
3191,1,0.075474,0.150402,0.125221
3192,1,0.151638,0.150402,0.125812
3193,1,0.111193,0.15039,0.126031
3194,1,0.078912,0.150368,0.12558
3195,1,0.105337,0.150353,0.125849
3196,1,0.15878,0.150356,0.125322
3197,1,0.083571,0.150335,0.124379
3198,1,0.074363,0.150311,0.124468
3199,1,0.163998,0.150316,0.124496
3200,1,0.089669,0.150297,0.124684
3201,1,0.079551,0.150275,0.124677
3202,1,0.085665,0.150254,0.123639
3203,1,0.108746,0.150242,0.123897
3204,1,0.120242,0.150232,0.124037
3205,1,0.128149,0.150225,0.124649
3206,1,0.144701,0.150224,0.124846
3207,1,0.088026,0.150204,0.124032
3208,1,0.075479,0.150181,0.12404
3209,1,0.104412,0.150167,0.124127
3210,1,0.136757,0.150162,0.124411
3211,1,0.100682,0.150147,0.124224
3212,1,0.138915,0.150144,0.124209
3213,1,0.176912,0.150152,0.123394
3214,1,0.130955,0.150146,0.123676
3215,1,0.073984,0.150122,0.123254
3216,1,0.082953,0.150101,0.122636
3217,1,0.137917,0.150098,0.122902
3218,1,0.170064,0.150104,0.123886
3219,1,0.156358,0.150106,0.124003
3220,1,0.169757,0.150112,0.124771
3221,1,0.144752,0.15011,0.124068
3222,1,0.131607,0.150104,0.124098
3223,1,0.13289,0.150099,0.124151
3224,1,0.254302,0.150131,0.124676
3225,1,0.132138,0.150126,0.125106
3226,1,0.142817,0.150123,0.125021
3227,1,0.13039,0.150117,0.124964
3228,1,0.112917,0.150106,0.125124
3229,1,0.116773,0.150096,0.125288
3230,1,0.120674,0.150086,0.125203
3231,1,0.115576,0.150076,0.124608
3232,1,0.149699,0.150076,0.125208
3233,1,0.099378,0.15006,0.124791
3234,1,0.162119,0.150064,0.125471
3235,1,0.083171,0.150043,0.124684
3236,1,0.156558,0.150045,0.125425
3237,1,0.091587,0.150027,0.124918
3238,1,0.086068,0.150007,0.124935
3239,1,0.16069,0.15001,0.125424
3240,1,0.154913,0.150012,0.125665
3241,1,0.081151,0.149991,0.125373
3242,1,0.083214,0.14997,0.12553
3243,1,0.091137,0.149952,0.125109
3244,1,0.123059,0.149944,0.125253
3245,1,0.112105,0.149932,0.125296
3246,1,0.269938,0.149969,0.127078
3247,1,0.195585,0.149983,0.127615
3248,1,0.126291,0.149976,0.127853
3249,1,0.148792,0.149975,0.127961
3250,1,0.109799,0.149963,0.12733
3251,1,0.151813,0.149964,0.12714
3252,1,0.226637,0.149987,0.128124
3253,1,0.074695,0.149964,0.126952
3254,1,0.079377,0.149942,0.12624
3255,1,0.047306,0.149911,0.125445
3256,1,0.169183,0.149917,0.12603
3257,1,0.207864,0.149935,0.12644
3258,1,0.135716,0.14993,0.126828
3259,1,0.128934,0.149924,0.126773
3260,1,0.117562,0.149914,0.126765
3261,1,0.11369,0.149903,0.126234
3262,1,0.125633,0.149895,0.126433
3263,1,0.116617,0.149885,0.126889
3264,1,0.121302,0.149876,0.126831
3265,1,0.163584,0.149881,0.127072
3266,1,0.126534,0.149873,0.127235
3267,1,0.085068,0.149854,0.126731
3268,1,0.192284,0.149867,0.127865
3269,1,0.128878,0.14986,0.127688
3270,1,0.055675,0.149831,0.127549
3271,1,0.089695,0.149813,0.126764
3272,1,0.136535,0.149809,0.12673
3273,1,0.12368,0.149801,0.126904
3274,1,0.196714,0.149815,0.127599
3275,1,0.136369,0.149811,0.127785
3276,1,0.087694,0.149792,0.127448
3277,1,0.124608,0.149784,0.127865
3278,1,0.113907,0.149773,0.128122
3279,1,0.068318,0.149749,0.126723
3280,1,0.110968,0.149737,0.126905
3281,1,0.174201,0.149744,0.127562
3282,1,0.120131,0.149735,0.127141
3283,1,0.074149,0.149712,0.126214
3284,1,0.150136,0.149712,0.125472
3285,1,0.038419,0.149678,0.124251
3286,1,0.18906,0.14969,0.125369
3287,1,0.12866,0.149684,0.125312
3288,1,0.064211,0.149658,0.125255
3289,1,0.072554,0.149635,0.124845
3290,1,0.068192,0.14961,0.123598
3291,1,0.053576,0.149581,0.123379
3292,1,0.153846,0.149582,0.123401
3293,1,0.083094,0.149562,0.12312
3294,1,0.079682,0.149541,0.123128
3295,1,0.124996,0.149533,0.123324
3296,1,0.164661,0.149538,0.123383
3297,1,0.097782,0.149522,0.123525
3298,1,0.118675,0.149513,0.123968
3299,1,0.11022,0.149501,0.123431
3300,1,0.251543,0.149532,0.125049
3301,1,0.177415,0.14954,0.126028
3302,1,0.094465,0.149523,0.126116
3303,1,0.127245,0.149517,0.126301
3304,1,0.087579,0.149498,0.125974
3305,1,0.11025,0.149486,0.125795
3306,1,0.119622,0.149477,0.125545
3307,1,0.117235,0.149467,0.125837
3308,1,0.166767,0.149473,0.12675
3309,1,0.107813,0.14946,0.126784
3310,1,0.164488,0.149464,0.127061
3311,1,0.061416,0.149438,0.126668
3312,1,0.129203,0.149432,0.126571
3313,1,0.052685,0.149403,0.125329
3314,1,0.101648,0.149388,0.125036
3315,1,0.133351,0.149383,0.125629
3316,1,0.123006,0.149375,0.12603
3317,1,0.071318,0.149352,0.125364
3318,1,0.100747,0.149337,0.124671
3319,1,0.105505,0.149324,0.124162
3320,1,0.104514,0.149311,0.12351
3321,1,0.114294,0.1493,0.123205
3322,1,0.138995,0.149297,0.123279
3323,1,0.185489,0.149308,0.123805
3324,1,0.137368,0.149304,0.122636
3325,1,0.091866,0.149287,0.122233
3326,1,0.153043,0.149288,0.122335
3327,1,0.148835,0.149288,0.12252
3328,1,0.100512,0.149273,0.122396
3329,1,0.101473,0.149259,0.122243
3330,1,0.138433,0.149256,0.12242
3331,1,0.094087,0.149239,0.122205
3332,1,0.096717,0.149223,0.121676
3333,1,0.078481,0.149202,0.121467
3334,1,0.079609,0.149181,0.120642
3335,1,0.168389,0.149187,0.121494
3336,1,0.120285,0.149178,0.121131
3337,1,0.131311,0.149173,0.121528
3338,1,0.107883,0.149161,0.121746
3339,1,0.050057,0.149131,0.12064
3340,1,0.085302,0.149112,0.119944
3341,1,0.128061,0.149105,0.120413
3342,1,0.082984,0.149086,0.120411
3343,1,0.24423,0.149114,0.121942
3344,1,0.211343,0.149133,0.122825
3345,1,0.09573,0.149117,0.122661
3346,1,0.102835,0.149103,0.12099
3347,1,0.120596,0.149094,0.12024
3348,1,0.182166,0.149104,0.120799
3349,1,0.176833,0.149113,0.121079
3350,1,0.105541,0.1491,0.121036
3351,1,0.150232,0.1491,0.121021
3352,1,0.141954,0.149098,0.120174
3353,1,0.125683,0.149091,0.120684
3354,1,0.143438,0.149089,0.121324
3355,1,0.129642,0.149083,0.122148
3356,1,0.106624,0.149071,0.121522
3357,1,0.133917,0.149066,0.120783
3358,1,0.099249,0.149051,0.120418
3359,1,0.120946,0.149043,0.120338
3360,1,0.106095,0.14903,0.120223
3361,1,0.096009,0.149014,0.120047
3362,1,0.118408,0.149005,0.119974
3363,1,0.169127,0.149011,0.120499
3364,1,0.161933,0.149015,0.120906
3365,1,0.087309,0.148997,0.120143
3366,1,0.188587,0.149009,0.120764
3367,1,0.141947,0.149006,0.121332
3368,1,0.098652,0.148991,0.120396
3369,1,0.169301,0.148998,0.1208
3370,1,0.192504,0.14901,0.122169
3371,1,0.094143,0.148994,0.122213
3372,1,0.095744,0.148978,0.121805
3373,1,0.100403,0.148964,0.121572
3374,1,0.070092,0.148941,0.120306
3375,1,0.101354,0.148926,0.119956
3376,1,0.126259,0.14892,0.120342
3377,1,0.111641,0.148909,0.120212
3378,1,0.099887,0.148894,0.120072
3379,1,0.145473,0.148893,0.120843
3380,1,0.192881,0.148906,0.121662
3381,1,0.076648,0.148885,0.120687
3382,1,0.058006,0.148858,0.120066
3383,1,0.115742,0.148848,0.120482
3384,1,0.073406,0.148826,0.119714
3385,1,0.077808,0.148805,0.120108
3386,1,0.154565,0.148807,0.119763
3387,1,0.16891,0.148813,0.120166
3388,1,0.051109,0.148784,0.120035
3389,1,0.170043,0.14879,0.12101
3390,1,0.073489,0.148768,0.121063
3391,1,0.092622,0.148751,0.121453
3392,1,0.188943,0.148763,0.121804
3393,1,0.054685,0.148735,0.12152
3394,1,0.144004,0.148734,0.122163
3395,1,0.093047,0.148718,0.121844
3396,1,0.181823,0.148727,0.122015
3397,1,0.105421,0.148715,0.122092
3398,1,0.091881,0.148698,0.121824
3399,1,0.072334,0.148675,0.121445
3400,1,0.193857,0.148689,0.120868
3401,1,0.082607,0.148669,0.11992
3402,1,0.148513,0.148669,0.12046
3403,1,0.164306,0.148674,0.120831
3404,1,0.1085,0.148662,0.12104
3405,1,0.115931,0.148652,0.121097
3406,1,0.107753,0.14864,0.120978
3407,1,0.099945,0.148626,0.120805
3408,1,0.174495,0.148634,0.120883
3409,1,0.131114,0.148629,0.121116
3410,1,0.174455,0.148636,0.121215
3411,1,0.157164,0.148639,0.122173
3412,1,0.177903,0.148647,0.12266
3413,1,0.128906,0.148641,0.123422
3414,1,0.127492,0.148635,0.12368
3415,1,0.175357,0.148643,0.124101
3416,1,0.127045,0.148637,0.124141
3417,1,0.050247,0.148608,0.12393
3418,1,0.119074,0.148599,0.124113
3419,1,0.135631,0.148595,0.124415
3420,1,0.14519,0.148594,0.124822
3421,1,0.096207,0.148579,0.124641
3422,1,0.064896,0.148555,0.1239
3423,1,0.097657,0.14854,0.123021
3424,1,0.113542,0.14853,0.122783
3425,1,0.108441,0.148518,0.122949
3426,1,0.149589,0.148518,0.122914
3427,1,0.107017,0.148506,0.122496
3428,1,0.115568,0.148496,0.122647
3429,1,0.145515,0.148496,0.123087
3430,1,0.196598,0.14851,0.123669
3431,1,0.122975,0.148502,0.123958
3432,1,0.093886,0.148486,0.123929
3433,1,0.153729,0.148488,0.124682
3434,1,0.18718,0.148499,0.125758
3435,1,0.096595,0.148484,0.12504
3436,1,0.126945,0.148478,0.125106
3437,1,0.078356,0.148457,0.124577
3438,1,0.120524,0.148449,0.124703
3439,1,0.108771,0.148438,0.12529
3440,1,0.165259,0.148443,0.12609
3441,1,0.174375,0.14845,0.126553
3442,1,0.167273,0.148456,0.127396
3443,1,0.084019,0.148437,0.125794
3444,1,0.141852,0.148435,0.125099
3445,1,0.058801,0.148409,0.124729
3446,1,0.143962,0.148408,0.125141
3447,1,0.116495,0.148398,0.1251
3448,1,0.087447,0.148381,0.124153
3449,1,0.14089,0.148378,0.123793
3450,1,0.102017,0.148365,0.123758
3451,1,0.068895,0.148342,0.122944
3452,1,0.091822,0.148326,0.122443
3453,1,0.146907,0.148325,0.122655
3454,1,0.201295,0.148341,0.123234
3455,1,0.130982,0.148336,0.123247
3456,1,0.065038,0.148311,0.122831
3457,1,0.16258,0.148316,0.123118
3458,1,0.263303,0.148349,0.124759
3459,1,0.089404,0.148332,0.124443
3460,1,0.179247,0.148341,0.125175
3461,1,0.124471,0.148334,0.125459
3462,1,0.164275,0.148338,0.125918
3463,1,0.142788,0.148337,0.125655
3464,1,0.077724,0.148316,0.124813
3465,1,0.140258,0.148314,0.125342
3466,1,0.17604,0.148322,0.125217
3467,1,0.201614,0.148337,0.125813
3468,1,0.12294,0.14833,0.126056
3469,1,0.059811,0.148305,0.124961
3470,1,0.077147,0.148284,0.123808
3471,1,0.193636,0.148297,0.124803
3472,1,0.233406,0.148322,0.126179
3473,1,0.142749,0.14832,0.126603
3474,1,0.13959,0.148318,0.127298
3475,1,0.128438,0.148312,0.127568
3476,1,0.106993,0.1483,0.127376
3477,1,0.186547,0.148311,0.128125
3478,1,0.184177,0.148321,0.128968
3479,1,0.113311,0.148311,0.128646
3480,1,0.092581,0.148295,0.127643
3481,1,0.196869,0.148309,0.128845
3482,1,0.224083,0.148331,0.130506
3483,1,0.092652,0.148315,0.130275
3484,1,0.076827,0.148294,0.130309
3485,1,0.090649,0.148278,0.130438
3486,1,0.09636,0.148263,0.129856
3487,1,0.226946,0.148286,0.130436
3488,1,0.035908,0.148253,0.130284
3489,1,0.137635,0.14825,0.12996
3490,1,0.093949,0.148235,0.130165
3491,1,0.093591,0.148219,0.130174
3492,1,0.062622,0.148195,0.128911
3493,1,0.144916,0.148194,0.129813
3494,1,0.109416,0.148183,0.129468
3495,1,0.192789,0.148195,0.130465
3496,1,0.146728,0.148195,0.130114
3497,1,0.067497,0.148172,0.129735
3498,1,0.124995,0.148165,0.130066
3499,1,0.12351,0.148158,0.130578
3500,1,0.166873,0.148163,0.130308
3501,1,0.104007,0.148151,0.130522
3502,1,0.17349,0.148158,0.130772
3503,1,0.102699,0.148145,0.130156
3504,1,0.071628,0.148123,0.129787
3505,1,0.140543,0.148121,0.130033
3506,1,0.091048,0.148105,0.129866
3507,1,0.11088,0.148094,0.129975
3508,1,0.135444,0.148091,0.129585
3509,1,0.131164,0.148086,0.129585
3510,1,0.110812,0.148075,0.128949
3511,1,0.147348,0.148075,0.128851
3512,1,0.120805,0.148067,0.12828
3513,1,0.149137,0.148068,0.128482
3514,1,0.098462,0.148053,0.128192
3515,1,0.054933,0.148027,0.126987
3516,1,0.090173,0.14801,0.126619
3517,1,0.145854,0.14801,0.127575
3518,1,0.130926,0.148005,0.127693
3519,1,0.090674,0.147989,0.127244
3520,1,0.116226,0.14798,0.126954
3521,1,0.119413,0.147972,0.127186
3522,1,0.141316,0.14797,0.12795
3523,1,0.187938,0.147981,0.128853
3524,1,0.090245,0.147965,0.12862
3525,1,0.119625,0.147957,0.128732
3526,1,0.134673,0.147953,0.128583
3527,1,0.09912,0.147939,0.128504
3528,1,0.068413,0.147916,0.128032
3529,1,0.103273,0.147904,0.12761
3530,1,0.122567,0.147897,0.12687
3531,1,0.093689,0.147881,0.126577
3532,1,0.134349,0.147877,0.126981
3533,1,0.107759,0.147866,0.126522
3534,1,0.142471,0.147865,0.126075
3535,1,0.09892,0.147851,0.126098
3536,1,0.126778,0.147845,0.126096
3537,1,0.084993,0.147827,0.126163
3538,1,0.190536,0.147839,0.126863
3539,1,0.07417,0.147818,0.126517
3540,1,0.085873,0.147801,0.125723
3541,1,0.131061,0.147796,0.12529
3542,1,0.071796,0.147775,0.124335
3543,1,0.145508,0.147774,0.12495
3544,1,0.126852,0.147768,0.1248
3545,1,0.15618,0.14777,0.125774
3546,1,0.116261,0.147761,0.125497
3547,1,0.116563,0.147753,0.125497
3548,1,0.098859,0.147739,0.125611
3549,1,0.112818,0.147729,0.125331
3550,1,0.080785,0.14771,0.125118
3551,1,0.11184,0.1477,0.125548
3552,1,0.19079,0.147712,0.126538
3553,1,0.128356,0.147707,0.126352
3554,1,0.130013,0.147702,0.125639
3555,1,0.149036,0.147702,0.12582
3556,1,0.105179,0.14769,0.126221
3557,1,0.16068,0.147694,0.126202
3558,1,0.071968,0.147673,0.124289
3559,1,0.081575,0.147654,0.124211
3560,1,0.110883,0.147644,0.123527
3561,1,0.169807,0.14765,0.12398
3562,1,0.165279,0.147655,0.12399
3563,1,0.086385,0.147638,0.123426
3564,1,0.090591,0.147622,0.123555
3565,1,0.077553,0.147602,0.122928
3566,1,0.172082,0.147609,0.122888
3567,1,0.161776,0.147613,0.12249
3568,1,0.148154,0.147613,0.122742
3569,1,0.10147,0.1476,0.123159
3570,1,0.119287,0.147592,0.12358
3571,1,0.191109,0.147604,0.123555
3572,1,0.084101,0.147587,0.122062
3573,1,0.165389,0.147592,0.122288
3574,1,0.173254,0.147599,0.122625
3575,1,0.07734,0.147579,0.122114
3576,1,0.158926,0.147582,0.122633
3577,1,0.122223,0.147575,0.12199
3578,1,0.10634,0.147564,0.121211
3579,1,0.135522,0.14756,0.121434
3580,1,0.055579,0.147535,0.121064
3581,1,0.075104,0.147514,0.119846
3582,1,0.117946,0.147506,0.118785
3583,1,0.187811,0.147517,0.119736
3584,1,0.218161,0.147537,0.121149
3585,1,0.223852,0.147558,0.122482
3586,1,0.113894,0.147549,0.122657
3587,1,0.123005,0.147542,0.121617
3588,1,0.16196,0.147546,0.122878
3589,1,0.127183,0.14754,0.122773
3590,1,0.242313,0.147567,0.124257
3591,1,0.131612,0.147562,0.124637
3592,1,0.176587,0.14757,0.125777
3593,1,0.076682,0.147551,0.125095
3594,1,0.138026,0.147548,0.125381
3595,1,0.171098,0.147555,0.125164
3596,1,0.060176,0.14753,0.124298
3597,1,0.116358,0.147522,0.124787
3598,1,0.146753,0.147521,0.125004
3599,1,0.124643,0.147515,0.125016
3600,1,0.11757,0.147507,0.124523
3601,1,0.112617,0.147497,0.124609
3602,1,0.116429,0.147488,0.124038
3603,1,0.111245,0.147478,0.124124
3604,1,0.135134,0.147475,0.124759
3605,1,0.193655,0.147488,0.12529
3606,1,0.09869,0.147474,0.125366
3607,1,0.121541,0.147467,0.125473
3608,1,0.20803,0.147484,0.126199
3609,1,0.079516,0.147465,0.125682
3610,1,0.094528,0.14745,0.125519
3611,1,0.05932,0.147426,0.124639
3612,1,0.173463,0.147433,0.125166
3613,1,0.13581,0.14743,0.125033
3614,1,0.189094,0.147441,0.125939
3615,1,0.08801,0.147425,0.12627
3616,1,0.125732,0.147419,0.126625
3617,1,0.093841,0.147404,0.126105
3618,1,0.109766,0.147394,0.125893
3619,1,0.075707,0.147374,0.125744
3620,1,0.126768,0.147368,0.125849
3621,1,0.090041,0.147352,0.125555
3622,1,0.121038,0.147345,0.125353
3623,1,0.145444,0.147345,0.124928
3624,1,0.074856,0.147325,0.124774
3625,1,0.135348,0.147321,0.124931
3626,1,0.093165,0.147306,0.124516
3627,1,0.223633,0.147328,0.125761
3628,1,0.076965,0.147308,0.125847
3629,1,0.136113,0.147305,0.126175
3630,1,0.136105,0.147302,0.12631
3631,1,0.132036,0.147298,0.126694
3632,1,0.187441,0.147309,0.127225
3633,1,0.06587,0.147286,0.126806
3634,1,0.120666,0.147279,0.126588
3635,1,0.096904,0.147265,0.126568
3636,1,0.154272,0.147267,0.126843
3637,1,0.125208,0.147261,0.127245
3638,1,0.143941,0.14726,0.126779
3639,1,0.152734,0.147262,0.127565
3640,1,0.06416,0.147239,0.127347
3641,1,0.094026,0.147224,0.126977
3642,1,0.091695,0.147209,0.127176
3643,1,0.189387,0.147221,0.127615
3644,1,0.136128,0.147217,0.127708
3645,1,0.160702,0.147221,0.127753
3646,1,0.175197,0.147229,0.128342
3647,1,0.122149,0.147222,0.128398
3648,1,0.189064,0.147233,0.1293
3649,1,0.124372,0.147227,0.129416
3650,1,0.081743,0.147209,0.129425
3651,1,0.072327,0.147189,0.12903
3652,1,0.080159,0.14717,0.127924
3653,1,0.17886,0.147179,0.128429
3654,1,0.14246,0.147178,0.128553
3655,1,0.14634,0.147178,0.128526
3656,1,0.090097,0.147162,0.128375
3657,1,0.088507,0.147146,0.127654
3658,1,0.190616,0.147158,0.12884
3659,1,0.182996,0.147168,0.129854
3660,1,0.075594,0.147148,0.129502
3661,1,0.12831,0.147143,0.129087
3662,1,0.063422,0.14712,0.128068
3663,1,0.159336,0.147123,0.128798
3664,1,0.09382,0.147109,0.12883
3665,1,0.220997,0.147129,0.130264
3666,1,0.145659,0.147129,0.13
3667,1,0.089146,0.147113,0.129274
3668,1,0.149432,0.147113,0.129287
3669,1,0.134272,0.14711,0.129615
3670,1,0.142674,0.147109,0.129848
3671,1,0.105052,0.147097,0.128988
3672,1,0.100028,0.147084,0.129147
3673,1,0.158122,0.147087,0.129074
3674,1,0.077325,0.147068,0.128115
3675,1,0.142523,0.147067,0.128767
3676,1,0.161414,0.147071,0.128792
3677,1,0.114692,0.147062,0.128717
3678,1,0.141939,0.147061,0.129073
3679,1,0.073868,0.147041,0.128456
3680,1,0.111926,0.147031,0.129019
3681,1,0.228845,0.147054,0.130557
3682,1,0.151657,0.147055,0.130894
3683,1,0.113898,0.147046,0.130155
3684,1,0.135548,0.147043,0.129329
3685,1,0.190475,0.147055,0.128995
3686,1,0.223852,0.147075,0.130095
3687,1,0.077918,0.147057,0.129644
3688,1,0.072433,0.147036,0.128748
3689,1,0.063827,0.147014,0.128115
3690,1,0.130706,0.147009,0.126999
3691,1,0.158879,0.147013,0.127271
3692,1,0.142603,0.147011,0.126932
3693,1,0.061942,0.146988,0.126784
3694,1,0.07633,0.146969,0.126167
3695,1,0.112647,0.14696,0.125583
3696,1,0.147154,0.14696,0.126452
3697,1,0.099601,0.146947,0.126285
3698,1,0.165607,0.146952,0.126473
3699,1,0.10241,0.14694,0.126251
3700,1,0.120779,0.146933,0.126283
3701,1,0.110651,0.146923,0.126264
3702,1,0.189487,0.146935,0.126994
3703,1,0.175771,0.146943,0.127639
3704,1,0.097095,0.146929,0.127259
3705,1,0.073359,0.146909,0.126056
3706,1,0.086836,0.146893,0.125938
3707,1,0.139776,0.146891,0.12612
3708,1,0.126252,0.146886,0.125302
3709,1,0.087474,0.14687,0.125382
3710,1,0.050101,0.146844,0.124937
3711,1,0.09274,0.146829,0.125272
3712,1,0.061733,0.146806,0.124154
3713,1,0.129816,0.146801,0.124094
3714,1,0.098224,0.146788,0.123186
3715,1,0.152972,0.14679,0.123835
3716,1,0.180701,0.146799,0.124385
3717,1,0.081758,0.146782,0.124264
3718,1,0.138198,0.146779,0.124548
3719,1,0.154785,0.146782,0.125339
3720,1,0.187362,0.146792,0.125945
3721,1,0.096119,0.146779,0.126006
3722,1,0.150907,0.14678,0.126305
3723,1,0.161733,0.146784,0.126468
3724,1,0.156755,0.146787,0.127287
3725,1,0.049083,0.14676,0.126424
3726,1,0.116178,0.146752,0.126654
3727,1,0.123644,0.146746,0.125654
3728,1,0.229013,0.146768,0.127175
3729,1,0.033163,0.146738,0.126145
3730,1,0.10691,0.146727,0.125853
3731,1,0.178346,0.146735,0.126316
3732,1,0.169187,0.146741,0.126134
3733,1,0.136902,0.146739,0.126844
3734,1,0.131385,0.146735,0.126951
3735,1,0.1529,0.146736,0.127511
3736,1,0.134032,0.146733,0.127309
3737,1,0.289445,0.146771,0.128951
3738,1,0.145126,0.146771,0.128963
3739,1,0.168995,0.146777,0.129126
3740,1,0.117708,0.146769,0.129661
3741,1,0.135274,0.146766,0.130074
3742,1,0.149191,0.146766,0.130649
3743,1,0.138086,0.146764,0.130136
3744,1,0.168854,0.14677,0.130463
3745,1,0.134799,0.146767,0.130204
3746,1,0.250074,0.146794,0.130953
3747,1,0.140061,0.146793,0.131132
3748,1,0.04681,0.146766,0.129709
3749,1,0.192984,0.146778,0.130395
3750,1,0.17038,0.146785,0.131282
3751,1,0.123204,0.146778,0.13179
3752,1,0.089711,0.146763,0.131886
3753,1,0.056724,0.146739,0.130665
3754,1,0.070363,0.146719,0.129944
3755,1,0.09351,0.146705,0.129415
3756,1,0.132699,0.146701,0.129841
3757,1,0.146164,0.146701,0.130418
3758,1,0.095726,0.146687,0.129469
3759,1,0.092427,0.146673,0.128563
3760,1,0.037995,0.146644,0.128187
3761,1,0.165633,0.146649,0.12856
3762,1,0.154293,0.146651,0.129469
3763,1,0.137246,0.146648,0.129248
3764,1,0.101446,0.146636,0.129325
3765,1,0.127889,0.146631,0.128393
3766,1,0.079932,0.146614,0.127736
3767,1,0.172702,0.146621,0.128572
3768,1,0.193711,0.146633,0.129015
3769,1,0.057013,0.146609,0.128242
3770,1,0.122426,0.146603,0.128039
3771,1,0.230137,0.146625,0.12929
3772,1,0.092907,0.146611,0.129219
3773,1,0.112065,0.146602,0.128759
3774,1,0.119604,0.146594,0.129181
3775,1,0.112949,0.146586,0.128886
3776,1,0.093462,0.146571,0.128206
3777,1,0.207974,0.146588,0.129139
3778,1,0.067075,0.146567,0.12839
3779,1,0.196076,0.14658,0.129612
3780,1,0.140748,0.146578,0.129901
3781,1,0.11861,0.146571,0.128798
3782,1,0.205387,0.146586,0.129336
3783,1,0.168473,0.146592,0.129881
3784,1,0.163461,0.146597,0.13016
3785,1,0.150337,0.146598,0.129759
3786,1,0.125645,0.146592,0.128777
3787,1,0.182885,0.146602,0.129827
3788,1,0.075013,0.146583,0.129852
3789,1,0.098585,0.14657,0.1302
3790,1,0.110386,0.146561,0.129997
3791,1,0.196988,0.146574,0.130378
3792,1,0.203064,0.146589,0.130982
3793,1,0.156557,0.146591,0.131929
3794,1,0.108786,0.146581,0.132253
3795,1,0.135245,0.146578,0.132479
3796,1,0.128386,0.146574,0.132291
3797,1,0.07996,0.146556,0.132095
3798,1,0.090785,0.146541,0.131347
3799,1,0.078605,0.146524,0.131109
3800,1,0.102285,0.146512,0.130924
3801,1,0.068613,0.146491,0.130503
3802,1,0.201061,0.146506,0.130619
3803,1,0.085886,0.14649,0.12972
3804,1,0.11009,0.14648,0.12985
3805,1,0.088099,0.146465,0.129998
3806,1,0.136534,0.146462,0.130495
3807,1,0.106928,0.146452,0.130166
3808,1,0.202858,0.146467,0.130932
3809,1,0.091496,0.146452,0.130973
3810,1,0.126113,0.146447,0.131733
3811,1,0.117896,0.146439,0.131984
3812,1,0.069132,0.146419,0.132058
3813,1,0.085209,0.146403,0.131612
3814,1,0.131918,0.146399,0.131949
3815,1,0.111139,0.14639,0.131531
3816,1,0.093315,0.146376,0.130657
3817,1,0.115352,0.146368,0.130993
3818,1,0.161558,0.146372,0.131226
3819,1,0.126172,0.146367,0.13094
3820,1,0.103631,0.146356,0.130103
3821,1,0.121698,0.146349,0.130359
3822,1,0.104455,0.146338,0.129894
3823,1,0.108347,0.146328,0.12936
3824,1,0.13927,0.146326,0.129185
3825,1,0.099542,0.146314,0.12969
3826,1,0.141576,0.146313,0.129944
3827,1,0.178852,0.146321,0.130496
3828,1,0.141168,0.14632,0.129618
3829,1,0.127516,0.146315,0.130561
3830,1,0.142342,0.146314,0.130916
3831,1,0.120392,0.146307,0.130336
3832,1,0.107725,0.146297,0.129721
3833,1,0.074864,0.146279,0.129101
3834,1,0.134799,0.146276,0.129135
3835,1,0.12789,0.146271,0.128885
3836,1,0.120883,0.146264,0.128754
3837,1,0.09204,0.14625,0.126779
3838,1,0.17406,0.146257,0.127069
3839,1,0.065373,0.146236,0.126033
3840,1,0.09663,0.146223,0.125822
3841,1,0.177632,0.146232,0.126245
3842,1,0.045603,0.146205,0.12521
3843,1,0.143018,0.146204,0.125259
3844,1,0.128672,0.1462,0.124857
3845,1,0.100658,0.146188,0.124516
3846,1,0.099267,0.146176,0.123008
3847,1,0.118115,0.146169,0.122788
3848,1,0.150757,0.14617,0.123828
3849,1,0.236821,0.146193,0.124266
3850,1,0.088398,0.146178,0.123446
3851,1,0.133183,0.146175,0.123546
3852,1,0.245718,0.146201,0.125106
3853,1,0.142544,0.1462,0.125964
3854,1,0.1201,0.146193,0.126462
3855,1,0.083102,0.146177,0.126357
3856,1,0.266045,0.146208,0.127691
3857,1,0.099625,0.146196,0.127226
3858,1,0.111437,0.146187,0.127383
3859,1,0.10073,0.146175,0.127466
3860,1,0.11207,0.146166,0.128206
3861,1,0.141318,0.146165,0.127963
3862,1,0.078743,0.146147,0.127208
3863,1,0.117472,0.14614,0.12701
3864,1,0.101758,0.146128,0.127013
3865,1,0.128457,0.146124,0.127019
3866,1,0.126722,0.146119,0.127487
3867,1,0.099628,0.146107,0.126756
3868,1,0.094017,0.146093,0.125759
3869,1,0.11873,0.146086,0.126376
3870,1,0.063244,0.146065,0.125784
3871,1,0.194803,0.146077,0.125431
3872,1,0.10357,0.146067,0.125538
3873,1,0.114779,0.146058,0.125565
3874,1,0.083768,0.146042,0.125207
3875,1,0.216822,0.146061,0.126245
3876,1,0.135351,0.146058,0.126664
3877,1,0.108106,0.146048,0.125665
3878,1,0.107325,0.146038,0.126068
3879,1,0.129307,0.146034,0.1254
3880,1,0.103986,0.146023,0.125033
3881,1,0.047485,0.145998,0.124321
3882,1,0.093858,0.145984,0.123206
3883,1,0.129185,0.14598,0.122813
3884,1,0.101359,0.145968,0.122192
3885,1,0.134455,0.145965,0.122033
3886,1,0.137481,0.145963,0.122152
3887,1,0.104375,0.145952,0.121367
3888,1,0.158208,0.145956,0.122199
3889,1,0.174484,0.145963,0.122958
3890,1,0.198869,0.145977,0.123842
3891,1,0.18598,0.145987,0.123732
3892,1,0.115243,0.145979,0.122854
3893,1,0.100349,0.145967,0.122292
3894,1,0.247421,0.145993,0.123678
3895,1,0.070845,0.145974,0.123034
3896,1,0.16343,0.145978,0.123385
3897,1,0.13291,0.145975,0.123914
3898,1,0.161339,0.145979,0.12462
3899,1,0.08665,0.145964,0.1247
3900,1,0.165808,0.145969,0.125336
3901,1,0.094715,0.145956,0.125597
3902,1,0.120052,0.145949,0.124786
3903,1,0.114666,0.145941,0.125074
3904,1,0.132091,0.145938,0.125294
3905,1,0.125841,0.145932,0.125672
3906,1,0.166008,0.145938,0.125966
3907,1,0.145296,0.145937,0.12635
3908,1,0.189149,0.145948,0.126213
3909,1,0.059543,0.145926,0.125893
3910,1,0.117837,0.145919,0.125811
3911,1,0.149998,0.14592,0.126132
3912,1,0.074349,0.145902,0.126184
3913,1,0.168645,0.145908,0.127018
3914,1,0.247679,0.145934,0.128176
3915,1,0.216562,0.145952,0.12923
3916,1,0.135975,0.145949,0.129657
3917,1,0.11492,0.145941,0.129652
3918,1,0.157112,0.145944,0.129608
3919,1,0.223344,0.145964,0.13058
3920,1,0.203128,0.145978,0.131575
3921,1,0.172358,0.145985,0.132081
3922,1,0.170874,0.145992,0.132745
3923,1,0.178155,0.146,0.133443
3924,1,0.133115,0.145996,0.133382
3925,1,0.098981,0.145984,0.133376
3926,1,0.032985,0.145956,0.13229
3927,1,0.15375,0.145958,0.132039
3928,1,0.07984,0.145941,0.131426
3929,1,0.1326,0.145937,0.131477
3930,1,0.084176,0.145922,0.130895
3931,1,0.144025,0.145921,0.131132
3932,1,0.15466,0.145923,0.131601
3933,1,0.15575,0.145926,0.13241
3934,1,0.102335,0.145915,0.132085
3935,1,0.109798,0.145906,0.131904
3936,1,0.070727,0.145887,0.131403
3937,1,0.1728,0.145893,0.13221
3938,1,0.142989,0.145893,0.1319
3939,1,0.144142,0.145892,0.132687
3940,1,0.122577,0.145886,0.132947
3941,1,0.147708,0.145887,0.132648
3942,1,0.10738,0.145877,0.133265
3943,1,0.117456,0.14587,0.13301
3944,1,0.257918,0.145898,0.134302
3945,1,0.099366,0.145886,0.134289
3946,1,0.113247,0.145878,0.134429
3947,1,0.087346,0.145863,0.134121
3948,1,0.141217,0.145862,0.134026
3949,1,0.090538,0.145848,0.132563
3950,1,0.224399,0.145868,0.133923
3951,1,0.110061,0.145859,0.133692
3952,1,0.116369,0.145852,0.132398
3953,1,0.100522,0.14584,0.131978
3954,1,0.147129,0.14584,0.132248
3955,1,0.123579,0.145835,0.132653
3956,1,0.199172,0.145848,0.131985
3957,1,0.087582,0.145834,0.131864
3958,1,0.098647,0.145822,0.131736
3959,1,0.102323,0.145811,0.131752
3960,1,0.106977,0.145801,0.131701
3961,1,0.120398,0.145794,0.131492
3962,1,0.121918,0.145788,0.131924
3963,1,0.058284,0.145766,0.131332
3964,1,0.168574,0.145772,0.132
3965,1,0.182955,0.145781,0.132545
3966,1,0.164263,0.145786,0.13292
3967,1,0.088689,0.145772,0.132811
3968,1,0.093213,0.145758,0.132803
3969,1,0.133,0.145755,0.132946
3970,1,0.076791,0.145738,0.133081
3971,1,0.115879,0.14573,0.132292
3972,1,0.13648,0.145728,0.132621
3973,1,0.195863,0.145741,0.133432
3974,1,0.209727,0.145757,0.134691
3975,1,0.140456,0.145755,0.133928
3976,1,0.093005,0.145742,0.133504
3977,1,0.164214,0.145747,0.134065
3978,1,0.09411,0.145734,0.133933
3979,1,0.189401,0.145745,0.134534
3980,1,0.142984,0.145744,0.134924
3981,1,0.096533,0.145732,0.135415
3982,1,0.060361,0.14571,0.13508
3983,1,0.163186,0.145715,0.13542
3984,1,0.15611,0.145717,0.135967
3985,1,0.106481,0.145707,0.135687
3986,1,0.131375,0.145704,0.135626
3987,1,0.150851,0.145705,0.136091
3988,1,0.099862,0.145694,0.135508
3989,1,0.141686,0.145693,0.13518
3990,1,0.07323,0.145674,0.133923
3991,1,0.169549,0.14568,0.133759
3992,1,0.113885,0.145672,0.133745
3993,1,0.128899,0.145668,0.134031
3994,1,0.1926,0.14568,0.133483
3995,1,0.191758,0.145692,0.134692
3996,1,0.218916,0.14571,0.135247
3997,1,0.129139,0.145706,0.135209
3998,1,0.222229,0.145725,0.135818
3999,1,0.106108,0.145715,0.136012
4000,1,0.096131,0.145703,0.135316
4001,1,0.170128,0.145709,0.13607
4002,1,0.197688,0.145722,0.136846
4003,1,0.08892,0.145707,0.136589
4004,1,0.148885,0.145708,0.136757
4005,1,0.086145,0.145693,0.13636
4006,1,0.065077,0.145673,0.13535
4007,1,0.085009,0.145658,0.134748
4008,1,0.085553,0.145643,0.133712
4009,1,0.120569,0.145637,0.134322
4010,1,0.073073,0.145619,0.133874
4011,1,0.144459,0.145619,0.133819
4012,1,0.109168,0.145609,0.134167
4013,1,0.180992,0.145618,0.134291
4014,1,0.134909,0.145616,0.133163
4015,1,0.1294,0.145612,0.132291
4016,1,0.168885,0.145617,0.13262
4017,1,0.103635,0.145607,0.132507
4018,1,0.073166,0.145589,0.131668
4019,1,0.111582,0.14558,0.13055
4020,1,0.114375,0.145573,0.129663
4021,1,0.119858,0.145566,0.129138
4022,1,0.096983,0.145554,0.128399
4023,1,0.152351,0.145556,0.128141
4024,1,0.12496,0.145551,0.128059
4025,1,0.114359,0.145543,0.128213
4026,1,0.092077,0.14553,0.128804
4027,1,0.180767,0.145538,0.129074
4028,1,0.142813,0.145538,0.129704
4029,1,0.109811,0.145529,0.129476
4030,1,0.177719,0.145537,0.130411
4031,1,0.092167,0.145524,0.129893
4032,1,0.138812,0.145522,0.129734
4033,1,0.093879,0.145509,0.129116
4034,1,0.137719,0.145507,0.12947
4035,1,0.152888,0.145509,0.1299
4036,1,0.094023,0.145496,0.130133
4037,1,0.128854,0.145492,0.129694
4038,1,0.155094,0.145495,0.129815
4039,1,0.130648,0.145491,0.12968
4040,1,0.151556,0.145492,0.12997
4041,1,0.255677,0.14552,0.13105
4042,1,0.114178,0.145512,0.131118
4043,1,0.134257,0.145509,0.131286
4044,1,0.198352,0.145522,0.13069
4045,1,0.133353,0.145519,0.13103
4046,1,0.129189,0.145515,0.131189
4047,1,0.137199,0.145513,0.131688
4048,1,0.206293,0.145528,0.132338
4049,1,0.156405,0.145531,0.132997
4050,1,0.168982,0.145537,0.132443
4051,1,0.176864,0.145544,0.133111
4052,1,0.062268,0.145524,0.13257
4053,1,0.266664,0.145554,0.134231
4054,1,0.107063,0.145544,0.133831
4055,1,0.166116,0.145549,0.134256
4056,1,0.101155,0.145538,0.133276
4057,1,0.105818,0.145528,0.133458
4058,1,0.27402,0.14556,0.135212
4059,1,0.13019,0.145556,0.135491
4060,1,0.096652,0.145544,0.135387
4061,1,0.090349,0.145531,0.135087
4062,1,0.088453,0.145517,0.134752
4063,1,0.062388,0.145496,0.134793
4064,1,0.180805,0.145505,0.134916
4065,1,0.129341,0.145501,0.13438
4066,1,0.149916,0.145502,0.134236
4067,1,0.118627,0.145495,0.134535
4068,1,0.113156,0.145487,0.134735
4069,1,0.067983,0.145468,0.134085
4070,1,0.155187,0.145471,0.134869
4071,1,0.178559,0.145479,0.135495
4072,1,0.115033,0.145471,0.135281
4073,1,0.132222,0.145468,0.134645
4074,1,0.124432,0.145463,0.133792
4075,1,0.121951,0.145457,0.133607
4076,1,0.065534,0.145438,0.133332
4077,1,0.181368,0.145446,0.133503
4078,1,0.149658,0.145448,0.134059
4079,1,0.128158,0.145443,0.133446
4080,1,0.189635,0.145454,0.133913
4081,1,0.17021,0.14546,0.13465
4082,1,0.155519,0.145463,0.135601
4083,1,0.193473,0.145474,0.135904
4084,1,0.106083,0.145465,0.135404
4085,1,0.095258,0.145452,0.135292
4086,1,0.108939,0.145444,0.135067
4087,1,0.08854,0.14543,0.134444
4088,1,0.101894,0.145419,0.134465
4089,1,0.088044,0.145405,0.133928
4090,1,0.066128,0.145386,0.133857
4091,1,0.151373,0.145387,0.133675
4092,1,0.08252,0.145372,0.133362
4093,1,0.10837,0.145363,0.133156
4094,1,0.142706,0.145362,0.132657
4095,1,0.136483,0.14536,0.132105
4096,1,0.168732,0.145365,0.131603
4097,1,0.232998,0.145387,0.132641
4098,1,0.162625,0.145391,0.132045
4099,1,0.112217,0.145383,0.132107
4100,1,0.135236,0.145381,0.132498
4101,1,0.141768,0.14538,0.132214
4102,1,0.186564,0.14539,0.132103
4103,1,0.101428,0.145379,0.132228
4104,1,0.118668,0.145372,0.131926
4105,1,0.184342,0.145382,0.132908
4106,1,0.08622,0.145368,0.133119
4107,1,0.102338,0.145357,0.133292
4108,1,0.185878,0.145367,0.134296
4109,1,0.14265,0.145366,0.134516
4110,1,0.061868,0.145346,0.134404
4111,1,0.158763,0.145349,0.134547
4112,1,0.087454,0.145335,0.13433
4113,1,0.099549,0.145324,0.133516
4114,1,0.048587,0.1453,0.132653
4115,1,0.078456,0.145284,0.132143
4116,1,0.171552,0.145291,0.13217
4117,1,0.160549,0.145294,0.132739
4118,1,0.138463,0.145293,0.133392
4119,1,0.129024,0.145289,0.133566
4120,1,0.169123,0.145294,0.134114
4121,1,0.122598,0.145289,0.134141
4122,1,0.152569,0.145291,0.134697
4123,1,0.142569,0.14529,0.134599
4124,1,0.107154,0.145281,0.134421
4125,1,0.147763,0.145281,0.134755
4126,1,0.211589,0.145298,0.13595
4127,1,0.119923,0.145291,0.135342
4128,1,0.169778,0.145297,0.135612
4129,1,0.131476,0.145294,0.135828
4130,1,0.097668,0.145282,0.135028
4131,1,0.149319,0.145283,0.135599
4132,1,0.10403,0.145273,0.135251
4133,1,0.116898,0.145267,0.135482
4134,1,0.169743,0.145272,0.135802
4135,1,0.151757,0.145274,0.13579
4136,1,0.134842,0.145272,0.136199
4137,1,0.08825,0.145258,0.135793
4138,1,0.09664,0.145246,0.135208
4139,1,0.066503,0.145227,0.134567
4140,1,0.112151,0.145219,0.134173
4141,1,0.144192,0.145219,0.133058
4142,1,0.168606,0.145224,0.133602
4143,1,0.176087,0.145232,0.13402
4144,1,0.116124,0.145225,0.133198
4145,1,0.143624,0.145224,0.133301
4146,1,0.116305,0.145217,0.133172
4147,1,0.160671,0.145221,0.133407
4148,1,0.073601,0.145204,0.13208
4149,1,0.111448,0.145196,0.13163
4150,1,0.155271,0.145198,0.131493
4151,1,0.179404,0.145206,0.131518
4152,1,0.045731,0.145182,0.131353
4153,1,0.114281,0.145175,0.129829
4154,1,0.073193,0.145158,0.129491
4155,1,0.134665,0.145155,0.129176
4156,1,0.197947,0.145168,0.130144
4157,1,0.12103,0.145162,0.130296
4158,1,0.070017,0.145144,0.128256
4159,1,0.117256,0.145137,0.128127
4160,1,0.06929,0.145119,0.127853
4161,1,0.138361,0.145117,0.128333
4162,1,0.121954,0.145112,0.128668
4163,1,0.098881,0.145101,0.129033
4164,1,0.123921,0.145096,0.128464
4165,1,0.135045,0.145093,0.128521
4166,1,0.157554,0.145096,0.128598
4167,1,0.169516,0.145102,0.129107
4168,1,0.044421,0.145078,0.128419
4169,1,0.18866,0.145088,0.129626
4170,1,0.141025,0.145087,0.129484
4171,1,0.072833,0.14507,0.128427
4172,1,0.092064,0.145057,0.128197
4173,1,0.133773,0.145055,0.128213
4174,1,0.162713,0.145059,0.128596
4175,1,0.084319,0.145044,0.128219
4176,1,0.202061,0.145058,0.129585
4177,1,0.115859,0.145051,0.12893
4178,1,0.21682,0.145068,0.129601
4179,1,0.165656,0.145073,0.129976
4180,1,0.145463,0.145073,0.129535
4181,1,0.119465,0.145067,0.129027
4182,1,0.205692,0.145082,0.129529
4183,1,0.13183,0.145078,0.128912
4184,1,0.111567,0.14507,0.128967
4185,1,0.150786,0.145072,0.129522
4186,1,0.148291,0.145073,0.129916
4187,1,0.110153,0.145064,0.130132
4188,1,0.055985,0.145043,0.129673
4189,1,0.195265,0.145055,0.130745
4190,1,0.125762,0.14505,0.131342
4191,1,0.123034,0.145045,0.131058
4192,1,0.104101,0.145035,0.131274
4193,1,0.080546,0.14502,0.130996
4194,1,0.06898,0.145002,0.130259
4195,1,0.107843,0.144993,0.129972
4196,1,0.147661,0.144994,0.129761
4197,1,0.155991,0.144996,0.128991
4198,1,0.171874,0.145003,0.129084
4199,1,0.137827,0.145001,0.12934
4200,1,0.140406,0.145,0.129392
4201,1,0.171291,0.145006,0.129687
4202,1,0.080576,0.144991,0.128627
4203,1,0.087332,0.144977,0.128486
4204,1,0.137303,0.144975,0.128672
4205,1,0.13737,0.144973,0.128203
4206,1,0.123955,0.144968,0.12858
4207,1,0.07884,0.144953,0.128345
4208,1,0.166078,0.144958,0.128147
4209,1,0.084655,0.144943,0.127567
4210,1,0.107784,0.144935,0.128026
4211,1,0.055595,0.144913,0.126995
4212,1,0.098748,0.144902,0.127107
4213,1,0.109659,0.144894,0.127209
4214,1,0.12199,0.144889,0.127943
4215,1,0.162192,0.144893,0.12878
4216,1,0.114842,0.144886,0.128213
4217,1,0.127249,0.144881,0.12788
4218,1,0.17062,0.144887,0.128201
4219,1,0.134429,0.144885,0.128255
4220,1,0.078015,0.144869,0.127344
4221,1,0.148247,0.14487,0.127601
4222,1,0.173874,0.144877,0.127814
4223,1,0.169708,0.144883,0.128085
4224,1,0.116739,0.144876,0.128181
4225,1,0.113548,0.144869,0.127839
4226,1,0.157404,0.144872,0.127297
4227,1,0.110083,0.144863,0.127199
4228,1,0.188181,0.144874,0.127383
4229,1,0.146409,0.144874,0.127532
4230,1,0.108749,0.144865,0.127643
4231,1,0.140355,0.144864,0.127553
4232,1,0.152302,0.144866,0.128036
4233,1,0.128394,0.144862,0.128151
4234,1,0.078516,0.144847,0.127239
4235,1,0.138333,0.144845,0.127105
4236,1,0.075739,0.144829,0.126513
4237,1,0.075747,0.144812,0.126388
4238,1,0.178048,0.14482,0.127203
4239,1,0.080082,0.144805,0.127338
4240,1,0.093251,0.144793,0.127149
4241,1,0.077496,0.144777,0.126482
4242,1,0.120749,0.144771,0.126004
4243,1,0.133374,0.144769,0.125577
4244,1,0.086609,0.144755,0.125282
4245,1,0.180904,0.144763,0.125654
4246,1,0.137747,0.144762,0.125869
4247,1,0.162626,0.144766,0.125888
4248,1,0.063345,0.144747,0.125786
4249,1,0.102611,0.144737,0.125697
4250,1,0.164523,0.144742,0.12579
4251,1,0.125369,0.144737,0.12525
4252,1,0.15727,0.14474,0.126365
4253,1,0.094646,0.144728,0.126169
4254,1,0.089199,0.144715,0.126329
4255,1,0.085295,0.144701,0.125835
4256,1,0.13675,0.144699,0.125223
4257,1,0.122311,0.144694,0.125236
4258,1,0.157976,0.144697,0.126115
4259,1,0.077416,0.144681,0.125717
4260,1,0.170474,0.144687,0.126729
4261,1,0.074517,0.144671,0.12609
4262,1,0.158994,0.144674,0.126461
4263,1,0.076672,0.144658,0.126239
4264,1,0.147296,0.144659,0.126472
4265,1,0.102833,0.144649,0.12615
4266,1,0.109823,0.144641,0.125673
4267,1,0.108044,0.144632,0.125058
4268,1,0.07862,0.144617,0.1254
4269,1,0.161122,0.144621,0.125125
4270,1,0.15199,0.144622,0.125235
4271,1,0.140572,0.144622,0.125912
4272,1,0.103133,0.144612,0.126023
4273,1,0.108074,0.144603,0.125766
4274,1,0.096187,0.144592,0.1251
4275,1,0.130222,0.144589,0.125559
4276,1,0.129497,0.144585,0.124834
4277,1,0.103409,0.144575,0.124709
4278,1,0.139966,0.144574,0.123941
4279,1,0.200001,0.144587,0.124284
4280,1,0.191514,0.144598,0.124745
4281,1,0.200225,0.144611,0.125552
4282,1,0.103939,0.144602,0.124535
4283,1,0.085161,0.144588,0.124068
4284,1,0.083595,0.144574,0.123788
4285,1,0.160027,0.144577,0.123881
4286,1,0.119714,0.144571,0.123595
4287,1,0.120126,0.144566,0.123695
4288,1,0.098373,0.144555,0.124119
4289,1,0.09076,0.144542,0.123074
4290,1,0.184608,0.144552,0.123662
4291,1,0.178109,0.14456,0.124213
4292,1,0.133839,0.144557,0.12451
4293,1,0.072395,0.14454,0.124429
4294,1,0.162488,0.144544,0.125364
4295,1,0.137684,0.144543,0.125662
4296,1,0.143709,0.144543,0.125623
4297,1,0.162167,0.144547,0.125684
4298,1,0.169633,0.144553,0.125662
4299,1,0.121463,0.144547,0.125498
4300,1,0.171275,0.144553,0.125807
4301,1,0.147821,0.144554,0.125572
4302,1,0.133906,0.144552,0.126106
4303,1,0.12965,0.144548,0.126529
4304,1,0.150981,0.14455,0.126666
4305,1,0.108978,0.144542,0.126382
4306,1,0.067359,0.144524,0.125816
4307,1,0.0991,0.144513,0.126018
4308,1,0.192074,0.144524,0.126278
4309,1,0.159551,0.144528,0.127027
4310,1,0.167662,0.144533,0.127626
4311,1,0.139618,0.144532,0.128466
4312,1,0.050819,0.14451,0.127987
4313,1,0.074367,0.144494,0.127634
4314,1,0.102043,0.144484,0.127435
4315,1,0.109892,0.144476,0.126911
4316,1,0.176109,0.144483,0.127524
4317,1,0.193874,0.144495,0.12819
4318,1,0.147915,0.144496,0.127963
4319,1,0.07269,0.144479,0.127346
4320,1,0.111184,0.144471,0.127678
4321,1,0.146449,0.144472,0.12766
4322,1,0.127424,0.144468,0.127195
4323,1,0.077596,0.144452,0.126274
4324,1,0.148388,0.144453,0.126591
4325,1,0.133273,0.144451,0.126788
4326,1,0.124526,0.144446,0.126459
4327,1,0.128629,0.144442,0.126644
4328,1,0.171825,0.144449,0.126481
4329,1,0.207485,0.144463,0.127092
4330,1,0.137229,0.144462,0.127376
4331,1,0.17088,0.144468,0.127682
4332,1,0.14452,0.144468,0.127604
4333,1,0.222819,0.144486,0.128548
4334,1,0.058759,0.144466,0.128351
4335,1,0.157877,0.144469,0.128546
4336,1,0.159895,0.144473,0.129388
4337,1,0.092915,0.144461,0.129559
4338,1,0.070372,0.144444,0.128483
4339,1,0.143047,0.144443,0.129112
4340,1,0.152327,0.144445,0.129703
4341,1,0.123687,0.14444,0.130165
4342,1,0.141847,0.14444,0.130376
4343,1,0.221459,0.144457,0.131257
4344,1,0.113668,0.14445,0.131527
4345,1,0.18881,0.144461,0.131606
4346,1,0.072222,0.144444,0.130951
4347,1,0.16513,0.144449,0.130976
4348,1,0.129821,0.144445,0.131641
4349,1,0.08361,0.144431,0.131451
4350,1,0.054871,0.144411,0.130354
4351,1,0.095086,0.144399,0.130051
4352,1,0.218361,0.144416,0.130662
4353,1,0.114507,0.14441,0.130861
4354,1,0.108066,0.144401,0.13105
4355,1,0.092417,0.144389,0.131121
4356,1,0.140127,0.144388,0.131155
4357,1,0.13432,0.144386,0.131275
4358,1,0.125216,0.144382,0.130947
4359,1,0.073865,0.144365,0.130912
4360,1,0.086328,0.144352,0.13007
4361,1,0.06473,0.144334,0.129972
4362,1,0.119311,0.144328,0.129575
4363,1,0.107152,0.14432,0.12988
4364,1,0.076573,0.144304,0.129173
4365,1,0.146548,0.144305,0.12961
4366,1,0.154665,0.144307,0.130059
4367,1,0.080748,0.144292,0.129786
4368,1,0.106026,0.144284,0.13006
4369,1,0.123049,0.144279,0.129679
4370,1,0.119535,0.144273,0.129354
4371,1,0.085339,0.14426,0.128802
4372,1,0.154688,0.144262,0.129318
4373,1,0.112486,0.144255,0.129362
4374,1,0.067499,0.144237,0.129075
4375,1,0.160937,0.144241,0.129382
4376,1,0.093635,0.144229,0.129023
4377,1,0.161987,0.144234,0.129609
4378,1,0.222905,0.144251,0.130439
4379,1,0.103355,0.144242,0.129472
4380,1,0.089106,0.14423,0.128448
4381,1,0.094444,0.144218,0.12739
4382,1,0.101804,0.144209,0.127369
4383,1,0.057879,0.144189,0.127096
4384,1,0.208106,0.144203,0.128341
4385,1,0.072821,0.144187,0.127469
4386,1,0.106892,0.144179,0.127341
4387,1,0.123681,0.144174,0.127376
4388,1,0.180071,0.144182,0.128193
4389,1,0.12244,0.144177,0.12851
4390,1,0.204123,0.144191,0.128705
4391,1,0.075883,0.144175,0.127683
4392,1,0.099419,0.144165,0.127339
4393,1,0.122678,0.14416,0.127842
4394,1,0.075666,0.144145,0.126974
4395,1,0.072504,0.144128,0.126322
4396,1,0.179757,0.144136,0.126682
4397,1,0.133425,0.144134,0.126395
4398,1,0.145481,0.144134,0.126153
4399,1,0.121736,0.144129,0.126156
4400,1,0.120142,0.144124,0.125645
4401,1,0.190053,0.144134,0.126067
4402,1,0.066344,0.144116,0.125391
4403,1,0.146658,0.144117,0.125561
4404,1,0.148278,0.144118,0.125534
4405,1,0.073906,0.144102,0.125184
4406,1,0.098679,0.144092,0.125497
4407,1,0.136867,0.14409,0.125875
4408,1,0.145733,0.14409,0.125411
4409,1,0.088365,0.144078,0.124699
4410,1,0.129807,0.144075,0.124321
4411,1,0.065577,0.144057,0.12358
4412,1,0.170087,0.144063,0.124773
4413,1,0.127808,0.144059,0.125307
4414,1,0.090557,0.144047,0.125193
4415,1,0.125613,0.144043,0.12535
4416,1,0.203627,0.144056,0.125625
4417,1,0.165632,0.144061,0.125343
4418,1,0.183057,0.14407,0.125694
4419,1,0.10229,0.14406,0.12599
4420,1,0.107787,0.144052,0.125956
4421,1,0.107335,0.144044,0.125565
4422,1,0.081866,0.14403,0.125109
4423,1,0.105649,0.144021,0.12539
4424,1,0.151362,0.144023,0.12542
4425,1,0.103792,0.144014,0.125125
4426,1,0.108854,0.144006,0.124968
4427,1,0.151682,0.144008,0.125199
4428,1,0.177586,0.144015,0.125256
4429,1,0.101653,0.144006,0.124198
4430,1,0.160221,0.144009,0.124428
4431,1,0.202296,0.144022,0.124742
4432,1,0.098975,0.144012,0.124286
4433,1,0.141637,0.144012,0.123475
4434,1,0.099467,0.144002,0.123882
4435,1,0.094839,0.143991,0.123251
4436,1,0.078304,0.143976,0.122435
4437,1,0.117064,0.14397,0.122677
4438,1,0.230689,0.143989,0.12428
4439,1,0.116411,0.143983,0.124014
4440,1,0.066283,0.143966,0.123153
4441,1,0.11379,0.143959,0.123054
4442,1,0.066947,0.143941,0.122305
4443,1,0.132688,0.143939,0.121418
4444,1,0.088878,0.143927,0.12117
4445,1,0.104944,0.143918,0.120331
4446,1,0.131516,0.143915,0.120924
4447,1,0.135844,0.143913,0.120631
4448,1,0.129044,0.14391,0.120623
4449,1,0.124622,0.143905,0.121033
4450,1,0.17076,0.143911,0.122192
4451,1,0.110754,0.143904,0.122349
4452,1,0.145804,0.143904,0.121623
4453,1,0.085212,0.143891,0.121331
4454,1,0.053693,0.143871,0.120787
4455,1,0.061966,0.143853,0.120482
4456,1,0.091325,0.143841,0.119994
4457,1,0.07467,0.143825,0.119398
4458,1,0.182432,0.143834,0.11997
4459,1,0.192139,0.143845,0.121153
4460,1,0.123514,0.14384,0.121525
4461,1,0.177081,0.143848,0.122648
4462,1,0.075272,0.143832,0.122208
4463,1,0.18332,0.143841,0.122969
4464,1,0.097883,0.143831,0.123182
4465,1,0.079945,0.143817,0.122516
4466,1,0.110533,0.143809,0.122075
4467,1,0.143807,0.143809,0.122706
4468,1,0.175559,0.143816,0.123401
4469,1,0.082868,0.143803,0.122999
4470,1,0.100542,0.143793,0.122809
4471,1,0.11232,0.143786,0.123079
4472,1,0.121952,0.143781,0.122752
4473,1,0.136937,0.143779,0.122996
4474,1,0.058558,0.14376,0.122907
4475,1,0.114312,0.143754,0.122441
4476,1,0.1303,0.143751,0.122807
4477,1,0.195608,0.143762,0.123143
4478,1,0.127767,0.143759,0.122192
4479,1,0.11362,0.143752,0.122295
4480,1,0.181651,0.143761,0.12322
4481,1,0.11982,0.143755,0.123474
4482,1,0.083989,0.143742,0.123296
4483,1,0.186623,0.143751,0.124583
4484,1,0.255933,0.143776,0.125061
4485,1,0.124959,0.143772,0.125583
4486,1,0.285313,0.143804,0.127367
4487,1,0.06421,0.143786,0.126772
4488,1,0.18477,0.143795,0.126819
4489,1,0.073576,0.14378,0.126331
4490,1,0.066381,0.143762,0.124953
4491,1,0.110095,0.143755,0.125295
4492,1,0.135821,0.143753,0.125659
4493,1,0.193493,0.143764,0.126368
4494,1,0.085891,0.143751,0.12647
4495,1,0.154986,0.143754,0.127295
4496,1,0.136546,0.143752,0.126863
4497,1,0.125581,0.143748,0.126784
4498,1,0.194681,0.143759,0.127276
4499,1,0.053995,0.14374,0.126599
4500,1,0.129826,0.143736,0.126696
4501,1,0.119812,0.143731,0.125993
4502,1,0.199417,0.143743,0.127324
4503,1,0.13453,0.143741,0.127203
4504,1,0.096754,0.143731,0.126687
4505,1,0.098867,0.143721,0.126937
4506,1,0.065149,0.143704,0.126602
4507,1,0.126099,0.1437,0.126494
4508,1,0.19037,0.14371,0.12694
4509,1,0.11028,0.143703,0.127159
4510,1,0.193069,0.143714,0.127792
4511,1,0.082041,0.1437,0.127957
4512,1,0.152531,0.143702,0.127781
4513,1,0.085581,0.143689,0.127359
4514,1,0.118498,0.143683,0.127638
4515,1,0.151702,0.143685,0.127899
4516,1,0.07269,0.143669,0.12659
4517,1,0.113807,0.143663,0.126072
4518,1,0.09274,0.143652,0.125168
4519,1,0.088221,0.143639,0.125028
4520,1,0.130709,0.143636,0.125257
4521,1,0.109074,0.143629,0.125274
4522,1,0.130208,0.143626,0.125758
4523,1,0.082546,0.143612,0.125527
4524,1,0.109131,0.143605,0.125104
4525,1,0.141498,0.143604,0.125481
4526,1,0.185906,0.143614,0.126252
4527,1,0.101865,0.143604,0.125754
4528,1,0.116509,0.143598,0.125143
4529,1,0.072733,0.143583,0.124854
4530,1,0.073835,0.143567,0.12399
4531,1,0.104781,0.143559,0.123015
4532,1,0.108815,0.143551,0.123113
4533,1,0.066113,0.143534,0.122358
4534,1,0.156036,0.143537,0.122924
4535,1,0.080295,0.143523,0.122778
4536,1,0.214292,0.143538,0.124138
4537,1,0.093201,0.143527,0.1239
4538,1,0.067058,0.143511,0.122263
4539,1,0.133444,0.143508,0.122434
4540,1,0.09532,0.143498,0.122724
4541,1,0.120722,0.143493,0.122793
4542,1,0.149496,0.143494,0.123619
4543,1,0.100431,0.143485,0.123296
4544,1,0.106747,0.143476,0.123475
4545,1,0.051958,0.143456,0.122945
4546,1,0.140404,0.143456,0.123034
4547,1,0.068373,0.143439,0.122359
4548,1,0.111338,0.143432,0.122182
4549,1,0.137814,0.143431,0.122314
4550,1,0.105903,0.143423,0.121665
4551,1,0.103332,0.143414,0.121591
4552,1,0.102141,0.143405,0.121155
4553,1,0.1469,0.143405,0.121771
4554,1,0.11479,0.143399,0.122382
4555,1,0.099567,0.14339,0.122758
4556,1,0.118104,0.143384,0.123026
4557,1,0.111234,0.143377,0.123392
4558,1,0.098699,0.143367,0.122555
4559,1,0.137343,0.143366,0.122007
4560,1,0.072778,0.14335,0.121499
4561,1,0.198393,0.143362,0.121712
4562,1,0.140204,0.143362,0.122362
4563,1,0.102257,0.143353,0.121551
4564,1,0.063157,0.143335,0.121204
4565,1,0.128341,0.143332,0.121688
4566,1,0.091555,0.143321,0.121498
4567,1,0.167403,0.143326,0.121734
4568,1,0.112901,0.143319,0.121107
4569,1,0.061935,0.143301,0.120898
4570,1,0.149919,0.143303,0.121392
4571,1,0.151194,0.143304,0.121781
4572,1,0.122937,0.1433,0.12179
4573,1,0.125033,0.143296,0.121671
4574,1,0.176715,0.143303,0.122853
4575,1,0.178574,0.143311,0.123496
4576,1,0.102566,0.143302,0.123218
4577,1,0.108145,0.143294,0.122344
4578,1,0.131947,0.143292,0.122385
4579,1,0.138402,0.143291,0.122633
4580,1,0.086214,0.143278,0.121679
4581,1,0.089886,0.143267,0.121379
4582,1,0.100089,0.143257,0.12154
4583,1,0.154275,0.14326,0.121217
4584,1,0.140432,0.143259,0.120062
4585,1,0.10647,0.143251,0.119877
4586,1,0.122599,0.143247,0.11825
4587,1,0.242147,0.143268,0.120029
4588,1,0.124486,0.143264,0.119427
4589,1,0.163642,0.143269,0.120327
4590,1,0.100399,0.143259,0.120667
4591,1,0.080511,0.143246,0.120371
4592,1,0.10535,0.143237,0.120067
4593,1,0.184565,0.143246,0.119978
4594,1,0.164644,0.143251,0.120765
4595,1,0.193265,0.143262,0.121148
4596,1,0.123279,0.143257,0.121015
4597,1,0.157114,0.14326,0.12133
4598,1,0.05219,0.143241,0.119906
4599,1,0.110442,0.143234,0.12047
4600,1,0.193548,0.143244,0.121107
4601,1,0.071059,0.143229,0.12062
4602,1,0.167617,0.143234,0.120302
4603,1,0.215043,0.14325,0.121107
4604,1,0.103305,0.143241,0.121172
4605,1,0.157343,0.143244,0.121757
4606,1,0.088017,0.143232,0.121986
4607,1,0.106311,0.143224,0.121788
4608,1,0.104754,0.143216,0.120932
4609,1,0.136563,0.143214,0.121195
4610,1,0.096218,0.143204,0.120226
4611,1,0.106045,0.143196,0.120466
4612,1,0.18492,0.143205,0.12079
4613,1,0.153121,0.143207,0.121465
4614,1,0.055705,0.143188,0.120838
4615,1,0.126529,0.143185,0.120586
4616,1,0.223863,0.143202,0.122098
4617,1,0.133371,0.1432,0.122293
4618,1,0.113656,0.143194,0.122502
4619,1,0.217185,0.14321,0.123792
4620,1,0.038179,0.143187,0.122867
4621,1,0.07266,0.143172,0.122503
4622,1,0.124536,0.143168,0.122446
4623,1,0.086298,0.143155,0.122483
4624,1,0.133393,0.143153,0.122726
4625,1,0.107171,0.143145,0.122383
4626,1,0.09654,0.143135,0.121489
4627,1,0.099642,0.143126,0.121467
4628,1,0.095946,0.143116,0.121261
4629,1,0.108019,0.143108,0.121614
4630,1,0.118275,0.143103,0.122058
4631,1,0.133679,0.143101,0.122347
4632,1,0.157209,0.143104,0.122831
4633,1,0.217427,0.14312,0.124344
4634,1,0.172976,0.143126,0.124514
4635,1,0.098896,0.143117,0.1247
4636,1,0.111343,0.14311,0.12367
4637,1,0.094496,0.143099,0.123683
4638,1,0.105823,0.143091,0.124071
4639,1,0.119357,0.143086,0.12393
4640,1,0.15912,0.14309,0.124568
4641,1,0.172663,0.143096,0.125088
4642,1,0.092817,0.143085,0.124521
4643,1,0.084123,0.143073,0.124358
4644,1,0.183188,0.143081,0.125122
4645,1,0.104602,0.143073,0.125648
4646,1,0.114659,0.143067,0.125391
4647,1,0.050094,0.143047,0.125208
4648,1,0.179733,0.143055,0.125892
4649,1,0.114656,0.143049,0.125661
4650,1,0.152159,0.143051,0.126123
4651,1,0.08735,0.143039,0.125963
4652,1,0.173506,0.143045,0.126677
4653,1,0.061943,0.143028,0.125827
4654,1,0.124905,0.143024,0.125929
4655,1,0.125278,0.14302,0.126186
4656,1,0.072479,0.143005,0.125729
4657,1,0.180013,0.143013,0.126417
4658,1,0.130951,0.14301,0.12674
4659,1,0.114604,0.143004,0.126512
4660,1,0.091718,0.142993,0.126702
4661,1,0.183442,0.143002,0.126552
4662,1,0.092735,0.142991,0.126078
4663,1,0.084278,0.142978,0.125898
4664,1,0.33834,0.14302,0.12865
4665,1,0.121093,0.143016,0.128577
4666,1,0.099265,0.143006,0.128654
4667,1,0.098427,0.142997,0.127964
4668,1,0.156254,0.142999,0.128398
4669,1,0.132585,0.142997,0.129104
4670,1,0.134764,0.142995,0.128953
4671,1,0.169485,0.143001,0.129136
4672,1,0.130974,0.142999,0.129216
4673,1,0.102945,0.14299,0.128995
4674,1,0.075476,0.142976,0.127983
4675,1,0.120897,0.142971,0.127406
4676,1,0.148348,0.142972,0.127864
4677,1,0.079407,0.142958,0.127577
4678,1,0.126003,0.142955,0.127517
4679,1,0.093902,0.142944,0.127072
4680,1,0.13979,0.142944,0.127608
4681,1,0.091454,0.142933,0.127624
4682,1,0.105954,0.142925,0.127682
4683,1,0.093727,0.142914,0.127077
4684,1,0.104433,0.142906,0.126717
4685,1,0.215554,0.142922,0.127808
4686,1,0.151847,0.142923,0.1281
4687,1,0.166514,0.142928,0.127344
4688,1,0.12089,0.142924,0.127308
4689,1,0.204719,0.142937,0.127719
4690,1,0.142219,0.142937,0.128137
4691,1,0.10899,0.14293,0.128422
4692,1,0.115659,0.142924,0.128525
4693,1,0.090053,0.142912,0.12758
4694,1,0.15808,0.142916,0.127514
4695,1,0.09025,0.142904,0.126484
4696,1,0.157217,0.142908,0.126823
4697,1,0.152328,0.14291,0.126775
4698,1,0.167269,0.142915,0.127926
4699,1,0.089676,0.142903,0.127718
4700,1,0.086175,0.142891,0.126645
4701,1,0.053133,0.142872,0.126465
4702,1,0.120746,0.142868,0.125997
4703,1,0.099251,0.142858,0.124839
4704,1,0.14394,0.142858,0.125245
4705,1,0.201133,0.142871,0.125683
4706,1,0.078714,0.142857,0.12559
4707,1,0.177262,0.142865,0.1263
4708,1,0.085227,0.142852,0.126104
4709,1,0.080678,0.142839,0.125545
4710,1,0.130135,0.142836,0.125885
4711,1,0.073331,0.142822,0.125557
4712,1,0.101943,0.142813,0.124728
4713,1,0.113477,0.142807,0.124331
4714,1,0.114699,0.142801,0.124921
4715,1,0.144321,0.142801,0.125099
4716,1,0.096326,0.142791,0.123824
4717,1,0.163629,0.142796,0.124126
4718,1,0.096483,0.142786,0.123955
4719,1,0.115826,0.14278,0.122941
4720,1,0.09928,0.142771,0.123552
4721,1,0.113883,0.142765,0.123964
4722,1,0.189258,0.142775,0.124611
4723,1,0.090507,0.142764,0.124653
4724,1,0.089515,0.142752,0.124215
4725,1,0.092508,0.142742,0.124068
4726,1,0.091935,0.142731,0.124022
4727,1,0.092566,0.14272,0.123951
4728,1,0.100318,0.142711,0.123995
4729,1,0.163164,0.142716,0.124546
4730,1,0.111498,0.142709,0.124479
4731,1,0.073269,0.142694,0.123875
4732,1,0.133166,0.142692,0.123634
4733,1,0.195948,0.142704,0.123419
4734,1,0.130708,0.142701,0.122997
4735,1,0.047496,0.142681,0.122483
4736,1,0.202041,0.142694,0.12339
4737,1,0.219697,0.14271,0.124642
4738,1,0.156852,0.142713,0.125152
4739,1,0.193014,0.142723,0.125889
4740,1,0.126987,0.14272,0.125567
4741,1,0.154934,0.142723,0.12539
4742,1,0.06703,0.142707,0.125132
4743,1,0.120094,0.142702,0.125492
4744,1,0.133964,0.1427,0.125
4745,1,0.071754,0.142685,0.124671
4746,1,0.150173,0.142687,0.125026
4747,1,0.138868,0.142686,0.125914
4748,1,0.161582,0.14269,0.125732
4749,1,0.086006,0.142678,0.125446
4750,1,0.072827,0.142663,0.124653
4751,1,0.096135,0.142653,0.12474
4752,1,0.13385,0.142652,0.124344
4753,1,0.100963,0.142643,0.124734
4754,1,0.140135,0.142642,0.124886
4755,1,0.180084,0.14265,0.125434
4756,1,0.180597,0.142658,0.126516
4757,1,0.101396,0.142649,0.125729
4758,1,0.09657,0.14264,0.125386
4759,1,0.128647,0.142637,0.125526
4760,1,0.105509,0.142629,0.125664
4761,1,0.138286,0.142628,0.125212
4762,1,0.056688,0.14261,0.124852
4763,1,0.137551,0.142609,0.125385
4764,1,0.158782,0.142612,0.123589
4765,1,0.117271,0.142607,0.123551
4766,1,0.113347,0.142601,0.123692
4767,1,0.132301,0.142599,0.12403
4768,1,0.287526,0.142629,0.125343
4769,1,0.077745,0.142616,0.124795
4770,1,0.125901,0.142612,0.124706
4771,1,0.232393,0.142631,0.125335
4772,1,0.161113,0.142635,0.125637
4773,1,0.095166,0.142625,0.125559
4774,1,0.081324,0.142612,0.125617
4775,1,0.119517,0.142607,0.125604
4776,1,0.165331,0.142612,0.125773
4777,1,0.219391,0.142628,0.127173
4778,1,0.134282,0.142626,0.127256
4779,1,0.061833,0.142609,0.126935
4780,1,0.155705,0.142612,0.127094
4781,1,0.119086,0.142607,0.127371
4782,1,0.115741,0.142602,0.127469
4783,1,0.186401,0.142611,0.128395
4784,1,0.07132,0.142596,0.128064
4785,1,0.286231,0.142626,0.128771
4786,1,0.122527,0.142622,0.128478
4787,1,0.104256,0.142614,0.127855
4788,1,0.11534,0.142608,0.1278
4789,1,0.198634,0.14262,0.127739
4790,1,0.066423,0.142604,0.126981
4791,1,0.052502,0.142585,0.126416
4792,1,0.055334,0.142567,0.125813
4793,1,0.122394,0.142562,0.126136
4794,1,0.103984,0.142554,0.125595
4795,1,0.149252,0.142556,0.126185
4796,1,0.110701,0.142549,0.12572
4797,1,0.098771,0.14254,0.125185
4798,1,0.095509,0.14253,0.124467
4799,1,0.122793,0.142526,0.124798
4800,1,0.1015,0.142518,0.124951
4801,1,0.12849,0.142515,0.125705
4802,1,0.114561,0.142509,0.125643
4803,1,0.13685,0.142508,0.126019
4804,1,0.09209,0.142497,0.125501
4805,1,0.075148,0.142483,0.124241
4806,1,0.288299,0.142513,0.126337
4807,1,0.163981,0.142518,0.126204
4808,1,0.092582,0.142508,0.126277
4809,1,0.102807,0.142499,0.126499
4810,1,0.136367,0.142498,0.126561
4811,1,0.11901,0.142493,0.127018
4812,1,0.110682,0.142487,0.127105
4813,1,0.062835,0.14247,0.126599
4814,1,0.180532,0.142478,0.127257
4815,1,0.132337,0.142476,0.127137
4816,1,0.175066,0.142483,0.127925
4817,1,0.113547,0.142477,0.127424
4818,1,0.082656,0.142464,0.127285
4819,1,0.184212,0.142473,0.127969
4820,1,0.185029,0.142482,0.128827
4821,1,0.169855,0.142487,0.129387
4822,1,0.169667,0.142493,0.129191
4823,1,0.142766,0.142493,0.129713
4824,1,0.144605,0.142493,0.130264
4825,1,0.162382,0.142498,0.130963
4826,1,0.119219,0.142493,0.131236
4827,1,0.124655,0.142489,0.131557
4828,1,0.204917,0.142502,0.132603
4829,1,0.137737,0.142501,0.132348
4830,1,0.117885,0.142496,0.132412
4831,1,0.115233,0.14249,0.132832
4832,1,0.118771,0.142485,0.132688
4833,1,0.112027,0.142479,0.131849
4834,1,0.075416,0.142465,0.131296
4835,1,0.055021,0.142447,0.131371
4836,1,0.076998,0.142434,0.130121
4837,1,0.119889,0.142429,0.129122
4838,1,0.101744,0.14242,0.128571
4839,1,0.194903,0.142431,0.12859
4840,1,0.07904,0.142418,0.128111
4841,1,0.112201,0.142412,0.127683
4842,1,0.131,0.14241,0.128323
4843,1,0.092171,0.142399,0.128044
4844,1,0.083497,0.142387,0.127539
4845,1,0.170197,0.142393,0.128524
4846,1,0.112639,0.142387,0.128148
4847,1,0.06806,0.142371,0.12744
4848,1,0.194594,0.142382,0.12777
4849,1,0.081264,0.142369,0.127723
4850,1,0.115128,0.142364,0.128146
4851,1,0.107454,0.142357,0.128259
4852,1,0.107011,0.142349,0.127991
4853,1,0.215511,0.142364,0.129136
4854,1,0.146957,0.142365,0.129204
4855,1,0.079797,0.142353,0.128202
4856,1,0.066983,0.142337,0.127065
4857,1,0.166172,0.142342,0.127713
4858,1,0.097489,0.142333,0.127722
4859,1,0.089667,0.142322,0.127333
4860,1,0.084735,0.14231,0.127125
4861,1,0.216198,0.142325,0.127904
4862,1,0.132952,0.142323,0.128667
4863,1,0.099593,0.142314,0.128287
4864,1,0.189116,0.142324,0.12859
4865,1,0.133846,0.142322,0.128756
4866,1,0.116212,0.142317,0.128785
4867,1,0.167022,0.142322,0.129132
4868,1,0.157498,0.142325,0.127832
4869,1,0.146059,0.142326,0.128515
4870,1,0.094574,0.142316,0.128202
4871,1,0.179442,0.142324,0.127672
4872,1,0.161549,0.142328,0.127676
4873,1,0.106483,0.14232,0.12779
4874,1,0.101326,0.142312,0.12799
4875,1,0.148707,0.142313,0.128282
4876,1,0.122675,0.142309,0.127855
4877,1,0.156169,0.142312,0.127223
4878,1,0.062866,0.142296,0.126509
4879,1,0.077785,0.142283,0.126668
4880,1,0.146628,0.142283,0.126577
4881,1,0.167779,0.142289,0.127064
4882,1,0.178992,0.142296,0.127697
4883,1,0.135491,0.142295,0.127188
4884,1,0.179826,0.142302,0.128273
4885,1,0.189971,0.142312,0.12731
4886,1,0.170899,0.142318,0.127794
4887,1,0.131134,0.142316,0.128063
4888,1,0.070812,0.142301,0.127617
4889,1,0.103502,0.142293,0.126666
4890,1,0.078607,0.14228,0.126788
4891,1,0.115506,0.142275,0.127418
4892,1,0.177417,0.142282,0.128639
4893,1,0.128413,0.142279,0.128699
4894,1,0.125124,0.142276,0.12891
4895,1,0.106384,0.142268,0.128482
4896,1,0.07365,0.142254,0.128111
4897,1,0.107478,0.142247,0.128198
4898,1,0.1518,0.142249,0.128761
4899,1,0.100241,0.142241,0.128536
4900,1,0.077605,0.142227,0.128297
4901,1,0.065085,0.142212,0.127663
4902,1,0.145574,0.142212,0.127973
4903,1,0.082238,0.1422,0.127427
4904,1,0.176558,0.142207,0.128271
4905,1,0.130073,0.142205,0.128821
4906,1,0.149547,0.142206,0.127433
4907,1,0.135667,0.142205,0.12715
4908,1,0.116417,0.142199,0.127388
4909,1,0.101855,0.142191,0.127379
4910,1,0.164428,0.142196,0.127659
4911,1,0.100451,0.142187,0.127474
4912,1,0.130479,0.142185,0.127672
4913,1,0.076249,0.142171,0.127806
4914,1,0.161647,0.142175,0.127617
4915,1,0.176569,0.142182,0.128059
4916,1,0.132936,0.142181,0.127638
4917,1,0.183809,0.142189,0.128341
4918,1,0.091945,0.142179,0.128434
4919,1,0.099946,0.14217,0.127591
4920,1,0.271657,0.142197,0.128457
4921,1,0.154683,0.142199,0.128305
4922,1,0.161603,0.142203,0.128225
4923,1,0.117235,0.142198,0.12797
4924,1,0.075026,0.142184,0.127274
4925,1,0.199789,0.142196,0.127648
4926,1,0.088857,0.142185,0.127344
4927,1,0.110518,0.142179,0.127203
4928,1,0.118877,0.142174,0.126342
4929,1,0.158191,0.142177,0.126547
4930,1,0.108214,0.14217,0.12645
4931,1,0.204007,0.142183,0.127338
4932,1,0.070664,0.142168,0.126857
4933,1,0.113415,0.142163,0.126871
4934,1,0.109972,0.142156,0.127216
4935,1,0.128505,0.142153,0.127951
4936,1,0.077349,0.14214,0.127955
4937,1,0.154118,0.142143,0.128297
4938,1,0.19364,0.142153,0.129216
4939,1,0.103199,0.142145,0.128299
4940,1,0.085741,0.142134,0.128366
4941,1,0.132154,0.142132,0.128565
4942,1,0.166358,0.142137,0.128919
4943,1,0.120057,0.142132,0.129198
4944,1,0.24202,0.142152,0.130783
4945,1,0.106778,0.142145,0.130149
4946,1,0.078702,0.142132,0.12981
4947,1,0.09619,0.142123,0.130091
4948,1,0.178674,0.14213,0.129932
4949,1,0.056485,0.142113,0.129684
4950,1,0.116299,0.142108,0.129696
4951,1,0.10799,0.142101,0.129701
4952,1,0.159802,0.142105,0.130229
4953,1,0.168694,0.14211,0.129761
4954,1,0.149547,0.142112,0.129787
4955,1,0.117078,0.142106,0.130159
4956,1,0.142723,0.142107,0.130917
4957,1,0.087002,0.142095,0.130125
4958,1,0.080125,0.142083,0.129951
4959,1,0.115271,0.142078,0.130207
4960,1,0.097227,0.142069,0.130332
4961,1,0.103279,0.142061,0.129203
4962,1,0.129801,0.142058,0.129172
4963,1,0.093378,0.142048,0.12911
4964,1,0.115388,0.142043,0.128372
4965,1,0.088047,0.142032,0.127914
4966,1,0.06728,0.142017,0.127425
4967,1,0.151288,0.142019,0.127268
4968,1,0.069737,0.142004,0.12639
4969,1,0.138181,0.142004,0.126311
4970,1,0.144741,0.142004,0.126813
4971,1,0.107214,0.141997,0.126091
4972,1,0.1416,0.141997,0.125891
4973,1,0.079732,0.141985,0.125624
4974,1,0.083031,0.141973,0.125441
4975,1,0.092171,0.141963,0.124875
4976,1,0.303712,0.141995,0.126686
4977,1,0.122401,0.141991,0.126348
4978,1,0.130119,0.141989,0.12702
4979,1,0.064919,0.141973,0.126892
4980,1,0.21692,0.141989,0.127595
4981,1,0.126688,0.141985,0.127184
4982,1,0.074441,0.141972,0.126138
4983,1,0.137248,0.141971,0.126156
4984,1,0.04644,0.141952,0.124822
4985,1,0.077099,0.141939,0.123693
4986,1,0.112224,0.141933,0.123107
4987,1,0.111078,0.141927,0.122906
4988,1,0.100625,0.141918,0.123204
4989,1,0.156512,0.141921,0.123734
4990,1,0.222889,0.141937,0.125177
4991,1,0.155402,0.14194,0.125576
4992,1,0.190177,0.14195,0.125704
4993,1,0.150055,0.141951,0.12592
4994,1,0.167273,0.141957,0.126342
4995,1,0.163006,0.141961,0.126908
4996,1,0.204997,0.141973,0.128221
4997,1,0.170284,0.141979,0.128849
4998,1,0.18973,0.141989,0.129229
4999,1,0.109237,0.141982,0.129319
5000,1,0.083365,0.14197,0.129376
5001,1,0.088967,0.14196,0.129615
5002,1,0.127209,0.141957,0.129431
5003,1,0.15317,0.141959,0.130141
5004,1,0.211165,0.141973,0.130487
5005,1,0.087704,0.141962,0.130063
5006,1,0.166641,0.141967,0.130234
5007,1,0.111136,0.141961,0.129989
5008,1,0.101593,0.141953,0.12984
5009,1,0.134542,0.141951,0.130167
5010,1,0.143564,0.141952,0.129959
5011,1,0.130194,0.141949,0.130256
5012,1,0.136522,0.141948,0.130316
5013,1,0.205961,0.141961,0.131614
5014,1,0.132855,0.141959,0.131326
5015,1,0.068037,0.141944,0.13024
5016,1,0.132533,0.141942,0.130236
5017,1,0.138709,0.141942,0.129785
5018,1,0.154547,0.141944,0.130411
5019,1,0.089722,0.141934,0.130309
5020,1,0.143909,0.141934,0.129032
5021,1,0.113283,0.141929,0.128618
5022,1,0.089992,0.141918,0.127902
5023,1,0.143118,0.141918,0.12816
5024,1,0.081427,0.141906,0.128224
5025,1,0.150755,0.141908,0.127734
5026,1,0.148169,0.141909,0.128327
5027,1,0.108362,0.141903,0.128306
5028,1,0.178742,0.14191,0.128904
5029,1,0.162327,0.141914,0.128946
5030,1,0.13491,0.141913,0.129213
5031,1,0.096944,0.141904,0.128142
5032,1,0.088532,0.141893,0.128321
5033,1,0.095003,0.141884,0.128136
5034,1,0.139897,0.141884,0.128436
5035,1,0.068849,0.141869,0.127839
5036,1,0.08036,0.141857,0.127869
5037,1,0.112648,0.141851,0.127455
5038,1,0.17221,0.141857,0.12724
5039,1,0.120345,0.141853,0.127412
5040,1,0.153725,0.141855,0.128092
5041,1,0.21329,0.141869,0.128903
5042,1,0.104269,0.141862,0.128282
5043,1,0.176895,0.141869,0.12885
5044,1,0.110399,0.141863,0.127534
5045,1,0.101713,0.141855,0.127484
5046,1,0.098854,0.141846,0.127685
5047,1,0.144261,0.141847,0.128166
5048,1,0.116095,0.141841,0.12754
5049,1,0.141111,0.141841,0.128386
5050,1,0.121503,0.141837,0.128438
5051,1,0.113096,0.141832,0.128489
5052,1,0.185909,0.14184,0.12875
5053,1,0.12676,0.141837,0.128331
5054,1,0.11223,0.141831,0.127958
5055,1,0.123902,0.141828,0.128026
5056,1,0.129659,0.141826,0.127896
5057,1,0.123463,0.141822,0.12826
5058,1,0.109504,0.141815,0.128554
5059,1,0.040676,0.141795,0.127808
5060,1,0.072848,0.141782,0.127564
5061,1,0.149218,0.141783,0.128024
5062,1,0.193896,0.141794,0.128665
5063,1,0.165041,0.141798,0.129381
5064,1,0.139074,0.141798,0.129618
5065,1,0.137776,0.141797,0.130115
5066,1,0.127784,0.141794,0.13072
5067,1,0.116532,0.141789,0.130373
5068,1,0.233824,0.141807,0.132014
5069,1,0.110102,0.141801,0.131733
5070,1,0.080866,0.141789,0.131094
5071,1,0.096041,0.14178,0.130982
5072,1,0.146004,0.141781,0.131027
5073,1,0.084052,0.141769,0.13107
5074,1,0.098919,0.141761,0.131229
5075,1,0.125685,0.141758,0.131564
5076,1,0.109463,0.141751,0.129621
5077,1,0.084119,0.14174,0.129238
5078,1,0.111033,0.141734,0.129048
5079,1,0.091002,0.141724,0.129308
5080,1,0.085665,0.141713,0.127996
5081,1,0.106627,0.141706,0.127795
5082,1,0.074113,0.141693,0.127792
5083,1,0.176265,0.1417,0.128182
5084,1,0.103945,0.141692,0.128757
5085,1,0.143118,0.141693,0.129417
5086,1,0.099605,0.141684,0.129291
5087,1,0.167097,0.141689,0.129851
5088,1,0.058776,0.141673,0.129433
5089,1,0.120803,0.141669,0.129076
5090,1,0.073663,0.141655,0.127584
5091,1,0.113031,0.14165,0.12716
5092,1,0.089554,0.14164,0.126154
5093,1,0.125126,0.141636,0.125904
5094,1,0.150733,0.141638,0.125739
5095,1,0.087679,0.141628,0.124986
5096,1,0.153039,0.14163,0.124466
5097,1,0.095404,0.141621,0.123717
5098,1,0.101226,0.141613,0.122832
5099,1,0.184888,0.141621,0.123589
5100,1,0.138288,0.141621,0.124138
5101,1,0.1603,0.141624,0.124851
5102,1,0.093076,0.141615,0.12451
5103,1,0.202652,0.141627,0.125005
5104,1,0.070602,0.141613,0.123599
5105,1,0.252026,0.141634,0.125242
5106,1,0.110459,0.141628,0.124681
5107,1,0.189749,0.141638,0.125467
5108,1,0.184087,0.141646,0.126292
5109,1,0.121742,0.141642,0.126164
5110,1,0.10437,0.141635,0.125772
5111,1,0.070063,0.141621,0.12517
5112,1,0.11498,0.141616,0.124955
5113,1,0.130678,0.141614,0.124202
5114,1,0.173664,0.14162,0.12461
5115,1,0.215126,0.141634,0.126081
5116,1,0.120157,0.14163,0.125957
5117,1,0.076645,0.141617,0.125337
5118,1,0.058414,0.141601,0.124375
5119,1,0.109762,0.141595,0.124576
5120,1,0.062439,0.141579,0.123761
5121,1,0.166237,0.141584,0.124291
5122,1,0.090688,0.141574,0.124298
5123,1,0.12151,0.14157,0.124081
5124,1,0.242838,0.14159,0.125696
5125,1,0.096972,0.141581,0.125158
5126,1,0.11764,0.141577,0.124852
5127,1,0.113174,0.141571,0.124901
5128,1,0.188494,0.14158,0.124998
5129,1,0.127656,0.141578,0.124651
5130,1,0.112481,0.141572,0.124427
5131,1,0.10337,0.141564,0.124491
5132,1,0.140744,0.141564,0.125013
5133,1,0.110716,0.141558,0.125171
5134,1,0.083758,0.141547,0.124609
5135,1,0.167123,0.141552,0.125592
5136,1,0.253767,0.141574,0.127326
5137,1,0.103398,0.141566,0.127233
5138,1,0.219784,0.141582,0.127709
5139,1,0.102064,0.141574,0.127526
5140,1,0.093,0.141565,0.126919
5141,1,0.125095,0.141561,0.126037
5142,1,0.235356,0.14158,0.127348
5143,1,0.10472,0.141572,0.126626
5144,1,0.122755,0.141569,0.12675
5145,1,0.158121,0.141572,0.127314
5146,1,0.183584,0.14158,0.128161
5147,1,0.121124,0.141576,0.12793
5148,1,0.11191,0.14157,0.127888
5149,1,0.153468,0.141573,0.128012
5150,1,0.11788,0.141568,0.127975
5151,1,0.146981,0.141569,0.128314
5152,1,0.114166,0.141564,0.127597
5153,1,0.199152,0.141575,0.128321
5154,1,0.152321,0.141577,0.128722
5155,1,0.149709,0.141579,0.12898
5156,1,0.101412,0.141571,0.128697
5157,1,0.190775,0.14158,0.12937
5158,1,0.090482,0.141571,0.12918
5159,1,0.102075,0.141563,0.129794
5160,1,0.076082,0.14155,0.129826
5161,1,0.072607,0.141537,0.12906
5162,1,0.083586,0.141526,0.127957
5163,1,0.127084,0.141523,0.127578
5164,1,0.179362,0.14153,0.127981
5165,1,0.07951,0.141518,0.127398
5166,1,0.127198,0.141515,0.127392
5167,1,0.207744,0.141528,0.128304
5168,1,0.10515,0.141521,0.127017
5169,1,0.132424,0.141519,0.127241
5170,1,0.18841,0.141528,0.128316
5171,1,0.048362,0.14151,0.127839
5172,1,0.23213,0.141528,0.128701
5173,1,0.153128,0.14153,0.129391
5174,1,0.088393,0.14152,0.129286
5175,1,0.083417,0.141509,0.128863
5176,1,0.132983,0.141507,0.129099
5177,1,0.157365,0.14151,0.129831
5178,1,0.078258,0.141498,0.129503
5179,1,0.172179,0.141504,0.130315
5180,1,0.122138,0.1415,0.13068
5181,1,0.123934,0.141497,0.130853
5182,1,0.102139,0.141489,0.131133
5183,1,0.100421,0.141481,0.130375
5184,1,0.109171,0.141475,0.130427
5185,1,0.142715,0.141475,0.130423
5186,1,0.167829,0.14148,0.131105
5187,1,0.123056,0.141477,0.130665
5188,1,0.11721,0.141472,0.131249
5189,1,0.085513,0.141461,0.130896
5190,1,0.161725,0.141465,0.131777
5191,1,0.107355,0.141459,0.13172
5192,1,0.070823,0.141445,0.131533
5193,1,0.129331,0.141443,0.131575
5194,1,0.125912,0.14144,0.131327
5195,1,0.114783,0.141435,0.131598
5196,1,0.128686,0.141432,0.131354
5197,1,0.108895,0.141426,0.131489
5198,1,0.127286,0.141423,0.13175
5199,1,0.120006,0.141419,0.131101
5200,1,0.089742,0.141409,0.130615
5201,1,0.106503,0.141402,0.130077
5202,1,0.084075,0.141391,0.129987
5203,1,0.138008,0.141391,0.129341
5204,1,0.118029,0.141386,0.129815
5205,1,0.151305,0.141388,0.128808
5206,1,0.202076,0.1414,0.129724
5207,1,0.101492,0.141392,0.128842
5208,1,0.09297,0.141383,0.12793
5209,1,0.173383,0.141389,0.128447
5210,1,0.265121,0.141413,0.130054
5211,1,0.172237,0.141419,0.131076
5212,1,0.160131,0.141422,0.131528
5213,1,0.167339,0.141427,0.131894
5214,1,0.078857,0.141415,0.130946
5215,1,0.117825,0.141411,0.129973
5216,1,0.125718,0.141408,0.130029
5217,1,0.051301,0.14139,0.129775
5218,1,0.122552,0.141387,0.130417
5219,1,0.051825,0.14137,0.129837
5220,1,0.131702,0.141368,0.13053
5221,1,0.085123,0.141357,0.129719
5222,1,0.10159,0.141349,0.129828
5223,1,0.11745,0.141345,0.129787
5224,1,0.069222,0.141331,0.128051
5225,1,0.189789,0.14134,0.128979
5226,1,0.082696,0.141329,0.12863
5227,1,0.152487,0.141331,0.129023
5228,1,0.063766,0.141316,0.127776
5229,1,0.128305,0.141314,0.127782
5230,1,0.105589,0.141307,0.127713
5231,1,0.077756,0.141295,0.127457
5232,1,0.132588,0.141293,0.127376
5233,1,0.150585,0.141295,0.127774
5234,1,0.102456,0.141287,0.127961
5235,1,0.181384,0.141295,0.128104
5236,1,0.1139,0.14129,0.126705
5237,1,0.084763,0.141279,0.126519
5238,1,0.143037,0.141279,0.125751
5239,1,0.08476,0.141269,0.125578
5240,1,0.115338,0.141264,0.125802
5241,1,0.152545,0.141266,0.126076
5242,1,0.222997,0.141281,0.125953
5243,1,0.099135,0.141273,0.125897
5244,1,0.080408,0.141262,0.125473
5245,1,0.094486,0.141253,0.124837
5246,1,0.093011,0.141244,0.123931
5247,1,0.14149,0.141244,0.124135
5248,1,0.14339,0.141244,0.12445
5249,1,0.147903,0.141245,0.124394
5250,1,0.103879,0.141238,0.124254
5251,1,0.132779,0.141237,0.124112
5252,1,0.06332,0.141222,0.123603
5253,1,0.151647,0.141224,0.123128
5254,1,0.107675,0.141217,0.122682
5255,1,0.15059,0.141219,0.122691
5256,1,0.089666,0.141209,0.122573
5257,1,0.160647,0.141213,0.122272
5258,1,0.126239,0.14121,0.12263
5259,1,0.065939,0.141196,0.122268
5260,1,0.09597,0.141187,0.122467
5261,1,0.099668,0.141179,0.122738
5262,1,0.110442,0.141174,0.123006
5263,1,0.131594,0.141172,0.123051
5264,1,0.061047,0.141157,0.121868
5265,1,0.081268,0.141145,0.121886
5266,1,0.075518,0.141133,0.121369
5267,1,0.100376,0.141125,0.120295
5268,1,0.186834,0.141134,0.121112
5269,1,0.142803,0.141134,0.121216
5270,1,0.079743,0.141122,0.120129
5271,1,0.136147,0.141121,0.121007
5272,1,0.167855,0.141127,0.120364
5273,1,0.178544,0.141134,0.120619
5274,1,0.103216,0.141126,0.120767
5275,1,0.13864,0.141126,0.121319
5276,1,0.075601,0.141114,0.120745
5277,1,0.162832,0.141118,0.1208
5278,1,0.066785,0.141104,0.120685
5279,1,0.100302,0.141096,0.119966
5280,1,0.125647,0.141093,0.120001
5281,1,0.115311,0.141088,0.119915
5282,1,0.126397,0.141085,0.120158
5283,1,0.052735,0.141069,0.119681
5284,1,0.118085,0.141064,0.11977
5285,1,0.071271,0.141051,0.119056
5286,1,0.108557,0.141045,0.118463
5287,1,0.171961,0.141051,0.118952
5288,1,0.097003,0.141042,0.11875
5289,1,0.099077,0.141034,0.118885
5290,1,0.113791,0.141029,0.118406
5291,1,0.103105,0.141022,0.118364
5292,1,0.128639,0.14102,0.118942
5293,1,0.140708,0.14102,0.119056
5294,1,0.113542,0.141014,0.118932
5295,1,0.180754,0.141022,0.119592
5296,1,0.131664,0.14102,0.119621
5297,1,0.071111,0.141007,0.119244
5298,1,0.188823,0.141016,0.119859
5299,1,0.130831,0.141014,0.119967
5300,1,0.090469,0.141005,0.119974
5301,1,0.084042,0.140994,0.11975
5302,1,0.276504,0.141019,0.121674
5303,1,0.239694,0.141038,0.122691
5304,1,0.083074,0.141027,0.122341
5305,1,0.110365,0.141021,0.121932
5306,1,0.146308,0.141022,0.121374
5307,1,0.099549,0.141014,0.121355
5308,1,0.130619,0.141013,0.121731
5309,1,0.155407,0.141015,0.121552
5310,1,0.106899,0.141009,0.119969
5311,1,0.063121,0.140994,0.118878
5312,1,0.112218,0.140989,0.118399
5313,1,0.088922,0.140979,0.117615
5314,1,0.176033,0.140986,0.118587
5315,1,0.145464,0.140986,0.118863
5316,1,0.123004,0.140983,0.118836
5317,1,0.14031,0.140983,0.119726
5318,1,0.074052,0.14097,0.119241
5319,1,0.107987,0.140964,0.119803
5320,1,0.123729,0.140961,0.119723
5321,1,0.059086,0.140945,0.119463
5322,1,0.10947,0.14094,0.119541
5323,1,0.109793,0.140934,0.119465
5324,1,0.097434,0.140926,0.119747
5325,1,0.09373,0.140917,0.118786
5326,1,0.190567,0.140926,0.119865
5327,1,0.126072,0.140923,0.119601
5328,1,0.175549,0.14093,0.120719
5329,1,0.055546,0.140914,0.119991
5330,1,0.154359,0.140916,0.120479
5331,1,0.229149,0.140933,0.121993
5332,1,0.106596,0.140926,0.121733
5333,1,0.09332,0.140917,0.12116
5334,1,0.156369,0.14092,0.121699
5335,1,0.085573,0.14091,0.120741
5336,1,0.090875,0.140901,0.120511
5337,1,0.04047,0.140882,0.120068
5338,1,0.075628,0.140869,0.119394
5339,1,0.067381,0.140856,0.11922
5340,1,0.11163,0.14085,0.119183
5341,1,0.060694,0.140835,0.118265
5342,1,0.085037,0.140825,0.116885
5343,1,0.149314,0.140826,0.117387
5344,1,0.069862,0.140813,0.117281
5345,1,0.061445,0.140798,0.116951
5346,1,0.095323,0.14079,0.116974
5347,1,0.153552,0.140792,0.117095
5348,1,0.088903,0.140782,0.11655
5349,1,0.092239,0.140773,0.115993
5350,1,0.127774,0.140771,0.116232
5351,1,0.124519,0.140768,0.116149
5352,1,0.112802,0.140763,0.116644
5353,1,0.081204,0.140752,0.11594
5354,1,0.169146,0.140757,0.116555
5355,1,0.191438,0.140766,0.116963
5356,1,0.06918,0.140753,0.116758
5357,1,0.10553,0.140746,0.116207
5358,1,0.175132,0.140753,0.116696
5359,1,0.219476,0.140767,0.118231
5360,1,0.127358,0.140765,0.118545
5361,1,0.089689,0.140755,0.118445
5362,1,0.08087,0.140744,0.11815
5363,1,0.124268,0.140741,0.118076
5364,1,0.125423,0.140738,0.11872
5365,1,0.090517,0.140729,0.118813
5366,1,0.080868,0.140718,0.118866
5367,1,0.044257,0.1407,0.118305
5368,1,0.086888,0.14069,0.117306
5369,1,0.105367,0.140683,0.116931
5370,1,0.119041,0.140679,0.117324
5371,1,0.13073,0.140677,0.11727
5372,1,0.118166,0.140673,0.116773
5373,1,0.147693,0.140674,0.116465
5374,1,0.117439,0.14067,0.116607
5375,1,0.140686,0.14067,0.116627
5376,1,0.156471,0.140673,0.117436
5377,1,0.102114,0.140666,0.116829
5378,1,0.101248,0.140659,0.117173
5379,1,0.137628,0.140658,0.117547
5380,1,0.103351,0.140651,0.117324
5381,1,0.085861,0.140641,0.117029
5382,1,0.068289,0.140627,0.116448
5383,1,0.159198,0.140631,0.117513
5384,1,0.168832,0.140636,0.11802
5385,1,0.077446,0.140624,0.118082
5386,1,0.102991,0.140617,0.118026
5387,1,0.107744,0.140611,0.117384
5388,1,0.141965,0.140612,0.117834
5389,1,0.12162,0.140608,0.118059
5390,1,0.108076,0.140602,0.118002
5391,1,0.090356,0.140593,0.117875
5392,1,0.175784,0.140599,0.118346
5393,1,0.197412,0.14061,0.118913
5394,1,0.192083,0.140619,0.119698
5395,1,0.212279,0.140633,0.120014
5396,1,0.230444,0.140649,0.121002
5397,1,0.208714,0.140662,0.122378
5398,1,0.115866,0.140657,0.121648
5399,1,0.13012,0.140655,0.121641
5400,1,0.102766,0.140648,0.121764
5401,1,0.133503,0.140647,0.122258
5402,1,0.074042,0.140635,0.120234
5403,1,0.148939,0.140636,0.119326
5404,1,0.106163,0.14063,0.119557
5405,1,0.069108,0.140617,0.119145
5406,1,0.219007,0.140631,0.119872
5407,1,0.125617,0.140628,0.120132
5408,1,0.061861,0.140614,0.119445
5409,1,0.100384,0.140606,0.118894
5410,1,0.075975,0.140594,0.118585
5411,1,0.078476,0.140583,0.118739
5412,1,0.111301,0.140577,0.11873
5413,1,0.12897,0.140575,0.11913
5414,1,0.133696,0.140574,0.118707
5415,1,0.138939,0.140574,0.118641
5416,1,0.104417,0.140567,0.118456
5417,1,0.165074,0.140572,0.118703
5418,1,0.110835,0.140566,0.119071
5419,1,0.109304,0.14056,0.119084
5420,1,0.097255,0.140552,0.118819
5421,1,0.14312,0.140553,0.11966
5422,1,0.100167,0.140545,0.119567
5423,1,0.100989,0.140538,0.119479
5424,1,0.153995,0.140541,0.120044
5425,1,0.135736,0.14054,0.120464
5426,1,0.097544,0.140532,0.119534
5427,1,0.063406,0.140518,0.118908
5428,1,0.144662,0.140518,0.118599
5429,1,0.121611,0.140515,0.119259
5430,1,0.15398,0.140517,0.119256
5431,1,0.133198,0.140516,0.118296
5432,1,0.196941,0.140526,0.119199
5433,1,0.105799,0.14052,0.119324
5434,1,0.094193,0.140511,0.118702
5435,1,0.047265,0.140494,0.118319
5436,1,0.279401,0.14052,0.120205
5437,1,0.124318,0.140517,0.121043
5438,1,0.189651,0.140526,0.122183
5439,1,0.140777,0.140526,0.122917
5440,1,0.037789,0.140507,0.122179
5441,1,0.0989,0.140499,0.122561
5442,1,0.053682,0.140483,0.122247
5443,1,0.151122,0.140485,0.122266
5444,1,0.041299,0.140467,0.12198
5445,1,0.10854,0.140461,0.122451
5446,1,0.064587,0.140447,0.122143
5447,1,0.123735,0.140444,0.121845
5448,1,0.174218,0.14045,0.122698
5449,1,0.068966,0.140437,0.122466
5450,1,0.134675,0.140436,0.122535
5451,1,0.138225,0.140436,0.122672
5452,1,0.120152,0.140432,0.122745
5453,1,0.154286,0.140435,0.123476
5454,1,0.074335,0.140423,0.122528
5455,1,0.143438,0.140423,0.122048
5456,1,0.17039,0.140429,0.12306
5457,1,0.145754,0.14043,0.123462
5458,1,0.174015,0.140436,0.123451
5459,1,0.113152,0.140431,0.122388
5460,1,0.111382,0.140425,0.122228
5461,1,0.087604,0.140416,0.122207
5462,1,0.168669,0.140421,0.123085
5463,1,0.098322,0.140413,0.122826
5464,1,0.132528,0.140412,0.122897
5465,1,0.118004,0.140408,0.123172
5466,1,0.063888,0.140394,0.123002
5467,1,0.109174,0.140388,0.123651
5468,1,0.148367,0.140389,0.124266
5469,1,0.134635,0.140388,0.124559
5470,1,0.109778,0.140383,0.124466
5471,1,0.119218,0.140379,0.124351
5472,1,0.123843,0.140376,0.124408
5473,1,0.075146,0.140364,0.123682
5474,1,0.158172,0.140367,0.124089
5475,1,0.092159,0.140358,0.123604
5476,1,0.144801,0.140359,0.123488
5477,1,0.173527,0.140365,0.124202
5478,1,0.103216,0.140359,0.124221
5479,1,0.1026,0.140352,0.123871
5480,1,0.128962,0.14035,0.124127
5481,1,0.149036,0.140351,0.124759
5482,1,0.137283,0.140351,0.125449
5483,1,0.114969,0.140346,0.125007
5484,1,0.125488,0.140343,0.124573
5485,1,0.099833,0.140336,0.124797
5486,1,0.115399,0.140331,0.124921
5487,1,0.057185,0.140316,0.124415
5488,1,0.077276,0.140305,0.123769
5489,1,0.121262,0.140301,0.123765
5490,1,0.190521,0.14031,0.124589
5491,1,0.114733,0.140306,0.124833
5492,1,0.142274,0.140306,0.124498
5493,1,0.087433,0.140296,0.123398
5494,1,0.106472,0.14029,0.122542
5495,1,0.118005,0.140286,0.121599
5496,1,0.082445,0.140276,0.120119
5497,1,0.143734,0.140276,0.11947
5498,1,0.062969,0.140262,0.118941
5499,1,0.060188,0.140248,0.118241
5500,1,0.112656,0.140243,0.11834
5501,1,0.145757,0.140244,0.118463
5502,1,0.217825,0.140258,0.119901
5503,1,0.072699,0.140246,0.119138
5504,1,0.128967,0.140243,0.119366
5505,1,0.153886,0.140246,0.120214
5506,1,0.056918,0.140231,0.118593
5507,1,0.187844,0.140239,0.119215
5508,1,0.075445,0.140228,0.119351
5509,1,0.058206,0.140213,0.11893
5510,1,0.164588,0.140217,0.119816
5511,1,0.10939,0.140212,0.120125
5512,1,0.115929,0.140207,0.120171
5513,1,0.146026,0.140208,0.120342
5514,1,0.096098,0.1402,0.119966
5515,1,0.213369,0.140214,0.12071
5516,1,0.109309,0.140208,0.120759
5517,1,0.087876,0.140198,0.119987
5518,1,0.218471,0.140213,0.121063
5519,1,0.117061,0.140208,0.121141
5520,1,0.139432,0.140208,0.121563
5521,1,0.123839,0.140205,0.12137
5522,1,0.07179,0.140193,0.121086
5523,1,0.14725,0.140194,0.121549
5524,1,0.134674,0.140193,0.121355
5525,1,0.120739,0.14019,0.121205
5526,1,0.109226,0.140184,0.121322
5527,1,0.091055,0.140175,0.121599
5528,1,0.145057,0.140176,0.121603
5529,1,0.052418,0.14016,0.120911
5530,1,0.119539,0.140156,0.120566
5531,1,0.229788,0.140173,0.121532
5532,1,0.105644,0.140166,0.120619
5533,1,0.192176,0.140176,0.121483
5534,1,0.126674,0.140173,0.121808
5535,1,0.155326,0.140176,0.122889
5536,1,0.102725,0.140169,0.121122
5537,1,0.105976,0.140163,0.120938
5538,1,0.095282,0.140155,0.119995
5539,1,0.172985,0.140161,0.120317
5540,1,0.085937,0.140151,0.120798
5541,1,0.086753,0.140142,0.120677
5542,1,0.179035,0.140149,0.12193
5543,1,0.098548,0.140141,0.121405
5544,1,0.106399,0.140135,0.122056
5545,1,0.117612,0.140131,0.122146
5546,1,0.116951,0.140127,0.12267
5547,1,0.175143,0.140133,0.123184
5548,1,0.158236,0.140136,0.123024
5549,1,0.184223,0.140144,0.124177
5550,1,0.127344,0.140142,0.124103
5551,1,0.107829,0.140136,0.123799
5552,1,0.227374,0.140152,0.124872
5553,1,0.149153,0.140154,0.12482
5554,1,0.120904,0.14015,0.125286
5555,1,0.128394,0.140148,0.125136
5556,1,0.161023,0.140152,0.125042
5557,1,0.274936,0.140176,0.126334
5558,1,0.086085,0.140166,0.125454
5559,1,0.12289,0.140163,0.125552
5560,1,0.225639,0.140178,0.126694
5561,1,0.088841,0.140169,0.126707
5562,1,0.034895,0.14015,0.125369
5563,1,0.233653,0.140167,0.126722
5564,1,0.08272,0.140157,0.126224
5565,1,0.089963,0.140148,0.125944
5566,1,0.139373,0.140148,0.126699
5567,1,0.128219,0.140146,0.126889
5568,1,0.115887,0.140141,0.126564
5569,1,0.285051,0.140167,0.128069
5570,1,0.166757,0.140172,0.128638
5571,1,0.135653,0.140171,0.128803
5572,1,0.159967,0.140175,0.129164
5573,1,0.099951,0.140167,0.129412
5574,1,0.127559,0.140165,0.129106
5575,1,0.099606,0.140158,0.12918
5576,1,0.097589,0.14015,0.128708
5577,1,0.087345,0.140141,0.127846
5578,1,0.06369,0.140127,0.127451
5579,1,0.075772,0.140116,0.127183
5580,1,0.137974,0.140115,0.127273
5581,1,0.102663,0.140108,0.126809
5582,1,0.120439,0.140105,0.126641
5583,1,0.105332,0.140099,0.126544
5584,1,0.081304,0.140088,0.126103
5585,1,0.077871,0.140077,0.125883
5586,1,0.108507,0.140071,0.125814
5587,1,0.075065,0.14006,0.125993
5588,1,0.071944,0.140048,0.12594
5589,1,0.1277,0.140045,0.126004
5590,1,0.082381,0.140035,0.124922
5591,1,0.114916,0.140031,0.124924
5592,1,0.137213,0.14003,0.124874
5593,1,0.153175,0.140032,0.125531
5594,1,0.116294,0.140028,0.125629
5595,1,0.104539,0.140022,0.125495
5596,1,0.091605,0.140013,0.125586
5597,1,0.143192,0.140014,0.125581
5598,1,0.188718,0.140022,0.126838
5599,1,0.107395,0.140017,0.12731
5600,1,0.155929,0.140019,0.127743
5601,1,0.086496,0.14001,0.127151
5602,1,0.154703,0.140013,0.126519
5603,1,0.098684,0.140005,0.126779
5604,1,0.093096,0.139997,0.12642
5605,1,0.158331,0.14,0.126465
5606,1,0.14674,0.140001,0.127363
5607,1,0.162838,0.140005,0.127113
5608,1,0.115756,0.140001,0.127516
5609,1,0.113649,0.139996,0.128071
5610,1,0.144005,0.139997,0.127865
5611,1,0.145956,0.139998,0.12823
5612,1,0.169068,0.140003,0.128762
5613,1,0.162924,0.140007,0.128931
5614,1,0.125053,0.140005,0.12922
5615,1,0.194932,0.140014,0.129036
5616,1,0.059307,0.14,0.128536
5617,1,0.071156,0.139988,0.128369
5618,1,0.231288,0.140004,0.128497
5619,1,0.097899,0.139997,0.128305
5620,1,0.116648,0.139992,0.128077
5621,1,0.072275,0.13998,0.127562
5622,1,0.151921,0.139983,0.128363
5623,1,0.076449,0.139971,0.127655
5624,1,0.126636,0.139969,0.127575
5625,1,0.129124,0.139967,0.127659
5626,1,0.095643,0.139959,0.127523
5627,1,0.110666,0.139954,0.127719
5628,1,0.087551,0.139945,0.127144
5629,1,0.067158,0.139932,0.127291
5630,1,0.09006,0.139923,0.126996
5631,1,0.100636,0.139916,0.125705
5632,1,0.099118,0.139909,0.12564
5633,1,0.092965,0.1399,0.124648
5634,1,0.079801,0.13989,0.124179
5635,1,0.130121,0.139888,0.123927
5636,1,0.094702,0.13988,0.123847
5637,1,0.163281,0.139884,0.12442
5638,1,0.162916,0.139888,0.125096
5639,1,0.125675,0.139885,0.124623
5640,1,0.130885,0.139884,0.125072
5641,1,0.130802,0.139882,0.125513
5642,1,0.141715,0.139883,0.12514
5643,1,0.113243,0.139878,0.125287
5644,1,0.128716,0.139876,0.12551
5645,1,0.086886,0.139867,0.125202
5646,1,0.172009,0.139872,0.125753
5647,1,0.132434,0.139871,0.125326
5648,1,0.24336,0.139889,0.126177
5649,1,0.128685,0.139887,0.125622
5650,1,0.087746,0.139878,0.125226
5651,1,0.08419,0.139868,0.124989
5652,1,0.133946,0.139867,0.124055
5653,1,0.122083,0.139864,0.123784
5654,1,0.160388,0.139868,0.124179
5655,1,0.09374,0.139859,0.123833
5656,1,0.131373,0.139858,0.123536
5657,1,0.167734,0.139863,0.122464
5658,1,0.171038,0.139868,0.123314
5659,1,0.192156,0.139878,0.124006
5660,1,0.153098,0.13988,0.123281
5661,1,0.082046,0.13987,0.123213
5662,1,0.136283,0.139869,0.124227
5663,1,0.129906,0.139867,0.123189
5664,1,0.057079,0.139853,0.122933
5665,1,0.111613,0.139848,0.12315
5666,1,0.18776,0.139856,0.123633
5667,1,0.07555,0.139845,0.123107
5668,1,0.057693,0.13983,0.122525
5669,1,0.148773,0.139832,0.121162
5670,1,0.106023,0.139826,0.120555
5671,1,0.18555,0.139834,0.121054
5672,1,0.125988,0.139832,0.120714
5673,1,0.134827,0.139831,0.121063
5674,1,0.184024,0.139838,0.121627
5675,1,0.139233,0.139838,0.122024
5676,1,0.098907,0.139831,0.122037
5677,1,0.186655,0.139839,0.12303
5678,1,0.200351,0.13985,0.124396
5679,1,0.153475,0.139852,0.125173
5680,1,0.102212,0.139846,0.124816
5681,1,0.134232,0.139845,0.125131
5682,1,0.071009,0.139833,0.124637
5683,1,0.178144,0.139839,0.125365
5684,1,0.130401,0.139838,0.125856
5685,1,0.159288,0.139841,0.12667
5686,1,0.172451,0.139847,0.12731
5687,1,0.105314,0.139841,0.127612
5688,1,0.197385,0.139851,0.128867
5689,1,0.170382,0.139856,0.129294
5690,1,0.043003,0.139839,0.1289
5691,1,0.061026,0.139826,0.128361
5692,1,0.105735,0.13982,0.128046
5693,1,0.112051,0.139815,0.127635
5694,1,0.09153,0.139806,0.127387
5695,1,0.203137,0.139817,0.128373
5696,1,0.230245,0.139833,0.12976
5697,1,0.05076,0.139818,0.128835
5698,1,0.127259,0.139815,0.128221
5699,1,0.170441,0.139821,0.128851
5700,1,0.087944,0.139812,0.128171
5701,1,0.197134,0.139822,0.129278
5702,1,0.097171,0.139814,0.128702
5703,1,0.10003,0.139807,0.128716
5704,1,0.119643,0.139804,0.128981
5705,1,0.115862,0.139799,0.128557
5706,1,0.14229,0.1398,0.128512
5707,1,0.117252,0.139796,0.128056
5708,1,0.253219,0.139816,0.129431
5709,1,0.115447,0.139812,0.129449
5710,1,0.138642,0.139811,0.129395
5711,1,0.119006,0.139808,0.129126
5712,1,0.115171,0.139803,0.128587
5713,1,0.1786,0.13981,0.128744
5714,1,0.142666,0.139811,0.12892
5715,1,0.114677,0.139806,0.128117
5716,1,0.173114,0.139812,0.129255
5717,1,0.144447,0.139813,0.129988
5718,1,0.057329,0.139799,0.128249
5719,1,0.084214,0.139789,0.128112
5720,1,0.203127,0.1398,0.128977
5721,1,0.115298,0.139796,0.129407
5722,1,0.12771,0.139793,0.129165
5723,1,0.138831,0.139793,0.129788
5724,1,0.187136,0.139802,0.130393
5725,1,0.138192,0.139801,0.130484
5726,1,0.126454,0.139799,0.130792
5727,1,0.077595,0.139788,0.130462
5728,1,0.062398,0.139775,0.13021
5729,1,0.079898,0.139764,0.130337
5730,1,0.112581,0.139759,0.130563
5731,1,0.10079,0.139753,0.130564
5732,1,0.113766,0.139748,0.130711
5733,1,0.098463,0.139741,0.130766
5734,1,0.227717,0.139756,0.132245
5735,1,0.097517,0.139749,0.131919
5736,1,0.136199,0.139748,0.132334
5737,1,0.062787,0.139735,0.131329
5738,1,0.151144,0.139737,0.131211
5739,1,0.170233,0.139742,0.131657
5740,1,0.154237,0.139745,0.13189
5741,1,0.085781,0.139735,0.13144
5742,1,0.076467,0.139724,0.130787
5743,1,0.103698,0.139718,0.130692
5744,1,0.035468,0.1397,0.12976
5745,1,0.118525,0.139696,0.130076
5746,1,0.1066,0.13969,0.129422
5747,1,0.072585,0.139679,0.128823
5748,1,0.141063,0.139679,0.1278
5749,1,0.097893,0.139672,0.127492
5750,1,0.110777,0.139667,0.127723
5751,1,0.095104,0.139659,0.127832
5752,1,0.085152,0.139649,0.127344
5753,1,0.129289,0.139648,0.127416
5754,1,0.110898,0.139643,0.126921
5755,1,0.179769,0.13965,0.127781
5756,1,0.0882,0.139641,0.12735
5757,1,0.136734,0.13964,0.12704
5758,1,0.076996,0.139629,0.126099
5759,1,0.065915,0.139616,0.124837
5760,1,0.138634,0.139616,0.124692
5761,1,0.15759,0.139619,0.125448
5762,1,0.110682,0.139614,0.125192
5763,1,0.131341,0.139613,0.125206
5764,1,0.08956,0.139604,0.125531
5765,1,0.127069,0.139602,0.125685
5766,1,0.099768,0.139595,0.124805
5767,1,0.073836,0.139584,0.124788
5768,1,0.188857,0.139592,0.1261
5769,1,0.209152,0.139604,0.126704
5770,1,0.136418,0.139604,0.127008
5771,1,0.083963,0.139594,0.125992
5772,1,0.134136,0.139593,0.126073
5773,1,0.143283,0.139594,0.126158
5774,1,0.134602,0.139593,0.125664
5775,1,0.109983,0.139588,0.125371
5776,1,0.056878,0.139574,0.124951
5777,1,0.076555,0.139563,0.12385
5778,1,0.109109,0.139557,0.122937
5779,1,0.106455,0.139552,0.122467
5780,1,0.117177,0.139548,0.122617
5781,1,0.121881,0.139545,0.122493
5782,1,0.125529,0.139542,0.123039
5783,1,0.095602,0.139535,0.122213
5784,1,0.126029,0.139532,0.122169
5785,1,0.130774,0.139531,0.121884
5786,1,0.175115,0.139537,0.121911
5787,1,0.183344,0.139545,0.122691
5788,1,0.114046,0.13954,0.121858
5789,1,0.128988,0.139538,0.121444
5790,1,0.145651,0.139539,0.12247
5791,1,0.185612,0.139547,0.123716
5792,1,0.143901,0.139548,0.124098
5793,1,0.051516,0.139533,0.123493
5794,1,0.114122,0.139529,0.123718
5795,1,0.12946,0.139527,0.122982
5796,1,0.09998,0.13952,0.121679
5797,1,0.229705,0.139536,0.123468
5798,1,0.161366,0.139539,0.12381
5799,1,0.053699,0.139524,0.122642
5800,1,0.085838,0.139515,0.122621
5801,1,0.180028,0.139522,0.12245
5802,1,0.091112,0.139514,0.122389
5803,1,0.110928,0.139509,0.122498
5804,1,0.202393,0.13952,0.123326
5805,1,0.091562,0.139512,0.123083
5806,1,0.145623,0.139513,0.123116
5807,1,0.081472,0.139503,0.122758
5808,1,0.088456,0.139494,0.121111
5809,1,0.143404,0.139494,0.12139
5810,1,0.1097,0.139489,0.121101
5811,1,0.115973,0.139485,0.121071
5812,1,0.168411,0.13949,0.121603
5813,1,0.102846,0.139484,0.120846
5814,1,0.121715,0.139481,0.120636
5815,1,0.151056,0.139483,0.121
5816,1,0.137799,0.139483,0.120647
5817,1,0.106921,0.139477,0.120271
5818,1,0.106311,0.139471,0.120761
5819,1,0.148685,0.139473,0.121406
5820,1,0.150929,0.139475,0.120884
5821,1,0.203758,0.139486,0.121769
5822,1,0.078534,0.139475,0.121277
5823,1,0.112197,0.139471,0.12101
5824,1,0.081439,0.139461,0.119953
5825,1,0.186726,0.139469,0.120439
5826,1,0.06094,0.139455,0.119784
5827,1,0.203596,0.139466,0.121044
5828,1,0.135033,0.139466,0.12177
5829,1,0.142225,0.139466,0.122393
5830,1,0.149496,0.139468,0.122762
5831,1,0.084384,0.139458,0.122598
5832,1,0.11466,0.139454,0.122607
5833,1,0.142222,0.139455,0.123045
5834,1,0.159881,0.139458,0.122367
5835,1,0.06753,0.139446,0.122067
5836,1,0.126964,0.139444,0.121974
5837,1,0.134533,0.139443,0.122692
5838,1,0.061365,0.139429,0.121794
5839,1,0.275704,0.139453,0.122849
5840,1,0.159777,0.139456,0.122904
5841,1,0.087968,0.139447,0.122926
5842,1,0.078688,0.139437,0.122948
5843,1,0.110816,0.139432,0.123019
5844,1,0.162011,0.139436,0.124285
5845,1,0.117751,0.139432,0.124277
5846,1,0.138317,0.139432,0.124594
5847,1,0.14482,0.139433,0.125317
5848,1,0.085094,0.139424,0.124757
5849,1,0.148252,0.139425,0.12526
5850,1,0.07856,0.139415,0.124938
5851,1,0.114869,0.139411,0.125136
5852,1,0.122635,0.139408,0.125511
5853,1,0.141744,0.139408,0.125635
5854,1,0.111068,0.139403,0.125637
5855,1,0.165003,0.139408,0.125489
5856,1,0.105069,0.139402,0.125658
5857,1,0.100547,0.139395,0.125296
5858,1,0.13905,0.139395,0.125917
5859,1,0.113585,0.139391,0.126393
5860,1,0.09305,0.139383,0.125938
5861,1,0.096156,0.139375,0.125323
5862,1,0.057372,0.139361,0.12479
5863,1,0.102452,0.139355,0.124501
5864,1,0.06098,0.139342,0.124215
5865,1,0.110566,0.139337,0.12405
5866,1,0.171621,0.139342,0.124769
5867,1,0.17493,0.139348,0.12578
5868,1,0.104276,0.139343,0.124934
5869,1,0.120935,0.139339,0.124052
5870,1,0.073421,0.139328,0.123422
5871,1,0.139383,0.139328,0.123976
5872,1,0.162333,0.139332,0.124258
5873,1,0.083956,0.139323,0.123665
5874,1,0.173494,0.139328,0.124054
5875,1,0.080945,0.139319,0.123763
5876,1,0.132105,0.139317,0.124516
5877,1,0.085375,0.139308,0.124604
5878,1,0.139221,0.139308,0.124905
5879,1,0.065269,0.139296,0.124493
5880,1,0.096862,0.139288,0.12429
5881,1,0.068017,0.139276,0.123751
5882,1,0.178595,0.139283,0.124282
5883,1,0.234838,0.139299,0.125674
5884,1,0.14838,0.139301,0.125898
5885,1,0.126036,0.139298,0.12585
5886,1,0.100701,0.139292,0.125106
5887,1,0.089456,0.139283,0.124167
5888,1,0.114487,0.139279,0.124172
5889,1,0.088322,0.13927,0.123765
5890,1,0.175831,0.139277,0.124067
5891,1,0.077856,0.139266,0.122989
5892,1,0.158472,0.13927,0.123135
5893,1,0.195719,0.139279,0.124577
5894,1,0.172138,0.139285,0.125157
5895,1,0.140439,0.139285,0.125267
5896,1,0.085583,0.139276,0.125123
5897,1,0.152019,0.139278,0.124346
5898,1,0.099053,0.139271,0.123723
5899,1,0.091631,0.139263,0.124102
5900,1,0.093986,0.139255,0.124184
5901,1,0.103791,0.139249,0.123422
5902,1,0.152884,0.139252,0.124039
5903,1,0.088027,0.139243,0.12381
5904,1,0.14853,0.139245,0.123272
5905,1,0.047123,0.139229,0.122827
5906,1,0.160302,0.139233,0.122974
5907,1,0.164033,0.139237,0.1238
5908,1,0.17881,0.139243,0.124703
5909,1,0.105926,0.139238,0.124328
5910,1,0.02601,0.139219,0.123492
5911,1,0.07813,0.139208,0.123113
5912,1,0.164554,0.139213,0.123075
5913,1,0.123618,0.13921,0.123282
5914,1,0.117126,0.139206,0.123236
5915,1,0.105697,0.139201,0.122783
5916,1,0.105802,0.139195,0.122463
5917,1,0.177741,0.139201,0.123171
5918,1,0.143482,0.139202,0.123543
5919,1,0.209112,0.139214,0.124147
5920,1,0.198052,0.139224,0.124618
5921,1,0.12634,0.139222,0.123844
5922,1,0.114356,0.139218,0.124202
5923,1,0.124567,0.139215,0.124326
5924,1,0.131545,0.139214,0.124827
5925,1,0.124591,0.139211,0.124206
5926,1,0.117396,0.139208,0.12477
5927,1,0.111498,0.139203,0.123849
5928,1,0.124925,0.139201,0.123748
5929,1,0.070749,0.139189,0.123033
5930,1,0.131905,0.139188,0.122857
5931,1,0.064546,0.139175,0.122659
5932,1,0.179401,0.139182,0.123307
5933,1,0.140604,0.139182,0.12329
5934,1,0.083401,0.139173,0.122526
5935,1,0.088243,0.139164,0.122733
5936,1,0.087099,0.139155,0.122334
5937,1,0.10418,0.13915,0.12203
5938,1,0.187658,0.139158,0.123293
5939,1,0.09549,0.13915,0.121491
5940,1,0.166575,0.139155,0.121559
5941,1,0.130258,0.139153,0.121982
5942,1,0.070219,0.139142,0.121897
5943,1,0.1285,0.13914,0.122074
5944,1,0.137638,0.13914,0.121831
5945,1,0.110543,0.139135,0.121758
5946,1,0.104759,0.139129,0.121423
5947,1,0.107008,0.139124,0.121045
5948,1,0.123604,0.139121,0.12143
5949,1,0.178068,0.139128,0.121728
5950,1,0.147817,0.139129,0.122421
5951,1,0.117702,0.139126,0.122449
5952,1,0.172473,0.139131,0.122947
5953,1,0.155866,0.139134,0.123089
5954,1,0.126962,0.139132,0.123247
5955,1,0.183934,0.13914,0.123437
5956,1,0.167349,0.139144,0.12406
5957,1,0.127981,0.139142,0.124334
5958,1,0.081037,0.139133,0.123754
5959,1,0.139836,0.139133,0.124016
5960,1,0.069318,0.139121,0.123779
5961,1,0.090987,0.139113,0.123727
5962,1,0.066233,0.139101,0.123816
5963,1,0.216074,0.139114,0.124952
5964,1,0.118113,0.13911,0.125523
5965,1,0.118753,0.139107,0.125605
5966,1,0.157257,0.13911,0.125462
5967,1,0.139176,0.13911,0.125104
5968,1,0.070216,0.139098,0.124764
5969,1,0.146493,0.139099,0.125019
5970,1,0.16522,0.139104,0.125937
5971,1,0.162656,0.139108,0.12617
5972,1,0.170355,0.139113,0.12625
5973,1,0.064366,0.1391,0.126054
5974,1,0.051727,0.139086,0.124837
5975,1,0.183561,0.139093,0.125863
5976,1,0.057648,0.13908,0.125118
5977,1,0.112424,0.139075,0.125389
5978,1,0.128613,0.139073,0.125283
5979,1,0.12132,0.139071,0.125843
5980,1,0.231538,0.139086,0.12719
5981,1,0.10477,0.13908,0.127557
5982,1,0.085583,0.139071,0.126627
5983,1,0.103655,0.139065,0.125315
5984,1,0.15109,0.139067,0.125342
5985,1,0.178862,0.139074,0.125871
5986,1,0.117227,0.13907,0.126036
5987,1,0.086497,0.139062,0.126006
5988,1,0.138246,0.139061,0.126244
5989,1,0.228263,0.139076,0.127643
5990,1,0.132726,0.139075,0.127212
5991,1,0.142889,0.139076,0.127863
5992,1,0.044144,0.13906,0.126719
5993,1,0.100208,0.139054,0.125764
5994,1,0.06967,0.139042,0.12474
5995,1,0.095757,0.139035,0.124293
5996,1,0.047835,0.13902,0.123915
5997,1,0.227267,0.139034,0.124668
5998,1,0.118235,0.139031,0.12486
5999,1,0.176993,0.139037,0.125713
6000,1,0.109921,0.139032,0.125873
6001,1,0.148519,0.139034,0.12632
6002,1,0.086861,0.139025,0.12566
6003,1,0.150564,0.139027,0.126285
6004,1,0.045486,0.139012,0.125255
6005,1,0.126124,0.139009,0.126045
6006,1,0.07807,0.138999,0.125222
6007,1,0.164684,0.139004,0.125229
6008,1,0.152456,0.139006,0.124965
6009,1,0.111915,0.139001,0.125025
6010,1,0.152054,0.139003,0.126286
6011,1,0.080342,0.138994,0.126308
6012,1,0.121387,0.138991,0.125876
6013,1,0.160283,0.138994,0.126243
6014,1,0.116175,0.13899,0.126233
6015,1,0.187644,0.138999,0.127053
6016,1,0.158707,0.139002,0.127582
6017,1,0.19392,0.139011,0.127743
6018,1,0.051124,0.138996,0.12682
6019,1,0.12128,0.138993,0.125942
6020,1,0.093055,0.138986,0.124892
6021,1,0.187034,0.138994,0.125499
6022,1,0.238736,0.13901,0.126742
6023,1,0.110372,0.139006,0.1266
6024,1,0.062763,0.138993,0.125913
6025,1,0.16122,0.138997,0.126279
6026,1,0.211476,0.139009,0.12722
6027,1,0.088752,0.139,0.126992
6028,1,0.119894,0.138997,0.126942
6029,1,0.066847,0.138985,0.126903
6030,1,0.118225,0.138982,0.126766
6031,1,0.125593,0.13898,0.127377
6032,1,0.103509,0.138974,0.126618
6033,1,0.059835,0.138961,0.12581
6034,1,0.144437,0.138961,0.12642
6035,1,0.114558,0.138957,0.126683
6036,1,0.079995,0.138948,0.126612
6037,1,0.080868,0.138938,0.126379
6038,1,0.163471,0.138942,0.126137
6039,1,0.093182,0.138934,0.126114
6040,1,0.168911,0.138939,0.126138
6041,1,0.088981,0.138931,0.125725
6042,1,0.127976,0.138929,0.126303
6043,1,0.223297,0.138943,0.127251
6044,1,0.084722,0.138934,0.126721
6045,1,0.109305,0.138929,0.126709
6046,1,0.201498,0.13894,0.127676
6047,1,0.153866,0.138942,0.128145
6048,1,0.212053,0.138954,0.129029
6049,1,0.120774,0.138951,0.128456
6050,1,0.074837,0.138941,0.127727
6051,1,0.127714,0.138939,0.127827
6052,1,0.05562,0.138925,0.126658
6053,1,0.135431,0.138925,0.126454
6054,1,0.085339,0.138916,0.126038
6055,1,0.179433,0.138922,0.125993
6056,1,0.178475,0.138929,0.126104
6057,1,0.094544,0.138922,0.12577
6058,1,0.138531,0.138922,0.126345
6059,1,0.092162,0.138914,0.125868
6060,1,0.168655,0.138919,0.126861
6061,1,0.113988,0.138915,0.127091
6062,1,0.13814,0.138914,0.12781
6063,1,0.096349,0.138907,0.126613
6064,1,0.12945,0.138906,0.126726
6065,1,0.123505,0.138903,0.126774
6066,1,0.073302,0.138893,0.125934
6067,1,0.10334,0.138887,0.125576
6068,1,0.106254,0.138881,0.125936
6069,1,0.133682,0.13888,0.125808
6070,1,0.124213,0.138878,0.125398
6071,1,0.129326,0.138876,0.125065
6072,1,0.182289,0.138884,0.125184
6073,1,0.135804,0.138883,0.125899
6074,1,0.106576,0.138878,0.126447
6075,1,0.101404,0.138872,0.125625
6076,1,0.149419,0.138873,0.126543
6077,1,0.087157,0.138865,0.126291
6078,1,0.137845,0.138865,0.126383
6079,1,0.111159,0.13886,0.126281
6080,1,0.078081,0.13885,0.124747
6081,1,0.074755,0.13884,0.124446
6082,1,0.04866,0.138825,0.124077
6083,1,0.090438,0.138817,0.123945
6084,1,0.092126,0.138809,0.123355
6085,1,0.106091,0.138804,0.122628
6086,1,0.202061,0.138814,0.123476
6087,1,0.130475,0.138813,0.123916
6088,1,0.098508,0.138806,0.123518
6089,1,0.079088,0.138796,0.122027
6090,1,0.136931,0.138796,0.122069
6091,1,0.118755,0.138793,0.121827
6092,1,0.145566,0.138794,0.122842
6093,1,0.157865,0.138797,0.123418
6094,1,0.152498,0.138799,0.124246
6095,1,0.091054,0.138791,0.124199
6096,1,0.155717,0.138794,0.125278
6097,1,0.179823,0.138801,0.124804
6098,1,0.124416,0.138799,0.124866
6099,1,0.110385,0.138794,0.1242
6100,1,0.174677,0.1388,0.124847
6101,1,0.131908,0.138799,0.124681
6102,1,0.100479,0.138792,0.124817
6103,1,0.048172,0.138778,0.123793
6104,1,0.0929,0.13877,0.124267
6105,1,0.133668,0.138769,0.124343
6106,1,0.109805,0.138764,0.12466
6107,1,0.114273,0.13876,0.124156
6108,1,0.130069,0.138759,0.123932
6109,1,0.08892,0.138751,0.123702
6110,1,0.1523,0.138753,0.123705
6111,1,0.101518,0.138747,0.123916
6112,1,0.157551,0.13875,0.124278
6113,1,0.110082,0.138745,0.123776
6114,1,0.121465,0.138743,0.123829
6115,1,0.1892,0.138751,0.123845
6116,1,0.065778,0.138739,0.122915
6117,1,0.076399,0.138729,0.12174
6118,1,0.106927,0.138723,0.122298
6119,1,0.086011,0.138715,0.121945
6120,1,0.040852,0.138699,0.121423
6121,1,0.170621,0.138704,0.121259
6122,1,0.10158,0.138698,0.119888
6123,1,0.102184,0.138692,0.119806
6124,1,0.165011,0.138696,0.120828
6125,1,0.105323,0.138691,0.120269
6126,1,0.065549,0.138679,0.11881
6127,1,0.117578,0.138675,0.119098
6128,1,0.09448,0.138668,0.118844
6129,1,0.115862,0.138665,0.119334
6130,1,0.066105,0.138653,0.118813
6131,1,0.17786,0.138659,0.119336
6132,1,0.06717,0.138647,0.118972
6133,1,0.102037,0.138641,0.119394
6134,1,0.169236,0.138646,0.119642
6135,1,0.152032,0.138649,0.120017
6136,1,0.107693,0.138644,0.120294
6137,1,0.078666,0.138634,0.120272
6138,1,0.12329,0.138631,0.11987
6139,1,0.144479,0.138632,0.120383
6140,1,0.178846,0.138639,0.120483
6141,1,0.118669,0.138636,0.12078
6142,1,0.077441,0.138626,0.120274
6143,1,0.074835,0.138615,0.11879
6144,1,0.13825,0.138615,0.119325
6145,1,0.102266,0.138609,0.119254
6146,1,0.132377,0.138608,0.118563
6147,1,0.094041,0.138601,0.117965
6148,1,0.082928,0.138592,0.116674
6149,1,0.117861,0.138589,0.116645
6150,1,0.103873,0.138583,0.116935
6151,1,0.133335,0.138582,0.116991
6152,1,0.051791,0.138568,0.116953
6153,1,0.064507,0.138556,0.116244
6154,1,0.088983,0.138548,0.11628
6155,1,0.134477,0.138547,0.115831
6156,1,0.071273,0.138536,0.114758
6157,1,0.075001,0.138526,0.114563
6158,1,0.136226,0.138526,0.11454
6159,1,0.202183,0.138536,0.11564
6160,1,0.121463,0.138533,0.115168
6161,1,0.072794,0.138522,0.114756
6162,1,0.260321,0.138542,0.115978
6163,1,0.094927,0.138535,0.115964
6164,1,0.094365,0.138528,0.115613
6165,1,0.127454,0.138526,0.115653
6166,1,0.055786,0.138513,0.115477
6167,1,0.14914,0.138515,0.115935
6168,1,0.171044,0.13852,0.116583
6169,1,0.079592,0.13851,0.116042
6170,1,0.173083,0.138516,0.116531
6171,1,0.134161,0.138515,0.116579
6172,1,0.095336,0.138508,0.11571
6173,1,0.100904,0.138502,0.115361
6174,1,0.080982,0.138493,0.115105
6175,1,0.09356,0.138485,0.115027
6176,1,0.092102,0.138478,0.114453
6177,1,0.137415,0.138478,0.114956
6178,1,0.075299,0.138468,0.114331
6179,1,0.092562,0.13846,0.114145
6180,1,0.061045,0.138448,0.113974
6181,1,0.097552,0.138441,0.114202
6182,1,0.090374,0.138433,0.114619
6183,1,0.166929,0.138438,0.115384
6184,1,0.118,0.138435,0.115643
6185,1,0.075749,0.138424,0.11534
6186,1,0.169434,0.138429,0.115013
6187,1,0.164953,0.138434,0.115358
6188,1,0.11444,0.13843,0.115517
6189,1,0.138342,0.13843,0.11611
6190,1,0.098004,0.138423,0.115721
6191,1,0.254112,0.138442,0.117074
6192,1,0.095703,0.138435,0.116576
6193,1,0.06768,0.138424,0.115674
6194,1,0.109331,0.138419,0.115242
6195,1,0.164527,0.138423,0.115977
6196,1,0.136227,0.138423,0.115782
6197,1,0.134857,0.138422,0.115332
6198,1,0.141765,0.138423,0.115506
6199,1,0.095161,0.138416,0.115353
6200,1,0.14897,0.138417,0.115096
6201,1,0.121564,0.138415,0.114993
6202,1,0.121217,0.138412,0.1152
6203,1,0.161075,0.138416,0.116329
6204,1,0.11968,0.138413,0.116597
6205,1,0.156168,0.138415,0.116822
6206,1,0.162004,0.138419,0.117344
6207,1,0.084001,0.138411,0.117041
6208,1,0.206225,0.138421,0.117803
6209,1,0.102229,0.138416,0.117936
6210,1,0.117587,0.138412,0.117589
6211,1,0.07264,0.138402,0.1173
6212,1,0.123167,0.138399,0.116956
6213,1,0.218922,0.138412,0.118045
6214,1,0.12318,0.13841,0.118062
6215,1,0.098326,0.138403,0.117153
6216,1,0.062015,0.138391,0.117116
6217,1,0.081603,0.138382,0.117168
6218,1,0.065618,0.13837,0.116754
6219,1,0.054082,0.138357,0.116435
6220,1,0.157357,0.13836,0.1176
6221,1,0.092725,0.138352,0.116821
6222,1,0.07209,0.138342,0.116526
6223,1,0.042976,0.138336,0.115934
6224,2,0.109522,0.109522,0.115379
6225,2,0.116761,0.113141,0.115494
6226,2,0.115947,0.114077,0.115998
6227,2,0.12461,0.11671,0.116068
6228,2,0.162993,0.125967,0.116753
6229,2,0.096179,0.121002,0.116556
6230,2,0.13641,0.123203,0.117259
6231,2,0.106386,0.121101,0.116545
6232,2,0.079014,0.116425,0.116663
6233,2,0.123321,0.117114,0.116876
6234,2,0.121741,0.117535,0.116401
6235,2,0.076927,0.114151,0.11565
6236,2,0.175088,0.118838,0.116324
6237,2,0.107147,0.118003,0.116609
6238,2,0.113782,0.117722,0.116514
6239,2,0.114342,0.117511,0.116212
6240,2,0.157415,0.119858,0.115998
6241,2,0.101829,0.118856,0.11583
6242,2,0.191674,0.122689,0.116972
6243,2,0.144529,0.123781,0.117669
6244,2,0.260772,0.130304,0.118894
6245,2,0.094634,0.128683,0.118818
6246,2,0.08954,0.126981,0.118389
6247,2,0.112227,0.126366,0.118571
6248,2,0.132341,0.126605,0.119065
6249,2,0.152982,0.12762,0.119417
6250,2,0.086208,0.126086,0.11924
6251,2,0.088055,0.124728,0.118787
6252,2,0.087743,0.123452,0.119147
6253,2,0.134251,0.123812,0.119844
6254,2,0.098251,0.122988,0.119937
6255,2,0.201101,0.125429,0.120603
6256,2,0.060833,0.123471,0.120499
6257,2,0.130754,0.123686,0.121056
6258,2,0.1944,0.125706,0.121638
6259,2,0.134196,0.125942,0.120958
6260,2,0.14887,0.126561,0.121232
6261,2,0.11017,0.12613,0.121606
6262,2,0.135137,0.126361,0.120354
6263,2,0.104686,0.125819,0.120452
6264,2,0.18678,0.127306,0.121376
6265,2,0.078757,0.12615,0.120889
6266,2,0.152633,0.126766,0.121857
6267,2,0.077035,0.125636,0.121136
6268,2,0.087957,0.124798,0.120305
6269,2,0.081322,0.123853,0.120323
6270,2,0.088352,0.123098,0.119475
6271,2,0.111094,0.122848,0.119245
6272,2,0.175697,0.123926,0.120048
6273,2,0.106013,0.123568,0.120099
6274,2,0.150054,0.124087,0.12079
6275,2,0.062179,0.122897,0.120476
6276,2,0.137876,0.12318,0.120934
6277,2,0.095256,0.122662,0.120512
6278,2,0.104247,0.122328,0.120802
6279,2,0.117443,0.12224,0.121051
6280,2,0.149028,0.12271,0.121931
6281,2,0.066782,0.121746,0.121623
6282,2,0.12757,0.121845,0.121995
6283,2,0.104219,0.121551,0.121368
6284,2,0.118746,0.121505,0.121375
6285,2,0.166234,0.122226,0.12228
6286,2,0.105153,0.121955,0.121637
6287,2,0.100895,0.121626,0.120997
6288,2,0.172902,0.122415,0.121581
6289,2,0.168036,0.123106,0.121878
6290,2,0.06972,0.12231,0.121595
6291,2,0.096602,0.121932,0.12002
6292,2,0.091489,0.12149,0.119978
6293,2,0.085961,0.120983,0.120161
6294,2,0.168854,0.121657,0.120756
6295,2,0.243971,0.123356,0.121551
6296,2,0.114576,0.123236,0.121334
6297,2,0.111293,0.123074,0.121098
6298,2,0.151408,0.123452,0.121195
6299,2,0.131946,0.123564,0.121563
6300,2,0.077037,0.12296,0.120843
6301,2,0.201097,0.123961,0.121639
6302,2,0.111241,0.1238,0.121539
6303,2,0.185275,0.124569,0.121781
6304,2,0.077858,0.123992,0.121363
6305,2,0.145641,0.124256,0.121257
6306,2,0.187514,0.125018,0.121513
6307,2,0.107168,0.124806,0.121744
6308,2,0.110613,0.124639,0.120788
6309,2,0.090793,0.124245,0.120674
6310,2,0.075515,0.123685,0.120253
6311,2,0.095403,0.123364,0.120481
6312,2,0.115175,0.123272,0.120401
6313,2,0.079029,0.12278,0.119002
6314,2,0.144376,0.123017,0.119214
6315,2,0.127345,0.123064,0.119504
6316,2,0.20494,0.123945,0.120933
6317,2,0.195908,0.12471,0.122076
6318,2,0.123075,0.124693,0.122651
6319,2,0.098392,0.124419,0.123094
6320,2,0.167749,0.124866,0.123198
6321,2,0.099894,0.124611,0.123269
6322,2,0.124156,0.124606,0.12379
6323,2,0.129042,0.124651,0.124651
6324,2,0.100993,0.124417,0.124566
6325,2,0.070322,0.123886,0.124101
6326,2,0.157406,0.124212,0.124516
6327,2,0.072867,0.123718,0.123998
6328,2,0.168282,0.124142,0.124051
6329,2,0.18867,0.124751,0.124976
6330,2,0.316027,0.126539,0.126772
6331,2,0.097172,0.126267,0.12668
6332,2,0.086411,0.125901,0.126754
6333,2,0.199406,0.126569,0.127515
6334,2,0.155889,0.126834,0.127856
6335,2,0.100595,0.126599,0.128093
6336,2,0.137606,0.126697,0.127718
6337,2,0.152255,0.126921,0.128169
6338,2,0.135709,0.126997,0.128389
6339,2,0.047432,0.126311,0.12772
6340,2,0.107642,0.126152,0.127222
6341,2,0.050823,0.125513,0.126712
6342,2,0.205181,0.126183,0.126847
6343,2,0.063176,0.125658,0.126033
6344,2,0.08575,0.125328,0.124283
6345,2,0.129425,0.125362,0.124631
6346,2,0.104871,0.125195,0.124784
6347,2,0.14159,0.125327,0.125078
6348,2,0.075863,0.124932,0.124513
6349,2,0.11105,0.124821,0.124094
6350,2,0.131098,0.124871,0.124543
6351,2,0.134884,0.124949,0.125011
6352,2,0.16898,0.12529,0.125823
6353,2,0.060273,0.12479,0.125084
6354,2,0.098543,0.12459,0.125087
6355,2,0.099013,0.124396,0.124066
6356,2,0.114757,0.124324,0.124605
6357,2,0.049228,0.123763,0.12379
6358,2,0.113441,0.123687,0.12298
6359,2,0.057595,0.123201,0.122214
6360,2,0.115832,0.123147,0.121884
6361,2,0.14371,0.123296,0.122219
6362,2,0.112995,0.123222,0.121998
6363,2,0.161439,0.123495,0.122565
6364,2,0.112418,0.123416,0.121822
6365,2,0.130072,0.123463,0.122335
6366,2,0.080958,0.123166,0.121618
6367,2,0.113015,0.123095,0.121978
6368,2,0.083585,0.122823,0.121934
6369,2,0.073257,0.122483,0.121853
6370,2,0.105334,0.122367,0.122023
6371,2,0.153566,0.122578,0.122448
6372,2,0.231577,0.123309,0.123007
6373,2,0.143488,0.123444,0.123381
6374,2,0.16012,0.123687,0.123482
6375,2,0.13732,0.123776,0.124234
6376,2,0.121151,0.123759,0.124066
6377,2,0.145743,0.123902,0.124571
6378,2,0.123991,0.123902,0.124769
6379,2,0.059043,0.123487,0.124185
6380,2,0.092844,0.123291,0.123623
6381,2,0.06889,0.122947,0.123644
6382,2,0.200198,0.123433,0.12437
6383,2,0.085541,0.123196,0.124183
6384,2,0.10162,0.123062,0.124012
6385,2,0.158655,0.123282,0.123936
6386,2,0.110038,0.123201,0.123985
6387,2,0.134948,0.123272,0.124326
6388,2,0.059614,0.122886,0.123193
6389,2,0.150635,0.123054,0.123019
6390,2,0.141476,0.123164,0.123736
6391,2,0.122429,0.12316,0.123995
6392,2,0.087282,0.122947,0.123953
6393,2,0.111166,0.122878,0.124205
6394,2,0.06027,0.122512,0.123119
6395,2,0.10331,0.1224,0.121712
6396,2,0.287398,0.123354,0.12344
6397,2,0.135296,0.123423,0.12368
6398,2,0.177273,0.12373,0.123939
6399,2,0.115662,0.123684,0.123776
6400,2,0.110664,0.123611,0.124112
6401,2,0.099523,0.123476,0.123097
6402,2,0.182272,0.123804,0.123807
6403,2,0.11309,0.123745,0.123085
6404,2,0.08477,0.123529,0.123154
6405,2,0.105357,0.123429,0.122751
6406,2,0.085898,0.123224,0.121735
6407,2,0.086071,0.123022,0.121524
6408,2,0.196809,0.123421,0.122386
6409,2,0.110239,0.12335,0.122581
6410,2,0.146608,0.123475,0.123292
6411,2,0.096319,0.12333,0.123301
6412,2,0.060265,0.122997,0.122752
6413,2,0.071863,0.122727,0.12268
6414,2,0.099269,0.122605,0.122229
6415,2,0.127569,0.12263,0.122231
6416,2,0.222453,0.123148,0.122406
6417,2,0.133774,0.123202,0.121785
6418,2,0.110998,0.12314,0.121664
6419,2,0.089386,0.122968,0.121574
6420,2,0.149298,0.123101,0.12139
6421,2,0.1723,0.12335,0.122114
6422,2,0.131216,0.123389,0.122184
6423,2,0.114252,0.123344,0.122036
6424,2,0.099986,0.123227,0.122026
6425,2,0.059773,0.122913,0.121921
6426,2,0.230773,0.123445,0.122655
6427,2,0.126669,0.12346,0.123193
6428,2,0.099518,0.123344,0.122505
6429,2,0.085055,0.123158,0.121469
6430,2,0.068793,0.122895,0.118996
6431,2,0.076815,0.122674,0.118793
6432,2,0.09907,0.122561,0.118919
6433,2,0.176844,0.122819,0.118694
6434,2,0.085258,0.122641,0.117988
6435,2,0.141232,0.122729,0.118394
6436,2,0.182506,0.123009,0.118843
6437,2,0.203859,0.123387,0.119359
6438,2,0.136166,0.123447,0.119364
6439,2,0.158637,0.12361,0.120476
6440,2,0.153061,0.123745,0.12093
6441,2,0.13688,0.123806,0.12179
6442,2,0.128181,0.123826,0.12102
6443,2,0.06466,0.123557,0.121035
6444,2,0.080466,0.123362,0.120982
6445,2,0.088032,0.123203,0.120568
6446,2,0.259404,0.123813,0.122114
6447,2,0.161559,0.123982,0.122313
6448,2,0.130845,0.124012,0.122863
6449,2,0.081333,0.123823,0.122566
6450,2,0.164577,0.124003,0.122901
6451,2,0.130064,0.12403,0.122853
6452,2,0.086215,0.123864,0.122025
6453,2,0.095323,0.12374,0.122376
6454,2,0.107163,0.123669,0.122462
6455,2,0.083376,0.123495,0.122305
6456,2,0.158814,0.123647,0.122746
6457,2,0.111914,0.123596,0.123373
6458,2,0.107466,0.123528,0.123313
6459,2,0.13301,0.123568,0.124067
6460,2,0.077479,0.123373,0.123684
6461,2,0.135156,0.123423,0.123598
6462,2,0.11469,0.123386,0.123615
6463,2,0.210987,0.123751,0.124111
6464,2,0.163267,0.123915,0.124619
6465,2,0.088741,0.12377,0.124206
6466,2,0.095082,0.123652,0.124347
6467,2,0.107194,0.123585,0.124289
6468,2,0.093643,0.123462,0.124389
6469,2,0.136243,0.123514,0.125019
6470,2,0.157445,0.123652,0.12554
6471,2,0.139098,0.123714,0.125396
6472,2,0.084483,0.123556,0.123925
6473,2,0.073999,0.123358,0.12323
6474,2,0.123011,0.123357,0.122859
6475,2,0.21225,0.123709,0.123608
6476,2,0.196292,0.123996,0.124359
6477,2,0.157445,0.124128,0.124476
6478,2,0.196952,0.124414,0.125206
6479,2,0.140775,0.124478,0.126023
6480,2,0.105132,0.124402,0.126146
6481,2,0.135242,0.124444,0.12681
6482,2,0.055349,0.124178,0.125361
6483,2,0.19923,0.124466,0.126498
6484,2,0.103828,0.124387,0.12652
6485,2,0.105839,0.124316,0.125992
6486,2,0.093823,0.1242,0.12583
6487,2,0.132227,0.124231,0.125803
6488,2,0.188821,0.124475,0.127095
6489,2,0.102957,0.124394,0.126618
6490,2,0.171664,0.124571,0.12692
6491,2,0.110273,0.124517,0.126798
6492,2,0.141118,0.124579,0.127337
6493,2,0.121981,0.124569,0.127445
6494,2,0.119128,0.124549,0.128033
6495,2,0.131762,0.124576,0.128318
6496,2,0.125824,0.12458,0.126702
6497,2,0.119207,0.124561,0.126541
6498,2,0.132272,0.124589,0.126091
6499,2,0.166827,0.124742,0.126603
6500,2,0.158525,0.124864,0.127082
6501,2,0.044022,0.124573,0.126527
6502,2,0.088953,0.124445,0.125593
6503,2,0.148036,0.12453,0.125943
6504,2,0.109331,0.124476,0.126188
6505,2,0.073433,0.124295,0.125869
6506,2,0.166405,0.124443,0.126674
6507,2,0.063578,0.124229,0.126449
6508,2,0.09558,0.124129,0.125437
6509,2,0.043213,0.123846,0.124767
6510,2,0.059817,0.123622,0.123899
6511,2,0.172732,0.123793,0.124663
6512,2,0.153801,0.123897,0.125598
6513,2,0.048751,0.123638,0.125367
6514,2,0.082818,0.123497,0.125203
6515,2,0.067262,0.123305,0.1246
6516,2,0.143571,0.123374,0.123811
6517,2,0.110355,0.12333,0.123577
6518,2,0.113293,0.123296,0.1236
6519,2,0.112809,0.12326,0.123834
6520,2,0.076694,0.123104,0.123108
6521,2,0.150766,0.123196,0.122892
6522,2,0.133325,0.12323,0.122914
6523,2,0.138415,0.123281,0.123155
6524,2,0.102317,0.123211,0.123178
6525,2,0.117313,0.123192,0.123754
6526,2,0.08123,0.123053,0.122258
6527,2,0.116642,0.123032,0.122158
6528,2,0.076343,0.122879,0.121926
6529,2,0.139267,0.122933,0.122469
6530,2,0.065791,0.122746,0.122439
6531,2,0.081602,0.122613,0.122486
6532,2,0.223871,0.122941,0.123734
6533,2,0.193727,0.123169,0.123903
6534,2,0.129785,0.12319,0.124349
6535,2,0.097319,0.123107,0.123909
6536,2,0.09123,0.123005,0.122997
6537,2,0.092723,0.122909,0.121885
6538,2,0.121963,0.122906,0.121743
6539,2,0.282761,0.123412,0.122984
6540,2,0.119583,0.1234,0.12265
6541,2,0.081264,0.123267,0.122094
6542,2,0.109192,0.123223,0.121904
6543,2,0.116542,0.123202,0.122422
6544,2,0.102962,0.123139,0.122647
6545,2,0.105084,0.123083,0.122818
6546,2,0.075732,0.122936,0.120981
6547,2,0.087036,0.122826,0.120236
6548,2,0.102045,0.122762,0.119948
6549,2,0.150102,0.122846,0.120636
6550,2,0.15477,0.122943,0.120538
6551,2,0.141625,0.123,0.120653
6552,2,0.261334,0.123421,0.122404
6553,2,0.109339,0.123378,0.122545
6554,2,0.117613,0.123361,0.122649
6555,2,0.092363,0.123267,0.122739
6556,2,0.088456,0.123163,0.122035
6557,2,0.065673,0.122991,0.121573
6558,2,0.147875,0.123065,0.121977
6559,2,0.103969,0.123008,0.121687
6560,2,0.107937,0.122963,0.121991
6561,2,0.164674,0.123087,0.122286
6562,2,0.134374,0.12312,0.122483
6563,2,0.07642,0.122983,0.121138
6564,2,0.077817,0.12285,0.120283
6565,2,0.144135,0.122912,0.120837
6566,2,0.174429,0.123063,0.12163
6567,2,0.082359,0.122944,0.121382
6568,2,0.106348,0.122896,0.121509
6569,2,0.100041,0.12283,0.121147
6570,2,0.106597,0.122783,0.120639
6571,2,0.087376,0.122682,0.120121
6572,2,0.218774,0.122957,0.121464
6573,2,0.141902,0.123011,0.122143
6574,2,0.234418,0.123328,0.123257
6575,2,0.089671,0.123233,0.122032
6576,2,0.115893,0.123212,0.121228
6577,2,0.103469,0.123156,0.120688
6578,2,0.140849,0.123206,0.120127
6579,2,0.106032,0.123158,0.119779
6580,2,0.069741,0.123008,0.119426
6581,2,0.123174,0.123009,0.119305
6582,2,0.138516,0.123052,0.120137
6583,2,0.084961,0.122946,0.118994
6584,2,0.070077,0.1228,0.118656
6585,2,0.088381,0.122705,0.118482
6586,2,0.074449,0.122572,0.118288
6587,2,0.086081,0.122471,0.117827
6588,2,0.119285,0.122463,0.117131
6589,2,0.076644,0.122337,0.116868
6590,2,0.070774,0.122197,0.115859
6591,2,0.102133,0.122142,0.115778
6592,2,0.1002,0.122083,0.115369
6593,2,0.124896,0.122091,0.115398
6594,2,0.067735,0.121944,0.114884
6595,2,0.142836,0.122,0.114995
6596,2,0.104812,0.121954,0.114784
6597,2,0.184716,0.122122,0.11544
6598,2,0.073185,0.121991,0.114849
6599,2,0.167726,0.122113,0.114858
6600,2,0.109393,0.122079,0.114366
6601,2,0.090097,0.121995,0.114827
6602,2,0.131637,0.12202,0.115254
6603,2,0.111346,0.121992,0.114887
6604,2,0.142796,0.122047,0.115222
6605,2,0.12269,0.122048,0.115714
6606,2,0.175302,0.122187,0.115803
6607,2,0.127458,0.122201,0.116442
6608,2,0.183494,0.12236,0.117321
6609,2,0.185208,0.122523,0.118741
6610,2,0.09224,0.122445,0.119065
6611,2,0.131968,0.122469,0.118658
6612,2,0.173664,0.122601,0.118856
6613,2,0.131201,0.122623,0.119681
6614,2,0.115622,0.122605,0.120009
6615,2,0.117039,0.122591,0.120507
6616,2,0.150144,0.122661,0.120572
6617,2,0.161547,0.12276,0.121084
6618,2,0.133871,0.122788,0.12129
6619,2,0.153469,0.122865,0.121697
6620,2,0.134183,0.122894,0.122272
6621,2,0.068673,0.122758,0.121451
6622,2,0.152334,0.122832,0.121641
6623,2,0.087489,0.122743,0.121131
6624,2,0.064693,0.122599,0.120755
6625,2,0.075703,0.122482,0.120339
6626,2,0.105927,0.122441,0.120586
6627,2,0.090972,0.122363,0.120329
6628,2,0.129668,0.122381,0.120863
6629,2,0.195034,0.12256,0.12142
6630,2,0.112386,0.122535,0.121886
6631,2,0.09399,0.122465,0.12201
6632,2,0.091976,0.122391,0.120691
6633,2,0.057191,0.122232,0.119326
6634,2,0.099935,0.122177,0.119027
6635,2,0.075093,0.122063,0.118805
6636,2,0.165397,0.122168,0.119547
6637,2,0.045145,0.121982,0.119071
6638,2,0.158005,0.122069,0.119431
6639,2,0.073269,0.121951,0.117336
6640,2,0.116741,0.121939,0.117308
6641,2,0.136938,0.121975,0.117865
6642,2,0.128727,0.121991,0.11806
6643,2,0.072393,0.121873,0.117619
6644,2,0.154373,0.12195,0.118133
6645,2,0.175799,0.122078,0.11884
6646,2,0.102417,0.122031,0.119107
6647,2,0.118865,0.122024,0.119425
6648,2,0.058087,0.121873,0.118985
6649,2,0.112805,0.121852,0.118612
6650,2,0.097561,0.121795,0.11804
6651,2,0.096522,0.121736,0.117589
6652,2,0.098234,0.121681,0.115958
6653,2,0.131374,0.121704,0.116179
6654,2,0.090068,0.12163,0.115903
6655,2,0.206551,0.121827,0.117045
6656,2,0.187162,0.121978,0.118032
6657,2,0.195995,0.122148,0.119335
6658,2,0.134977,0.122178,0.119206
6659,2,0.112438,0.122156,0.119291
6660,2,0.215474,0.122369,0.120366
6661,2,0.085928,0.122286,0.119579
6662,2,0.18906,0.122438,0.120126
6663,2,0.106361,0.122401,0.120425
6664,2,0.07905,0.122303,0.120438
6665,2,0.100478,0.122254,0.120001
6666,2,0.122148,0.122254,0.119478
6667,2,0.105646,0.122216,0.119711
6668,2,0.133527,0.122242,0.119983
6669,2,0.149084,0.122302,0.120473
6670,2,0.164592,0.122396,0.121053
6671,2,0.167259,0.122496,0.121852
6672,2,0.117439,0.122485,0.120839
6673,2,0.172624,0.122597,0.121146
6674,2,0.256735,0.122894,0.121369
6675,2,0.109731,0.122865,0.12157
6676,2,0.08538,0.122782,0.121265
6677,2,0.086505,0.122702,0.121095
6678,2,0.088108,0.122626,0.120568
6679,2,0.124306,0.12263,0.12075
6680,2,0.089428,0.122557,0.120947
6681,2,0.087163,0.12248,0.120587
6682,2,0.053506,0.12233,0.119737
6683,2,0.13191,0.122351,0.120206
6684,2,0.0757,0.122249,0.120263
6685,2,0.165209,0.122342,0.121031
6686,2,0.084127,0.12226,0.121128
6687,2,0.076852,0.122162,0.121035
6688,2,0.142522,0.122206,0.121268
6689,2,0.074849,0.122104,0.12125
6690,2,0.119112,0.122098,0.121733
6691,2,0.157245,0.122173,0.122284
6692,2,0.125098,0.122179,0.122533
6693,2,0.135628,0.122208,0.122641
6694,2,0.062338,0.122081,0.122587
6695,2,0.078484,0.121988,0.121943
6696,2,0.140957,0.122028,0.122305
6697,2,0.105886,0.121994,0.121516
6698,2,0.120841,0.121992,0.121993
6699,2,0.078196,0.1219,0.121098
6700,2,0.067341,0.121785,0.120677
6701,2,0.14277,0.121829,0.121204
6702,2,0.111791,0.121808,0.121005
6703,2,0.096689,0.121756,0.120859
6704,2,0.115134,0.121742,0.120582
6705,2,0.166551,0.121835,0.121021
6706,2,0.136847,0.121866,0.120636
6707,2,0.074807,0.121769,0.12011
6708,2,0.134819,0.121796,0.119623
6709,2,0.059337,0.121667,0.118364
6710,2,0.135724,0.121696,0.118799
6711,2,0.081302,0.121614,0.118292
6712,2,0.03936,0.121445,0.116949
6713,2,0.088265,0.121378,0.11652
6714,2,0.099671,0.121333,0.116361
6715,2,0.168606,0.121429,0.116876
6716,2,0.067001,0.121319,0.116045
6717,2,0.125645,0.121328,0.115686
6718,2,0.134664,0.121355,0.115694
6719,2,0.13573,0.121384,0.115516
6720,2,0.214114,0.12157,0.116316
6721,2,0.127023,0.121581,0.116899
6722,2,0.198868,0.121736,0.117364
6723,2,0.25028,0.121993,0.118992
6724,2,0.050511,0.121851,0.11885
6725,2,0.041418,0.12169,0.118508
6726,2,0.117668,0.121682,0.118625
6727,2,0.074222,0.121588,0.118458
6728,2,0.25662,0.121856,0.119727
6729,2,0.06312,0.121739,0.118408
6730,2,0.085042,0.121667,0.118134
6731,2,0.233244,0.121887,0.119527
6732,2,0.073476,0.121792,0.119342
6733,2,0.237974,0.122019,0.12115
6734,2,0.098331,0.121973,0.121134
6735,2,0.122747,0.121975,0.12161
6736,2,0.075203,0.121883,0.120708
6737,2,0.172219,0.121981,0.121979
6738,2,0.118944,0.121975,0.121589
6739,2,0.062813,0.121861,0.121484
6740,2,0.084545,0.121789,0.121162
6741,2,0.090964,0.121729,0.120702
6742,2,0.155218,0.121794,0.120967
6743,2,0.125133,0.1218,0.121495
6744,2,0.118825,0.121794,0.121139
6745,2,0.160771,0.121869,0.120989
6746,2,0.124426,0.121874,0.121209
6747,2,0.123904,0.121878,0.121259
6748,2,0.10988,0.121855,0.121777
6749,2,0.14539,0.1219,0.122103
6750,2,0.067036,0.121796,0.121798
6751,2,0.149445,0.121848,0.122327
6752,2,0.082269,0.121773,0.122167
6753,2,0.162834,0.121851,0.122482
6754,2,0.07013,0.121753,0.122283
6755,2,0.137122,0.121782,0.121588
6756,2,0.210718,0.121949,0.121824
6757,2,0.089946,0.121889,0.120763
6758,2,0.156727,0.121954,0.120981
6759,2,0.152217,0.122011,0.121379
6760,2,0.08139,0.121935,0.120038
6761,2,0.167125,0.122019,0.12085
6762,2,0.141517,0.122055,0.120374
6763,2,0.088762,0.121993,0.120198
6764,2,0.106132,0.121964,0.120469
6765,2,0.045015,0.121822,0.119915
6766,2,0.080347,0.121746,0.119497
6767,2,0.073964,0.121658,0.11918
6768,2,0.103707,0.121625,0.118882
6769,2,0.068699,0.121528,0.118078
6770,2,0.22609,0.121719,0.118693
6771,2,0.109108,0.121696,0.118111
6772,2,0.096555,0.12165,0.117902
6773,2,0.107792,0.121625,0.117254
6774,2,0.157694,0.121691,0.116264
6775,2,0.168203,0.121775,0.116848
6776,2,0.061736,0.121666,0.116612
6777,2,0.07504,0.121582,0.116497
6778,2,0.141783,0.121619,0.117034
6779,2,0.129691,0.121633,0.117088
6780,2,0.091699,0.121579,0.117111
6781,2,0.086839,0.121517,0.117107
6782,2,0.145079,0.121559,0.118023
6783,2,0.1295,0.121573,0.117999
6784,2,0.145501,0.121616,0.118697
6785,2,0.108353,0.121593,0.118128
6786,2,0.096706,0.121548,0.118254
6787,2,0.166605,0.121628,0.119152
6788,2,0.203961,0.121774,0.119766
6789,2,0.181716,0.12188,0.120835
6790,2,0.144092,0.121919,0.121085
6791,2,0.127942,0.12193,0.120792
6792,2,0.069952,0.121838,0.12024
6793,2,0.098674,0.121798,0.119871
6794,2,0.131323,0.121814,0.12056
6795,2,0.071737,0.121727,0.120493
6796,2,0.147244,0.121771,0.120556
6797,2,0.198349,0.121905,0.12148
6798,2,0.09979,0.121866,0.12127
6799,2,0.15827,0.121929,0.122071
6800,2,0.145441,0.12197,0.122852
6801,2,0.142125,0.122005,0.122845
6802,2,0.095813,0.12196,0.122685
6803,2,0.083717,0.121894,0.122556
6804,2,0.11612,0.121884,0.122566
6805,2,0.106568,0.121858,0.121966
6806,2,0.040814,0.121719,0.121005
6807,2,0.076169,0.121641,0.121019
6808,2,0.204657,0.121783,0.121717
6809,2,0.143264,0.121819,0.122557
6810,2,0.10899,0.121797,0.122289
6811,2,0.132605,0.121816,0.122802
6812,2,0.164804,0.121889,0.124057
6813,2,0.090018,0.121835,0.124074
6814,2,0.058527,0.121728,0.123663
6815,2,0.121347,0.121727,0.12319
6816,2,0.124088,0.121731,0.123761
6817,2,0.145806,0.121771,0.123963
6818,2,0.150289,0.121819,0.124119
6819,2,0.106032,0.121793,0.123822
6820,2,0.172257,0.121877,0.123404
6821,2,0.092929,0.121829,0.123063
6822,2,0.112028,0.121813,0.122194
6823,2,0.141195,0.121845,0.121103
6824,2,0.075453,0.121768,0.121353
6825,2,0.11248,0.121752,0.122063
6826,2,0.189778,0.121865,0.122785
6827,2,0.111484,0.121848,0.123157
6828,2,0.107833,0.121825,0.121669
6829,2,0.078731,0.121754,0.121825
6830,2,0.080551,0.121686,0.12178
6831,2,0.151454,0.121735,0.120963
6832,2,0.037789,0.121597,0.120606
6833,2,0.083713,0.121535,0.119063
6834,2,0.072542,0.121455,0.118805
6835,2,0.143544,0.121491,0.119013
6836,2,0.168498,0.121567,0.119946
6837,2,0.046534,0.121445,0.118689
6838,2,0.151959,0.121495,0.119019
6839,2,0.117367,0.121488,0.119565
6840,2,0.091994,0.12144,0.119639
6841,2,0.141619,0.121473,0.120146
6842,2,0.15003,0.121519,0.120094
6843,2,0.172073,0.121601,0.120564
6844,2,0.181299,0.121697,0.121188
6845,2,0.060742,0.121599,0.120188
6846,2,0.123291,0.121601,0.120177
6847,2,0.057582,0.121499,0.119513
6848,2,0.131741,0.121515,0.119732
6849,2,0.222345,0.121676,0.120502
6850,2,0.091071,0.121628,0.120742
6851,2,0.113352,0.121614,0.120381
6852,2,0.130062,0.121628,0.120859
6853,2,0.136905,0.121652,0.1206
6854,2,0.140845,0.121682,0.121307
6855,2,0.14834,0.121725,0.121419
6856,2,0.076518,0.121653,0.120077
6857,2,0.205299,0.121785,0.121231
6858,2,0.082823,0.121724,0.120491
6859,2,0.103438,0.121695,0.120004
6860,2,0.117771,0.121689,0.120368
6861,2,0.137874,0.121714,0.120075
6862,2,0.094348,0.121671,0.119603
6863,2,0.13359,0.12169,0.120052
6864,2,0.092356,0.121644,0.119914
6865,2,0.111937,0.121629,0.120583
6866,2,0.101211,0.121597,0.120792
6867,2,0.177652,0.121684,0.121829
6868,2,0.158364,0.121741,0.122375
6869,2,0.137174,0.121765,0.12306
6870,2,0.097416,0.121728,0.121773
6871,2,0.178729,0.121816,0.122469
6872,2,0.096281,0.121776,0.122467
6873,2,0.102201,0.121746,0.122411
6874,2,0.150564,0.12179,0.122339
6875,2,0.097943,0.121754,0.121637
6876,2,0.113773,0.121742,0.122157
6877,2,0.08763,0.121689,0.122283
6878,2,0.106965,0.121667,0.121935
6879,2,0.114896,0.121657,0.121787
6880,2,0.135345,0.121677,0.122223
6881,2,0.108213,0.121657,0.122437
6882,2,0.120454,0.121655,0.122191
6883,2,0.202324,0.121777,0.122919
6884,2,0.128002,0.121787,0.122744
6885,2,0.121912,0.121787,0.12288
6886,2,0.107274,0.121765,0.122985
6887,2,0.164331,0.121829,0.122963
6888,2,0.125409,0.121835,0.122177
6889,2,0.239678,0.122012,0.122757
6890,2,0.15344,0.122059,0.12285
6891,2,0.055239,0.121959,0.122123
6892,2,0.158395,0.122013,0.123008
6893,2,0.10536,0.121988,0.123074
6894,2,0.119554,0.121985,0.122957
6895,2,0.087864,0.121934,0.123118
6896,2,0.096303,0.121896,0.122609
6897,2,0.17315,0.121972,0.122357
6898,2,0.131751,0.121986,0.122676
6899,2,0.177549,0.122068,0.122869
6900,2,0.260068,0.122272,0.124015
6901,2,0.158196,0.122325,0.124176
6902,2,0.109734,0.122307,0.124315
6903,2,0.101705,0.122276,0.124495
6904,2,0.166037,0.122341,0.124994
6905,2,0.17574,0.122419,0.125686
6906,2,0.099902,0.122386,0.126277
6907,2,0.083991,0.12233,0.126355
6908,2,0.112989,0.122316,0.125438
6909,2,0.124009,0.122319,0.125246
6910,2,0.113053,0.122305,0.125287
6911,2,0.108807,0.122286,0.125049
6912,2,0.132679,0.122301,0.124727
6913,2,0.124207,0.122303,0.125069
6914,2,0.145947,0.122338,0.125943
6915,2,0.147451,0.122374,0.126204
6916,2,0.070869,0.1223,0.125672
6917,2,0.212652,0.12243,0.126341
6918,2,0.087936,0.12238,0.125717
6919,2,0.101454,0.12235,0.125671
6920,2,0.260847,0.122549,0.126557
6921,2,0.113123,0.122535,0.126759
6922,2,0.126855,0.122542,0.126908
6923,2,0.074026,0.122472,0.126236
6924,2,0.098501,0.122438,0.126466
6925,2,0.097552,0.122403,0.126317
6926,2,0.188915,0.122497,0.126308
6927,2,0.120768,0.122495,0.126401
6928,2,0.12643,0.1225,0.126587
6929,2,0.077223,0.122436,0.126572
6930,2,0.108712,0.122417,0.126854
6931,2,0.139574,0.122441,0.126735
6932,2,0.192652,0.12254,0.128284
6933,2,0.060663,0.122453,0.128053
6934,2,0.143827,0.122483,0.128766
6935,2,0.126704,0.122489,0.128597
6936,2,0.121222,0.122487,0.128125
6937,2,0.122342,0.122487,0.128883
6938,2,0.122304,0.122487,0.128586
6939,2,0.077569,0.122424,0.128188
6940,2,0.101494,0.122395,0.128283
6941,2,0.072344,0.122325,0.127591
6942,2,0.172194,0.122394,0.127812
6943,2,0.157767,0.122443,0.127669
6944,2,0.155032,0.122489,0.127406
6945,2,0.10144,0.12246,0.127813
6946,2,0.222069,0.122597,0.128801
6947,2,0.132534,0.122611,0.129551
6948,2,0.077213,0.122548,0.129005
6949,2,0.109386,0.12253,0.127876
6950,2,0.131655,0.122543,0.128282
6951,2,0.095206,0.122505,0.1281
6952,2,0.11933,0.122501,0.127993
6953,2,0.080472,0.122443,0.127429
6954,2,0.115571,0.122434,0.127176
6955,2,0.194135,0.122532,0.127634
6956,2,0.127438,0.122539,0.128143
6957,2,0.125748,0.122543,0.127347
6958,2,0.157867,0.122591,0.128098
6959,2,0.226096,0.122732,0.129324
6960,2,0.145666,0.122763,0.129603
6961,2,0.138432,0.122784,0.129609
6962,2,0.157531,0.122831,0.130241
6963,2,0.143649,0.122859,0.130341
6964,2,0.103986,0.122834,0.130458
6965,2,0.126072,0.122838,0.130599
6966,2,0.241954,0.122998,0.132007
6967,2,0.110717,0.122982,0.131337
6968,2,0.073461,0.122915,0.130488
6969,2,0.189559,0.123005,0.131012
6970,2,0.085594,0.122955,0.130894
6971,2,0.160787,0.123005,0.130714
6972,2,0.100788,0.122976,0.130759
6973,2,0.127458,0.122982,0.131012
6974,2,0.099486,0.12295,0.130501
6975,2,0.109671,0.122933,0.130618
6976,2,0.096188,0.122897,0.130443
6977,2,0.126055,0.122901,0.130827
6978,2,0.124902,0.122904,0.131006
6979,2,0.147356,0.122936,0.131331
6980,2,0.114264,0.122925,0.13112
6981,2,0.069399,0.122854,0.130732
6982,2,0.193595,0.122947,0.131463
6983,2,0.067032,0.122874,0.13011
6984,2,0.046967,0.122774,0.1293
6985,2,0.132332,0.122787,0.129404
6986,2,0.126631,0.122792,0.129598
6987,2,0.113218,0.122779,0.129087
6988,2,0.123428,0.12278,0.129067
6989,2,0.236465,0.122928,0.129035
6990,2,0.150192,0.122964,0.129002
6991,2,0.113379,0.122951,0.129584
6992,2,0.106545,0.12293,0.129065
6993,2,0.066675,0.122857,0.128678
6994,2,0.138871,0.122878,0.128871
6995,2,0.077564,0.122819,0.128768
6996,2,0.11494,0.122809,0.128955
6997,2,0.127346,0.122815,0.128497
6998,2,0.15074,0.122851,0.128687
6999,2,0.117425,0.122844,0.128085
7000,2,0.192663,0.122934,0.127411
7001,2,0.10708,0.122913,0.1269
7002,2,0.091806,0.122873,0.126721
7003,2,0.165589,0.122928,0.12736
7004,2,0.079489,0.122873,0.126494
7005,2,0.083287,0.122822,0.12557
7006,2,0.060386,0.122742,0.125175
7007,2,0.121523,0.122741,0.12555
7008,2,0.202228,0.122842,0.126442
7009,2,0.12965,0.122851,0.126499
7010,2,0.108674,0.122833,0.126455
7011,2,0.101521,0.122805,0.126382
7012,2,0.055275,0.12272,0.125608
7013,2,0.101913,0.122694,0.125385
7014,2,0.110613,0.122678,0.125032
7015,2,0.130152,0.122688,0.124859
7016,2,0.119964,0.122684,0.12535
7017,2,0.122011,0.122683,0.124443
7018,2,0.07122,0.122619,0.124276
7019,2,0.073956,0.122558,0.124001
7020,2,0.171555,0.122619,0.123108
7021,2,0.055759,0.122535,0.122535
7022,2,0.073286,0.122474,0.121999
7023,2,0.132537,0.122486,0.122584
7024,2,0.071482,0.122423,0.122314
7025,2,0.291653,0.122634,0.124255
7026,2,0.116722,0.122626,0.123533
7027,2,0.129938,0.122635,0.123625
7028,2,0.043096,0.122536,0.122791
7029,2,0.118851,0.122532,0.123208
7030,2,0.095142,0.122498,0.123072
7031,2,0.154569,0.122538,0.123222
7032,2,0.137052,0.122556,0.122666
7033,2,0.101286,0.122529,0.123072
7034,2,0.294848,0.122742,0.124582
7035,2,0.133942,0.122756,0.124655
7036,2,0.123168,0.122756,0.124674
7037,2,0.121892,0.122755,0.12467
7038,2,0.169393,0.122812,0.125141
7039,2,0.098065,0.122782,0.125345
7040,2,0.109436,0.122766,0.125425
7041,2,0.176977,0.122832,0.126471
7042,2,0.079156,0.122779,0.125541
7043,2,0.150285,0.122812,0.125466
7044,2,0.163847,0.122862,0.125554
7045,2,0.15048,0.122896,0.126045
7046,2,0.093696,0.12286,0.124761
7047,2,0.172314,0.12292,0.125159
7048,2,0.136854,0.122937,0.125755
7049,2,0.147012,0.122966,0.126131
7050,2,0.134765,0.12298,0.126162
7051,2,0.145797,0.123008,0.126668
7052,2,0.17923,0.123076,0.127267
7053,2,0.131819,0.123086,0.127781
7054,2,0.193948,0.123172,0.128565
7055,2,0.051639,0.123086,0.12714
7056,2,0.126502,0.12309,0.12713
7057,2,0.120283,0.123086,0.127076
7058,2,0.160681,0.123131,0.127104
7059,2,0.166463,0.123183,0.126507
7060,2,0.128281,0.123189,0.126334
7061,2,0.096577,0.123158,0.125915
7062,2,0.101802,0.123132,0.125358
7063,2,0.094792,0.123098,0.124869
7064,2,0.132705,0.12311,0.125156
7065,2,0.139249,0.123129,0.125288
7066,2,0.136959,0.123145,0.124238
7067,2,0.152993,0.123181,0.124661
7068,2,0.050794,0.123095,0.124434
7069,2,0.079867,0.123044,0.123337
7070,2,0.069634,0.122981,0.123178
7071,2,0.134466,0.122995,0.122915
7072,2,0.109126,0.122978,0.122998
7073,2,0.132299,0.122989,0.123046
7074,2,0.08572,0.122945,0.122909
7075,2,0.068579,0.122882,0.122498
7076,2,0.109508,0.122866,0.122631
7077,2,0.131833,0.122876,0.122689
7078,2,0.200103,0.122967,0.123441
7079,2,0.087243,0.122925,0.12284
7080,2,0.092487,0.122889,0.122622
7081,2,0.080705,0.12284,0.122735
7082,2,0.11716,0.122834,0.121971
7083,2,0.062646,0.122764,0.121927
7084,2,0.059219,0.12269,0.122049
7085,2,0.134928,0.122704,0.122075
7086,2,0.154569,0.122741,0.122355
7087,2,0.12076,0.122739,0.12243
7088,2,0.133659,0.122751,0.122532
7089,2,0.129071,0.122759,0.121458
7090,2,0.108279,0.122742,0.121039
7091,2,0.05511,0.122664,0.120456
7092,2,0.085563,0.122621,0.120247
7093,2,0.094008,0.122588,0.12052
7094,2,0.144551,0.122614,0.120577
7095,2,0.113546,0.122603,0.120937
7096,2,0.160739,0.122647,0.121395
7097,2,0.109889,0.122632,0.12122
7098,2,0.133546,0.122645,0.121048
7099,2,0.118309,0.12264,0.121057
7100,2,0.109251,0.122625,0.120223
7101,2,0.122671,0.122625,0.120379
7102,2,0.068329,0.122563,0.120144
7103,2,0.130426,0.122572,0.119792
7104,2,0.099668,0.122546,0.119994
7105,2,0.116875,0.122539,0.12033
7106,2,0.132954,0.122551,0.121056
7107,2,0.152901,0.122585,0.121369
7108,2,0.118548,0.122581,0.120533
7109,2,0.115678,0.122573,0.120393
7110,2,0.12136,0.122572,0.12052
7111,2,0.123807,0.122573,0.120743
7112,2,0.147203,0.122601,0.121662
7113,2,0.068137,0.12254,0.121324
7114,2,0.079383,0.122491,0.121012
7115,2,0.112382,0.12248,0.120834
7116,2,0.152378,0.122513,0.121158
7117,2,0.135563,0.122528,0.121294
7118,2,0.141523,0.122549,0.121997
7119,2,0.158442,0.122589,0.122842
7120,2,0.126383,0.122593,0.12239
7121,2,0.109554,0.122579,0.122928
7122,2,0.095126,0.122548,0.123146
7123,2,0.090135,0.122512,0.122722
7124,2,0.066714,0.12245,0.122675
7125,2,0.151122,0.122482,0.121269
7126,2,0.094523,0.122451,0.121047
7127,2,0.142395,0.122473,0.121172
7128,2,0.105775,0.122455,0.121799
7129,2,0.072556,0.1224,0.121336
7130,2,0.174447,0.122457,0.122129
7131,2,0.110676,0.122444,0.12169
7132,2,0.079171,0.122397,0.121111
7133,2,0.246595,0.122533,0.122564
7134,2,0.147083,0.12256,0.121086
7135,2,0.114094,0.122551,0.120888
7136,2,0.096939,0.122523,0.120626
7137,2,0.137434,0.122539,0.120781
7138,2,0.153558,0.122573,0.120623
7139,2,0.102509,0.122551,0.120667
7140,2,0.065312,0.122489,0.120226
7141,2,0.175806,0.122547,0.120214
7142,2,0.111613,0.122535,0.120539
7143,2,0.092867,0.122503,0.119965
7144,2,0.089237,0.122466,0.119219
7145,2,0.115659,0.122459,0.11887
7146,2,0.169871,0.12251,0.119632
7147,2,0.110737,0.122498,0.119016
7148,2,0.099018,0.122472,0.118638
7149,2,0.135715,0.122487,0.118525
7150,2,0.084131,0.122445,0.118019
7151,2,0.098952,0.12242,0.11755
7152,2,0.210496,0.122515,0.117863
7153,2,0.083549,0.122473,0.11738
7154,2,0.103377,0.122452,0.116474
7155,2,0.101218,0.12243,0.11697
7156,2,0.179231,0.12249,0.117498
7157,2,0.076588,0.122441,0.117061
7158,2,0.115583,0.122434,0.11661
7159,2,0.126948,0.122439,0.116214
7160,2,0.189988,0.122511,0.116832
7161,2,0.047034,0.12243,0.116336
7162,2,0.07948,0.122385,0.116113
7163,2,0.15231,0.122416,0.116688
7164,2,0.085244,0.122377,0.116213
7165,2,0.116608,0.122371,0.115987
7166,2,0.105246,0.122353,0.11567
7167,2,0.15132,0.122383,0.115653
7168,2,0.112143,0.122373,0.116267
7169,2,0.139524,0.122391,0.116863
7170,2,0.137617,0.122407,0.117543
7171,2,0.049836,0.12233,0.116697
7172,2,0.137418,0.122346,0.11698
7173,2,0.089309,0.122311,0.11655
7174,2,0.179858,0.122372,0.117491
7175,2,0.166353,0.122418,0.118469
7176,2,0.105005,0.1224,0.118424
7177,2,0.087525,0.122363,0.117981
7178,2,0.128609,0.12237,0.117266
7179,2,0.1044,0.122351,0.117437
7180,2,0.116009,0.122344,0.117673
7181,2,0.156701,0.12238,0.118433
7182,2,0.112454,0.12237,0.118386
7183,2,0.211098,0.122462,0.11987
7184,2,0.105071,0.122444,0.120329
7185,2,0.091254,0.122412,0.119892
7186,2,0.072871,0.12236,0.119075
7187,2,0.195329,0.122436,0.119821
7188,2,0.134236,0.122448,0.119826
7189,2,0.118411,0.122444,0.11972
7190,2,0.146417,0.122469,0.120101
7191,2,0.109057,0.122455,0.120641
7192,2,0.147154,0.12248,0.121256
7193,2,0.091828,0.122449,0.121235
7194,2,0.131273,0.122458,0.121102
7195,2,0.136561,0.122472,0.121332
7196,2,0.058128,0.122406,0.120306
7197,2,0.087062,0.12237,0.120078
7198,2,0.183961,0.122433,0.120582
7199,2,0.088714,0.122399,0.120286
7200,2,0.119119,0.122395,0.120385
7201,2,0.052299,0.122324,0.119681
7202,2,0.072445,0.122273,0.119722
7203,2,0.14231,0.122293,0.119841
7204,2,0.11145,0.122282,0.119959
7205,2,0.115099,0.122275,0.119941
7206,2,0.101233,0.122253,0.119624
7207,2,0.039752,0.12217,0.118492
7208,2,0.204137,0.122253,0.119348
7209,2,0.077686,0.122208,0.118968
7210,2,0.094008,0.122179,0.118695
7211,2,0.087411,0.122144,0.118331
7212,2,0.143088,0.122165,0.11829
7213,2,0.099678,0.122142,0.118605
7214,2,0.121162,0.122141,0.119023
7215,2,0.119165,0.122138,0.119091
7216,2,0.118491,0.122135,0.118752
7217,2,0.074591,0.122087,0.118142
7218,2,0.093989,0.122058,0.117667
7219,2,0.126387,0.122063,0.117346
7220,2,0.117654,0.122058,0.117259
7221,2,0.188711,0.122125,0.11805
7222,2,0.2285,0.122232,0.119384
7223,2,0.081354,0.122191,0.119296
7224,2,0.058,0.122127,0.119209
7225,2,0.080259,0.122085,0.118501
7226,2,0.116388,0.122079,0.118719
7227,2,0.098966,0.122056,0.118285
7228,2,0.072932,0.122007,0.117956
7229,2,0.249839,0.122134,0.119729
7230,2,0.091891,0.122104,0.118904
7231,2,0.153383,0.122135,0.119331
7232,2,0.104735,0.122118,0.119586
7233,2,0.043512,0.12204,0.117556
7234,2,0.127948,0.122046,0.117364
7235,2,0.157125,0.122081,0.117795
7236,2,0.132067,0.122091,0.118146
7237,2,0.232108,0.122199,0.119093
7238,2,0.215356,0.122291,0.119711
7239,2,0.088226,0.122257,0.119568
7240,2,0.131241,0.122266,0.120227
7241,2,0.13669,0.12228,0.119836
7242,2,0.214125,0.122371,0.120861
7243,2,0.150166,0.122398,0.121434
7244,2,0.095555,0.122372,0.121497
7245,2,0.133543,0.122382,0.121676
7246,2,0.127387,0.122387,0.121251
7247,2,0.122193,0.122387,0.121366
7248,2,0.117074,0.122382,0.121546
7249,2,0.164026,0.122423,0.121829
7250,2,0.149786,0.122449,0.122486
7251,2,0.085855,0.122414,0.122355
7252,2,0.136799,0.122428,0.121618
7253,2,0.102592,0.122408,0.121808
7254,2,0.079842,0.122367,0.121573
7255,2,0.098018,0.122343,0.121541
7256,2,0.067634,0.12229,0.120425
7257,2,0.13603,0.122304,0.12102
7258,2,0.090906,0.122273,0.120773
7259,2,0.072497,0.122225,0.120228
7260,2,0.143904,0.122246,0.119767
7261,2,0.155444,0.122278,0.120852
7262,2,0.149426,0.122304,0.121551
7263,2,0.074785,0.122259,0.120776
7264,2,0.176268,0.122311,0.121686
7265,2,0.070398,0.122261,0.121224
7266,2,0.155604,0.122293,0.121727
7267,2,0.082125,0.122254,0.121036
7268,2,0.085485,0.122219,0.120769
7269,2,0.174041,0.122269,0.121114
7270,2,0.164102,0.122309,0.121379
7271,2,0.12753,0.122314,0.122156
7272,2,0.11566,0.122307,0.121938
7273,2,0.055371,0.122243,0.121599
7274,2,0.079951,0.122203,0.1206
7275,2,0.149994,0.12223,0.120436
7276,2,0.110472,0.122218,0.120491
7277,2,0.071023,0.12217,0.120326
7278,2,0.161931,0.122208,0.120659
7279,2,0.123184,0.122209,0.120847
7280,2,0.191396,0.122274,0.121601
7281,2,0.161774,0.122311,0.121652
7282,2,0.133427,0.122322,0.121861
7283,2,0.104565,0.122305,0.120796
7284,2,0.07241,0.122258,0.120469
7285,2,0.125356,0.122261,0.12081
7286,2,0.191687,0.122326,0.121999
7287,2,0.135037,0.122338,0.121396
7288,2,0.107613,0.122324,0.121129
7289,2,0.140735,0.122342,0.121353
7290,2,0.223832,0.122437,0.122127
7291,2,0.172062,0.122483,0.122757
7292,2,0.194456,0.122551,0.12323
7293,2,0.089776,0.12252,0.123209
7294,2,0.086132,0.122486,0.122758
7295,2,0.111672,0.122476,0.122509
7296,2,0.144176,0.122496,0.12337
7297,2,0.049412,0.122428,0.122993
7298,2,0.137099,0.122442,0.122524
7299,2,0.07267,0.122395,0.122364
7300,2,0.131244,0.122404,0.122485
7301,2,0.147012,0.122426,0.123432
7302,2,0.06809,0.122376,0.123389
7303,2,0.0962,0.122352,0.122928
7304,2,0.096391,0.122328,0.122777
7305,2,0.145393,0.122349,0.12308
7306,2,0.094509,0.122323,0.123013
7307,2,0.080479,0.122285,0.12342
7308,2,0.095717,0.12226,0.122336
7309,2,0.074731,0.122217,0.122306
7310,2,0.183826,0.122273,0.123204
7311,2,0.11662,0.122268,0.123497
7312,2,0.086943,0.122236,0.122935
7313,2,0.148189,0.122259,0.12342
7314,2,0.099327,0.122238,0.123202
7315,2,0.177981,0.12229,0.12379
7316,2,0.317638,0.122468,0.125782
7317,2,0.135628,0.12248,0.126392
7318,2,0.093019,0.122453,0.126382
7319,2,0.107227,0.122439,0.126191
7320,2,0.096807,0.122416,0.125982
7321,2,0.122784,0.122416,0.125323
7322,2,0.098351,0.122395,0.124021
7323,2,0.135401,0.122406,0.124562
7324,2,0.148443,0.12243,0.125466
7325,2,0.079132,0.122391,0.125455
7326,2,0.179409,0.122442,0.126085
7327,2,0.083373,0.122407,0.125929
7328,2,0.089619,0.122377,0.126096
7329,2,0.176974,0.122427,0.125367
7330,2,0.099404,0.122406,0.125443
7331,2,0.085294,0.122372,0.124762
7332,2,0.179709,0.122424,0.125511
7333,2,0.22342,0.122515,0.127311
7334,2,0.120224,0.122513,0.127233
7335,2,0.068794,0.122465,0.12635
7336,2,0.089479,0.122435,0.125924
7337,2,0.065843,0.122384,0.124261
7338,2,0.144807,0.122404,0.123556
7339,2,0.110583,0.122394,0.12378
7340,2,0.048315,0.122327,0.12295
7341,2,0.246926,0.122439,0.124053
7342,2,0.106501,0.122425,0.122976
7343,2,0.057693,0.122367,0.122052
7344,2,0.159744,0.1224,0.122694
7345,2,0.127581,0.122405,0.122634
7346,2,0.100394,0.122385,0.122364
7347,2,0.119028,0.122382,0.122332
7348,2,0.121337,0.122381,0.122375
7349,2,0.220689,0.122469,0.122942
7350,2,0.099993,0.122449,0.122444
7351,2,0.119733,0.122446,0.122782
7352,2,0.082474,0.122411,0.122239
7353,2,0.117225,0.122406,0.122386
7354,2,0.09921,0.122386,0.122579
7355,2,0.071774,0.122341,0.122317
7356,2,0.085154,0.122308,0.122492
7357,2,0.128624,0.122314,0.122418
7358,2,0.225282,0.122405,0.123762
7359,2,0.126305,0.122408,0.1243
7360,2,0.109248,0.122396,0.123953
7361,2,0.08262,0.122361,0.123225
7362,2,0.111229,0.122352,0.122843
7363,2,0.12721,0.122356,0.123367
7364,2,0.16317,0.122392,0.123236
7365,2,0.094127,0.122367,0.123474
7366,2,0.099948,0.122347,0.122917
7367,2,0.071779,0.122303,0.122814
7368,2,0.077601,0.122264,0.122735
7369,2,0.11982,0.122262,0.122193
7370,2,0.107029,0.122249,0.121622
7371,2,0.093212,0.122223,0.121279
7372,2,0.109715,0.122213,0.121219
7373,2,0.14293,0.122231,0.122095
7374,2,0.138716,0.122245,0.122682
7375,2,0.14269,0.122263,0.122609
7376,2,0.087003,0.122232,0.122375
7377,2,0.084054,0.122199,0.122505
7378,2,0.051235,0.122138,0.121398
7379,2,0.066203,0.122089,0.120828
7380,2,0.053502,0.12203,0.119449
7381,2,0.08911,0.122001,0.118723
7382,2,0.08761,0.121972,0.118264
7383,2,0.086758,0.121941,0.118086
7384,2,0.158696,0.121973,0.118949
7385,2,0.105721,0.121959,0.118753
7386,2,0.123805,0.121961,0.118074
7387,2,0.200662,0.122028,0.11873
7388,2,0.199113,0.122094,0.119645
7389,2,0.160265,0.122127,0.119841
7390,2,0.244504,0.122232,0.120047
7391,2,0.075878,0.122192,0.119086
7392,2,0.102025,0.122175,0.118161
7393,2,0.09743,0.122154,0.118238
7394,2,0.093234,0.122129,0.118309
7395,2,0.142225,0.122146,0.118614
7396,2,0.131241,0.122154,0.118485
7397,2,0.084903,0.122122,0.11884
7398,2,0.086202,0.122092,0.118331
7399,2,0.102244,0.122075,0.118627
7400,2,0.054572,0.122018,0.11786
7401,2,0.134469,0.122028,0.117734
7402,2,0.13318,0.122038,0.118385
7403,2,0.206486,0.122109,0.119488
7404,2,0.100839,0.122091,0.119533
7405,2,0.111523,0.122082,0.119194
7406,2,0.130773,0.12209,0.119557
7407,2,0.105326,0.122075,0.119805
7408,2,0.197969,0.122139,0.120828
7409,2,0.187393,0.122195,0.121954
7410,2,0.074195,0.122154,0.120858
7411,2,0.186391,0.122208,0.121556
7412,2,0.050342,0.122148,0.12119
7413,2,0.138316,0.122161,0.121091
7414,2,0.158077,0.122191,0.121678
7415,2,0.084682,0.12216,0.120745
7416,2,0.162084,0.122193,0.11919
7417,2,0.120593,0.122192,0.11904
7418,2,0.083439,0.12216,0.118944
7419,2,0.069559,0.122116,0.118567
7420,2,0.112862,0.122108,0.118728
7421,2,0.15715,0.122137,0.119071
7422,2,0.136615,0.122149,0.119454
7423,2,0.092024,0.122124,0.11902
7424,2,0.116437,0.122119,0.1187
7425,2,0.100177,0.122101,0.118911
7426,2,0.103689,0.122086,0.118153
7427,2,0.190221,0.122142,0.119222
7428,2,0.085611,0.122112,0.119182
7429,2,0.094572,0.122089,0.118358
7430,2,0.059276,0.122037,0.117956
7431,2,0.111252,0.122028,0.118216
7432,2,0.191183,0.122086,0.118331
7433,2,0.12125,0.122085,0.117309
7434,2,0.090552,0.122059,0.117012
7435,2,0.129539,0.122065,0.11762
7436,2,0.143246,0.122082,0.118157
7437,2,0.113984,0.122076,0.118639
7438,2,0.10575,0.122062,0.118248
7439,2,0.106527,0.12205,0.118208
7440,2,0.139237,0.122064,0.119117
7441,2,0.198217,0.122126,0.11863
7442,2,0.080959,0.122092,0.118374
7443,2,0.167165,0.122129,0.119469
7444,2,0.03695,0.12206,0.118241
7445,2,0.097381,0.122039,0.117939
7446,2,0.075988,0.122002,0.117695
7447,2,0.113686,0.121995,0.117642
7448,2,0.14092,0.12201,0.117838
7449,2,0.09246,0.121986,0.116555
7450,2,0.158642,0.122016,0.117142
7451,2,0.19393,0.122075,0.117884
7452,2,0.089184,0.122048,0.117951
7453,2,0.081423,0.122015,0.117593
7454,2,0.131953,0.122023,0.11792
7455,2,0.060031,0.121973,0.117803
7456,2,0.124005,0.121974,0.118191
7457,2,0.123202,0.121975,0.118137
7458,2,0.09945,0.121957,0.116879
7459,2,0.138427,0.12197,0.117
7460,2,0.086923,0.121942,0.116777
7461,2,0.075793,0.121905,0.116709
7462,2,0.084802,0.121875,0.116444
7463,2,0.116655,0.121871,0.116339
7464,2,0.110117,0.121861,0.115808
7465,2,0.083564,0.12183,0.115703
7466,2,0.101264,0.121814,0.115716
7467,2,0.060408,0.121764,0.115602
7468,2,0.236464,0.121857,0.117191
7469,2,0.053247,0.121802,0.116525
7470,2,0.139181,0.121815,0.116846
7471,2,0.102128,0.1218,0.116936
7472,2,0.128398,0.121805,0.117122
7473,2,0.096158,0.121784,0.116655
7474,2,0.090577,0.12176,0.116173
7475,2,0.157958,0.121788,0.116326
7476,2,0.200944,0.121852,0.117465
7477,2,0.162017,0.121884,0.118245
7478,2,0.114419,0.121878,0.118877
7479,2,0.109531,0.121868,0.11931
7480,2,0.171384,0.121907,0.120489
7481,2,0.165987,0.121942,0.121258
7482,2,0.189974,0.121996,0.122281
7483,2,0.143143,0.122013,0.122845
7484,2,0.106335,0.122001,0.122322
7485,2,0.08775,0.121974,0.122142
7486,2,0.172464,0.122014,0.122628
7487,2,0.101016,0.121997,0.121632
7488,2,0.06903,0.121955,0.120331
7489,2,0.122307,0.121955,0.119952
7490,2,0.1463,0.121975,0.11897
7491,2,0.115756,0.12197,0.119368
7492,2,0.087586,0.121943,0.119224
7493,2,0.162772,0.121975,0.119877
7494,2,0.104091,0.121961,0.119986
7495,2,0.197961,0.12202,0.120543
7496,2,0.132367,0.122028,0.120555
7497,2,0.149273,0.12205,0.121198
7498,2,0.091413,0.122026,0.12125
7499,2,0.116913,0.122022,0.121397
7500,2,0.124803,0.122024,0.122099
7501,2,0.143651,0.122041,0.122191
7502,2,0.184603,0.12209,0.122705
7503,2,0.096989,0.12207,0.12161
7504,2,0.076181,0.122034,0.121364
7505,2,0.201436,0.122096,0.122263
7506,2,0.167736,0.122132,0.122633
7507,2,0.089774,0.122107,0.122477
7508,2,0.081525,0.122075,0.121313
7509,2,0.116116,0.122071,0.1206
7510,2,0.247498,0.122168,0.122333
7511,2,0.128632,0.122173,0.121755
7512,2,0.149071,0.122194,0.122743
7513,2,0.069281,0.122153,0.122052
7514,2,0.132264,0.122161,0.121794
7515,2,0.140984,0.122175,0.122357
7516,2,0.064554,0.122131,0.121382
7517,2,0.192798,0.122185,0.122104
7518,2,0.10452,0.122172,0.122315
7519,2,0.130148,0.122178,0.122921
7520,2,0.155575,0.122204,0.123348
7521,2,0.102105,0.122188,0.122797
7522,2,0.096955,0.122169,0.122401
7523,2,0.143911,0.122185,0.12292
7524,2,0.054901,0.122134,0.122304
7525,2,0.126896,0.122137,0.122571
7526,2,0.146668,0.122156,0.123001
7527,2,0.098083,0.122138,0.12208
7528,2,0.09377,0.122116,0.122161
7529,2,0.178631,0.122159,0.123002
7530,2,0.117072,0.122155,0.12358
7531,2,0.116879,0.122151,0.123636
7532,2,0.115341,0.122146,0.122878
7533,2,0.171069,0.122183,0.123376
7534,2,0.118439,0.122181,0.123655
7535,2,0.076575,0.122146,0.123125
7536,2,0.098638,0.122128,0.122679
7537,2,0.178445,0.122171,0.123324
7538,2,0.063634,0.122126,0.122903
7539,2,0.164996,0.122159,0.123487
7540,2,0.162123,0.122189,0.123716
7541,2,0.033759,0.122122,0.122072
7542,2,0.114568,0.122116,0.122408
7543,2,0.113426,0.12211,0.12187
7544,2,0.161958,0.12214,0.12312
7545,2,0.070079,0.122101,0.122847
7546,2,0.097576,0.122082,0.123063
7547,2,0.136531,0.122093,0.123292
7548,2,0.152158,0.122116,0.123404
7549,2,0.190474,0.122167,0.124384
7550,2,0.123176,0.122168,0.12403
7551,2,0.090597,0.122144,0.122996
7552,2,0.100324,0.122128,0.123108
7553,2,0.104248,0.122114,0.123336
7554,2,0.110939,0.122106,0.123126
7555,2,0.121688,0.122106,0.123742
7556,2,0.07745,0.122072,0.123277
7557,2,0.114252,0.122066,0.123187
7558,2,0.157086,0.122092,0.123764
7559,2,0.095802,0.122073,0.123337
7560,2,0.095673,0.122053,0.123425
7561,2,0.104288,0.12204,0.12371
7562,2,0.146661,0.122058,0.124328
7563,2,0.078901,0.122026,0.123951
7564,2,0.114362,0.12202,0.123993
7565,2,0.106237,0.122008,0.12422
7566,2,0.097226,0.12199,0.12418
7567,2,0.136231,0.122001,0.124938
7568,2,0.206711,0.122064,0.12464
7569,2,0.147861,0.122083,0.125587
7570,2,0.092532,0.122061,0.12512
7571,2,0.063159,0.122017,0.12473
7572,2,0.162003,0.122047,0.125066
7573,2,0.168814,0.122081,0.125793
7574,2,0.196173,0.122136,0.126849
7575,2,0.120871,0.122135,0.126478
7576,2,0.188898,0.122185,0.126358
7577,2,0.169371,0.122219,0.126431
7578,2,0.209315,0.122284,0.12738
7579,2,0.12216,0.122284,0.127506
7580,2,0.124137,0.122285,0.127034
7581,2,0.169678,0.12232,0.127071
7582,2,0.257278,0.122419,0.127744
7583,2,0.103128,0.122405,0.127344
7584,2,0.111394,0.122397,0.127394
7585,2,0.162565,0.122426,0.128142
7586,2,0.117576,0.122423,0.127594
7587,2,0.197061,0.122478,0.128554
7588,2,0.090363,0.122454,0.128767
7589,2,0.089418,0.12243,0.128438
7590,2,0.13388,0.122438,0.128314
7591,2,0.162696,0.122468,0.128784
7592,2,0.194715,0.12252,0.129855
7593,2,0.052199,0.122469,0.128749
7594,2,0.1316,0.122476,0.129024
7595,2,0.128832,0.12248,0.128333
7596,2,0.115349,0.122475,0.128163
7597,2,0.137645,0.122486,0.128047
7598,2,0.126347,0.122489,0.128396
7599,2,0.11286,0.122482,0.128355
7600,2,0.146814,0.1225,0.128575
7601,2,0.106845,0.122488,0.128207
7602,2,0.13166,0.122495,0.127678
7603,2,0.094457,0.122475,0.127653
7604,2,0.131004,0.122481,0.128201
7605,2,0.113922,0.122475,0.127326
7606,2,0.105827,0.122463,0.126707
7607,2,0.140428,0.122476,0.127213
7608,2,0.179455,0.122517,0.128192
7609,2,0.108627,0.122507,0.128118
7610,2,0.121381,0.122506,0.126856
7611,2,0.075785,0.122472,0.126328
7612,2,0.217369,0.122541,0.127011
7613,2,0.142789,0.122555,0.127746
7614,2,0.141737,0.122569,0.127841
7615,2,0.074334,0.122534,0.127174
7616,2,0.120721,0.122533,0.127736
7617,2,0.094947,0.122513,0.126757
7618,2,0.131105,0.122519,0.127023
7619,2,0.106554,0.122508,0.126787
7620,2,0.103263,0.122494,0.126264
7621,2,0.119193,0.122492,0.126435
7622,2,0.075237,0.122458,0.126218
7623,2,0.129424,0.122463,0.126073
7624,2,0.163855,0.122493,0.127163
7625,2,0.120864,0.122491,0.127102
7626,2,0.155521,0.122515,0.127191
7627,2,0.17888,0.122555,0.127999
7628,2,0.181031,0.122597,0.128871
7629,2,0.149154,0.122616,0.128577
7630,2,0.102197,0.122601,0.128428
7631,2,0.134508,0.12261,0.128604
7632,2,0.116305,0.122605,0.128614
7633,2,0.146129,0.122622,0.128364
7634,2,0.104958,0.122609,0.12823
7635,2,0.123902,0.12261,0.128703
7636,2,0.211461,0.122673,0.129831
7637,2,0.177237,0.122712,0.129819
7638,2,0.202357,0.122768,0.131206
7639,2,0.135336,0.122777,0.13091
7640,2,0.123278,0.122777,0.130521
7641,2,0.10148,0.122762,0.131198
7642,2,0.15329,0.122784,0.131586
7643,2,0.151286,0.122804,0.131964
7644,2,0.127028,0.122807,0.131615
7645,2,0.131703,0.122813,0.132231
7646,2,0.137911,0.122824,0.132634
7647,2,0.206977,0.122883,0.133339
7648,2,0.120329,0.122881,0.133021
7649,2,0.090863,0.122858,0.132024
7650,2,0.082122,0.12283,0.131614
7651,2,0.082776,0.122802,0.131536
7652,2,0.164571,0.122831,0.132178
7653,2,0.115878,0.122826,0.132295
7654,2,0.125684,0.122828,0.132442
7655,2,0.078967,0.122798,0.132015
7656,2,0.135285,0.122806,0.132593
7657,2,0.094647,0.122787,0.132397
7658,2,0.219744,0.122854,0.133024
7659,2,0.117775,0.122851,0.133243
7660,2,0.118399,0.122848,0.133471
7661,2,0.109347,0.122838,0.133521
7662,2,0.078577,0.122807,0.13284
7663,2,0.109621,0.122798,0.133148
7664,2,0.205391,0.122856,0.134058
7665,2,0.107694,0.122845,0.134072
7666,2,0.106601,0.122834,0.134166
7667,2,0.140418,0.122846,0.134208
7668,2,0.133761,0.122854,0.133479
7669,2,0.149932,0.122872,0.133499
7670,2,0.077352,0.122841,0.133347
7671,2,0.145111,0.122856,0.134167
7672,2,0.114464,0.12285,0.133692
7673,2,0.103541,0.122837,0.133039
7674,2,0.091164,0.122815,0.131989
7675,2,0.083206,0.122788,0.131612
7676,2,0.111055,0.12278,0.130834
7677,2,0.161793,0.122807,0.130758
7678,2,0.055828,0.122761,0.129223
7679,2,0.092579,0.12274,0.128927
7680,2,0.102518,0.122726,0.128711
7681,2,0.124288,0.122727,0.128257
7682,2,0.122014,0.122727,0.126904
7683,2,0.09285,0.122706,0.126802
7684,2,0.05955,0.122663,0.126283
7685,2,0.093729,0.122643,0.125595
7686,2,0.047651,0.122592,0.124896
7687,2,0.092038,0.122571,0.123845
7688,2,0.059331,0.122528,0.123535
7689,2,0.067633,0.12249,0.123317
7690,2,0.140595,0.122503,0.123384
7691,2,0.104671,0.122491,0.122804
7692,2,0.138121,0.122501,0.122238
7693,2,0.094049,0.122482,0.122657
7694,2,0.173893,0.122517,0.12308
7695,2,0.114947,0.122512,0.122941
7696,2,0.123489,0.122512,0.123022
7697,2,0.081644,0.122485,0.122462
7698,2,0.190307,0.122531,0.123102
7699,2,0.043056,0.122477,0.122404
7700,2,0.183651,0.122518,0.122772
7701,2,0.107767,0.122508,0.122781
7702,2,0.0823,0.122481,0.122288
7703,2,0.074068,0.122448,0.122084
7704,2,0.127837,0.122452,0.122052
7705,2,0.11605,0.122448,0.122073
7706,2,0.234013,0.122523,0.123355
7707,2,0.161386,0.122549,0.123565
7708,2,0.124096,0.12255,0.123011
7709,2,0.109082,0.122541,0.123016
7710,2,0.141812,0.122554,0.12322
7711,2,0.132451,0.122561,0.123787
7712,2,0.152546,0.122581,0.123139
7713,2,0.112273,0.122574,0.122833
7714,2,0.170257,0.122606,0.123119
7715,2,0.084988,0.122581,0.123225
7716,2,0.10088,0.122566,0.123027
7717,2,0.158382,0.12259,0.123661
7718,2,0.109872,0.122582,0.123449
7719,2,0.16678,0.122611,0.124051
7720,2,0.104822,0.122599,0.124067
7721,2,0.106238,0.122588,0.123937
7722,2,0.096623,0.122571,0.124151
7723,2,0.046752,0.12252,0.123324
7724,2,0.111559,0.122513,0.122801
7725,2,0.145863,0.122529,0.123051
7726,2,0.097194,0.122512,0.122468
7727,2,0.133415,0.122519,0.122013
7728,2,0.122164,0.122519,0.121425
7729,2,0.130565,0.122524,0.121239
7730,2,0.073793,0.122492,0.120955
7731,2,0.11564,0.122487,0.120766
7732,2,0.046345,0.122437,0.120066
7733,2,0.194795,0.122485,0.120553
7734,2,0.0551,0.12244,0.120055
7735,2,0.173872,0.122474,0.120554
7736,2,0.11719,0.122471,0.119612
7737,2,0.095374,0.122453,0.118793
7738,2,0.067814,0.122417,0.117447
7739,2,0.103033,0.122404,0.117124
7740,2,0.09846,0.122388,0.116876
7741,2,0.107714,0.122379,0.116939
7742,2,0.184702,0.12242,0.117253
7743,2,0.0746,0.122388,0.116486
7744,2,0.07741,0.122359,0.11599
7745,2,0.112382,0.122352,0.115796
7746,2,0.116518,0.122348,0.115583
7747,2,0.071046,0.122314,0.114223
7748,2,0.099987,0.1223,0.11402
7749,2,0.134755,0.122308,0.114459
7750,2,0.080721,0.122281,0.114445
7751,2,0.05993,0.12224,0.114216
7752,2,0.18808,0.122283,0.114451
7753,2,0.154465,0.122304,0.114837
7754,2,0.055094,0.12226,0.114131
7755,2,0.100001,0.122246,0.114342
7756,2,0.144002,0.12226,0.114429
7757,2,0.098418,0.122244,0.114467
7758,2,0.138734,0.122255,0.113656
7759,2,0.115411,0.122251,0.113633
7760,2,0.183448,0.12229,0.114283
7761,2,0.124825,0.122292,0.114438
7762,2,0.100821,0.122278,0.11466
7763,2,0.161812,0.122304,0.115182
7764,2,0.08619,0.12228,0.11399
7765,2,0.106437,0.12227,0.113978
7766,2,0.087781,0.122248,0.11379
7767,2,0.121686,0.122247,0.113602
7768,2,0.182658,0.122286,0.114091
7769,2,0.13598,0.122295,0.113952
7770,2,0.123875,0.122296,0.114417
7771,2,0.076152,0.122266,0.113727
7772,2,0.065446,0.12223,0.113237
7773,2,0.161653,0.122255,0.113818
7774,2,0.123802,0.122256,0.114145
7775,2,0.130835,0.122262,0.114621
7776,2,0.118702,0.122259,0.114697
7777,2,0.093612,0.122241,0.114016
7778,2,0.11743,0.122238,0.114632
7779,2,0.131642,0.122244,0.115022
7780,2,0.120419,0.122243,0.115201
7781,2,0.074357,0.122212,0.114702
7782,2,0.06507,0.122175,0.114133
7783,2,0.108181,0.122166,0.114286
7784,2,0.144522,0.122181,0.115136
7785,2,0.208492,0.122236,0.116283
7786,2,0.052094,0.122191,0.116328
7787,2,0.102504,0.122179,0.116432
7788,2,0.167771,0.122208,0.117517
7789,2,0.160861,0.122232,0.118449
7790,2,0.183278,0.122271,0.118876
7791,2,0.108666,0.122263,0.118916
7792,2,0.138493,0.122273,0.118919
7793,2,0.142187,0.122286,0.119401
7794,2,0.12817,0.122289,0.118944
7795,2,0.141446,0.122302,0.119209
7796,2,0.078608,0.122274,0.11876
7797,2,0.105307,0.122263,0.118996
7798,2,0.162397,0.122289,0.118717
7799,2,0.177912,0.122324,0.120066
7800,2,0.128516,0.122328,0.119515
7801,2,0.104034,0.122316,0.119477
7802,2,0.153633,0.122336,0.120191
7803,2,0.139212,0.122347,0.120842
7804,2,0.142848,0.12236,0.120992
7805,2,0.154195,0.12238,0.121374
7806,2,0.139045,0.12239,0.120424
7807,2,0.174762,0.122423,0.120558
7808,2,0.112708,0.122417,0.120444
7809,2,0.161928,0.122442,0.120972
7810,2,0.115736,0.122438,0.120711
7811,2,0.106931,0.122428,0.120456
7812,2,0.261806,0.122516,0.121549
7813,2,0.134455,0.122523,0.121771
7814,2,0.101851,0.12251,0.121087
7815,2,0.153086,0.12253,0.121768
7816,2,0.13501,0.122537,0.122109
7817,2,0.109159,0.122529,0.121617
7818,2,0.150113,0.122546,0.122019
7819,2,0.127091,0.122549,0.121622
7820,2,0.108125,0.12254,0.121655
7821,2,0.06525,0.122504,0.121245
7822,2,0.175553,0.122537,0.122035
7823,2,0.166398,0.122565,0.123231
7824,2,0.145079,0.122579,0.123566
7825,2,0.10193,0.122566,0.123127
7826,2,0.171867,0.122597,0.123874
7827,2,0.098539,0.122582,0.123525
7828,2,0.042658,0.122532,0.12273
7829,2,0.138153,0.122542,0.122806
7830,2,0.123266,0.122542,0.123301
7831,2,0.114688,0.122537,0.123291
7832,2,0.234808,0.122607,0.125176
7833,2,0.09929,0.122593,0.124221
7834,2,0.156638,0.122614,0.125236
7835,2,0.165036,0.12264,0.125148
7836,2,0.240483,0.122713,0.126381
7837,2,0.112925,0.122707,0.126556
7838,2,0.140132,0.122718,0.127279
7839,2,0.101535,0.122705,0.127264
7840,2,0.136297,0.122713,0.127643
7841,2,0.07864,0.122686,0.127352
7842,2,0.104319,0.122675,0.126548
7843,2,0.083944,0.122651,0.126641
7844,2,0.173744,0.122682,0.127605
7845,2,0.133299,0.122689,0.127814
7846,2,0.122454,0.122689,0.127873
7847,2,0.097502,0.122673,0.128138
7848,2,0.143662,0.122686,0.128575
7849,2,0.11162,0.122679,0.128343
7850,2,0.174943,0.122711,0.129286
7851,2,0.151394,0.122729,0.1302
7852,2,0.161742,0.122753,0.129937
7853,2,0.049039,0.122708,0.128883
7854,2,0.113412,0.122702,0.129466
7855,2,0.086613,0.12268,0.129332
7856,2,0.05972,0.122641,0.128489
7857,2,0.073425,0.122611,0.128239
7858,2,0.063611,0.122575,0.127488
7859,2,0.125196,0.122577,0.127586
7860,2,0.067998,0.122543,0.126431
7861,2,0.118504,0.122541,0.126368
7862,2,0.104643,0.12253,0.126406
7863,2,0.094718,0.122513,0.125735
7864,2,0.094858,0.122496,0.125822
7865,2,0.046189,0.12245,0.125219
7866,2,0.070626,0.122418,0.125048
7867,2,0.093631,0.122401,0.124767
7868,2,0.136535,0.122409,0.124306
7869,2,0.040274,0.122359,0.123349
7870,2,0.094335,0.122342,0.123054
7871,2,0.153945,0.122361,0.123832
7872,2,0.083031,0.122338,0.124007
7873,2,0.081765,0.122313,0.123209
7874,2,0.121411,0.122312,0.123185
7875,2,0.176937,0.122346,0.123646
7876,2,0.113469,0.12234,0.123593
7877,2,0.160401,0.122363,0.124261
7878,2,0.13314,0.12237,0.124418
7879,2,0.099288,0.122356,0.124095
7880,2,0.16501,0.122381,0.124541
7881,2,0.157693,0.122403,0.125374
7882,2,0.089693,0.122383,0.12562
7883,2,0.09921,0.122369,0.125531
7884,2,0.171723,0.122399,0.125803
7885,2,0.103714,0.122388,0.124755
7886,2,0.152735,0.122406,0.125761
7887,2,0.085573,0.122384,0.125592
7888,2,0.132173,0.12239,0.125236
7889,2,0.19362,0.122432,0.125564
7890,2,0.097576,0.122417,0.124706
7891,2,0.136268,0.122426,0.124983
7892,2,0.163679,0.12245,0.125234
7893,2,0.072601,0.122421,0.124539
7894,2,0.102783,0.122409,0.124285
7895,2,0.151022,0.122426,0.12438
7896,2,0.167404,0.122453,0.125268
7897,2,0.11979,0.122451,0.125413
7898,2,0.174992,0.122483,0.125539
7899,2,0.146466,0.122497,0.125225
7900,2,0.143056,0.122509,0.12537
7901,2,0.130878,0.122514,0.125639
7902,2,0.11227,0.122508,0.125225
7903,2,0.166809,0.122534,0.125501
7904,2,0.13408,0.122541,0.125413
7905,2,0.051804,0.122499,0.124389
7906,2,0.083801,0.122476,0.123837
7907,2,0.18517,0.122513,0.123941
7908,2,0.206502,0.122563,0.124879
7909,2,0.227664,0.122626,0.125536
7910,2,0.106516,0.122616,0.125444
7911,2,0.057532,0.122578,0.12495
7912,2,0.066586,0.122544,0.122998
7913,2,0.141063,0.122555,0.123064
7914,2,0.135448,0.122563,0.1234
7915,2,0.1377,0.122572,0.123246
7916,2,0.11424,0.122567,0.123038
7917,2,0.077693,0.122541,0.122724
7918,2,0.145708,0.122554,0.12268
7919,2,0.141146,0.122565,0.12282
7920,2,0.086801,0.122544,0.122607
7921,2,0.147017,0.122558,0.123425
7922,2,0.10395,0.122548,0.122709
7923,2,0.127097,0.12255,0.122316
7924,2,0.185425,0.122587,0.122719
7925,2,0.096466,0.122572,0.122664
7926,2,0.168407,0.122599,0.12263
7927,2,0.133968,0.122605,0.122984
7928,2,0.170247,0.122633,0.12426
7929,2,0.054303,0.122593,0.123421
7930,2,0.241789,0.122663,0.124607
7931,2,0.134488,0.12267,0.124805
7932,2,0.137376,0.122679,0.12383
7933,2,0.0782,0.122653,0.123619
7934,2,0.088236,0.122633,0.122935
7935,2,0.130573,0.122637,0.122591
7936,2,0.146351,0.122651,0.121649
7937,2,0.114134,0.122646,0.121662
7938,2,0.142567,0.122658,0.121686
7939,2,0.196016,0.1227,0.122631
7940,2,0.135038,0.122708,0.122618
7941,2,0.099332,0.122694,0.122825
7942,2,0.081793,0.12267,0.1226
7943,2,0.075812,0.122643,0.122518
7944,2,0.101215,0.12263,0.121793
7945,2,0.079335,0.122605,0.121254
7946,2,0.081353,0.122581,0.120843
7947,2,0.171569,0.12261,0.121583
7948,2,0.184724,0.122646,0.121994
7949,2,0.068652,0.122615,0.121564
7950,2,0.131598,0.12262,0.121131
7951,2,0.090881,0.122601,0.120526
7952,2,0.202658,0.122648,0.120935
7953,2,0.124532,0.122649,0.12169
7954,2,0.168235,0.122675,0.122238
7955,2,0.103266,0.122664,0.122404
7956,2,0.087939,0.122644,0.122687
7957,2,0.149013,0.122659,0.123442
7958,2,0.135368,0.122666,0.12416
7959,2,0.157004,0.122686,0.124478
7960,2,0.115153,0.122682,0.12495
7961,2,0.13673,0.12269,0.125132
7962,2,0.109146,0.122682,0.125177
7963,2,0.150656,0.122698,0.125736
7964,2,0.136304,0.122706,0.126151
7965,2,0.140894,0.122716,0.127098
7966,2,0.141375,0.122727,0.127805
7967,2,0.089564,0.122708,0.127765
7968,2,0.200017,0.122752,0.1284
7969,2,0.206407,0.1228,0.130061
7970,2,0.131321,0.122805,0.130431
7971,2,0.16143,0.122827,0.130506
7972,2,0.212526,0.122879,0.131801
7973,2,0.090863,0.12286,0.131892
7974,2,0.136683,0.122868,0.132044
7975,2,0.04781,0.122825,0.130753
7976,2,0.211496,0.122876,0.131733
7977,2,0.199743,0.12292,0.132127
7978,2,0.113743,0.122915,0.131933
7979,2,0.057577,0.122877,0.131516
7980,2,0.091567,0.12286,0.130781
7981,2,0.221127,0.122915,0.131415
7982,2,0.188764,0.122953,0.132406
7983,2,0.173526,0.122982,0.133149
7984,2,0.138608,0.12299,0.132818
7985,2,0.033876,0.12294,0.13212
7986,2,0.139241,0.122949,0.131985
7987,2,0.12446,0.12295,0.132374
7988,2,0.132366,0.122955,0.132376
7989,2,0.100054,0.122942,0.13144
7990,2,0.093415,0.122926,0.131398
7991,2,0.131645,0.122931,0.131352
7992,2,0.167704,0.122956,0.131392
7993,2,0.110103,0.122949,0.131767
7994,2,0.132576,0.122954,0.132065
7995,2,0.174476,0.122983,0.1323
7996,2,0.152624,0.123,0.132152
7997,2,0.099793,0.122987,0.131952
7998,2,0.150447,0.123002,0.131707
7999,2,0.092888,0.122985,0.131171
8000,2,0.154361,0.123003,0.131284
8001,2,0.074752,0.122976,0.130723
8002,2,0.132584,0.122981,0.130926
8003,2,0.110447,0.122974,0.130362
8004,2,0.079738,0.12295,0.129819
8005,2,0.076744,0.122924,0.130068
8006,2,0.134288,0.12293,0.130573
8007,2,0.131427,0.122935,0.130036
8008,2,0.117509,0.122932,0.129146
8009,2,0.111123,0.122925,0.12798
8010,2,0.158372,0.122945,0.128499
8011,2,0.13652,0.122953,0.129289
8012,2,0.163952,0.122976,0.130262
8013,2,0.166015,0.123,0.130512
8014,2,0.056501,0.122963,0.129722
8015,2,0.105731,0.122953,0.129403
8016,2,0.143957,0.122965,0.1297
8017,2,0.158206,0.122984,0.130505
8018,2,0.127194,0.122987,0.13032
8019,2,0.131853,0.122992,0.130227
8020,2,0.044573,0.122948,0.129805
8021,2,0.185983,0.122983,0.130194
8022,2,0.156862,0.123002,0.130723
8023,2,0.165831,0.123026,0.131111
8024,2,0.145767,0.123038,0.130714
8025,2,0.101238,0.123026,0.130762
8026,2,0.249454,0.123096,0.131572
8027,2,0.055449,0.123059,0.130787
8028,2,0.193062,0.123098,0.131015
8029,2,0.129134,0.123101,0.131764
8030,2,0.106422,0.123092,0.13041
8031,2,0.067297,0.123061,0.129738
8032,2,0.135568,0.123068,0.12972
8033,2,0.108808,0.12306,0.130026
8034,2,0.096098,0.123045,0.130105
8035,2,0.105441,0.123035,0.129853
8036,2,0.073743,0.123008,0.129127
8037,2,0.107376,0.123,0.12906
8038,2,0.171837,0.123027,0.129352
8039,2,0.242177,0.123092,0.129814
8040,2,0.123919,0.123093,0.129703
8041,2,0.147106,0.123106,0.130181
8042,2,0.238431,0.123169,0.131747
8043,2,0.098803,0.123156,0.131977
8044,2,0.128689,0.123159,0.132252
8045,2,0.163177,0.123181,0.13309
8046,2,0.120297,0.123179,0.133479
8047,2,0.075429,0.123153,0.132518
8048,2,0.147052,0.123166,0.132141
8049,2,0.138276,0.123174,0.132838
8050,2,0.113368,0.123169,0.132655
8051,2,0.090346,0.123151,0.13265
8052,2,0.10488,0.123141,0.131672
8053,2,0.123255,0.123141,0.131659
8054,2,0.13719,0.123149,0.131349
8055,2,0.12252,0.123148,0.131541
8056,2,0.072527,0.123121,0.131387
8057,2,0.160516,0.123141,0.131502
8058,2,0.086351,0.123121,0.131012
8059,2,0.112527,0.123115,0.130567
8060,2,0.093285,0.123099,0.130349
8061,2,0.112709,0.123094,0.130109
8062,2,0.135033,0.1231,0.130367
8063,2,0.082243,0.123078,0.129683
8064,2,0.114343,0.123073,0.129464
8065,2,0.091483,0.123056,0.12897
8066,2,0.120496,0.123055,0.128761
8067,2,0.141117,0.123064,0.129276
8068,2,0.078991,0.12304,0.128066
8069,2,0.046623,0.122999,0.126468
8070,2,0.088072,0.12298,0.126036
8071,2,0.150276,0.122995,0.125924
8072,2,0.140172,0.123004,0.125201
8073,2,0.062565,0.122972,0.124918
8074,2,0.088868,0.122953,0.12444
8075,2,0.08452,0.122932,0.124807
8076,2,0.159743,0.122952,0.124289
8077,2,0.103703,0.122942,0.123329
8078,2,0.154206,0.122959,0.123733
8079,2,0.09014,0.122941,0.124059
8080,2,0.153076,0.122957,0.124674
8081,2,0.096048,0.122943,0.123423
8082,2,0.119644,0.122941,0.122732
8083,2,0.109741,0.122934,0.122094
8084,2,0.119382,0.122932,0.121902
8085,2,0.188002,0.122967,0.123443
8086,2,0.204373,0.123011,0.124095
8087,2,0.106961,0.123002,0.12392
8088,2,0.105007,0.122992,0.123646
8089,2,0.105585,0.122983,0.123701
8090,2,0.110296,0.122976,0.12387
8091,2,0.139547,0.122985,0.123949
8092,2,0.099599,0.122973,0.123268
8093,2,0.1776,0.123002,0.123943
8094,2,0.159587,0.123021,0.124213
8095,2,0.134521,0.123028,0.123814
8096,2,0.118279,0.123025,0.12347
8097,2,0.236687,0.123086,0.124839
8098,2,0.09781,0.123072,0.124313
8099,2,0.103024,0.123061,0.124414
8100,2,0.101572,0.12305,0.123886
8101,2,0.07226,0.123023,0.123861
8102,2,0.111155,0.123017,0.123647
8103,2,0.104076,0.123007,0.123583
8104,2,0.12852,0.12301,0.124071
8105,2,0.051474,0.122972,0.123818
8106,2,0.100495,0.12296,0.12348
8107,2,0.066831,0.12293,0.122835
8108,2,0.147112,0.122943,0.123131
8109,2,0.041848,0.1229,0.122438
8110,2,0.115958,0.122896,0.122014
8111,2,0.142002,0.122906,0.122068
8112,2,0.099079,0.122893,0.12142
8113,2,0.156846,0.122911,0.121328
8114,2,0.125137,0.122913,0.122014
8115,2,0.048008,0.122873,0.121437
8116,2,0.067809,0.122844,0.120676
8117,2,0.064064,0.122813,0.119734
8118,2,0.092196,0.122797,0.119384
8119,2,0.101916,0.122786,0.119085
8120,2,0.094779,0.122771,0.119587
8121,2,0.071289,0.122744,0.11844
8122,2,0.11622,0.12274,0.118034
8123,2,0.088601,0.122722,0.117261
8124,2,0.192295,0.122759,0.117727
8125,2,0.131017,0.122763,0.118024
8126,2,0.150131,0.122778,0.117031
8127,2,0.079118,0.122755,0.117268
8128,2,0.057598,0.122721,0.115913
8129,2,0.122418,0.12272,0.115846
8130,2,0.082631,0.122699,0.115608
8131,2,0.130878,0.122704,0.116244
8132,2,0.111296,0.122698,0.116001
8133,2,0.121672,0.122697,0.11613
8134,2,0.065425,0.122667,0.115823
8135,2,0.074823,0.122642,0.115517
8136,2,0.154444,0.122659,0.116324
8137,2,0.132951,0.122664,0.11658
8138,2,0.08027,0.122642,0.115664
8139,2,0.081968,0.122621,0.114062
8140,2,0.142133,0.122631,0.114244
8141,2,0.076818,0.122607,0.113541
8142,2,0.097218,0.122594,0.112129
8143,2,0.152096,0.122609,0.112662
8144,2,0.063847,0.122579,0.112014
8145,2,0.071028,0.122552,0.111092
8146,2,0.132137,0.122557,0.111211
8147,2,0.050487,0.122519,0.110961
8148,2,0.11777,0.122517,0.110668
8149,2,0.083379,0.122497,0.110119
8150,2,0.113388,0.122492,0.11012
8151,2,0.086882,0.122473,0.110085
8152,2,0.050057,0.122436,0.109537
8153,2,0.089731,0.122419,0.109201
8154,2,0.098032,0.122406,0.10881
8155,2,0.186415,0.122439,0.109449
8156,2,0.090535,0.122423,0.109629
8157,2,0.111388,0.122417,0.109138
8158,2,0.107144,0.122409,0.109346
8159,2,0.081991,0.122388,0.10904
8160,2,0.117584,0.122386,0.109283
8161,2,0.096893,0.122373,0.109125
8162,2,0.132755,0.122378,0.109102
8163,2,0.092497,0.122363,0.109205
8164,2,0.115066,0.122359,0.109212
8165,2,0.100157,0.122348,0.109299
8166,2,0.185674,0.12238,0.109951
8167,2,0.106849,0.122372,0.109608
8168,2,0.082274,0.122352,0.109641
8169,2,0.159177,0.12237,0.110766
8170,2,0.098323,0.122358,0.110869
8171,2,0.164048,0.12238,0.111006
8172,2,0.071984,0.122354,0.110325
8173,2,0.10063,0.122343,0.110705
8174,2,0.146836,0.122355,0.111285
8175,2,0.090887,0.122339,0.111349
8176,2,0.123417,0.122339,0.110985
8177,2,0.16472,0.122361,0.111595
8178,2,0.146077,0.122373,0.111514
8179,2,0.241567,0.122434,0.113028
8180,2,0.085072,0.122415,0.112348
8181,2,0.092121,0.1224,0.112309
8182,2,0.113077,0.122395,0.112243
8183,2,0.063877,0.122365,0.111785
8184,2,0.120874,0.122364,0.1118
8185,2,0.070634,0.122338,0.110626
8186,2,0.183674,0.122369,0.110419
8187,2,0.123997,0.12237,0.110589
8188,2,0.083363,0.12235,0.110373
8189,2,0.099622,0.122339,0.110313
8190,2,0.079532,0.122317,0.110006
8191,2,0.165223,0.122339,0.110262
8192,2,0.123264,0.122339,0.110499
8193,2,0.135899,0.122346,0.110082
8194,2,0.165036,0.122368,0.110137
8195,2,0.088911,0.122351,0.10968
8196,2,0.16819,0.122374,0.11018
8197,2,0.210401,0.122419,0.109917
8198,2,0.088986,0.122402,0.109829
8199,2,0.109835,0.122395,0.109897
8200,2,0.097558,0.122383,0.109856
8201,2,0.193891,0.122419,0.111073
8202,2,0.1272,0.122421,0.111233
8203,2,0.11668,0.122418,0.111359
8204,2,0.150441,0.122432,0.111579
8205,2,0.054718,0.122398,0.111611
8206,2,0.167168,0.122421,0.112278
8207,2,0.083216,0.122401,0.112442
8208,2,0.163852,0.122422,0.112609
8209,2,0.061994,0.122392,0.11281
8210,2,0.210521,0.122436,0.113756
8211,2,0.1606,0.122455,0.113942
8212,2,0.074472,0.122431,0.113696
8213,2,0.080745,0.12241,0.112935
8214,2,0.137574,0.122418,0.113059
8215,2,0.173184,0.122443,0.114311
8216,2,0.124059,0.122444,0.114874
8217,2,0.082227,0.122424,0.115055
8218,2,0.138415,0.122432,0.115517
8219,2,0.10373,0.122422,0.115536
8220,2,0.164974,0.122444,0.116237
8221,2,0.175741,0.12247,0.117282
8222,2,0.056065,0.122437,0.11668
8223,2,0.116899,0.122434,0.116963
8224,2,0.226355,0.122486,0.117304
8225,2,0.111639,0.122481,0.11711
8226,2,0.130931,0.122485,0.116918
8227,2,0.180387,0.122514,0.117931
8228,2,0.103353,0.122505,0.118388
8229,2,0.124514,0.122506,0.118409
8230,2,0.23656,0.122562,0.119949
8231,2,0.154129,0.122578,0.120181
8232,2,0.054112,0.122544,0.119609
8233,2,0.19002,0.122578,0.120293
8234,2,0.049397,0.122541,0.120133
8235,2,0.113661,0.122537,0.120521
8236,2,0.109971,0.122531,0.120076
8237,2,0.080769,0.12251,0.119554
8238,2,0.086272,0.122492,0.119614
8239,2,0.190248,0.122525,0.120697
8240,2,0.147624,0.122538,0.120752
8241,2,0.110707,0.122532,0.121091
8242,2,0.130407,0.122536,0.121423
8243,2,0.18851,0.122569,0.121787
8244,2,0.095764,0.122555,0.122106
8245,2,0.079321,0.122534,0.122189
8246,2,0.063295,0.122505,0.121501
8247,2,0.113001,0.1225,0.122126
8248,2,0.061157,0.12247,0.12156
8249,2,0.154715,0.122486,0.122273
8250,2,0.151123,0.1225,0.12265
8251,2,0.110715,0.122494,0.122889
8252,2,0.047983,0.122457,0.122868
8253,2,0.087068,0.12244,0.122841
8254,2,0.17505,0.122466,0.123612
8255,2,0.11876,0.122464,0.122935
8256,2,0.098655,0.122452,0.123016
8257,2,0.128797,0.122455,0.12319
8258,2,0.108525,0.122448,0.123204
8259,2,0.217299,0.122495,0.124557
8260,2,0.124821,0.122496,0.12463
8261,2,0.031477,0.122451,0.123975
8262,2,0.100335,0.122441,0.123651
8263,2,0.114894,0.122437,0.123875
8264,2,0.108208,0.12243,0.123807
8265,2,0.053517,0.122396,0.12334
8266,2,0.19417,0.122431,0.123425
8267,2,0.104955,0.122423,0.123406
8268,2,0.081822,0.122403,0.123402
8269,2,0.142977,0.122413,0.12324
8270,2,0.167183,0.122435,0.123928
8271,2,0.190153,0.122468,0.124189
8272,2,0.19044,0.122501,0.125374
8273,2,0.116226,0.122498,0.12553
8274,2,0.122985,0.122498,0.125291
8275,2,0.10742,0.122491,0.125457
8276,2,0.130102,0.122495,0.125524
8277,2,0.035047,0.122452,0.124227
8278,2,0.066774,0.122425,0.123434
8279,2,0.109,0.122418,0.122108
8280,2,0.103824,0.122409,0.122296
8281,2,0.169423,0.122432,0.123069
8282,2,0.236782,0.122488,0.124306
8283,2,0.16143,0.122507,0.125281
8284,2,0.078648,0.122485,0.124859
8285,2,0.083718,0.122467,0.12499
8286,2,0.094496,0.122453,0.124098
8287,2,0.078038,0.122431,0.123638
8288,2,0.173578,0.122456,0.124541
8289,2,0.082185,0.122437,0.124366
8290,2,0.153718,0.122452,0.125108
8291,2,0.051091,0.122417,0.123967
8292,2,0.184359,0.122447,0.124578
8293,2,0.136234,0.122454,0.124581
8294,2,0.125346,0.122455,0.124184
8295,2,0.164018,0.122475,0.124935
8296,2,0.060416,0.122445,0.123858
8297,2,0.092415,0.122431,0.122678
8298,2,0.09265,0.122417,0.122714
8299,2,0.101608,0.122407,0.122632
8300,2,0.103346,0.122397,0.12269
8301,2,0.072137,0.122373,0.121472
8302,2,0.123634,0.122374,0.121437
8303,2,0.157965,0.122391,0.12185
8304,2,0.232124,0.122444,0.122666
8305,2,0.119286,0.122442,0.123312
8306,2,0.083137,0.122423,0.122472
8307,2,0.164038,0.122443,0.12328
8308,2,0.074204,0.12242,0.122383
8309,2,0.125291,0.122422,0.123016
8310,2,0.119747,0.12242,0.122109
8311,2,0.130464,0.122424,0.121807
8312,2,0.100845,0.122414,0.122071
8313,2,0.249006,0.122474,0.123754
8314,2,0.123956,0.122475,0.123618
8315,2,0.132915,0.12248,0.123215
8316,2,0.111602,0.122475,0.12309
8317,2,0.117417,0.122472,0.123442
8318,2,0.105344,0.122464,0.123111
8319,2,0.051512,0.12243,0.122589
8320,2,0.125271,0.122432,0.122192
8321,2,0.073876,0.122409,0.121174
8322,2,0.102231,0.122399,0.121635
8323,2,0.218427,0.122445,0.122651
8324,2,0.197841,0.122481,0.122365
8325,2,0.149198,0.122493,0.122741
8326,2,0.070043,0.122468,0.122132
8327,2,0.222327,0.122516,0.122551
8328,2,0.072361,0.122492,0.122242
8329,2,0.167727,0.122514,0.122674
8330,2,0.088393,0.122497,0.121192
8331,2,0.114635,0.122494,0.120797
8332,2,0.148168,0.122506,0.121738
8333,2,0.156258,0.122522,0.1214
8334,2,0.103781,0.122513,0.121944
8335,2,0.134754,0.122519,0.122155
8336,2,0.147433,0.12253,0.122529
8337,2,0.121824,0.12253,0.12294
8338,2,0.118729,0.122528,0.123265
8339,2,0.042945,0.122491,0.121791
8340,2,0.08347,0.122472,0.12115
8341,2,0.082675,0.122454,0.12087
8342,2,0.099992,0.122443,0.120565
8343,2,0.195358,0.122477,0.120634
8344,2,0.085732,0.12246,0.120534
8345,2,0.080151,0.12244,0.120542
8346,2,0.122959,0.12244,0.121139
8347,2,0.089294,0.122425,0.120902
8348,2,0.14803,0.122437,0.12177
8349,2,0.122836,0.122437,0.121451
8350,2,0.036596,0.122397,0.120306
8351,2,0.087988,0.12238,0.120079
8352,2,0.151673,0.122394,0.121116
8353,2,0.151128,0.122408,0.121756
8354,2,0.080659,0.122388,0.120812
8355,2,0.242776,0.122445,0.122053
8356,2,0.135932,0.122451,0.122425
8357,2,0.153923,0.122466,0.122677
8358,2,0.131122,0.12247,0.122903
8359,2,0.055822,0.122438,0.121288
8360,2,0.202285,0.122476,0.122063
8361,2,0.083149,0.122457,0.122579
8362,2,0.081694,0.122438,0.122393
8363,2,0.123723,0.122439,0.122481
8364,2,0.115707,0.122436,0.122556
8365,2,0.172666,0.122459,0.123748
8366,2,0.103846,0.122451,0.122844
8367,2,0.118064,0.122449,0.122975
8368,2,0.074633,0.122426,0.122904
8369,2,0.070368,0.122402,0.122178
8370,2,0.194589,0.122436,0.122452
8371,2,0.043255,0.122399,0.120983
8372,2,0.122684,0.122399,0.120305
8373,2,0.167517,0.12242,0.120818
8374,2,0.085075,0.122402,0.120439
8375,2,0.142108,0.122412,0.120786
8376,2,0.052395,0.122379,0.120009
8377,2,0.1771,0.122405,0.121429
8378,2,0.152207,0.122418,0.122283
8379,2,0.140418,0.122427,0.122598
8380,2,0.087528,0.122411,0.122435
8381,2,0.137597,0.122418,0.122116
8382,2,0.076958,0.122397,0.120518
8383,2,0.127688,0.122399,0.120181
8384,2,0.084188,0.122381,0.120236
8385,2,0.139902,0.122389,0.120798
8386,2,0.065953,0.122363,0.120513
8387,2,0.118898,0.122362,0.120921
8388,2,0.135804,0.122368,0.120543
8389,2,0.184558,0.122397,0.121567
8390,2,0.096055,0.122384,0.120991
8391,2,0.087516,0.122368,0.121355
8392,2,0.111779,0.122363,0.120629
8393,2,0.115213,0.12236,0.120419
8394,2,0.133236,0.122365,0.120498
8395,2,0.08385,0.122347,0.119696
8396,2,0.103917,0.122339,0.120131
8397,2,0.100917,0.122329,0.120216
8398,2,0.136029,0.122335,0.12065
8399,2,0.086235,0.122319,0.120496
8400,2,0.132052,0.122323,0.120783
8401,2,0.122163,0.122323,0.121283
8402,2,0.096749,0.122312,0.121015
8403,2,0.068958,0.122287,0.120125
8404,2,0.08552,0.12227,0.118658
8405,2,0.095322,0.122258,0.118419
8406,2,0.132889,0.122263,0.118916
8407,2,0.091113,0.122248,0.118187
8408,2,0.066588,0.122223,0.118111
8409,2,0.11066,0.122218,0.117965
8410,2,0.185257,0.122246,0.11862
8411,2,0.115401,0.122243,0.118469
8412,2,0.165992,0.122263,0.119121
8413,2,0.077082,0.122243,0.117401
8414,2,0.070099,0.122219,0.116863
8415,2,0.090817,0.122205,0.116442
8416,2,0.174285,0.122228,0.117069
8417,2,0.150583,0.122241,0.1174
8418,2,0.161016,0.122259,0.117957
8419,2,0.079321,0.122239,0.118235
8420,2,0.062951,0.122212,0.117612
8421,2,0.163286,0.122231,0.118506
8422,2,0.055679,0.122201,0.11804
8423,2,0.244769,0.122257,0.118304
8424,2,0.109105,0.122251,0.117417
8425,2,0.099997,0.12224,0.116925
8426,2,0.127962,0.122243,0.117504
8427,2,0.113406,0.122239,0.116414
8428,2,0.154135,0.122253,0.117232
8429,2,0.062033,0.122226,0.116175
8430,2,0.093716,0.122213,0.116229
8431,2,0.161467,0.122231,0.116697
8432,2,0.125936,0.122233,0.116475
8433,2,0.097608,0.122222,0.115888
8434,2,0.168293,0.122242,0.116533
8435,2,0.13468,0.122248,0.116532
8436,2,0.153925,0.122262,0.116597
8437,2,0.125737,0.122264,0.116636
8438,2,0.088213,0.122249,0.116331
8439,2,0.20514,0.122286,0.117953
8440,2,0.16094,0.122303,0.118728
8441,2,0.08328,0.122286,0.118734
8442,2,0.174326,0.122309,0.119477
8443,2,0.075288,0.122288,0.118277
8444,2,0.082076,0.12227,0.11824
8445,2,0.173976,0.122293,0.119178
8446,2,0.12677,0.122295,0.119216
8447,2,0.171789,0.122318,0.120041
8448,2,0.126573,0.122319,0.119827
8449,2,0.10412,0.122311,0.11964
8450,2,0.162451,0.122329,0.120898
8451,2,0.090853,0.122315,0.120927
8452,2,0.082615,0.122297,0.120236
8453,2,0.154049,0.122312,0.120266
8454,2,0.100682,0.122302,0.120466
8455,2,0.14006,0.12231,0.119439
8456,2,0.142524,0.122319,0.119505
8457,2,0.123781,0.12232,0.119203
8458,2,0.12664,0.122321,0.119158
8459,2,0.137068,0.122328,0.119971
8460,2,0.099638,0.122318,0.118944
8461,2,0.159421,0.122335,0.119707
8462,2,0.151197,0.122347,0.120402
8463,2,0.097673,0.122336,0.120142
8464,2,0.115444,0.122333,0.120139
8465,2,0.179043,0.122359,0.120203
8466,2,0.154485,0.122373,0.120709
8467,2,0.108183,0.122367,0.12061
8468,2,0.072754,0.122345,0.120591
8469,2,0.076367,0.122324,0.120651
8470,2,0.128395,0.122327,0.119989
8471,2,0.058227,0.122298,0.120139
8472,2,0.14653,0.122309,0.120378
8473,2,0.094796,0.122297,0.11965
8474,2,0.121978,0.122297,0.120019
8475,2,0.171732,0.122319,0.120316
8476,2,0.146125,0.122329,0.121253
8477,2,0.113588,0.122325,0.120618
8478,2,0.032726,0.122286,0.119423
8479,2,0.12823,0.122288,0.119301
8480,2,0.161307,0.122305,0.120039
8481,2,0.15786,0.122321,0.120242
8482,2,0.050772,0.12229,0.11998
8483,2,0.091137,0.122276,0.119614
8484,2,0.106484,0.122269,0.119837
8485,2,0.133943,0.122274,0.119778
8486,2,0.10532,0.122266,0.120171
8487,2,0.107254,0.12226,0.120055
8488,2,0.116245,0.122257,0.119859
8489,2,0.14513,0.122267,0.119465
8490,2,0.098546,0.122257,0.11949
8491,2,0.042911,0.122222,0.119044
8492,2,0.152784,0.122235,0.119454
8493,2,0.17948,0.12226,0.120097
8494,2,0.096134,0.122249,0.119726
8495,2,0.191333,0.122279,0.1208
8496,2,0.198047,0.122313,0.121742
8497,2,0.096948,0.122302,0.121702
8498,2,0.095202,0.12229,0.121294
8499,2,0.104775,0.122282,0.121479
8500,2,0.108755,0.122276,0.121246
8501,2,0.089864,0.122262,0.120923
8502,2,0.078943,0.122243,0.120745
8503,2,0.057086,0.122214,0.120626
8504,2,0.091464,0.122201,0.120686
8505,2,0.0403,0.122165,0.120136
8506,2,0.185563,0.122193,0.120662
8507,2,0.148423,0.122204,0.121235
8508,2,0.15582,0.122219,0.122128
8509,2,0.179673,0.122244,0.122818
8510,2,0.093383,0.122231,0.121899
8511,2,0.085071,0.122215,0.121596
8512,2,0.142849,0.122224,0.121364
8513,2,0.070355,0.122201,0.121297
8514,2,0.10267,0.122193,0.121623
8515,2,0.156088,0.122208,0.122276
8516,2,0.134226,0.122213,0.121875
8517,2,0.187603,0.122241,0.122245
8518,2,0.179428,0.122266,0.122429
8519,2,0.1255,0.122268,0.122891
8520,2,0.118113,0.122266,0.123443
8521,2,0.155318,0.12228,0.123363
8522,2,0.146413,0.122291,0.12427
8523,2,0.075861,0.122271,0.122581
8524,2,0.162482,0.122288,0.123115
8525,2,0.085106,0.122272,0.122966
8526,2,0.064728,0.122247,0.122334
8527,2,0.073485,0.122226,0.121935
8528,2,0.127877,0.122228,0.121672
8529,2,0.107061,0.122222,0.122122
8530,2,0.099973,0.122212,0.122185
8531,2,0.085588,0.122196,0.121426
8532,2,0.128196,0.122199,0.121449
8533,2,0.21562,0.122239,0.122629
8534,2,0.126245,0.122241,0.122208
8535,2,0.137121,0.122247,0.122233
8536,2,0.147096,0.122258,0.122164
8537,2,0.13936,0.122266,0.122301
8538,2,0.144631,0.122275,0.122865
8539,2,0.098534,0.122265,0.121799
8540,2,0.159425,0.122281,0.121784
8541,2,0.110829,0.122276,0.122059
8542,2,0.085726,0.12226,0.121173
8543,2,0.080795,0.122242,0.121228
8544,2,0.151267,0.122255,0.12192
8545,2,0.117268,0.122253,0.121353
8546,2,0.171675,0.122274,0.121802
8547,2,0.099168,0.122264,0.121076
8548,2,0.086934,0.122249,0.120679
8549,2,0.07761,0.12223,0.120414
8550,2,0.07396,0.122209,0.119529
8551,2,0.081806,0.122192,0.119439
8552,2,0.162745,0.122209,0.12024
8553,2,0.091018,0.122196,0.11961
8554,2,0.064329,0.122171,0.119246
8555,2,0.154384,0.122185,0.11939
8556,2,0.124631,0.122186,0.119211
8557,2,0.159296,0.122202,0.119566
8558,2,0.103646,0.122194,0.119336
8559,2,0.121492,0.122193,0.11918
8560,2,0.082608,0.122176,0.11901
8561,2,0.20083,0.12221,0.119424
8562,2,0.074074,0.122189,0.118653
8563,2,0.113587,0.122186,0.118812
8564,2,0.2305,0.122232,0.119962
8565,2,0.126711,0.122234,0.119439
8566,2,0.165519,0.122252,0.119549
8567,2,0.131788,0.122256,0.119786
8568,2,0.088373,0.122242,0.119942
8569,2,0.155595,0.122256,0.120734
8570,2,0.116953,0.122254,0.12062
8571,2,0.163533,0.122272,0.121673
8572,2,0.197969,0.122304,0.122187
8573,2,0.052252,0.122274,0.121762
8574,2,0.091353,0.122261,0.121455
8575,2,0.106073,0.122254,0.120799
8576,2,0.050754,0.122224,0.119845
8577,2,0.063489,0.122199,0.119344
8578,2,0.111432,0.122194,0.120131
8579,2,0.105015,0.122187,0.119899
8580,2,0.095946,0.122176,0.119245
8581,2,0.083453,0.122159,0.118501
8582,2,0.111921,0.122155,0.119113
8583,2,0.154112,0.122168,0.119743
8584,2,0.172855,0.12219,0.120406
8585,2,0.146383,0.1222,0.120531
8586,2,0.091013,0.122187,0.120388
8587,2,0.213586,0.122226,0.121451
8588,2,0.174714,0.122248,0.122036
8589,2,0.061109,0.122222,0.121195
8590,2,0.092941,0.12221,0.121139
8591,2,0.127786,0.122212,0.121988
8592,2,0.120406,0.122211,0.121664
8593,2,0.154008,0.122225,0.12141
8594,2,0.138185,0.122231,0.12183
8595,2,0.070762,0.12221,0.120624
8596,2,0.105634,0.122203,0.1197
8597,2,0.131854,0.122207,0.120049
8598,2,0.090597,0.122193,0.120003
8599,2,0.073881,0.122173,0.119694
8600,2,0.158626,0.122188,0.120193
8601,2,0.155138,0.122202,0.120846
8602,2,0.219032,0.122243,0.122247
8603,2,0.092638,0.12223,0.122602
8604,2,0.134914,0.122236,0.123037
8605,2,0.097548,0.122225,0.123609
8606,2,0.238246,0.122274,0.124136
8607,2,0.10139,0.122265,0.123666
8608,2,0.112056,0.122261,0.123228
8609,2,0.081697,0.122244,0.122248
8610,2,0.141425,0.122252,0.122729
8611,2,0.154448,0.122266,0.123422
8612,2,0.058842,0.122239,0.122582
8613,2,0.143312,0.122248,0.123312
8614,2,0.191038,0.122277,0.124196
8615,2,0.054283,0.122248,0.123178
8616,2,0.181636,0.122273,0.123652
8617,2,0.122459,0.122273,0.123
8618,2,0.135035,0.122278,0.122556
8619,2,0.078334,0.12226,0.122085
8620,2,0.097216,0.12225,0.121876
8621,2,0.094811,0.122238,0.121271
8622,2,0.232887,0.122284,0.122135
8623,2,0.081963,0.122268,0.122196
8624,2,0.084773,0.122252,0.121419
8625,2,0.103512,0.122244,0.121603
8626,2,0.124052,0.122245,0.122197
8627,2,0.083555,0.122229,0.122297
8628,2,0.206583,0.122264,0.123084
8629,2,0.126126,0.122265,0.123275
8630,2,0.099038,0.122256,0.123266
8631,2,0.08701,0.122241,0.12328
8632,2,0.188235,0.122269,0.12388
8633,2,0.064467,0.122245,0.122369
8634,2,0.160254,0.12226,0.122709
8635,2,0.120535,0.12226,0.122543
8636,2,0.074323,0.12224,0.121815
8637,2,0.084917,0.122224,0.121271
8638,2,0.072066,0.122204,0.120545
8639,2,0.172059,0.122224,0.12128
8640,2,0.117176,0.122222,0.120858
8641,2,0.100017,0.122213,0.12075
8642,2,0.106514,0.122206,0.120958
8643,2,0.117992,0.122205,0.12133
8644,2,0.071286,0.122184,0.12053
8645,2,0.047897,0.122153,0.119836
8646,2,0.070814,0.122132,0.118827
8647,2,0.05676,0.122105,0.118403
8648,2,0.165896,0.122123,0.119193
8649,2,0.102146,0.122115,0.119438
8650,2,0.249711,0.122167,0.121196
8651,2,0.119605,0.122166,0.121574
8652,2,0.111615,0.122162,0.121063
8653,2,0.162157,0.122178,0.121774
8654,2,0.060423,0.122153,0.121735
8655,2,0.100085,0.122144,0.121192
8656,2,0.173056,0.122165,0.121676
8657,2,0.172427,0.122185,0.121807
8658,2,0.085765,0.12217,0.121629
8659,2,0.156662,0.122185,0.12198
8660,2,0.110123,0.12218,0.122255
8661,2,0.145376,0.122189,0.121701
8662,2,0.142265,0.122197,0.122383
8663,2,0.179037,0.122221,0.123037
8664,2,0.110659,0.122216,0.121839
8665,2,0.126593,0.122218,0.121838
8666,2,0.078639,0.1222,0.120969
8667,2,0.086856,0.122185,0.12052
8668,2,0.045418,0.122154,0.12009
8669,2,0.163044,0.122171,0.120165
8670,2,0.081544,0.122154,0.11981
8671,2,0.137717,0.12216,0.119552
8672,2,0.100456,0.122152,0.118577
8673,2,0.110138,0.122147,0.119156
8674,2,0.132275,0.122151,0.119565
8675,2,0.080348,0.122134,0.119308
8676,2,0.108119,0.122128,0.119882
8677,2,0.123144,0.122129,0.120478
8678,2,0.134022,0.122133,0.120704
8679,2,0.09632,0.122123,0.120617
8680,2,0.132931,0.122127,0.120987
8681,2,0.089081,0.122114,0.121043
8682,2,0.145269,0.122123,0.121377
8683,2,0.146637,0.122133,0.121302
8684,2,0.164214,0.12215,0.121216
8685,2,0.169524,0.12217,0.121447
8686,2,0.07362,0.12215,0.121273
8687,2,0.071909,0.122129,0.119856
8688,2,0.103266,0.122122,0.119142
8689,2,0.072236,0.122102,0.119253
8690,2,0.104732,0.122094,0.119371
8691,2,0.208604,0.12213,0.120179
8692,2,0.13434,0.122134,0.120319
8693,2,0.127468,0.122137,0.120053
8694,2,0.135538,0.122142,0.120027
8695,2,0.073102,0.122122,0.12005
8696,2,0.094158,0.122111,0.119935
8697,2,0.098142,0.122101,0.119598
8698,2,0.10527,0.122094,0.119745
8699,2,0.069885,0.122073,0.119705
8700,2,0.108562,0.122068,0.119204
8701,2,0.102764,0.12206,0.118681
8702,2,0.101745,0.122052,0.117508
8703,2,0.131117,0.122056,0.117892
8704,2,0.094531,0.122044,0.117489
8705,2,0.062598,0.122021,0.117139
8706,2,0.222915,0.122061,0.116986
8707,2,0.121645,0.122061,0.117188
8708,2,0.075118,0.122042,0.116819
8709,2,0.103843,0.122035,0.11704
8710,2,0.05774,0.122009,0.116204
8711,2,0.106796,0.122003,0.115727
8712,2,0.05693,0.121977,0.115708
8713,2,0.232304,0.122021,0.116598
8714,2,0.143223,0.122029,0.11612
8715,2,0.039665,0.121996,0.115974
8716,2,0.088598,0.121983,0.115043
8717,2,0.159061,0.121998,0.115409
8718,2,0.103195,0.12199,0.115091
8719,2,0.077529,0.121973,0.115083
8720,2,0.144822,0.121982,0.115559
8721,2,0.145738,0.121991,0.116068
8722,2,0.154533,0.122004,0.115285
8723,2,0.065043,0.121981,0.115115
8724,2,0.113541,0.121978,0.115403
8725,2,0.122419,0.121978,0.115592
8726,2,0.124303,0.121979,0.115595
8727,2,0.11544,0.121977,0.115913
8728,2,0.12021,0.121976,0.11505
8729,2,0.13475,0.121981,0.115136
8730,2,0.104243,0.121974,0.115188
8731,2,0.089453,0.121961,0.115212
8732,2,0.191512,0.121989,0.115245
8733,2,0.141119,0.121996,0.116012
8734,2,0.181734,0.12202,0.116227
8735,2,0.074018,0.122001,0.115761
8736,2,0.17335,0.122021,0.116752
8737,2,0.118987,0.12202,0.117092
8738,2,0.101898,0.122012,0.117391
8739,2,0.10899,0.122007,0.11676
8740,2,0.091782,0.121995,0.116506
8741,2,0.084984,0.12198,0.116356
8742,2,0.183516,0.122005,0.117126
8743,2,0.166765,0.122022,0.117613
8744,2,0.181747,0.122046,0.118718
8745,2,0.13375,0.122051,0.119577
8746,2,0.075532,0.122032,0.119624
8747,2,0.115311,0.12203,0.120209
8748,2,0.091506,0.122018,0.119465
8749,2,0.106132,0.122011,0.119505
8750,2,0.127097,0.122013,0.118279
8751,2,0.084628,0.121999,0.117929
8752,2,0.106734,0.121993,0.117881
8753,2,0.089475,0.12198,0.117154
8754,2,0.072564,0.12196,0.117275
8755,2,0.104514,0.121953,0.117319
8756,2,0.167752,0.121971,0.117266
8757,2,0.126696,0.121973,0.116809
8758,2,0.090233,0.121961,0.116854
8759,2,0.116664,0.121959,0.116454
8760,2,0.101546,0.121951,0.116368
8761,2,0.077119,0.121933,0.115685
8762,2,0.076048,0.121915,0.115023
8763,2,0.12323,0.121915,0.114465
8764,2,0.083882,0.1219,0.114197
8765,2,0.148723,0.121911,0.114419
8766,2,0.139113,0.121918,0.115023
8767,2,0.083328,0.121903,0.114988
8768,2,0.159109,0.121917,0.116125
8769,2,0.132076,0.121921,0.115815
8770,2,0.061608,0.121897,0.115616
8771,2,0.116139,0.121895,0.1154
8772,2,0.115314,0.121893,0.115549
8773,2,0.103959,0.121886,0.115487
8774,2,0.172202,0.121905,0.115886
8775,2,0.123601,0.121906,0.116319
8776,2,0.134351,0.121911,0.116581
8777,2,0.097622,0.121901,0.116326
8778,2,0.09814,0.121892,0.115967
8779,2,0.079534,0.121875,0.115799
8780,2,0.075163,0.121857,0.115222
8781,2,0.130156,0.12186,0.115632
8782,2,0.091148,0.121848,0.115091
8783,2,0.103461,0.121841,0.114659
8784,2,0.184933,0.121866,0.114867
8785,2,0.049698,0.121838,0.113668
8786,2,0.073245,0.121819,0.113665
8787,2,0.082094,0.121803,0.113766
8788,2,0.103721,0.121796,0.113771
8789,2,0.157198,0.12181,0.114621
8790,2,0.063794,0.121787,0.114211
8791,2,0.115908,0.121785,0.113284
8792,2,0.114876,0.121782,0.11309
8793,2,0.142382,0.12179,0.113239
8794,2,0.149095,0.121801,0.113374
8795,2,0.067876,0.12178,0.113322
8796,2,0.10901,0.121775,0.113471
8797,2,0.122475,0.121775,0.113714
8798,2,0.107232,0.12177,0.113734
8799,2,0.117241,0.121768,0.114207
8800,2,0.135753,0.121773,0.114479
8801,2,0.079577,0.121757,0.114247
8802,2,0.188326,0.121783,0.115113
8803,2,0.106614,0.121777,0.114868
8804,2,0.114011,0.121774,0.115063
8805,2,0.121007,0.121774,0.115647
8806,2,0.090101,0.121761,0.114319
8807,2,0.056091,0.121736,0.113663
8808,2,0.070862,0.121716,0.113621
8809,2,0.145054,0.121725,0.114033
8810,2,0.196263,0.121754,0.115418
8811,2,0.075741,0.121736,0.115107
8812,2,0.166027,0.121753,0.116198
8813,2,0.093013,0.121742,0.114805
8814,2,0.141246,0.12175,0.114786
8815,2,0.133508,0.121754,0.115724
8816,2,0.062393,0.121732,0.115462
8817,2,0.17722,0.121753,0.115644
8818,2,0.228858,0.121794,0.1169
8819,2,0.124779,0.121795,0.117373
8820,2,0.115418,0.121793,0.117079
8821,2,0.096797,0.121783,0.116589
8822,2,0.115764,0.121781,0.116202
8823,2,0.12088,0.121781,0.11676
8824,2,0.06494,0.121759,0.116274
8825,2,0.179183,0.121781,0.116842
8826,2,0.130515,0.121784,0.116904
8827,2,0.086201,0.121771,0.116611
8828,2,0.09233,0.121759,0.116333
8829,2,0.162636,0.121775,0.116611
8830,2,0.18939,0.121801,0.117463
8831,2,0.095635,0.121791,0.117525
8832,2,0.175785,0.121812,0.117367
8833,2,0.143801,0.12182,0.117394
8834,2,0.113514,0.121817,0.116712
8835,2,0.11914,0.121816,0.117163
8836,2,0.094336,0.121805,0.116373
8837,2,0.161946,0.121821,0.116803
8838,2,0.100257,0.121812,0.116786
8839,2,0.120021,0.121812,0.116897
8840,2,0.108181,0.121806,0.117061
8841,2,0.094202,0.121796,0.117153
8842,2,0.089465,0.121784,0.116212
8843,2,0.081198,0.121768,0.115357
8844,2,0.227043,0.121808,0.11581
8845,2,0.118341,0.121807,0.115656
8846,2,0.110666,0.121803,0.116007
8847,2,0.086914,0.121789,0.115723
8848,2,0.159562,0.121804,0.116403
8849,2,0.150012,0.121814,0.116842
8850,2,0.076353,0.121797,0.116335
8851,2,0.12344,0.121798,0.116723
8852,2,0.173507,0.121817,0.117391
8853,2,0.113724,0.121814,0.117633
8854,2,0.102648,0.121807,0.117934
8855,2,0.068281,0.121787,0.117572
8856,2,0.169942,0.121805,0.117594
8857,2,0.030883,0.121771,0.116635
8858,2,0.088117,0.121758,0.116614
8859,2,0.087049,0.121745,0.116318
8860,2,0.099489,0.121736,0.116298
8861,2,0.091766,0.121725,0.116444
8862,2,0.160649,0.12174,0.11729
8863,2,0.133674,0.121744,0.117394
8864,2,0.099265,0.121736,0.117548
8865,2,0.158434,0.121749,0.117645
8866,2,0.077569,0.121733,0.11703
8867,2,0.106761,0.121727,0.117264
8868,2,0.164667,0.121743,0.11732
8869,2,0.21992,0.12178,0.118198
8870,2,0.101166,0.121773,0.118594
8871,2,0.102521,0.121765,0.118458
8872,2,0.116727,0.121763,0.118472
8873,2,0.102193,0.121756,0.118454
8874,2,0.173258,0.121776,0.118465
8875,2,0.109939,0.121771,0.118328
8876,2,0.08512,0.121757,0.117836
8877,2,0.090867,0.121746,0.117768
8878,2,0.194602,0.121773,0.118733
8879,2,0.083244,0.121759,0.11877
8880,2,0.066824,0.121738,0.118687
8881,2,0.121433,0.121738,0.118599
8882,2,0.137725,0.121744,0.119065
8883,2,0.076075,0.121727,0.118791
8884,2,0.076172,0.121709,0.117704
8885,2,0.102217,0.121702,0.118229
8886,2,0.108524,0.121697,0.118582
8887,2,0.154969,0.12171,0.11931
8888,2,0.167063,0.121727,0.119944
8889,2,0.133912,0.121731,0.119711
8890,2,0.023393,0.121694,0.119307
8891,2,0.12766,0.121697,0.119424
8892,2,0.056643,0.121672,0.118842
8893,2,0.09694,0.121663,0.118388
8894,2,0.088421,0.121651,0.117781
8895,2,0.128,0.121653,0.118382
8896,2,0.134618,0.121658,0.118638
8897,2,0.108089,0.121653,0.118494
8898,2,0.210652,0.121686,0.119529
8899,2,0.093268,0.121675,0.119289
8900,2,0.057922,0.121652,0.118511
8901,2,0.20499,0.121683,0.119765
8902,2,0.105941,0.121677,0.118941
8903,2,0.134851,0.121682,0.119223
8904,2,0.099508,0.121673,0.119078
8905,2,0.177768,0.121694,0.119646
8906,2,0.081296,0.121679,0.119558
8907,2,0.106239,0.121674,0.120059
8908,2,0.131179,0.121677,0.120662
8909,2,0.090392,0.121665,0.120116
8910,2,0.124011,0.121666,0.119393
8911,2,0.097566,0.121657,0.119611
8912,2,0.206055,0.121689,0.120012
8913,2,0.129253,0.121692,0.120374
8914,2,0.129424,0.121694,0.120256
8915,2,0.064668,0.121673,0.119568
8916,2,0.144675,0.121682,0.12039
8917,2,0.128115,0.121684,0.119899
8918,2,0.150169,0.121695,0.119112
8919,2,0.044725,0.121666,0.118312
8920,2,0.060871,0.121644,0.117766
8921,2,0.060075,0.121621,0.117399
8922,2,0.147357,0.12163,0.117715
8923,2,0.051835,0.121604,0.117025
8924,2,0.108955,0.1216,0.117465
8925,2,0.216514,0.121635,0.117838
8926,2,0.045717,0.121607,0.11699
8927,2,0.211235,0.12164,0.11824
8928,2,0.113306,0.121637,0.11845
8929,2,0.142315,0.121645,0.118247
8930,2,0.150066,0.121655,0.117854
8931,2,0.201087,0.121684,0.118908
8932,2,0.100482,0.121677,0.118155
8933,2,0.118124,0.121675,0.117898
8934,2,0.127251,0.121677,0.118036
8935,2,0.144387,0.121686,0.118288
8936,2,0.066932,0.121665,0.118014
8937,2,0.229322,0.121705,0.118688
8938,2,0.165293,0.121721,0.119338
8939,2,0.09362,0.121711,0.119074
8940,2,0.084056,0.121697,0.118833
8941,2,0.096396,0.121688,0.118855
8942,2,0.11682,0.121686,0.119129
8943,2,0.051221,0.12166,0.118829
8944,2,0.176633,0.12168,0.118325
8945,2,0.089562,0.121668,0.118037
8946,2,0.194842,0.121695,0.118879
8947,2,0.110067,0.121691,0.11911
8948,2,0.059382,0.121668,0.118108
8949,2,0.074318,0.121651,0.117352
8950,2,0.157808,0.121664,0.118166
8951,2,0.064543,0.121643,0.117577
8952,2,0.163247,0.121658,0.117475
8953,2,0.078283,0.121642,0.11712
8954,2,0.206184,0.121673,0.118155
8955,2,0.162852,0.121688,0.119101
8956,2,0.149069,0.121699,0.118892
8957,2,0.085863,0.121685,0.119442
8958,2,0.079822,0.12167,0.119359
8959,2,0.18108,0.121692,0.1203
8960,2,0.110942,0.121688,0.120414
8961,2,0.230049,0.121727,0.121797
8962,2,0.105784,0.121722,0.121248
8963,2,0.087085,0.121709,0.120782
8964,2,0.06847,0.12169,0.120474
8965,2,0.125792,0.121691,0.120148
8966,2,0.15092,0.121702,0.120882
8967,2,0.241562,0.121745,0.12223
8968,2,0.127531,0.121748,0.121858
8969,2,0.060339,0.121725,0.120262
8970,2,0.080808,0.12171,0.120059
8971,2,0.172859,0.121729,0.120762
8972,2,0.112205,0.121725,0.120717
8973,2,0.139761,0.121732,0.121093
8974,2,0.119811,0.121731,0.120558
8975,2,0.130638,0.121734,0.120765
8976,2,0.208097,0.121766,0.121995
8977,2,0.068369,0.121746,0.12177
8978,2,0.172391,0.121765,0.121548
8979,2,0.158206,0.121778,0.122298
8980,2,0.102783,0.121771,0.122657
8981,2,0.091549,0.12176,0.122358
8982,2,0.093808,0.12175,0.121919
8983,2,0.171188,0.121768,0.12287
8984,2,0.102712,0.121761,0.123136
8985,2,0.114659,0.121759,0.12326
8986,2,0.110493,0.121754,0.12328
8987,2,0.068502,0.121735,0.122415
8988,2,0.050912,0.12171,0.121254
8989,2,0.153625,0.121721,0.121451
8990,2,0.215343,0.121755,0.12337
8991,2,0.089662,0.121743,0.12299
8992,2,0.059248,0.121721,0.123016
8993,2,0.13341,0.121725,0.123381
8994,2,0.081845,0.121711,0.123315
8995,2,0.060898,0.121689,0.122644
8996,2,0.084614,0.121675,0.122144
8997,2,0.108451,0.121671,0.122148
8998,2,0.12321,0.121671,0.121273
8999,2,0.098656,0.121663,0.121327
9000,2,0.088121,0.121651,0.121629
9001,2,0.08669,0.121638,0.120446
9002,2,0.1788,0.121659,0.121175
9003,2,0.151775,0.12167,0.121344
9004,2,0.099939,0.121662,0.121348
9005,2,0.128378,0.121664,0.120854
9006,2,0.131653,0.121668,0.121358
9007,2,0.097023,0.121659,0.121266
9008,2,0.083291,0.121645,0.120787
9009,2,0.122925,0.121646,0.121112
9010,2,0.106112,0.12164,0.120933
9011,2,0.160057,0.121654,0.121558
9012,2,0.129702,0.121657,0.120795
9013,2,0.147771,0.121666,0.12098
9014,2,0.135703,0.121671,0.121043
9015,2,0.166246,0.121687,0.122058
9016,2,0.154454,0.121699,0.122156
9017,2,0.049719,0.121673,0.121372
9018,2,0.159985,0.121687,0.12147
9019,2,0.1751,0.121706,0.122774
9020,2,0.094958,0.121696,0.123115
9021,2,0.108713,0.121692,0.123601
9022,2,0.112241,0.121688,0.12325
9023,2,0.095086,0.121679,0.123683
9024,2,0.176592,0.121698,0.124359
9025,2,0.114486,0.121696,0.123339
9026,2,0.099113,0.121688,0.123873
9027,2,0.125385,0.121689,0.123014
9028,2,0.169907,0.121706,0.12358
9029,2,0.153418,0.121717,0.123691
9030,2,0.076964,0.121702,0.12296
9031,2,0.050053,0.121676,0.12145
9032,2,0.192575,0.121701,0.122371
9033,2,0.094823,0.121692,0.122138
9034,2,0.127219,0.121694,0.122138
9035,2,0.070915,0.121676,0.121403
9036,2,0.068545,0.121657,0.121419
9037,2,0.133596,0.121661,0.120462
9038,2,0.113476,0.121658,0.119944
9039,2,0.078505,0.121643,0.119792
9040,2,0.063677,0.121622,0.119589
9041,2,0.152621,0.121633,0.120151
9042,2,0.093943,0.121623,0.119922
9043,2,0.103312,0.121617,0.120443
9044,2,0.186838,0.12164,0.120545
9045,2,0.092414,0.12163,0.120574
9046,2,0.076899,0.121614,0.119394
9047,2,0.206427,0.121644,0.120358
9048,2,0.131706,0.121647,0.121081
9049,2,0.156489,0.12166,0.121903
9050,2,0.107366,0.121655,0.121398
9051,2,0.111418,0.121651,0.121867
9052,2,0.129543,0.121654,0.12153
9053,2,0.092015,0.121643,0.121667
9054,2,0.129889,0.121646,0.120904
9055,2,0.230702,0.121685,0.121583
9056,2,0.183235,0.121706,0.121925
9057,2,0.137404,0.121712,0.12244
9058,2,0.105601,0.121706,0.122698
9059,2,0.145652,0.121715,0.122344
9060,2,0.169237,0.121732,0.122926
9061,2,0.15284,0.121742,0.122154
9062,2,0.079885,0.121728,0.121895
9063,2,0.146678,0.121737,0.122491
9064,2,0.117027,0.121735,0.122977
9065,2,0.253076,0.121781,0.12425
9066,2,0.093218,0.121771,0.123673
9067,2,0.129151,0.121774,0.122549
9068,2,0.077349,0.121758,0.122047
9069,2,0.102293,0.121751,0.122466
9070,2,0.128168,0.121753,0.12294
9071,2,0.180458,0.121774,0.123016
9072,2,0.112953,0.121771,0.123023
9073,2,0.130281,0.121774,0.122929
9074,2,0.0732,0.121757,0.122463
9075,2,0.083959,0.121744,0.121996
9076,2,0.107589,0.121739,0.120991
9077,2,0.11314,0.121736,0.121438
9078,2,0.121838,0.121736,0.120933
9079,2,0.084348,0.121723,0.120194
9080,2,0.103341,0.121716,0.1202
9081,2,0.054916,0.121693,0.119834
9082,2,0.179908,0.121713,0.120695
9083,2,0.120596,0.121713,0.120189
9084,2,0.115674,0.121711,0.120318
9085,2,0.067334,0.121692,0.119845
9086,2,0.10348,0.121685,0.119775
9087,2,0.092945,0.121675,0.120019
9088,2,0.083089,0.121662,0.120341
9089,2,0.132851,0.121666,0.120133
9090,2,0.095612,0.121657,0.118936
9091,2,0.157519,0.121669,0.119615
9092,2,0.09759,0.121661,0.119998
9093,2,0.180932,0.121681,0.120473
9094,2,0.130658,0.121685,0.120961
9095,2,0.157976,0.121697,0.121932
9096,2,0.111208,0.121694,0.122198
9097,2,0.087444,0.121682,0.121988
9098,2,0.148034,0.121691,0.122236
9099,2,0.108388,0.121686,0.122334
9100,2,0.149291,0.121696,0.122945
9101,2,0.141127,0.121702,0.12349
9102,2,0.060367,0.121681,0.122305
9103,2,0.068497,0.121663,0.121472
9104,2,0.150747,0.121673,0.121981
9105,2,0.084228,0.12166,0.121539
9106,2,0.076727,0.121644,0.12099
9107,2,0.122546,0.121645,0.121245
9108,2,0.13363,0.121649,0.121748
9109,2,0.09477,0.121639,0.121467
9110,2,0.084036,0.121626,0.121246
9111,2,0.105712,0.121621,0.120703
9112,2,0.139542,0.121627,0.120801
9113,2,0.064708,0.121607,0.11997
9114,2,0.089741,0.121596,0.119511
9115,2,0.101638,0.121589,0.118865
9116,2,0.113575,0.121587,0.118456
9117,2,0.135161,0.121591,0.11931
9118,2,0.213046,0.121623,0.119841
9119,2,0.072837,0.121606,0.118818
9120,2,0.035503,0.121576,0.118224
9121,2,0.101356,0.121569,0.11815
9122,2,0.057435,0.121547,0.117602
9123,2,0.105456,0.121542,0.117706
9124,2,0.131248,0.121545,0.117252
9125,2,0.209433,0.121575,0.118202
9126,2,0.086727,0.121563,0.118078
9127,2,0.178578,0.121583,0.11861
9128,2,0.143215,0.12159,0.118343
9129,2,0.106306,0.121585,0.117872
9130,2,0.126647,0.121587,0.118369
9131,2,0.0606,0.121566,0.118474
9132,2,0.152092,0.121576,0.118069
9133,2,0.2502,0.121621,0.119623
9134,2,0.146078,0.121629,0.119812
9135,2,0.155285,0.121641,0.120655
9136,2,0.122418,0.121641,0.121194
9137,2,0.115435,0.121639,0.121013
9138,2,0.093487,0.121629,0.120813
9139,2,0.134416,0.121633,0.121372
9140,2,0.112604,0.12163,0.121861
9141,2,0.137108,0.121636,0.121706
9142,2,0.109066,0.121631,0.121857
9143,2,0.200464,0.121658,0.122829
9144,2,0.111688,0.121655,0.122077
9145,2,0.125472,0.121656,0.122408
9146,2,0.076211,0.121641,0.122401
9147,2,0.064362,0.121621,0.12098
9148,2,0.09357,0.121612,0.120599
9149,2,0.083966,0.121599,0.119874
9150,2,0.127717,0.121601,0.120077
9151,2,0.062387,0.121581,0.119587
9152,2,0.146169,0.121589,0.119753
9153,2,0.057605,0.121567,0.119409
9154,2,0.085779,0.121555,0.118968
9155,2,0.105472,0.121549,0.117716
9156,2,0.074494,0.121533,0.116628
9157,2,0.130718,0.121536,0.116561
9158,2,0.097408,0.121528,0.116479
9159,2,0.175175,0.121547,0.116775
9160,2,0.090279,0.121536,0.115985
9161,2,0.150017,0.121546,0.115957
9162,2,0.093222,0.121536,0.11609
9163,2,0.089461,0.121525,0.115518
9164,2,0.111342,0.121522,0.115461
9165,2,0.162349,0.121535,0.114554
9166,2,0.14222,0.121542,0.115044
9167,2,0.116412,0.121541,0.114916
9168,2,0.164492,0.121555,0.115788
9169,2,0.145584,0.121563,0.116221
9170,2,0.1959,0.121589,0.116898
9171,2,0.128511,0.121591,0.116379
9172,2,0.116304,0.121589,0.116412
9173,2,0.14023,0.121596,0.116512
9174,2,0.136391,0.121601,0.117144
9175,2,0.114521,0.121598,0.117449
9176,2,0.114871,0.121596,0.117522
9177,2,0.160059,0.121609,0.117991
9178,2,0.119852,0.121608,0.117971
9179,2,0.154731,0.12162,0.118675
9180,2,0.132821,0.121623,0.11897
9181,2,0.107217,0.121618,0.119493
9182,2,0.076675,0.121603,0.118461
9183,2,0.109113,0.121599,0.118346
9184,2,0.100515,0.121592,0.118194
9185,2,0.149164,0.121601,0.119013
9186,2,0.204344,0.121629,0.120021
9187,2,0.132031,0.121633,0.120412
9188,2,0.121105,0.121632,0.120792
9189,2,0.120025,0.121632,0.120664
9190,2,0.087878,0.121621,0.120587
9191,2,0.15659,0.121632,0.120577
9192,2,0.067488,0.121614,0.120276
9193,2,0.097753,0.121606,0.119444
9194,2,0.147778,0.121615,0.119616
9195,2,0.107616,0.12161,0.119112
9196,2,0.179337,0.12163,0.119793
9197,2,0.067675,0.121611,0.119596
9198,2,0.135509,0.121616,0.11947
9199,2,0.137441,0.121621,0.119761
9200,2,0.164504,0.121636,0.119913
9201,2,0.168151,0.121651,0.120183
9202,2,0.067012,0.121633,0.12025
9203,2,0.213773,0.121664,0.121703
9204,2,0.141329,0.121671,0.121608
9205,2,0.083037,0.121658,0.121596
9206,2,0.179701,0.121677,0.122626
9207,2,0.144265,0.121685,0.122843
9208,2,0.094792,0.121676,0.122455
9209,2,0.121787,0.121676,0.122725
9210,2,0.114164,0.121673,0.123026
9211,2,0.126469,0.121675,0.123234
9212,2,0.119487,0.121674,0.123033
9213,2,0.090156,0.121664,0.123288
9214,2,0.125974,0.121665,0.12365
9215,2,0.100653,0.121658,0.12364
9216,2,0.229318,0.121694,0.124798
9217,2,0.136962,0.121699,0.124816
9218,2,0.06641,0.121681,0.123349
9219,2,0.148049,0.121689,0.124102
9220,2,0.100389,0.121682,0.12475
9221,2,0.198823,0.121708,0.125725
9222,2,0.15682,0.12172,0.126719
9223,2,0.19271,0.121743,0.127592
9224,2,0.116153,0.121742,0.127441
9225,2,0.166367,0.121756,0.12701
9226,2,0.09805,0.121748,0.127123
9227,2,0.083897,0.121736,0.126176
9228,2,0.132905,0.12174,0.126073
9229,2,0.062187,0.12172,0.125632
9230,2,0.128918,0.121722,0.125655
9231,2,0.07627,0.121707,0.125811
9232,2,0.135208,0.121712,0.125643
9233,2,0.162726,0.121725,0.124768
9234,2,0.148593,0.121734,0.124793
9235,2,0.169094,0.12175,0.124931
9236,2,0.071193,0.121733,0.124419
9237,2,0.097709,0.121725,0.124242
9238,2,0.128187,0.121727,0.124589
9239,2,0.105984,0.121722,0.124304
9240,2,0.103953,0.121716,0.124218
9241,2,0.173861,0.121733,0.124585
9242,2,0.068156,0.121716,0.124176
9243,2,0.174769,0.121733,0.123919
9244,2,0.173328,0.12175,0.124536
9245,2,0.109882,0.121746,0.12438
9246,2,0.12116,0.121746,0.124829
9247,2,0.095996,0.121738,0.125146
9248,2,0.09639,0.121729,0.125174
9249,2,0.226761,0.121764,0.126602
9250,2,0.085016,0.121752,0.126175
9251,2,0.113316,0.121749,0.126684
9252,2,0.098481,0.121741,0.126207
9253,2,0.170528,0.121757,0.127336
9254,2,0.108154,0.121753,0.12756
9255,2,0.091699,0.121743,0.127422
9256,2,0.149947,0.121752,0.128177
9257,2,0.085809,0.121741,0.127728
9258,2,0.071518,0.121724,0.127469
9259,2,0.089082,0.121713,0.126608
9260,2,0.175118,0.121731,0.127456
9261,2,0.100684,0.121724,0.126963
9262,2,0.078529,0.12171,0.126816
9263,2,0.107497,0.121705,0.126997
9264,2,0.115092,0.121703,0.127034
9265,2,0.105487,0.121697,0.126465
9266,2,0.065348,0.121679,0.125697
9267,2,0.103304,0.121673,0.125566
9268,2,0.06959,0.121656,0.124617
9269,2,0.128031,0.121658,0.124441
9270,2,0.13718,0.121663,0.123854
9271,2,0.115976,0.121661,0.123728
9272,2,0.134667,0.121665,0.123912
9273,2,0.12882,0.121668,0.123798
9274,2,0.107544,0.121663,0.12351
9275,2,0.113112,0.12166,0.123495
9276,2,0.172539,0.121677,0.124072
9277,2,0.163417,0.121691,0.124106
9278,2,0.105877,0.121685,0.123966
9279,2,0.14819,0.121694,0.123901
9280,2,0.127998,0.121696,0.123852
9281,2,0.092526,0.121687,0.123705
9282,2,0.115334,0.121685,0.124092
9283,2,0.124313,0.121685,0.124244
9284,2,0.105291,0.12168,0.124292
9285,2,0.135262,0.121685,0.124153
9286,2,0.148065,0.121693,0.12359
9287,2,0.069746,0.121676,0.122967
9288,2,0.119746,0.121676,0.122954
9289,2,0.143709,0.121683,0.12319
9290,2,0.127437,0.121685,0.123586
9291,2,0.057377,0.121664,0.122594
9292,2,0.115271,0.121662,0.123072
9293,2,0.170816,0.121678,0.123802
9294,2,0.147846,0.121686,0.123803
9295,2,0.07358,0.12167,0.123463
9296,2,0.065498,0.121652,0.122324
9297,2,0.090767,0.121642,0.122555
9298,2,0.123405,0.121643,0.122434
9299,2,0.127076,0.121644,0.12233
9300,2,0.078226,0.12163,0.121468
9301,2,0.135018,0.121635,0.121136
9302,2,0.078657,0.121621,0.121253
9303,2,0.117836,0.12162,0.120293
9304,2,0.105328,0.121614,0.119933
9305,2,0.214372,0.121644,0.121247
9306,2,0.148872,0.121653,0.120938
9307,2,0.09707,0.121645,0.120467
9308,2,0.103874,0.121639,0.120557
9309,2,0.104371,0.121634,0.120383
9310,2,0.118708,0.121633,0.120429
9311,2,0.139009,0.121639,0.120554
9312,2,0.15549,0.121649,0.120914
9313,2,0.129946,0.121652,0.121312
9314,2,0.149149,0.121661,0.121544
9315,2,0.124533,0.121662,0.121783
9316,2,0.056056,0.121641,0.12005
9317,2,0.153959,0.121651,0.12022
9318,2,0.115814,0.121649,0.120714
9319,2,0.083783,0.121637,0.120071
9320,2,0.057229,0.121616,0.11964
9321,2,0.115748,0.121614,0.118809
9322,2,0.167379,0.121629,0.118914
9323,2,0.169526,0.121645,0.118683
9324,2,0.111824,0.121641,0.118639
9325,2,0.126535,0.121643,0.118241
9326,2,0.094091,0.121634,0.118201
9327,2,0.161788,0.121647,0.11898
9328,2,0.142433,0.121654,0.119076
9329,2,0.081326,0.121641,0.119267
9330,2,0.11422,0.121638,0.11912
9331,2,0.152613,0.121648,0.119883
9332,2,0.139955,0.121654,0.119931
9333,2,0.19993,0.121679,0.120303
9334,2,0.247038,0.12172,0.121287
9335,2,0.099839,0.121713,0.120595
9336,2,0.111047,0.121709,0.120993
9337,2,0.161648,0.121722,0.121633
9338,2,0.151626,0.121732,0.121867
9339,2,0.232062,0.121767,0.123128
9340,2,0.117966,0.121766,0.123268
9341,2,0.11745,0.121765,0.122704
9342,2,0.135306,0.121769,0.123376
9343,2,0.103119,0.121763,0.122659
9344,2,0.085124,0.121751,0.121777
9345,2,0.170569,0.121767,0.122384
9346,2,0.085033,0.121755,0.122023
9347,2,0.129136,0.121757,0.122354
9348,2,0.236627,0.121794,0.123756
9349,2,0.121846,0.121794,0.122707
9350,2,0.124965,0.121795,0.123107
9351,2,0.149422,0.121804,0.123468
9352,2,0.154473,0.121814,0.124028
9353,2,0.175457,0.121832,0.124077
9354,2,0.090631,0.121822,0.123902
9355,2,0.113301,0.121819,0.124118
9356,2,0.064601,0.121801,0.123264
9357,2,0.091381,0.121791,0.12332
9358,2,0.0761,0.121776,0.123366
9359,2,0.118655,0.121775,0.123662
9360,2,0.147005,0.121783,0.12338
9361,2,0.113255,0.121781,0.123506
9362,2,0.164468,0.121794,0.124366
9363,2,0.119524,0.121794,0.124486
9364,2,0.138489,0.121799,0.12472
9365,2,0.13945,0.121804,0.125059
9366,2,0.080924,0.121791,0.125215
9367,2,0.142192,0.121798,0.125604
9368,2,0.091387,0.121788,0.125822
9369,2,0.149807,0.121797,0.12604
9370,2,0.079573,0.121784,0.125464
9371,2,0.054642,0.121762,0.12485
9372,2,0.147329,0.121771,0.124977
9373,2,0.074422,0.121756,0.124433
9374,2,0.196864,0.121779,0.125326
9375,2,0.149874,0.121788,0.125694
9376,2,0.153503,0.121798,0.125503
9377,2,0.055927,0.121777,0.124429
9378,2,0.119058,0.121777,0.12456
9379,2,0.147482,0.121785,0.124553
9380,2,0.146665,0.121793,0.12474
9381,2,0.084989,0.121781,0.124665
9382,2,0.174323,0.121798,0.125254
9383,2,0.157705,0.121809,0.125588
9384,2,0.099901,0.121802,0.125535
9385,2,0.110976,0.121799,0.125292
9386,2,0.072837,0.121783,0.124539
9387,2,0.076194,0.121769,0.124604
9388,2,0.102769,0.121763,0.124434
9389,2,0.159881,0.121775,0.124596
9390,2,0.104679,0.121769,0.124368
9391,2,0.219265,0.1218,0.125987
9392,2,0.115782,0.121798,0.125992
9393,2,0.077652,0.121784,0.125061
9394,2,0.149277,0.121793,0.125075
9395,2,0.099118,0.121786,0.12533
9396,2,0.085535,0.121774,0.125531
9397,2,0.166641,0.121789,0.126289
9398,2,0.136104,0.121793,0.126416
9399,2,0.10257,0.121787,0.126171
9400,2,0.070011,0.121771,0.126089
9401,2,0.195735,0.121794,0.126696
9402,2,0.197161,0.121818,0.127881
9403,2,0.101387,0.121811,0.127717
9404,2,0.187359,0.121832,0.128537
9405,2,0.125259,0.121833,0.127646
9406,2,0.160043,0.121845,0.127758
9407,2,0.096148,0.121837,0.127749
9408,2,0.102354,0.121831,0.127733
9409,2,0.06457,0.121813,0.127335
9410,2,0.083233,0.121801,0.126981
9411,2,0.089013,0.12179,0.126481
9412,2,0.205358,0.121817,0.126979
9413,2,0.069321,0.1218,0.126373
9414,2,0.092489,0.121791,0.125806
9415,2,0.091644,0.121782,0.125478
9416,2,0.120092,0.121781,0.126118
9417,2,0.065822,0.121763,0.125237
9418,2,0.169279,0.121778,0.125771
9419,2,0.058531,0.121759,0.125519
9420,2,0.14736,0.121767,0.12642
9421,2,0.154087,0.121777,0.126803
9422,2,0.141641,0.121783,0.126546
9423,2,0.075117,0.121768,0.125602
9424,2,0.11162,0.121765,0.1256
9425,2,0.066733,0.121748,0.125002
9426,2,0.166987,0.121762,0.125731
9427,2,0.151444,0.121771,0.125627
9428,2,0.11976,0.121771,0.125401
9429,2,0.084189,0.121759,0.125429
9430,2,0.09326,0.12175,0.12522
9431,2,0.168022,0.121765,0.125374
9432,2,0.077149,0.121751,0.124746
9433,2,0.109766,0.121747,0.123844
9434,2,0.153007,0.121757,0.122904
9435,2,0.114909,0.121754,0.123054
9436,2,0.15744,0.121766,0.123518
9437,2,0.090511,0.121756,0.122807
9438,2,0.048932,0.121733,0.12178
9439,2,0.074078,0.121718,0.1202
9440,2,0.172284,0.121734,0.120743
9441,2,0.144636,0.121741,0.121015
9442,2,0.125446,0.121742,0.120917
9443,2,0.079704,0.121729,0.120683
9444,2,0.082905,0.121717,0.12066
9445,2,0.085943,0.121706,0.119814
9446,2,0.152962,0.121716,0.120493
9447,2,0.117605,0.121715,0.120378
9448,2,0.157917,0.121726,0.119591
9449,2,0.097697,0.121718,0.119349
9450,2,0.152519,0.121728,0.119625
9451,2,0.093076,0.121719,0.119062
9452,2,0.191784,0.121741,0.119435
9453,2,0.148892,0.121749,0.119169
9454,2,0.135274,0.121753,0.119615
9455,2,0.196303,0.121776,0.120445
9456,2,0.102575,0.12177,0.120825
9457,2,0.029882,0.121742,0.12021
9458,2,0.088767,0.121732,0.120337
9459,2,0.079124,0.121719,0.119942
9460,2,0.114396,0.121716,0.119616
9461,2,0.161555,0.121729,0.120098
9462,2,0.136613,0.121733,0.11982
9463,2,0.079788,0.12172,0.119423
9464,2,0.10608,0.121716,0.119098
9465,2,0.120034,0.121715,0.118904
9466,2,0.139906,0.121721,0.119494
9467,2,0.04255,0.121696,0.118498
9468,2,0.107929,0.121692,0.118663
9469,2,0.091535,0.121683,0.11808
9470,2,0.093208,0.121674,0.118217
9471,2,0.150951,0.121683,0.11918
9472,2,0.134653,0.121687,0.119053
9473,2,0.10282,0.121681,0.119337
9474,2,0.054703,0.121661,0.117915
9475,2,0.105278,0.121656,0.11747
9476,2,0.069876,0.12164,0.116633
9477,2,0.158783,0.121651,0.117662
9478,2,0.115271,0.121649,0.117624
9479,2,0.071916,0.121634,0.116868
9480,2,0.081252,0.121621,0.116214
9481,2,0.114103,0.121619,0.116505
9482,2,0.085607,0.121608,0.115618
9483,2,0.033964,0.121581,0.114381
9484,2,0.117022,0.12158,0.114552
9485,2,0.096265,0.121572,0.114405
9486,2,0.102034,0.121566,0.114697
9487,2,0.128732,0.121568,0.115222
9488,2,0.077335,0.121555,0.114968
9489,2,0.090058,0.121545,0.11427
9490,2,0.152701,0.121555,0.11475
9491,2,0.185612,0.121574,0.114413
9492,2,0.08106,0.121562,0.114066
9493,2,0.120428,0.121561,0.114494
9494,2,0.145805,0.121569,0.114459
9495,2,0.160431,0.121581,0.115072
9496,2,0.058383,0.121561,0.114801
9497,2,0.149858,0.12157,0.114633
9498,2,0.104865,0.121565,0.114321
9499,2,0.15216,0.121574,0.114816
9500,2,0.170745,0.121589,0.115824
9501,2,0.180115,0.121607,0.115668
9502,2,0.093609,0.121599,0.114632
9503,2,0.125154,0.1216,0.11487
9504,2,0.087921,0.121589,0.113875
9505,2,0.188839,0.12161,0.114511
9506,2,0.115309,0.121608,0.114064
9507,2,0.101398,0.121602,0.114116
9508,2,0.086466,0.121591,0.113957
9509,2,0.187328,0.121611,0.115185
9510,2,0.097319,0.121604,0.115326
9511,2,0.08185,0.121592,0.115254
9512,2,0.161353,0.121604,0.114814
9513,2,0.078422,0.121591,0.114905
9514,2,0.1837,0.121609,0.115817
9515,2,0.162931,0.121622,0.11653
9516,2,0.127914,0.121624,0.116608
9517,2,0.149119,0.121632,0.117441
9518,2,0.175048,0.121648,0.117499
9519,2,0.132355,0.121652,0.118237
9520,2,0.126245,0.121653,0.118026
9521,2,0.107918,0.121649,0.117564
9522,2,0.079143,0.121636,0.116939
9523,2,0.122994,0.121636,0.117418
9524,2,0.099079,0.12163,0.117293
9525,2,0.090402,0.12162,0.117529
9526,2,0.066688,0.121604,0.116526
9527,2,0.120785,0.121603,0.11622
9528,2,0.122887,0.121604,0.116251
9529,2,0.110489,0.1216,0.116514
9530,2,0.128387,0.121602,0.116865
9531,2,0.151021,0.121611,0.116695
9532,2,0.116025,0.12161,0.117084
9533,2,0.087395,0.121599,0.11686
9534,2,0.189442,0.12162,0.117225
9535,2,0.128134,0.121622,0.117357
9536,2,0.12917,0.121624,0.117074
9537,2,0.133783,0.121628,0.117507
9538,2,0.146256,0.121635,0.11848
9539,2,0.091967,0.121626,0.118659
9540,2,0.082737,0.121614,0.117764
9541,2,0.178851,0.121632,0.118106
9542,2,0.082296,0.12162,0.117674
9543,2,0.092701,0.121611,0.117804
9544,2,0.103601,0.121606,0.118011
9545,2,0.086141,0.121595,0.118013
9546,2,0.121371,0.121595,0.117697
9547,2,0.133043,0.121598,0.117852
9548,2,0.103842,0.121593,0.117311
9549,2,0.162689,0.121605,0.117961
9550,2,0.063805,0.121588,0.117074
9551,2,0.115171,0.121586,0.117295
9552,2,0.113455,0.121584,0.116511
9553,2,0.23737,0.121618,0.117396
9554,2,0.057946,0.121599,0.116623
9555,2,0.109852,0.121596,0.115758
9556,2,0.119712,0.121595,0.11593
9557,2,0.169616,0.12161,0.117327
9558,2,0.255711,0.12165,0.118997
9559,2,0.108447,0.121646,0.11929
9560,2,0.173744,0.121662,0.119883
9561,2,0.066661,0.121645,0.118934
9562,2,0.117575,0.121644,0.118744
9563,2,0.10088,0.121638,0.118955
9564,2,0.144181,0.121644,0.119336
9565,2,0.105473,0.121639,0.11919
9566,2,0.108469,0.121636,0.118876
9567,2,0.150936,0.121644,0.11996
9568,2,0.162269,0.121656,0.120503
9569,2,0.096572,0.121649,0.120554
9570,2,0.144485,0.121656,0.121066
9571,2,0.196041,0.121678,0.121517
9572,2,0.058638,0.121659,0.120757
9573,2,0.128931,0.121661,0.121018
9574,2,0.063905,0.121644,0.12111
9575,2,0.16619,0.121657,0.121719
9576,2,0.082746,0.121646,0.121848
9577,2,0.081563,0.121634,0.121076
9578,2,0.126453,0.121635,0.121188
9579,2,0.184893,0.121654,0.122317
9580,2,0.196008,0.121676,0.123465
9581,2,0.105781,0.121672,0.123382
9582,2,0.098781,0.121665,0.123514
9583,2,0.1257,0.121666,0.124431
9584,2,0.205575,0.121691,0.125316
9585,2,0.10452,0.121686,0.125399
9586,2,0.113222,0.121683,0.125511
9587,2,0.074294,0.121669,0.124966
9588,2,0.155534,0.121679,0.125748
9589,2,0.088979,0.12167,0.125738
9590,2,0.207613,0.121695,0.126287
9591,2,0.119301,0.121694,0.125624
9592,2,0.120101,0.121694,0.126014
9593,2,0.098135,0.121687,0.125791
9594,2,0.107357,0.121683,0.125407
9595,2,0.107424,0.121678,0.124877
9596,2,0.092231,0.12167,0.125215
9597,2,0.036482,0.121644,0.124081
9598,2,0.158264,0.121655,0.124615
9599,2,0.141581,0.121661,0.12451
9600,2,0.123917,0.121662,0.124041
9601,2,0.15222,0.121671,0.123762
9602,2,0.118153,0.12167,0.124008
9603,2,0.205286,0.121695,0.124809
9604,2,0.138073,0.121699,0.125311
9605,2,0.119845,0.121699,0.124621
9606,2,0.129924,0.121701,0.124767
9607,2,0.118321,0.1217,0.124936
9608,2,0.120591,0.1217,0.125277
9609,2,0.056994,0.121681,0.123974
9610,2,0.133402,0.121684,0.124335
9611,2,0.099973,0.121678,0.124516
9612,2,0.080436,0.121666,0.123707
9613,2,0.119785,0.121665,0.12412
9614,2,0.135526,0.121669,0.123639
9615,2,0.104313,0.121664,0.123053
9616,2,0.161331,0.121676,0.123387
9617,2,0.169697,0.12169,0.123592
9618,2,0.155863,0.1217,0.123401
9619,2,0.163002,0.121712,0.123707
9620,2,0.09733,0.121705,0.123418
9621,2,0.096257,0.121698,0.123301
9622,2,0.095363,0.12169,0.123464
9623,2,0.103647,0.121685,0.12327
9624,2,0.189692,0.121705,0.124176
9625,2,0.140001,0.12171,0.124672
9626,2,0.114709,0.121708,0.125152
9627,2,0.059465,0.12169,0.124539
9628,2,0.073731,0.121675,0.124048
9629,2,0.171039,0.12169,0.124653
9630,2,0.145389,0.121697,0.124823
9631,2,0.089602,0.121688,0.124209
9632,2,0.197977,0.12171,0.125028
9633,2,0.171198,0.121724,0.125866
9634,2,0.182603,0.121742,0.125798
9635,2,0.151906,0.121751,0.126036
9636,2,0.094475,0.121743,0.125689
9637,2,0.098934,0.121736,0.12534
9638,2,0.128861,0.121739,0.125166
9639,2,0.16997,0.121753,0.125946
9640,2,0.125257,0.121754,0.126372
9641,2,0.080166,0.121741,0.125385
9642,2,0.134385,0.121745,0.125906
9643,2,0.10795,0.121741,0.126058
9644,2,0.081111,0.121729,0.125833
9645,2,0.10273,0.121724,0.125999
9646,2,0.157292,0.121734,0.126358
9647,2,0.149873,0.121742,0.126527
9648,2,0.108992,0.121739,0.126578
9649,2,0.134401,0.121742,0.126295
9650,2,0.07509,0.121729,0.126408
9651,2,0.098576,0.121722,0.126242
9652,2,0.107453,0.121718,0.126182
9653,2,0.157443,0.121728,0.125383
9654,2,0.115285,0.121726,0.125956
9655,2,0.128417,0.121728,0.126142
9656,2,0.06198,0.121711,0.125565
9657,2,0.147772,0.121718,0.125346
9658,2,0.18144,0.121736,0.124603
9659,2,0.077966,0.121723,0.124299
9660,2,0.066218,0.121707,0.123223
9661,2,0.093971,0.121699,0.123497
9662,2,0.120713,0.121699,0.123528
9663,2,0.171138,0.121713,0.12423
9664,2,0.081475,0.121701,0.123603
9665,2,0.084241,0.12169,0.123391
9666,2,0.07765,0.121678,0.123083
9667,2,0.215182,0.121705,0.123725
9668,2,0.129162,0.121707,0.123394
9669,2,0.062718,0.12169,0.123056
9670,2,0.102156,0.121684,0.122632
9671,2,0.159232,0.121695,0.122264
9672,2,0.133073,0.121698,0.123009
9673,2,0.072906,0.121684,0.122448
9674,2,0.100375,0.121678,0.122813
9675,2,0.135445,0.121682,0.122506
9676,2,0.130651,0.121685,0.122985
9677,2,0.128792,0.121687,0.123457
9678,2,0.15134,0.121695,0.123706
9679,2,0.143113,0.121701,0.123288
9680,2,0.137975,0.121706,0.122708
9681,2,0.102303,0.121701,0.122673
9682,2,0.089667,0.121691,0.122582
9683,2,0.131472,0.121694,0.12264
9684,2,0.156539,0.121704,0.122149
9685,2,0.157723,0.121715,0.122681
9686,2,0.096611,0.121707,0.122515
9687,2,0.15455,0.121717,0.123318
9688,2,0.084096,0.121706,0.122603
9689,2,0.099181,0.121699,0.122705
9690,2,0.066091,0.121683,0.12129
9691,2,0.225089,0.121713,0.122348
9692,2,0.132613,0.121716,0.122473
9693,2,0.095665,0.121709,0.122448
9694,2,0.122848,0.121709,0.122603
9695,2,0.105019,0.121704,0.122579
9696,2,0.114555,0.121702,0.122803
9697,2,0.154101,0.121712,0.123979
9698,2,0.221768,0.12174,0.124614
9699,2,0.070887,0.121726,0.123907
9700,2,0.067926,0.12171,0.123347
9701,2,0.106748,0.121706,0.122892
9702,2,0.129488,0.121708,0.123006
9703,2,0.086028,0.121698,0.121813
9704,2,0.119065,0.121697,0.121623
9705,2,0.128717,0.121699,0.121712
9706,2,0.082526,0.121688,0.121238
9707,2,0.154308,0.121697,0.121598
9708,2,0.057523,0.121679,0.120967
9709,2,0.060397,0.121661,0.121001
9710,2,0.09362,0.121653,0.120603
9711,2,0.16926,0.121667,0.121296
9712,2,0.151428,0.121676,0.122006
9713,2,0.138852,0.12168,0.122197
9714,2,0.160343,0.121692,0.122445
9715,2,0.103,0.121686,0.122432
9716,2,0.137898,0.121691,0.122197
9717,2,0.071421,0.121676,0.121214
9718,2,0.054514,0.121657,0.120201
9719,2,0.141398,0.121663,0.119985
9720,2,0.149361,0.121671,0.120505
9721,2,0.052967,0.121651,0.120072
9722,2,0.161002,0.121662,0.120729
9723,2,0.126028,0.121664,0.120953
9724,2,0.130716,0.121666,0.120363
9725,2,0.145633,0.121673,0.120419
9726,2,0.059872,0.121655,0.119871
9727,2,0.195909,0.121677,0.121235
9728,2,0.131516,0.121679,0.121813
9729,2,0.102298,0.121674,0.121126
9730,2,0.114989,0.121672,0.120822
9731,2,0.218368,0.1217,0.122109
9732,2,0.060629,0.121682,0.120736
9733,2,0.225878,0.121712,0.121283
9734,2,0.048611,0.121691,0.119943
9735,2,0.123045,0.121691,0.119654
9736,2,0.082913,0.12168,0.119538
9737,2,0.065333,0.121664,0.119202
9738,2,0.04827,0.121643,0.118397
9739,2,0.128561,0.121645,0.117982
9740,2,0.135051,0.121649,0.11808
9741,2,0.150222,0.121657,0.118781
9742,2,0.125613,0.121658,0.118693
9743,2,0.179003,0.121675,0.119404
9744,2,0.086489,0.121665,0.119458
9745,2,0.055082,0.121646,0.118981
9746,2,0.097283,0.121639,0.118381
9747,2,0.099616,0.121633,0.117878
9748,2,0.141787,0.121638,0.118206
9749,2,0.092102,0.12163,0.117783
9750,2,0.108419,0.121626,0.118117
9751,2,0.117878,0.121625,0.11831
9752,2,0.146386,0.121632,0.118699
9753,2,0.103161,0.121627,0.118156
9754,2,0.059456,0.121609,0.117598
9755,2,0.135285,0.121613,0.117667
9756,2,0.139487,0.121618,0.118442
9757,2,0.148754,0.121626,0.118451
9758,2,0.135475,0.12163,0.117992
9759,2,0.098866,0.121623,0.118201
9760,2,0.106328,0.121619,0.118602
9761,2,0.085744,0.121609,0.11852
9762,2,0.088612,0.1216,0.118199
9763,2,0.059174,0.121582,0.117079
9764,2,0.085317,0.121572,0.117117
9765,2,0.141255,0.121577,0.117688
9766,2,0.103844,0.121572,0.117949
9767,2,0.14192,0.121578,0.117217
9768,2,0.167438,0.121591,0.1176
9769,2,0.121245,0.121591,0.118185
9770,2,0.153768,0.1216,0.118701
9771,2,0.07534,0.121587,0.117862
9772,2,0.106359,0.121583,0.117595
9773,2,0.140685,0.121588,0.118273
9774,2,0.095947,0.121581,0.118228
9775,2,0.058252,0.121563,0.117457
9776,2,0.133537,0.121566,0.117485
9777,2,0.054057,0.121547,0.116738
9778,2,0.104396,0.121543,0.116269
9779,2,0.135878,0.121547,0.116196
9780,2,0.156601,0.121556,0.116383
9781,2,0.070523,0.121542,0.116065
9782,2,0.119057,0.121541,0.116359
9783,2,0.097314,0.121535,0.116017
9784,2,0.118595,0.121534,0.115638
9785,2,0.11549,0.121532,0.115215
9786,2,0.102224,0.121527,0.115271
9787,2,0.103991,0.121522,0.114766
9788,2,0.13854,0.121527,0.11531
9789,2,0.1654,0.121539,0.115972
9790,2,0.108839,0.121535,0.1164
9791,2,0.08633,0.121525,0.115012
9792,2,0.139999,0.121531,0.115086
9793,2,0.148987,0.121538,0.115619
9794,2,0.181988,0.121555,0.116211
9795,2,0.131573,0.121558,0.116476
9796,2,0.12372,0.121559,0.116568
9797,2,0.108448,0.121555,0.116111
9798,2,0.130305,0.121557,0.115197
9799,2,0.161862,0.121569,0.116107
9800,2,0.108203,0.121565,0.116509
9801,2,0.157452,0.121575,0.117016
9802,2,0.100293,0.121569,0.116724
9803,2,0.077021,0.121557,0.116634
9804,2,0.13179,0.121559,0.116762
9805,2,0.219435,0.121587,0.117669
9806,2,0.093525,0.121579,0.117779
9807,2,0.152899,0.121588,0.117765
9808,2,0.166673,0.1216,0.118856
9809,2,0.102398,0.121595,0.119276
9810,2,0.130616,0.121597,0.119646
9811,2,0.179766,0.121614,0.119751
9812,2,0.050796,0.121594,0.118745
9813,2,0.132213,0.121597,0.118679
9814,2,0.083941,0.121586,0.117914
9815,2,0.094462,0.121579,0.117829
9816,2,0.155109,0.121588,0.118001
9817,2,0.094892,0.121581,0.118236
9818,2,0.116641,0.121579,0.118857
9819,2,0.135604,0.121583,0.118799
9820,2,0.095145,0.121576,0.118257
9821,2,0.087863,0.121566,0.118606
9822,2,0.118093,0.121566,0.118177
9823,2,0.101843,0.12156,0.117935
9824,2,0.095616,0.121553,0.117584
9825,2,0.120197,0.121552,0.11733
9826,2,0.119137,0.121552,0.117922
9827,2,0.146848,0.121559,0.117432
9828,2,0.119067,0.121558,0.117307
9829,2,0.118311,0.121557,0.117467
9830,2,0.12588,0.121558,0.117576
9831,2,0.117629,0.121557,0.116569
9832,2,0.104085,0.121552,0.117004
9833,2,0.126894,0.121554,0.116014
9834,2,0.093816,0.121546,0.116466
9835,2,0.043714,0.121525,0.115672
9836,2,0.128232,0.121527,0.116126
9837,2,0.11595,0.121525,0.116632
9838,2,0.1097,0.121522,0.117246
9839,2,0.19584,0.121542,0.117919
9840,2,0.07161,0.121529,0.117284
9841,2,0.112705,0.121526,0.116909
9842,2,0.119085,0.121525,0.116844
9843,2,0.141015,0.121531,0.116464
9844,2,0.193579,0.121551,0.117535
9845,2,0.109887,0.121547,0.118083
9846,2,0.086729,0.121538,0.117978
9847,2,0.099241,0.121532,0.117974
9848,2,0.12303,0.121532,0.117786
9849,2,0.125769,0.121533,0.118123
9850,2,0.152082,0.121542,0.11856
9851,2,0.114856,0.12154,0.118529
9852,2,0.14591,0.121547,0.118525
9853,2,0.15524,0.121556,0.119045
9854,2,0.17384,0.12157,0.120189
9855,2,0.071838,0.121557,0.119555
9856,2,0.090792,0.121548,0.119068
9857,2,0.148715,0.121556,0.119067
9858,2,0.186354,0.121573,0.119576
9859,2,0.059364,0.121556,0.119181
9860,2,0.09657,0.121549,0.119084
9861,2,0.188291,0.121568,0.120109
9862,2,0.097754,0.121561,0.1202
9863,2,0.102732,0.121556,0.120636
9864,2,0.053937,0.121537,0.120322
9865,2,0.162145,0.121549,0.120531
9866,2,0.140297,0.121554,0.120896
9867,2,0.086266,0.121544,0.120339
9868,2,0.05967,0.121527,0.119261
9869,2,0.081749,0.121516,0.118866
9870,2,0.115026,0.121514,0.118479
9871,2,0.152779,0.121523,0.119253
9872,2,0.078162,0.121511,0.118971
9873,2,0.059871,0.121494,0.118163
9874,2,0.167761,0.121507,0.118881
9875,2,0.087101,0.121497,0.11917
9876,2,0.126622,0.121499,0.119101
9877,2,0.081958,0.121488,0.11938
9878,2,0.083171,0.121478,0.119168
9879,2,0.110531,0.121475,0.118914
9880,2,0.105681,0.12147,0.118405
9881,2,0.122499,0.121471,0.118925
9882,2,0.138315,0.121475,0.119117
9883,2,0.164672,0.121487,0.119791
9884,2,0.063998,0.121471,0.119245
9885,2,0.087455,0.121462,0.118965
9886,2,0.089557,0.121453,0.118838
9887,2,0.126609,0.121455,0.119064
9888,2,0.112922,0.121452,0.118808
9889,2,0.140628,0.121458,0.11856
9890,2,0.081205,0.121447,0.118284
9891,2,0.074768,0.121434,0.118168
9892,2,0.111548,0.121431,0.117884
9893,2,0.113386,0.121429,0.117528
9894,2,0.110688,0.121426,0.116815
9895,2,0.072037,0.121413,0.116219
9896,2,0.092132,0.121405,0.115903
9897,2,0.142295,0.12141,0.116242
9898,2,0.139128,0.121415,0.11633
9899,2,0.088464,0.121406,0.115596
9900,2,0.113129,0.121404,0.115645
9901,2,0.126525,0.121405,0.115336
9902,2,0.085528,0.121396,0.115188
9903,2,0.069668,0.121382,0.115115
9904,2,0.1463,0.121388,0.11526
9905,2,0.167702,0.121401,0.114743
9906,2,0.191532,0.12142,0.115723
9907,2,0.102228,0.121415,0.115216
9908,2,0.12162,0.121415,0.114766
9909,2,0.137775,0.121419,0.115119
9910,2,0.182154,0.121436,0.115635
9911,2,0.109361,0.121432,0.114931
9912,2,0.090845,0.121424,0.115331
9913,2,0.082741,0.121414,0.114836
9914,2,0.107785,0.12141,0.115075
9915,2,0.096579,0.121403,0.115096
9916,2,0.193901,0.121423,0.115484
9917,2,0.081816,0.121412,0.115353
9918,2,0.061773,0.121396,0.114804
9919,2,0.107921,0.121392,0.114528
9920,2,0.087224,0.121383,0.114448
9921,2,0.097116,0.121377,0.114541
9922,2,0.059413,0.12136,0.113954
9923,2,0.079065,0.121348,0.113726
9924,2,0.100195,0.121343,0.113772
9925,2,0.075831,0.12133,0.113329
9926,2,0.09839,0.121324,0.113121
9927,2,0.159835,0.121335,0.113251
9928,2,0.063208,0.121319,0.112692
9929,2,0.072842,0.121306,0.112238
9930,2,0.155251,0.121315,0.112531
9931,2,0.147454,0.121322,0.11283
9932,2,0.093409,0.121314,0.112723
9933,2,0.073005,0.121301,0.112184
9934,2,0.098353,0.121295,0.112229
9935,2,0.079112,0.121284,0.112583
9936,2,0.103003,0.121279,0.112331
9937,2,0.121178,0.121279,0.112383
9938,2,0.099576,0.121273,0.112282
9939,2,0.10049,0.121267,0.111329
9940,2,0.061531,0.121251,0.111228
9941,2,0.099384,0.121246,0.111095
9942,2,0.079717,0.121234,0.110701
9943,2,0.164631,0.121246,0.110937
9944,2,0.085776,0.121236,0.109859
9945,2,0.080035,0.121225,0.10956
9946,2,0.148063,0.121233,0.110174
9947,2,0.084113,0.121223,0.110023
9948,2,0.063254,0.121207,0.109425
9949,2,0.145235,0.121214,0.109619
9950,2,0.146298,0.12122,0.109562
9951,2,0.070999,0.121207,0.109123
9952,2,0.190543,0.121225,0.109569
9953,2,0.133214,0.121229,0.109349
9954,2,0.131,0.121231,0.108921
9955,2,0.067092,0.121217,0.108873
9956,2,0.128029,0.121219,0.109246
9957,2,0.071689,0.121205,0.108475
9958,2,0.174542,0.12122,0.108357
9959,2,0.103242,0.121215,0.108796
9960,2,0.098722,0.121209,0.108817
9961,2,0.142993,0.121215,0.108365
9962,2,0.087194,0.121205,0.108259
9963,2,0.126824,0.121207,0.1085
9964,2,0.103965,0.121202,0.109
9965,2,0.100945,0.121197,0.108388
9966,2,0.153871,0.121206,0.108524
9967,2,0.162743,0.121217,0.109289
9968,2,0.125054,0.121218,0.109942
9969,2,0.092079,0.12121,0.110046
9970,2,0.083838,0.1212,0.109734
9971,2,0.139137,0.121205,0.109597
9972,2,0.062064,0.121189,0.109436
9973,2,0.158284,0.121199,0.110421
9974,2,0.099728,0.121193,0.10974
9975,2,0.147587,0.1212,0.110345
9976,2,0.114684,0.121199,0.110226
9977,2,0.121715,0.121199,0.110623
9978,2,0.083948,0.121189,0.110631
9979,2,0.080883,0.121178,0.110335
9980,2,0.177039,0.121193,0.111048
9981,2,0.193269,0.121212,0.111756
9982,2,0.089253,0.121204,0.111265
9983,2,0.113628,0.121202,0.110755
9984,2,0.101984,0.121196,0.111135
9985,2,0.148065,0.121204,0.111741
9986,2,0.10332,0.121199,0.111878
9987,2,0.171854,0.121212,0.112331
9988,2,0.100842,0.121207,0.11221
9989,2,0.248832,0.121241,0.113292
9990,2,0.142753,0.121246,0.113908
9991,2,0.089399,0.121238,0.114054
9992,2,0.08074,0.121227,0.113746
9993,2,0.127304,0.121229,0.113885
9994,2,0.150445,0.121237,0.114283
9995,2,0.128048,0.121238,0.114843
9996,2,0.210334,0.121262,0.116025
9997,2,0.160338,0.121272,0.116205
9998,2,0.168841,0.121285,0.116502
9999,2,0.160558,0.121295,0.117223
10000,2,0.093693,0.121288,0.117029
10001,2,0.051075,0.12127,0.116274
10002,2,0.16868,0.121282,0.117106
10003,2,0.07629,0.12127,0.117172
10004,2,0.132125,0.121273,0.11703
10005,2,0.155006,0.121282,0.116903
10006,2,0.086508,0.121273,0.115853
10007,2,0.234995,0.121303,0.117181
10008,2,0.07795,0.121291,0.116744
10009,2,0.108578,0.121288,0.116452
10010,2,0.226164,0.121316,0.116892
10011,2,0.091879,0.121308,0.116717
10012,2,0.085944,0.121299,0.116668
10013,2,0.070944,0.121285,0.11655
10014,2,0.067724,0.121271,0.11615
10015,2,0.109275,0.121268,0.116277
10016,2,0.146487,0.121275,0.115803
10017,2,0.09476,0.121268,0.115932
10018,2,0.146851,0.121274,0.116783
10019,2,0.075238,0.121262,0.116456
10020,2,0.128953,0.121264,0.116873
10021,2,0.112683,0.121262,0.117029
10022,2,0.091227,0.121254,0.117347
10023,2,0.10251,0.121249,0.117582
10024,2,0.127571,0.121251,0.117855
10025,2,0.108031,0.121247,0.118177
10026,2,0.134584,0.121251,0.118539
10027,2,0.132117,0.121254,0.118262
10028,2,0.148531,0.121261,0.119115
10029,2,0.223361,0.121288,0.120621
10030,2,0.132864,0.121291,0.120397
10031,2,0.100544,0.121285,0.119928
10032,2,0.281707,0.121327,0.121811
10033,2,0.147885,0.121334,0.122559
10034,2,0.078964,0.121323,0.122365
10035,2,0.135736,0.121327,0.122932
10036,2,0.203456,0.121349,0.123936
10037,2,0.122055,0.121349,0.123945
10038,2,0.15518,0.121358,0.124501
10039,2,0.174224,0.121372,0.125238
10040,2,0.11435,0.12137,0.125767
10041,2,0.103925,0.121365,0.125812
10042,2,0.089081,0.121357,0.125906
10043,2,0.08382,0.121347,0.125097
10044,2,0.229492,0.121375,0.126535
10045,2,0.147226,0.121382,0.127207
10046,2,0.157793,0.121391,0.127304
10047,2,0.152106,0.121399,0.127984
10048,2,0.061598,0.121384,0.127967
10049,2,0.13199,0.121387,0.127835
10050,2,0.077262,0.121375,0.127144
10051,2,0.054031,0.121357,0.126975
10052,2,0.164241,0.121369,0.126712
10053,2,0.123967,0.121369,0.126619
10054,2,0.083117,0.121359,0.12614
10055,2,0.121155,0.121359,0.126681
10056,2,0.074612,0.121347,0.126147
10057,2,0.133193,0.12135,0.126762
10058,2,0.066542,0.121336,0.125682
10059,2,0.060344,0.12132,0.125253
10060,2,0.099459,0.121314,0.12526
10061,2,0.095944,0.121308,0.12479
10062,2,0.081647,0.121297,0.124734
10063,2,0.113378,0.121295,0.1246
10064,2,0.099303,0.12129,0.124553
10065,2,0.089131,0.121281,0.124435
10066,2,0.18585,0.121298,0.124755
10067,2,0.084259,0.121288,0.12397
10068,2,0.089875,0.12128,0.123618
10069,2,0.034576,0.121258,0.123043
10070,2,0.116389,0.121256,0.123369
10071,2,0.088563,0.121248,0.122863
10072,2,0.212373,0.121272,0.124366
10073,2,0.145003,0.121278,0.124233
10074,2,0.192596,0.121296,0.125162
10075,2,0.135306,0.1213,0.125039
10076,2,0.078946,0.121289,0.124682
10077,2,0.176493,0.121303,0.12523
10078,2,0.137726,0.121308,0.125767
10079,2,0.105346,0.121303,0.126012
10080,2,0.125336,0.121304,0.125495
10081,2,0.034581,0.121282,0.123908
10082,2,0.123628,0.121283,0.124252
10083,2,0.105948,0.121279,0.124175
10084,2,0.127854,0.12128,0.124434
10085,2,0.139198,0.121285,0.124345
10086,2,0.164391,0.121296,0.124956
10087,2,0.1519,0.121304,0.124756
10088,2,0.093558,0.121297,0.124683
10089,2,0.216115,0.121321,0.124356
10090,2,0.188491,0.121339,0.124814
10091,2,0.087883,0.12133,0.124798
10092,2,0.100532,0.121325,0.124996
10093,2,0.138814,0.121329,0.125111
10094,2,0.058889,0.121313,0.124196
10095,2,0.085767,0.121304,0.123773
10096,2,0.095019,0.121297,0.12262
10097,2,0.172886,0.12131,0.122745
10098,2,0.115805,0.121309,0.122215
10099,2,0.152636,0.121317,0.122136
10100,2,0.158325,0.121327,0.122782
10101,2,0.145953,0.121333,0.123731
10102,2,0.187041,0.12135,0.123915
10103,2,0.065024,0.121335,0.123802
10104,2,0.091275,0.121328,0.123393
10105,2,0.097033,0.121321,0.122814
10106,2,0.08025,0.121311,0.122751
10107,2,0.081309,0.121301,0.121214
10108,2,0.144502,0.121306,0.12188
10109,2,0.141879,0.121312,0.122213
10110,2,0.099028,0.121306,0.120941
10111,2,0.178339,0.121321,0.121806
10112,2,0.092208,0.121313,0.121869
10113,2,0.138885,0.121318,0.122548
10114,2,0.095884,0.121311,0.12283
10115,2,0.089233,0.121303,0.122629
10116,2,0.104328,0.121299,0.122208
10117,2,0.165702,0.12131,0.122917
10118,2,0.110934,0.121307,0.122558
10119,2,0.132138,0.12131,0.123127
10120,2,0.195285,0.121329,0.12379
10121,2,0.144723,0.121335,0.124111
10122,2,0.101144,0.12133,0.12421
10123,2,0.112114,0.121328,0.124306
10124,2,0.091433,0.12132,0.123944
10125,2,0.100935,0.121315,0.123874
10126,2,0.160802,0.121325,0.124136
10127,2,0.102048,0.12132,0.123835
10128,2,0.10671,0.121316,0.123417
10129,2,0.151286,0.121324,0.122696
10130,2,0.097941,0.121318,0.122347
10131,2,0.056099,0.121301,0.121902
10132,2,0.107536,0.121298,0.120161
10133,2,0.133859,0.121301,0.12002
10134,2,0.076847,0.121289,0.119999
10135,2,0.156058,0.121298,0.120202
10136,2,0.148334,0.121305,0.119651
10137,2,0.114004,0.121303,0.119571
10138,2,0.100618,0.121298,0.119025
10139,2,0.084903,0.121289,0.118132
10140,2,0.068067,0.121275,0.117669
10141,2,0.115544,0.121274,0.117785
10142,2,0.20579,0.121295,0.118952
10143,2,0.107557,0.121292,0.11919
10144,2,0.099488,0.121286,0.11789
10145,2,0.081746,0.121276,0.117235
10146,2,0.099338,0.121271,0.11665
10147,2,0.080379,0.12126,0.115933
10148,2,0.099871,0.121255,0.116316
10149,2,0.059542,0.121239,0.115591
10150,2,0.082522,0.121229,0.115644
10151,2,0.14499,0.121235,0.116554
10152,2,0.087823,0.121227,0.115789
10153,2,0.127179,0.121228,0.115821
10154,2,0.104834,0.121224,0.116039
10155,2,0.166754,0.121236,0.116495
10156,2,0.262602,0.121272,0.118375
10157,2,0.093783,0.121265,0.11798
10158,2,0.141241,0.12127,0.118727
10159,2,0.131062,0.121272,0.119435
10160,2,0.096504,0.121266,0.119405
10161,2,0.215115,0.12129,0.120597
10162,2,0.139507,0.121294,0.121175
10163,2,0.137942,0.121299,0.121421
10164,2,0.098515,0.121293,0.121413
10165,2,0.087572,0.121284,0.121398
10166,2,0.119207,0.121284,0.120731
10167,2,0.220979,0.121309,0.122098
10168,2,0.141728,0.121314,0.122617
10169,2,0.093273,0.121307,0.123204
10170,2,0.102394,0.121302,0.123064
10171,2,0.092903,0.121295,0.123107
10172,2,0.123724,0.121296,0.122221
10173,2,0.05524,0.121279,0.121323
10174,2,0.107902,0.121276,0.120476
10175,2,0.182825,0.121291,0.120951
10176,2,0.232399,0.121319,0.122486
10177,2,0.152093,0.121327,0.122242
10178,2,0.107042,0.121323,0.121935
10179,2,0.085237,0.121314,0.121734
10180,2,0.165351,0.121325,0.122134
10181,2,0.173584,0.121339,0.123524
10182,2,0.098439,0.121333,0.123272
10183,2,0.168748,0.121345,0.1239
10184,2,0.129451,0.121347,0.123916
10185,2,0.108644,0.121344,0.123611
10186,2,0.129357,0.121346,0.12326
10187,2,0.137667,0.12135,0.123118
10188,2,0.185068,0.121366,0.124033
10189,2,0.142567,0.121371,0.123298
10190,2,0.079476,0.121361,0.122207
10191,2,0.078888,0.12135,0.122118
10192,2,0.145048,0.121356,0.122563
10193,2,0.106412,0.121352,0.122239
10194,2,0.086274,0.121343,0.122512
10195,2,0.08392,0.121334,0.122494
10196,2,0.13078,0.121336,0.122852
10197,2,0.123093,0.121337,0.122354
10198,2,0.181744,0.121352,0.123013
10199,2,0.128791,0.121354,0.122775
10200,2,0.125597,0.121355,0.122447
10201,2,0.147171,0.121361,0.12246
10202,2,0.163273,0.121372,0.122222
10203,2,0.088471,0.121364,0.122456
10204,2,0.167421,0.121375,0.123218
10205,2,0.113935,0.121373,0.123387
10206,2,0.128736,0.121375,0.123872
10207,2,0.137317,0.121379,0.124432
10208,2,0.105017,0.121375,0.124037
10209,2,0.112074,0.121373,0.123739
10210,2,0.105842,0.121369,0.123807
10211,2,0.125214,0.12137,0.123276
10212,2,0.045104,0.121351,0.122805
10213,2,0.141031,0.121356,0.122826
10214,2,0.143535,0.121361,0.123303
10215,2,0.153146,0.121369,0.123942
10216,2,0.186211,0.121385,0.124761
10217,2,0.171731,0.121398,0.124821
10218,2,0.152466,0.121406,0.125236
10219,2,0.133683,0.121409,0.125252
10220,2,0.135347,0.121412,0.124652
10221,2,0.112639,0.12141,0.124331
10222,2,0.059197,0.121395,0.123912
10223,2,0.12386,0.121395,0.124029
10224,2,0.105055,0.121391,0.124166
10225,2,0.151995,0.121399,0.124676
10226,2,0.091508,0.121391,0.123983
10227,2,0.039826,0.121371,0.123361
10228,2,0.099308,0.121365,0.123287
10229,2,0.088239,0.121357,0.122657
10230,2,0.141628,0.121362,0.123094
10231,2,0.125302,0.121363,0.123786
10232,2,0.085121,0.121354,0.123561
10233,2,0.076667,0.121343,0.122989
10234,2,0.103837,0.121339,0.123259
10235,2,0.054911,0.121322,0.122248
10236,2,0.106258,0.121318,0.121827
10237,2,0.044525,0.121299,0.121132
10238,2,0.114399,0.121297,0.12127
10239,2,0.164191,0.121308,0.122063
10240,2,0.071384,0.121296,0.122096
10241,2,0.109596,0.121293,0.122037
10242,2,0.161522,0.121303,0.121594
10243,2,0.121657,0.121303,0.121735
10244,2,0.085513,0.121294,0.121595
10245,2,0.055626,0.121278,0.121334
10246,2,0.139,0.121282,0.121731
10247,2,0.05273,0.121265,0.121454
10248,2,0.145994,0.121271,0.121915
10249,2,0.104874,0.121267,0.122369
10250,2,0.083099,0.121258,0.122375
10251,2,0.166892,0.121269,0.122594
10252,2,0.15295,0.121277,0.123245
10253,2,0.095406,0.12127,0.122927
10254,2,0.170768,0.121283,0.123586
10255,2,0.060761,0.121268,0.122527
10256,2,0.153672,0.121276,0.121437
10257,2,0.093821,0.121269,0.121438
10258,2,0.172822,0.121282,0.121753
10259,2,0.151818,0.121289,0.121961
10260,2,0.07206,0.121277,0.121717
10261,2,0.081995,0.121267,0.120385
10262,2,0.169623,0.121279,0.120686
10263,2,0.065165,0.121265,0.119959
10264,2,0.125212,0.121266,0.120226
10265,2,0.102091,0.121262,0.120371
10266,2,0.061415,0.121247,0.119793
10267,2,0.086651,0.121238,0.11845
10268,2,0.091757,0.121231,0.11795
10269,2,0.164532,0.121242,0.118663
10270,2,0.087123,0.121233,0.11851
10271,2,0.124638,0.121234,0.118827
10272,2,0.154795,0.121242,0.119138
10273,2,0.159964,0.121252,0.120185
10274,2,0.211764,0.121274,0.121224
10275,2,0.169346,0.121286,0.121089
10276,2,0.16294,0.121296,0.120394
10277,2,0.126194,0.121298,0.120135
10278,2,0.129755,0.1213,0.120363
10279,2,0.0964,0.121294,0.120474
10280,2,0.085864,0.121285,0.119679
10281,2,0.118493,0.121284,0.119128
10282,2,0.145871,0.12129,0.119603
10283,2,0.105286,0.121286,0.118968
10284,2,0.092268,0.121279,0.118596
10285,2,0.151427,0.121287,0.119024
10286,2,0.083205,0.121277,0.118563
10287,2,0.145603,0.121283,0.118642
10288,2,0.106394,0.121279,0.117855
10289,2,0.088552,0.121271,0.117315
10290,2,0.135498,0.121275,0.117875
10291,2,0.076687,0.121264,0.117853
10292,2,0.123826,0.121265,0.117641
10293,2,0.136191,0.121268,0.117939
10294,2,0.133126,0.121271,0.118407
10295,2,0.152521,0.121279,0.119093
10296,2,0.130194,0.121281,0.119087
10297,2,0.141536,0.121286,0.119272
10298,2,0.171374,0.121298,0.119168
10299,2,0.147759,0.121305,0.119358
10300,2,0.156271,0.121313,0.119665
10301,2,0.048253,0.121295,0.118675
10302,2,0.120868,0.121295,0.118251
10303,2,0.117868,0.121294,0.118545
10304,2,0.077684,0.121284,0.117648
10305,2,0.132031,0.121286,0.117829
10306,2,0.20811,0.121308,0.118623
10307,2,0.075615,0.121297,0.118006
10308,2,0.097163,0.121291,0.117927
10309,2,0.14195,0.121296,0.118226
10310,2,0.083396,0.121286,0.118001
10311,2,0.042726,0.121267,0.117177
10312,2,0.137311,0.121271,0.118099
10313,2,0.091638,0.121264,0.117605
10314,2,0.140258,0.121268,0.117572
10315,2,0.107549,0.121265,0.117116
10316,2,0.16497,0.121276,0.116904
10317,2,0.060806,0.121261,0.115794
10318,2,0.05493,0.121245,0.114819
10319,2,0.086832,0.121236,0.11435
10320,2,0.128533,0.121238,0.114282
10321,2,0.057314,0.121223,0.113729
10322,2,0.079516,0.121212,0.113932
10323,2,0.095921,0.121206,0.113653
10324,2,0.224459,0.121231,0.114847
10325,2,0.059098,0.121216,0.113918
10326,2,0.158611,0.121225,0.114589
10327,2,0.155616,0.121234,0.115747
10328,2,0.117803,0.121233,0.115932
10329,2,0.08164,0.121223,0.115866
10330,2,0.117355,0.121222,0.115623
10331,2,0.082871,0.121213,0.115199
10332,2,0.164371,0.121224,0.115991
10333,2,0.082549,0.121214,0.11605
10334,2,0.17234,0.121227,0.116735
10335,2,0.13343,0.12123,0.11752
10336,2,0.145141,0.121235,0.117909
10337,2,0.094474,0.121229,0.118409
10338,2,0.199945,0.121248,0.119264
10339,2,0.102827,0.121244,0.11865
10340,2,0.121812,0.121244,0.119155
10341,2,0.167525,0.121255,0.119734
10342,2,0.14635,0.121261,0.119582
10343,2,0.116351,0.12126,0.119529
10344,2,0.114541,0.121258,0.11982
10345,2,0.146852,0.121264,0.120732
10346,2,0.070325,0.121252,0.120045
10347,2,0.071659,0.12124,0.120234
10348,2,0.042963,0.121221,0.119204
10349,2,0.110192,0.121218,0.119257
10350,2,0.082812,0.121209,0.119254
10351,2,0.147388,0.121215,0.119059
10352,2,0.185705,0.121231,0.119387
10353,2,0.090307,0.121224,0.119336
10354,2,0.093469,0.121217,0.118563
10355,2,0.106939,0.121213,0.119025
10356,2,0.114948,0.121212,0.118637
10357,2,0.089737,0.121204,0.118597
10358,2,0.091895,0.121197,0.117787
10359,2,0.070895,0.121185,0.116978
10360,2,0.080478,0.121175,0.117062
10361,2,0.073199,0.121164,0.116974
10362,2,0.07724,0.121153,0.11605
10363,2,0.138581,0.121157,0.116785
10364,2,0.118054,0.121156,0.116713
10365,2,0.128738,0.121158,0.116979
10366,2,0.138085,0.121162,0.117746
10367,2,0.113477,0.12116,0.118014
10368,2,0.092122,0.121153,0.118018
10369,2,0.183876,0.121169,0.118212
10370,2,0.228554,0.121194,0.119626
10371,2,0.068053,0.121182,0.11906
10372,2,0.100708,0.121177,0.118519
10373,2,0.102629,0.121172,0.117946
10374,2,0.152136,0.12118,0.117349
10375,2,0.129724,0.121182,0.116953
10376,2,0.079073,0.121172,0.116115
10377,2,0.112309,0.121169,0.115976
10378,2,0.089207,0.121162,0.11557
10379,2,0.086521,0.121153,0.115471
10380,2,0.113656,0.121152,0.115749
10381,2,0.14158,0.121157,0.11598
10382,2,0.149269,0.121163,0.116014
10383,2,0.072939,0.121152,0.115691
10384,2,0.085852,0.121143,0.115627
10385,2,0.107921,0.12114,0.115192
10386,2,0.096711,0.121134,0.115327
10387,2,0.087761,0.121126,0.114748
10388,2,0.13186,0.121129,0.115003
10389,2,0.1238,0.121129,0.115355
10390,2,0.143406,0.121135,0.115434
10391,2,0.082115,0.121125,0.115489
10392,2,0.117964,0.121125,0.11543
10393,2,0.139503,0.121129,0.115463
10394,2,0.148463,0.121136,0.115617
10395,2,0.167005,0.121147,0.115761
10396,2,0.076704,0.121136,0.115226
10397,2,0.111458,0.121134,0.114926
10398,2,0.163968,0.121144,0.114852
10399,2,0.183157,0.121159,0.115206
10400,2,0.175925,0.121172,0.115402
10401,2,0.113511,0.12117,0.116055
10402,2,0.131236,0.121172,0.116158
10403,2,0.156482,0.121181,0.116545
10404,2,0.12611,0.121182,0.117029
10405,2,0.166083,0.121193,0.117369
10406,2,0.091027,0.121186,0.116199
10407,2,0.077923,0.121175,0.116222
10408,2,0.07852,0.121165,0.116035
10409,2,0.070084,0.121153,0.115317
10410,2,0.083802,0.121144,0.115321
10411,2,0.231867,0.12117,0.117212
10412,2,0.186643,0.121186,0.117705
10413,2,0.0922,0.121179,0.117711
10414,2,0.111166,0.121177,0.11742
10415,2,0.098612,0.121171,0.117331
10416,2,0.093007,0.121165,0.116611
10417,2,0.065859,0.121151,0.116662
10418,2,0.084768,0.121143,0.11696
10419,2,0.065803,0.12113,0.11675
10420,2,0.115144,0.121128,0.116616
10421,2,0.086395,0.12112,0.116907
10422,2,0.074133,0.121109,0.116853
10423,2,0.232462,0.121135,0.118218
10424,2,0.18452,0.12115,0.117819
10425,2,0.084247,0.121141,0.11807
10426,2,0.09419,0.121135,0.117426
10427,2,0.119903,0.121135,0.117069
10428,2,0.196957,0.121153,0.11786
10429,2,0.110901,0.12115,0.118153
10430,2,0.120531,0.12115,0.118185
10431,2,0.110629,0.121148,0.118462
10432,2,0.058976,0.121133,0.117408
10433,2,0.119128,0.121132,0.117774
10434,2,0.093805,0.121126,0.116989
10435,2,0.190811,0.121143,0.117563
10436,2,0.20345,0.121162,0.118146
10437,2,0.120598,0.121162,0.118407
10438,2,0.080721,0.121152,0.117215
10439,2,0.128408,0.121154,0.117471
10440,2,0.099419,0.121149,0.117247
10441,2,0.188976,0.121165,0.117461
10442,2,0.124472,0.121166,0.117242
10443,2,0.109864,0.121163,0.117178
10444,2,0.125822,0.121164,0.11729
10445,2,0.105557,0.12116,0.116877
10446,2,0.245866,0.12119,0.118633
10447,2,0.14552,0.121196,0.119371
10448,2,0.091412,0.121189,0.119856
10449,2,0.111638,0.121186,0.11987
10450,2,0.105994,0.121183,0.120102
10451,2,0.190933,0.121199,0.120538
10452,2,0.154638,0.121207,0.120227
10453,2,0.124725,0.121208,0.120571
10454,2,0.052184,0.121192,0.120158
10455,2,0.113792,0.12119,0.120227
10456,2,0.103154,0.121186,0.120109
10457,2,0.093277,0.121179,0.120144
10458,2,0.0989,0.121174,0.120214
10459,2,0.081891,0.121165,0.120324
10460,2,0.07582,0.121154,0.120278
10461,2,0.111517,0.121152,0.120661
10462,2,0.080754,0.121142,0.120696
10463,2,0.109056,0.121139,0.120401
10464,2,0.143074,0.121144,0.120651
10465,2,0.185435,0.12116,0.121218
10466,2,0.092301,0.121153,0.12076
10467,2,0.142388,0.121158,0.121049
10468,2,0.158624,0.121167,0.121714
10469,2,0.21302,0.121188,0.122006
10470,2,0.172697,0.1212,0.121447
10471,2,0.099395,0.121195,0.12176
10472,2,0.220331,0.121219,0.122957
10473,2,0.133412,0.121221,0.123265
10474,2,0.143333,0.121227,0.123177
10475,2,0.147914,0.121233,0.123358
10476,2,0.152353,0.12124,0.124091
10477,2,0.121,0.12124,0.124178
10478,2,0.257315,0.121272,0.125859
10479,2,0.170627,0.121284,0.1267
10480,2,0.126425,0.121285,0.126828
10481,2,0.112262,0.121283,0.126535
10482,2,0.165938,0.121293,0.126701
10483,2,0.065272,0.12128,0.126625
10484,2,0.133134,0.121283,0.127098
10485,2,0.154302,0.121291,0.127561
10486,2,0.059833,0.121276,0.127193
10487,2,0.054599,0.121261,0.126861
10488,2,0.146434,0.121267,0.127007
10489,2,0.089903,0.121259,0.126668
10490,2,0.115996,0.121258,0.126394
10491,2,0.197488,0.121276,0.127547
10492,2,0.144396,0.121281,0.127812
10493,2,0.163489,0.121291,0.128052
10494,2,0.148618,0.121298,0.128053
10495,2,0.104939,0.121294,0.127433
10496,2,0.093028,0.121287,0.127596
10497,2,0.08086,0.121278,0.12729
10498,2,0.100395,0.121273,0.126654
10499,2,0.080763,0.121263,0.12563
10500,2,0.082099,0.121254,0.124692
10501,2,0.072567,0.121243,0.124282
10502,2,0.136726,0.121246,0.124337
10503,2,0.128842,0.121248,0.124061
10504,2,0.096308,0.121242,0.123763
10505,2,0.182555,0.121257,0.123928
10506,2,0.111074,0.121254,0.124128
10507,2,0.120377,0.121254,0.124553
10508,2,0.040893,0.121235,0.124176
10509,2,0.064129,0.121222,0.124117
10510,2,0.082226,0.121213,0.124101
10511,2,0.278905,0.12125,0.124571
10512,2,0.224002,0.121274,0.124945
10513,2,0.132844,0.121276,0.125351
10514,2,0.077616,0.121266,0.125016
10515,2,0.098182,0.121261,0.125012
10516,2,0.169462,0.121272,0.125776
10517,2,0.114643,0.12127,0.126264
10518,2,0.146811,0.121276,0.126884
10519,2,0.078484,0.121266,0.127011
10520,2,0.144382,0.121272,0.127304
10521,2,0.098946,0.121267,0.127429
10522,2,0.104884,0.121263,0.127737
10523,2,0.093067,0.121256,0.126343
10524,2,0.139368,0.12126,0.125891
10525,2,0.072532,0.121249,0.125774
10526,2,0.137754,0.121253,0.12621
10527,2,0.116383,0.121252,0.126174
10528,2,0.172651,0.121264,0.125931
10529,2,0.095028,0.121258,0.125773
10530,2,0.122284,0.121258,0.12579
10531,2,0.055783,0.121243,0.125242
10532,2,0.129758,0.121245,0.12595
10533,2,0.180254,0.121258,0.126561
10534,2,0.135043,0.121262,0.126973
10535,2,0.134721,0.121265,0.126412
10536,2,0.083454,0.121256,0.125212
10537,2,0.143537,0.121261,0.125442
10538,2,0.085476,0.121253,0.125489
10539,2,0.135571,0.121256,0.125561
10540,2,0.139775,0.12126,0.125964
10541,2,0.090056,0.121253,0.124975
10542,2,0.135787,0.121257,0.125088
10543,2,0.064015,0.121243,0.12463
10544,2,0.067272,0.121231,0.124044
10545,2,0.090932,0.121224,0.123898
10546,2,0.079897,0.121214,0.122238
10547,2,0.138083,0.121218,0.122164
10548,2,0.105169,0.121214,0.122302
10549,2,0.254967,0.121245,0.123735
10550,2,0.157169,0.121254,0.124247
10551,2,0.199403,0.121272,0.124331
10552,2,0.108065,0.121269,0.123866
10553,2,0.259268,0.121301,0.125211
10554,2,0.168988,0.121312,0.126379
10555,2,0.162413,0.121321,0.126865
10556,2,0.130848,0.121323,0.127142
10557,2,0.106073,0.12132,0.12727
10558,2,0.135851,0.121323,0.12764
10559,2,0.202046,0.121342,0.128841
10560,2,0.100951,0.121337,0.129093
10561,2,0.109652,0.121334,0.129074
10562,2,0.159601,0.121343,0.129863
10563,2,0.164644,0.121353,0.130418
10564,2,0.062267,0.121339,0.12961
10565,2,0.174384,0.121352,0.1295
10566,2,0.138488,0.121356,0.129962
10567,2,0.090677,0.121349,0.129445
10568,2,0.101993,0.121344,0.128878
10569,2,0.108306,0.121341,0.127831
10570,2,0.124705,0.121342,0.127351
10571,2,0.12745,0.121343,0.127632
10572,2,0.06859,0.121331,0.126114
10573,2,0.135986,0.121335,0.12614
10574,2,0.184834,0.121349,0.126555
10575,2,0.09364,0.121343,0.126012
10576,2,0.138535,0.121347,0.125874
10577,2,0.11541,0.121345,0.125818
10578,2,0.088092,0.121338,0.124126
10579,2,0.166237,0.121348,0.124082
10580,2,0.154683,0.121356,0.124365
10581,2,0.073249,0.121345,0.123975
10582,2,0.063178,0.121331,0.122947
10583,2,0.074896,0.121321,0.123043
10584,2,0.130193,0.121323,0.123014
10585,2,0.201998,0.121341,0.123491
10586,2,0.067092,0.121329,0.123563
10587,2,0.107997,0.121326,0.124097
10588,2,0.127697,0.121327,0.12391
10589,2,0.100779,0.121322,0.124019
10590,2,0.214864,0.121344,0.125007
10591,2,0.139419,0.121348,0.124427
10592,2,0.131804,0.12135,0.124301
10593,2,0.085373,0.121342,0.12352
10594,2,0.115484,0.121341,0.123188
10595,2,0.130595,0.121343,0.123445
10596,2,0.156036,0.121351,0.124075
10597,2,0.195825,0.121368,0.125225
10598,2,0.112528,0.121366,0.125346
10599,2,0.124033,0.121366,0.125779
10600,2,0.10402,0.121363,0.125998
10601,2,0.107042,0.121359,0.126343
10602,2,0.072007,0.121348,0.125695
10603,2,0.134689,0.121351,0.125754
10604,2,0.140191,0.121355,0.126193
10605,2,0.128183,0.121357,0.125649
10606,2,0.105013,0.121353,0.125588
10607,2,0.184538,0.121368,0.12623
10608,2,0.178775,0.121381,0.127609
10609,2,0.138327,0.121385,0.128351
10610,2,0.160524,0.121393,0.129134
10611,2,0.114825,0.121392,0.127493
10612,2,0.124015,0.121393,0.126493
10613,2,0.060204,0.121379,0.125767
10614,2,0.068822,0.121367,0.125679
10615,2,0.130347,0.121369,0.126
10616,2,0.14743,0.121375,0.12578
10617,2,0.185431,0.121389,0.126488
10618,2,0.098042,0.121384,0.126
10619,2,0.11492,0.121382,0.126365
10620,2,0.096731,0.121377,0.125888
10621,2,0.133474,0.12138,0.126233
10622,2,0.186365,0.121394,0.127048
10623,2,0.129752,0.121396,0.127415
10624,2,0.131091,0.121398,0.127332
10625,2,0.09662,0.121393,0.127573
10626,2,0.11225,0.121391,0.127318
10627,2,0.07433,0.12138,0.126898
10628,2,0.143736,0.121385,0.126608
10629,2,0.211818,0.121406,0.127776
10630,2,0.205374,0.121425,0.128607
10631,2,0.0991,0.12142,0.12904
10632,2,0.074233,0.121409,0.128485
10633,2,0.166379,0.121419,0.128346
10634,2,0.096983,0.121414,0.127966
10635,2,0.079037,0.121404,0.127409
10636,2,0.19361,0.12142,0.128511
10637,2,0.069002,0.121408,0.127765
10638,2,0.080562,0.121399,0.127716
10639,2,0.048684,0.121383,0.126847
10640,2,0.079847,0.121373,0.126248
10641,2,0.043137,0.121356,0.125779
10642,2,0.135144,0.121359,0.125772
10643,2,0.120783,0.121359,0.12634
10644,2,0.169774,0.12137,0.127365
10645,2,0.064346,0.121357,0.127099
10646,2,0.073662,0.121346,0.127037
10647,2,0.080165,0.121337,0.126458
10648,2,0.068221,0.121325,0.126088
10649,2,0.139604,0.121329,0.124934
10650,2,0.232264,0.121354,0.125685
10651,2,0.086413,0.121346,0.124556
10652,2,0.148962,0.121352,0.124964
10653,2,0.114051,0.12135,0.123512
10654,2,0.045828,0.121333,0.122281
10655,2,0.146987,0.121339,0.122126
10656,2,0.038758,0.121321,0.121206
10657,2,0.259282,0.121352,0.122738
10658,2,0.244427,0.121379,0.123823
10659,2,0.139182,0.121383,0.123195
10660,2,0.101466,0.121379,0.1232
10661,2,0.105281,0.121375,0.123156
10662,2,0.128582,0.121377,0.122846
10663,2,0.137167,0.121381,0.122571
10664,2,0.091016,0.121374,0.122859
10665,2,0.169861,0.121385,0.122814
10666,2,0.097991,0.121379,0.122409
10667,2,0.230168,0.121404,0.123803
10668,2,0.143203,0.121409,0.124216
10669,2,0.136435,0.121412,0.124497
10670,2,0.114757,0.121411,0.124397
10671,2,0.090015,0.121404,0.124023
10672,2,0.171921,0.121415,0.125056
10673,2,0.070139,0.121403,0.124398
10674,2,0.187883,0.121418,0.124428
10675,2,0.087922,0.121411,0.124371
10676,2,0.080865,0.121402,0.123794
10677,2,0.173247,0.121413,0.124373
10678,2,0.186423,0.121428,0.125356
10679,2,0.124591,0.121429,0.12494
10680,2,0.141631,0.121433,0.124809
10681,2,0.122383,0.121433,0.1253
10682,2,0.135784,0.121437,0.126027
10683,2,0.161795,0.121446,0.126896
10684,2,0.093966,0.121439,0.126533
10685,2,0.118965,0.121439,0.125703
10686,2,0.241831,0.121466,0.12745
10687,2,0.131236,0.121468,0.127683
10688,2,0.149648,0.121474,0.127902
10689,2,0.121599,0.121474,0.12811
10690,2,0.140278,0.121479,0.127365
10691,2,0.102199,0.121474,0.126992
10692,2,0.106061,0.121471,0.126735
10693,2,0.165594,0.121481,0.127537
10694,2,0.081038,0.121472,0.127193
10695,2,0.154638,0.121479,0.127433
10696,2,0.108487,0.121476,0.126958
10697,2,0.121817,0.121476,0.126218
10698,2,0.179814,0.121489,0.12689
10699,2,0.099882,0.121484,0.126649
10700,2,0.109006,0.121482,0.126699
10701,2,0.100862,0.121477,0.126637
10702,2,0.052389,0.121462,0.126441
10703,2,0.154285,0.121469,0.126637
10704,2,0.164484,0.121479,0.12688
10705,2,0.101135,0.121474,0.126609
10706,2,0.138742,0.121478,0.126947
10707,2,0.120471,0.121478,0.126306
10708,2,0.097683,0.121472,0.125495
10709,2,0.099665,0.121468,0.125108
10710,2,0.144418,0.121473,0.124947
10711,2,0.120661,0.121472,0.125006
10712,2,0.165683,0.121482,0.125422
10713,2,0.151121,0.121489,0.126331
10714,2,0.123535,0.121489,0.126879
10715,2,0.128128,0.121491,0.126856
10716,2,0.10158,0.121486,0.126398
10717,2,0.208274,0.121506,0.126626
10718,2,0.102489,0.121501,0.126671
10719,2,0.169693,0.121512,0.127219
10720,2,0.045028,0.121495,0.126701
10721,2,0.045425,0.121478,0.125821
10722,2,0.094651,0.121472,0.124904
10723,2,0.153966,0.12148,0.125146
10724,2,0.10328,0.121476,0.124868
10725,2,0.099898,0.121471,0.124901
10726,2,0.070544,0.121459,0.124484
10727,2,0.094628,0.121453,0.124687
10728,2,0.111704,0.121451,0.124366
10729,2,0.162734,0.12146,0.123875
10730,2,0.081096,0.121451,0.122633
10731,2,0.099512,0.121447,0.122637
10732,2,0.140725,0.121451,0.123302
10733,2,0.153816,0.121458,0.123176
10734,2,0.211125,0.121478,0.124317
10735,2,0.165849,0.121488,0.125186
10736,2,0.158711,0.121496,0.124837
10737,2,0.059206,0.121482,0.124739
10738,2,0.090681,0.121475,0.12484
10739,2,0.180068,0.121488,0.126154
10740,2,0.191338,0.121504,0.127269
10741,2,0.107435,0.121501,0.127912
10742,2,0.138371,0.121504,0.127944
10743,2,0.084893,0.121496,0.127585
10744,2,0.09268,0.12149,0.126814
10745,2,0.181724,0.121503,0.127988
10746,2,0.136103,0.121507,0.128612
10747,2,0.129863,0.121508,0.129109
10748,2,0.076032,0.121498,0.129187
10749,2,0.054525,0.121484,0.128336
10750,2,0.090124,0.121477,0.126915
10751,2,0.24319,0.121503,0.128483
10752,2,0.126627,0.121505,0.128259
10753,2,0.180899,0.121518,0.128928
10754,2,0.116223,0.121517,0.129632
10755,2,0.123663,0.121517,0.129399
10756,2,0.138738,0.121521,0.130398
10757,2,0.065487,0.121508,0.128461
10758,2,0.067315,0.121497,0.126689
10759,2,0.140635,0.121501,0.126704
10760,2,0.163095,0.12151,0.12732
10761,2,0.062375,0.121497,0.126891
10762,2,0.110041,0.121494,0.126706
10763,2,0.084431,0.121486,0.126178
10764,2,0.094997,0.12148,0.126218
10765,2,0.07364,0.12147,0.125256
10766,2,0.160111,0.121478,0.125877
10767,2,0.07097,0.121467,0.124285
10768,2,0.128162,0.121469,0.124135
10769,2,0.120256,0.121468,0.123973
10770,2,0.119463,0.121468,0.12402
10771,2,0.072411,0.121457,0.123844
10772,2,0.088403,0.12145,0.123009
10773,2,0.130002,0.121452,0.123607
10774,2,0.14088,0.121456,0.123137
10775,2,0.082878,0.121448,0.123087
10776,2,0.063147,0.121435,0.12291
10777,2,0.165956,0.121445,0.122837
10778,2,0.223012,0.121467,0.123203
10779,2,0.126316,0.121468,0.12322
10780,2,0.140534,0.121472,0.123209
10781,2,0.097943,0.121467,0.122965
10782,2,0.105949,0.121464,0.122666
10783,2,0.061989,0.121451,0.121668
10784,2,0.072378,0.12144,0.121452
10785,2,0.080188,0.121431,0.121065
10786,2,0.119031,0.12143,0.119837
10787,2,0.159319,0.121438,0.120117
10788,2,0.13108,0.121441,0.119932
10789,2,0.086452,0.121433,0.11958
10790,2,0.148758,0.121439,0.119665
10791,2,0.113167,0.121437,0.119775
10792,2,0.096964,0.121432,0.119684
10793,2,0.179421,0.121444,0.119822
10794,2,0.1602,0.121453,0.120614
10795,2,0.126267,0.121454,0.12033
10796,2,0.12697,0.121455,0.120515
10797,2,0.123782,0.121456,0.120534
10798,2,0.075563,0.121446,0.119492
10799,2,0.14622,0.121451,0.119955
10800,2,0.101276,0.121447,0.119878
10801,2,0.173877,0.121458,0.120608
10802,2,0.088883,0.121451,0.120973
10803,2,0.106657,0.121448,0.120497
10804,2,0.143039,0.121452,0.120282
10805,2,0.118326,0.121452,0.120454
10806,2,0.108452,0.121449,0.120151
10807,2,0.142566,0.121454,0.120372
10808,2,0.095937,0.121448,0.120355
10809,2,0.133282,0.121451,0.120691
10810,2,0.061165,0.121437,0.119859
10811,2,0.199012,0.121454,0.120642
10812,2,0.099599,0.12145,0.119981
10813,2,0.091207,0.121443,0.119382
10814,2,0.037164,0.121425,0.118518
10815,2,0.087878,0.121417,0.118116
10816,2,0.204122,0.121435,0.119141
10817,2,0.168078,0.121446,0.118739
10818,2,0.195171,0.121462,0.119666
10819,2,0.106692,0.121458,0.119036
10820,2,0.093844,0.121452,0.119524
10821,2,0.142229,0.121457,0.120492
10822,2,0.124915,0.121458,0.120795
10823,2,0.083506,0.121449,0.12009
10824,2,0.076253,0.12144,0.11982
10825,2,0.116153,0.121438,0.119983
10826,2,0.125723,0.121439,0.120534
10827,2,0.126601,0.12144,0.120854
10828,2,0.135398,0.121443,0.121091
10829,2,0.141713,0.121448,0.120881
10830,2,0.114311,0.121446,0.121213
10831,2,0.047433,0.12143,0.120692
10832,2,0.147026,0.121436,0.120755
10833,2,0.117028,0.121435,0.120387
10834,2,0.135054,0.121438,0.119627
10835,2,0.098325,0.121433,0.118951
10836,2,0.148044,0.121439,0.118845
10837,2,0.121169,0.121439,0.119464
10838,2,0.14055,0.121443,0.119963
10839,2,0.099227,0.121438,0.119155
10840,2,0.097958,0.121433,0.118221
10841,2,0.114445,0.121431,0.118291
10842,2,0.1243,0.121432,0.11815
10843,2,0.119986,0.121432,0.118501
10844,2,0.093089,0.121425,0.118505
10845,2,0.166824,0.121435,0.118356
10846,2,0.104097,0.121431,0.118036
10847,2,0.144701,0.121437,0.118185
10848,2,0.096185,0.121431,0.118386
10849,2,0.111868,0.121429,0.11896
10850,2,0.139888,0.121433,0.119457
10851,2,0.059211,0.12142,0.117617
10852,2,0.123196,0.12142,0.117583
10853,2,0.121812,0.12142,0.116992
10854,2,0.135995,0.121423,0.11719
10855,2,0.066008,0.121411,0.116613
10856,2,0.126041,0.121412,0.116486
10857,2,0.12716,0.121413,0.117103
10858,2,0.118561,0.121413,0.117616
10859,2,0.169962,0.121423,0.117909
10860,2,0.11504,0.121422,0.117428
10861,2,0.078053,0.121413,0.117585
10862,2,0.122491,0.121413,0.11771
10863,2,0.16874,0.121423,0.118553
10864,2,0.205451,0.121441,0.119657
10865,2,0.046863,0.121425,0.11939
10866,2,0.093031,0.121419,0.118719
10867,2,0.157452,0.121427,0.119584
10868,2,0.150497,0.121433,0.119807
10869,2,0.07466,0.121423,0.119351
10870,2,0.069395,0.121412,0.11885
10871,2,0.150818,0.121418,0.119634
10872,2,0.114648,0.121417,0.119897
10873,2,0.065192,0.121404,0.119249
10874,2,0.110848,0.121402,0.118948
10875,2,0.094209,0.121396,0.119062
10876,2,0.106718,0.121393,0.119497
10877,2,0.142887,0.121398,0.119267
10878,2,0.23301,0.121422,0.119367
10879,2,0.113028,0.12142,0.119234
10880,2,0.13755,0.121423,0.119204
10881,2,0.17538,0.121435,0.119978
10882,2,0.138952,0.121439,0.120308
10883,2,0.159723,0.121447,0.121286
10884,2,0.076432,0.121437,0.121326
10885,2,0.186364,0.121451,0.122388
10886,2,0.191805,0.121466,0.123116
10887,2,0.121271,0.121466,0.122735
10888,2,0.123298,0.121467,0.122657
10889,2,0.124174,0.121467,0.123035
10890,2,0.170156,0.121478,0.123249
10891,2,0.085892,0.12147,0.122976
10892,2,0.080285,0.121461,0.122809
10893,2,0.104161,0.121458,0.122056
10894,2,0.162922,0.121466,0.122084
10895,2,0.083057,0.121458,0.121652
10896,2,0.07602,0.121448,0.121142
10897,2,0.044889,0.121432,0.120353
10898,2,0.104505,0.121428,0.120643
10899,2,0.115632,0.121427,0.120337
10900,2,0.062263,0.121415,0.119947
10901,2,0.077556,0.121405,0.118983
10902,2,0.082405,0.121397,0.118919
10903,2,0.100417,0.121392,0.118856
10904,2,0.111625,0.12139,0.118542
10905,2,0.132032,0.121393,0.118679
10906,2,0.071936,0.121382,0.118314
10907,2,0.192034,0.121397,0.118809
10908,2,0.216893,0.121417,0.120018
10909,2,0.096111,0.121412,0.119646
10910,2,0.093907,0.121406,0.119974
10911,2,0.062336,0.121394,0.118607
10912,2,0.07995,0.121385,0.118411
10913,2,0.104018,0.121381,0.118539
10914,2,0.089782,0.121374,0.119065
10915,2,0.182772,0.121387,0.120014
10916,2,0.134988,0.12139,0.119323
10917,2,0.090264,0.121384,0.118544
10918,2,0.048464,0.121368,0.117077
10919,2,0.047359,0.121352,0.116484
10920,2,0.086816,0.121345,0.116414
10921,2,0.143463,0.12135,0.116426
10922,2,0.102763,0.121346,0.116205
10923,2,0.119468,0.121345,0.116564
10924,2,0.110857,0.121343,0.11691
10925,2,0.073634,0.121333,0.116485
10926,2,0.127542,0.121334,0.116503
10927,2,0.069842,0.121323,0.115936
10928,2,0.112855,0.121322,0.11571
10929,2,0.126403,0.121323,0.115557
10930,2,0.154684,0.12133,0.115961
10931,2,0.092694,0.121324,0.116413
10932,2,0.087734,0.121317,0.115821
10933,2,0.129796,0.121318,0.115948
10934,2,0.094525,0.121313,0.115543
10935,2,0.103407,0.121309,0.115594
10936,2,0.154704,0.121316,0.11566
10937,2,0.098097,0.121311,0.11543
10938,2,0.076545,0.121302,0.11479
10939,2,0.218659,0.121322,0.115984
10940,2,0.079215,0.121313,0.115796
10941,2,0.077719,0.121304,0.115429
10942,2,0.057222,0.12129,0.114758
10943,2,0.108538,0.121288,0.114644
10944,2,0.064202,0.121276,0.114355
10945,2,0.122665,0.121276,0.113913
10946,2,0.088257,0.121269,0.113755
10947,2,0.183754,0.121282,0.114146
10948,2,0.080848,0.121274,0.113992
10949,2,0.156058,0.121281,0.114434
10950,2,0.110142,0.121279,0.114137
10951,2,0.073198,0.121268,0.114277
10952,2,0.054056,0.121254,0.113585
10953,2,0.165728,0.121264,0.114024
10954,2,0.139083,0.121267,0.114055
10955,2,0.116484,0.121266,0.11456
10956,2,0.049847,0.121251,0.113798
10957,2,0.051478,0.121237,0.113041
10958,2,0.151065,0.121243,0.113366
10959,2,0.108227,0.12124,0.112749
10960,2,0.160497,0.121248,0.113203
10961,2,0.109677,0.121246,0.11352
10962,2,0.119389,0.121246,0.113489
10963,2,0.119074,0.121245,0.112992
10964,2,0.062937,0.121233,0.111567
10965,2,0.167031,0.121242,0.112769
10966,2,0.051937,0.121228,0.112358
10967,2,0.085561,0.12122,0.111639
10968,2,0.162442,0.121229,0.111758
10969,2,0.120381,0.121229,0.112215
10970,2,0.107319,0.121226,0.112595
10971,2,0.13614,0.121229,0.112448
10972,2,0.156714,0.121237,0.112868
10973,2,0.085494,0.121229,0.113071
10974,2,0.092748,0.121223,0.11289
10975,2,0.097586,0.121218,0.112924
10976,2,0.084655,0.12121,0.112704
10977,2,0.10615,0.121207,0.112336
10978,2,0.076428,0.121198,0.11077
10979,2,0.122328,0.121198,0.110863
10980,2,0.168573,0.121208,0.111174
10981,2,0.123111,0.121208,0.110651
10982,2,0.123357,0.121209,0.110495
10983,2,0.140028,0.121213,0.110298
10984,2,0.09506,0.121207,0.110484
10985,2,0.055964,0.121194,0.10918
10986,2,0.1241,0.121194,0.108503
10987,2,0.155047,0.121201,0.108841
10988,2,0.204808,0.121219,0.109656
10989,2,0.101889,0.121215,0.109433
10990,2,0.051999,0.1212,0.108252
10991,2,0.04916,0.121185,0.107884
10992,2,0.114585,0.121184,0.108227
10993,2,0.202332,0.121201,0.109209
10994,2,0.120223,0.121201,0.108782
10995,2,0.112128,0.121199,0.109073
10996,2,0.136129,0.121202,0.109674
10997,2,0.116437,0.121201,0.110389
10998,2,0.147318,0.121206,0.110818
10999,2,0.098028,0.121201,0.110641
11000,2,0.069808,0.121191,0.110717
11001,2,0.120849,0.121191,0.11115
11002,2,0.086111,0.121183,0.111187
11003,2,0.132408,0.121186,0.111507
11004,2,0.206198,0.121203,0.112453
11005,2,0.090128,0.121197,0.112034
11006,2,0.164074,0.121206,0.112955
11007,2,0.299888,0.121243,0.114033
11008,2,0.214114,0.121263,0.114006
11009,2,0.081755,0.121254,0.113862
11010,2,0.175026,0.121266,0.114673
11011,2,0.154254,0.121272,0.115592
11012,2,0.066347,0.121261,0.115456
11013,2,0.147893,0.121267,0.115895
11014,2,0.066398,0.121255,0.115661
11015,2,0.081546,0.121247,0.114649
11016,2,0.108114,0.121244,0.11438
11017,2,0.151477,0.12125,0.114992
11018,2,0.175925,0.121262,0.116267
11019,2,0.083385,0.121254,0.116627
11020,2,0.152801,0.12126,0.117287
11021,2,0.148801,0.121266,0.117341
11022,2,0.126593,0.121267,0.117579
11023,2,0.19976,0.121284,0.118382
11024,2,0.119082,0.121283,0.118464
11025,2,0.214658,0.121303,0.119874
11026,2,0.10495,0.121299,0.119648
11027,2,0.093095,0.121293,0.119881
11028,2,0.071272,0.121283,0.119465
11029,2,0.05538,0.121269,0.118755
11030,2,0.073188,0.121259,0.11794
11031,2,0.195675,0.121275,0.11897
11032,2,0.155412,0.121282,0.119646
11033,2,0.142393,0.121286,0.119772
11034,2,0.100073,0.121282,0.119828
11035,2,0.077294,0.121273,0.119567
11036,2,0.110693,0.12127,0.119127
11037,2,0.165385,0.12128,0.1198
11038,2,0.105043,0.121276,0.120085
11039,2,0.104299,0.121273,0.118941
11040,2,0.155943,0.12128,0.119708
11041,2,0.22639,0.121302,0.121195
11042,2,0.096421,0.121297,0.121587
11043,2,0.093037,0.121291,0.121432
11044,2,0.130621,0.121293,0.122096
11045,2,0.088888,0.121286,0.121758
11046,2,0.1424,0.12129,0.1223
11047,2,0.085287,0.121283,0.121315
11048,2,0.09816,0.121278,0.121488
11049,2,0.120945,0.121278,0.121137
11050,2,0.152523,0.121284,0.121561
11051,2,0.154214,0.121291,0.122371
11052,2,0.184827,0.121304,0.123679
11053,2,0.109122,0.121302,0.123113
11054,2,0.105981,0.121299,0.122782
11055,2,0.115991,0.121298,0.122777
11056,2,0.143211,0.121302,0.12371
11057,2,0.125489,0.121303,0.124451
11058,2,0.093559,0.121297,0.123875
11059,2,0.187004,0.121311,0.124663
11060,2,0.109991,0.121309,0.124158
11061,2,0.116997,0.121308,0.124231
11062,2,0.058062,0.121295,0.123618
11063,2,0.083605,0.121287,0.123263
11064,2,0.093894,0.121281,0.123573
11065,2,0.119247,0.121281,0.123095
11066,2,0.088112,0.121274,0.123457
11067,2,0.1313,0.121276,0.123914
11068,2,0.162132,0.121284,0.123911
11069,2,0.084074,0.121277,0.123548
11070,2,0.089996,0.12127,0.123375
11071,2,0.21191,0.121289,0.124133
11072,2,0.056837,0.121276,0.123134
11073,2,0.048741,0.121261,0.122766
11074,2,0.143901,0.121265,0.123278
11075,2,0.116468,0.121264,0.123467
11076,2,0.091442,0.121258,0.123534
11077,2,0.13108,0.12126,0.123784
11078,2,0.079067,0.121252,0.12381
11079,2,0.151954,0.121258,0.124106
11080,2,0.068137,0.121247,0.123102
11081,2,0.107159,0.121244,0.122943
11082,2,0.112894,0.121242,0.122838
11083,2,0.042164,0.121226,0.121859
11084,2,0.1786,0.121238,0.122695
11085,2,0.095527,0.121233,0.12309
11086,2,0.127952,0.121234,0.123129
11087,2,0.07901,0.121225,0.122368
11088,2,0.082445,0.121217,0.121145
11089,2,0.114514,0.121216,0.121271
11090,2,0.05428,0.121202,0.121294
11091,2,0.095489,0.121197,0.121757
11092,2,0.128564,0.121198,0.121897
11093,2,0.165325,0.121207,0.121527
11094,2,0.150867,0.121214,0.121833
11095,2,0.094628,0.121208,0.121658
11096,2,0.097726,0.121203,0.121274
11097,2,0.130433,0.121205,0.121414
11098,2,0.208297,0.121223,0.122024
11099,2,0.074528,0.121213,0.121789
11100,2,0.090751,0.121207,0.121998
11101,2,0.172997,0.121218,0.12252
11102,2,0.07813,0.121209,0.12244
11103,2,0.082874,0.121201,0.121945
11104,2,0.084781,0.121194,0.120731
11105,2,0.144996,0.121199,0.121279
11106,2,0.099443,0.121194,0.120633
11107,2,0.087633,0.121187,0.11851
11108,2,0.152292,0.121194,0.117892
11109,2,0.071329,0.121183,0.117788
11110,2,0.10035,0.121179,0.117041
11111,2,0.147293,0.121184,0.116972
11112,2,0.077895,0.121176,0.117087
11113,2,0.224714,0.121197,0.117855
11114,2,0.069957,0.121186,0.117891
11115,2,0.143247,0.121191,0.118508
11116,2,0.189913,0.121205,0.119326
11117,2,0.072424,0.121195,0.118535
11118,2,0.138555,0.121198,0.118162
11119,2,0.116108,0.121197,0.118489
11120,2,0.135109,0.1212,0.118312
11121,2,0.126843,0.121201,0.118092
11122,2,0.112281,0.1212,0.117949
11123,2,0.106459,0.121197,0.117016
11124,2,0.131103,0.121199,0.117136
11125,2,0.075179,0.121189,0.115742
11126,2,0.092697,0.121183,0.115619
11127,2,0.11411,0.121182,0.115829
11128,2,0.170768,0.121192,0.116824
11129,2,0.168882,0.121202,0.117959
11130,2,0.081853,0.121194,0.118046
11131,2,0.116154,0.121193,0.117251
11132,2,0.117044,0.121192,0.116867
11133,2,0.087951,0.121185,0.116323
11134,2,0.057243,0.121172,0.115894
11135,2,0.177637,0.121184,0.116898
11136,2,0.121876,0.121184,0.11701
11137,2,0.127078,0.121185,0.116627
11138,2,0.050561,0.121171,0.116082
11139,2,0.114034,0.121169,0.116179
11140,2,0.081787,0.121161,0.115437
11141,2,0.06399,0.121149,0.113813
11142,2,0.15231,0.121156,0.114372
11143,2,0.257151,0.121183,0.116014
11144,2,0.104327,0.12118,0.115751
11145,2,0.138295,0.121184,0.116245
11146,2,0.135689,0.121186,0.116178
11147,2,0.18029,0.121198,0.117128
11148,2,0.085535,0.121191,0.117001
11149,2,0.056901,0.121178,0.116361
11150,2,0.186965,0.121192,0.116705
11151,2,0.173583,0.121202,0.116899
11152,2,0.116344,0.121201,0.116214
11153,2,0.165205,0.12121,0.116775
11154,2,0.114769,0.121209,0.116863
11155,2,0.11756,0.121208,0.116879
11156,2,0.057475,0.121195,0.116021
11157,2,0.146166,0.1212,0.116228
11158,2,0.062143,0.121188,0.115914
11159,2,0.129167,0.12119,0.115335
11160,2,0.110678,0.121188,0.115342
11161,2,0.119334,0.121187,0.115366
11162,2,0.143557,0.121192,0.116221
11163,2,0.121589,0.121192,0.116601
11164,2,0.166798,0.121201,0.11733
11165,2,0.136284,0.121204,0.1175
11166,2,0.212125,0.121223,0.11874
11167,2,0.087444,0.121216,0.118301
11168,2,0.085548,0.121209,0.117536
11169,2,0.098611,0.121204,0.117681
11170,2,0.196302,0.121219,0.118744
11171,2,0.068316,0.121209,0.117308
11172,2,0.096498,0.121204,0.117705
11173,2,0.155225,0.12121,0.11877
11174,2,0.050219,0.121196,0.117833
11175,2,0.104876,0.121193,0.117717
11176,2,0.19059,0.121207,0.118708
11177,2,0.146594,0.121212,0.118863
11178,2,0.084579,0.121204,0.118919
11179,2,0.085489,0.121197,0.118254
11180,2,0.103766,0.121194,0.11861
11181,2,0.1042,0.12119,0.118581
11182,2,0.159044,0.121198,0.119042
11183,2,0.151927,0.121204,0.12014
11184,2,0.16459,0.121213,0.12
11185,2,0.190093,0.121227,0.120945
11186,2,0.155099,0.121234,0.121217
11187,2,0.106898,0.121231,0.121496
11188,2,0.149869,0.121236,0.12217
11189,2,0.12996,0.121238,0.122324
11190,2,0.081155,0.12123,0.122593
11191,2,0.168075,0.12124,0.123319
11192,2,0.128499,0.121241,0.123318
11193,2,0.084938,0.121234,0.122514
11194,2,0.093141,0.121228,0.121937
11195,2,0.06684,0.121217,0.121659
11196,2,0.134345,0.12122,0.122025
11197,2,0.162824,0.121228,0.122349
11198,2,0.108394,0.121226,0.12135
11199,2,0.09251,0.12122,0.12153
11200,2,0.130607,0.121222,0.121929
11201,2,0.18163,0.121234,0.122015
11202,2,0.131967,0.121236,0.122553
11203,2,0.091309,0.12123,0.122638
11204,2,0.143287,0.121234,0.123223
11205,2,0.116957,0.121234,0.122942
11206,2,0.089646,0.121227,0.122844
11207,2,0.085213,0.12122,0.12282
11208,2,0.096883,0.121215,0.122266
11209,2,0.068518,0.121205,0.122238
11210,2,0.19257,0.121219,0.12316
11211,2,0.089996,0.121213,0.122587
11212,2,0.069333,0.121202,0.122502
11213,2,0.078935,0.121194,0.121044
11214,2,0.254351,0.12122,0.122888
11215,2,0.105611,0.121217,0.122511
11216,2,0.146406,0.121222,0.122076
11217,2,0.10754,0.12122,0.122428
11218,2,0.082262,0.121212,0.121865
11219,2,0.087133,0.121205,0.121575
11220,2,0.02882,0.121186,0.120512
11221,2,0.079221,0.121178,0.120036
11222,2,0.119129,0.121178,0.120104
11223,2,0.11134,0.121176,0.120153
11224,2,0.096153,0.121171,0.119804
11225,2,0.090086,0.121164,0.119953
11226,2,0.094549,0.121159,0.119971
11227,2,0.096654,0.121154,0.119797
11228,2,0.117803,0.121154,0.119267
11229,2,0.141098,0.121158,0.118989
11230,2,0.16389,0.121166,0.119809
11231,2,0.089003,0.12116,0.119538
11232,2,0.070157,0.12115,0.119069
11233,2,0.132203,0.121152,0.119512
11234,2,0.150235,0.121158,0.120442
11235,2,0.113497,0.121156,0.1198
11236,2,0.145365,0.121161,0.120035
11237,2,0.075493,0.121152,0.119519
11238,2,0.093701,0.121146,0.119951
11239,2,0.168858,0.121156,0.120499
11240,2,0.111113,0.121154,0.120792
11241,2,0.107278,0.121151,0.121225
11242,2,0.078204,0.121142,0.120484
11243,2,0.113578,0.121141,0.119048
11244,2,0.147922,0.121146,0.119484
11245,2,0.102152,0.121142,0.119123
11246,2,0.127444,0.121144,0.11904
11247,2,0.120989,0.121144,0.118447
11248,2,0.134722,0.121146,0.118939
11249,2,0.049601,0.121132,0.118866
11250,2,0.057262,0.121119,0.117569
11251,2,0.163345,0.121128,0.117467
11252,2,0.174075,0.121138,0.118044
11253,2,0.141346,0.121142,0.117805
11254,2,0.123976,0.121143,0.117897
11255,2,0.146911,0.121148,0.118191
11256,2,0.166541,0.121157,0.119282
11257,2,0.121407,0.121157,0.119034
11258,2,0.074692,0.121148,0.11916
11259,2,0.116333,0.121147,0.119031
11260,2,0.116115,0.121146,0.119086
11261,2,0.082484,0.121138,0.118717
11262,2,0.079694,0.12113,0.118078
11263,2,0.111763,0.121128,0.11798
11264,2,0.121908,0.121128,0.117531
11265,2,0.082217,0.121121,0.116991
11266,2,0.16746,0.12113,0.116544
11267,2,0.131261,0.121132,0.116982
11268,2,0.103936,0.121128,0.117166
11269,2,0.112938,0.121127,0.117309
11270,2,0.138693,0.12113,0.116733
11271,2,0.16924,0.12114,0.117742
11272,2,0.079626,0.121132,0.117574
11273,2,0.167196,0.121141,0.117693
11274,2,0.104172,0.121137,0.118233
11275,2,0.161805,0.121145,0.118802
11276,2,0.153355,0.121152,0.11843
11277,2,0.039801,0.121136,0.117362
11278,2,0.139356,0.121139,0.11791
11279,2,0.135685,0.121142,0.118412
11280,2,0.092657,0.121137,0.118301
11281,2,0.133943,0.121139,0.118598
11282,2,0.157202,0.121146,0.11858
11283,2,0.101161,0.121142,0.118072
11284,2,0.051275,0.121128,0.116939
11285,2,0.10603,0.121125,0.116098
11286,2,0.126266,0.121126,0.11581
11287,2,0.12466,0.121127,0.115987
11288,2,0.120287,0.121127,0.115692
11289,2,0.109604,0.121125,0.115488
11290,2,0.158388,0.121132,0.11626
11291,2,0.057497,0.12112,0.115155
11292,2,0.136483,0.121123,0.115234
11293,2,0.209788,0.12114,0.116483
11294,2,0.088992,0.121134,0.116441
11295,2,0.075548,0.121125,0.116529
11296,2,0.137599,0.121128,0.116561
11297,2,0.118701,0.121128,0.11612
11298,2,0.064502,0.121116,0.115681
11299,2,0.062902,0.121105,0.115385
11300,2,0.149022,0.12111,0.115569
11301,2,0.121141,0.12111,0.114964
11302,2,0.060999,0.121099,0.114254
11303,2,0.183081,0.121111,0.115172
11304,2,0.170628,0.12112,0.115446
11305,2,0.117598,0.12112,0.115452
11306,2,0.124925,0.121121,0.115805
11307,2,0.111712,0.121119,0.11607
11308,2,0.112572,0.121117,0.116227
11309,2,0.203548,0.121133,0.117577
11310,2,0.056993,0.121121,0.116221
11311,2,0.160157,0.121128,0.116923
11312,2,0.242414,0.121152,0.118654
11313,2,0.104497,0.121149,0.118909
11314,2,0.122671,0.121149,0.117592
11315,2,0.11233,0.121147,0.11766
11316,2,0.102179,0.121144,0.117217
11317,2,0.131878,0.121146,0.117461
11318,2,0.130677,0.121148,0.117945
11319,2,0.069149,0.121137,0.117765
11320,2,0.078389,0.121129,0.118261
11321,2,0.077145,0.12112,0.11824
11322,2,0.122509,0.121121,0.118274
11323,2,0.106044,0.121118,0.118221
11324,2,0.223591,0.121138,0.119495
11325,2,0.169083,0.121147,0.120285
11326,2,0.095176,0.121142,0.120291
11327,2,0.129409,0.121144,0.120619
11328,2,0.100572,0.12114,0.120447
11329,2,0.083792,0.121132,0.119874
11330,2,0.1228,0.121133,0.119463
11331,2,0.122005,0.121133,0.119793
11332,2,0.129186,0.121135,0.120383
11333,2,0.156992,0.121142,0.120631
11334,2,0.0547,0.121129,0.119676
11335,2,0.061751,0.121117,0.119158
11336,2,0.124106,0.121118,0.118946
11337,2,0.069299,0.121107,0.118884
11338,2,0.151259,0.121113,0.119459
11339,2,0.136244,0.121116,0.119133
11340,2,0.115654,0.121115,0.119178
11341,2,0.100232,0.121111,0.119108
11342,2,0.192736,0.121125,0.120253
11343,2,0.100405,0.121121,0.120122
11344,2,0.140876,0.121125,0.120051
11345,2,0.11822,0.121124,0.120212
11346,2,0.119937,0.121124,0.120137
11347,2,0.146816,0.121129,0.120395
11348,2,0.113026,0.121128,0.120178
11349,2,0.089126,0.121121,0.120573
11350,2,0.147136,0.121126,0.121472
11351,2,0.136914,0.121129,0.121208
11352,2,0.112613,0.121128,0.120593
11353,2,0.128832,0.121129,0.120468
11354,2,0.13414,0.121132,0.12057
11355,2,0.091507,0.121126,0.120015
11356,2,0.084753,0.121119,0.119198
11357,2,0.071246,0.121109,0.118696
11358,2,0.091711,0.121104,0.118866
11359,2,0.129727,0.121105,0.119
11360,2,0.122829,0.121106,0.119067
11361,2,0.07273,0.121096,0.11897
11362,2,0.08219,0.121089,0.118995
11363,2,0.128218,0.12109,0.119159
11364,2,0.158271,0.121097,0.119523
11365,2,0.112212,0.121095,0.119823
11366,2,0.112237,0.121094,0.119271
11367,2,0.105961,0.121091,0.119018
11368,2,0.10464,0.121088,0.119025
11369,2,0.115938,0.121087,0.119055
11370,2,0.123969,0.121087,0.118907
11371,2,0.165915,0.121096,0.118874
11372,2,0.140095,0.1211,0.119479
11373,2,0.07501,0.121091,0.118557
11374,2,0.071675,0.121081,0.118232
11375,2,0.090767,0.121075,0.117522
11376,2,0.100146,0.121071,0.11699
11377,2,0.061079,0.121059,0.117202
11378,2,0.098019,0.121055,0.116789
11379,2,0.106451,0.121052,0.116497
11380,2,0.091186,0.121046,0.116482
11381,2,0.062741,0.121035,0.11577
11382,2,0.099023,0.121031,0.115188
11383,2,0.091317,0.121025,0.11509
11384,2,0.141292,0.121029,0.11599
11385,2,0.135566,0.121032,0.116285
11386,2,0.100304,0.121028,0.116026
11387,2,0.085428,0.121021,0.115633
11388,2,0.129086,0.121022,0.115721
11389,2,0.117195,0.121022,0.115797
11390,2,0.117735,0.121021,0.115391
11391,2,0.081762,0.121013,0.115633
11392,2,0.108632,0.121011,0.115355
11393,2,0.084065,0.121004,0.114098
11394,2,0.096236,0.120999,0.11417
11395,2,0.056456,0.120987,0.113979
11396,2,0.07924,0.120979,0.113395
11397,2,0.081082,0.120971,0.113019
11398,2,0.095568,0.120966,0.11333
11399,2,0.051843,0.120953,0.113219
11400,2,0.185053,0.120965,0.11358
11401,2,0.124358,0.120966,0.113612
11402,2,0.138107,0.120969,0.114383
11403,2,0.14847,0.120974,0.114037
11404,2,0.091508,0.120969,0.113246
11405,2,0.108201,0.120966,0.113152
11406,2,0.09978,0.120962,0.1129
11407,2,0.089654,0.120956,0.11268
11408,2,0.118408,0.120955,0.112738
11409,2,0.222427,0.120975,0.112927
11410,2,0.066499,0.120964,0.113022
11411,2,0.070056,0.120955,0.112121
11412,2,0.194824,0.120969,0.111645
11413,2,0.138061,0.120972,0.111981
11414,2,0.100194,0.120968,0.111756
11415,2,0.215866,0.120986,0.112791
11416,2,0.086085,0.12098,0.11263
11417,2,0.114775,0.120979,0.112459
11418,2,0.104731,0.120975,0.1122
11419,2,0.121011,0.120975,0.112718
11420,2,0.174328,0.120986,0.113678
11421,2,0.104321,0.120982,0.113949
11422,2,0.042782,0.120967,0.113152
11423,2,0.135032,0.12097,0.113442
11424,2,0.094843,0.120965,0.112155
11425,2,0.177473,0.120976,0.112238
11426,2,0.043664,0.120961,0.111723
11427,2,0.03738,0.120945,0.110803
11428,2,0.100614,0.120941,0.110804
11429,2,0.069923,0.120931,0.110665
11430,2,0.149086,0.120937,0.110928
11431,2,0.107426,0.120934,0.110782
11432,2,0.071368,0.120925,0.110204
11433,2,0.081313,0.120917,0.109447
11434,2,0.092657,0.120912,0.109827
11435,2,0.222348,0.120931,0.111432
11436,2,0.112247,0.120929,0.111314
11437,2,0.152227,0.120935,0.112143
11438,2,0.186487,0.120948,0.112495
11439,2,0.106393,0.120945,0.112197
11440,2,0.068957,0.120935,0.11173
11441,2,0.140096,0.120939,0.112129
11442,2,0.188022,0.120952,0.112081
11443,2,0.166323,0.12096,0.112741
11444,2,0.05475,0.120948,0.111879
11445,2,0.181104,0.120959,0.112508
11446,2,0.089522,0.120953,0.112204
11447,2,0.130613,0.120955,0.112042
11448,2,0.210394,0.120972,0.113016
11449,2,0.141788,0.120976,0.113542
11450,2,0.103229,0.120973,0.113103
11451,2,0.162939,0.120981,0.113364
11452,2,0.129135,0.120982,0.113529
11453,2,0.086558,0.120976,0.113106
11454,2,0.089586,0.12097,0.11266
11455,2,0.078752,0.120962,0.112533
11456,2,0.104343,0.120959,0.112729
11457,2,0.050625,0.120945,0.112523
11458,2,0.103022,0.120942,0.112636
11459,2,0.213835,0.120959,0.113477
11460,2,0.175571,0.12097,0.114004
11461,2,0.097705,0.120965,0.114254
11462,2,0.102151,0.120962,0.114454
11463,2,0.130675,0.120964,0.114478
11464,2,0.052662,0.120951,0.113422
11465,2,0.185078,0.120963,0.114151
11466,2,0.175377,0.120973,0.114782
11467,2,0.026527,0.120955,0.113988
11468,2,0.122855,0.120956,0.11417
11469,2,0.069,0.120946,0.113701
11470,2,0.124223,0.120946,0.113703
11471,2,0.194573,0.12096,0.11399
11472,2,0.119766,0.12096,0.113786
11473,2,0.024397,0.120942,0.11328
11474,2,0.110261,0.12094,0.113666
11475,2,0.14667,0.120945,0.114225
11476,2,0.064154,0.120934,0.113865
11477,2,0.15142,0.12094,0.114769
11478,2,0.090479,0.120934,0.114693
11479,2,0.073871,0.120925,0.114367
11480,2,0.118529,0.120924,0.114641
11481,2,0.126016,0.120925,0.115274
11482,2,0.150519,0.120931,0.115789
11483,2,0.079228,0.120923,0.115668
11484,2,0.103867,0.12092,0.115293
11485,2,0.122575,0.12092,0.115164
11486,2,0.073525,0.120911,0.114896
11487,2,0.095819,0.120906,0.115
11488,2,0.126443,0.120907,0.114973
11489,2,0.043952,0.120893,0.114241
11490,2,0.166527,0.120902,0.114729
11491,2,0.136169,0.120904,0.115273
11492,2,0.119419,0.120904,0.115381
11493,2,0.124257,0.120905,0.115783
11494,2,0.118399,0.120904,0.116004
11495,2,0.163499,0.120912,0.117075
11496,2,0.187912,0.120925,0.118161
11497,2,0.179997,0.120936,0.119151
11498,2,0.161947,0.120944,0.119814
11499,2,0.08932,0.120938,0.120189
11500,2,0.112937,0.120937,0.119468
11501,2,0.170077,0.120946,0.119925
11502,2,0.133685,0.120948,0.119881
11503,2,0.177384,0.120959,0.12017
11504,2,0.146763,0.120964,0.120723
11505,2,0.053699,0.120951,0.120178
11506,2,0.170094,0.12096,0.120881
11507,2,0.208906,0.120977,0.122073
11508,2,0.11518,0.120976,0.122041
11509,2,0.283847,0.121007,0.122655
11510,2,0.126718,0.121008,0.123257
11511,2,0.126906,0.121009,0.123826
11512,2,0.118515,0.121008,0.123063
11513,2,0.09487,0.121004,0.122631
11514,2,0.223458,0.121023,0.123863
11515,2,0.084234,0.121016,0.122547
11516,2,0.15916,0.121023,0.123278
11517,2,0.111679,0.121021,0.123247
11518,2,0.077586,0.121013,0.122975
11519,2,0.062347,0.121002,0.122389
11520,2,0.100129,0.120998,0.121647
11521,2,0.147396,0.121003,0.122078
11522,2,0.073764,0.120994,0.122387
11523,2,0.125301,0.120995,0.12229
11524,2,0.096895,0.120991,0.122311
11525,2,0.09125,0.120985,0.121448
11526,2,0.105982,0.120982,0.122072
11527,2,0.092558,0.120977,0.122623
11528,2,0.191956,0.12099,0.123537
11529,2,0.096195,0.120985,0.123799
11530,2,0.14662,0.12099,0.123775
11531,2,0.136592,0.120993,0.124066
11532,2,0.146064,0.120998,0.124813
11533,2,0.108689,0.120996,0.125087
11534,2,0.106377,0.120993,0.125224
11535,2,0.266494,0.12102,0.125666
11536,2,0.061629,0.121009,0.12516
11537,2,0.063798,0.120998,0.124275
11538,2,0.198947,0.121013,0.1244
11539,2,0.168485,0.121022,0.125021
11540,2,0.138952,0.121025,0.125721
11541,2,0.100646,0.121021,0.125326
11542,2,0.055118,0.121009,0.123997
11543,2,0.101532,0.121005,0.123349
11544,2,0.129838,0.121007,0.1241
11545,2,0.081768,0.121,0.123107
11546,2,0.090305,0.120994,0.123115
11547,2,0.13866,0.120997,0.123195
11548,2,0.117582,0.120997,0.122267
11549,2,0.138568,0.121,0.122235
11550,2,0.160788,0.121007,0.122811
11551,2,0.159965,0.121015,0.122781
11552,2,0.11844,0.121014,0.122674
11553,2,0.079208,0.121006,0.1226
11554,2,0.124738,0.121007,0.122952
11555,2,0.108478,0.121005,0.123249
11556,2,0.234739,0.121026,0.124553
11557,2,0.070579,0.121017,0.124753
11558,2,0.172363,0.121026,0.125446
11559,2,0.115896,0.121025,0.124467
11560,2,0.143504,0.121029,0.124146
11561,2,0.199011,0.121044,0.125159
11562,2,0.146772,0.121049,0.125605
11563,2,0.13836,0.121052,0.125682
11564,2,0.068609,0.121042,0.125842
11565,2,0.113204,0.121041,0.125123
11566,2,0.060211,0.121029,0.123971
11567,2,0.133804,0.121032,0.125044
11568,2,0.102868,0.121028,0.124844
11569,2,0.096606,0.121024,0.12512
11570,2,0.070793,0.121014,0.124586
11571,2,0.065028,0.121004,0.12329
11572,2,0.215651,0.121022,0.124249
11573,2,0.141109,0.121025,0.125416
11574,2,0.154973,0.121032,0.125863
11575,2,0.035129,0.121016,0.124748
11576,2,0.108137,0.121013,0.125188
11577,2,0.158848,0.12102,0.125262
11578,2,0.107199,0.121018,0.125429
11579,2,0.104,0.121015,0.125731
11580,2,0.132994,0.121017,0.125875
11581,2,0.10597,0.121014,0.125675
11582,2,0.082564,0.121007,0.124995
11583,2,0.163328,0.121015,0.125836
11584,2,0.297052,0.121048,0.127768
11585,2,0.083136,0.121041,0.127374
11586,2,0.151122,0.121046,0.12815
11587,2,0.149779,0.121052,0.128689
11588,2,0.15992,0.121059,0.129024
11589,2,0.126156,0.12106,0.129846
11590,2,0.175782,0.12107,0.129939
11591,2,0.159522,0.121077,0.130172
11592,2,0.12895,0.121079,0.130267
11593,2,0.106822,0.121076,0.130093
11594,2,0.133361,0.121078,0.130243
11595,2,0.066966,0.121068,0.129277
11596,2,0.086837,0.121062,0.128267
11597,2,0.075576,0.121053,0.127222
11598,2,0.107718,0.121051,0.12668
11599,2,0.237359,0.121072,0.128161
11600,2,0.159029,0.121079,0.128621
11601,2,0.168116,0.121088,0.128602
11602,2,0.068279,0.121078,0.127948
11603,2,0.063967,0.121068,0.126814
11604,2,0.160745,0.121075,0.126953
11605,2,0.084985,0.121068,0.127266
11606,2,0.14479,0.121073,0.127013
11607,2,0.098712,0.121069,0.125911
11608,2,0.170422,0.121078,0.126464
11609,2,0.172308,0.121087,0.125348
11610,2,0.13214,0.121089,0.125403
11611,2,0.098024,0.121085,0.125114
11612,2,0.071393,0.121076,0.124643
11613,2,0.05102,0.121063,0.124204
11614,2,0.091542,0.121057,0.122885
11615,2,0.221866,0.121076,0.124261
11616,2,0.140018,0.12108,0.12407
11617,2,0.095957,0.121075,0.123913
11618,2,0.177908,0.121086,0.124916
11619,2,0.184648,0.121097,0.126139
11620,2,0.124131,0.121098,0.126379
11621,2,0.238492,0.12112,0.12729
11622,2,0.10057,0.121116,0.127558
11623,2,0.108715,0.121114,0.127392
11624,2,0.096318,0.121109,0.127386
11625,2,0.115124,0.121108,0.127625
11626,2,0.195557,0.121122,0.128521
11627,2,0.15363,0.121128,0.129131
11628,2,0.13188,0.12113,0.128531
11629,2,0.105098,0.121127,0.12862
11630,2,0.140089,0.12113,0.128554
11631,2,0.137586,0.121133,0.128564
11632,2,0.129565,0.121135,0.128399
11633,2,0.148635,0.12114,0.128799
11634,2,0.16629,0.121148,0.129398
11635,2,0.101082,0.121144,0.127744
11636,2,0.201073,0.121159,0.129138
11637,2,0.144806,0.121164,0.129948
11638,2,0.214399,0.121181,0.130103
11639,2,0.048822,0.121167,0.128906
11640,2,0.118681,0.121167,0.128704
11641,2,0.135442,0.12117,0.129052
11642,2,0.149887,0.121175,0.129999
11643,2,0.064031,0.121164,0.129624
11644,2,0.16295,0.121172,0.129955
11645,2,0.167369,0.121181,0.130811
11646,2,0.177617,0.121191,0.131684
11647,2,0.091284,0.121186,0.131211
11648,2,0.150534,0.121191,0.13154
11649,2,0.232867,0.121212,0.132483
11650,2,0.131163,0.121213,0.132187
11651,2,0.179582,0.121224,0.132383
11652,2,0.076017,0.121216,0.131959
11653,2,0.077554,0.121208,0.131942
11654,2,0.11585,0.121207,0.131853
11655,2,0.125497,0.121208,0.132024
11656,2,0.122033,0.121208,0.130897
11657,2,0.072833,0.121199,0.130919
11658,2,0.102115,0.121195,0.130217
11659,2,0.160918,0.121203,0.130667
11660,2,0.08687,0.121196,0.130101
11661,2,0.053816,0.121184,0.128649
11662,2,0.105409,0.121181,0.128235
11663,2,0.155139,0.121187,0.128403
11664,2,0.057775,0.121176,0.128294
11665,2,0.091665,0.12117,0.128079
11666,2,0.082252,0.121163,0.128299
11667,2,0.081378,0.121156,0.127775
11668,2,0.074482,0.121147,0.127491
11669,2,0.150691,0.121153,0.128032
11670,2,0.093849,0.121148,0.128263
11671,2,0.148402,0.121153,0.129096
11672,2,0.119317,0.121152,0.128133
11673,2,0.08665,0.121146,0.127589
11674,2,0.080875,0.121138,0.126848
11675,2,0.111804,0.121137,0.127614
11676,2,0.141979,0.121141,0.127953
11677,2,0.161995,0.121148,0.127984
11678,2,0.153692,0.121154,0.128449
11679,2,0.102449,0.121151,0.128434
11680,2,0.258645,0.121176,0.12969
11681,2,0.153258,0.121182,0.130163
11682,2,0.118109,0.121181,0.130518
11683,2,0.142293,0.121185,0.130308
11684,2,0.088508,0.121179,0.128223
11685,2,0.180918,0.12119,0.1292
11686,2,0.168872,0.121199,0.129378
11687,2,0.152118,0.121204,0.129401
11688,2,0.126142,0.121205,0.129064
11689,2,0.065589,0.121195,0.128458
11690,2,0.11306,0.121194,0.127831
11691,2,0.175709,0.121204,0.127993
11692,2,0.065763,0.121193,0.127361
11693,2,0.123323,0.121194,0.127526
11694,2,0.066589,0.121184,0.126858
11695,2,0.132066,0.121186,0.127509
11696,2,0.086034,0.121179,0.127501
11697,2,0.112029,0.121178,0.127866
11698,2,0.102899,0.121174,0.127817
11699,2,0.12871,0.121176,0.126731
11700,2,0.118723,0.121175,0.126328
11701,2,0.11751,0.121175,0.125822
11702,2,0.06339,0.121164,0.125773
11703,2,0.085462,0.121158,0.125988
11704,2,0.110755,0.121156,0.125488
11705,2,0.149016,0.121161,0.126128
11706,2,0.15711,0.121167,0.126251
11707,2,0.15288,0.121173,0.126793
11708,2,0.127164,0.121174,0.12636
11709,2,0.110021,0.121172,0.125738
11710,2,0.228456,0.121192,0.126701
11711,2,0.124999,0.121192,0.126971
11712,2,0.118047,0.121192,0.127437
11713,2,0.099609,0.121188,0.127923
11714,2,0.093674,0.121183,0.127944
11715,2,0.164328,0.121191,0.127369
11716,2,0.088707,0.121185,0.126856
11717,2,0.077333,0.121177,0.12667
11718,2,0.141094,0.12118,0.126301
11719,2,0.162917,0.121188,0.126084
11720,2,0.145208,0.121192,0.126295
11721,2,0.077756,0.121185,0.124687
11722,2,0.061627,0.121174,0.124298
11723,2,0.085653,0.121167,0.124067
11724,2,0.166163,0.121175,0.124766
11725,2,0.109308,0.121173,0.124708
11726,2,0.141298,0.121177,0.124165
11727,2,0.096077,0.121172,0.12359
11728,2,0.134817,0.121175,0.123619
11729,2,0.088727,0.121169,0.123455
11730,2,0.085488,0.121162,0.122909
11731,2,0.102173,0.121159,0.122555
11732,2,0.086851,0.121153,0.122128
11733,2,0.144677,0.121157,0.122088
11734,2,0.104603,0.121154,0.121472
11735,2,0.149226,0.121159,0.121953
11736,2,0.121996,0.121159,0.121162
11737,2,0.137777,0.121162,0.121092
11738,2,0.081309,0.121155,0.119761
11739,2,0.09787,0.121151,0.120251
11740,2,0.137575,0.121154,0.12044
11741,2,0.126063,0.121155,0.120347
11742,2,0.24797,0.121178,0.121327
11743,2,0.056443,0.121166,0.121252
11744,2,0.171315,0.121175,0.121335
11745,2,0.147111,0.12118,0.121133
11746,2,0.116009,0.121179,0.120517
11747,2,0.114215,0.121178,0.120746
11748,2,0.104264,0.121175,0.120283
11749,2,0.162987,0.121182,0.119584
11750,2,0.091131,0.121177,0.119184
11751,2,0.070748,0.121168,0.118096
11752,2,0.05148,0.121155,0.11785
11753,2,0.13958,0.121158,0.118471
11754,2,0.036367,0.121143,0.117676
11755,2,0.151608,0.121148,0.117937
11756,2,0.20313,0.121163,0.118748
11757,2,0.083138,0.121156,0.118851
11758,2,0.16204,0.121164,0.11945
11759,2,0.079029,0.121156,0.118631
11760,2,0.114209,0.121155,0.118905
11761,2,0.084441,0.121148,0.119211
11762,2,0.071484,0.121139,0.118872
11763,2,0.111075,0.121137,0.118431
11764,2,0.067608,0.121128,0.118529
11765,2,0.07487,0.121119,0.118361
11766,2,0.24085,0.121141,0.119947
11767,2,0.167151,0.121149,0.120805
11768,2,0.09869,0.121145,0.121047
11769,2,0.127095,0.121146,0.120811
11770,2,0.175216,0.121156,0.121625
11771,2,0.088466,0.12115,0.121026
11772,2,0.115125,0.121149,0.120984
11773,2,0.213283,0.121166,0.12225
11774,2,0.127213,0.121167,0.122713
11775,2,0.104873,0.121164,0.122644
11776,2,0.157251,0.12117,0.122797
11777,2,0.122421,0.121171,0.122401
11778,2,0.16527,0.121179,0.122517
11779,2,0.142227,0.121182,0.122915
11780,2,0.083288,0.121176,0.121161
11781,2,0.229162,0.121195,0.12192
11782,2,0.083312,0.121188,0.121572
11783,2,0.139936,0.121192,0.121548
11784,2,0.083318,0.121185,0.121497
11785,2,0.17131,0.121194,0.121401
11786,2,0.168854,0.121202,0.1214
11787,2,0.139235,0.121206,0.121272
11788,2,0.149547,0.121211,0.121506
11789,2,0.089433,0.121205,0.121744
11790,2,0.117494,0.121204,0.121788
11791,2,0.0746,0.121196,0.120777
11792,2,0.094537,0.121191,0.121065
11793,2,0.180758,0.121202,0.121639
11794,2,0.122516,0.121202,0.122199
11795,2,0.097513,0.121198,0.121853
11796,2,0.145778,0.121202,0.122451
11797,2,0.10357,0.121199,0.122366
11798,2,0.117153,0.121198,0.122508
11799,2,0.178776,0.121209,0.123009
11800,2,0.093231,0.121204,0.122754
11801,2,0.137121,0.121206,0.12295
11802,2,0.085797,0.1212,0.123174
11803,2,0.068016,0.121191,0.123
11804,2,0.111129,0.121189,0.123004
11805,2,0.103966,0.121186,0.122553
11806,2,0.085543,0.121179,0.121838
11807,2,0.132494,0.121181,0.121634
11808,2,0.140863,0.121185,0.121771
11809,2,0.238571,0.121206,0.123056
11810,2,0.147874,0.121211,0.12225
11811,2,0.077306,0.121203,0.121773
11812,2,0.039373,0.121188,0.120987
11813,2,0.187544,0.1212,0.121866
11814,2,0.096946,0.121196,0.121899
11815,2,0.109256,0.121194,0.121348
11816,2,0.19253,0.121206,0.122386
11817,2,0.164314,0.121214,0.123256
11818,2,0.082055,0.121207,0.122666
11819,2,0.099715,0.121203,0.122034
11820,2,0.088855,0.121197,0.12147
11821,2,0.07169,0.121189,0.121409
11822,2,0.078767,0.121181,0.121581
11823,2,0.05506,0.121169,0.121275
11824,2,0.051971,0.121157,0.120133
11825,2,0.128911,0.121158,0.120329
11826,2,0.104916,0.121155,0.119965
11827,2,0.098058,0.121151,0.119985
11828,2,0.154991,0.121157,0.120187
11829,2,0.086218,0.121151,0.120162
11830,2,0.073859,0.121143,0.120045
11831,2,0.086593,0.121136,0.11989
11832,2,0.206703,0.121152,0.121088
11833,2,0.08579,0.121145,0.120499
11834,2,0.149502,0.12115,0.120948
11835,2,0.125141,0.121151,0.120707
11836,2,0.077189,0.121143,0.120259
11837,2,0.107908,0.121141,0.119961
11838,2,0.170252,0.12115,0.12085
11839,2,0.072285,0.121141,0.120594
11840,2,0.080376,0.121134,0.120022
11841,2,0.211253,0.12115,0.120874
11842,2,0.145249,0.121154,0.119847
11843,2,0.139547,0.121157,0.120678
11844,2,0.136909,0.12116,0.120334
11845,2,0.09876,0.121156,0.11985
11846,2,0.107689,0.121154,0.119767
11847,2,0.132311,0.121156,0.119948
11848,2,0.17975,0.121166,0.120703
11849,2,0.103882,0.121163,0.120112
11850,2,0.158165,0.12117,0.120782
11851,2,0.08002,0.121162,0.120875
11852,2,0.16855,0.121171,0.122046
11853,2,0.088388,0.121165,0.121534
11854,2,0.102767,0.121162,0.122198
11855,2,0.093965,0.121157,0.121621
11856,2,0.141799,0.12116,0.121008
11857,2,0.165373,0.121168,0.12183
11858,2,0.097411,0.121164,0.121184
11859,2,0.126812,0.121165,0.121662
11860,2,0.125303,0.121166,0.121773
11861,2,0.139892,0.121169,0.122327
11862,2,0.087656,0.121163,0.122489
11863,2,0.070006,0.121154,0.122078
11864,2,0.142135,0.121158,0.122824
11865,2,0.131108,0.12116,0.123386
11866,2,0.10966,0.121158,0.122074
11867,2,0.112842,0.121156,0.121531
11868,2,0.137104,0.121159,0.121915
11869,2,0.20099,0.121173,0.122654
11870,2,0.082066,0.121166,0.121723
11871,2,0.171569,0.121175,0.122554
11872,2,0.129817,0.121177,0.122701
11873,2,0.07548,0.121169,0.121323
11874,2,0.102824,0.121165,0.121079
11875,2,0.119284,0.121165,0.121223
11876,2,0.108504,0.121163,0.120735
11877,2,0.090507,0.121157,0.120416
11878,2,0.080657,0.12115,0.11957
11879,2,0.154883,0.121156,0.119697
11880,2,0.221194,0.121174,0.121076
11881,2,0.142917,0.121178,0.120213
11882,2,0.159074,0.121184,0.120971
11883,2,0.153837,0.12119,0.12111
11884,2,0.148817,0.121195,0.121765
11885,2,0.120746,0.121195,0.121259
11886,2,0.133969,0.121197,0.12091
11887,2,0.066063,0.121187,0.120179
11888,2,0.10092,0.121184,0.119692
11889,2,0.095415,0.121179,0.119752
11890,2,0.12025,0.121179,0.11978
11891,2,0.105669,0.121176,0.12009
11892,2,0.180959,0.121187,0.120955
11893,2,0.125375,0.121188,0.120401
11894,2,0.142494,0.121191,0.120601
11895,2,0.09632,0.121187,0.120589
11896,2,0.106356,0.121184,0.120194
11897,2,0.080066,0.121177,0.119959
11898,2,0.120581,0.121177,0.119994
11899,2,0.190807,0.121189,0.120114
11900,2,0.207777,0.121205,0.121259
11901,2,0.079437,0.121197,0.120683
11902,2,0.127866,0.121198,0.121103
11903,2,0.097328,0.121194,0.121396
11904,2,0.073174,0.121186,0.121017
11905,2,0.069076,0.121177,0.120668
11906,2,0.216771,0.121193,0.12198
11907,2,0.121639,0.121193,0.121872
11908,2,0.100886,0.12119,0.121472
11909,2,0.128075,0.121191,0.120367
11910,2,0.090331,0.121186,0.119791
11911,2,0.187174,0.121197,0.12089
11912,2,0.103138,0.121194,0.121528
11913,2,0.050453,0.121182,0.120157
11914,2,0.179751,0.121192,0.120985
11915,2,0.164588,0.1212,0.121538
11916,2,0.134208,0.121202,0.120955
11917,2,0.11359,0.121201,0.120448
11918,2,0.084715,0.121194,0.120474
11919,2,0.060367,0.121183,0.120081
11920,2,0.068009,0.121174,0.119872
11921,2,0.156995,0.12118,0.120726
11922,2,0.109814,0.121178,0.121036
11923,2,0.135704,0.121181,0.121842
11924,2,0.086469,0.121175,0.122187
11925,2,0.158164,0.121181,0.12248
11926,2,0.147768,0.121186,0.122908
11927,2,0.132724,0.121188,0.123255
11928,2,0.060645,0.121177,0.122312
11929,2,0.058925,0.121167,0.122039
11930,2,0.122515,0.121167,0.122525
11931,2,0.114446,0.121166,0.122804
11932,2,0.119579,0.121165,0.121933
11933,2,0.184855,0.121176,0.122923
11934,2,0.064594,0.121167,0.122074
11935,2,0.088566,0.121161,0.121708
11936,2,0.097654,0.121157,0.121913
11937,2,0.143071,0.121161,0.122265
11938,2,0.11375,0.121159,0.1217
11939,2,0.125905,0.12116,0.122236
11940,2,0.098315,0.121156,0.122415
11941,2,0.122673,0.121156,0.121529
11942,2,0.221523,0.121174,0.122292
11943,2,0.154291,0.12118,0.12244
11944,2,0.128443,0.121181,0.122355
11945,2,0.190859,0.121193,0.123276
11946,2,0.195664,0.121206,0.124156
11947,2,0.09575,0.121202,0.12379
11948,2,0.077442,0.121194,0.122767
11949,2,0.22293,0.121212,0.123958
11950,2,0.146296,0.121216,0.123839
11951,2,0.126671,0.121217,0.124305
11952,2,0.057302,0.121206,0.123193
11953,2,0.084167,0.1212,0.123151
11954,2,0.070767,0.121191,0.122831
11955,2,0.159202,0.121197,0.123483
11956,2,0.117189,0.121197,0.123237
11957,2,0.137821,0.1212,0.122961
11958,2,0.10442,0.121197,0.123031
11959,2,0.123041,0.121197,0.122994
11960,2,0.058858,0.121186,0.122329
11961,2,0.069789,0.121177,0.121628
11962,2,0.126765,0.121178,0.122019
11963,2,0.095308,0.121174,0.122272
11964,2,0.143057,0.121177,0.122282
11965,2,0.079426,0.12117,0.121765
11966,2,0.134986,0.121173,0.122018
11967,2,0.15805,0.121179,0.12247
11968,2,0.083601,0.121172,0.121935
11969,2,0.082435,0.121166,0.12075
11970,2,0.191755,0.121178,0.121846
11971,2,0.169292,0.121186,0.121824
11972,2,0.187537,0.121198,0.122401
11973,2,0.12098,0.121198,0.122856
11974,2,0.052964,0.121186,0.122357
11975,2,0.129431,0.121187,0.122459
11976,2,0.100365,0.121184,0.122377
11977,2,0.132649,0.121186,0.122799
11978,2,0.130079,0.121187,0.123293
11979,2,0.106128,0.121185,0.122805
11980,2,0.100831,0.121181,0.121602
11981,2,0.085581,0.121175,0.121028
11982,2,0.085901,0.121169,0.120297
11983,2,0.075641,0.121161,0.119515
11984,2,0.062916,0.121151,0.118656
11985,2,0.097854,0.121147,0.118427
11986,2,0.126854,0.121148,0.118356
11987,2,0.124844,0.121148,0.118944
11988,2,0.049767,0.121136,0.118432
11989,2,0.081516,0.121129,0.118293
11990,2,0.046006,0.121116,0.117551
11991,2,0.079145,0.121109,0.117285
11992,2,0.173573,0.121118,0.117211
11993,2,0.074513,0.12111,0.116703
11994,2,0.154638,0.121116,0.116824
11995,2,0.054905,0.121104,0.11641
11996,2,0.088472,0.121099,0.116231
11997,2,0.107882,0.121096,0.116509
11998,2,0.164698,0.121104,0.116951
11999,2,0.067417,0.121095,0.115717
12000,2,0.091149,0.121089,0.11455
12001,2,0.057883,0.121078,0.114335
12002,2,0.066039,0.121069,0.113717
12003,2,0.122009,0.121069,0.113963
12004,2,0.145211,0.121073,0.114684
12005,2,0.162331,0.12108,0.115616
12006,2,0.118189,0.12108,0.114631
12007,2,0.116545,0.121079,0.11458
12008,2,0.182916,0.12109,0.1154
12009,2,0.187985,0.121101,0.115999
12010,2,0.11388,0.1211,0.116234
12011,2,0.139502,0.121103,0.115758
12012,2,0.099482,0.1211,0.115721
12013,2,0.082317,0.121093,0.11604
12014,2,0.129392,0.121094,0.115536
12015,2,0.100229,0.121091,0.114893
12016,2,0.112111,0.121089,0.114672
12017,2,0.090958,0.121084,0.114445
12018,2,0.094004,0.121079,0.114538
12019,2,0.175394,0.121089,0.115689
12020,2,0.132446,0.121091,0.116333
12021,2,0.107957,0.121088,0.115842
12022,2,0.162153,0.121095,0.116366
12023,2,0.087715,0.12109,0.115886
12024,2,0.185982,0.121101,0.116881
12025,2,0.089702,0.121095,0.116197
12026,2,0.146839,0.1211,0.116187
12027,2,0.11626,0.121099,0.116023
12028,2,0.054526,0.121088,0.115961
12029,2,0.172126,0.121096,0.117093
12030,2,0.143057,0.1211,0.117299
12031,2,0.083985,0.121094,0.116994
12032,2,0.087255,0.121088,0.116671
12033,2,0.098107,0.121084,0.115803
12034,2,0.165743,0.121092,0.116815
12035,2,0.147411,0.121096,0.117403
12036,2,0.249351,0.121118,0.11892
12037,2,0.187702,0.12113,0.119367
12038,2,0.109488,0.121128,0.119324
12039,2,0.144124,0.121132,0.119506
12040,2,0.096685,0.121127,0.11949
12041,2,0.109321,0.121125,0.119356
12042,2,0.148736,0.12113,0.118629
12043,2,0.130264,0.121132,0.118388
12044,2,0.086991,0.121126,0.117974
12045,2,0.065014,0.121116,0.116715
12046,2,0.097566,0.121112,0.115734
12047,2,0.037077,0.121098,0.115148
12048,2,0.138065,0.121101,0.115754
12049,2,0.090651,0.121095,0.114431
12050,2,0.125548,0.121096,0.114224
12051,2,0.182839,0.121107,0.114785
12052,2,0.154857,0.121113,0.115761
12053,2,0.1157,0.121112,0.116076
12054,2,0.110688,0.12111,0.116475
12055,2,0.204711,0.121124,0.11693
12056,2,0.044177,0.121111,0.1162
12057,2,0.104648,0.121108,0.115869
12058,2,0.153871,0.121114,0.116363
12059,2,0.139205,0.121117,0.116525
12060,2,0.099478,0.121113,0.116931
12061,2,0.073043,0.121105,0.116963
12062,2,0.122943,0.121105,0.116925
12063,2,0.142459,0.121109,0.117397
12064,2,0.178108,0.121119,0.117747
12065,2,0.079479,0.121112,0.117748
12066,2,0.062562,0.121102,0.117024
12067,2,0.104496,0.121099,0.116488
12068,2,0.135597,0.121101,0.117008
12069,2,0.12259,0.121101,0.11741
12070,2,0.115011,0.1211,0.116642
12071,2,0.197463,0.121113,0.116924
12072,2,0.114187,0.121112,0.11619
12073,2,0.119721,0.121112,0.116178
12074,2,0.105325,0.121109,0.116701
12075,2,0.155264,0.121115,0.11696
12076,2,0.06072,0.121105,0.116563
12077,2,0.081376,0.121098,0.11605
12078,2,0.1661,0.121106,0.116411
12079,2,0.139188,0.121109,0.116741
12080,2,0.117021,0.121108,0.116903
12081,2,0.125673,0.121109,0.117304
12082,2,0.154207,0.121115,0.117987
12083,2,0.060332,0.121104,0.117834
12084,2,0.095954,0.1211,0.118164
12085,2,0.14315,0.121104,0.118617
12086,2,0.133151,0.121106,0.11868
12087,2,0.120727,0.121106,0.118639
12088,2,0.129234,0.121107,0.119434
12089,2,0.186067,0.121118,0.120479
12090,2,0.126963,0.121119,0.121289
12091,2,0.154537,0.121125,0.122043
12092,2,0.103702,0.121122,0.121344
12093,2,0.179736,0.121132,0.122396
12094,2,0.104825,0.121129,0.121898
12095,2,0.220726,0.121146,0.123557
12096,2,0.104216,0.121143,0.123714
12097,2,0.096443,0.121139,0.1236
12098,2,0.152745,0.121144,0.12348
12099,2,0.273635,0.12117,0.125542
12100,2,0.121214,0.12117,0.125843
12101,2,0.084893,0.121164,0.126113
12102,2,0.089152,0.121159,0.126344
12103,2,0.126142,0.12116,0.126385
12104,2,0.140459,0.121163,0.126338
12105,2,0.090959,0.121158,0.125624
12106,2,0.100692,0.121154,0.125449
12107,2,0.116157,0.121153,0.125445
12108,2,0.119518,0.121153,0.124811
12109,2,0.086226,0.121147,0.123794
12110,2,0.044185,0.121134,0.123097
12111,2,0.06701,0.121125,0.122372
12112,2,0.111567,0.121123,0.122493
12113,2,0.081692,0.121117,0.122487
12114,2,0.085688,0.121111,0.122049
12115,2,0.132696,0.121112,0.122374
12116,2,0.080192,0.121106,0.122055
12117,2,0.056429,0.121095,0.12171
12118,2,0.089285,0.121089,0.121662
12119,2,0.131227,0.121091,0.121221
12120,2,0.052255,0.121079,0.120419
12121,2,0.056201,0.121068,0.119901
12122,2,0.081439,0.121062,0.119094
12123,2,0.122131,0.121062,0.119438
12124,2,0.154681,0.121067,0.119125
12125,2,0.114314,0.121066,0.119371
12126,2,0.067126,0.121057,0.118574
12127,2,0.092699,0.121052,0.118339
12128,2,0.13318,0.121054,0.119125
12129,2,0.103646,0.121051,0.11844
12130,2,0.096078,0.121047,0.117971
12131,2,0.141831,0.121051,0.118549
12132,2,0.104188,0.121048,0.118718
12133,2,0.140644,0.121051,0.119144
12134,2,0.097764,0.121047,0.118464
12135,2,0.091893,0.121042,0.117909
12136,2,0.128215,0.121044,0.116697
12137,2,0.064955,0.121034,0.11547
12138,2,0.125912,0.121035,0.115634
12139,2,0.088426,0.121029,0.115077
12140,2,0.09506,0.121025,0.115061
12141,2,0.105997,0.121022,0.115028
12142,2,0.21803,0.121039,0.115721
12143,2,0.091832,0.121034,0.115336
12144,2,0.105254,0.121031,0.115519
12145,2,0.151513,0.121036,0.116384
12146,2,0.17146,0.121045,0.117123
12147,2,0.187314,0.121056,0.118625
12148,2,0.130679,0.121058,0.118551
12149,2,0.081434,0.121051,0.118459
12150,2,0.098785,0.121047,0.118192
12151,2,0.088019,0.121042,0.117243
12152,2,0.081042,0.121035,0.116505
12153,2,0.224331,0.121052,0.117592
12154,2,0.100881,0.121049,0.117494
12155,2,0.099647,0.121045,0.116443
12156,2,0.07139,0.121037,0.116715
12157,2,0.078483,0.12103,0.116453
12158,2,0.12393,0.12103,0.116154
12159,2,0.080211,0.121023,0.115564
12160,2,0.127573,0.121024,0.115845
12161,2,0.109682,0.121023,0.116211
12162,2,0.111707,0.121021,0.116099
12163,2,0.119557,0.121021,0.11587
12164,2,0.173247,0.12103,0.115821
12165,2,0.121643,0.12103,0.116243
12166,2,0.113442,0.121028,0.116752
12167,2,0.175588,0.121038,0.117463
12168,2,0.129834,0.121039,0.117405
12169,2,0.178609,0.121049,0.117965
12170,2,0.13966,0.121052,0.118212
12171,2,0.123132,0.121052,0.117469
12172,2,0.085156,0.121046,0.117178
12173,2,0.085576,0.12104,0.116837
12174,2,0.161691,0.121047,0.1174
12175,2,0.095001,0.121043,0.116798
12176,2,0.129037,0.121044,0.117481
12177,2,0.125835,0.121045,0.117926
12178,2,0.095881,0.121041,0.117223
12179,2,0.188355,0.121052,0.117715
12180,2,0.132758,0.121054,0.117872
12181,2,0.091785,0.121049,0.117534
12182,2,0.165203,0.121056,0.117643
12183,2,0.116947,0.121056,0.11821
12184,2,0.122024,0.121056,0.11847
12185,2,0.08488,0.12105,0.117888
12186,2,0.049949,0.121038,0.117056
12187,2,0.176286,0.121047,0.117611
12188,2,0.138825,0.12105,0.117707
12189,2,0.116508,0.121049,0.117011
12190,2,0.073141,0.121041,0.116473
12191,2,0.132594,0.121043,0.116254
12192,2,0.103167,0.12104,0.116249
12193,2,0.110243,0.121038,0.115554
12194,2,0.119777,0.121038,0.115703
12195,2,0.157124,0.121044,0.115067
12196,2,0.136769,0.121047,0.115393
12197,2,0.101488,0.121044,0.115443
12198,2,0.165836,0.121051,0.115574
12199,2,0.143331,0.121055,0.114271
12200,2,0.146368,0.121059,0.114522
12201,2,0.09903,0.121055,0.114664
12202,2,0.135986,0.121058,0.115132
12203,2,0.07267,0.12105,0.114597
12204,2,0.079899,0.121043,0.113992
12205,2,0.09211,0.121038,0.114003
12206,2,0.113706,0.121037,0.114133
12207,2,0.105138,0.121034,0.114023
12208,2,0.139743,0.121037,0.114226
12209,2,0.086601,0.121032,0.114229
12210,2,0.097598,0.121028,0.114763
12211,2,0.210223,0.121043,0.116196
12212,2,0.1681,0.12105,0.116761
12213,2,0.122091,0.121051,0.117165
12214,2,0.153597,0.121056,0.117844
12215,2,0.152548,0.121061,0.118043
12216,2,0.165477,0.121069,0.118895
12217,2,0.126759,0.12107,0.119599
12218,2,0.100684,0.121066,0.119713
12219,2,0.13231,0.121068,0.119723
12220,2,0.157161,0.121074,0.120773
12221,2,0.189733,0.121086,0.122108
12222,2,0.092193,0.121081,0.122215
12223,2,0.082681,0.121074,0.121821
12224,2,0.050625,0.121063,0.12078
12225,2,0.11161,0.121061,0.120753
12226,2,0.163496,0.121068,0.121717
12227,2,0.10272,0.121065,0.121817
12228,2,0.074907,0.121057,0.121234
12229,2,0.0925,0.121053,0.121123
12230,2,0.083578,0.121046,0.120998
12231,2,0.049773,0.121034,0.120077
12232,2,0.16071,0.121041,0.120643
12233,2,0.211286,0.121056,0.121349
12234,2,0.133304,0.121058,0.121704
12235,2,0.156459,0.121064,0.12235
12236,2,0.165792,0.121071,0.122726
12237,2,0.087842,0.121066,0.122955
12238,2,0.103966,0.121063,0.122735
12239,2,0.128404,0.121064,0.123135
12240,2,0.13309,0.121066,0.123515
12241,2,0.102804,0.121063,0.123483
12242,2,0.125665,0.121064,0.12256
12243,2,0.091579,0.121059,0.122557
12244,2,0.079912,0.121052,0.122304
12245,2,0.152844,0.121058,0.122317
12246,2,0.111016,0.121056,0.121713
12247,2,0.142811,0.12106,0.121268
12248,2,0.05779,0.121049,0.120539
12249,2,0.133734,0.121051,0.121062
12250,2,0.041194,0.121038,0.120486
12251,2,0.109628,0.121036,0.120702
12252,2,0.048634,0.121024,0.120378
12253,2,0.087654,0.121018,0.119011
12254,2,0.09603,0.121014,0.118963
12255,2,0.145726,0.121018,0.119423
12256,2,0.137396,0.121021,0.120083
12257,2,0.124149,0.121022,0.12054
12258,2,0.061787,0.121012,0.119919
12259,2,0.129913,0.121013,0.120416
12260,2,0.192745,0.121025,0.121067
12261,2,0.12979,0.121027,0.121269
12262,2,0.128081,0.121028,0.121432
12263,2,0.108307,0.121026,0.12132
12264,2,0.091078,0.121021,0.120498
12265,2,0.149864,0.121026,0.12078
12266,2,0.093349,0.121021,0.120579
12267,2,0.168269,0.121029,0.120506
12268,2,0.085742,0.121023,0.120065
12269,2,0.117579,0.121022,0.119455
12270,2,0.070914,0.121014,0.118768
12271,2,0.147313,0.121018,0.119009
12272,2,0.091756,0.121014,0.119075
12273,2,0.075534,0.121006,0.118975
12274,2,0.15727,0.121012,0.118931
12275,2,0.138657,0.121015,0.119367
12276,2,0.110012,0.121013,0.119177
12277,2,0.081457,0.121007,0.118733
12278,2,0.155664,0.121012,0.119331
12279,2,0.081839,0.121006,0.118266
12280,2,0.137762,0.121009,0.118316
12281,2,0.178892,0.121018,0.119187
12282,2,0.097164,0.121014,0.118507
12283,2,0.138597,0.121017,0.118723
12284,2,0.118482,0.121017,0.118688
12285,2,0.093396,0.121012,0.118773
12286,2,0.094252,0.121008,0.119216
12287,2,0.15872,0.121014,0.11904
12288,2,0.075336,0.121006,0.118405
12289,2,0.103599,0.121004,0.118276
12290,2,0.122043,0.121004,0.118765
12291,2,0.113729,0.121003,0.118577
12292,2,0.135463,0.121005,0.1189
12293,2,0.091306,0.121,0.11871
12294,2,0.138419,0.121003,0.118897
12295,2,0.185644,0.121014,0.119182
12296,2,0.10194,0.12101,0.118833
12297,2,0.093997,0.121006,0.118759
12298,2,0.236382,0.121025,0.119464
12299,2,0.12752,0.121026,0.119306
12300,2,0.109518,0.121024,0.118937
12301,2,0.11473,0.121023,0.119094
12302,2,0.103414,0.12102,0.118769
12303,2,0.164889,0.121027,0.119691
12304,2,0.132708,0.121029,0.120219
12305,2,0.126497,0.12103,0.120563
12306,2,0.194099,0.121042,0.121367
12307,2,0.131615,0.121044,0.121632
12308,2,0.106477,0.121042,0.121299
12309,2,0.120762,0.121042,0.121641
12310,2,0.085133,0.121036,0.121516
12311,2,0.123971,0.121036,0.120653
12312,2,0.075862,0.121029,0.119731
12313,2,0.196793,0.121041,0.120478
12314,2,0.132176,0.121043,0.120264
12315,2,0.091543,0.121038,0.119654
12316,2,0.075654,0.121031,0.118755
12317,2,0.096828,0.121027,0.118456
12318,2,0.151579,0.121032,0.118965
12319,2,0.082897,0.121025,0.118471
12320,2,0.147001,0.12103,0.118369
12321,2,0.142205,0.121033,0.117894
12322,2,0.101376,0.12103,0.117986
12323,2,0.104622,0.121027,0.118205
12324,2,0.165686,0.121035,0.119356
12325,2,0.127327,0.121036,0.119513
12326,2,0.145419,0.12104,0.119332
12327,2,0.072936,0.121032,0.119035
12328,2,0.081671,0.121025,0.119102
12329,2,0.094393,0.121021,0.119121
12330,2,0.09571,0.121017,0.119242
12331,2,0.142197,0.12102,0.120167
12332,2,0.163876,0.121027,0.120198
12333,2,0.213565,0.121042,0.120221
12334,2,0.16979,0.12105,0.120586
12335,2,0.0648,0.121041,0.119669
12336,2,0.091046,0.121036,0.118922
12337,2,0.155535,0.121042,0.119599
12338,2,0.157321,0.121048,0.120132
12339,2,0.105422,0.121045,0.119903
12340,2,0.101118,0.121042,0.119583
12341,2,0.075233,0.121035,0.119307
12342,2,0.185365,0.121045,0.119904
12343,2,0.175281,0.121054,0.120741
12344,2,0.116035,0.121053,0.121102
12345,2,0.097746,0.121049,0.120551
12346,2,0.080457,0.121043,0.120246
12347,2,0.136391,0.121045,0.120182
12348,2,0.13745,0.121048,0.120978
12349,2,0.066623,0.121039,0.120307
12350,2,0.095856,0.121035,0.120854
12351,2,0.105686,0.121032,0.120814
12352,2,0.066921,0.121024,0.120997
12353,2,0.140727,0.121027,0.121528
12354,2,0.110593,0.121025,0.121674
12355,2,0.146383,0.121029,0.12168
12356,2,0.140801,0.121032,0.121714
12357,2,0.088015,0.121027,0.121353
12358,2,0.090646,0.121022,0.121641
12359,2,0.084521,0.121016,0.121188
12360,2,0.09015,0.121011,0.120162
12361,2,0.110641,0.121009,0.11997
12362,2,0.123416,0.12101,0.119923
12363,2,0.11765,0.121009,0.120017
12364,2,0.140452,0.121012,0.120511
12365,2,0.105986,0.12101,0.120072
12366,2,0.168705,0.121018,0.120825
12367,2,0.065068,0.121009,0.119793
12368,2,0.182578,0.121019,0.120762
12369,2,0.096363,0.121015,0.12055
12370,2,0.142137,0.121018,0.121262
12371,2,0.111492,0.121017,0.120904
12372,2,0.116068,0.121016,0.121147
12373,2,0.085079,0.12101,0.121242
12374,2,0.169492,0.121018,0.121364
12375,2,0.199611,0.121031,0.121974
12376,2,0.080979,0.121024,0.121684
12377,2,0.136337,0.121027,0.122232
12378,2,0.142756,0.12103,0.122103
12379,2,0.071974,0.121022,0.122005
12380,2,0.092133,0.121017,0.121548
12381,2,0.160398,0.121024,0.121363
12382,2,0.076803,0.121017,0.12116
12383,2,0.144919,0.121021,0.121223
12384,2,0.077913,0.121014,0.120817
12385,2,0.16379,0.12102,0.121521
12386,2,0.236712,0.121039,0.122946
12387,2,0.097556,0.121035,0.122334
12388,2,0.129371,0.121037,0.122875
12389,2,0.100502,0.121033,0.122844
12390,2,0.094485,0.121029,0.122568
12391,2,0.190542,0.12104,0.123336
12392,2,0.110561,0.121039,0.123087
12393,2,0.06989,0.12103,0.122873
12394,2,0.083661,0.121024,0.122325
12395,2,0.067261,0.121016,0.121142
12396,2,0.121031,0.121016,0.121333
12397,2,0.113038,0.121014,0.121523
12398,2,0.109807,0.121013,0.120257
12399,2,0.145503,0.121017,0.120437
12400,2,0.179651,0.121026,0.121138
12401,2,0.077678,0.121019,0.120768
12402,2,0.156195,0.121025,0.121296
12403,2,0.152181,0.12103,0.121169
12404,2,0.076969,0.121023,0.120611
12405,2,0.126387,0.121023,0.12061
12406,2,0.090881,0.121019,0.119578
12407,2,0.086591,0.121013,0.119128
12408,2,0.127196,0.121014,0.119335
12409,2,0.106067,0.121012,0.119188
12410,2,0.201945,0.121025,0.120356
12411,2,0.112668,0.121023,0.120243
12412,2,0.155742,0.121029,0.121042
12413,2,0.070442,0.121021,0.119778
12414,2,0.139171,0.121024,0.119848
12415,2,0.134627,0.121026,0.120279
12416,2,0.05759,0.121016,0.120098
12417,2,0.108376,0.121014,0.120214
12418,2,0.131743,0.121015,0.120016
12419,2,0.122308,0.121016,0.12041
12420,2,0.085437,0.12101,0.119794
12421,2,0.104038,0.121007,0.119412
12422,2,0.078705,0.121,0.119186
12423,2,0.186101,0.121011,0.12
12424,2,0.072918,0.121003,0.119073
12425,2,0.101818,0.121,0.118818
12426,2,0.147377,0.121004,0.118837
12427,2,0.121417,0.121004,0.119322
12428,2,0.086952,0.120999,0.119375
12429,2,0.064036,0.12099,0.119071
12430,2,0.12228,0.12099,0.119337
12431,2,0.128602,0.120991,0.119201
12432,2,0.071574,0.120983,0.118278
12433,2,0.094323,0.120979,0.117086
12434,2,0.065807,0.12097,0.116046
12435,2,0.148926,0.120974,0.116887
12436,2,0.12284,0.120975,0.117205
12437,2,0.049078,0.120963,0.11614
12438,2,0.210945,0.120978,0.116677
12439,2,0.180037,0.120987,0.117423
12440,2,0.160589,0.120993,0.118018
12441,2,0.041624,0.120981,0.117681
12442,2,0.118679,0.12098,0.117015
12443,2,0.235272,0.120999,0.117614
12444,2,0.156908,0.121004,0.118023
12445,2,0.113906,0.121003,0.118185
12446,2,0.076156,0.121001,0.118142
