image_path,label,source,generator
corpora/nano_banana/images/nano_banana_000000.jpg,1,aigc_modern_nano_banana,NanoBanana
corpora/nano_banana/images/nano_banana_000001.jpg,1,aigc_modern_nano_banana,NanoBanana
corpora/nano_banana/images/nano_banana_000002.jpg,1,aigc_modern_nano_banana,NanoBanana
corpora/nano_banana/images/nano_banana_000003.jpg,1,aigc_modern_nano_banana,NanoBanana
corpora/nano_banana/images/nano_banana_000004.jpg,1,aigc_modern_nano_banana,NanoBanana
corpora/nano_banana/images/nano_banana_000005.jpg,1,aigc_modern_nano_banana,NanoBanana
corpora/nano_banana/images/nano_banana_000006.jpg,1,aigc_modern_nano_banana,NanoBanana
corpora/nano_banana/images/nano_banana_000007.jpg,1,aigc_modern_nano_banana,NanoBanana
corpora/nano_banana/images/nano_banana_000008.jpg,1,aigc_modern_nano_banana,NanoBanana
corpora/nano_banana/images/nano_banana_000009.jpg,1,aigc_modern_nano_banana,NanoBanana
corpora/nano_banana/images/nano_banana_000010.jpg,1,aigc_modern_nano_banana,NanoBanana
corpora/nano_banana/images/nano_banana_000011.jpg,1,aigc_modern_nano_banana,NanoBanana
corpora/nano_banana/images/nano_banana_000012.jpg,1,aigc_modern_nano_banana,NanoBanana
corpora/nano_banana/images/nano_banana_000013.jpg,1,aigc_modern_nano_banana,NanoBanana
corpora/nano_banana/images/nano_banana_000014.jpg,1,aigc_modern_nano_banana,NanoBanana
corpora/nano_banana/images/nano_banana_000015.jpg,1,aigc_modern_nano_banana,NanoBanana
corpora/nano_banana/images/nano_banana_000016.jpg,1,aigc_modern_nano_banana,NanoBanana
corpora/nano_banana/images/nano_banana_000017.jpg,1,aigc_modern_nano_banana,NanoBanana
corpora/nano_banana/images/nano_banana_000018.jpg,1,aigc_modern_nano_banana,NanoBanana
corpora/nano_banana/images/nano_banana_000019.jpg,1,aigc_modern_nano_banana,NanoBanana
corpora/nano_banana/images/nano_banana_000020.jpg,1,aigc_modern_nano_banana,NanoBanana
corpora/nano_banana/images/nano_banana_000021.jpg,1,aigc_modern_nano_banana,NanoBanana
corpora/nano_banana/images/nano_banana_000022.jpg,1,aigc_modern_nano_banana,NanoBanana
corpora/nano_banana/images/nano_banana_000023.jpg,1,aigc_modern_nano_banana,NanoBanana
corpora/nano_banana/images/nano_banana_000024.jpg,1,aigc_modern_nano_banana,NanoBanana
corpora/nano_banana/images/nano_banana_000025.jpg,1,aigc_modern_nano_banana,NanoBanana
corpora/nano_banana/images/nano_banana_000026.jpg,1,aigc_modern_nano_banana,NanoBanana
corpora/nano_banana/images/nano_banana_000027.jpg,1,aigc_modern_nano_banana,NanoBanana
corpora/nano_banana/images/nano_banana_000028.jpg,1,aigc_modern_nano_banana,NanoBanana
corpora/nano_banana/images/nano_banana_000029.jpg,1,aigc_modern_nano_banana,NanoBanana
corpora/nano_banana/images/nano_banana_000030.jpg,1,aigc_modern_nano_banana,NanoBanana
corpora/nano_banana/images/nano_banana_000031.jpg,1,aigc_modern_nano_banana,NanoBanana
corpora/nano_banana/images/nano_banana_000032.jpg,1,aigc_modern_nano_banana,NanoBanana
corpora/nano_banana/images/nano_banana_000033.jpg,1,aigc_modern_nano_banana,NanoBanana
corpora/nano_banana/images/nano_banana_000034.jpg,1,aigc_modern_nano_banana,NanoBanana
corpora/nano_banana/images/nano_banana_000035.jpg,1,aigc_modern_nano_banana,NanoBanana
corpora/nano_banana/images/nano_banana_000036.jpg,1,aigc_modern_nano_banana,NanoBanana
corpora/nano_banana/images/nano_banana_000037.jpg,1,aigc_modern_nano_banana,NanoBanana
corpora/nano_banana/images/nano_banana_000038.jpg,1,aigc_modern_nano_banana,NanoBanana
corpora/nano_banana/images/nano_banana_000039.jpg,1,aigc_modern_nano_banana,NanoBanana
corpora/nano_banana/images/nano_banana_000040.jpg,1,aigc_modern_nano_banana,NanoBanana
corpora/nano_banana/images/nano_banana_000041.jpg,1,aigc_modern_nano_banana,NanoBanana
corpora/nano_banana/images/nano_banana_000042.jpg,1,aigc_modern_nano_banana,NanoBanana
corpora/nano_banana/images/nano_banana_000043.jpg,1,aigc_modern_nano_banana,NanoBanana
corpora/nano_banana/images/nano_banana_000044.jpg,1,aigc_modern_nano_banana,NanoBanana
corpora/nano_banana/images/nano_banana_000045.jpg,1,aigc_modern_nano_banana,NanoBanana
corpora/nano_banana/images/nano_banana_000046.jpg,1,aigc_modern_nano_banana,NanoBanana
corpora/nano_banana/images/nano_banana_000047.jpg,1,aigc_modern_nano_banana,NanoBanana
corpora/nano_banana/images/nano_banana_000048.jpg,1,aigc_modern_nano_banana,NanoBanana
corpora/nano_banana/images/nano_banana_000049.jpg,1,aigc_modern_nano_banana,NanoBanana
corpora/nano_banana/images/nano_banana_000050.jpg,1,aigc_modern_nano_banana,NanoBanana
corpora/nano_banana/images/nano_banana_000051.jpg,1,aigc_modern_nano_banana,NanoBanana
corpora/nano_banana/images/nano_banana_000052.jpg,1,aigc_modern_nano_banana,NanoBanana
corpora/nano_banana/images/nano_banana_000053.jpg,1,aigc_modern_nano_banana,NanoBanana
corpora/nano_banana/images/nano_banana_000054.jpg,1,aigc_modern_nano_banana,NanoBanana
corpora/nano_banana/images/nano_banana_000055.jpg,1,aigc_modern_nano_banana,NanoBanana
corpora/nano_banana/images/nano_banana_000056.jpg,1,aigc_modern_nano_banana,NanoBanana
corpora/nano_banana/images/nano_banana_000057.jpg,1,aigc_modern_nano_banana,NanoBanana
corpora/nano_banana/images/nano_banana_000058.jpg,1,aigc_modern_nano_banana,NanoBanana
corpora/nano_banana/images/nano_banana_000059.jpg,1,aigc_modern_nano_banana,NanoBanana
corpora/nano_banana/images/nano_banana_000060.jpg,1,aigc_modern_nano_banana,NanoBanana
corpora/nano_banana/images/nano_banana_000061.jpg,1,aigc_modern_nano_banana,NanoBanana
corpora/nano_banana/images/nano_banana_000062.jpg,1,aigc_modern_nano_banana,NanoBanana
corpora/nano_banana/images/nano_banana_000063.jpg,1,aigc_modern_nano_banana,NanoBanana
corpora/nano_banana/images/nano_banana_000064.jpg,1,aigc_modern_nano_banana,NanoBanana
corpora/nano_banana/images/nano_banana_000065.jpg,1,aigc_modern_nano_banana,NanoBanana
corpora/nano_banana/images/nano_banana_000066.jpg,1,aigc_modern_nano_banana,NanoBanana
corpora/nano_banana/images/nano_banana_000067.jpg,1,aigc_modern_nano_banana,NanoBanana
corpora/nano_banana/images/nano_banana_000068.jpg,1,aigc_modern_nano_banana,NanoBanana
corpora/nano_banana/images/nano_banana_000069.jpg,1,aigc_modern_nano_banana,NanoBanana
corpora/nano_banana/images/nano_banana_000070.jpg,1,aigc_modern_nano_banana,NanoBanana
corpora/nano_banana/images/nano_banana_000071.jpg,1,aigc_modern_nano_banana,NanoBanana
corpora/nano_banana/images/nano_banana_000072.jpg,1,aigc_modern_nano_banana,NanoBanana
corpora/nano_banana/images/nano_banana_000073.jpg,1,aigc_modern_nano_banana,NanoBanana
corpora/nano_banana/images/nano_banana_000074.jpg,1,aigc_modern_nano_banana,NanoBanana
corpora/nano_banana/images/nano_banana_000075.jpg,1,aigc_modern_nano_banana,NanoBanana
corpora/nano_banana/images/nano_banana_000076.jpg,1,aigc_modern_nano_banana,NanoBanana
corpora/nano_banana/images/nano_banana_000077.jpg,1,aigc_modern_nano_banana,NanoBanana
corpora/nano_banana/images/nano_banana_000078.jpg,1,aigc_modern_nano_banana,NanoBanana
corpora/nano_banana/images/nano_banana_000079.jpg,1,aigc_modern_nano_banana,NanoBanana
corpora/nano_banana/images/nano_banana_000080.jpg,1,aigc_modern_nano_banana,NanoBanana
corpora/nano_banana/images/nano_banana_000081.jpg,1,aigc_modern_nano_banana,NanoBanana
corpora/nano_banana/images/nano_banana_000082.jpg,1,aigc_modern_nano_banana,NanoBanana
corpora/nano_banana/images/nano_banana_000083.jpg,1,aigc_modern_nano_banana,NanoBanana
corpora/nano_banana/images/nano_banana_000084.jpg,1,aigc_modern_nano_banana,NanoBanana
corpora/nano_banana/images/nano_banana_000085.jpg,1,aigc_modern_nano_banana,NanoBanana
corpora/nano_banana/images/nano_banana_000086.jpg,1,aigc_modern_nano_banana,NanoBanana
corpora/nano_banana/images/nano_banana_000087.jpg,1,aigc_modern_nano_banana,NanoBanana
corpora/nano_banana/images/nano_banana_000088.jpg,1,aigc_modern_nano_banana,NanoBanana
corpora/nano_banana/images/nano_banana_000089.jpg,1,aigc_modern_nano_banana,NanoBanana
corpora/nano_banana/images/nano_banana_000090.jpg,1,aigc_modern_nano_banana,NanoBanana
corpora/nano_banana/images/nano_banana_000091.jpg,1,aigc_modern_nano_banana,NanoBanana
corpora/nano_banana/images/nano_banana_000092.jpg,1,aigc_modern_nano_banana,NanoBanana
corpora/nano_banana/images/nano_banana_000093.jpg,1,aigc_modern_nano_banana,NanoBanana
corpora/nano_banana/images/nano_banana_000094.jpg,1,aigc_modern_nano_banana,NanoBanana
corpora/nano_banana/images/nano_banana_000095.jpg,1,aigc_modern_nano_banana,NanoBanana
corpora/nano_banana/images/nano_banana_000096.jpg,1,aigc_modern_nano_banana,NanoBanana
corpora/nano_banana/images/nano_banana_000097.jpg,1,aigc_modern_nano_banana,NanoBanana
corpora/nano_banana/images/nano_banana_000098.jpg,1,aigc_modern_nano_banana,NanoBanana
corpora/nano_banana/images/nano_banana_000099.jpg,1,aigc_modern_nano_banana,NanoBanana
corpora/nano_banana/images/nano_banana_000100.jpg,1,aigc_modern_nano_banana,NanoBanana
corpora/nano_banana/images/nano_banana_000101.jpg,1,aigc_modern_nano_banana,NanoBanana
corpora/nano_banana/images/nano_banana_000102.jpg,1,aigc_modern_nano_banana,NanoBanana
corpora/nano_banana/images/nano_banana_000103.jpg,1,aigc_modern_nano_banana,NanoBanana
corpora/nano_banana/images/nano_banana_000104.jpg,1,aigc_modern_nano_banana,NanoBanana
corpora/nano_banana/images/nano_banana_000105.jpg,1,aigc_modern_nano_banana,NanoBanana
corpora/nano_banana/images/nano_banana_000106.jpg,1,aigc_modern_nano_banana,NanoBanana
corpora/nano_banana/images/nano_banana_000107.jpg,1,aigc_modern_nano_banana,NanoBanana
corpora/nano_banana/images/nano_banana_000108.jpg,1,aigc_modern_nano_banana,NanoBanana
corpora/nano_banana/images/nano_banana_000109.jpg,1,aigc_modern_nano_banana,NanoBanana
corpora/nano_banana/images/nano_banana_000110.jpg,1,aigc_modern_nano_banana,NanoBanana
corpora/nano_banana/images/nano_banana_000111.jpg,1,aigc_modern_nano_banana,NanoBanana
corpora/nano_banana/images/nano_banana_000112.jpg,1,aigc_modern_nano_banana,NanoBanana
corpora/nano_banana/images/nano_banana_000113.jpg,1,aigc_modern_nano_banana,NanoBanana
corpora/nano_banana/images/nano_banana_000114.jpg,1,aigc_modern_nano_banana,NanoBanana
corpora/nano_banana/images/nano_banana_000115.jpg,1,aigc_modern_nano_banana,NanoBanana
corpora/nano_banana/images/nano_banana_000116.jpg,1,aigc_modern_nano_banana,NanoBanana
corpora/nano_banana/images/nano_banana_000117.jpg,1,aigc_modern_nano_banana,NanoBanana
corpora/nano_banana/images/nano_banana_000118.jpg,1,aigc_modern_nano_banana,NanoBanana
corpora/nano_banana/images/nano_banana_000119.jpg,1,aigc_modern_nano_banana,NanoBanana
corpora/nano_banana/images/nano_banana_000120.jpg,1,aigc_modern_nano_banana,NanoBanana
corpora/nano_banana/images/nano_banana_000121.jpg,1,aigc_modern_nano_banana,NanoBanana
corpora/nano_banana/images/nano_banana_000122.jpg,1,aigc_modern_nano_banana,NanoBanana
corpora/nano_banana/images/nano_banana_000123.jpg,1,aigc_modern_nano_banana,NanoBanana
corpora/nano_banana/images/nano_banana_000124.jpg,1,aigc_modern_nano_banana,NanoBanana
corpora/nano_banana/images/nano_banana_000125.jpg,1,aigc_modern_nano_banana,NanoBanana
corpora/nano_banana/images/nano_banana_000126.jpg,1,aigc_modern_nano_banana,NanoBanana
corpora/nano_banana/images/nano_banana_000127.jpg,1,aigc_modern_nano_banana,NanoBanana
corpora/nano_banana/images/nano_banana_000128.jpg,1,aigc_modern_nano_banana,NanoBanana
corpora/nano_banana/images/nano_banana_000129.jpg,1,aigc_modern_nano_banana,NanoBanana
corpora/nano_banana/images/nano_banana_000130.jpg,1,aigc_modern_nano_banana,NanoBanana
corpora/nano_banana/images/nano_banana_000131.jpg,1,aigc_modern_nano_banana,NanoBanana
corpora/nano_banana/images/nano_banana_000132.jpg,1,aigc_modern_nano_banana,NanoBanana
corpora/nano_banana/images/nano_banana_000133.jpg,1,aigc_modern_nano_banana,NanoBanana
corpora/nano_banana/images/nano_banana_000134.jpg,1,aigc_modern_nano_banana,NanoBanana
corpora/nano_banana/images/nano_banana_000135.jpg,1,aigc_modern_nano_banana,NanoBanana
corpora/nano_banana/images/nano_banana_000136.jpg,1,aigc_modern_nano_banana,NanoBanana
corpora/nano_banana/images/nano_banana_000137.jpg,1,aigc_modern_nano_banana,NanoBanana
corpora/nano_banana/images/nano_banana_000138.jpg,1,aigc_modern_nano_banana,NanoBanana
corpora/nano_banana/images/nano_banana_000139.jpg,1,aigc_modern_nano_banana,NanoBanana
corpora/nano_banana/images/nano_banana_000140.jpg,1,aigc_modern_nano_banana,NanoBanana
corpora/nano_banana/images/nano_banana_000141.jpg,1,aigc_modern_nano_banana,NanoBanana
corpora/nano_banana/images/nano_banana_000142.jpg,1,aigc_modern_nano_banana,NanoBanana
corpora/nano_banana/images/nano_banana_000143.jpg,1,aigc_modern_nano_banana,NanoBanana
corpora/nano_banana/images/nano_banana_000144.jpg,1,aigc_modern_nano_banana,NanoBanana
corpora/nano_banana/images/nano_banana_000145.jpg,1,aigc_modern_nano_banana,NanoBanana
corpora/nano_banana/images/nano_banana_000146.jpg,1,aigc_modern_nano_banana,NanoBanana
corpora/nano_banana/images/nano_banana_000147.jpg,1,aigc_modern_nano_banana,NanoBanana
corpora/nano_banana/images/nano_banana_000148.jpg,1,aigc_modern_nano_banana,NanoBanana
corpora/nano_banana/images/nano_banana_000149.jpg,1,aigc_modern_nano_banana,NanoBanana
corpora/nano_banana/images/nano_banana_000150.jpg,1,aigc_modern_nano_banana,NanoBanana
corpora/nano_banana/images/nano_banana_000151.jpg,1,aigc_modern_nano_banana,NanoBanana
corpora/nano_banana/images/nano_banana_000152.jpg,1,aigc_modern_nano_banana,NanoBanana
corpora/nano_banana/images/nano_banana_000153.jpg,1,aigc_modern_nano_banana,NanoBanana
corpora/nano_banana/images/nano_banana_000154.jpg,1,aigc_modern_nano_banana,NanoBanana
corpora/nano_banana/images/nano_banana_000155.jpg,1,aigc_modern_nano_banana,NanoBanana
corpora/nano_banana/images/nano_banana_000156.jpg,1,aigc_modern_nano_banana,NanoBanana
corpora/nano_banana/images/nano_banana_000157.jpg,1,aigc_modern_nano_banana,NanoBanana
corpora/nano_banana/images/nano_banana_000158.jpg,1,aigc_modern_nano_banana,NanoBanana
corpora/nano_banana/images/nano_banana_000159.jpg,1,aigc_modern_nano_banana,NanoBanana
corpora/nano_banana/images/nano_banana_000160.jpg,1,aigc_modern_nano_banana,NanoBanana
corpora/nano_banana/images/nano_banana_000161.jpg,1,aigc_modern_nano_banana,NanoBanana
corpora/nano_banana/images/nano_banana_000162.jpg,1,aigc_modern_nano_banana,NanoBanana
corpora/nano_banana/images/nano_banana_000163.jpg,1,aigc_modern_nano_banana,NanoBanana
corpora/nano_banana/images/nano_banana_000164.jpg,1,aigc_modern_nano_banana,NanoBanana
corpora/nano_banana/images/nano_banana_000165.jpg,1,aigc_modern_nano_banana,NanoBanana
corpora/nano_banana/images/nano_banana_000166.jpg,1,aigc_modern_nano_banana,NanoBanana
corpora/nano_banana/images/nano_banana_000167.jpg,1,aigc_modern_nano_banana,NanoBanana
corpora/nano_banana/images/nano_banana_000168.jpg,1,aigc_modern_nano_banana,NanoBanana
corpora/nano_banana/images/nano_banana_000169.jpg,1,aigc_modern_nano_banana,NanoBanana
corpora/nano_banana/images/nano_banana_000170.jpg,1,aigc_modern_nano_banana,NanoBanana
corpora/nano_banana/images/nano_banana_000171.jpg,1,aigc_modern_nano_banana,NanoBanana
corpora/nano_banana/images/nano_banana_000172.jpg,1,aigc_modern_nano_banana,NanoBanana
corpora/nano_banana/images/nano_banana_000173.jpg,1,aigc_modern_nano_banana,NanoBanana
corpora/nano_banana/images/nano_banana_000174.jpg,1,aigc_modern_nano_banana,NanoBanana
corpora/nano_banana/images/nano_banana_000175.jpg,1,aigc_modern_nano_banana,NanoBanana
corpora/nano_banana/images/nano_banana_000176.jpg,1,aigc_modern_nano_banana,NanoBanana
corpora/nano_banana/images/nano_banana_000177.jpg,1,aigc_modern_nano_banana,NanoBanana
corpora/nano_banana/images/nano_banana_000178.jpg,1,aigc_modern_nano_banana,NanoBanana
corpora/nano_banana/images/nano_banana_000179.jpg,1,aigc_modern_nano_banana,NanoBanana
corpora/nano_banana/images/nano_banana_000180.jpg,1,aigc_modern_nano_banana,NanoBanana
corpora/nano_banana/images/nano_banana_000181.jpg,1,aigc_modern_nano_banana,NanoBanana
corpora/nano_banana/images/nano_banana_000182.jpg,1,aigc_modern_nano_banana,NanoBanana
corpora/nano_banana/images/nano_banana_000183.jpg,1,aigc_modern_nano_banana,NanoBanana
corpora/nano_banana/images/nano_banana_000184.jpg,1,aigc_modern_nano_banana,NanoBanana
corpora/nano_banana/images/nano_banana_000185.jpg,1,aigc_modern_nano_banana,NanoBanana
corpora/nano_banana/images/nano_banana_000186.jpg,1,aigc_modern_nano_banana,NanoBanana
corpora/nano_banana/images/nano_banana_000187.jpg,1,aigc_modern_nano_banana,NanoBanana
corpora/nano_banana/images/nano_banana_000188.jpg,1,aigc_modern_nano_banana,NanoBanana
corpora/nano_banana/images/nano_banana_000189.jpg,1,aigc_modern_nano_banana,NanoBanana
corpora/nano_banana/images/nano_banana_000190.jpg,1,aigc_modern_nano_banana,NanoBanana
corpora/nano_banana/images/nano_banana_000191.jpg,1,aigc_modern_nano_banana,NanoBanana
corpora/nano_banana/images/nano_banana_000192.jpg,1,aigc_modern_nano_banana,NanoBanana
corpora/nano_banana/images/nano_banana_000193.jpg,1,aigc_modern_nano_banana,NanoBanana
corpora/nano_banana/images/nano_banana_000194.jpg,1,aigc_modern_nano_banana,NanoBanana
corpora/nano_banana/images/nano_banana_000195.jpg,1,aigc_modern_nano_banana,NanoBanana
corpora/nano_banana/images/nano_banana_000196.jpg,1,aigc_modern_nano_banana,NanoBanana
corpora/nano_banana/images/nano_banana_000197.jpg,1,aigc_modern_nano_banana,NanoBanana
corpora/nano_banana/images/nano_banana_000198.jpg,1,aigc_modern_nano_banana,NanoBanana
corpora/nano_banana/images/nano_banana_000199.jpg,1,aigc_modern_nano_banana,NanoBanana
corpora/nano_banana/images/nano_banana_000200.jpg,1,aigc_modern_nano_banana,NanoBanana
corpora/nano_banana/images/nano_banana_000201.jpg,1,aigc_modern_nano_banana,NanoBanana
corpora/nano_banana/images/nano_banana_000202.jpg,1,aigc_modern_nano_banana,NanoBanana
corpora/nano_banana/images/nano_banana_000203.jpg,1,aigc_modern_nano_banana,NanoBanana
corpora/nano_banana/images/nano_banana_000204.jpg,1,aigc_modern_nano_banana,NanoBanana
corpora/nano_banana/images/nano_banana_000205.jpg,1,aigc_modern_nano_banana,NanoBanana
corpora/nano_banana/images/nano_banana_000206.jpg,1,aigc_modern_nano_banana,NanoBanana
corpora/nano_banana/images/nano_banana_000207.jpg,1,aigc_modern_nano_banana,NanoBanana
corpora/nano_banana/images/nano_banana_000208.jpg,1,aigc_modern_nano_banana,NanoBanana
corpora/nano_banana/images/nano_banana_000209.jpg,1,aigc_modern_nano_banana,NanoBanana
corpora/nano_banana/images/nano_banana_000210.jpg,1,aigc_modern_nano_banana,NanoBanana
corpora/nano_banana/images/nano_banana_000211.jpg,1,aigc_modern_nano_banana,NanoBanana
corpora/nano_banana/images/nano_banana_000212.jpg,1,aigc_modern_nano_banana,NanoBanana
corpora/nano_banana/images/nano_banana_000213.jpg,1,aigc_modern_nano_banana,NanoBanana
corpora/nano_banana/images/nano_banana_000214.jpg,1,aigc_modern_nano_banana,NanoBanana
corpora/nano_banana/images/nano_banana_000215.jpg,1,aigc_modern_nano_banana,NanoBanana
corpora/nano_banana/images/nano_banana_000216.jpg,1,aigc_modern_nano_banana,NanoBanana
corpora/nano_banana/images/nano_banana_000217.jpg,1,aigc_modern_nano_banana,NanoBanana
corpora/nano_banana/images/nano_banana_000218.jpg,1,aigc_modern_nano_banana,NanoBanana
corpora/nano_banana/images/nano_banana_000219.jpg,1,aigc_modern_nano_banana,NanoBanana
corpora/nano_banana/images/nano_banana_000220.jpg,1,aigc_modern_nano_banana,NanoBanana
corpora/nano_banana/images/nano_banana_000221.jpg,1,aigc_modern_nano_banana,NanoBanana
corpora/nano_banana/images/nano_banana_000222.jpg,1,aigc_modern_nano_banana,NanoBanana
corpora/nano_banana/images/nano_banana_000223.jpg,1,aigc_modern_nano_banana,NanoBanana
corpora/nano_banana/images/nano_banana_000224.jpg,1,aigc_modern_nano_banana,NanoBanana
corpora/nano_banana/images/nano_banana_000225.jpg,1,aigc_modern_nano_banana,NanoBanana
corpora/nano_banana/images/nano_banana_000226.jpg,1,aigc_modern_nano_banana,NanoBanana
corpora/nano_banana/images/nano_banana_000227.jpg,1,aigc_modern_nano_banana,NanoBanana
corpora/nano_banana/images/nano_banana_000228.jpg,1,aigc_modern_nano_banana,NanoBanana
corpora/nano_banana/images/nano_banana_000229.jpg,1,aigc_modern_nano_banana,NanoBanana
corpora/nano_banana/images/nano_banana_000230.jpg,1,aigc_modern_nano_banana,NanoBanana
corpora/nano_banana/images/nano_banana_000231.jpg,1,aigc_modern_nano_banana,NanoBanana
corpora/nano_banana/images/nano_banana_000232.jpg,1,aigc_modern_nano_banana,NanoBanana
corpora/nano_banana/images/nano_banana_000233.jpg,1,aigc_modern_nano_banana,NanoBanana
corpora/nano_banana/images/nano_banana_000234.jpg,1,aigc_modern_nano_banana,NanoBanana
corpora/nano_banana/images/nano_banana_000235.jpg,1,aigc_modern_nano_banana,NanoBanana
corpora/nano_banana/images/nano_banana_000236.jpg,1,aigc_modern_nano_banana,NanoBanana
corpora/nano_banana/images/nano_banana_000237.jpg,1,aigc_modern_nano_banana,NanoBanana
corpora/nano_banana/images/nano_banana_000238.jpg,1,aigc_modern_nano_banana,NanoBanana
corpora/nano_banana/images/nano_banana_000239.jpg,1,aigc_modern_nano_banana,NanoBanana
corpora/nano_banana/images/nano_banana_000240.jpg,1,aigc_modern_nano_banana,NanoBanana
corpora/nano_banana/images/nano_banana_000241.jpg,1,aigc_modern_nano_banana,NanoBanana
corpora/nano_banana/images/nano_banana_000242.jpg,1,aigc_modern_nano_banana,NanoBanana
corpora/nano_banana/images/nano_banana_000243.jpg,1,aigc_modern_nano_banana,NanoBanana
corpora/nano_banana/images/nano_banana_000244.jpg,1,aigc_modern_nano_banana,NanoBanana
corpora/nano_banana/images/nano_banana_000245.jpg,1,aigc_modern_nano_banana,NanoBanana
corpora/nano_banana/images/nano_banana_000246.jpg,1,aigc_modern_nano_banana,NanoBanana
corpora/nano_banana/images/nano_banana_000247.jpg,1,aigc_modern_nano_banana,NanoBanana
corpora/nano_banana/images/nano_banana_000248.jpg,1,aigc_modern_nano_banana,NanoBanana
corpora/nano_banana/images/nano_banana_000249.jpg,1,aigc_modern_nano_banana,NanoBanana
corpora/nano_banana/images/nano_banana_000250.jpg,1,aigc_modern_nano_banana,NanoBanana
corpora/nano_banana/images/nano_banana_000251.jpg,1,aigc_modern_nano_banana,NanoBanana
corpora/nano_banana/images/nano_banana_000252.jpg,1,aigc_modern_nano_banana,NanoBanana
corpora/nano_banana/images/nano_banana_000253.jpg,1,aigc_modern_nano_banana,NanoBanana
corpora/nano_banana/images/nano_banana_000254.jpg,1,aigc_modern_nano_banana,NanoBanana
corpora/nano_banana/images/nano_banana_000255.jpg,1,aigc_modern_nano_banana,NanoBanana
corpora/nano_banana/images/nano_banana_000256.jpg,1,aigc_modern_nano_banana,NanoBanana
corpora/nano_banana/images/nano_banana_000257.jpg,1,aigc_modern_nano_banana,NanoBanana
corpora/nano_banana/images/nano_banana_000258.jpg,1,aigc_modern_nano_banana,NanoBanana
corpora/nano_banana/images/nano_banana_000259.jpg,1,aigc_modern_nano_banana,NanoBanana
corpora/nano_banana/images/nano_banana_000260.jpg,1,aigc_modern_nano_banana,NanoBanana
corpora/nano_banana/images/nano_banana_000261.jpg,1,aigc_modern_nano_banana,NanoBanana
corpora/nano_banana/images/nano_banana_000262.jpg,1,aigc_modern_nano_banana,NanoBanana
corpora/nano_banana/images/nano_banana_000263.jpg,1,aigc_modern_nano_banana,NanoBanana
corpora/nano_banana/images/nano_banana_000264.jpg,1,aigc_modern_nano_banana,NanoBanana
corpora/nano_banana/images/nano_banana_000265.jpg,1,aigc_modern_nano_banana,NanoBanana
corpora/nano_banana/images/nano_banana_000266.jpg,1,aigc_modern_nano_banana,NanoBanana
corpora/nano_banana/images/nano_banana_000267.jpg,1,aigc_modern_nano_banana,NanoBanana
corpora/nano_banana/images/nano_banana_000268.jpg,1,aigc_modern_nano_banana,NanoBanana
corpora/nano_banana/images/nano_banana_000269.jpg,1,aigc_modern_nano_banana,NanoBanana
corpora/nano_banana/images/nano_banana_000270.jpg,1,aigc_modern_nano_banana,NanoBanana
corpora/nano_banana/images/nano_banana_000271.jpg,1,aigc_modern_nano_banana,NanoBanana
corpora/nano_banana/images/nano_banana_000272.jpg,1,aigc_modern_nano_banana,NanoBanana
corpora/nano_banana/images/nano_banana_000273.jpg,1,aigc_modern_nano_banana,NanoBanana
corpora/nano_banana/images/nano_banana_000274.jpg,1,aigc_modern_nano_banana,NanoBanana
corpora/nano_banana/images/nano_banana_000275.jpg,1,aigc_modern_nano_banana,NanoBanana
corpora/nano_banana/images/nano_banana_000276.jpg,1,aigc_modern_nano_banana,NanoBanana
corpora/nano_banana/images/nano_banana_000277.jpg,1,aigc_modern_nano_banana,NanoBanana
corpora/nano_banana/images/nano_banana_000278.jpg,1,aigc_modern_nano_banana,NanoBanana
corpora/nano_banana/images/nano_banana_000279.jpg,1,aigc_modern_nano_banana,NanoBanana
corpora/nano_banana/images/nano_banana_000280.jpg,1,aigc_modern_nano_banana,NanoBanana
corpora/nano_banana/images/nano_banana_000281.jpg,1,aigc_modern_nano_banana,NanoBanana
corpora/nano_banana/images/nano_banana_000282.jpg,1,aigc_modern_nano_banana,NanoBanana
corpora/nano_banana/images/nano_banana_000283.jpg,1,aigc_modern_nano_banana,NanoBanana
corpora/nano_banana/images/nano_banana_000284.jpg,1,aigc_modern_nano_banana,NanoBanana
corpora/nano_banana/images/nano_banana_000285.jpg,1,aigc_modern_nano_banana,NanoBanana
corpora/nano_banana/images/nano_banana_000286.jpg,1,aigc_modern_nano_banana,NanoBanana
corpora/nano_banana/images/nano_banana_000287.jpg,1,aigc_modern_nano_banana,NanoBanana
corpora/nano_banana/images/nano_banana_000288.jpg,1,aigc_modern_nano_banana,NanoBanana
corpora/nano_banana/images/nano_banana_000289.jpg,1,aigc_modern_nano_banana,NanoBanana
corpora/nano_banana/images/nano_banana_000290.jpg,1,aigc_modern_nano_banana,NanoBanana
corpora/nano_banana/images/nano_banana_000291.jpg,1,aigc_modern_nano_banana,NanoBanana
corpora/nano_banana/images/nano_banana_000292.jpg,1,aigc_modern_nano_banana,NanoBanana
corpora/nano_banana/images/nano_banana_000293.jpg,1,aigc_modern_nano_banana,NanoBanana
corpora/nano_banana/images/nano_banana_000294.jpg,1,aigc_modern_nano_banana,NanoBanana
corpora/nano_banana/images/nano_banana_000295.jpg,1,aigc_modern_nano_banana,NanoBanana
corpora/nano_banana/images/nano_banana_000296.jpg,1,aigc_modern_nano_banana,NanoBanana
corpora/nano_banana/images/nano_banana_000297.jpg,1,aigc_modern_nano_banana,NanoBanana
corpora/nano_banana/images/nano_banana_000298.jpg,1,aigc_modern_nano_banana,NanoBanana
corpora/nano_banana/images/nano_banana_000299.jpg,1,aigc_modern_nano_banana,NanoBanana
corpora/nano_banana/images/nano_banana_000300.jpg,1,aigc_modern_nano_banana,NanoBanana
corpora/nano_banana/images/nano_banana_000301.jpg,1,aigc_modern_nano_banana,NanoBanana
corpora/nano_banana/images/nano_banana_000302.jpg,1,aigc_modern_nano_banana,NanoBanana
corpora/nano_banana/images/nano_banana_000303.jpg,1,aigc_modern_nano_banana,NanoBanana
corpora/nano_banana/images/nano_banana_000304.jpg,1,aigc_modern_nano_banana,NanoBanana
corpora/nano_banana/images/nano_banana_000305.jpg,1,aigc_modern_nano_banana,NanoBanana
corpora/nano_banana/images/nano_banana_000306.jpg,1,aigc_modern_nano_banana,NanoBanana
corpora/nano_banana/images/nano_banana_000307.jpg,1,aigc_modern_nano_banana,NanoBanana
corpora/nano_banana/images/nano_banana_000308.jpg,1,aigc_modern_nano_banana,NanoBanana
corpora/nano_banana/images/nano_banana_000309.jpg,1,aigc_modern_nano_banana,NanoBanana
corpora/nano_banana/images/nano_banana_000310.jpg,1,aigc_modern_nano_banana,NanoBanana
corpora/nano_banana/images/nano_banana_000311.jpg,1,aigc_modern_nano_banana,NanoBanana
corpora/nano_banana/images/nano_banana_000312.jpg,1,aigc_modern_nano_banana,NanoBanana
corpora/nano_banana/images/nano_banana_000313.jpg,1,aigc_modern_nano_banana,NanoBanana
corpora/nano_banana/images/nano_banana_000314.jpg,1,aigc_modern_nano_banana,NanoBanana
corpora/nano_banana/images/nano_banana_000315.jpg,1,aigc_modern_nano_banana,NanoBanana
corpora/nano_banana/images/nano_banana_000316.jpg,1,aigc_modern_nano_banana,NanoBanana
corpora/nano_banana/images/nano_banana_000317.jpg,1,aigc_modern_nano_banana,NanoBanana
corpora/nano_banana/images/nano_banana_000318.jpg,1,aigc_modern_nano_banana,NanoBanana
corpora/nano_banana/images/nano_banana_000319.jpg,1,aigc_modern_nano_banana,NanoBanana
corpora/nano_banana/images/nano_banana_000320.jpg,1,aigc_modern_nano_banana,NanoBanana
corpora/nano_banana/images/nano_banana_000321.jpg,1,aigc_modern_nano_banana,NanoBanana
corpora/nano_banana/images/nano_banana_000322.jpg,1,aigc_modern_nano_banana,NanoBanana
corpora/nano_banana/images/nano_banana_000323.jpg,1,aigc_modern_nano_banana,NanoBanana
corpora/nano_banana/images/nano_banana_000324.jpg,1,aigc_modern_nano_banana,NanoBanana
corpora/nano_banana/images/nano_banana_000325.jpg,1,aigc_modern_nano_banana,NanoBanana
corpora/nano_banana/images/nano_banana_000326.jpg,1,aigc_modern_nano_banana,NanoBanana
corpora/nano_banana/images/nano_banana_000327.jpg,1,aigc_modern_nano_banana,NanoBanana
corpora/nano_banana/images/nano_banana_000328.jpg,1,aigc_modern_nano_banana,NanoBanana
corpora/nano_banana/images/nano_banana_000329.jpg,1,aigc_modern_nano_banana,NanoBanana
corpora/nano_banana/images/nano_banana_000330.jpg,1,aigc_modern_nano_banana,NanoBanana
corpora/nano_banana/images/nano_banana_000331.jpg,1,aigc_modern_nano_banana,NanoBanana
corpora/nano_banana/images/nano_banana_000332.jpg,1,aigc_modern_nano_banana,NanoBanana
corpora/nano_banana/images/nano_banana_000333.jpg,1,aigc_modern_nano_banana,NanoBanana
corpora/nano_banana/images/nano_banana_000334.jpg,1,aigc_modern_nano_banana,NanoBanana
corpora/nano_banana/images/nano_banana_000335.jpg,1,aigc_modern_nano_banana,NanoBanana
corpora/nano_banana/images/nano_banana_000336.jpg,1,aigc_modern_nano_banana,NanoBanana
corpora/nano_banana/images/nano_banana_000337.jpg,1,aigc_modern_nano_banana,NanoBanana
corpora/nano_banana/images/nano_banana_000338.jpg,1,aigc_modern_nano_banana,NanoBanana
corpora/nano_banana/images/nano_banana_000339.jpg,1,aigc_modern_nano_banana,NanoBanana
corpora/nano_banana/images/nano_banana_000340.jpg,1,aigc_modern_nano_banana,NanoBanana
corpora/nano_banana/images/nano_banana_000341.jpg,1,aigc_modern_nano_banana,NanoBanana
corpora/nano_banana/images/nano_banana_000342.jpg,1,aigc_modern_nano_banana,NanoBanana
corpora/nano_banana/images/nano_banana_000343.jpg,1,aigc_modern_nano_banana,NanoBanana
corpora/nano_banana/images/nano_banana_000344.jpg,1,aigc_modern_nano_banana,NanoBanana
corpora/nano_banana/images/nano_banana_000345.jpg,1,aigc_modern_nano_banana,NanoBanana
corpora/nano_banana/images/nano_banana_000346.jpg,1,aigc_modern_nano_banana,NanoBanana
corpora/nano_banana/images/nano_banana_000347.jpg,1,aigc_modern_nano_banana,NanoBanana
corpora/nano_banana/images/nano_banana_000348.jpg,1,aigc_modern_nano_banana,NanoBanana
corpora/nano_banana/images/nano_banana_000349.jpg,1,aigc_modern_nano_banana,NanoBanana
corpora/nano_banana/images/nano_banana_000350.jpg,1,aigc_modern_nano_banana,NanoBanana
corpora/nano_banana/images/nano_banana_000351.jpg,1,aigc_modern_nano_banana,NanoBanana
corpora/nano_banana/images/nano_banana_000352.jpg,1,aigc_modern_nano_banana,NanoBanana
corpora/nano_banana/images/nano_banana_000353.jpg,1,aigc_modern_nano_banana,NanoBanana
corpora/nano_banana/images/nano_banana_000354.jpg,1,aigc_modern_nano_banana,NanoBanana
corpora/nano_banana/images/nano_banana_000355.jpg,1,aigc_modern_nano_banana,NanoBanana
corpora/nano_banana/images/nano_banana_000356.jpg,1,aigc_modern_nano_banana,NanoBanana
corpora/nano_banana/images/nano_banana_000357.jpg,1,aigc_modern_nano_banana,NanoBanana
corpora/nano_banana/images/nano_banana_000358.jpg,1,aigc_modern_nano_banana,NanoBanana
corpora/nano_banana/images/nano_banana_000359.jpg,1,aigc_modern_nano_banana,NanoBanana
corpora/nano_banana/images/nano_banana_000360.jpg,1,aigc_modern_nano_banana,NanoBanana
corpora/nano_banana/images/nano_banana_000361.jpg,1,aigc_modern_nano_banana,NanoBanana
corpora/nano_banana/images/nano_banana_000362.jpg,1,aigc_modern_nano_banana,NanoBanana
corpora/nano_banana/images/nano_banana_000363.jpg,1,aigc_modern_nano_banana,NanoBanana
corpora/nano_banana/images/nano_banana_000364.jpg,1,aigc_modern_nano_banana,NanoBanana
corpora/nano_banana/images/nano_banana_000365.jpg,1,aigc_modern_nano_banana,NanoBanana
corpora/nano_banana/images/nano_banana_000366.jpg,1,aigc_modern_nano_banana,NanoBanana
corpora/nano_banana/images/nano_banana_000367.jpg,1,aigc_modern_nano_banana,NanoBanana
corpora/nano_banana/images/nano_banana_000368.jpg,1,aigc_modern_nano_banana,NanoBanana
corpora/nano_banana/images/nano_banana_000369.jpg,1,aigc_modern_nano_banana,NanoBanana
corpora/nano_banana/images/nano_banana_000370.jpg,1,aigc_modern_nano_banana,NanoBanana
corpora/nano_banana/images/nano_banana_000371.jpg,1,aigc_modern_nano_banana,NanoBanana
corpora/nano_banana/images/nano_banana_000372.jpg,1,aigc_modern_nano_banana,NanoBanana
corpora/nano_banana/images/nano_banana_000373.jpg,1,aigc_modern_nano_banana,NanoBanana
corpora/nano_banana/images/nano_banana_000374.jpg,1,aigc_modern_nano_banana,NanoBanana
corpora/nano_banana/images/nano_banana_000375.jpg,1,aigc_modern_nano_banana,NanoBanana
corpora/nano_banana/images/nano_banana_000376.jpg,1,aigc_modern_nano_banana,NanoBanana
corpora/nano_banana/images/nano_banana_000377.jpg,1,aigc_modern_nano_banana,NanoBanana
corpora/nano_banana/images/nano_banana_000378.jpg,1,aigc_modern_nano_banana,NanoBanana
corpora/nano_banana/images/nano_banana_000379.jpg,1,aigc_modern_nano_banana,NanoBanana
corpora/nano_banana/images/nano_banana_000380.jpg,1,aigc_modern_nano_banana,NanoBanana
corpora/nano_banana/images/nano_banana_000381.jpg,1,aigc_modern_nano_banana,NanoBanana
corpora/nano_banana/images/nano_banana_000382.jpg,1,aigc_modern_nano_banana,NanoBanana
corpora/nano_banana/images/nano_banana_000383.jpg,1,aigc_modern_nano_banana,NanoBanana
corpora/nano_banana/images/nano_banana_000384.jpg,1,aigc_modern_nano_banana,NanoBanana
corpora/nano_banana/images/nano_banana_000385.jpg,1,aigc_modern_nano_banana,NanoBanana
corpora/nano_banana/images/nano_banana_000386.jpg,1,aigc_modern_nano_banana,NanoBanana
corpora/nano_banana/images/nano_banana_000387.jpg,1,aigc_modern_nano_banana,NanoBanana
corpora/nano_banana/images/nano_banana_000388.jpg,1,aigc_modern_nano_banana,NanoBanana
corpora/nano_banana/images/nano_banana_000389.jpg,1,aigc_modern_nano_banana,NanoBanana
corpora/nano_banana/images/nano_banana_000390.jpg,1,aigc_modern_nano_banana,NanoBanana
corpora/nano_banana/images/nano_banana_000391.jpg,1,aigc_modern_nano_banana,NanoBanana
corpora/nano_banana/images/nano_banana_000392.jpg,1,aigc_modern_nano_banana,NanoBanana
corpora/nano_banana/images/nano_banana_000393.jpg,1,aigc_modern_nano_banana,NanoBanana
corpora/nano_banana/images/nano_banana_000394.jpg,1,aigc_modern_nano_banana,NanoBanana
corpora/nano_banana/images/nano_banana_000395.jpg,1,aigc_modern_nano_banana,NanoBanana
corpora/nano_banana/images/nano_banana_000396.jpg,1,aigc_modern_nano_banana,NanoBanana
corpora/nano_banana/images/nano_banana_000397.jpg,1,aigc_modern_nano_banana,NanoBanana
corpora/nano_banana/images/nano_banana_000398.jpg,1,aigc_modern_nano_banana,NanoBanana
corpora/nano_banana/images/nano_banana_000399.jpg,1,aigc_modern_nano_banana,NanoBanana
corpora/nano_banana/images/nano_banana_000400.jpg,1,aigc_modern_nano_banana,NanoBanana
corpora/nano_banana/images/nano_banana_000401.jpg,1,aigc_modern_nano_banana,NanoBanana
corpora/nano_banana/images/nano_banana_000402.jpg,1,aigc_modern_nano_banana,NanoBanana
corpora/nano_banana/images/nano_banana_000403.jpg,1,aigc_modern_nano_banana,NanoBanana
corpora/nano_banana/images/nano_banana_000404.jpg,1,aigc_modern_nano_banana,NanoBanana
corpora/nano_banana/images/nano_banana_000405.jpg,1,aigc_modern_nano_banana,NanoBanana
corpora/nano_banana/images/nano_banana_000406.jpg,1,aigc_modern_nano_banana,NanoBanana
corpora/nano_banana/images/nano_banana_000407.jpg,1,aigc_modern_nano_banana,NanoBanana
corpora/nano_banana/images/nano_banana_000408.jpg,1,aigc_modern_nano_banana,NanoBanana
corpora/nano_banana/images/nano_banana_000409.jpg,1,aigc_modern_nano_banana,NanoBanana
corpora/nano_banana/images/nano_banana_000410.jpg,1,aigc_modern_nano_banana,NanoBanana
corpora/nano_banana/images/nano_banana_000411.jpg,1,aigc_modern_nano_banana,NanoBanana
corpora/nano_banana/images/nano_banana_000412.jpg,1,aigc_modern_nano_banana,NanoBanana
corpora/nano_banana/images/nano_banana_000413.jpg,1,aigc_modern_nano_banana,NanoBanana
corpora/nano_banana/images/nano_banana_000414.jpg,1,aigc_modern_nano_banana,NanoBanana
corpora/nano_banana/images/nano_banana_000415.jpg,1,aigc_modern_nano_banana,NanoBanana
corpora/nano_banana/images/nano_banana_000416.jpg,1,aigc_modern_nano_banana,NanoBanana
corpora/nano_banana/images/nano_banana_000417.jpg,1,aigc_modern_nano_banana,NanoBanana
corpora/nano_banana/images/nano_banana_000418.jpg,1,aigc_modern_nano_banana,NanoBanana
corpora/nano_banana/images/nano_banana_000419.jpg,1,aigc_modern_nano_banana,NanoBanana
corpora/nano_banana/images/nano_banana_000420.jpg,1,aigc_modern_nano_banana,NanoBanana
corpora/nano_banana/images/nano_banana_000421.jpg,1,aigc_modern_nano_banana,NanoBanana
corpora/nano_banana/images/nano_banana_000422.jpg,1,aigc_modern_nano_banana,NanoBanana
corpora/nano_banana/images/nano_banana_000423.jpg,1,aigc_modern_nano_banana,NanoBanana
corpora/nano_banana/images/nano_banana_000424.jpg,1,aigc_modern_nano_banana,NanoBanana
corpora/nano_banana/images/nano_banana_000425.jpg,1,aigc_modern_nano_banana,NanoBanana
corpora/nano_banana/images/nano_banana_000426.jpg,1,aigc_modern_nano_banana,NanoBanana
corpora/nano_banana/images/nano_banana_000427.jpg,1,aigc_modern_nano_banana,NanoBanana
corpora/nano_banana/images/nano_banana_000428.jpg,1,aigc_modern_nano_banana,NanoBanana
corpora/nano_banana/images/nano_banana_000429.jpg,1,aigc_modern_nano_banana,NanoBanana
corpora/nano_banana/images/nano_banana_000430.jpg,1,aigc_modern_nano_banana,NanoBanana
corpora/nano_banana/images/nano_banana_000431.jpg,1,aigc_modern_nano_banana,NanoBanana
corpora/nano_banana/images/nano_banana_000432.jpg,1,aigc_modern_nano_banana,NanoBanana
corpora/nano_banana/images/nano_banana_000433.jpg,1,aigc_modern_nano_banana,NanoBanana
corpora/nano_banana/images/nano_banana_000434.jpg,1,aigc_modern_nano_banana,NanoBanana
corpora/nano_banana/images/nano_banana_000435.jpg,1,aigc_modern_nano_banana,NanoBanana
corpora/nano_banana/images/nano_banana_000436.jpg,1,aigc_modern_nano_banana,NanoBanana
corpora/nano_banana/images/nano_banana_000437.jpg,1,aigc_modern_nano_banana,NanoBanana
corpora/nano_banana/images/nano_banana_000438.jpg,1,aigc_modern_nano_banana,NanoBanana
corpora/nano_banana/images/nano_banana_000439.jpg,1,aigc_modern_nano_banana,NanoBanana
corpora/nano_banana/images/nano_banana_000440.jpg,1,aigc_modern_nano_banana,NanoBanana
corpora/nano_banana/images/nano_banana_000441.jpg,1,aigc_modern_nano_banana,NanoBanana
corpora/nano_banana/images/nano_banana_000442.jpg,1,aigc_modern_nano_banana,NanoBanana
corpora/nano_banana/images/nano_banana_000443.jpg,1,aigc_modern_nano_banana,NanoBanana
corpora/nano_banana/images/nano_banana_000444.jpg,1,aigc_modern_nano_banana,NanoBanana
corpora/nano_banana/images/nano_banana_000445.jpg,1,aigc_modern_nano_banana,NanoBanana
corpora/nano_banana/images/nano_banana_000446.jpg,1,aigc_modern_nano_banana,NanoBanana
corpora/nano_banana/images/nano_banana_000447.jpg,1,aigc_modern_nano_banana,NanoBanana
corpora/nano_banana/images/nano_banana_000448.jpg,1,aigc_modern_nano_banana,NanoBanana
corpora/nano_banana/images/nano_banana_000449.jpg,1,aigc_modern_nano_banana,NanoBanana
corpora/nano_banana/images/nano_banana_000450.jpg,1,aigc_modern_nano_banana,NanoBanana
corpora/nano_banana/images/nano_banana_000451.jpg,1,aigc_modern_nano_banana,NanoBanana
corpora/nano_banana/images/nano_banana_000452.jpg,1,aigc_modern_nano_banana,NanoBanana
corpora/nano_banana/images/nano_banana_000453.jpg,1,aigc_modern_nano_banana,NanoBanana
corpora/nano_banana/images/nano_banana_000454.jpg,1,aigc_modern_nano_banana,NanoBanana
corpora/nano_banana/images/nano_banana_000455.jpg,1,aigc_modern_nano_banana,NanoBanana
corpora/nano_banana/images/nano_banana_000456.jpg,1,aigc_modern_nano_banana,NanoBanana
corpora/nano_banana/images/nano_banana_000457.jpg,1,aigc_modern_nano_banana,NanoBanana
corpora/nano_banana/images/nano_banana_000458.jpg,1,aigc_modern_nano_banana,NanoBanana
corpora/nano_banana/images/nano_banana_000459.jpg,1,aigc_modern_nano_banana,NanoBanana
corpora/nano_banana/images/nano_banana_000460.jpg,1,aigc_modern_nano_banana,NanoBanana
corpora/nano_banana/images/nano_banana_000461.jpg,1,aigc_modern_nano_banana,NanoBanana
corpora/nano_banana/images/nano_banana_000462.jpg,1,aigc_modern_nano_banana,NanoBanana
corpora/nano_banana/images/nano_banana_000463.jpg,1,aigc_modern_nano_banana,NanoBanana
corpora/nano_banana/images/nano_banana_000464.jpg,1,aigc_modern_nano_banana,NanoBanana
corpora/nano_banana/images/nano_banana_000465.jpg,1,aigc_modern_nano_banana,NanoBanana
corpora/nano_banana/images/nano_banana_000466.jpg,1,aigc_modern_nano_banana,NanoBanana
corpora/nano_banana/images/nano_banana_000467.jpg,1,aigc_modern_nano_banana,NanoBanana
corpora/nano_banana/images/nano_banana_000468.jpg,1,aigc_modern_nano_banana,NanoBanana
corpora/nano_banana/images/nano_banana_000469.jpg,1,aigc_modern_nano_banana,NanoBanana
corpora/nano_banana/images/nano_banana_000470.jpg,1,aigc_modern_nano_banana,NanoBanana
corpora/nano_banana/images/nano_banana_000471.jpg,1,aigc_modern_nano_banana,NanoBanana
corpora/nano_banana/images/nano_banana_000472.jpg,1,aigc_modern_nano_banana,NanoBanana
corpora/nano_banana/images/nano_banana_000473.jpg,1,aigc_modern_nano_banana,NanoBanana
corpora/nano_banana/images/nano_banana_000474.jpg,1,aigc_modern_nano_banana,NanoBanana
corpora/nano_banana/images/nano_banana_000475.jpg,1,aigc_modern_nano_banana,NanoBanana
corpora/nano_banana/images/nano_banana_000476.jpg,1,aigc_modern_nano_banana,NanoBanana
corpora/nano_banana/images/nano_banana_000477.jpg,1,aigc_modern_nano_banana,NanoBanana
corpora/nano_banana/images/nano_banana_000478.jpg,1,aigc_modern_nano_banana,NanoBanana
corpora/nano_banana/images/nano_banana_000479.jpg,1,aigc_modern_nano_banana,NanoBanana
corpora/nano_banana/images/nano_banana_000480.jpg,1,aigc_modern_nano_banana,NanoBanana
corpora/nano_banana/images/nano_banana_000481.jpg,1,aigc_modern_nano_banana,NanoBanana
corpora/nano_banana/images/nano_banana_000482.jpg,1,aigc_modern_nano_banana,NanoBanana
corpora/nano_banana/images/nano_banana_000483.jpg,1,aigc_modern_nano_banana,NanoBanana
corpora/nano_banana/images/nano_banana_000484.jpg,1,aigc_modern_nano_banana,NanoBanana
corpora/nano_banana/images/nano_banana_000485.jpg,1,aigc_modern_nano_banana,NanoBanana
corpora/nano_banana/images/nano_banana_000486.jpg,1,aigc_modern_nano_banana,NanoBanana
corpora/nano_banana/images/nano_banana_000487.jpg,1,aigc_modern_nano_banana,NanoBanana
corpora/nano_banana/images/nano_banana_000488.jpg,1,aigc_modern_nano_banana,NanoBanana
corpora/nano_banana/images/nano_banana_000489.jpg,1,aigc_modern_nano_banana,NanoBanana
corpora/nano_banana/images/nano_banana_000490.jpg,1,aigc_modern_nano_banana,NanoBanana
corpora/nano_banana/images/nano_banana_000491.jpg,1,aigc_modern_nano_banana,NanoBanana
corpora/nano_banana/images/nano_banana_000492.jpg,1,aigc_modern_nano_banana,NanoBanana
corpora/nano_banana/images/nano_banana_000493.jpg,1,aigc_modern_nano_banana,NanoBanana
corpora/nano_banana/images/nano_banana_000494.jpg,1,aigc_modern_nano_banana,NanoBanana
corpora/nano_banana/images/nano_banana_000495.jpg,1,aigc_modern_nano_banana,NanoBanana
corpora/nano_banana/images/nano_banana_000496.jpg,1,aigc_modern_nano_banana,NanoBanana
corpora/nano_banana/images/nano_banana_000497.jpg,1,aigc_modern_nano_banana,NanoBanana
corpora/nano_banana/images/nano_banana_000498.jpg,1,aigc_modern_nano_banana,NanoBanana
corpora/nano_banana/images/nano_banana_000499.jpg,1,aigc_modern_nano_banana,NanoBanana
corpora/nano_banana/images/nano_banana_000500.jpg,1,aigc_modern_nano_banana,NanoBanana
corpora/nano_banana/images/nano_banana_000501.jpg,1,aigc_modern_nano_banana,NanoBanana
corpora/nano_banana/images/nano_banana_000502.jpg,1,aigc_modern_nano_banana,NanoBanana
corpora/nano_banana/images/nano_banana_000503.jpg,1,aigc_modern_nano_banana,NanoBanana
corpora/nano_banana/images/nano_banana_000504.jpg,1,aigc_modern_nano_banana,NanoBanana
corpora/nano_banana/images/nano_banana_000505.jpg,1,aigc_modern_nano_banana,NanoBanana
corpora/nano_banana/images/nano_banana_000506.jpg,1,aigc_modern_nano_banana,NanoBanana
corpora/nano_banana/images/nano_banana_000507.jpg,1,aigc_modern_nano_banana,NanoBanana
corpora/nano_banana/images/nano_banana_000508.jpg,1,aigc_modern_nano_banana,NanoBanana
corpora/nano_banana/images/nano_banana_000509.jpg,1,aigc_modern_nano_banana,NanoBanana
corpora/nano_banana/images/nano_banana_000510.jpg,1,aigc_modern_nano_banana,NanoBanana
corpora/nano_banana/images/nano_banana_000511.jpg,1,aigc_modern_nano_banana,NanoBanana
corpora/nano_banana/images/nano_banana_000512.jpg,1,aigc_modern_nano_banana,NanoBanana
corpora/nano_banana/images/nano_banana_000513.jpg,1,aigc_modern_nano_banana,NanoBanana
corpora/nano_banana/images/nano_banana_000514.jpg,1,aigc_modern_nano_banana,NanoBanana
corpora/nano_banana/images/nano_banana_000515.jpg,1,aigc_modern_nano_banana,NanoBanana
corpora/nano_banana/images/nano_banana_000516.jpg,1,aigc_modern_nano_banana,NanoBanana
corpora/nano_banana/images/nano_banana_000517.jpg,1,aigc_modern_nano_banana,NanoBanana
corpora/nano_banana/images/nano_banana_000518.jpg,1,aigc_modern_nano_banana,NanoBanana
corpora/nano_banana/images/nano_banana_000519.jpg,1,aigc_modern_nano_banana,NanoBanana
corpora/nano_banana/images/nano_banana_000520.jpg,1,aigc_modern_nano_banana,NanoBanana
corpora/nano_banana/images/nano_banana_000521.jpg,1,aigc_modern_nano_banana,NanoBanana
corpora/nano_banana/images/nano_banana_000522.jpg,1,aigc_modern_nano_banana,NanoBanana
corpora/nano_banana/images/nano_banana_000523.jpg,1,aigc_modern_nano_banana,NanoBanana
corpora/nano_banana/images/nano_banana_000524.jpg,1,aigc_modern_nano_banana,NanoBanana
corpora/nano_banana/images/nano_banana_000525.jpg,1,aigc_modern_nano_banana,NanoBanana
corpora/nano_banana/images/nano_banana_000526.jpg,1,aigc_modern_nano_banana,NanoBanana
corpora/nano_banana/images/nano_banana_000527.jpg,1,aigc_modern_nano_banana,NanoBanana
corpora/nano_banana/images/nano_banana_000528.jpg,1,aigc_modern_nano_banana,NanoBanana
corpora/nano_banana/images/nano_banana_000529.jpg,1,aigc_modern_nano_banana,NanoBanana
corpora/nano_banana/images/nano_banana_000530.jpg,1,aigc_modern_nano_banana,NanoBanana
corpora/nano_banana/images/nano_banana_000531.jpg,1,aigc_modern_nano_banana,NanoBanana
corpora/nano_banana/images/nano_banana_000532.jpg,1,aigc_modern_nano_banana,NanoBanana
corpora/nano_banana/images/nano_banana_000533.jpg,1,aigc_modern_nano_banana,NanoBanana
corpora/nano_banana/images/nano_banana_000534.jpg,1,aigc_modern_nano_banana,NanoBanana
corpora/nano_banana/images/nano_banana_000535.jpg,1,aigc_modern_nano_banana,NanoBanana
corpora/nano_banana/images/nano_banana_000536.jpg,1,aigc_modern_nano_banana,NanoBanana
corpora/nano_banana/images/nano_banana_000537.jpg,1,aigc_modern_nano_banana,NanoBanana
corpora/nano_banana/images/nano_banana_000538.jpg,1,aigc_modern_nano_banana,NanoBanana
corpora/nano_banana/images/nano_banana_000539.jpg,1,aigc_modern_nano_banana,NanoBanana
corpora/nano_banana/images/nano_banana_000540.jpg,1,aigc_modern_nano_banana,NanoBanana
corpora/nano_banana/images/nano_banana_000541.jpg,1,aigc_modern_nano_banana,NanoBanana
corpora/nano_banana/images/nano_banana_000542.jpg,1,aigc_modern_nano_banana,NanoBanana
corpora/nano_banana/images/nano_banana_000543.jpg,1,aigc_modern_nano_banana,NanoBanana
corpora/nano_banana/images/nano_banana_000544.jpg,1,aigc_modern_nano_banana,NanoBanana
corpora/nano_banana/images/nano_banana_000545.jpg,1,aigc_modern_nano_banana,NanoBanana
corpora/nano_banana/images/nano_banana_000546.jpg,1,aigc_modern_nano_banana,NanoBanana
corpora/nano_banana/images/nano_banana_000547.jpg,1,aigc_modern_nano_banana,NanoBanana
corpora/nano_banana/images/nano_banana_000548.jpg,1,aigc_modern_nano_banana,NanoBanana
corpora/nano_banana/images/nano_banana_000549.jpg,1,aigc_modern_nano_banana,NanoBanana
corpora/nano_banana/images/nano_banana_000550.jpg,1,aigc_modern_nano_banana,NanoBanana
corpora/nano_banana/images/nano_banana_000551.jpg,1,aigc_modern_nano_banana,NanoBanana
corpora/nano_banana/images/nano_banana_000552.jpg,1,aigc_modern_nano_banana,NanoBanana
corpora/nano_banana/images/nano_banana_000553.jpg,1,aigc_modern_nano_banana,NanoBanana
corpora/nano_banana/images/nano_banana_000554.jpg,1,aigc_modern_nano_banana,NanoBanana
corpora/nano_banana/images/nano_banana_000555.jpg,1,aigc_modern_nano_banana,NanoBanana
corpora/nano_banana/images/nano_banana_000556.jpg,1,aigc_modern_nano_banana,NanoBanana
corpora/nano_banana/images/nano_banana_000557.jpg,1,aigc_modern_nano_banana,NanoBanana
corpora/nano_banana/images/nano_banana_000558.jpg,1,aigc_modern_nano_banana,NanoBanana
corpora/nano_banana/images/nano_banana_000559.jpg,1,aigc_modern_nano_banana,NanoBanana
corpora/nano_banana/images/nano_banana_000560.jpg,1,aigc_modern_nano_banana,NanoBanana
corpora/nano_banana/images/nano_banana_000561.jpg,1,aigc_modern_nano_banana,NanoBanana
corpora/nano_banana/images/nano_banana_000562.jpg,1,aigc_modern_nano_banana,NanoBanana
corpora/nano_banana/images/nano_banana_000563.jpg,1,aigc_modern_nano_banana,NanoBanana
corpora/nano_banana/images/nano_banana_000564.jpg,1,aigc_modern_nano_banana,NanoBanana
corpora/nano_banana/images/nano_banana_000565.jpg,1,aigc_modern_nano_banana,NanoBanana
corpora/nano_banana/images/nano_banana_000566.jpg,1,aigc_modern_nano_banana,NanoBanana
corpora/nano_banana/images/nano_banana_000567.jpg,1,aigc_modern_nano_banana,NanoBanana
corpora/nano_banana/images/nano_banana_000568.jpg,1,aigc_modern_nano_banana,NanoBanana
corpora/nano_banana/images/nano_banana_000569.jpg,1,aigc_modern_nano_banana,NanoBanana
corpora/nano_banana/images/nano_banana_000570.jpg,1,aigc_modern_nano_banana,NanoBanana
corpora/nano_banana/images/nano_banana_000571.jpg,1,aigc_modern_nano_banana,NanoBanana
corpora/nano_banana/images/nano_banana_000572.jpg,1,aigc_modern_nano_banana,NanoBanana
corpora/nano_banana/images/nano_banana_000573.jpg,1,aigc_modern_nano_banana,NanoBanana
corpora/nano_banana/images/nano_banana_000574.jpg,1,aigc_modern_nano_banana,NanoBanana
corpora/nano_banana/images/nano_banana_000575.jpg,1,aigc_modern_nano_banana,NanoBanana
corpora/nano_banana/images/nano_banana_000576.jpg,1,aigc_modern_nano_banana,NanoBanana
corpora/nano_banana/images/nano_banana_000577.jpg,1,aigc_modern_nano_banana,NanoBanana
corpora/nano_banana/images/nano_banana_000578.jpg,1,aigc_modern_nano_banana,NanoBanana
corpora/nano_banana/images/nano_banana_000579.jpg,1,aigc_modern_nano_banana,NanoBanana
corpora/nano_banana/images/nano_banana_000580.jpg,1,aigc_modern_nano_banana,NanoBanana
corpora/nano_banana/images/nano_banana_000581.jpg,1,aigc_modern_nano_banana,NanoBanana
corpora/nano_banana/images/nano_banana_000582.jpg,1,aigc_modern_nano_banana,NanoBanana
corpora/nano_banana/images/nano_banana_000583.jpg,1,aigc_modern_nano_banana,NanoBanana
corpora/nano_banana/images/nano_banana_000584.jpg,1,aigc_modern_nano_banana,NanoBanana
corpora/nano_banana/images/nano_banana_000585.jpg,1,aigc_modern_nano_banana,NanoBanana
corpora/nano_banana/images/nano_banana_000586.jpg,1,aigc_modern_nano_banana,NanoBanana
corpora/nano_banana/images/nano_banana_000587.jpg,1,aigc_modern_nano_banana,NanoBanana
corpora/nano_banana/images/nano_banana_000588.jpg,1,aigc_modern_nano_banana,NanoBanana
corpora/nano_banana/images/nano_banana_000589.jpg,1,aigc_modern_nano_banana,NanoBanana
corpora/nano_banana/images/nano_banana_000590.jpg,1,aigc_modern_nano_banana,NanoBanana
corpora/nano_banana/images/nano_banana_000591.jpg,1,aigc_modern_nano_banana,NanoBanana
corpora/nano_banana/images/nano_banana_000592.jpg,1,aigc_modern_nano_banana,NanoBanana
corpora/nano_banana/images/nano_banana_000593.jpg,1,aigc_modern_nano_banana,NanoBanana
corpora/nano_banana/images/nano_banana_000594.jpg,1,aigc_modern_nano_banana,NanoBanana
corpora/nano_banana/images/nano_banana_000595.jpg,1,aigc_modern_nano_banana,NanoBanana
corpora/nano_banana/images/nano_banana_000596.jpg,1,aigc_modern_nano_banana,NanoBanana
corpora/nano_banana/images/nano_banana_000597.jpg,1,aigc_modern_nano_banana,NanoBanana
corpora/nano_banana/images/nano_banana_000598.jpg,1,aigc_modern_nano_banana,NanoBanana
corpora/nano_banana/images/nano_banana_000599.jpg,1,aigc_modern_nano_banana,NanoBanana
corpora/nano_banana/images/nano_banana_000600.jpg,1,aigc_modern_nano_banana,NanoBanana
corpora/nano_banana/images/nano_banana_000601.jpg,1,aigc_modern_nano_banana,NanoBanana
corpora/nano_banana/images/nano_banana_000602.jpg,1,aigc_modern_nano_banana,NanoBanana
corpora/nano_banana/images/nano_banana_000603.jpg,1,aigc_modern_nano_banana,NanoBanana
corpora/nano_banana/images/nano_banana_000604.jpg,1,aigc_modern_nano_banana,NanoBanana
corpora/nano_banana/images/nano_banana_000605.jpg,1,aigc_modern_nano_banana,NanoBanana
corpora/nano_banana/images/nano_banana_000606.jpg,1,aigc_modern_nano_banana,NanoBanana
corpora/nano_banana/images/nano_banana_000607.jpg,1,aigc_modern_nano_banana,NanoBanana
corpora/nano_banana/images/nano_banana_000608.jpg,1,aigc_modern_nano_banana,NanoBanana
corpora/nano_banana/images/nano_banana_000609.jpg,1,aigc_modern_nano_banana,NanoBanana
corpora/nano_banana/images/nano_banana_000610.jpg,1,aigc_modern_nano_banana,NanoBanana
corpora/nano_banana/images/nano_banana_000611.jpg,1,aigc_modern_nano_banana,NanoBanana
corpora/nano_banana/images/nano_banana_000612.jpg,1,aigc_modern_nano_banana,NanoBanana
corpora/nano_banana/images/nano_banana_000613.jpg,1,aigc_modern_nano_banana,NanoBanana
corpora/nano_banana/images/nano_banana_000614.jpg,1,aigc_modern_nano_banana,NanoBanana
corpora/nano_banana/images/nano_banana_000615.jpg,1,aigc_modern_nano_banana,NanoBanana
corpora/nano_banana/images/nano_banana_000616.jpg,1,aigc_modern_nano_banana,NanoBanana
corpora/nano_banana/images/nano_banana_000617.jpg,1,aigc_modern_nano_banana,NanoBanana
corpora/nano_banana/images/nano_banana_000618.jpg,1,aigc_modern_nano_banana,NanoBanana
corpora/nano_banana/images/nano_banana_000619.jpg,1,aigc_modern_nano_banana,NanoBanana
corpora/nano_banana/images/nano_banana_000620.jpg,1,aigc_modern_nano_banana,NanoBanana
corpora/nano_banana/images/nano_banana_000621.jpg,1,aigc_modern_nano_banana,NanoBanana
corpora/nano_banana/images/nano_banana_000622.jpg,1,aigc_modern_nano_banana,NanoBanana
corpora/nano_banana/images/nano_banana_000623.jpg,1,aigc_modern_nano_banana,NanoBanana
corpora/nano_banana/images/nano_banana_000624.jpg,1,aigc_modern_nano_banana,NanoBanana
corpora/nano_banana/images/nano_banana_000625.jpg,1,aigc_modern_nano_banana,NanoBanana
corpora/nano_banana/images/nano_banana_000626.jpg,1,aigc_modern_nano_banana,NanoBanana
corpora/nano_banana/images/nano_banana_000627.jpg,1,aigc_modern_nano_banana,NanoBanana
corpora/nano_banana/images/nano_banana_000628.jpg,1,aigc_modern_nano_banana,NanoBanana
corpora/nano_banana/images/nano_banana_000629.jpg,1,aigc_modern_nano_banana,NanoBanana
corpora/nano_banana/images/nano_banana_000630.jpg,1,aigc_modern_nano_banana,NanoBanana
corpora/nano_banana/images/nano_banana_000631.jpg,1,aigc_modern_nano_banana,NanoBanana
corpora/nano_banana/images/nano_banana_000632.jpg,1,aigc_modern_nano_banana,NanoBanana
corpora/nano_banana/images/nano_banana_000633.jpg,1,aigc_modern_nano_banana,NanoBanana
corpora/nano_banana/images/nano_banana_000634.jpg,1,aigc_modern_nano_banana,NanoBanana
corpora/nano_banana/images/nano_banana_000635.jpg,1,aigc_modern_nano_banana,NanoBanana
corpora/nano_banana/images/nano_banana_000636.jpg,1,aigc_modern_nano_banana,NanoBanana
corpora/nano_banana/images/nano_banana_000637.jpg,1,aigc_modern_nano_banana,NanoBanana
corpora/nano_banana/images/nano_banana_000638.jpg,1,aigc_modern_nano_banana,NanoBanana
corpora/nano_banana/images/nano_banana_000639.jpg,1,aigc_modern_nano_banana,NanoBanana
corpora/nano_banana/images/nano_banana_000640.jpg,1,aigc_modern_nano_banana,NanoBanana
corpora/nano_banana/images/nano_banana_000641.jpg,1,aigc_modern_nano_banana,NanoBanana
corpora/nano_banana/images/nano_banana_000642.jpg,1,aigc_modern_nano_banana,NanoBanana
corpora/nano_banana/images/nano_banana_000643.jpg,1,aigc_modern_nano_banana,NanoBanana
corpora/nano_banana/images/nano_banana_000644.jpg,1,aigc_modern_nano_banana,NanoBanana
corpora/nano_banana/images/nano_banana_000645.jpg,1,aigc_modern_nano_banana,NanoBanana
corpora/nano_banana/images/nano_banana_000646.jpg,1,aigc_modern_nano_banana,NanoBanana
corpora/nano_banana/images/nano_banana_000647.jpg,1,aigc_modern_nano_banana,NanoBanana
corpora/nano_banana/images/nano_banana_000648.jpg,1,aigc_modern_nano_banana,NanoBanana
corpora/nano_banana/images/nano_banana_000649.jpg,1,aigc_modern_nano_banana,NanoBanana
corpora/nano_banana/images/nano_banana_000650.jpg,1,aigc_modern_nano_banana,NanoBanana
corpora/nano_banana/images/nano_banana_000651.jpg,1,aigc_modern_nano_banana,NanoBanana
corpora/nano_banana/images/nano_banana_000652.jpg,1,aigc_modern_nano_banana,NanoBanana
corpora/nano_banana/images/nano_banana_000653.jpg,1,aigc_modern_nano_banana,NanoBanana
corpora/nano_banana/images/nano_banana_000654.jpg,1,aigc_modern_nano_banana,NanoBanana
corpora/nano_banana/images/nano_banana_000655.jpg,1,aigc_modern_nano_banana,NanoBanana
corpora/nano_banana/images/nano_banana_000656.jpg,1,aigc_modern_nano_banana,NanoBanana
corpora/nano_banana/images/nano_banana_000657.jpg,1,aigc_modern_nano_banana,NanoBanana
corpora/nano_banana/images/nano_banana_000658.jpg,1,aigc_modern_nano_banana,NanoBanana
corpora/nano_banana/images/nano_banana_000659.jpg,1,aigc_modern_nano_banana,NanoBanana
corpora/nano_banana/images/nano_banana_000660.jpg,1,aigc_modern_nano_banana,NanoBanana
corpora/nano_banana/images/nano_banana_000661.jpg,1,aigc_modern_nano_banana,NanoBanana
corpora/nano_banana/images/nano_banana_000662.jpg,1,aigc_modern_nano_banana,NanoBanana
corpora/nano_banana/images/nano_banana_000663.jpg,1,aigc_modern_nano_banana,NanoBanana
corpora/nano_banana/images/nano_banana_000664.jpg,1,aigc_modern_nano_banana,NanoBanana
corpora/nano_banana/images/nano_banana_000665.jpg,1,aigc_modern_nano_banana,NanoBanana
corpora/nano_banana/images/nano_banana_000666.jpg,1,aigc_modern_nano_banana,NanoBanana
corpora/nano_banana/images/nano_banana_000667.jpg,1,aigc_modern_nano_banana,NanoBanana
corpora/nano_banana/images/nano_banana_000668.jpg,1,aigc_modern_nano_banana,NanoBanana
corpora/nano_banana/images/nano_banana_000669.jpg,1,aigc_modern_nano_banana,NanoBanana
corpora/nano_banana/images/nano_banana_000670.jpg,1,aigc_modern_nano_banana,NanoBanana
corpora/nano_banana/images/nano_banana_000671.jpg,1,aigc_modern_nano_banana,NanoBanana
corpora/nano_banana/images/nano_banana_000672.jpg,1,aigc_modern_nano_banana,NanoBanana
corpora/nano_banana/images/nano_banana_000673.jpg,1,aigc_modern_nano_banana,NanoBanana
corpora/nano_banana/images/nano_banana_000674.jpg,1,aigc_modern_nano_banana,NanoBanana
corpora/nano_banana/images/nano_banana_000675.jpg,1,aigc_modern_nano_banana,NanoBanana
corpora/nano_banana/images/nano_banana_000676.jpg,1,aigc_modern_nano_banana,NanoBanana
corpora/nano_banana/images/nano_banana_000677.jpg,1,aigc_modern_nano_banana,NanoBanana
corpora/nano_banana/images/nano_banana_000678.jpg,1,aigc_modern_nano_banana,NanoBanana
corpora/nano_banana/images/nano_banana_000679.jpg,1,aigc_modern_nano_banana,NanoBanana
corpora/nano_banana/images/nano_banana_000680.jpg,1,aigc_modern_nano_banana,NanoBanana
corpora/nano_banana/images/nano_banana_000681.jpg,1,aigc_modern_nano_banana,NanoBanana
corpora/nano_banana/images/nano_banana_000682.jpg,1,aigc_modern_nano_banana,NanoBanana
corpora/nano_banana/images/nano_banana_000683.jpg,1,aigc_modern_nano_banana,NanoBanana
corpora/nano_banana/images/nano_banana_000684.jpg,1,aigc_modern_nano_banana,NanoBanana
corpora/nano_banana/images/nano_banana_000685.jpg,1,aigc_modern_nano_banana,NanoBanana
corpora/nano_banana/images/nano_banana_000686.jpg,1,aigc_modern_nano_banana,NanoBanana
corpora/nano_banana/images/nano_banana_000687.jpg,1,aigc_modern_nano_banana,NanoBanana
corpora/nano_banana/images/nano_banana_000688.jpg,1,aigc_modern_nano_banana,NanoBanana
corpora/nano_banana/images/nano_banana_000689.jpg,1,aigc_modern_nano_banana,NanoBanana
corpora/nano_banana/images/nano_banana_000690.jpg,1,aigc_modern_nano_banana,NanoBanana
corpora/nano_banana/images/nano_banana_000691.jpg,1,aigc_modern_nano_banana,NanoBanana
corpora/nano_banana/images/nano_banana_000692.jpg,1,aigc_modern_nano_banana,NanoBanana
corpora/nano_banana/images/nano_banana_000693.jpg,1,aigc_modern_nano_banana,NanoBanana
corpora/nano_banana/images/nano_banana_000694.jpg,1,aigc_modern_nano_banana,NanoBanana
corpora/nano_banana/images/nano_banana_000695.jpg,1,aigc_modern_nano_banana,NanoBanana
corpora/nano_banana/images/nano_banana_000696.jpg,1,aigc_modern_nano_banana,NanoBanana
corpora/nano_banana/images/nano_banana_000697.jpg,1,aigc_modern_nano_banana,NanoBanana
corpora/nano_banana/images/nano_banana_000698.jpg,1,aigc_modern_nano_banana,NanoBanana
corpora/nano_banana/images/nano_banana_000699.jpg,1,aigc_modern_nano_banana,NanoBanana
corpora/nano_banana/images/nano_banana_000700.jpg,1,aigc_modern_nano_banana,NanoBanana
corpora/nano_banana/images/nano_banana_000701.jpg,1,aigc_modern_nano_banana,NanoBanana
corpora/nano_banana/images/nano_banana_000702.jpg,1,aigc_modern_nano_banana,NanoBanana
corpora/nano_banana/images/nano_banana_000703.jpg,1,aigc_modern_nano_banana,NanoBanana
corpora/nano_banana/images/nano_banana_000704.jpg,1,aigc_modern_nano_banana,NanoBanana
corpora/nano_banana/images/nano_banana_000705.jpg,1,aigc_modern_nano_banana,NanoBanana
corpora/nano_banana/images/nano_banana_000706.jpg,1,aigc_modern_nano_banana,NanoBanana
corpora/nano_banana/images/nano_banana_000707.jpg,1,aigc_modern_nano_banana,NanoBanana
corpora/nano_banana/images/nano_banana_000708.jpg,1,aigc_modern_nano_banana,NanoBanana
corpora/nano_banana/images/nano_banana_000709.jpg,1,aigc_modern_nano_banana,NanoBanana
corpora/nano_banana/images/nano_banana_000710.jpg,1,aigc_modern_nano_banana,NanoBanana
corpora/nano_banana/images/nano_banana_000711.jpg,1,aigc_modern_nano_banana,NanoBanana
corpora/nano_banana/images/nano_banana_000712.jpg,1,aigc_modern_nano_banana,NanoBanana
corpora/nano_banana/images/nano_banana_000713.jpg,1,aigc_modern_nano_banana,NanoBanana
corpora/nano_banana/images/nano_banana_000714.jpg,1,aigc_modern_nano_banana,NanoBanana
corpora/nano_banana/images/nano_banana_000715.jpg,1,aigc_modern_nano_banana,NanoBanana
corpora/nano_banana/images/nano_banana_000716.jpg,1,aigc_modern_nano_banana,NanoBanana
corpora/nano_banana/images/nano_banana_000717.jpg,1,aigc_modern_nano_banana,NanoBanana
corpora/nano_banana/images/nano_banana_000718.jpg,1,aigc_modern_nano_banana,NanoBanana
corpora/nano_banana/images/nano_banana_000719.jpg,1,aigc_modern_nano_banana,NanoBanana
corpora/nano_banana/images/nano_banana_000720.jpg,1,aigc_modern_nano_banana,NanoBanana
corpora/nano_banana/images/nano_banana_000721.jpg,1,aigc_modern_nano_banana,NanoBanana
corpora/nano_banana/images/nano_banana_000722.jpg,1,aigc_modern_nano_banana,NanoBanana
corpora/nano_banana/images/nano_banana_000723.jpg,1,aigc_modern_nano_banana,NanoBanana
corpora/nano_banana/images/nano_banana_000724.jpg,1,aigc_modern_nano_banana,NanoBanana
corpora/nano_banana/images/nano_banana_000725.jpg,1,aigc_modern_nano_banana,NanoBanana
corpora/nano_banana/images/nano_banana_000726.jpg,1,aigc_modern_nano_banana,NanoBanana
corpora/nano_banana/images/nano_banana_000727.jpg,1,aigc_modern_nano_banana,NanoBanana
corpora/nano_banana/images/nano_banana_000728.jpg,1,aigc_modern_nano_banana,NanoBanana
corpora/nano_banana/images/nano_banana_000729.jpg,1,aigc_modern_nano_banana,NanoBanana
corpora/nano_banana/images/nano_banana_000730.jpg,1,aigc_modern_nano_banana,NanoBanana
corpora/nano_banana/images/nano_banana_000731.jpg,1,aigc_modern_nano_banana,NanoBanana
corpora/nano_banana/images/nano_banana_000732.jpg,1,aigc_modern_nano_banana,NanoBanana
corpora/nano_banana/images/nano_banana_000733.jpg,1,aigc_modern_nano_banana,NanoBanana
corpora/nano_banana/images/nano_banana_000734.jpg,1,aigc_modern_nano_banana,NanoBanana
corpora/nano_banana/images/nano_banana_000735.jpg,1,aigc_modern_nano_banana,NanoBanana
corpora/nano_banana/images/nano_banana_000736.jpg,1,aigc_modern_nano_banana,NanoBanana
corpora/nano_banana/images/nano_banana_000737.jpg,1,aigc_modern_nano_banana,NanoBanana
corpora/nano_banana/images/nano_banana_000738.jpg,1,aigc_modern_nano_banana,NanoBanana
corpora/nano_banana/images/nano_banana_000739.jpg,1,aigc_modern_nano_banana,NanoBanana
corpora/nano_banana/images/nano_banana_000740.jpg,1,aigc_modern_nano_banana,NanoBanana
corpora/nano_banana/images/nano_banana_000741.jpg,1,aigc_modern_nano_banana,NanoBanana
corpora/nano_banana/images/nano_banana_000742.jpg,1,aigc_modern_nano_banana,NanoBanana
corpora/nano_banana/images/nano_banana_000743.jpg,1,aigc_modern_nano_banana,NanoBanana
corpora/nano_banana/images/nano_banana_000744.jpg,1,aigc_modern_nano_banana,NanoBanana
corpora/nano_banana/images/nano_banana_000745.jpg,1,aigc_modern_nano_banana,NanoBanana
corpora/nano_banana/images/nano_banana_000746.jpg,1,aigc_modern_nano_banana,NanoBanana
corpora/nano_banana/images/nano_banana_000747.jpg,1,aigc_modern_nano_banana,NanoBanana
corpora/nano_banana/images/nano_banana_000748.jpg,1,aigc_modern_nano_banana,NanoBanana
corpora/nano_banana/images/nano_banana_000749.jpg,1,aigc_modern_nano_banana,NanoBanana
corpora/nano_banana/images/nano_banana_000750.jpg,1,aigc_modern_nano_banana,NanoBanana
corpora/nano_banana/images/nano_banana_000751.jpg,1,aigc_modern_nano_banana,NanoBanana
corpora/nano_banana/images/nano_banana_000752.jpg,1,aigc_modern_nano_banana,NanoBanana
corpora/nano_banana/images/nano_banana_000753.jpg,1,aigc_modern_nano_banana,NanoBanana
corpora/nano_banana/images/nano_banana_000754.jpg,1,aigc_modern_nano_banana,NanoBanana
corpora/nano_banana/images/nano_banana_000755.jpg,1,aigc_modern_nano_banana,NanoBanana
corpora/nano_banana/images/nano_banana_000756.jpg,1,aigc_modern_nano_banana,NanoBanana
corpora/nano_banana/images/nano_banana_000757.jpg,1,aigc_modern_nano_banana,NanoBanana
corpora/nano_banana/images/nano_banana_000758.jpg,1,aigc_modern_nano_banana,NanoBanana
corpora/nano_banana/images/nano_banana_000759.jpg,1,aigc_modern_nano_banana,NanoBanana
corpora/nano_banana/images/nano_banana_000760.jpg,1,aigc_modern_nano_banana,NanoBanana
corpora/nano_banana/images/nano_banana_000761.jpg,1,aigc_modern_nano_banana,NanoBanana
corpora/nano_banana/images/nano_banana_000762.jpg,1,aigc_modern_nano_banana,NanoBanana
corpora/nano_banana/images/nano_banana_000763.jpg,1,aigc_modern_nano_banana,NanoBanana
corpora/nano_banana/images/nano_banana_000764.jpg,1,aigc_modern_nano_banana,NanoBanana
corpora/nano_banana/images/nano_banana_000765.jpg,1,aigc_modern_nano_banana,NanoBanana
corpora/nano_banana/images/nano_banana_000766.jpg,1,aigc_modern_nano_banana,NanoBanana
corpora/nano_banana/images/nano_banana_000767.jpg,1,aigc_modern_nano_banana,NanoBanana
corpora/nano_banana/images/nano_banana_000768.jpg,1,aigc_modern_nano_banana,NanoBanana
corpora/nano_banana/images/nano_banana_000769.jpg,1,aigc_modern_nano_banana,NanoBanana
corpora/nano_banana/images/nano_banana_000770.jpg,1,aigc_modern_nano_banana,NanoBanana
corpora/nano_banana/images/nano_banana_000771.jpg,1,aigc_modern_nano_banana,NanoBanana
corpora/nano_banana/images/nano_banana_000772.jpg,1,aigc_modern_nano_banana,NanoBanana
corpora/nano_banana/images/nano_banana_000773.jpg,1,aigc_modern_nano_banana,NanoBanana
corpora/nano_banana/images/nano_banana_000774.jpg,1,aigc_modern_nano_banana,NanoBanana
corpora/nano_banana/images/nano_banana_000775.jpg,1,aigc_modern_nano_banana,NanoBanana
corpora/nano_banana/images/nano_banana_000776.jpg,1,aigc_modern_nano_banana,NanoBanana
corpora/nano_banana/images/nano_banana_000777.jpg,1,aigc_modern_nano_banana,NanoBanana
corpora/nano_banana/images/nano_banana_000778.jpg,1,aigc_modern_nano_banana,NanoBanana
corpora/nano_banana/images/nano_banana_000779.jpg,1,aigc_modern_nano_banana,NanoBanana
corpora/nano_banana/images/nano_banana_000780.jpg,1,aigc_modern_nano_banana,NanoBanana
corpora/nano_banana/images/nano_banana_000781.jpg,1,aigc_modern_nano_banana,NanoBanana
corpora/nano_banana/images/nano_banana_000782.jpg,1,aigc_modern_nano_banana,NanoBanana
corpora/nano_banana/images/nano_banana_000783.jpg,1,aigc_modern_nano_banana,NanoBanana
corpora/nano_banana/images/nano_banana_000784.jpg,1,aigc_modern_nano_banana,NanoBanana
corpora/nano_banana/images/nano_banana_000785.jpg,1,aigc_modern_nano_banana,NanoBanana
corpora/nano_banana/images/nano_banana_000786.jpg,1,aigc_modern_nano_banana,NanoBanana
corpora/nano_banana/images/nano_banana_000787.jpg,1,aigc_modern_nano_banana,NanoBanana
corpora/nano_banana/images/nano_banana_000788.jpg,1,aigc_modern_nano_banana,NanoBanana
corpora/nano_banana/images/nano_banana_000789.jpg,1,aigc_modern_nano_banana,NanoBanana
corpora/nano_banana/images/nano_banana_000790.jpg,1,aigc_modern_nano_banana,NanoBanana
corpora/nano_banana/images/nano_banana_000791.jpg,1,aigc_modern_nano_banana,NanoBanana
corpora/nano_banana/images/nano_banana_000792.jpg,1,aigc_modern_nano_banana,NanoBanana
corpora/nano_banana/images/nano_banana_000793.jpg,1,aigc_modern_nano_banana,NanoBanana
corpora/nano_banana/images/nano_banana_000794.jpg,1,aigc_modern_nano_banana,NanoBanana
corpora/nano_banana/images/nano_banana_000795.jpg,1,aigc_modern_nano_banana,NanoBanana
corpora/nano_banana/images/nano_banana_000796.jpg,1,aigc_modern_nano_banana,NanoBanana
corpora/nano_banana/images/nano_banana_000797.jpg,1,aigc_modern_nano_banana,NanoBanana
corpora/nano_banana/images/nano_banana_000798.jpg,1,aigc_modern_nano_banana,NanoBanana
corpora/nano_banana/images/nano_banana_000799.jpg,1,aigc_modern_nano_banana,NanoBanana
corpora/nano_banana/images/nano_banana_000800.jpg,1,aigc_modern_nano_banana,NanoBanana
corpora/nano_banana/images/nano_banana_000801.jpg,1,aigc_modern_nano_banana,NanoBanana
corpora/nano_banana/images/nano_banana_000802.jpg,1,aigc_modern_nano_banana,NanoBanana
corpora/nano_banana/images/nano_banana_000803.jpg,1,aigc_modern_nano_banana,NanoBanana
corpora/nano_banana/images/nano_banana_000804.jpg,1,aigc_modern_nano_banana,NanoBanana
corpora/nano_banana/images/nano_banana_000805.jpg,1,aigc_modern_nano_banana,NanoBanana
corpora/nano_banana/images/nano_banana_000806.jpg,1,aigc_modern_nano_banana,NanoBanana
corpora/nano_banana/images/nano_banana_000807.jpg,1,aigc_modern_nano_banana,NanoBanana
corpora/nano_banana/images/nano_banana_000808.jpg,1,aigc_modern_nano_banana,NanoBanana
corpora/nano_banana/images/nano_banana_000809.jpg,1,aigc_modern_nano_banana,NanoBanana
corpora/nano_banana/images/nano_banana_000810.jpg,1,aigc_modern_nano_banana,NanoBanana
corpora/nano_banana/images/nano_banana_000811.jpg,1,aigc_modern_nano_banana,NanoBanana
corpora/nano_banana/images/nano_banana_000812.jpg,1,aigc_modern_nano_banana,NanoBanana
corpora/nano_banana/images/nano_banana_000813.jpg,1,aigc_modern_nano_banana,NanoBanana
corpora/nano_banana/images/nano_banana_000814.jpg,1,aigc_modern_nano_banana,NanoBanana
corpora/nano_banana/images/nano_banana_000815.jpg,1,aigc_modern_nano_banana,NanoBanana
corpora/nano_banana/images/nano_banana_000816.jpg,1,aigc_modern_nano_banana,NanoBanana
corpora/nano_banana/images/nano_banana_000817.jpg,1,aigc_modern_nano_banana,NanoBanana
corpora/nano_banana/images/nano_banana_000818.jpg,1,aigc_modern_nano_banana,NanoBanana
corpora/nano_banana/images/nano_banana_000819.jpg,1,aigc_modern_nano_banana,NanoBanana
corpora/nano_banana/images/nano_banana_000820.jpg,1,aigc_modern_nano_banana,NanoBanana
corpora/nano_banana/images/nano_banana_000821.jpg,1,aigc_modern_nano_banana,NanoBanana
corpora/nano_banana/images/nano_banana_000822.jpg,1,aigc_modern_nano_banana,NanoBanana
corpora/nano_banana/images/nano_banana_000823.jpg,1,aigc_modern_nano_banana,NanoBanana
corpora/nano_banana/images/nano_banana_000824.jpg,1,aigc_modern_nano_banana,NanoBanana
corpora/nano_banana/images/nano_banana_000825.jpg,1,aigc_modern_nano_banana,NanoBanana
corpora/nano_banana/images/nano_banana_000826.jpg,1,aigc_modern_nano_banana,NanoBanana
corpora/nano_banana/images/nano_banana_000827.jpg,1,aigc_modern_nano_banana,NanoBanana
corpora/nano_banana/images/nano_banana_000828.jpg,1,aigc_modern_nano_banana,NanoBanana
corpora/nano_banana/images/nano_banana_000829.jpg,1,aigc_modern_nano_banana,NanoBanana
corpora/nano_banana/images/nano_banana_000830.jpg,1,aigc_modern_nano_banana,NanoBanana
corpora/nano_banana/images/nano_banana_000831.jpg,1,aigc_modern_nano_banana,NanoBanana
corpora/nano_banana/images/nano_banana_000832.jpg,1,aigc_modern_nano_banana,NanoBanana
corpora/nano_banana/images/nano_banana_000833.jpg,1,aigc_modern_nano_banana,NanoBanana
corpora/nano_banana/images/nano_banana_000834.jpg,1,aigc_modern_nano_banana,NanoBanana
corpora/nano_banana/images/nano_banana_000835.jpg,1,aigc_modern_nano_banana,NanoBanana
corpora/nano_banana/images/nano_banana_000836.jpg,1,aigc_modern_nano_banana,NanoBanana
corpora/nano_banana/images/nano_banana_000837.jpg,1,aigc_modern_nano_banana,NanoBanana
corpora/nano_banana/images/nano_banana_000838.jpg,1,aigc_modern_nano_banana,NanoBanana
corpora/nano_banana/images/nano_banana_000839.jpg,1,aigc_modern_nano_banana,NanoBanana
corpora/nano_banana/images/nano_banana_000840.jpg,1,aigc_modern_nano_banana,NanoBanana
corpora/nano_banana/images/nano_banana_000841.jpg,1,aigc_modern_nano_banana,NanoBanana
corpora/nano_banana/images/nano_banana_000842.jpg,1,aigc_modern_nano_banana,NanoBanana
corpora/nano_banana/images/nano_banana_000843.jpg,1,aigc_modern_nano_banana,NanoBanana
corpora/nano_banana/images/nano_banana_000844.jpg,1,aigc_modern_nano_banana,NanoBanana
corpora/nano_banana/images/nano_banana_000845.jpg,1,aigc_modern_nano_banana,NanoBanana
corpora/nano_banana/images/nano_banana_000846.jpg,1,aigc_modern_nano_banana,NanoBanana
corpora/nano_banana/images/nano_banana_000847.jpg,1,aigc_modern_nano_banana,NanoBanana
corpora/nano_banana/images/nano_banana_000848.jpg,1,aigc_modern_nano_banana,NanoBanana
corpora/nano_banana/images/nano_banana_000849.jpg,1,aigc_modern_nano_banana,NanoBanana
corpora/nano_banana/images/nano_banana_000850.jpg,1,aigc_modern_nano_banana,NanoBanana
corpora/nano_banana/images/nano_banana_000851.jpg,1,aigc_modern_nano_banana,NanoBanana
corpora/nano_banana/images/nano_banana_000852.jpg,1,aigc_modern_nano_banana,NanoBanana
corpora/nano_banana/images/nano_banana_000853.jpg,1,aigc_modern_nano_banana,NanoBanana
corpora/nano_banana/images/nano_banana_000854.jpg,1,aigc_modern_nano_banana,NanoBanana
corpora/nano_banana/images/nano_banana_000855.jpg,1,aigc_modern_nano_banana,NanoBanana
corpora/nano_banana/images/nano_banana_000856.jpg,1,aigc_modern_nano_banana,NanoBanana
corpora/nano_banana/images/nano_banana_000857.jpg,1,aigc_modern_nano_banana,NanoBanana
corpora/nano_banana/images/nano_banana_000858.jpg,1,aigc_modern_nano_banana,NanoBanana
corpora/nano_banana/images/nano_banana_000859.jpg,1,aigc_modern_nano_banana,NanoBanana
corpora/nano_banana/images/nano_banana_000860.jpg,1,aigc_modern_nano_banana,NanoBanana
corpora/nano_banana/images/nano_banana_000861.jpg,1,aigc_modern_nano_banana,NanoBanana
corpora/nano_banana/images/nano_banana_000862.jpg,1,aigc_modern_nano_banana,NanoBanana
corpora/nano_banana/images/nano_banana_000863.jpg,1,aigc_modern_nano_banana,NanoBanana
corpora/nano_banana/images/nano_banana_000864.jpg,1,aigc_modern_nano_banana,NanoBanana
corpora/nano_banana/images/nano_banana_000865.jpg,1,aigc_modern_nano_banana,NanoBanana
corpora/nano_banana/images/nano_banana_000866.jpg,1,aigc_modern_nano_banana,NanoBanana
corpora/nano_banana/images/nano_banana_000867.jpg,1,aigc_modern_nano_banana,NanoBanana
corpora/nano_banana/images/nano_banana_000868.jpg,1,aigc_modern_nano_banana,NanoBanana
corpora/nano_banana/images/nano_banana_000869.jpg,1,aigc_modern_nano_banana,NanoBanana
corpora/nano_banana/images/nano_banana_000870.jpg,1,aigc_modern_nano_banana,NanoBanana
corpora/nano_banana/images/nano_banana_000871.jpg,1,aigc_modern_nano_banana,NanoBanana
corpora/nano_banana/images/nano_banana_000872.jpg,1,aigc_modern_nano_banana,NanoBanana
corpora/nano_banana/images/nano_banana_000873.jpg,1,aigc_modern_nano_banana,NanoBanana
corpora/nano_banana/images/nano_banana_000874.jpg,1,aigc_modern_nano_banana,NanoBanana
corpora/nano_banana/images/nano_banana_000875.jpg,1,aigc_modern_nano_banana,NanoBanana
corpora/nano_banana/images/nano_banana_000876.jpg,1,aigc_modern_nano_banana,NanoBanana
corpora/nano_banana/images/nano_banana_000877.jpg,1,aigc_modern_nano_banana,NanoBanana
corpora/nano_banana/images/nano_banana_000878.jpg,1,aigc_modern_nano_banana,NanoBanana
corpora/nano_banana/images/nano_banana_000879.jpg,1,aigc_modern_nano_banana,NanoBanana
corpora/nano_banana/images/nano_banana_000880.jpg,1,aigc_modern_nano_banana,NanoBanana
corpora/nano_banana/images/nano_banana_000881.jpg,1,aigc_modern_nano_banana,NanoBanana
corpora/nano_banana/images/nano_banana_000882.jpg,1,aigc_modern_nano_banana,NanoBanana
corpora/nano_banana/images/nano_banana_000883.jpg,1,aigc_modern_nano_banana,NanoBanana
corpora/nano_banana/images/nano_banana_000884.jpg,1,aigc_modern_nano_banana,NanoBanana
corpora/nano_banana/images/nano_banana_000885.jpg,1,aigc_modern_nano_banana,NanoBanana
corpora/nano_banana/images/nano_banana_000886.jpg,1,aigc_modern_nano_banana,NanoBanana
corpora/nano_banana/images/nano_banana_000887.jpg,1,aigc_modern_nano_banana,NanoBanana
corpora/nano_banana/images/nano_banana_000888.jpg,1,aigc_modern_nano_banana,NanoBanana
corpora/nano_banana/images/nano_banana_000889.jpg,1,aigc_modern_nano_banana,NanoBanana
corpora/nano_banana/images/nano_banana_000890.jpg,1,aigc_modern_nano_banana,NanoBanana
corpora/nano_banana/images/nano_banana_000891.jpg,1,aigc_modern_nano_banana,NanoBanana
corpora/nano_banana/images/nano_banana_000892.jpg,1,aigc_modern_nano_banana,NanoBanana
corpora/nano_banana/images/nano_banana_000893.jpg,1,aigc_modern_nano_banana,NanoBanana
corpora/nano_banana/images/nano_banana_000894.jpg,1,aigc_modern_nano_banana,NanoBanana
corpora/nano_banana/images/nano_banana_000895.jpg,1,aigc_modern_nano_banana,NanoBanana
corpora/nano_banana/images/nano_banana_000896.jpg,1,aigc_modern_nano_banana,NanoBanana
corpora/nano_banana/images/nano_banana_000897.jpg,1,aigc_modern_nano_banana,NanoBanana
corpora/nano_banana/images/nano_banana_000898.jpg,1,aigc_modern_nano_banana,NanoBanana
corpora/nano_banana/images/nano_banana_000899.jpg,1,aigc_modern_nano_banana,NanoBanana
corpora/nano_banana/images/nano_banana_000900.jpg,1,aigc_modern_nano_banana,NanoBanana
corpora/nano_banana/images/nano_banana_000901.jpg,1,aigc_modern_nano_banana,NanoBanana
corpora/nano_banana/images/nano_banana_000902.jpg,1,aigc_modern_nano_banana,NanoBanana
corpora/nano_banana/images/nano_banana_000903.jpg,1,aigc_modern_nano_banana,NanoBanana
corpora/nano_banana/images/nano_banana_000904.jpg,1,aigc_modern_nano_banana,NanoBanana
corpora/nano_banana/images/nano_banana_000905.jpg,1,aigc_modern_nano_banana,NanoBanana
corpora/nano_banana/images/nano_banana_000906.jpg,1,aigc_modern_nano_banana,NanoBanana
corpora/nano_banana/images/nano_banana_000907.jpg,1,aigc_modern_nano_banana,NanoBanana
corpora/nano_banana/images/nano_banana_000908.jpg,1,aigc_modern_nano_banana,NanoBanana
corpora/nano_banana/images/nano_banana_000909.jpg,1,aigc_modern_nano_banana,NanoBanana
corpora/nano_banana/images/nano_banana_000910.jpg,1,aigc_modern_nano_banana,NanoBanana
corpora/nano_banana/images/nano_banana_000911.jpg,1,aigc_modern_nano_banana,NanoBanana
corpora/nano_banana/images/nano_banana_000912.jpg,1,aigc_modern_nano_banana,NanoBanana
corpora/nano_banana/images/nano_banana_000913.jpg,1,aigc_modern_nano_banana,NanoBanana
corpora/nano_banana/images/nano_banana_000914.jpg,1,aigc_modern_nano_banana,NanoBanana
corpora/nano_banana/images/nano_banana_000915.jpg,1,aigc_modern_nano_banana,NanoBanana
corpora/nano_banana/images/nano_banana_000916.jpg,1,aigc_modern_nano_banana,NanoBanana
corpora/nano_banana/images/nano_banana_000917.jpg,1,aigc_modern_nano_banana,NanoBanana
corpora/nano_banana/images/nano_banana_000918.jpg,1,aigc_modern_nano_banana,NanoBanana
corpora/nano_banana/images/nano_banana_000919.jpg,1,aigc_modern_nano_banana,NanoBanana
corpora/nano_banana/images/nano_banana_000920.jpg,1,aigc_modern_nano_banana,NanoBanana
corpora/nano_banana/images/nano_banana_000921.jpg,1,aigc_modern_nano_banana,NanoBanana
corpora/nano_banana/images/nano_banana_000922.jpg,1,aigc_modern_nano_banana,NanoBanana
corpora/nano_banana/images/nano_banana_000923.jpg,1,aigc_modern_nano_banana,NanoBanana
corpora/nano_banana/images/nano_banana_000924.jpg,1,aigc_modern_nano_banana,NanoBanana
corpora/nano_banana/images/nano_banana_000925.jpg,1,aigc_modern_nano_banana,NanoBanana
corpora/nano_banana/images/nano_banana_000926.jpg,1,aigc_modern_nano_banana,NanoBanana
corpora/nano_banana/images/nano_banana_000927.jpg,1,aigc_modern_nano_banana,NanoBanana
corpora/nano_banana/images/nano_banana_000928.jpg,1,aigc_modern_nano_banana,NanoBanana
corpora/nano_banana/images/nano_banana_000929.jpg,1,aigc_modern_nano_banana,NanoBanana
corpora/nano_banana/images/nano_banana_000930.jpg,1,aigc_modern_nano_banana,NanoBanana
corpora/nano_banana/images/nano_banana_000931.jpg,1,aigc_modern_nano_banana,NanoBanana
corpora/nano_banana/images/nano_banana_000932.jpg,1,aigc_modern_nano_banana,NanoBanana
corpora/nano_banana/images/nano_banana_000933.jpg,1,aigc_modern_nano_banana,NanoBanana
corpora/nano_banana/images/nano_banana_000934.jpg,1,aigc_modern_nano_banana,NanoBanana
corpora/nano_banana/images/nano_banana_000935.jpg,1,aigc_modern_nano_banana,NanoBanana
corpora/nano_banana/images/nano_banana_000936.jpg,1,aigc_modern_nano_banana,NanoBanana
corpora/nano_banana/images/nano_banana_000937.jpg,1,aigc_modern_nano_banana,NanoBanana
corpora/nano_banana/images/nano_banana_000938.jpg,1,aigc_modern_nano_banana,NanoBanana
corpora/nano_banana/images/nano_banana_000939.jpg,1,aigc_modern_nano_banana,NanoBanana
corpora/nano_banana/images/nano_banana_000940.jpg,1,aigc_modern_nano_banana,NanoBanana
corpora/nano_banana/images/nano_banana_000941.jpg,1,aigc_modern_nano_banana,NanoBanana
corpora/nano_banana/images/nano_banana_000942.jpg,1,aigc_modern_nano_banana,NanoBanana
corpora/nano_banana/images/nano_banana_000943.jpg,1,aigc_modern_nano_banana,NanoBanana
corpora/nano_banana/images/nano_banana_000944.jpg,1,aigc_modern_nano_banana,NanoBanana
corpora/nano_banana/images/nano_banana_000945.jpg,1,aigc_modern_nano_banana,NanoBanana
corpora/nano_banana/images/nano_banana_000946.jpg,1,aigc_modern_nano_banana,NanoBanana
corpora/nano_banana/images/nano_banana_000947.jpg,1,aigc_modern_nano_banana,NanoBanana
corpora/nano_banana/images/nano_banana_000948.jpg,1,aigc_modern_nano_banana,NanoBanana
corpora/nano_banana/images/nano_banana_000949.jpg,1,aigc_modern_nano_banana,NanoBanana
corpora/nano_banana/images/nano_banana_000950.jpg,1,aigc_modern_nano_banana,NanoBanana
corpora/nano_banana/images/nano_banana_000951.jpg,1,aigc_modern_nano_banana,NanoBanana
corpora/nano_banana/images/nano_banana_000952.jpg,1,aigc_modern_nano_banana,NanoBanana
corpora/nano_banana/images/nano_banana_000953.jpg,1,aigc_modern_nano_banana,NanoBanana
corpora/nano_banana/images/nano_banana_000954.jpg,1,aigc_modern_nano_banana,NanoBanana
corpora/nano_banana/images/nano_banana_000955.jpg,1,aigc_modern_nano_banana,NanoBanana
corpora/nano_banana/images/nano_banana_000956.jpg,1,aigc_modern_nano_banana,NanoBanana
corpora/nano_banana/images/nano_banana_000957.jpg,1,aigc_modern_nano_banana,NanoBanana
corpora/nano_banana/images/nano_banana_000958.jpg,1,aigc_modern_nano_banana,NanoBanana
corpora/nano_banana/images/nano_banana_000959.jpg,1,aigc_modern_nano_banana,NanoBanana
corpora/nano_banana/images/nano_banana_000960.jpg,1,aigc_modern_nano_banana,NanoBanana
corpora/nano_banana/images/nano_banana_000961.jpg,1,aigc_modern_nano_banana,NanoBanana
corpora/nano_banana/images/nano_banana_000962.jpg,1,aigc_modern_nano_banana,NanoBanana
corpora/nano_banana/images/nano_banana_000963.jpg,1,aigc_modern_nano_banana,NanoBanana
corpora/nano_banana/images/nano_banana_000964.jpg,1,aigc_modern_nano_banana,NanoBanana
corpora/nano_banana/images/nano_banana_000965.jpg,1,aigc_modern_nano_banana,NanoBanana
corpora/nano_banana/images/nano_banana_000966.jpg,1,aigc_modern_nano_banana,NanoBanana
corpora/nano_banana/images/nano_banana_000967.jpg,1,aigc_modern_nano_banana,NanoBanana
corpora/nano_banana/images/nano_banana_000968.jpg,1,aigc_modern_nano_banana,NanoBanana
corpora/nano_banana/images/nano_banana_000969.jpg,1,aigc_modern_nano_banana,NanoBanana
corpora/nano_banana/images/nano_banana_000970.jpg,1,aigc_modern_nano_banana,NanoBanana
corpora/nano_banana/images/nano_banana_000971.jpg,1,aigc_modern_nano_banana,NanoBanana
corpora/nano_banana/images/nano_banana_000972.jpg,1,aigc_modern_nano_banana,NanoBanana
corpora/nano_banana/images/nano_banana_000973.jpg,1,aigc_modern_nano_banana,NanoBanana
corpora/nano_banana/images/nano_banana_000974.jpg,1,aigc_modern_nano_banana,NanoBanana
corpora/nano_banana/images/nano_banana_000975.jpg,1,aigc_modern_nano_banana,NanoBanana
corpora/nano_banana/images/nano_banana_000976.jpg,1,aigc_modern_nano_banana,NanoBanana
corpora/nano_banana/images/nano_banana_000977.jpg,1,aigc_modern_nano_banana,NanoBanana
corpora/nano_banana/images/nano_banana_000978.jpg,1,aigc_modern_nano_banana,NanoBanana
corpora/nano_banana/images/nano_banana_000979.jpg,1,aigc_modern_nano_banana,NanoBanana
corpora/nano_banana/images/nano_banana_000980.jpg,1,aigc_modern_nano_banana,NanoBanana
corpora/nano_banana/images/nano_banana_000981.jpg,1,aigc_modern_nano_banana,NanoBanana
corpora/nano_banana/images/nano_banana_000982.jpg,1,aigc_modern_nano_banana,NanoBanana
corpora/nano_banana/images/nano_banana_000983.jpg,1,aigc_modern_nano_banana,NanoBanana
corpora/nano_banana/images/nano_banana_000984.jpg,1,aigc_modern_nano_banana,NanoBanana
corpora/nano_banana/images/nano_banana_000985.jpg,1,aigc_modern_nano_banana,NanoBanana
corpora/nano_banana/images/nano_banana_000986.jpg,1,aigc_modern_nano_banana,NanoBanana
corpora/nano_banana/images/nano_banana_000987.jpg,1,aigc_modern_nano_banana,NanoBanana
corpora/nano_banana/images/nano_banana_000988.jpg,1,aigc_modern_nano_banana,NanoBanana
corpora/nano_banana/images/nano_banana_000989.jpg,1,aigc_modern_nano_banana,NanoBanana
corpora/nano_banana/images/nano_banana_000990.jpg,1,aigc_modern_nano_banana,NanoBanana
corpora/nano_banana/images/nano_banana_000991.jpg,1,aigc_modern_nano_banana,NanoBanana
corpora/nano_banana/images/nano_banana_000992.jpg,1,aigc_modern_nano_banana,NanoBanana
corpora/nano_banana/images/nano_banana_000993.jpg,1,aigc_modern_nano_banana,NanoBanana
corpora/nano_banana/images/nano_banana_000994.jpg,1,aigc_modern_nano_banana,NanoBanana
corpora/nano_banana/images/nano_banana_000995.jpg,1,aigc_modern_nano_banana,NanoBanana
corpora/nano_banana/images/nano_banana_000996.jpg,1,aigc_modern_nano_banana,NanoBanana
corpora/nano_banana/images/nano_banana_000997.jpg,1,aigc_modern_nano_banana,NanoBanana
corpora/nano_banana/images/nano_banana_000998.jpg,1,aigc_modern_nano_banana,NanoBanana
corpora/nano_banana/images/nano_banana_000999.jpg,1,aigc_modern_nano_banana,NanoBanana
corpora/nano_banana/images/nano_banana_001000.jpg,1,aigc_modern_nano_banana,NanoBanana
corpora/nano_banana/images/nano_banana_001001.jpg,1,aigc_modern_nano_banana,NanoBanana
corpora/nano_banana/images/nano_banana_001002.jpg,1,aigc_modern_nano_banana,NanoBanana
corpora/nano_banana/images/nano_banana_001003.jpg,1,aigc_modern_nano_banana,NanoBanana
corpora/nano_banana/images/nano_banana_001004.jpg,1,aigc_modern_nano_banana,NanoBanana
corpora/nano_banana/images/nano_banana_001005.jpg,1,aigc_modern_nano_banana,NanoBanana
corpora/nano_banana/images/nano_banana_001006.jpg,1,aigc_modern_nano_banana,NanoBanana
corpora/nano_banana/images/nano_banana_001007.jpg,1,aigc_modern_nano_banana,NanoBanana
corpora/nano_banana/images/nano_banana_001008.jpg,1,aigc_modern_nano_banana,NanoBanana
corpora/nano_banana/images/nano_banana_001009.jpg,1,aigc_modern_nano_banana,NanoBanana
corpora/nano_banana/images/nano_banana_001010.jpg,1,aigc_modern_nano_banana,NanoBanana
corpora/nano_banana/images/nano_banana_001011.jpg,1,aigc_modern_nano_banana,NanoBanana
corpora/nano_banana/images/nano_banana_001012.jpg,1,aigc_modern_nano_banana,NanoBanana
corpora/nano_banana/images/nano_banana_001013.jpg,1,aigc_modern_nano_banana,NanoBanana
corpora/nano_banana/images/nano_banana_001014.jpg,1,aigc_modern_nano_banana,NanoBanana
corpora/nano_banana/images/nano_banana_001015.jpg,1,aigc_modern_nano_banana,NanoBanana
corpora/nano_banana/images/nano_banana_001016.jpg,1,aigc_modern_nano_banana,NanoBanana
corpora/nano_banana/images/nano_banana_001017.jpg,1,aigc_modern_nano_banana,NanoBanana
corpora/nano_banana/images/nano_banana_001018.jpg,1,aigc_modern_nano_banana,NanoBanana
corpora/nano_banana/images/nano_banana_001019.jpg,1,aigc_modern_nano_banana,NanoBanana
corpora/nano_banana/images/nano_banana_001020.jpg,1,aigc_modern_nano_banana,NanoBanana
corpora/nano_banana/images/nano_banana_001021.jpg,1,aigc_modern_nano_banana,NanoBanana
corpora/nano_banana/images/nano_banana_001022.jpg,1,aigc_modern_nano_banana,NanoBanana
corpora/nano_banana/images/nano_banana_001023.jpg,1,aigc_modern_nano_banana,NanoBanana
corpora/nano_banana/images/nano_banana_001024.jpg,1,aigc_modern_nano_banana,NanoBanana
corpora/nano_banana/images/nano_banana_001025.jpg,1,aigc_modern_nano_banana,NanoBanana
corpora/nano_banana/images/nano_banana_001026.jpg,1,aigc_modern_nano_banana,NanoBanana
corpora/nano_banana/images/nano_banana_001027.jpg,1,aigc_modern_nano_banana,NanoBanana
corpora/nano_banana/images/nano_banana_001028.jpg,1,aigc_modern_nano_banana,NanoBanana
corpora/nano_banana/images/nano_banana_001029.jpg,1,aigc_modern_nano_banana,NanoBanana
corpora/nano_banana/images/nano_banana_001030.jpg,1,aigc_modern_nano_banana,NanoBanana
corpora/nano_banana/images/nano_banana_001031.jpg,1,aigc_modern_nano_banana,NanoBanana
corpora/nano_banana/images/nano_banana_001032.jpg,1,aigc_modern_nano_banana,NanoBanana
corpora/nano_banana/images/nano_banana_001033.jpg,1,aigc_modern_nano_banana,NanoBanana
corpora/nano_banana/images/nano_banana_001034.jpg,1,aigc_modern_nano_banana,NanoBanana
corpora/nano_banana/images/nano_banana_001035.jpg,1,aigc_modern_nano_banana,NanoBanana
corpora/nano_banana/images/nano_banana_001036.jpg,1,aigc_modern_nano_banana,NanoBanana
corpora/nano_banana/images/nano_banana_001037.jpg,1,aigc_modern_nano_banana,NanoBanana
corpora/nano_banana/images/nano_banana_001038.jpg,1,aigc_modern_nano_banana,NanoBanana
corpora/nano_banana/images/nano_banana_001039.jpg,1,aigc_modern_nano_banana,NanoBanana
corpora/nano_banana/images/nano_banana_001040.jpg,1,aigc_modern_nano_banana,NanoBanana
corpora/nano_banana/images/nano_banana_001041.jpg,1,aigc_modern_nano_banana,NanoBanana
corpora/nano_banana/images/nano_banana_001042.jpg,1,aigc_modern_nano_banana,NanoBanana
corpora/nano_banana/images/nano_banana_001043.jpg,1,aigc_modern_nano_banana,NanoBanana
corpora/nano_banana/images/nano_banana_001044.jpg,1,aigc_modern_nano_banana,NanoBanana
corpora/nano_banana/images/nano_banana_001045.jpg,1,aigc_modern_nano_banana,NanoBanana
corpora/nano_banana/images/nano_banana_001046.jpg,1,aigc_modern_nano_banana,NanoBanana
corpora/nano_banana/images/nano_banana_001047.jpg,1,aigc_modern_nano_banana,NanoBanana
corpora/nano_banana/images/nano_banana_001048.jpg,1,aigc_modern_nano_banana,NanoBanana
corpora/nano_banana/images/nano_banana_001049.jpg,1,aigc_modern_nano_banana,NanoBanana
corpora/nano_banana/images/nano_banana_001050.jpg,1,aigc_modern_nano_banana,NanoBanana
corpora/nano_banana/images/nano_banana_001051.jpg,1,aigc_modern_nano_banana,NanoBanana
corpora/nano_banana/images/nano_banana_001052.jpg,1,aigc_modern_nano_banana,NanoBanana
corpora/nano_banana/images/nano_banana_001053.jpg,1,aigc_modern_nano_banana,NanoBanana
corpora/nano_banana/images/nano_banana_001054.jpg,1,aigc_modern_nano_banana,NanoBanana
corpora/nano_banana/images/nano_banana_001055.jpg,1,aigc_modern_nano_banana,NanoBanana
corpora/nano_banana/images/nano_banana_001056.jpg,1,aigc_modern_nano_banana,NanoBanana
corpora/nano_banana/images/nano_banana_001057.jpg,1,aigc_modern_nano_banana,NanoBanana
corpora/nano_banana/images/nano_banana_001058.jpg,1,aigc_modern_nano_banana,NanoBanana
corpora/nano_banana/images/nano_banana_001059.jpg,1,aigc_modern_nano_banana,NanoBanana
corpora/nano_banana/images/nano_banana_001060.jpg,1,aigc_modern_nano_banana,NanoBanana
corpora/nano_banana/images/nano_banana_001061.jpg,1,aigc_modern_nano_banana,NanoBanana
corpora/nano_banana/images/nano_banana_001062.jpg,1,aigc_modern_nano_banana,NanoBanana
corpora/nano_banana/images/nano_banana_001063.jpg,1,aigc_modern_nano_banana,NanoBanana
corpora/nano_banana/images/nano_banana_001064.jpg,1,aigc_modern_nano_banana,NanoBanana
corpora/nano_banana/images/nano_banana_001065.jpg,1,aigc_modern_nano_banana,NanoBanana
corpora/nano_banana/images/nano_banana_001066.jpg,1,aigc_modern_nano_banana,NanoBanana
corpora/nano_banana/images/nano_banana_001067.jpg,1,aigc_modern_nano_banana,NanoBanana
corpora/nano_banana/images/nano_banana_001068.jpg,1,aigc_modern_nano_banana,NanoBanana
corpora/nano_banana/images/nano_banana_001069.jpg,1,aigc_modern_nano_banana,NanoBanana
corpora/nano_banana/images/nano_banana_001070.jpg,1,aigc_modern_nano_banana,NanoBanana
corpora/nano_banana/images/nano_banana_001071.jpg,1,aigc_modern_nano_banana,NanoBanana
corpora/nano_banana/images/nano_banana_001072.jpg,1,aigc_modern_nano_banana,NanoBanana
corpora/nano_banana/images/nano_banana_001073.jpg,1,aigc_modern_nano_banana,NanoBanana
corpora/nano_banana/images/nano_banana_001074.jpg,1,aigc_modern_nano_banana,NanoBanana
corpora/nano_banana/images/nano_banana_001075.jpg,1,aigc_modern_nano_banana,NanoBanana
corpora/nano_banana/images/nano_banana_001076.jpg,1,aigc_modern_nano_banana,NanoBanana
corpora/nano_banana/images/nano_banana_001077.jpg,1,aigc_modern_nano_banana,NanoBanana
corpora/nano_banana/images/nano_banana_001078.jpg,1,aigc_modern_nano_banana,NanoBanana
corpora/nano_banana/images/nano_banana_001079.jpg,1,aigc_modern_nano_banana,NanoBanana
corpora/nano_banana/images/nano_banana_001080.jpg,1,aigc_modern_nano_banana,NanoBanana
corpora/nano_banana/images/nano_banana_001081.jpg,1,aigc_modern_nano_banana,NanoBanana
corpora/nano_banana/images/nano_banana_001082.jpg,1,aigc_modern_nano_banana,NanoBanana
corpora/nano_banana/images/nano_banana_001083.jpg,1,aigc_modern_nano_banana,NanoBanana
corpora/nano_banana/images/nano_banana_001084.jpg,1,aigc_modern_nano_banana,NanoBanana
corpora/nano_banana/images/nano_banana_001085.jpg,1,aigc_modern_nano_banana,NanoBanana
corpora/nano_banana/images/nano_banana_001086.jpg,1,aigc_modern_nano_banana,NanoBanana
corpora/nano_banana/images/nano_banana_001087.jpg,1,aigc_modern_nano_banana,NanoBanana
corpora/nano_banana/images/nano_banana_001088.jpg,1,aigc_modern_nano_banana,NanoBanana
corpora/nano_banana/images/nano_banana_001089.jpg,1,aigc_modern_nano_banana,NanoBanana
corpora/nano_banana/images/nano_banana_001090.jpg,1,aigc_modern_nano_banana,NanoBanana
corpora/nano_banana/images/nano_banana_001091.jpg,1,aigc_modern_nano_banana,NanoBanana
corpora/nano_banana/images/nano_banana_001092.jpg,1,aigc_modern_nano_banana,NanoBanana
corpora/nano_banana/images/nano_banana_001093.jpg,1,aigc_modern_nano_banana,NanoBanana
corpora/nano_banana/images/nano_banana_001094.jpg,1,aigc_modern_nano_banana,NanoBanana
corpora/nano_banana/images/nano_banana_001095.jpg,1,aigc_modern_nano_banana,NanoBanana
corpora/nano_banana/images/nano_banana_001096.jpg,1,aigc_modern_nano_banana,NanoBanana
corpora/nano_banana/images/nano_banana_001097.jpg,1,aigc_modern_nano_banana,NanoBanana
corpora/nano_banana/images/nano_banana_001098.jpg,1,aigc_modern_nano_banana,NanoBanana
corpora/nano_banana/images/nano_banana_001099.jpg,1,aigc_modern_nano_banana,NanoBanana
corpora/nano_banana/images/nano_banana_001100.jpg,1,aigc_modern_nano_banana,NanoBanana
corpora/nano_banana/images/nano_banana_001101.jpg,1,aigc_modern_nano_banana,NanoBanana
corpora/nano_banana/images/nano_banana_001102.jpg,1,aigc_modern_nano_banana,NanoBanana
corpora/nano_banana/images/nano_banana_001103.jpg,1,aigc_modern_nano_banana,NanoBanana
corpora/nano_banana/images/nano_banana_001104.jpg,1,aigc_modern_nano_banana,NanoBanana
corpora/nano_banana/images/nano_banana_001105.jpg,1,aigc_modern_nano_banana,NanoBanana
corpora/nano_banana/images/nano_banana_001106.jpg,1,aigc_modern_nano_banana,NanoBanana
corpora/nano_banana/images/nano_banana_001107.jpg,1,aigc_modern_nano_banana,NanoBanana
corpora/nano_banana/images/nano_banana_001108.jpg,1,aigc_modern_nano_banana,NanoBanana
corpora/nano_banana/images/nano_banana_001109.jpg,1,aigc_modern_nano_banana,NanoBanana
corpora/nano_banana/images/nano_banana_001110.jpg,1,aigc_modern_nano_banana,NanoBanana
corpora/nano_banana/images/nano_banana_001111.jpg,1,aigc_modern_nano_banana,NanoBanana
corpora/nano_banana/images/nano_banana_001112.jpg,1,aigc_modern_nano_banana,NanoBanana
corpora/nano_banana/images/nano_banana_001113.jpg,1,aigc_modern_nano_banana,NanoBanana
corpora/nano_banana/images/nano_banana_001114.jpg,1,aigc_modern_nano_banana,NanoBanana
corpora/nano_banana/images/nano_banana_001115.jpg,1,aigc_modern_nano_banana,NanoBanana
corpora/nano_banana/images/nano_banana_001116.jpg,1,aigc_modern_nano_banana,NanoBanana
corpora/nano_banana/images/nano_banana_001117.jpg,1,aigc_modern_nano_banana,NanoBanana
corpora/nano_banana/images/nano_banana_001118.jpg,1,aigc_modern_nano_banana,NanoBanana
corpora/nano_banana/images/nano_banana_001119.jpg,1,aigc_modern_nano_banana,NanoBanana
corpora/nano_banana/images/nano_banana_001120.jpg,1,aigc_modern_nano_banana,NanoBanana
corpora/nano_banana/images/nano_banana_001121.jpg,1,aigc_modern_nano_banana,NanoBanana
corpora/nano_banana/images/nano_banana_001122.jpg,1,aigc_modern_nano_banana,NanoBanana
corpora/nano_banana/images/nano_banana_001123.jpg,1,aigc_modern_nano_banana,NanoBanana
corpora/nano_banana/images/nano_banana_001124.jpg,1,aigc_modern_nano_banana,NanoBanana
corpora/nano_banana/images/nano_banana_001125.jpg,1,aigc_modern_nano_banana,NanoBanana
corpora/nano_banana/images/nano_banana_001126.jpg,1,aigc_modern_nano_banana,NanoBanana
corpora/nano_banana/images/nano_banana_001127.jpg,1,aigc_modern_nano_banana,NanoBanana
corpora/nano_banana/images/nano_banana_001128.jpg,1,aigc_modern_nano_banana,NanoBanana
corpora/nano_banana/images/nano_banana_001129.jpg,1,aigc_modern_nano_banana,NanoBanana
corpora/nano_banana/images/nano_banana_001130.jpg,1,aigc_modern_nano_banana,NanoBanana
corpora/nano_banana/images/nano_banana_001131.jpg,1,aigc_modern_nano_banana,NanoBanana
corpora/nano_banana/images/nano_banana_001132.jpg,1,aigc_modern_nano_banana,NanoBanana
corpora/nano_banana/images/nano_banana_001133.jpg,1,aigc_modern_nano_banana,NanoBanana
corpora/nano_banana/images/nano_banana_001134.jpg,1,aigc_modern_nano_banana,NanoBanana
corpora/nano_banana/images/nano_banana_001135.jpg,1,aigc_modern_nano_banana,NanoBanana
corpora/nano_banana/images/nano_banana_001136.jpg,1,aigc_modern_nano_banana,NanoBanana
corpora/nano_banana/images/nano_banana_001137.jpg,1,aigc_modern_nano_banana,NanoBanana
corpora/nano_banana/images/nano_banana_001138.jpg,1,aigc_modern_nano_banana,NanoBanana
corpora/nano_banana/images/nano_banana_001139.jpg,1,aigc_modern_nano_banana,NanoBanana
corpora/nano_banana/images/nano_banana_001140.jpg,1,aigc_modern_nano_banana,NanoBanana
corpora/nano_banana/images/nano_banana_001141.jpg,1,aigc_modern_nano_banana,NanoBanana
corpora/nano_banana/images/nano_banana_001142.jpg,1,aigc_modern_nano_banana,NanoBanana
corpora/nano_banana/images/nano_banana_001143.jpg,1,aigc_modern_nano_banana,NanoBanana
corpora/nano_banana/images/nano_banana_001144.jpg,1,aigc_modern_nano_banana,NanoBanana
corpora/nano_banana/images/nano_banana_001145.jpg,1,aigc_modern_nano_banana,NanoBanana
corpora/nano_banana/images/nano_banana_001146.jpg,1,aigc_modern_nano_banana,NanoBanana
corpora/nano_banana/images/nano_banana_001147.jpg,1,aigc_modern_nano_banana,NanoBanana
corpora/nano_banana/images/nano_banana_001148.jpg,1,aigc_modern_nano_banana,NanoBanana
corpora/nano_banana/images/nano_banana_001149.jpg,1,aigc_modern_nano_banana,NanoBanana
corpora/nano_banana/images/nano_banana_001150.jpg,1,aigc_modern_nano_banana,NanoBanana
corpora/nano_banana/images/nano_banana_001151.jpg,1,aigc_modern_nano_banana,NanoBanana
corpora/nano_banana/images/nano_banana_001152.jpg,1,aigc_modern_nano_banana,NanoBanana
corpora/nano_banana/images/nano_banana_001153.jpg,1,aigc_modern_nano_banana,NanoBanana
corpora/nano_banana/images/nano_banana_001154.jpg,1,aigc_modern_nano_banana,NanoBanana
corpora/nano_banana/images/nano_banana_001155.jpg,1,aigc_modern_nano_banana,NanoBanana
corpora/nano_banana/images/nano_banana_001156.jpg,1,aigc_modern_nano_banana,NanoBanana
corpora/nano_banana/images/nano_banana_001157.jpg,1,aigc_modern_nano_banana,NanoBanana
corpora/nano_banana/images/nano_banana_001158.jpg,1,aigc_modern_nano_banana,NanoBanana
corpora/nano_banana/images/nano_banana_001159.jpg,1,aigc_modern_nano_banana,NanoBanana
corpora/nano_banana/images/nano_banana_001160.jpg,1,aigc_modern_nano_banana,NanoBanana
corpora/nano_banana/images/nano_banana_001161.jpg,1,aigc_modern_nano_banana,NanoBanana
corpora/nano_banana/images/nano_banana_001162.jpg,1,aigc_modern_nano_banana,NanoBanana
corpora/nano_banana/images/nano_banana_001163.jpg,1,aigc_modern_nano_banana,NanoBanana
corpora/nano_banana/images/nano_banana_001164.jpg,1,aigc_modern_nano_banana,NanoBanana
corpora/nano_banana/images/nano_banana_001165.jpg,1,aigc_modern_nano_banana,NanoBanana
corpora/nano_banana/images/nano_banana_001166.jpg,1,aigc_modern_nano_banana,NanoBanana
corpora/nano_banana/images/nano_banana_001167.jpg,1,aigc_modern_nano_banana,NanoBanana
corpora/nano_banana/images/nano_banana_001168.jpg,1,aigc_modern_nano_banana,NanoBanana
corpora/nano_banana/images/nano_banana_001169.jpg,1,aigc_modern_nano_banana,NanoBanana
corpora/nano_banana/images/nano_banana_001170.jpg,1,aigc_modern_nano_banana,NanoBanana
corpora/nano_banana/images/nano_banana_001171.jpg,1,aigc_modern_nano_banana,NanoBanana
corpora/nano_banana/images/nano_banana_001172.jpg,1,aigc_modern_nano_banana,NanoBanana
corpora/nano_banana/images/nano_banana_001173.jpg,1,aigc_modern_nano_banana,NanoBanana
corpora/nano_banana/images/nano_banana_001174.jpg,1,aigc_modern_nano_banana,NanoBanana
corpora/nano_banana/images/nano_banana_001175.jpg,1,aigc_modern_nano_banana,NanoBanana
corpora/nano_banana/images/nano_banana_001176.jpg,1,aigc_modern_nano_banana,NanoBanana
corpora/nano_banana/images/nano_banana_001177.jpg,1,aigc_modern_nano_banana,NanoBanana
corpora/nano_banana/images/nano_banana_001178.jpg,1,aigc_modern_nano_banana,NanoBanana
corpora/nano_banana/images/nano_banana_001179.jpg,1,aigc_modern_nano_banana,NanoBanana
corpora/nano_banana/images/nano_banana_001180.jpg,1,aigc_modern_nano_banana,NanoBanana
corpora/nano_banana/images/nano_banana_001181.jpg,1,aigc_modern_nano_banana,NanoBanana
corpora/nano_banana/images/nano_banana_001182.jpg,1,aigc_modern_nano_banana,NanoBanana
corpora/nano_banana/images/nano_banana_001183.jpg,1,aigc_modern_nano_banana,NanoBanana
corpora/nano_banana/images/nano_banana_001184.jpg,1,aigc_modern_nano_banana,NanoBanana
corpora/nano_banana/images/nano_banana_001185.jpg,1,aigc_modern_nano_banana,NanoBanana
corpora/nano_banana/images/nano_banana_001186.jpg,1,aigc_modern_nano_banana,NanoBanana
corpora/nano_banana/images/nano_banana_001187.jpg,1,aigc_modern_nano_banana,NanoBanana
corpora/nano_banana/images/nano_banana_001188.jpg,1,aigc_modern_nano_banana,NanoBanana
corpora/nano_banana/images/nano_banana_001189.jpg,1,aigc_modern_nano_banana,NanoBanana
corpora/nano_banana/images/nano_banana_001190.jpg,1,aigc_modern_nano_banana,NanoBanana
corpora/nano_banana/images/nano_banana_001191.jpg,1,aigc_modern_nano_banana,NanoBanana
corpora/nano_banana/images/nano_banana_001192.jpg,1,aigc_modern_nano_banana,NanoBanana
corpora/nano_banana/images/nano_banana_001193.jpg,1,aigc_modern_nano_banana,NanoBanana
corpora/nano_banana/images/nano_banana_001194.jpg,1,aigc_modern_nano_banana,NanoBanana
corpora/nano_banana/images/nano_banana_001195.jpg,1,aigc_modern_nano_banana,NanoBanana
corpora/nano_banana/images/nano_banana_001196.jpg,1,aigc_modern_nano_banana,NanoBanana
corpora/nano_banana/images/nano_banana_001197.jpg,1,aigc_modern_nano_banana,NanoBanana
corpora/nano_banana/images/nano_banana_001198.jpg,1,aigc_modern_nano_banana,NanoBanana
corpora/nano_banana/images/nano_banana_001199.jpg,1,aigc_modern_nano_banana,NanoBanana
corpora/nano_banana/images/nano_banana_001200.jpg,1,aigc_modern_nano_banana,NanoBanana
corpora/nano_banana/images/nano_banana_001201.jpg,1,aigc_modern_nano_banana,NanoBanana
corpora/nano_banana/images/nano_banana_001202.jpg,1,aigc_modern_nano_banana,NanoBanana
corpora/nano_banana/images/nano_banana_001203.jpg,1,aigc_modern_nano_banana,NanoBanana
corpora/nano_banana/images/nano_banana_001204.jpg,1,aigc_modern_nano_banana,NanoBanana
corpora/nano_banana/images/nano_banana_001205.jpg,1,aigc_modern_nano_banana,NanoBanana
corpora/nano_banana/images/nano_banana_001206.jpg,1,aigc_modern_nano_banana,NanoBanana
corpora/nano_banana/images/nano_banana_001207.jpg,1,aigc_modern_nano_banana,NanoBanana
corpora/nano_banana/images/nano_banana_001208.jpg,1,aigc_modern_nano_banana,NanoBanana
corpora/nano_banana/images/nano_banana_001209.jpg,1,aigc_modern_nano_banana,NanoBanana
corpora/nano_banana/images/nano_banana_001210.jpg,1,aigc_modern_nano_banana,NanoBanana
corpora/nano_banana/images/nano_banana_001211.jpg,1,aigc_modern_nano_banana,NanoBanana
corpora/nano_banana/images/nano_banana_001212.jpg,1,aigc_modern_nano_banana,NanoBanana
corpora/nano_banana/images/nano_banana_001213.jpg,1,aigc_modern_nano_banana,NanoBanana
corpora/nano_banana/images/nano_banana_001214.jpg,1,aigc_modern_nano_banana,NanoBanana
corpora/nano_banana/images/nano_banana_001215.jpg,1,aigc_modern_nano_banana,NanoBanana
corpora/nano_banana/images/nano_banana_001216.jpg,1,aigc_modern_nano_banana,NanoBanana
corpora/nano_banana/images/nano_banana_001217.jpg,1,aigc_modern_nano_banana,NanoBanana
corpora/nano_banana/images/nano_banana_001218.jpg,1,aigc_modern_nano_banana,NanoBanana
corpora/nano_banana/images/nano_banana_001219.jpg,1,aigc_modern_nano_banana,NanoBanana
corpora/nano_banana/images/nano_banana_001220.jpg,1,aigc_modern_nano_banana,NanoBanana
corpora/nano_banana/images/nano_banana_001221.jpg,1,aigc_modern_nano_banana,NanoBanana
corpora/nano_banana/images/nano_banana_001222.jpg,1,aigc_modern_nano_banana,NanoBanana
corpora/nano_banana/images/nano_banana_001223.jpg,1,aigc_modern_nano_banana,NanoBanana
corpora/nano_banana/images/nano_banana_001224.jpg,1,aigc_modern_nano_banana,NanoBanana
corpora/nano_banana/images/nano_banana_001225.jpg,1,aigc_modern_nano_banana,NanoBanana
corpora/nano_banana/images/nano_banana_001226.jpg,1,aigc_modern_nano_banana,NanoBanana
corpora/nano_banana/images/nano_banana_001227.jpg,1,aigc_modern_nano_banana,NanoBanana
corpora/nano_banana/images/nano_banana_001228.jpg,1,aigc_modern_nano_banana,NanoBanana
corpora/nano_banana/images/nano_banana_001229.jpg,1,aigc_modern_nano_banana,NanoBanana
corpora/nano_banana/images/nano_banana_001230.jpg,1,aigc_modern_nano_banana,NanoBanana
corpora/nano_banana/images/nano_banana_001231.jpg,1,aigc_modern_nano_banana,NanoBanana
corpora/nano_banana/images/nano_banana_001232.jpg,1,aigc_modern_nano_banana,NanoBanana
corpora/nano_banana/images/nano_banana_001233.jpg,1,aigc_modern_nano_banana,NanoBanana
corpora/nano_banana/images/nano_banana_001234.jpg,1,aigc_modern_nano_banana,NanoBanana
corpora/nano_banana/images/nano_banana_001235.jpg,1,aigc_modern_nano_banana,NanoBanana
corpora/nano_banana/images/nano_banana_001236.jpg,1,aigc_modern_nano_banana,NanoBanana
corpora/nano_banana/images/nano_banana_001237.jpg,1,aigc_modern_nano_banana,NanoBanana
corpora/nano_banana/images/nano_banana_001238.jpg,1,aigc_modern_nano_banana,NanoBanana
corpora/nano_banana/images/nano_banana_001239.jpg,1,aigc_modern_nano_banana,NanoBanana
corpora/nano_banana/images/nano_banana_001240.jpg,1,aigc_modern_nano_banana,NanoBanana
corpora/nano_banana/images/nano_banana_001241.jpg,1,aigc_modern_nano_banana,NanoBanana
corpora/nano_banana/images/nano_banana_001242.jpg,1,aigc_modern_nano_banana,NanoBanana
corpora/nano_banana/images/nano_banana_001243.jpg,1,aigc_modern_nano_banana,NanoBanana
corpora/nano_banana/images/nano_banana_001244.jpg,1,aigc_modern_nano_banana,NanoBanana
corpora/nano_banana/images/nano_banana_001245.jpg,1,aigc_modern_nano_banana,NanoBanana
corpora/nano_banana/images/nano_banana_001246.jpg,1,aigc_modern_nano_banana,NanoBanana
corpora/nano_banana/images/nano_banana_001247.jpg,1,aigc_modern_nano_banana,NanoBanana
corpora/nano_banana/images/nano_banana_001248.jpg,1,aigc_modern_nano_banana,NanoBanana
corpora/nano_banana/images/nano_banana_001249.jpg,1,aigc_modern_nano_banana,NanoBanana
corpora/nano_banana/images/nano_banana_001250.jpg,1,aigc_modern_nano_banana,NanoBanana
corpora/nano_banana/images/nano_banana_001251.jpg,1,aigc_modern_nano_banana,NanoBanana
corpora/nano_banana/images/nano_banana_001252.jpg,1,aigc_modern_nano_banana,NanoBanana
corpora/nano_banana/images/nano_banana_001253.jpg,1,aigc_modern_nano_banana,NanoBanana
corpora/nano_banana/images/nano_banana_001254.jpg,1,aigc_modern_nano_banana,NanoBanana
corpora/nano_banana/images/nano_banana_001255.jpg,1,aigc_modern_nano_banana,NanoBanana
corpora/nano_banana/images/nano_banana_001256.jpg,1,aigc_modern_nano_banana,NanoBanana
corpora/nano_banana/images/nano_banana_001257.jpg,1,aigc_modern_nano_banana,NanoBanana
corpora/nano_banana/images/nano_banana_001258.jpg,1,aigc_modern_nano_banana,NanoBanana
corpora/nano_banana/images/nano_banana_001259.jpg,1,aigc_modern_nano_banana,NanoBanana
corpora/nano_banana/images/nano_banana_001260.jpg,1,aigc_modern_nano_banana,NanoBanana
corpora/nano_banana/images/nano_banana_001261.jpg,1,aigc_modern_nano_banana,NanoBanana
corpora/nano_banana/images/nano_banana_001262.jpg,1,aigc_modern_nano_banana,NanoBanana
corpora/nano_banana/images/nano_banana_001263.jpg,1,aigc_modern_nano_banana,NanoBanana
corpora/nano_banana/images/nano_banana_001264.jpg,1,aigc_modern_nano_banana,NanoBanana
corpora/nano_banana/images/nano_banana_001265.jpg,1,aigc_modern_nano_banana,NanoBanana
corpora/nano_banana/images/nano_banana_001266.jpg,1,aigc_modern_nano_banana,NanoBanana
corpora/nano_banana/images/nano_banana_001267.jpg,1,aigc_modern_nano_banana,NanoBanana
corpora/nano_banana/images/nano_banana_001268.jpg,1,aigc_modern_nano_banana,NanoBanana
corpora/nano_banana/images/nano_banana_001269.jpg,1,aigc_modern_nano_banana,NanoBanana
corpora/nano_banana/images/nano_banana_001270.jpg,1,aigc_modern_nano_banana,NanoBanana
corpora/nano_banana/images/nano_banana_001271.jpg,1,aigc_modern_nano_banana,NanoBanana
corpora/nano_banana/images/nano_banana_001272.jpg,1,aigc_modern_nano_banana,NanoBanana
corpora/nano_banana/images/nano_banana_001273.jpg,1,aigc_modern_nano_banana,NanoBanana
corpora/nano_banana/images/nano_banana_001274.jpg,1,aigc_modern_nano_banana,NanoBanana
corpora/nano_banana/images/nano_banana_001275.jpg,1,aigc_modern_nano_banana,NanoBanana
corpora/nano_banana/images/nano_banana_001276.jpg,1,aigc_modern_nano_banana,NanoBanana
corpora/nano_banana/images/nano_banana_001277.jpg,1,aigc_modern_nano_banana,NanoBanana
corpora/nano_banana/images/nano_banana_001278.jpg,1,aigc_modern_nano_banana,NanoBanana
corpora/nano_banana/images/nano_banana_001279.jpg,1,aigc_modern_nano_banana,NanoBanana
corpora/nano_banana/images/nano_banana_001280.jpg,1,aigc_modern_nano_banana,NanoBanana
corpora/nano_banana/images/nano_banana_001281.jpg,1,aigc_modern_nano_banana,NanoBanana
corpora/nano_banana/images/nano_banana_001282.jpg,1,aigc_modern_nano_banana,NanoBanana
corpora/nano_banana/images/nano_banana_001283.jpg,1,aigc_modern_nano_banana,NanoBanana
corpora/nano_banana/images/nano_banana_001284.jpg,1,aigc_modern_nano_banana,NanoBanana
corpora/nano_banana/images/nano_banana_001285.jpg,1,aigc_modern_nano_banana,NanoBanana
corpora/nano_banana/images/nano_banana_001286.jpg,1,aigc_modern_nano_banana,NanoBanana
corpora/nano_banana/images/nano_banana_001287.jpg,1,aigc_modern_nano_banana,NanoBanana
corpora/nano_banana/images/nano_banana_001288.jpg,1,aigc_modern_nano_banana,NanoBanana
corpora/nano_banana/images/nano_banana_001289.jpg,1,aigc_modern_nano_banana,NanoBanana
corpora/nano_banana/images/nano_banana_001290.jpg,1,aigc_modern_nano_banana,NanoBanana
corpora/nano_banana/images/nano_banana_001291.jpg,1,aigc_modern_nano_banana,NanoBanana
corpora/nano_banana/images/nano_banana_001292.jpg,1,aigc_modern_nano_banana,NanoBanana
corpora/nano_banana/images/nano_banana_001293.jpg,1,aigc_modern_nano_banana,NanoBanana
corpora/nano_banana/images/nano_banana_001294.jpg,1,aigc_modern_nano_banana,NanoBanana
corpora/nano_banana/images/nano_banana_001295.jpg,1,aigc_modern_nano_banana,NanoBanana
corpora/nano_banana/images/nano_banana_001296.jpg,1,aigc_modern_nano_banana,NanoBanana
corpora/nano_banana/images/nano_banana_001297.jpg,1,aigc_modern_nano_banana,NanoBanana
corpora/nano_banana/images/nano_banana_001298.jpg,1,aigc_modern_nano_banana,NanoBanana
corpora/nano_banana/images/nano_banana_001299.jpg,1,aigc_modern_nano_banana,NanoBanana
corpora/nano_banana/images/nano_banana_001300.jpg,1,aigc_modern_nano_banana,NanoBanana
corpora/nano_banana/images/nano_banana_001301.jpg,1,aigc_modern_nano_banana,NanoBanana
corpora/nano_banana/images/nano_banana_001302.jpg,1,aigc_modern_nano_banana,NanoBanana
corpora/nano_banana/images/nano_banana_001303.jpg,1,aigc_modern_nano_banana,NanoBanana
corpora/nano_banana/images/nano_banana_001304.jpg,1,aigc_modern_nano_banana,NanoBanana
corpora/nano_banana/images/nano_banana_001305.jpg,1,aigc_modern_nano_banana,NanoBanana
corpora/nano_banana/images/nano_banana_001306.jpg,1,aigc_modern_nano_banana,NanoBanana
corpora/nano_banana/images/nano_banana_001307.jpg,1,aigc_modern_nano_banana,NanoBanana
corpora/nano_banana/images/nano_banana_001308.jpg,1,aigc_modern_nano_banana,NanoBanana
corpora/nano_banana/images/nano_banana_001309.jpg,1,aigc_modern_nano_banana,NanoBanana
corpora/nano_banana/images/nano_banana_001310.jpg,1,aigc_modern_nano_banana,NanoBanana
corpora/nano_banana/images/nano_banana_001311.jpg,1,aigc_modern_nano_banana,NanoBanana
corpora/nano_banana/images/nano_banana_001312.jpg,1,aigc_modern_nano_banana,NanoBanana
corpora/nano_banana/images/nano_banana_001313.jpg,1,aigc_modern_nano_banana,NanoBanana
corpora/nano_banana/images/nano_banana_001314.jpg,1,aigc_modern_nano_banana,NanoBanana
corpora/nano_banana/images/nano_banana_001315.jpg,1,aigc_modern_nano_banana,NanoBanana
corpora/nano_banana/images/nano_banana_001316.jpg,1,aigc_modern_nano_banana,NanoBanana
corpora/nano_banana/images/nano_banana_001317.jpg,1,aigc_modern_nano_banana,NanoBanana
corpora/nano_banana/images/nano_banana_001318.jpg,1,aigc_modern_nano_banana,NanoBanana
corpora/nano_banana/images/nano_banana_001319.jpg,1,aigc_modern_nano_banana,NanoBanana
corpora/nano_banana/images/nano_banana_001320.jpg,1,aigc_modern_nano_banana,NanoBanana
corpora/nano_banana/images/nano_banana_001321.jpg,1,aigc_modern_nano_banana,NanoBanana
corpora/nano_banana/images/nano_banana_001322.jpg,1,aigc_modern_nano_banana,NanoBanana
corpora/nano_banana/images/nano_banana_001323.jpg,1,aigc_modern_nano_banana,NanoBanana
corpora/nano_banana/images/nano_banana_001324.jpg,1,aigc_modern_nano_banana,NanoBanana
corpora/nano_banana/images/nano_banana_001325.jpg,1,aigc_modern_nano_banana,NanoBanana
corpora/nano_banana/images/nano_banana_001326.jpg,1,aigc_modern_nano_banana,NanoBanana
corpora/nano_banana/images/nano_banana_001327.jpg,1,aigc_modern_nano_banana,NanoBanana
corpora/nano_banana/images/nano_banana_001328.jpg,1,aigc_modern_nano_banana,NanoBanana
corpora/nano_banana/images/nano_banana_001329.jpg,1,aigc_modern_nano_banana,NanoBanana
corpora/nano_banana/images/nano_banana_001330.jpg,1,aigc_modern_nano_banana,NanoBanana
corpora/nano_banana/images/nano_banana_001331.jpg,1,aigc_modern_nano_banana,NanoBanana
corpora/nano_banana/images/nano_banana_001332.jpg,1,aigc_modern_nano_banana,NanoBanana
corpora/nano_banana/images/nano_banana_001333.jpg,1,aigc_modern_nano_banana,NanoBanana
corpora/nano_banana/images/nano_banana_001334.jpg,1,aigc_modern_nano_banana,NanoBanana
corpora/nano_banana/images/nano_banana_001335.jpg,1,aigc_modern_nano_banana,NanoBanana
corpora/nano_banana/images/nano_banana_001336.jpg,1,aigc_modern_nano_banana,NanoBanana
corpora/nano_banana/images/nano_banana_001337.jpg,1,aigc_modern_nano_banana,NanoBanana
corpora/nano_banana/images/nano_banana_001338.jpg,1,aigc_modern_nano_banana,NanoBanana
corpora/nano_banana/images/nano_banana_001339.jpg,1,aigc_modern_nano_banana,NanoBanana
corpora/nano_banana/images/nano_banana_001340.jpg,1,aigc_modern_nano_banana,NanoBanana
corpora/nano_banana/images/nano_banana_001341.jpg,1,aigc_modern_nano_banana,NanoBanana
corpora/nano_banana/images/nano_banana_001342.jpg,1,aigc_modern_nano_banana,NanoBanana
corpora/nano_banana/images/nano_banana_001343.jpg,1,aigc_modern_nano_banana,NanoBanana
corpora/nano_banana/images/nano_banana_001344.jpg,1,aigc_modern_nano_banana,NanoBanana
corpora/nano_banana/images/nano_banana_001345.jpg,1,aigc_modern_nano_banana,NanoBanana
corpora/nano_banana/images/nano_banana_001346.jpg,1,aigc_modern_nano_banana,NanoBanana
corpora/nano_banana/images/nano_banana_001347.jpg,1,aigc_modern_nano_banana,NanoBanana
corpora/nano_banana/images/nano_banana_001348.jpg,1,aigc_modern_nano_banana,NanoBanana
corpora/nano_banana/images/nano_banana_001349.jpg,1,aigc_modern_nano_banana,NanoBanana
corpora/nano_banana/images/nano_banana_001350.jpg,1,aigc_modern_nano_banana,NanoBanana
corpora/nano_banana/images/nano_banana_001351.jpg,1,aigc_modern_nano_banana,NanoBanana
corpora/nano_banana/images/nano_banana_001352.jpg,1,aigc_modern_nano_banana,NanoBanana
corpora/nano_banana/images/nano_banana_001353.jpg,1,aigc_modern_nano_banana,NanoBanana
corpora/nano_banana/images/nano_banana_001354.jpg,1,aigc_modern_nano_banana,NanoBanana
corpora/nano_banana/images/nano_banana_001355.jpg,1,aigc_modern_nano_banana,NanoBanana
corpora/nano_banana/images/nano_banana_001356.jpg,1,aigc_modern_nano_banana,NanoBanana
corpora/nano_banana/images/nano_banana_001357.jpg,1,aigc_modern_nano_banana,NanoBanana
corpora/nano_banana/images/nano_banana_001358.jpg,1,aigc_modern_nano_banana,NanoBanana
corpora/nano_banana/images/nano_banana_001359.jpg,1,aigc_modern_nano_banana,NanoBanana
corpora/nano_banana/images/nano_banana_001360.jpg,1,aigc_modern_nano_banana,NanoBanana
corpora/nano_banana/images/nano_banana_001361.jpg,1,aigc_modern_nano_banana,NanoBanana
corpora/nano_banana/images/nano_banana_001362.jpg,1,aigc_modern_nano_banana,NanoBanana
corpora/nano_banana/images/nano_banana_001363.jpg,1,aigc_modern_nano_banana,NanoBanana
corpora/nano_banana/images/nano_banana_001364.jpg,1,aigc_modern_nano_banana,NanoBanana
corpora/nano_banana/images/nano_banana_001365.jpg,1,aigc_modern_nano_banana,NanoBanana
corpora/nano_banana/images/nano_banana_001366.jpg,1,aigc_modern_nano_banana,NanoBanana
corpora/nano_banana/images/nano_banana_001367.jpg,1,aigc_modern_nano_banana,NanoBanana
corpora/nano_banana/images/nano_banana_001368.jpg,1,aigc_modern_nano_banana,NanoBanana
corpora/nano_banana/images/nano_banana_001369.jpg,1,aigc_modern_nano_banana,NanoBanana
corpora/nano_banana/images/nano_banana_001370.jpg,1,aigc_modern_nano_banana,NanoBanana
corpora/nano_banana/images/nano_banana_001371.jpg,1,aigc_modern_nano_banana,NanoBanana
corpora/nano_banana/images/nano_banana_001372.jpg,1,aigc_modern_nano_banana,NanoBanana
corpora/nano_banana/images/nano_banana_001373.jpg,1,aigc_modern_nano_banana,NanoBanana
corpora/nano_banana/images/nano_banana_001374.jpg,1,aigc_modern_nano_banana,NanoBanana
corpora/nano_banana/images/nano_banana_001375.jpg,1,aigc_modern_nano_banana,NanoBanana
corpora/nano_banana/images/nano_banana_001376.jpg,1,aigc_modern_nano_banana,NanoBanana
corpora/nano_banana/images/nano_banana_001377.jpg,1,aigc_modern_nano_banana,NanoBanana
corpora/nano_banana/images/nano_banana_001378.jpg,1,aigc_modern_nano_banana,NanoBanana
corpora/nano_banana/images/nano_banana_001379.jpg,1,aigc_modern_nano_banana,NanoBanana
corpora/nano_banana/images/nano_banana_001380.jpg,1,aigc_modern_nano_banana,NanoBanana
corpora/nano_banana/images/nano_banana_001381.jpg,1,aigc_modern_nano_banana,NanoBanana
corpora/nano_banana/images/nano_banana_001382.jpg,1,aigc_modern_nano_banana,NanoBanana
corpora/nano_banana/images/nano_banana_001383.jpg,1,aigc_modern_nano_banana,NanoBanana
corpora/nano_banana/images/nano_banana_001384.jpg,1,aigc_modern_nano_banana,NanoBanana
corpora/nano_banana/images/nano_banana_001385.jpg,1,aigc_modern_nano_banana,NanoBanana
corpora/nano_banana/images/nano_banana_001386.jpg,1,aigc_modern_nano_banana,NanoBanana
corpora/nano_banana/images/nano_banana_001387.jpg,1,aigc_modern_nano_banana,NanoBanana
corpora/nano_banana/images/nano_banana_001388.jpg,1,aigc_modern_nano_banana,NanoBanana
corpora/nano_banana/images/nano_banana_001389.jpg,1,aigc_modern_nano_banana,NanoBanana
corpora/nano_banana/images/nano_banana_001390.jpg,1,aigc_modern_nano_banana,NanoBanana
corpora/nano_banana/images/nano_banana_001391.jpg,1,aigc_modern_nano_banana,NanoBanana
corpora/nano_banana/images/nano_banana_001392.jpg,1,aigc_modern_nano_banana,NanoBanana
corpora/nano_banana/images/nano_banana_001393.jpg,1,aigc_modern_nano_banana,NanoBanana
corpora/nano_banana/images/nano_banana_001394.jpg,1,aigc_modern_nano_banana,NanoBanana
corpora/nano_banana/images/nano_banana_001395.jpg,1,aigc_modern_nano_banana,NanoBanana
corpora/nano_banana/images/nano_banana_001396.jpg,1,aigc_modern_nano_banana,NanoBanana
corpora/nano_banana/images/nano_banana_001397.jpg,1,aigc_modern_nano_banana,NanoBanana
corpora/nano_banana/images/nano_banana_001398.jpg,1,aigc_modern_nano_banana,NanoBanana
corpora/nano_banana/images/nano_banana_001399.jpg,1,aigc_modern_nano_banana,NanoBanana
corpora/nano_banana/images/nano_banana_001400.jpg,1,aigc_modern_nano_banana,NanoBanana
corpora/nano_banana/images/nano_banana_001401.jpg,1,aigc_modern_nano_banana,NanoBanana
corpora/nano_banana/images/nano_banana_001402.jpg,1,aigc_modern_nano_banana,NanoBanana
corpora/nano_banana/images/nano_banana_001403.jpg,1,aigc_modern_nano_banana,NanoBanana
corpora/nano_banana/images/nano_banana_001404.jpg,1,aigc_modern_nano_banana,NanoBanana
corpora/nano_banana/images/nano_banana_001405.jpg,1,aigc_modern_nano_banana,NanoBanana
corpora/nano_banana/images/nano_banana_001406.jpg,1,aigc_modern_nano_banana,NanoBanana
corpora/nano_banana/images/nano_banana_001407.jpg,1,aigc_modern_nano_banana,NanoBanana
corpora/nano_banana/images/nano_banana_001408.jpg,1,aigc_modern_nano_banana,NanoBanana
corpora/nano_banana/images/nano_banana_001409.jpg,1,aigc_modern_nano_banana,NanoBanana
corpora/nano_banana/images/nano_banana_001410.jpg,1,aigc_modern_nano_banana,NanoBanana
corpora/nano_banana/images/nano_banana_001411.jpg,1,aigc_modern_nano_banana,NanoBanana
corpora/nano_banana/images/nano_banana_001412.jpg,1,aigc_modern_nano_banana,NanoBanana
corpora/nano_banana/images/nano_banana_001413.jpg,1,aigc_modern_nano_banana,NanoBanana
corpora/nano_banana/images/nano_banana_001414.jpg,1,aigc_modern_nano_banana,NanoBanana
corpora/nano_banana/images/nano_banana_001415.jpg,1,aigc_modern_nano_banana,NanoBanana
corpora/nano_banana/images/nano_banana_001416.jpg,1,aigc_modern_nano_banana,NanoBanana
corpora/nano_banana/images/nano_banana_001417.jpg,1,aigc_modern_nano_banana,NanoBanana
corpora/nano_banana/images/nano_banana_001418.jpg,1,aigc_modern_nano_banana,NanoBanana
corpora/nano_banana/images/nano_banana_001419.jpg,1,aigc_modern_nano_banana,NanoBanana
corpora/nano_banana/images/nano_banana_001420.jpg,1,aigc_modern_nano_banana,NanoBanana
corpora/nano_banana/images/nano_banana_001421.jpg,1,aigc_modern_nano_banana,NanoBanana
corpora/nano_banana/images/nano_banana_001422.jpg,1,aigc_modern_nano_banana,NanoBanana
corpora/nano_banana/images/nano_banana_001423.jpg,1,aigc_modern_nano_banana,NanoBanana
corpora/nano_banana/images/nano_banana_001424.jpg,1,aigc_modern_nano_banana,NanoBanana
corpora/nano_banana/images/nano_banana_001425.jpg,1,aigc_modern_nano_banana,NanoBanana
corpora/nano_banana/images/nano_banana_001426.jpg,1,aigc_modern_nano_banana,NanoBanana
corpora/nano_banana/images/nano_banana_001427.jpg,1,aigc_modern_nano_banana,NanoBanana
corpora/nano_banana/images/nano_banana_001428.jpg,1,aigc_modern_nano_banana,NanoBanana
corpora/nano_banana/images/nano_banana_001429.jpg,1,aigc_modern_nano_banana,NanoBanana
corpora/nano_banana/images/nano_banana_001430.jpg,1,aigc_modern_nano_banana,NanoBanana
corpora/nano_banana/images/nano_banana_001431.jpg,1,aigc_modern_nano_banana,NanoBanana
corpora/nano_banana/images/nano_banana_001432.jpg,1,aigc_modern_nano_banana,NanoBanana
corpora/nano_banana/images/nano_banana_001433.jpg,1,aigc_modern_nano_banana,NanoBanana
corpora/nano_banana/images/nano_banana_001434.jpg,1,aigc_modern_nano_banana,NanoBanana
corpora/nano_banana/images/nano_banana_001435.jpg,1,aigc_modern_nano_banana,NanoBanana
corpora/nano_banana/images/nano_banana_001436.jpg,1,aigc_modern_nano_banana,NanoBanana
corpora/nano_banana/images/nano_banana_001437.jpg,1,aigc_modern_nano_banana,NanoBanana
corpora/nano_banana/images/nano_banana_001438.jpg,1,aigc_modern_nano_banana,NanoBanana
corpora/nano_banana/images/nano_banana_001439.jpg,1,aigc_modern_nano_banana,NanoBanana
corpora/nano_banana/images/nano_banana_001440.jpg,1,aigc_modern_nano_banana,NanoBanana
corpora/nano_banana/images/nano_banana_001441.jpg,1,aigc_modern_nano_banana,NanoBanana
corpora/nano_banana/images/nano_banana_001442.jpg,1,aigc_modern_nano_banana,NanoBanana
corpora/nano_banana/images/nano_banana_001443.jpg,1,aigc_modern_nano_banana,NanoBanana
corpora/nano_banana/images/nano_banana_001444.jpg,1,aigc_modern_nano_banana,NanoBanana
corpora/nano_banana/images/nano_banana_001445.jpg,1,aigc_modern_nano_banana,NanoBanana
corpora/nano_banana/images/nano_banana_001446.jpg,1,aigc_modern_nano_banana,NanoBanana
corpora/nano_banana/images/nano_banana_001447.jpg,1,aigc_modern_nano_banana,NanoBanana
corpora/nano_banana/images/nano_banana_001448.jpg,1,aigc_modern_nano_banana,NanoBanana
corpora/nano_banana/images/nano_banana_001449.jpg,1,aigc_modern_nano_banana,NanoBanana
corpora/nano_banana/images/nano_banana_001450.jpg,1,aigc_modern_nano_banana,NanoBanana
corpora/nano_banana/images/nano_banana_001451.jpg,1,aigc_modern_nano_banana,NanoBanana
corpora/nano_banana/images/nano_banana_001452.jpg,1,aigc_modern_nano_banana,NanoBanana
corpora/nano_banana/images/nano_banana_001453.jpg,1,aigc_modern_nano_banana,NanoBanana
corpora/nano_banana/images/nano_banana_001454.jpg,1,aigc_modern_nano_banana,NanoBanana
corpora/nano_banana/images/nano_banana_001455.jpg,1,aigc_modern_nano_banana,NanoBanana
corpora/nano_banana/images/nano_banana_001456.jpg,1,aigc_modern_nano_banana,NanoBanana
corpora/nano_banana/images/nano_banana_001457.jpg,1,aigc_modern_nano_banana,NanoBanana
corpora/nano_banana/images/nano_banana_001458.jpg,1,aigc_modern_nano_banana,NanoBanana
corpora/nano_banana/images/nano_banana_001459.jpg,1,aigc_modern_nano_banana,NanoBanana
corpora/nano_banana/images/nano_banana_001460.jpg,1,aigc_modern_nano_banana,NanoBanana
corpora/nano_banana/images/nano_banana_001461.jpg,1,aigc_modern_nano_banana,NanoBanana
corpora/nano_banana/images/nano_banana_001462.jpg,1,aigc_modern_nano_banana,NanoBanana
corpora/nano_banana/images/nano_banana_001463.jpg,1,aigc_modern_nano_banana,NanoBanana
corpora/nano_banana/images/nano_banana_001464.jpg,1,aigc_modern_nano_banana,NanoBanana
corpora/nano_banana/images/nano_banana_001465.jpg,1,aigc_modern_nano_banana,NanoBanana
corpora/nano_banana/images/nano_banana_001466.jpg,1,aigc_modern_nano_banana,NanoBanana
corpora/nano_banana/images/nano_banana_001467.jpg,1,aigc_modern_nano_banana,NanoBanana
corpora/nano_banana/images/nano_banana_001468.jpg,1,aigc_modern_nano_banana,NanoBanana
corpora/nano_banana/images/nano_banana_001469.jpg,1,aigc_modern_nano_banana,NanoBanana
corpora/nano_banana/images/nano_banana_001470.jpg,1,aigc_modern_nano_banana,NanoBanana
corpora/nano_banana/images/nano_banana_001471.jpg,1,aigc_modern_nano_banana,NanoBanana
corpora/nano_banana/images/nano_banana_001472.jpg,1,aigc_modern_nano_banana,NanoBanana
corpora/nano_banana/images/nano_banana_001473.jpg,1,aigc_modern_nano_banana,NanoBanana
corpora/nano_banana/images/nano_banana_001474.jpg,1,aigc_modern_nano_banana,NanoBanana
corpora/nano_banana/images/nano_banana_001475.jpg,1,aigc_modern_nano_banana,NanoBanana
corpora/nano_banana/images/nano_banana_001476.jpg,1,aigc_modern_nano_banana,NanoBanana
corpora/nano_banana/images/nano_banana_001477.jpg,1,aigc_modern_nano_banana,NanoBanana
corpora/nano_banana/images/nano_banana_001478.jpg,1,aigc_modern_nano_banana,NanoBanana
corpora/nano_banana/images/nano_banana_001479.jpg,1,aigc_modern_nano_banana,NanoBanana
corpora/nano_banana/images/nano_banana_001480.jpg,1,aigc_modern_nano_banana,NanoBanana
corpora/nano_banana/images/nano_banana_001481.jpg,1,aigc_modern_nano_banana,NanoBanana
corpora/nano_banana/images/nano_banana_001482.jpg,1,aigc_modern_nano_banana,NanoBanana
corpora/nano_banana/images/nano_banana_001483.jpg,1,aigc_modern_nano_banana,NanoBanana
corpora/nano_banana/images/nano_banana_001484.jpg,1,aigc_modern_nano_banana,NanoBanana
corpora/nano_banana/images/nano_banana_001485.jpg,1,aigc_modern_nano_banana,NanoBanana
corpora/nano_banana/images/nano_banana_001486.jpg,1,aigc_modern_nano_banana,NanoBanana
corpora/nano_banana/images/nano_banana_001487.jpg,1,aigc_modern_nano_banana,NanoBanana
corpora/nano_banana/images/nano_banana_001488.jpg,1,aigc_modern_nano_banana,NanoBanana
corpora/nano_banana/images/nano_banana_001489.jpg,1,aigc_modern_nano_banana,NanoBanana
corpora/nano_banana/images/nano_banana_001490.jpg,1,aigc_modern_nano_banana,NanoBanana
corpora/nano_banana/images/nano_banana_001491.jpg,1,aigc_modern_nano_banana,NanoBanana
corpora/nano_banana/images/nano_banana_001492.jpg,1,aigc_modern_nano_banana,NanoBanana
corpora/nano_banana/images/nano_banana_001493.jpg,1,aigc_modern_nano_banana,NanoBanana
corpora/nano_banana/images/nano_banana_001494.jpg,1,aigc_modern_nano_banana,NanoBanana
corpora/nano_banana/images/nano_banana_001495.jpg,1,aigc_modern_nano_banana,NanoBanana
corpora/nano_banana/images/nano_banana_001496.jpg,1,aigc_modern_nano_banana,NanoBanana
corpora/nano_banana/images/nano_banana_001497.jpg,1,aigc_modern_nano_banana,NanoBanana
corpora/nano_banana/images/nano_banana_001498.jpg,1,aigc_modern_nano_banana,NanoBanana
corpora/nano_banana/images/nano_banana_001499.jpg,1,aigc_modern_nano_banana,NanoBanana
corpora/midjourney_v6/images/midjourney_v6_000000.jpg,1,aigc_modern_midjourney_v6,MidjourneyV6
corpora/midjourney_v6/images/midjourney_v6_000001.jpg,1,aigc_modern_midjourney_v6,MidjourneyV6
corpora/midjourney_v6/images/midjourney_v6_000002.jpg,1,aigc_modern_midjourney_v6,MidjourneyV6
corpora/midjourney_v6/images/midjourney_v6_000003.jpg,1,aigc_modern_midjourney_v6,MidjourneyV6
corpora/midjourney_v6/images/midjourney_v6_000004.jpg,1,aigc_modern_midjourney_v6,MidjourneyV6
corpora/midjourney_v6/images/midjourney_v6_000005.jpg,1,aigc_modern_midjourney_v6,MidjourneyV6
corpora/midjourney_v6/images/midjourney_v6_000006.jpg,1,aigc_modern_midjourney_v6,MidjourneyV6
corpora/midjourney_v6/images/midjourney_v6_000007.jpg,1,aigc_modern_midjourney_v6,MidjourneyV6
corpora/midjourney_v6/images/midjourney_v6_000008.jpg,1,aigc_modern_midjourney_v6,MidjourneyV6
corpora/midjourney_v6/images/midjourney_v6_000009.jpg,1,aigc_modern_midjourney_v6,MidjourneyV6
corpora/midjourney_v6/images/midjourney_v6_000010.jpg,1,aigc_modern_midjourney_v6,MidjourneyV6
corpora/midjourney_v6/images/midjourney_v6_000011.jpg,1,aigc_modern_midjourney_v6,MidjourneyV6
corpora/midjourney_v6/images/midjourney_v6_000012.jpg,1,aigc_modern_midjourney_v6,MidjourneyV6
corpora/midjourney_v6/images/midjourney_v6_000013.jpg,1,aigc_modern_midjourney_v6,MidjourneyV6
corpora/midjourney_v6/images/midjourney_v6_000014.jpg,1,aigc_modern_midjourney_v6,MidjourneyV6
corpora/midjourney_v6/images/midjourney_v6_000015.jpg,1,aigc_modern_midjourney_v6,MidjourneyV6
corpora/midjourney_v6/images/midjourney_v6_000016.jpg,1,aigc_modern_midjourney_v6,MidjourneyV6
corpora/midjourney_v6/images/midjourney_v6_000017.jpg,1,aigc_modern_midjourney_v6,MidjourneyV6
corpora/midjourney_v6/images/midjourney_v6_000018.jpg,1,aigc_modern_midjourney_v6,MidjourneyV6
corpora/midjourney_v6/images/midjourney_v6_000019.jpg,1,aigc_modern_midjourney_v6,MidjourneyV6
corpora/midjourney_v6/images/midjourney_v6_000020.jpg,1,aigc_modern_midjourney_v6,MidjourneyV6
corpora/midjourney_v6/images/midjourney_v6_000021.jpg,1,aigc_modern_midjourney_v6,MidjourneyV6
corpora/midjourney_v6/images/midjourney_v6_000022.jpg,1,aigc_modern_midjourney_v6,MidjourneyV6
corpora/midjourney_v6/images/midjourney_v6_000023.jpg,1,aigc_modern_midjourney_v6,MidjourneyV6
corpora/midjourney_v6/images/midjourney_v6_000024.jpg,1,aigc_modern_midjourney_v6,MidjourneyV6
corpora/midjourney_v6/images/midjourney_v6_000025.jpg,1,aigc_modern_midjourney_v6,MidjourneyV6
corpora/midjourney_v6/images/midjourney_v6_000026.jpg,1,aigc_modern_midjourney_v6,MidjourneyV6
corpora/midjourney_v6/images/midjourney_v6_000027.jpg,1,aigc_modern_midjourney_v6,MidjourneyV6
corpora/midjourney_v6/images/midjourney_v6_000028.jpg,1,aigc_modern_midjourney_v6,MidjourneyV6
corpora/midjourney_v6/images/midjourney_v6_000029.jpg,1,aigc_modern_midjourney_v6,MidjourneyV6
corpora/midjourney_v6/images/midjourney_v6_000030.jpg,1,aigc_modern_midjourney_v6,MidjourneyV6
corpora/midjourney_v6/images/midjourney_v6_000031.jpg,1,aigc_modern_midjourney_v6,MidjourneyV6
corpora/midjourney_v6/images/midjourney_v6_000032.jpg,1,aigc_modern_midjourney_v6,MidjourneyV6
corpora/midjourney_v6/images/midjourney_v6_000033.jpg,1,aigc_modern_midjourney_v6,MidjourneyV6
corpora/midjourney_v6/images/midjourney_v6_000034.jpg,1,aigc_modern_midjourney_v6,MidjourneyV6
corpora/midjourney_v6/images/midjourney_v6_000035.jpg,1,aigc_modern_midjourney_v6,MidjourneyV6
corpora/midjourney_v6/images/midjourney_v6_000036.jpg,1,aigc_modern_midjourney_v6,MidjourneyV6
corpora/midjourney_v6/images/midjourney_v6_000037.jpg,1,aigc_modern_midjourney_v6,MidjourneyV6
corpora/midjourney_v6/images/midjourney_v6_000038.jpg,1,aigc_modern_midjourney_v6,MidjourneyV6
corpora/midjourney_v6/images/midjourney_v6_000039.jpg,1,aigc_modern_midjourney_v6,MidjourneyV6
corpora/midjourney_v6/images/midjourney_v6_000040.jpg,1,aigc_modern_midjourney_v6,MidjourneyV6
corpora/midjourney_v6/images/midjourney_v6_000041.jpg,1,aigc_modern_midjourney_v6,MidjourneyV6
corpora/midjourney_v6/images/midjourney_v6_000042.jpg,1,aigc_modern_midjourney_v6,MidjourneyV6
corpora/midjourney_v6/images/midjourney_v6_000043.jpg,1,aigc_modern_midjourney_v6,MidjourneyV6
corpora/midjourney_v6/images/midjourney_v6_000044.jpg,1,aigc_modern_midjourney_v6,MidjourneyV6
corpora/midjourney_v6/images/midjourney_v6_000045.jpg,1,aigc_modern_midjourney_v6,MidjourneyV6
corpora/midjourney_v6/images/midjourney_v6_000046.jpg,1,aigc_modern_midjourney_v6,MidjourneyV6
corpora/midjourney_v6/images/midjourney_v6_000047.jpg,1,aigc_modern_midjourney_v6,MidjourneyV6
corpora/midjourney_v6/images/midjourney_v6_000048.jpg,1,aigc_modern_midjourney_v6,MidjourneyV6
corpora/midjourney_v6/images/midjourney_v6_000049.jpg,1,aigc_modern_midjourney_v6,MidjourneyV6
corpora/midjourney_v6/images/midjourney_v6_000050.jpg,1,aigc_modern_midjourney_v6,MidjourneyV6
corpora/midjourney_v6/images/midjourney_v6_000051.jpg,1,aigc_modern_midjourney_v6,MidjourneyV6
corpora/midjourney_v6/images/midjourney_v6_000052.jpg,1,aigc_modern_midjourney_v6,MidjourneyV6
corpora/midjourney_v6/images/midjourney_v6_000053.jpg,1,aigc_modern_midjourney_v6,MidjourneyV6
corpora/midjourney_v6/images/midjourney_v6_000054.jpg,1,aigc_modern_midjourney_v6,MidjourneyV6
corpora/midjourney_v6/images/midjourney_v6_000055.jpg,1,aigc_modern_midjourney_v6,MidjourneyV6
corpora/midjourney_v6/images/midjourney_v6_000056.jpg,1,aigc_modern_midjourney_v6,MidjourneyV6
corpora/midjourney_v6/images/midjourney_v6_000057.jpg,1,aigc_modern_midjourney_v6,MidjourneyV6
corpora/midjourney_v6/images/midjourney_v6_000058.jpg,1,aigc_modern_midjourney_v6,MidjourneyV6
corpora/midjourney_v6/images/midjourney_v6_000059.jpg,1,aigc_modern_midjourney_v6,MidjourneyV6
corpora/midjourney_v6/images/midjourney_v6_000060.jpg,1,aigc_modern_midjourney_v6,MidjourneyV6
corpora/midjourney_v6/images/midjourney_v6_000061.jpg,1,aigc_modern_midjourney_v6,MidjourneyV6
corpora/midjourney_v6/images/midjourney_v6_000062.jpg,1,aigc_modern_midjourney_v6,MidjourneyV6
corpora/midjourney_v6/images/midjourney_v6_000063.jpg,1,aigc_modern_midjourney_v6,MidjourneyV6
corpora/midjourney_v6/images/midjourney_v6_000064.jpg,1,aigc_modern_midjourney_v6,MidjourneyV6
corpora/midjourney_v6/images/midjourney_v6_000065.jpg,1,aigc_modern_midjourney_v6,MidjourneyV6
corpora/midjourney_v6/images/midjourney_v6_000066.jpg,1,aigc_modern_midjourney_v6,MidjourneyV6
corpora/midjourney_v6/images/midjourney_v6_000067.jpg,1,aigc_modern_midjourney_v6,MidjourneyV6
corpora/midjourney_v6/images/midjourney_v6_000068.jpg,1,aigc_modern_midjourney_v6,MidjourneyV6
corpora/midjourney_v6/images/midjourney_v6_000069.jpg,1,aigc_modern_midjourney_v6,MidjourneyV6
corpora/midjourney_v6/images/midjourney_v6_000070.jpg,1,aigc_modern_midjourney_v6,MidjourneyV6
corpora/midjourney_v6/images/midjourney_v6_000071.jpg,1,aigc_modern_midjourney_v6,MidjourneyV6
corpora/midjourney_v6/images/midjourney_v6_000072.jpg,1,aigc_modern_midjourney_v6,MidjourneyV6
corpora/midjourney_v6/images/midjourney_v6_000073.jpg,1,aigc_modern_midjourney_v6,MidjourneyV6
corpora/midjourney_v6/images/midjourney_v6_000074.jpg,1,aigc_modern_midjourney_v6,MidjourneyV6
corpora/midjourney_v6/images/midjourney_v6_000075.jpg,1,aigc_modern_midjourney_v6,MidjourneyV6
corpora/midjourney_v6/images/midjourney_v6_000076.jpg,1,aigc_modern_midjourney_v6,MidjourneyV6
corpora/midjourney_v6/images/midjourney_v6_000077.jpg,1,aigc_modern_midjourney_v6,MidjourneyV6
corpora/midjourney_v6/images/midjourney_v6_000078.jpg,1,aigc_modern_midjourney_v6,MidjourneyV6
corpora/midjourney_v6/images/midjourney_v6_000079.jpg,1,aigc_modern_midjourney_v6,MidjourneyV6
corpora/midjourney_v6/images/midjourney_v6_000080.jpg,1,aigc_modern_midjourney_v6,MidjourneyV6
corpora/midjourney_v6/images/midjourney_v6_000081.jpg,1,aigc_modern_midjourney_v6,MidjourneyV6
corpora/midjourney_v6/images/midjourney_v6_000082.jpg,1,aigc_modern_midjourney_v6,MidjourneyV6
corpora/midjourney_v6/images/midjourney_v6_000083.jpg,1,aigc_modern_midjourney_v6,MidjourneyV6
corpora/midjourney_v6/images/midjourney_v6_000084.jpg,1,aigc_modern_midjourney_v6,MidjourneyV6
corpora/midjourney_v6/images/midjourney_v6_000085.jpg,1,aigc_modern_midjourney_v6,MidjourneyV6
corpora/midjourney_v6/images/midjourney_v6_000086.jpg,1,aigc_modern_midjourney_v6,MidjourneyV6
corpora/midjourney_v6/images/midjourney_v6_000087.jpg,1,aigc_modern_midjourney_v6,MidjourneyV6
corpora/midjourney_v6/images/midjourney_v6_000088.jpg,1,aigc_modern_midjourney_v6,MidjourneyV6
corpora/midjourney_v6/images/midjourney_v6_000089.jpg,1,aigc_modern_midjourney_v6,MidjourneyV6
corpora/midjourney_v6/images/midjourney_v6_000090.jpg,1,aigc_modern_midjourney_v6,MidjourneyV6
corpora/midjourney_v6/images/midjourney_v6_000091.jpg,1,aigc_modern_midjourney_v6,MidjourneyV6
corpora/midjourney_v6/images/midjourney_v6_000092.jpg,1,aigc_modern_midjourney_v6,MidjourneyV6
corpora/midjourney_v6/images/midjourney_v6_000093.jpg,1,aigc_modern_midjourney_v6,MidjourneyV6
corpora/midjourney_v6/images/midjourney_v6_000094.jpg,1,aigc_modern_midjourney_v6,MidjourneyV6
corpora/midjourney_v6/images/midjourney_v6_000095.jpg,1,aigc_modern_midjourney_v6,MidjourneyV6
corpora/midjourney_v6/images/midjourney_v6_000096.jpg,1,aigc_modern_midjourney_v6,MidjourneyV6
corpora/midjourney_v6/images/midjourney_v6_000097.jpg,1,aigc_modern_midjourney_v6,MidjourneyV6
corpora/midjourney_v6/images/midjourney_v6_000098.jpg,1,aigc_modern_midjourney_v6,MidjourneyV6
corpora/midjourney_v6/images/midjourney_v6_000099.jpg,1,aigc_modern_midjourney_v6,MidjourneyV6
corpora/midjourney_v6/images/midjourney_v6_000100.jpg,1,aigc_modern_midjourney_v6,MidjourneyV6
corpora/midjourney_v6/images/midjourney_v6_000101.jpg,1,aigc_modern_midjourney_v6,MidjourneyV6
corpora/midjourney_v6/images/midjourney_v6_000102.jpg,1,aigc_modern_midjourney_v6,MidjourneyV6
corpora/midjourney_v6/images/midjourney_v6_000103.jpg,1,aigc_modern_midjourney_v6,MidjourneyV6
corpora/midjourney_v6/images/midjourney_v6_000104.jpg,1,aigc_modern_midjourney_v6,MidjourneyV6
corpora/midjourney_v6/images/midjourney_v6_000105.jpg,1,aigc_modern_midjourney_v6,MidjourneyV6
corpora/midjourney_v6/images/midjourney_v6_000106.jpg,1,aigc_modern_midjourney_v6,MidjourneyV6
corpora/midjourney_v6/images/midjourney_v6_000107.jpg,1,aigc_modern_midjourney_v6,MidjourneyV6
corpora/midjourney_v6/images/midjourney_v6_000108.jpg,1,aigc_modern_midjourney_v6,MidjourneyV6
corpora/midjourney_v6/images/midjourney_v6_000109.jpg,1,aigc_modern_midjourney_v6,MidjourneyV6
corpora/midjourney_v6/images/midjourney_v6_000110.jpg,1,aigc_modern_midjourney_v6,MidjourneyV6
corpora/midjourney_v6/images/midjourney_v6_000111.jpg,1,aigc_modern_midjourney_v6,MidjourneyV6
corpora/midjourney_v6/images/midjourney_v6_000112.jpg,1,aigc_modern_midjourney_v6,MidjourneyV6
corpora/midjourney_v6/images/midjourney_v6_000113.jpg,1,aigc_modern_midjourney_v6,MidjourneyV6
corpora/midjourney_v6/images/midjourney_v6_000114.jpg,1,aigc_modern_midjourney_v6,MidjourneyV6
corpora/midjourney_v6/images/midjourney_v6_000115.jpg,1,aigc_modern_midjourney_v6,MidjourneyV6
corpora/midjourney_v6/images/midjourney_v6_000116.jpg,1,aigc_modern_midjourney_v6,MidjourneyV6
corpora/midjourney_v6/images/midjourney_v6_000117.jpg,1,aigc_modern_midjourney_v6,MidjourneyV6
corpora/midjourney_v6/images/midjourney_v6_000118.jpg,1,aigc_modern_midjourney_v6,MidjourneyV6
corpora/midjourney_v6/images/midjourney_v6_000119.jpg,1,aigc_modern_midjourney_v6,MidjourneyV6
corpora/midjourney_v6/images/midjourney_v6_000120.jpg,1,aigc_modern_midjourney_v6,MidjourneyV6
corpora/midjourney_v6/images/midjourney_v6_000121.jpg,1,aigc_modern_midjourney_v6,MidjourneyV6
corpora/midjourney_v6/images/midjourney_v6_000122.jpg,1,aigc_modern_midjourney_v6,MidjourneyV6
corpora/midjourney_v6/images/midjourney_v6_000123.jpg,1,aigc_modern_midjourney_v6,MidjourneyV6
corpora/midjourney_v6/images/midjourney_v6_000124.jpg,1,aigc_modern_midjourney_v6,MidjourneyV6
corpora/midjourney_v6/images/midjourney_v6_000125.jpg,1,aigc_modern_midjourney_v6,MidjourneyV6
corpora/midjourney_v6/images/midjourney_v6_000126.jpg,1,aigc_modern_midjourney_v6,MidjourneyV6
corpora/midjourney_v6/images/midjourney_v6_000127.jpg,1,aigc_modern_midjourney_v6,MidjourneyV6
corpora/midjourney_v6/images/midjourney_v6_000128.jpg,1,aigc_modern_midjourney_v6,MidjourneyV6
corpora/midjourney_v6/images/midjourney_v6_000129.jpg,1,aigc_modern_midjourney_v6,MidjourneyV6
corpora/midjourney_v6/images/midjourney_v6_000130.jpg,1,aigc_modern_midjourney_v6,MidjourneyV6
corpora/midjourney_v6/images/midjourney_v6_000131.jpg,1,aigc_modern_midjourney_v6,MidjourneyV6
corpora/midjourney_v6/images/midjourney_v6_000132.jpg,1,aigc_modern_midjourney_v6,MidjourneyV6
corpora/midjourney_v6/images/midjourney_v6_000133.jpg,1,aigc_modern_midjourney_v6,MidjourneyV6
corpora/midjourney_v6/images/midjourney_v6_000134.jpg,1,aigc_modern_midjourney_v6,MidjourneyV6
corpora/midjourney_v6/images/midjourney_v6_000135.jpg,1,aigc_modern_midjourney_v6,MidjourneyV6
corpora/midjourney_v6/images/midjourney_v6_000136.jpg,1,aigc_modern_midjourney_v6,MidjourneyV6
corpora/midjourney_v6/images/midjourney_v6_000137.jpg,1,aigc_modern_midjourney_v6,MidjourneyV6
corpora/midjourney_v6/images/midjourney_v6_000138.jpg,1,aigc_modern_midjourney_v6,MidjourneyV6
corpora/midjourney_v6/images/midjourney_v6_000139.jpg,1,aigc_modern_midjourney_v6,MidjourneyV6
corpora/midjourney_v6/images/midjourney_v6_000140.jpg,1,aigc_modern_midjourney_v6,MidjourneyV6
corpora/midjourney_v6/images/midjourney_v6_000141.jpg,1,aigc_modern_midjourney_v6,MidjourneyV6
corpora/midjourney_v6/images/midjourney_v6_000142.jpg,1,aigc_modern_midjourney_v6,MidjourneyV6
corpora/midjourney_v6/images/midjourney_v6_000143.jpg,1,aigc_modern_midjourney_v6,MidjourneyV6
corpora/midjourney_v6/images/midjourney_v6_000144.jpg,1,aigc_modern_midjourney_v6,MidjourneyV6
corpora/midjourney_v6/images/midjourney_v6_000145.jpg,1,aigc_modern_midjourney_v6,MidjourneyV6
corpora/midjourney_v6/images/midjourney_v6_000146.jpg,1,aigc_modern_midjourney_v6,MidjourneyV6
corpora/midjourney_v6/images/midjourney_v6_000147.jpg,1,aigc_modern_midjourney_v6,MidjourneyV6
corpora/midjourney_v6/images/midjourney_v6_000148.jpg,1,aigc_modern_midjourney_v6,MidjourneyV6
corpora/midjourney_v6/images/midjourney_v6_000149.jpg,1,aigc_modern_midjourney_v6,MidjourneyV6
corpora/midjourney_v6/images/midjourney_v6_000150.jpg,1,aigc_modern_midjourney_v6,MidjourneyV6
corpora/midjourney_v6/images/midjourney_v6_000151.jpg,1,aigc_modern_midjourney_v6,MidjourneyV6
corpora/midjourney_v6/images/midjourney_v6_000152.jpg,1,aigc_modern_midjourney_v6,MidjourneyV6
corpora/midjourney_v6/images/midjourney_v6_000153.jpg,1,aigc_modern_midjourney_v6,MidjourneyV6
corpora/midjourney_v6/images/midjourney_v6_000154.jpg,1,aigc_modern_midjourney_v6,MidjourneyV6
corpora/midjourney_v6/images/midjourney_v6_000155.jpg,1,aigc_modern_midjourney_v6,MidjourneyV6
corpora/midjourney_v6/images/midjourney_v6_000156.jpg,1,aigc_modern_midjourney_v6,MidjourneyV6
corpora/midjourney_v6/images/midjourney_v6_000157.jpg,1,aigc_modern_midjourney_v6,MidjourneyV6
corpora/midjourney_v6/images/midjourney_v6_000158.jpg,1,aigc_modern_midjourney_v6,MidjourneyV6
corpora/midjourney_v6/images/midjourney_v6_000159.jpg,1,aigc_modern_midjourney_v6,MidjourneyV6
corpora/midjourney_v6/images/midjourney_v6_000160.jpg,1,aigc_modern_midjourney_v6,MidjourneyV6
corpora/midjourney_v6/images/midjourney_v6_000161.jpg,1,aigc_modern_midjourney_v6,MidjourneyV6
corpora/midjourney_v6/images/midjourney_v6_000162.jpg,1,aigc_modern_midjourney_v6,MidjourneyV6
corpora/midjourney_v6/images/midjourney_v6_000163.jpg,1,aigc_modern_midjourney_v6,MidjourneyV6
corpora/midjourney_v6/images/midjourney_v6_000164.jpg,1,aigc_modern_midjourney_v6,MidjourneyV6
corpora/midjourney_v6/images/midjourney_v6_000165.jpg,1,aigc_modern_midjourney_v6,MidjourneyV6
corpora/midjourney_v6/images/midjourney_v6_000166.jpg,1,aigc_modern_midjourney_v6,MidjourneyV6
corpora/midjourney_v6/images/midjourney_v6_000167.jpg,1,aigc_modern_midjourney_v6,MidjourneyV6
corpora/midjourney_v6/images/midjourney_v6_000168.jpg,1,aigc_modern_midjourney_v6,MidjourneyV6
corpora/midjourney_v6/images/midjourney_v6_000169.jpg,1,aigc_modern_midjourney_v6,MidjourneyV6
corpora/midjourney_v6/images/midjourney_v6_000170.jpg,1,aigc_modern_midjourney_v6,MidjourneyV6
corpora/midjourney_v6/images/midjourney_v6_000171.jpg,1,aigc_modern_midjourney_v6,MidjourneyV6
corpora/midjourney_v6/images/midjourney_v6_000172.jpg,1,aigc_modern_midjourney_v6,MidjourneyV6
corpora/midjourney_v6/images/midjourney_v6_000173.jpg,1,aigc_modern_midjourney_v6,MidjourneyV6
corpora/midjourney_v6/images/midjourney_v6_000174.jpg,1,aigc_modern_midjourney_v6,MidjourneyV6
corpora/midjourney_v6/images/midjourney_v6_000175.jpg,1,aigc_modern_midjourney_v6,MidjourneyV6
corpora/midjourney_v6/images/midjourney_v6_000176.jpg,1,aigc_modern_midjourney_v6,MidjourneyV6
corpora/midjourney_v6/images/midjourney_v6_000177.jpg,1,aigc_modern_midjourney_v6,MidjourneyV6
corpora/midjourney_v6/images/midjourney_v6_000178.jpg,1,aigc_modern_midjourney_v6,MidjourneyV6
corpora/midjourney_v6/images/midjourney_v6_000179.jpg,1,aigc_modern_midjourney_v6,MidjourneyV6
corpora/midjourney_v6/images/midjourney_v6_000180.jpg,1,aigc_modern_midjourney_v6,MidjourneyV6
corpora/midjourney_v6/images/midjourney_v6_000181.jpg,1,aigc_modern_midjourney_v6,MidjourneyV6
corpora/midjourney_v6/images/midjourney_v6_000182.jpg,1,aigc_modern_midjourney_v6,MidjourneyV6
corpora/midjourney_v6/images/midjourney_v6_000183.jpg,1,aigc_modern_midjourney_v6,MidjourneyV6
corpora/midjourney_v6/images/midjourney_v6_000184.jpg,1,aigc_modern_midjourney_v6,MidjourneyV6
corpora/midjourney_v6/images/midjourney_v6_000185.jpg,1,aigc_modern_midjourney_v6,MidjourneyV6
corpora/midjourney_v6/images/midjourney_v6_000186.jpg,1,aigc_modern_midjourney_v6,MidjourneyV6
corpora/midjourney_v6/images/midjourney_v6_000187.jpg,1,aigc_modern_midjourney_v6,MidjourneyV6
corpora/midjourney_v6/images/midjourney_v6_000188.jpg,1,aigc_modern_midjourney_v6,MidjourneyV6
corpora/midjourney_v6/images/midjourney_v6_000189.jpg,1,aigc_modern_midjourney_v6,MidjourneyV6
corpora/midjourney_v6/images/midjourney_v6_000190.jpg,1,aigc_modern_midjourney_v6,MidjourneyV6
corpora/midjourney_v6/images/midjourney_v6_000191.jpg,1,aigc_modern_midjourney_v6,MidjourneyV6
corpora/midjourney_v6/images/midjourney_v6_000192.jpg,1,aigc_modern_midjourney_v6,MidjourneyV6
corpora/midjourney_v6/images/midjourney_v6_000193.jpg,1,aigc_modern_midjourney_v6,MidjourneyV6
corpora/midjourney_v6/images/midjourney_v6_000194.jpg,1,aigc_modern_midjourney_v6,MidjourneyV6
corpora/midjourney_v6/images/midjourney_v6_000195.jpg,1,aigc_modern_midjourney_v6,MidjourneyV6
corpora/midjourney_v6/images/midjourney_v6_000196.jpg,1,aigc_modern_midjourney_v6,MidjourneyV6
corpora/midjourney_v6/images/midjourney_v6_000197.jpg,1,aigc_modern_midjourney_v6,MidjourneyV6
corpora/midjourney_v6/images/midjourney_v6_000198.jpg,1,aigc_modern_midjourney_v6,MidjourneyV6
corpora/midjourney_v6/images/midjourney_v6_000199.jpg,1,aigc_modern_midjourney_v6,MidjourneyV6
corpora/midjourney_v6/images/midjourney_v6_000200.jpg,1,aigc_modern_midjourney_v6,MidjourneyV6
corpora/midjourney_v6/images/midjourney_v6_000201.jpg,1,aigc_modern_midjourney_v6,MidjourneyV6
corpora/midjourney_v6/images/midjourney_v6_000202.jpg,1,aigc_modern_midjourney_v6,MidjourneyV6
corpora/midjourney_v6/images/midjourney_v6_000203.jpg,1,aigc_modern_midjourney_v6,MidjourneyV6
corpora/midjourney_v6/images/midjourney_v6_000204.jpg,1,aigc_modern_midjourney_v6,MidjourneyV6
corpora/midjourney_v6/images/midjourney_v6_000205.jpg,1,aigc_modern_midjourney_v6,MidjourneyV6
corpora/midjourney_v6/images/midjourney_v6_000206.jpg,1,aigc_modern_midjourney_v6,MidjourneyV6
corpora/midjourney_v6/images/midjourney_v6_000207.jpg,1,aigc_modern_midjourney_v6,MidjourneyV6
corpora/midjourney_v6/images/midjourney_v6_000208.jpg,1,aigc_modern_midjourney_v6,MidjourneyV6
corpora/midjourney_v6/images/midjourney_v6_000209.jpg,1,aigc_modern_midjourney_v6,MidjourneyV6
corpora/midjourney_v6/images/midjourney_v6_000210.jpg,1,aigc_modern_midjourney_v6,MidjourneyV6
corpora/midjourney_v6/images/midjourney_v6_000211.jpg,1,aigc_modern_midjourney_v6,MidjourneyV6
corpora/midjourney_v6/images/midjourney_v6_000212.jpg,1,aigc_modern_midjourney_v6,MidjourneyV6
corpora/midjourney_v6/images/midjourney_v6_000213.jpg,1,aigc_modern_midjourney_v6,MidjourneyV6
corpora/midjourney_v6/images/midjourney_v6_000214.jpg,1,aigc_modern_midjourney_v6,MidjourneyV6
corpora/midjourney_v6/images/midjourney_v6_000215.jpg,1,aigc_modern_midjourney_v6,MidjourneyV6
corpora/midjourney_v6/images/midjourney_v6_000216.jpg,1,aigc_modern_midjourney_v6,MidjourneyV6
corpora/midjourney_v6/images/midjourney_v6_000217.jpg,1,aigc_modern_midjourney_v6,MidjourneyV6
corpora/midjourney_v6/images/midjourney_v6_000218.jpg,1,aigc_modern_midjourney_v6,MidjourneyV6
corpora/midjourney_v6/images/midjourney_v6_000219.jpg,1,aigc_modern_midjourney_v6,MidjourneyV6
corpora/midjourney_v6/images/midjourney_v6_000220.jpg,1,aigc_modern_midjourney_v6,MidjourneyV6
corpora/midjourney_v6/images/midjourney_v6_000221.jpg,1,aigc_modern_midjourney_v6,MidjourneyV6
corpora/midjourney_v6/images/midjourney_v6_000222.jpg,1,aigc_modern_midjourney_v6,MidjourneyV6
corpora/midjourney_v6/images/midjourney_v6_000223.jpg,1,aigc_modern_midjourney_v6,MidjourneyV6
corpora/midjourney_v6/images/midjourney_v6_000224.jpg,1,aigc_modern_midjourney_v6,MidjourneyV6
corpora/midjourney_v6/images/midjourney_v6_000225.jpg,1,aigc_modern_midjourney_v6,MidjourneyV6
corpora/midjourney_v6/images/midjourney_v6_000226.jpg,1,aigc_modern_midjourney_v6,MidjourneyV6
corpora/midjourney_v6/images/midjourney_v6_000227.jpg,1,aigc_modern_midjourney_v6,MidjourneyV6
corpora/midjourney_v6/images/midjourney_v6_000228.jpg,1,aigc_modern_midjourney_v6,MidjourneyV6
corpora/midjourney_v6/images/midjourney_v6_000229.jpg,1,aigc_modern_midjourney_v6,MidjourneyV6
corpora/midjourney_v6/images/midjourney_v6_000230.jpg,1,aigc_modern_midjourney_v6,MidjourneyV6
corpora/midjourney_v6/images/midjourney_v6_000231.jpg,1,aigc_modern_midjourney_v6,MidjourneyV6
corpora/midjourney_v6/images/midjourney_v6_000232.jpg,1,aigc_modern_midjourney_v6,MidjourneyV6
corpora/midjourney_v6/images/midjourney_v6_000233.jpg,1,aigc_modern_midjourney_v6,MidjourneyV6
corpora/midjourney_v6/images/midjourney_v6_000234.jpg,1,aigc_modern_midjourney_v6,MidjourneyV6
corpora/midjourney_v6/images/midjourney_v6_000235.jpg,1,aigc_modern_midjourney_v6,MidjourneyV6
corpora/midjourney_v6/images/midjourney_v6_000236.jpg,1,aigc_modern_midjourney_v6,MidjourneyV6
corpora/midjourney_v6/images/midjourney_v6_000237.jpg,1,aigc_modern_midjourney_v6,MidjourneyV6
corpora/midjourney_v6/images/midjourney_v6_000238.jpg,1,aigc_modern_midjourney_v6,MidjourneyV6
corpora/midjourney_v6/images/midjourney_v6_000239.jpg,1,aigc_modern_midjourney_v6,MidjourneyV6
corpora/midjourney_v6/images/midjourney_v6_000240.jpg,1,aigc_modern_midjourney_v6,MidjourneyV6
corpora/midjourney_v6/images/midjourney_v6_000241.jpg,1,aigc_modern_midjourney_v6,MidjourneyV6
corpora/midjourney_v6/images/midjourney_v6_000242.jpg,1,aigc_modern_midjourney_v6,MidjourneyV6
corpora/midjourney_v6/images/midjourney_v6_000243.jpg,1,aigc_modern_midjourney_v6,MidjourneyV6
corpora/midjourney_v6/images/midjourney_v6_000244.jpg,1,aigc_modern_midjourney_v6,MidjourneyV6
corpora/midjourney_v6/images/midjourney_v6_000245.jpg,1,aigc_modern_midjourney_v6,MidjourneyV6
corpora/midjourney_v6/images/midjourney_v6_000246.jpg,1,aigc_modern_midjourney_v6,MidjourneyV6
corpora/midjourney_v6/images/midjourney_v6_000247.jpg,1,aigc_modern_midjourney_v6,MidjourneyV6
corpora/midjourney_v6/images/midjourney_v6_000248.jpg,1,aigc_modern_midjourney_v6,MidjourneyV6
corpora/midjourney_v6/images/midjourney_v6_000249.jpg,1,aigc_modern_midjourney_v6,MidjourneyV6
corpora/midjourney_v6/images/midjourney_v6_000250.jpg,1,aigc_modern_midjourney_v6,MidjourneyV6
corpora/midjourney_v6/images/midjourney_v6_000251.jpg,1,aigc_modern_midjourney_v6,MidjourneyV6
corpora/midjourney_v6/images/midjourney_v6_000252.jpg,1,aigc_modern_midjourney_v6,MidjourneyV6
corpora/midjourney_v6/images/midjourney_v6_000253.jpg,1,aigc_modern_midjourney_v6,MidjourneyV6
corpora/midjourney_v6/images/midjourney_v6_000254.jpg,1,aigc_modern_midjourney_v6,MidjourneyV6
corpora/midjourney_v6/images/midjourney_v6_000255.jpg,1,aigc_modern_midjourney_v6,MidjourneyV6
corpora/midjourney_v6/images/midjourney_v6_000256.jpg,1,aigc_modern_midjourney_v6,MidjourneyV6
corpora/midjourney_v6/images/midjourney_v6_000257.jpg,1,aigc_modern_midjourney_v6,MidjourneyV6
corpora/midjourney_v6/images/midjourney_v6_000258.jpg,1,aigc_modern_midjourney_v6,MidjourneyV6
corpora/midjourney_v6/images/midjourney_v6_000259.jpg,1,aigc_modern_midjourney_v6,MidjourneyV6
corpora/midjourney_v6/images/midjourney_v6_000260.jpg,1,aigc_modern_midjourney_v6,MidjourneyV6
corpora/midjourney_v6/images/midjourney_v6_000261.jpg,1,aigc_modern_midjourney_v6,MidjourneyV6
corpora/midjourney_v6/images/midjourney_v6_000262.jpg,1,aigc_modern_midjourney_v6,MidjourneyV6
corpora/midjourney_v6/images/midjourney_v6_000263.jpg,1,aigc_modern_midjourney_v6,MidjourneyV6
corpora/midjourney_v6/images/midjourney_v6_000264.jpg,1,aigc_modern_midjourney_v6,MidjourneyV6
corpora/midjourney_v6/images/midjourney_v6_000265.jpg,1,aigc_modern_midjourney_v6,MidjourneyV6
corpora/midjourney_v6/images/midjourney_v6_000266.jpg,1,aigc_modern_midjourney_v6,MidjourneyV6
corpora/midjourney_v6/images/midjourney_v6_000267.jpg,1,aigc_modern_midjourney_v6,MidjourneyV6
corpora/midjourney_v6/images/midjourney_v6_000268.jpg,1,aigc_modern_midjourney_v6,MidjourneyV6
corpora/midjourney_v6/images/midjourney_v6_000269.jpg,1,aigc_modern_midjourney_v6,MidjourneyV6
corpora/midjourney_v6/images/midjourney_v6_000270.jpg,1,aigc_modern_midjourney_v6,MidjourneyV6
corpora/midjourney_v6/images/midjourney_v6_000271.jpg,1,aigc_modern_midjourney_v6,MidjourneyV6
corpora/midjourney_v6/images/midjourney_v6_000272.jpg,1,aigc_modern_midjourney_v6,MidjourneyV6
corpora/midjourney_v6/images/midjourney_v6_000273.jpg,1,aigc_modern_midjourney_v6,MidjourneyV6
corpora/midjourney_v6/images/midjourney_v6_000274.jpg,1,aigc_modern_midjourney_v6,MidjourneyV6
corpora/midjourney_v6/images/midjourney_v6_000275.jpg,1,aigc_modern_midjourney_v6,MidjourneyV6
corpora/midjourney_v6/images/midjourney_v6_000276.jpg,1,aigc_modern_midjourney_v6,MidjourneyV6
corpora/midjourney_v6/images/midjourney_v6_000277.jpg,1,aigc_modern_midjourney_v6,MidjourneyV6
corpora/midjourney_v6/images/midjourney_v6_000278.jpg,1,aigc_modern_midjourney_v6,MidjourneyV6
corpora/midjourney_v6/images/midjourney_v6_000279.jpg,1,aigc_modern_midjourney_v6,MidjourneyV6
corpora/midjourney_v6/images/midjourney_v6_000280.jpg,1,aigc_modern_midjourney_v6,MidjourneyV6
corpora/midjourney_v6/images/midjourney_v6_000281.jpg,1,aigc_modern_midjourney_v6,MidjourneyV6
corpora/midjourney_v6/images/midjourney_v6_000282.jpg,1,aigc_modern_midjourney_v6,MidjourneyV6
corpora/midjourney_v6/images/midjourney_v6_000283.jpg,1,aigc_modern_midjourney_v6,MidjourneyV6
corpora/midjourney_v6/images/midjourney_v6_000284.jpg,1,aigc_modern_midjourney_v6,MidjourneyV6
corpora/midjourney_v6/images/midjourney_v6_000285.jpg,1,aigc_modern_midjourney_v6,MidjourneyV6
corpora/midjourney_v6/images/midjourney_v6_000286.jpg,1,aigc_modern_midjourney_v6,MidjourneyV6
corpora/midjourney_v6/images/midjourney_v6_000287.jpg,1,aigc_modern_midjourney_v6,MidjourneyV6
corpora/midjourney_v6/images/midjourney_v6_000288.jpg,1,aigc_modern_midjourney_v6,MidjourneyV6
corpora/midjourney_v6/images/midjourney_v6_000289.jpg,1,aigc_modern_midjourney_v6,MidjourneyV6
corpora/midjourney_v6/images/midjourney_v6_000290.jpg,1,aigc_modern_midjourney_v6,MidjourneyV6
corpora/midjourney_v6/images/midjourney_v6_000291.jpg,1,aigc_modern_midjourney_v6,MidjourneyV6
corpora/midjourney_v6/images/midjourney_v6_000292.jpg,1,aigc_modern_midjourney_v6,MidjourneyV6
corpora/midjourney_v6/images/midjourney_v6_000293.jpg,1,aigc_modern_midjourney_v6,MidjourneyV6
corpora/midjourney_v6/images/midjourney_v6_000294.jpg,1,aigc_modern_midjourney_v6,MidjourneyV6
corpora/midjourney_v6/images/midjourney_v6_000295.jpg,1,aigc_modern_midjourney_v6,MidjourneyV6
corpora/midjourney_v6/images/midjourney_v6_000296.jpg,1,aigc_modern_midjourney_v6,MidjourneyV6
corpora/midjourney_v6/images/midjourney_v6_000297.jpg,1,aigc_modern_midjourney_v6,MidjourneyV6
corpora/midjourney_v6/images/midjourney_v6_000298.jpg,1,aigc_modern_midjourney_v6,MidjourneyV6
corpora/midjourney_v6/images/midjourney_v6_000299.jpg,1,aigc_modern_midjourney_v6,MidjourneyV6
corpora/midjourney_v6/images/midjourney_v6_000300.jpg,1,aigc_modern_midjourney_v6,MidjourneyV6
corpora/midjourney_v6/images/midjourney_v6_000301.jpg,1,aigc_modern_midjourney_v6,MidjourneyV6
corpora/midjourney_v6/images/midjourney_v6_000302.jpg,1,aigc_modern_midjourney_v6,MidjourneyV6
corpora/midjourney_v6/images/midjourney_v6_000303.jpg,1,aigc_modern_midjourney_v6,MidjourneyV6
corpora/midjourney_v6/images/midjourney_v6_000304.jpg,1,aigc_modern_midjourney_v6,MidjourneyV6
corpora/midjourney_v6/images/midjourney_v6_000305.jpg,1,aigc_modern_midjourney_v6,MidjourneyV6
corpora/midjourney_v6/images/midjourney_v6_000306.jpg,1,aigc_modern_midjourney_v6,MidjourneyV6
corpora/midjourney_v6/images/midjourney_v6_000307.jpg,1,aigc_modern_midjourney_v6,MidjourneyV6
corpora/midjourney_v6/images/midjourney_v6_000308.jpg,1,aigc_modern_midjourney_v6,MidjourneyV6
corpora/midjourney_v6/images/midjourney_v6_000309.jpg,1,aigc_modern_midjourney_v6,MidjourneyV6
corpora/midjourney_v6/images/midjourney_v6_000310.jpg,1,aigc_modern_midjourney_v6,MidjourneyV6
corpora/midjourney_v6/images/midjourney_v6_000311.jpg,1,aigc_modern_midjourney_v6,MidjourneyV6
corpora/midjourney_v6/images/midjourney_v6_000312.jpg,1,aigc_modern_midjourney_v6,MidjourneyV6
corpora/midjourney_v6/images/midjourney_v6_000313.jpg,1,aigc_modern_midjourney_v6,MidjourneyV6
corpora/midjourney_v6/images/midjourney_v6_000314.jpg,1,aigc_modern_midjourney_v6,MidjourneyV6
corpora/midjourney_v6/images/midjourney_v6_000315.jpg,1,aigc_modern_midjourney_v6,MidjourneyV6
corpora/midjourney_v6/images/midjourney_v6_000316.jpg,1,aigc_modern_midjourney_v6,MidjourneyV6
corpora/midjourney_v6/images/midjourney_v6_000317.jpg,1,aigc_modern_midjourney_v6,MidjourneyV6
corpora/midjourney_v6/images/midjourney_v6_000318.jpg,1,aigc_modern_midjourney_v6,MidjourneyV6
corpora/midjourney_v6/images/midjourney_v6_000319.jpg,1,aigc_modern_midjourney_v6,MidjourneyV6
corpora/midjourney_v6/images/midjourney_v6_000320.jpg,1,aigc_modern_midjourney_v6,MidjourneyV6
corpora/midjourney_v6/images/midjourney_v6_000321.jpg,1,aigc_modern_midjourney_v6,MidjourneyV6
corpora/midjourney_v6/images/midjourney_v6_000322.jpg,1,aigc_modern_midjourney_v6,MidjourneyV6
corpora/midjourney_v6/images/midjourney_v6_000323.jpg,1,aigc_modern_midjourney_v6,MidjourneyV6
corpora/midjourney_v6/images/midjourney_v6_000324.jpg,1,aigc_modern_midjourney_v6,MidjourneyV6
corpora/midjourney_v6/images/midjourney_v6_000325.jpg,1,aigc_modern_midjourney_v6,MidjourneyV6
corpora/midjourney_v6/images/midjourney_v6_000326.jpg,1,aigc_modern_midjourney_v6,MidjourneyV6
corpora/midjourney_v6/images/midjourney_v6_000327.jpg,1,aigc_modern_midjourney_v6,MidjourneyV6
corpora/midjourney_v6/images/midjourney_v6_000328.jpg,1,aigc_modern_midjourney_v6,MidjourneyV6
corpora/midjourney_v6/images/midjourney_v6_000329.jpg,1,aigc_modern_midjourney_v6,MidjourneyV6
corpora/midjourney_v6/images/midjourney_v6_000330.jpg,1,aigc_modern_midjourney_v6,MidjourneyV6
corpora/midjourney_v6/images/midjourney_v6_000331.jpg,1,aigc_modern_midjourney_v6,MidjourneyV6
corpora/midjourney_v6/images/midjourney_v6_000332.jpg,1,aigc_modern_midjourney_v6,MidjourneyV6
corpora/midjourney_v6/images/midjourney_v6_000333.jpg,1,aigc_modern_midjourney_v6,MidjourneyV6
corpora/midjourney_v6/images/midjourney_v6_000334.jpg,1,aigc_modern_midjourney_v6,MidjourneyV6
corpora/midjourney_v6/images/midjourney_v6_000335.jpg,1,aigc_modern_midjourney_v6,MidjourneyV6
corpora/midjourney_v6/images/midjourney_v6_000336.jpg,1,aigc_modern_midjourney_v6,MidjourneyV6
corpora/midjourney_v6/images/midjourney_v6_000337.jpg,1,aigc_modern_midjourney_v6,MidjourneyV6
corpora/midjourney_v6/images/midjourney_v6_000338.jpg,1,aigc_modern_midjourney_v6,MidjourneyV6
corpora/midjourney_v6/images/midjourney_v6_000339.jpg,1,aigc_modern_midjourney_v6,MidjourneyV6
corpora/midjourney_v6/images/midjourney_v6_000340.jpg,1,aigc_modern_midjourney_v6,MidjourneyV6
corpora/midjourney_v6/images/midjourney_v6_000341.jpg,1,aigc_modern_midjourney_v6,MidjourneyV6
corpora/midjourney_v6/images/midjourney_v6_000342.jpg,1,aigc_modern_midjourney_v6,MidjourneyV6
corpora/midjourney_v6/images/midjourney_v6_000343.jpg,1,aigc_modern_midjourney_v6,MidjourneyV6
corpora/midjourney_v6/images/midjourney_v6_000344.jpg,1,aigc_modern_midjourney_v6,MidjourneyV6
corpora/midjourney_v6/images/midjourney_v6_000345.jpg,1,aigc_modern_midjourney_v6,MidjourneyV6
corpora/midjourney_v6/images/midjourney_v6_000346.jpg,1,aigc_modern_midjourney_v6,MidjourneyV6
corpora/midjourney_v6/images/midjourney_v6_000347.jpg,1,aigc_modern_midjourney_v6,MidjourneyV6
corpora/midjourney_v6/images/midjourney_v6_000348.jpg,1,aigc_modern_midjourney_v6,MidjourneyV6
corpora/midjourney_v6/images/midjourney_v6_000349.jpg,1,aigc_modern_midjourney_v6,MidjourneyV6
corpora/midjourney_v6/images/midjourney_v6_000350.jpg,1,aigc_modern_midjourney_v6,MidjourneyV6
corpora/midjourney_v6/images/midjourney_v6_000351.jpg,1,aigc_modern_midjourney_v6,MidjourneyV6
corpora/midjourney_v6/images/midjourney_v6_000352.jpg,1,aigc_modern_midjourney_v6,MidjourneyV6
corpora/midjourney_v6/images/midjourney_v6_000353.jpg,1,aigc_modern_midjourney_v6,MidjourneyV6
corpora/midjourney_v6/images/midjourney_v6_000354.jpg,1,aigc_modern_midjourney_v6,MidjourneyV6
corpora/midjourney_v6/images/midjourney_v6_000355.jpg,1,aigc_modern_midjourney_v6,MidjourneyV6
corpora/midjourney_v6/images/midjourney_v6_000356.jpg,1,aigc_modern_midjourney_v6,MidjourneyV6
corpora/midjourney_v6/images/midjourney_v6_000357.jpg,1,aigc_modern_midjourney_v6,MidjourneyV6
corpora/midjourney_v6/images/midjourney_v6_000358.jpg,1,aigc_modern_midjourney_v6,MidjourneyV6
corpora/midjourney_v6/images/midjourney_v6_000359.jpg,1,aigc_modern_midjourney_v6,MidjourneyV6
corpora/midjourney_v6/images/midjourney_v6_000360.jpg,1,aigc_modern_midjourney_v6,MidjourneyV6
corpora/midjourney_v6/images/midjourney_v6_000361.jpg,1,aigc_modern_midjourney_v6,MidjourneyV6
corpora/midjourney_v6/images/midjourney_v6_000362.jpg,1,aigc_modern_midjourney_v6,MidjourneyV6
corpora/midjourney_v6/images/midjourney_v6_000363.jpg,1,aigc_modern_midjourney_v6,MidjourneyV6
corpora/midjourney_v6/images/midjourney_v6_000364.jpg,1,aigc_modern_midjourney_v6,MidjourneyV6
corpora/midjourney_v6/images/midjourney_v6_000365.jpg,1,aigc_modern_midjourney_v6,MidjourneyV6
corpora/midjourney_v6/images/midjourney_v6_000366.jpg,1,aigc_modern_midjourney_v6,MidjourneyV6
corpora/midjourney_v6/images/midjourney_v6_000367.jpg,1,aigc_modern_midjourney_v6,MidjourneyV6
corpora/midjourney_v6/images/midjourney_v6_000368.jpg,1,aigc_modern_midjourney_v6,MidjourneyV6
corpora/midjourney_v6/images/midjourney_v6_000369.jpg,1,aigc_modern_midjourney_v6,MidjourneyV6
corpora/midjourney_v6/images/midjourney_v6_000370.jpg,1,aigc_modern_midjourney_v6,MidjourneyV6
corpora/midjourney_v6/images/midjourney_v6_000371.jpg,1,aigc_modern_midjourney_v6,MidjourneyV6
corpora/midjourney_v6/images/midjourney_v6_000372.jpg,1,aigc_modern_midjourney_v6,MidjourneyV6
corpora/midjourney_v6/images/midjourney_v6_000373.jpg,1,aigc_modern_midjourney_v6,MidjourneyV6
corpora/midjourney_v6/images/midjourney_v6_000374.jpg,1,aigc_modern_midjourney_v6,MidjourneyV6
corpora/midjourney_v6/images/midjourney_v6_000375.jpg,1,aigc_modern_midjourney_v6,MidjourneyV6
corpora/midjourney_v6/images/midjourney_v6_000376.jpg,1,aigc_modern_midjourney_v6,MidjourneyV6
corpora/midjourney_v6/images/midjourney_v6_000377.jpg,1,aigc_modern_midjourney_v6,MidjourneyV6
corpora/midjourney_v6/images/midjourney_v6_000378.jpg,1,aigc_modern_midjourney_v6,MidjourneyV6
corpora/midjourney_v6/images/midjourney_v6_000379.jpg,1,aigc_modern_midjourney_v6,MidjourneyV6
corpora/midjourney_v6/images/midjourney_v6_000380.jpg,1,aigc_modern_midjourney_v6,MidjourneyV6
corpora/midjourney_v6/images/midjourney_v6_000381.jpg,1,aigc_modern_midjourney_v6,MidjourneyV6
corpora/midjourney_v6/images/midjourney_v6_000382.jpg,1,aigc_modern_midjourney_v6,MidjourneyV6
corpora/midjourney_v6/images/midjourney_v6_000383.jpg,1,aigc_modern_midjourney_v6,MidjourneyV6
corpora/midjourney_v6/images/midjourney_v6_000384.jpg,1,aigc_modern_midjourney_v6,MidjourneyV6
corpora/midjourney_v6/images/midjourney_v6_000385.jpg,1,aigc_modern_midjourney_v6,MidjourneyV6
corpora/midjourney_v6/images/midjourney_v6_000386.jpg,1,aigc_modern_midjourney_v6,MidjourneyV6
corpora/midjourney_v6/images/midjourney_v6_000387.jpg,1,aigc_modern_midjourney_v6,MidjourneyV6
corpora/midjourney_v6/images/midjourney_v6_000388.jpg,1,aigc_modern_midjourney_v6,MidjourneyV6
corpora/midjourney_v6/images/midjourney_v6_000389.jpg,1,aigc_modern_midjourney_v6,MidjourneyV6
corpora/midjourney_v6/images/midjourney_v6_000390.jpg,1,aigc_modern_midjourney_v6,MidjourneyV6
corpora/midjourney_v6/images/midjourney_v6_000391.jpg,1,aigc_modern_midjourney_v6,MidjourneyV6
corpora/midjourney_v6/images/midjourney_v6_000392.jpg,1,aigc_modern_midjourney_v6,MidjourneyV6
corpora/midjourney_v6/images/midjourney_v6_000393.jpg,1,aigc_modern_midjourney_v6,MidjourneyV6
corpora/midjourney_v6/images/midjourney_v6_000394.jpg,1,aigc_modern_midjourney_v6,MidjourneyV6
corpora/midjourney_v6/images/midjourney_v6_000395.jpg,1,aigc_modern_midjourney_v6,MidjourneyV6
corpora/midjourney_v6/images/midjourney_v6_000396.jpg,1,aigc_modern_midjourney_v6,MidjourneyV6
corpora/midjourney_v6/images/midjourney_v6_000397.jpg,1,aigc_modern_midjourney_v6,MidjourneyV6
corpora/midjourney_v6/images/midjourney_v6_000398.jpg,1,aigc_modern_midjourney_v6,MidjourneyV6
corpora/midjourney_v6/images/midjourney_v6_000399.jpg,1,aigc_modern_midjourney_v6,MidjourneyV6
corpora/midjourney_v6/images/midjourney_v6_000400.jpg,1,aigc_modern_midjourney_v6,MidjourneyV6
corpora/midjourney_v6/images/midjourney_v6_000401.jpg,1,aigc_modern_midjourney_v6,MidjourneyV6
corpora/midjourney_v6/images/midjourney_v6_000402.jpg,1,aigc_modern_midjourney_v6,MidjourneyV6
corpora/midjourney_v6/images/midjourney_v6_000403.jpg,1,aigc_modern_midjourney_v6,MidjourneyV6
corpora/midjourney_v6/images/midjourney_v6_000404.jpg,1,aigc_modern_midjourney_v6,MidjourneyV6
corpora/midjourney_v6/images/midjourney_v6_000405.jpg,1,aigc_modern_midjourney_v6,MidjourneyV6
corpora/midjourney_v6/images/midjourney_v6_000406.jpg,1,aigc_modern_midjourney_v6,MidjourneyV6
corpora/midjourney_v6/images/midjourney_v6_000407.jpg,1,aigc_modern_midjourney_v6,MidjourneyV6
corpora/midjourney_v6/images/midjourney_v6_000408.jpg,1,aigc_modern_midjourney_v6,MidjourneyV6
corpora/midjourney_v6/images/midjourney_v6_000409.jpg,1,aigc_modern_midjourney_v6,MidjourneyV6
corpora/midjourney_v6/images/midjourney_v6_000410.jpg,1,aigc_modern_midjourney_v6,MidjourneyV6
corpora/midjourney_v6/images/midjourney_v6_000411.jpg,1,aigc_modern_midjourney_v6,MidjourneyV6
corpora/midjourney_v6/images/midjourney_v6_000412.jpg,1,aigc_modern_midjourney_v6,MidjourneyV6
corpora/midjourney_v6/images/midjourney_v6_000413.jpg,1,aigc_modern_midjourney_v6,MidjourneyV6
corpora/midjourney_v6/images/midjourney_v6_000414.jpg,1,aigc_modern_midjourney_v6,MidjourneyV6
corpora/midjourney_v6/images/midjourney_v6_000415.jpg,1,aigc_modern_midjourney_v6,MidjourneyV6
corpora/midjourney_v6/images/midjourney_v6_000416.jpg,1,aigc_modern_midjourney_v6,MidjourneyV6
corpora/midjourney_v6/images/midjourney_v6_000417.jpg,1,aigc_modern_midjourney_v6,MidjourneyV6
corpora/midjourney_v6/images/midjourney_v6_000418.jpg,1,aigc_modern_midjourney_v6,MidjourneyV6
corpora/midjourney_v6/images/midjourney_v6_000419.jpg,1,aigc_modern_midjourney_v6,MidjourneyV6
corpora/midjourney_v6/images/midjourney_v6_000420.jpg,1,aigc_modern_midjourney_v6,MidjourneyV6
corpora/midjourney_v6/images/midjourney_v6_000421.jpg,1,aigc_modern_midjourney_v6,MidjourneyV6
corpora/midjourney_v6/images/midjourney_v6_000422.jpg,1,aigc_modern_midjourney_v6,MidjourneyV6
corpora/midjourney_v6/images/midjourney_v6_000423.jpg,1,aigc_modern_midjourney_v6,MidjourneyV6
corpora/midjourney_v6/images/midjourney_v6_000424.jpg,1,aigc_modern_midjourney_v6,MidjourneyV6
corpora/midjourney_v6/images/midjourney_v6_000425.jpg,1,aigc_modern_midjourney_v6,MidjourneyV6
corpora/midjourney_v6/images/midjourney_v6_000426.jpg,1,aigc_modern_midjourney_v6,MidjourneyV6
corpora/midjourney_v6/images/midjourney_v6_000427.jpg,1,aigc_modern_midjourney_v6,MidjourneyV6
corpora/midjourney_v6/images/midjourney_v6_000428.jpg,1,aigc_modern_midjourney_v6,MidjourneyV6
corpora/midjourney_v6/images/midjourney_v6_000429.jpg,1,aigc_modern_midjourney_v6,MidjourneyV6
corpora/midjourney_v6/images/midjourney_v6_000430.jpg,1,aigc_modern_midjourney_v6,MidjourneyV6
corpora/midjourney_v6/images/midjourney_v6_000431.jpg,1,aigc_modern_midjourney_v6,MidjourneyV6
corpora/midjourney_v6/images/midjourney_v6_000432.jpg,1,aigc_modern_midjourney_v6,MidjourneyV6
corpora/midjourney_v6/images/midjourney_v6_000433.jpg,1,aigc_modern_midjourney_v6,MidjourneyV6
corpora/midjourney_v6/images/midjourney_v6_000434.jpg,1,aigc_modern_midjourney_v6,MidjourneyV6
corpora/midjourney_v6/images/midjourney_v6_000435.jpg,1,aigc_modern_midjourney_v6,MidjourneyV6
corpora/midjourney_v6/images/midjourney_v6_000436.jpg,1,aigc_modern_midjourney_v6,MidjourneyV6
corpora/midjourney_v6/images/midjourney_v6_000437.jpg,1,aigc_modern_midjourney_v6,MidjourneyV6
corpora/midjourney_v6/images/midjourney_v6_000438.jpg,1,aigc_modern_midjourney_v6,MidjourneyV6
corpora/midjourney_v6/images/midjourney_v6_000439.jpg,1,aigc_modern_midjourney_v6,MidjourneyV6
corpora/midjourney_v6/images/midjourney_v6_000440.jpg,1,aigc_modern_midjourney_v6,MidjourneyV6
corpora/midjourney_v6/images/midjourney_v6_000441.jpg,1,aigc_modern_midjourney_v6,MidjourneyV6
corpora/midjourney_v6/images/midjourney_v6_000442.jpg,1,aigc_modern_midjourney_v6,MidjourneyV6
corpora/midjourney_v6/images/midjourney_v6_000443.jpg,1,aigc_modern_midjourney_v6,MidjourneyV6
corpora/midjourney_v6/images/midjourney_v6_000444.jpg,1,aigc_modern_midjourney_v6,MidjourneyV6
corpora/midjourney_v6/images/midjourney_v6_000445.jpg,1,aigc_modern_midjourney_v6,MidjourneyV6
corpora/midjourney_v6/images/midjourney_v6_000446.jpg,1,aigc_modern_midjourney_v6,MidjourneyV6
corpora/midjourney_v6/images/midjourney_v6_000447.jpg,1,aigc_modern_midjourney_v6,MidjourneyV6
corpora/midjourney_v6/images/midjourney_v6_000448.jpg,1,aigc_modern_midjourney_v6,MidjourneyV6
corpora/midjourney_v6/images/midjourney_v6_000449.jpg,1,aigc_modern_midjourney_v6,MidjourneyV6
corpora/midjourney_v6/images/midjourney_v6_000450.jpg,1,aigc_modern_midjourney_v6,MidjourneyV6
corpora/midjourney_v6/images/midjourney_v6_000451.jpg,1,aigc_modern_midjourney_v6,MidjourneyV6
corpora/midjourney_v6/images/midjourney_v6_000452.jpg,1,aigc_modern_midjourney_v6,MidjourneyV6
corpora/midjourney_v6/images/midjourney_v6_000453.jpg,1,aigc_modern_midjourney_v6,MidjourneyV6
corpora/midjourney_v6/images/midjourney_v6_000454.jpg,1,aigc_modern_midjourney_v6,MidjourneyV6
corpora/midjourney_v6/images/midjourney_v6_000455.jpg,1,aigc_modern_midjourney_v6,MidjourneyV6
corpora/midjourney_v6/images/midjourney_v6_000456.jpg,1,aigc_modern_midjourney_v6,MidjourneyV6
corpora/midjourney_v6/images/midjourney_v6_000457.jpg,1,aigc_modern_midjourney_v6,MidjourneyV6
corpora/midjourney_v6/images/midjourney_v6_000458.jpg,1,aigc_modern_midjourney_v6,MidjourneyV6
corpora/midjourney_v6/images/midjourney_v6_000459.jpg,1,aigc_modern_midjourney_v6,MidjourneyV6
corpora/midjourney_v6/images/midjourney_v6_000460.jpg,1,aigc_modern_midjourney_v6,MidjourneyV6
corpora/midjourney_v6/images/midjourney_v6_000461.jpg,1,aigc_modern_midjourney_v6,MidjourneyV6
corpora/midjourney_v6/images/midjourney_v6_000462.jpg,1,aigc_modern_midjourney_v6,MidjourneyV6
corpora/midjourney_v6/images/midjourney_v6_000463.jpg,1,aigc_modern_midjourney_v6,MidjourneyV6
corpora/midjourney_v6/images/midjourney_v6_000464.jpg,1,aigc_modern_midjourney_v6,MidjourneyV6
corpora/midjourney_v6/images/midjourney_v6_000465.jpg,1,aigc_modern_midjourney_v6,MidjourneyV6
corpora/midjourney_v6/images/midjourney_v6_000466.jpg,1,aigc_modern_midjourney_v6,MidjourneyV6
corpora/midjourney_v6/images/midjourney_v6_000467.jpg,1,aigc_modern_midjourney_v6,MidjourneyV6
corpora/midjourney_v6/images/midjourney_v6_000468.jpg,1,aigc_modern_midjourney_v6,MidjourneyV6
corpora/midjourney_v6/images/midjourney_v6_000469.jpg,1,aigc_modern_midjourney_v6,MidjourneyV6
corpora/midjourney_v6/images/midjourney_v6_000470.jpg,1,aigc_modern_midjourney_v6,MidjourneyV6
corpora/midjourney_v6/images/midjourney_v6_000471.jpg,1,aigc_modern_midjourney_v6,MidjourneyV6
corpora/midjourney_v6/images/midjourney_v6_000472.jpg,1,aigc_modern_midjourney_v6,MidjourneyV6
corpora/midjourney_v6/images/midjourney_v6_000473.jpg,1,aigc_modern_midjourney_v6,MidjourneyV6
corpora/midjourney_v6/images/midjourney_v6_000474.jpg,1,aigc_modern_midjourney_v6,MidjourneyV6
corpora/midjourney_v6/images/midjourney_v6_000475.jpg,1,aigc_modern_midjourney_v6,MidjourneyV6
corpora/midjourney_v6/images/midjourney_v6_000476.jpg,1,aigc_modern_midjourney_v6,MidjourneyV6
corpora/midjourney_v6/images/midjourney_v6_000477.jpg,1,aigc_modern_midjourney_v6,MidjourneyV6
corpora/midjourney_v6/images/midjourney_v6_000478.jpg,1,aigc_modern_midjourney_v6,MidjourneyV6
corpora/midjourney_v6/images/midjourney_v6_000479.jpg,1,aigc_modern_midjourney_v6,MidjourneyV6
corpora/midjourney_v6/images/midjourney_v6_000480.jpg,1,aigc_modern_midjourney_v6,MidjourneyV6
corpora/midjourney_v6/images/midjourney_v6_000481.jpg,1,aigc_modern_midjourney_v6,MidjourneyV6
corpora/midjourney_v6/images/midjourney_v6_000482.jpg,1,aigc_modern_midjourney_v6,MidjourneyV6
corpora/midjourney_v6/images/midjourney_v6_000483.jpg,1,aigc_modern_midjourney_v6,MidjourneyV6
corpora/midjourney_v6/images/midjourney_v6_000484.jpg,1,aigc_modern_midjourney_v6,MidjourneyV6
corpora/midjourney_v6/images/midjourney_v6_000485.jpg,1,aigc_modern_midjourney_v6,MidjourneyV6
corpora/midjourney_v6/images/midjourney_v6_000486.jpg,1,aigc_modern_midjourney_v6,MidjourneyV6
corpora/midjourney_v6/images/midjourney_v6_000487.jpg,1,aigc_modern_midjourney_v6,MidjourneyV6
corpora/midjourney_v6/images/midjourney_v6_000488.jpg,1,aigc_modern_midjourney_v6,MidjourneyV6
corpora/midjourney_v6/images/midjourney_v6_000489.jpg,1,aigc_modern_midjourney_v6,MidjourneyV6
corpora/midjourney_v6/images/midjourney_v6_000490.jpg,1,aigc_modern_midjourney_v6,MidjourneyV6
corpora/midjourney_v6/images/midjourney_v6_000491.jpg,1,aigc_modern_midjourney_v6,MidjourneyV6
corpora/midjourney_v6/images/midjourney_v6_000492.jpg,1,aigc_modern_midjourney_v6,MidjourneyV6
corpora/midjourney_v6/images/midjourney_v6_000493.jpg,1,aigc_modern_midjourney_v6,MidjourneyV6
corpora/midjourney_v6/images/midjourney_v6_000494.jpg,1,aigc_modern_midjourney_v6,MidjourneyV6
corpora/midjourney_v6/images/midjourney_v6_000495.jpg,1,aigc_modern_midjourney_v6,MidjourneyV6
corpora/midjourney_v6/images/midjourney_v6_000496.jpg,1,aigc_modern_midjourney_v6,MidjourneyV6
corpora/midjourney_v6/images/midjourney_v6_000497.jpg,1,aigc_modern_midjourney_v6,MidjourneyV6
corpora/midjourney_v6/images/midjourney_v6_000498.jpg,1,aigc_modern_midjourney_v6,MidjourneyV6
corpora/midjourney_v6/images/midjourney_v6_000499.jpg,1,aigc_modern_midjourney_v6,MidjourneyV6
corpora/midjourney_v6/images/midjourney_v6_000500.jpg,1,aigc_modern_midjourney_v6,MidjourneyV6
corpora/midjourney_v6/images/midjourney_v6_000501.jpg,1,aigc_modern_midjourney_v6,MidjourneyV6
corpora/midjourney_v6/images/midjourney_v6_000502.jpg,1,aigc_modern_midjourney_v6,MidjourneyV6
corpora/midjourney_v6/images/midjourney_v6_000503.jpg,1,aigc_modern_midjourney_v6,MidjourneyV6
corpora/midjourney_v6/images/midjourney_v6_000504.jpg,1,aigc_modern_midjourney_v6,MidjourneyV6
corpora/midjourney_v6/images/midjourney_v6_000505.jpg,1,aigc_modern_midjourney_v6,MidjourneyV6
corpora/midjourney_v6/images/midjourney_v6_000506.jpg,1,aigc_modern_midjourney_v6,MidjourneyV6
corpora/midjourney_v6/images/midjourney_v6_000507.jpg,1,aigc_modern_midjourney_v6,MidjourneyV6
corpora/midjourney_v6/images/midjourney_v6_000508.jpg,1,aigc_modern_midjourney_v6,MidjourneyV6
corpora/midjourney_v6/images/midjourney_v6_000509.jpg,1,aigc_modern_midjourney_v6,MidjourneyV6
corpora/midjourney_v6/images/midjourney_v6_000510.jpg,1,aigc_modern_midjourney_v6,MidjourneyV6
corpora/midjourney_v6/images/midjourney_v6_000511.jpg,1,aigc_modern_midjourney_v6,MidjourneyV6
corpora/midjourney_v6/images/midjourney_v6_000512.jpg,1,aigc_modern_midjourney_v6,MidjourneyV6
corpora/midjourney_v6/images/midjourney_v6_000513.jpg,1,aigc_modern_midjourney_v6,MidjourneyV6
corpora/midjourney_v6/images/midjourney_v6_000514.jpg,1,aigc_modern_midjourney_v6,MidjourneyV6
corpora/midjourney_v6/images/midjourney_v6_000515.jpg,1,aigc_modern_midjourney_v6,MidjourneyV6
corpora/midjourney_v6/images/midjourney_v6_000516.jpg,1,aigc_modern_midjourney_v6,MidjourneyV6
corpora/midjourney_v6/images/midjourney_v6_000517.jpg,1,aigc_modern_midjourney_v6,MidjourneyV6
corpora/midjourney_v6/images/midjourney_v6_000518.jpg,1,aigc_modern_midjourney_v6,MidjourneyV6
corpora/midjourney_v6/images/midjourney_v6_000519.jpg,1,aigc_modern_midjourney_v6,MidjourneyV6
corpora/midjourney_v6/images/midjourney_v6_000520.jpg,1,aigc_modern_midjourney_v6,MidjourneyV6
corpora/midjourney_v6/images/midjourney_v6_000521.jpg,1,aigc_modern_midjourney_v6,MidjourneyV6
corpora/midjourney_v6/images/midjourney_v6_000522.jpg,1,aigc_modern_midjourney_v6,MidjourneyV6
corpora/midjourney_v6/images/midjourney_v6_000523.jpg,1,aigc_modern_midjourney_v6,MidjourneyV6
corpora/midjourney_v6/images/midjourney_v6_000524.jpg,1,aigc_modern_midjourney_v6,MidjourneyV6
corpora/midjourney_v6/images/midjourney_v6_000525.jpg,1,aigc_modern_midjourney_v6,MidjourneyV6
corpora/midjourney_v6/images/midjourney_v6_000526.jpg,1,aigc_modern_midjourney_v6,MidjourneyV6
corpora/midjourney_v6/images/midjourney_v6_000527.jpg,1,aigc_modern_midjourney_v6,MidjourneyV6
corpora/midjourney_v6/images/midjourney_v6_000528.jpg,1,aigc_modern_midjourney_v6,MidjourneyV6
corpora/midjourney_v6/images/midjourney_v6_000529.jpg,1,aigc_modern_midjourney_v6,MidjourneyV6
corpora/midjourney_v6/images/midjourney_v6_000530.jpg,1,aigc_modern_midjourney_v6,MidjourneyV6
corpora/midjourney_v6/images/midjourney_v6_000531.jpg,1,aigc_modern_midjourney_v6,MidjourneyV6
corpora/midjourney_v6/images/midjourney_v6_000532.jpg,1,aigc_modern_midjourney_v6,MidjourneyV6
corpora/midjourney_v6/images/midjourney_v6_000533.jpg,1,aigc_modern_midjourney_v6,MidjourneyV6
corpora/midjourney_v6/images/midjourney_v6_000534.jpg,1,aigc_modern_midjourney_v6,MidjourneyV6
corpora/midjourney_v6/images/midjourney_v6_000535.jpg,1,aigc_modern_midjourney_v6,MidjourneyV6
corpora/midjourney_v6/images/midjourney_v6_000536.jpg,1,aigc_modern_midjourney_v6,MidjourneyV6
corpora/midjourney_v6/images/midjourney_v6_000537.jpg,1,aigc_modern_midjourney_v6,MidjourneyV6
corpora/midjourney_v6/images/midjourney_v6_000538.jpg,1,aigc_modern_midjourney_v6,MidjourneyV6
corpora/midjourney_v6/images/midjourney_v6_000539.jpg,1,aigc_modern_midjourney_v6,MidjourneyV6
corpora/midjourney_v6/images/midjourney_v6_000540.jpg,1,aigc_modern_midjourney_v6,MidjourneyV6
corpora/midjourney_v6/images/midjourney_v6_000541.jpg,1,aigc_modern_midjourney_v6,MidjourneyV6
corpora/midjourney_v6/images/midjourney_v6_000542.jpg,1,aigc_modern_midjourney_v6,MidjourneyV6
corpora/midjourney_v6/images/midjourney_v6_000543.jpg,1,aigc_modern_midjourney_v6,MidjourneyV6
corpora/midjourney_v6/images/midjourney_v6_000544.jpg,1,aigc_modern_midjourney_v6,MidjourneyV6
corpora/midjourney_v6/images/midjourney_v6_000545.jpg,1,aigc_modern_midjourney_v6,MidjourneyV6
corpora/midjourney_v6/images/midjourney_v6_000546.jpg,1,aigc_modern_midjourney_v6,MidjourneyV6
corpora/midjourney_v6/images/midjourney_v6_000547.jpg,1,aigc_modern_midjourney_v6,MidjourneyV6
corpora/midjourney_v6/images/midjourney_v6_000548.jpg,1,aigc_modern_midjourney_v6,MidjourneyV6
corpora/midjourney_v6/images/midjourney_v6_000549.jpg,1,aigc_modern_midjourney_v6,MidjourneyV6
corpora/midjourney_v6/images/midjourney_v6_000550.jpg,1,aigc_modern_midjourney_v6,MidjourneyV6
corpora/midjourney_v6/images/midjourney_v6_000551.jpg,1,aigc_modern_midjourney_v6,MidjourneyV6
corpora/midjourney_v6/images/midjourney_v6_000552.jpg,1,aigc_modern_midjourney_v6,MidjourneyV6
corpora/midjourney_v6/images/midjourney_v6_000553.jpg,1,aigc_modern_midjourney_v6,MidjourneyV6
corpora/midjourney_v6/images/midjourney_v6_000554.jpg,1,aigc_modern_midjourney_v6,MidjourneyV6
corpora/midjourney_v6/images/midjourney_v6_000555.jpg,1,aigc_modern_midjourney_v6,MidjourneyV6
corpora/midjourney_v6/images/midjourney_v6_000556.jpg,1,aigc_modern_midjourney_v6,MidjourneyV6
corpora/midjourney_v6/images/midjourney_v6_000557.jpg,1,aigc_modern_midjourney_v6,MidjourneyV6
corpora/midjourney_v6/images/midjourney_v6_000558.jpg,1,aigc_modern_midjourney_v6,MidjourneyV6
corpora/midjourney_v6/images/midjourney_v6_000559.jpg,1,aigc_modern_midjourney_v6,MidjourneyV6
corpora/midjourney_v6/images/midjourney_v6_000560.jpg,1,aigc_modern_midjourney_v6,MidjourneyV6
corpora/midjourney_v6/images/midjourney_v6_000561.jpg,1,aigc_modern_midjourney_v6,MidjourneyV6
corpora/midjourney_v6/images/midjourney_v6_000562.jpg,1,aigc_modern_midjourney_v6,MidjourneyV6
corpora/midjourney_v6/images/midjourney_v6_000563.jpg,1,aigc_modern_midjourney_v6,MidjourneyV6
corpora/midjourney_v6/images/midjourney_v6_000564.jpg,1,aigc_modern_midjourney_v6,MidjourneyV6
corpora/midjourney_v6/images/midjourney_v6_000565.jpg,1,aigc_modern_midjourney_v6,MidjourneyV6
corpora/midjourney_v6/images/midjourney_v6_000566.jpg,1,aigc_modern_midjourney_v6,MidjourneyV6
corpora/midjourney_v6/images/midjourney_v6_000567.jpg,1,aigc_modern_midjourney_v6,MidjourneyV6
corpora/midjourney_v6/images/midjourney_v6_000568.jpg,1,aigc_modern_midjourney_v6,MidjourneyV6
corpora/midjourney_v6/images/midjourney_v6_000569.jpg,1,aigc_modern_midjourney_v6,MidjourneyV6
corpora/midjourney_v6/images/midjourney_v6_000570.jpg,1,aigc_modern_midjourney_v6,MidjourneyV6
corpora/midjourney_v6/images/midjourney_v6_000571.jpg,1,aigc_modern_midjourney_v6,MidjourneyV6
corpora/midjourney_v6/images/midjourney_v6_000572.jpg,1,aigc_modern_midjourney_v6,MidjourneyV6
corpora/midjourney_v6/images/midjourney_v6_000573.jpg,1,aigc_modern_midjourney_v6,MidjourneyV6
corpora/midjourney_v6/images/midjourney_v6_000574.jpg,1,aigc_modern_midjourney_v6,MidjourneyV6
corpora/midjourney_v6/images/midjourney_v6_000575.jpg,1,aigc_modern_midjourney_v6,MidjourneyV6
corpora/midjourney_v6/images/midjourney_v6_000576.jpg,1,aigc_modern_midjourney_v6,MidjourneyV6
corpora/midjourney_v6/images/midjourney_v6_000577.jpg,1,aigc_modern_midjourney_v6,MidjourneyV6
corpora/midjourney_v6/images/midjourney_v6_000578.jpg,1,aigc_modern_midjourney_v6,MidjourneyV6
corpora/midjourney_v6/images/midjourney_v6_000579.jpg,1,aigc_modern_midjourney_v6,MidjourneyV6
corpora/midjourney_v6/images/midjourney_v6_000580.jpg,1,aigc_modern_midjourney_v6,MidjourneyV6
corpora/midjourney_v6/images/midjourney_v6_000581.jpg,1,aigc_modern_midjourney_v6,MidjourneyV6
corpora/midjourney_v6/images/midjourney_v6_000582.jpg,1,aigc_modern_midjourney_v6,MidjourneyV6
corpora/midjourney_v6/images/midjourney_v6_000583.jpg,1,aigc_modern_midjourney_v6,MidjourneyV6
corpora/midjourney_v6/images/midjourney_v6_000584.jpg,1,aigc_modern_midjourney_v6,MidjourneyV6
corpora/midjourney_v6/images/midjourney_v6_000585.jpg,1,aigc_modern_midjourney_v6,MidjourneyV6
corpora/midjourney_v6/images/midjourney_v6_000586.jpg,1,aigc_modern_midjourney_v6,MidjourneyV6
corpora/midjourney_v6/images/midjourney_v6_000587.jpg,1,aigc_modern_midjourney_v6,MidjourneyV6
corpora/midjourney_v6/images/midjourney_v6_000588.jpg,1,aigc_modern_midjourney_v6,MidjourneyV6
corpora/midjourney_v6/images/midjourney_v6_000589.jpg,1,aigc_modern_midjourney_v6,MidjourneyV6
corpora/midjourney_v6/images/midjourney_v6_000590.jpg,1,aigc_modern_midjourney_v6,MidjourneyV6
corpora/midjourney_v6/images/midjourney_v6_000591.jpg,1,aigc_modern_midjourney_v6,MidjourneyV6
corpora/midjourney_v6/images/midjourney_v6_000592.jpg,1,aigc_modern_midjourney_v6,MidjourneyV6
corpora/midjourney_v6/images/midjourney_v6_000593.jpg,1,aigc_modern_midjourney_v6,MidjourneyV6
corpora/midjourney_v6/images/midjourney_v6_000594.jpg,1,aigc_modern_midjourney_v6,MidjourneyV6
corpora/midjourney_v6/images/midjourney_v6_000595.jpg,1,aigc_modern_midjourney_v6,MidjourneyV6
corpora/midjourney_v6/images/midjourney_v6_000596.jpg,1,aigc_modern_midjourney_v6,MidjourneyV6
corpora/midjourney_v6/images/midjourney_v6_000597.jpg,1,aigc_modern_midjourney_v6,MidjourneyV6
corpora/midjourney_v6/images/midjourney_v6_000598.jpg,1,aigc_modern_midjourney_v6,MidjourneyV6
corpora/midjourney_v6/images/midjourney_v6_000599.jpg,1,aigc_modern_midjourney_v6,MidjourneyV6
corpora/midjourney_v6/images/midjourney_v6_000600.jpg,1,aigc_modern_midjourney_v6,MidjourneyV6
corpora/midjourney_v6/images/midjourney_v6_000601.jpg,1,aigc_modern_midjourney_v6,MidjourneyV6
corpora/midjourney_v6/images/midjourney_v6_000602.jpg,1,aigc_modern_midjourney_v6,MidjourneyV6
corpora/midjourney_v6/images/midjourney_v6_000603.jpg,1,aigc_modern_midjourney_v6,MidjourneyV6
corpora/midjourney_v6/images/midjourney_v6_000604.jpg,1,aigc_modern_midjourney_v6,MidjourneyV6
corpora/midjourney_v6/images/midjourney_v6_000605.jpg,1,aigc_modern_midjourney_v6,MidjourneyV6
corpora/midjourney_v6/images/midjourney_v6_000606.jpg,1,aigc_modern_midjourney_v6,MidjourneyV6
corpora/midjourney_v6/images/midjourney_v6_000607.jpg,1,aigc_modern_midjourney_v6,MidjourneyV6
corpora/midjourney_v6/images/midjourney_v6_000608.jpg,1,aigc_modern_midjourney_v6,MidjourneyV6
corpora/midjourney_v6/images/midjourney_v6_000609.jpg,1,aigc_modern_midjourney_v6,MidjourneyV6
corpora/midjourney_v6/images/midjourney_v6_000610.jpg,1,aigc_modern_midjourney_v6,MidjourneyV6
corpora/midjourney_v6/images/midjourney_v6_000611.jpg,1,aigc_modern_midjourney_v6,MidjourneyV6
corpora/midjourney_v6/images/midjourney_v6_000612.jpg,1,aigc_modern_midjourney_v6,MidjourneyV6
corpora/midjourney_v6/images/midjourney_v6_000613.jpg,1,aigc_modern_midjourney_v6,MidjourneyV6
corpora/midjourney_v6/images/midjourney_v6_000614.jpg,1,aigc_modern_midjourney_v6,MidjourneyV6
corpora/midjourney_v6/images/midjourney_v6_000615.jpg,1,aigc_modern_midjourney_v6,MidjourneyV6
corpora/midjourney_v6/images/midjourney_v6_000616.jpg,1,aigc_modern_midjourney_v6,MidjourneyV6
corpora/midjourney_v6/images/midjourney_v6_000617.jpg,1,aigc_modern_midjourney_v6,MidjourneyV6
corpora/midjourney_v6/images/midjourney_v6_000618.jpg,1,aigc_modern_midjourney_v6,MidjourneyV6
corpora/midjourney_v6/images/midjourney_v6_000619.jpg,1,aigc_modern_midjourney_v6,MidjourneyV6
corpora/midjourney_v6/images/midjourney_v6_000620.jpg,1,aigc_modern_midjourney_v6,MidjourneyV6
corpora/midjourney_v6/images/midjourney_v6_000621.jpg,1,aigc_modern_midjourney_v6,MidjourneyV6
corpora/midjourney_v6/images/midjourney_v6_000622.jpg,1,aigc_modern_midjourney_v6,MidjourneyV6
corpora/midjourney_v6/images/midjourney_v6_000623.jpg,1,aigc_modern_midjourney_v6,MidjourneyV6
corpora/midjourney_v6/images/midjourney_v6_000624.jpg,1,aigc_modern_midjourney_v6,MidjourneyV6
corpora/midjourney_v6/images/midjourney_v6_000625.jpg,1,aigc_modern_midjourney_v6,MidjourneyV6
corpora/midjourney_v6/images/midjourney_v6_000626.jpg,1,aigc_modern_midjourney_v6,MidjourneyV6
corpora/midjourney_v6/images/midjourney_v6_000627.jpg,1,aigc_modern_midjourney_v6,MidjourneyV6
corpora/midjourney_v6/images/midjourney_v6_000628.jpg,1,aigc_modern_midjourney_v6,MidjourneyV6
corpora/midjourney_v6/images/midjourney_v6_000629.jpg,1,aigc_modern_midjourney_v6,MidjourneyV6
corpora/midjourney_v6/images/midjourney_v6_000630.jpg,1,aigc_modern_midjourney_v6,MidjourneyV6
corpora/midjourney_v6/images/midjourney_v6_000631.jpg,1,aigc_modern_midjourney_v6,MidjourneyV6
corpora/midjourney_v6/images/midjourney_v6_000632.jpg,1,aigc_modern_midjourney_v6,MidjourneyV6
corpora/midjourney_v6/images/midjourney_v6_000633.jpg,1,aigc_modern_midjourney_v6,MidjourneyV6
corpora/midjourney_v6/images/midjourney_v6_000634.jpg,1,aigc_modern_midjourney_v6,MidjourneyV6
corpora/midjourney_v6/images/midjourney_v6_000635.jpg,1,aigc_modern_midjourney_v6,MidjourneyV6
corpora/midjourney_v6/images/midjourney_v6_000636.jpg,1,aigc_modern_midjourney_v6,MidjourneyV6
corpora/midjourney_v6/images/midjourney_v6_000637.jpg,1,aigc_modern_midjourney_v6,MidjourneyV6
corpora/midjourney_v6/images/midjourney_v6_000638.jpg,1,aigc_modern_midjourney_v6,MidjourneyV6
corpora/midjourney_v6/images/midjourney_v6_000639.jpg,1,aigc_modern_midjourney_v6,MidjourneyV6
corpora/midjourney_v6/images/midjourney_v6_000640.jpg,1,aigc_modern_midjourney_v6,MidjourneyV6
corpora/midjourney_v6/images/midjourney_v6_000641.jpg,1,aigc_modern_midjourney_v6,MidjourneyV6
corpora/midjourney_v6/images/midjourney_v6_000642.jpg,1,aigc_modern_midjourney_v6,MidjourneyV6
corpora/midjourney_v6/images/midjourney_v6_000643.jpg,1,aigc_modern_midjourney_v6,MidjourneyV6
corpora/midjourney_v6/images/midjourney_v6_000644.jpg,1,aigc_modern_midjourney_v6,MidjourneyV6
corpora/midjourney_v6/images/midjourney_v6_000645.jpg,1,aigc_modern_midjourney_v6,MidjourneyV6
corpora/midjourney_v6/images/midjourney_v6_000646.jpg,1,aigc_modern_midjourney_v6,MidjourneyV6
corpora/midjourney_v6/images/midjourney_v6_000647.jpg,1,aigc_modern_midjourney_v6,MidjourneyV6
corpora/midjourney_v6/images/midjourney_v6_000648.jpg,1,aigc_modern_midjourney_v6,MidjourneyV6
corpora/midjourney_v6/images/midjourney_v6_000649.jpg,1,aigc_modern_midjourney_v6,MidjourneyV6
corpora/midjourney_v6/images/midjourney_v6_000650.jpg,1,aigc_modern_midjourney_v6,MidjourneyV6
corpora/midjourney_v6/images/midjourney_v6_000651.jpg,1,aigc_modern_midjourney_v6,MidjourneyV6
corpora/midjourney_v6/images/midjourney_v6_000652.jpg,1,aigc_modern_midjourney_v6,MidjourneyV6
corpora/midjourney_v6/images/midjourney_v6_000653.jpg,1,aigc_modern_midjourney_v6,MidjourneyV6
corpora/midjourney_v6/images/midjourney_v6_000654.jpg,1,aigc_modern_midjourney_v6,MidjourneyV6
corpora/midjourney_v6/images/midjourney_v6_000655.jpg,1,aigc_modern_midjourney_v6,MidjourneyV6
corpora/midjourney_v6/images/midjourney_v6_000656.jpg,1,aigc_modern_midjourney_v6,MidjourneyV6
corpora/midjourney_v6/images/midjourney_v6_000657.jpg,1,aigc_modern_midjourney_v6,MidjourneyV6
corpora/midjourney_v6/images/midjourney_v6_000658.jpg,1,aigc_modern_midjourney_v6,MidjourneyV6
corpora/midjourney_v6/images/midjourney_v6_000659.jpg,1,aigc_modern_midjourney_v6,MidjourneyV6
corpora/midjourney_v6/images/midjourney_v6_000660.jpg,1,aigc_modern_midjourney_v6,MidjourneyV6
corpora/midjourney_v6/images/midjourney_v6_000661.jpg,1,aigc_modern_midjourney_v6,MidjourneyV6
corpora/midjourney_v6/images/midjourney_v6_000662.jpg,1,aigc_modern_midjourney_v6,MidjourneyV6
corpora/midjourney_v6/images/midjourney_v6_000663.jpg,1,aigc_modern_midjourney_v6,MidjourneyV6
corpora/midjourney_v6/images/midjourney_v6_000664.jpg,1,aigc_modern_midjourney_v6,MidjourneyV6
corpora/midjourney_v6/images/midjourney_v6_000665.jpg,1,aigc_modern_midjourney_v6,MidjourneyV6
corpora/midjourney_v6/images/midjourney_v6_000666.jpg,1,aigc_modern_midjourney_v6,MidjourneyV6
corpora/midjourney_v6/images/midjourney_v6_000667.jpg,1,aigc_modern_midjourney_v6,MidjourneyV6
corpora/midjourney_v6/images/midjourney_v6_000668.jpg,1,aigc_modern_midjourney_v6,MidjourneyV6
corpora/midjourney_v6/images/midjourney_v6_000669.jpg,1,aigc_modern_midjourney_v6,MidjourneyV6
corpora/midjourney_v6/images/midjourney_v6_000670.jpg,1,aigc_modern_midjourney_v6,MidjourneyV6
corpora/midjourney_v6/images/midjourney_v6_000671.jpg,1,aigc_modern_midjourney_v6,MidjourneyV6
corpora/midjourney_v6/images/midjourney_v6_000672.jpg,1,aigc_modern_midjourney_v6,MidjourneyV6
corpora/midjourney_v6/images/midjourney_v6_000673.jpg,1,aigc_modern_midjourney_v6,MidjourneyV6
corpora/midjourney_v6/images/midjourney_v6_000674.jpg,1,aigc_modern_midjourney_v6,MidjourneyV6
corpora/midjourney_v6/images/midjourney_v6_000675.jpg,1,aigc_modern_midjourney_v6,MidjourneyV6
corpora/midjourney_v6/images/midjourney_v6_000676.jpg,1,aigc_modern_midjourney_v6,MidjourneyV6
corpora/midjourney_v6/images/midjourney_v6_000677.jpg,1,aigc_modern_midjourney_v6,MidjourneyV6
corpora/midjourney_v6/images/midjourney_v6_000678.jpg,1,aigc_modern_midjourney_v6,MidjourneyV6
corpora/midjourney_v6/images/midjourney_v6_000679.jpg,1,aigc_modern_midjourney_v6,MidjourneyV6
corpora/midjourney_v6/images/midjourney_v6_000680.jpg,1,aigc_modern_midjourney_v6,MidjourneyV6
corpora/midjourney_v6/images/midjourney_v6_000681.jpg,1,aigc_modern_midjourney_v6,MidjourneyV6
corpora/midjourney_v6/images/midjourney_v6_000682.jpg,1,aigc_modern_midjourney_v6,MidjourneyV6
corpora/midjourney_v6/images/midjourney_v6_000683.jpg,1,aigc_modern_midjourney_v6,MidjourneyV6
corpora/midjourney_v6/images/midjourney_v6_000684.jpg,1,aigc_modern_midjourney_v6,MidjourneyV6
corpora/midjourney_v6/images/midjourney_v6_000685.jpg,1,aigc_modern_midjourney_v6,MidjourneyV6
corpora/midjourney_v6/images/midjourney_v6_000686.jpg,1,aigc_modern_midjourney_v6,MidjourneyV6
corpora/midjourney_v6/images/midjourney_v6_000687.jpg,1,aigc_modern_midjourney_v6,MidjourneyV6
corpora/midjourney_v6/images/midjourney_v6_000688.jpg,1,aigc_modern_midjourney_v6,MidjourneyV6
corpora/midjourney_v6/images/midjourney_v6_000689.jpg,1,aigc_modern_midjourney_v6,MidjourneyV6
corpora/midjourney_v6/images/midjourney_v6_000690.jpg,1,aigc_modern_midjourney_v6,MidjourneyV6
corpora/midjourney_v6/images/midjourney_v6_000691.jpg,1,aigc_modern_midjourney_v6,MidjourneyV6
corpora/midjourney_v6/images/midjourney_v6_000692.jpg,1,aigc_modern_midjourney_v6,MidjourneyV6
corpora/midjourney_v6/images/midjourney_v6_000693.jpg,1,aigc_modern_midjourney_v6,MidjourneyV6
corpora/midjourney_v6/images/midjourney_v6_000694.jpg,1,aigc_modern_midjourney_v6,MidjourneyV6
corpora/midjourney_v6/images/midjourney_v6_000695.jpg,1,aigc_modern_midjourney_v6,MidjourneyV6
corpora/midjourney_v6/images/midjourney_v6_000696.jpg,1,aigc_modern_midjourney_v6,MidjourneyV6
corpora/midjourney_v6/images/midjourney_v6_000697.jpg,1,aigc_modern_midjourney_v6,MidjourneyV6
corpora/midjourney_v6/images/midjourney_v6_000698.jpg,1,aigc_modern_midjourney_v6,MidjourneyV6
corpora/midjourney_v6/images/midjourney_v6_000699.jpg,1,aigc_modern_midjourney_v6,MidjourneyV6
corpora/midjourney_v6/images/midjourney_v6_000700.jpg,1,aigc_modern_midjourney_v6,MidjourneyV6
corpora/midjourney_v6/images/midjourney_v6_000701.jpg,1,aigc_modern_midjourney_v6,MidjourneyV6
corpora/midjourney_v6/images/midjourney_v6_000702.jpg,1,aigc_modern_midjourney_v6,MidjourneyV6
corpora/midjourney_v6/images/midjourney_v6_000703.jpg,1,aigc_modern_midjourney_v6,MidjourneyV6
corpora/midjourney_v6/images/midjourney_v6_000704.jpg,1,aigc_modern_midjourney_v6,MidjourneyV6
corpora/midjourney_v6/images/midjourney_v6_000705.jpg,1,aigc_modern_midjourney_v6,MidjourneyV6
corpora/midjourney_v6/images/midjourney_v6_000706.jpg,1,aigc_modern_midjourney_v6,MidjourneyV6
corpora/midjourney_v6/images/midjourney_v6_000707.jpg,1,aigc_modern_midjourney_v6,MidjourneyV6
corpora/midjourney_v6/images/midjourney_v6_000708.jpg,1,aigc_modern_midjourney_v6,MidjourneyV6
corpora/midjourney_v6/images/midjourney_v6_000709.jpg,1,aigc_modern_midjourney_v6,MidjourneyV6
corpora/midjourney_v6/images/midjourney_v6_000710.jpg,1,aigc_modern_midjourney_v6,MidjourneyV6
corpora/midjourney_v6/images/midjourney_v6_000711.jpg,1,aigc_modern_midjourney_v6,MidjourneyV6
corpora/midjourney_v6/images/midjourney_v6_000712.jpg,1,aigc_modern_midjourney_v6,MidjourneyV6
corpora/midjourney_v6/images/midjourney_v6_000713.jpg,1,aigc_modern_midjourney_v6,MidjourneyV6
corpora/midjourney_v6/images/midjourney_v6_000714.jpg,1,aigc_modern_midjourney_v6,MidjourneyV6
corpora/midjourney_v6/images/midjourney_v6_000715.jpg,1,aigc_modern_midjourney_v6,MidjourneyV6
corpora/midjourney_v6/images/midjourney_v6_000716.jpg,1,aigc_modern_midjourney_v6,MidjourneyV6
corpora/midjourney_v6/images/midjourney_v6_000717.jpg,1,aigc_modern_midjourney_v6,MidjourneyV6
corpora/midjourney_v6/images/midjourney_v6_000718.jpg,1,aigc_modern_midjourney_v6,MidjourneyV6
corpora/midjourney_v6/images/midjourney_v6_000719.jpg,1,aigc_modern_midjourney_v6,MidjourneyV6
corpora/midjourney_v6/images/midjourney_v6_000720.jpg,1,aigc_modern_midjourney_v6,MidjourneyV6
corpora/midjourney_v6/images/midjourney_v6_000721.jpg,1,aigc_modern_midjourney_v6,MidjourneyV6
corpora/midjourney_v6/images/midjourney_v6_000722.jpg,1,aigc_modern_midjourney_v6,MidjourneyV6
corpora/midjourney_v6/images/midjourney_v6_000723.jpg,1,aigc_modern_midjourney_v6,MidjourneyV6
corpora/midjourney_v6/images/midjourney_v6_000724.jpg,1,aigc_modern_midjourney_v6,MidjourneyV6
corpora/midjourney_v6/images/midjourney_v6_000725.jpg,1,aigc_modern_midjourney_v6,MidjourneyV6
corpora/midjourney_v6/images/midjourney_v6_000726.jpg,1,aigc_modern_midjourney_v6,MidjourneyV6
corpora/midjourney_v6/images/midjourney_v6_000727.jpg,1,aigc_modern_midjourney_v6,MidjourneyV6
corpora/midjourney_v6/images/midjourney_v6_000728.jpg,1,aigc_modern_midjourney_v6,MidjourneyV6
corpora/midjourney_v6/images/midjourney_v6_000729.jpg,1,aigc_modern_midjourney_v6,MidjourneyV6
corpora/midjourney_v6/images/midjourney_v6_000730.jpg,1,aigc_modern_midjourney_v6,MidjourneyV6
corpora/midjourney_v6/images/midjourney_v6_000731.jpg,1,aigc_modern_midjourney_v6,MidjourneyV6
corpora/midjourney_v6/images/midjourney_v6_000732.jpg,1,aigc_modern_midjourney_v6,MidjourneyV6
corpora/midjourney_v6/images/midjourney_v6_000733.jpg,1,aigc_modern_midjourney_v6,MidjourneyV6
corpora/midjourney_v6/images/midjourney_v6_000734.jpg,1,aigc_modern_midjourney_v6,MidjourneyV6
corpora/midjourney_v6/images/midjourney_v6_000735.jpg,1,aigc_modern_midjourney_v6,MidjourneyV6
corpora/midjourney_v6/images/midjourney_v6_000736.jpg,1,aigc_modern_midjourney_v6,MidjourneyV6
corpora/midjourney_v6/images/midjourney_v6_000737.jpg,1,aigc_modern_midjourney_v6,MidjourneyV6
corpora/midjourney_v6/images/midjourney_v6_000738.jpg,1,aigc_modern_midjourney_v6,MidjourneyV6
corpora/midjourney_v6/images/midjourney_v6_000739.jpg,1,aigc_modern_midjourney_v6,MidjourneyV6
corpora/midjourney_v6/images/midjourney_v6_000740.jpg,1,aigc_modern_midjourney_v6,MidjourneyV6
corpora/midjourney_v6/images/midjourney_v6_000741.jpg,1,aigc_modern_midjourney_v6,MidjourneyV6
corpora/midjourney_v6/images/midjourney_v6_000742.jpg,1,aigc_modern_midjourney_v6,MidjourneyV6
corpora/midjourney_v6/images/midjourney_v6_000743.jpg,1,aigc_modern_midjourney_v6,MidjourneyV6
corpora/midjourney_v6/images/midjourney_v6_000744.jpg,1,aigc_modern_midjourney_v6,MidjourneyV6
corpora/midjourney_v6/images/midjourney_v6_000745.jpg,1,aigc_modern_midjourney_v6,MidjourneyV6
corpora/midjourney_v6/images/midjourney_v6_000746.jpg,1,aigc_modern_midjourney_v6,MidjourneyV6
corpora/midjourney_v6/images/midjourney_v6_000747.jpg,1,aigc_modern_midjourney_v6,MidjourneyV6
corpora/midjourney_v6/images/midjourney_v6_000748.jpg,1,aigc_modern_midjourney_v6,MidjourneyV6
corpora/midjourney_v6/images/midjourney_v6_000749.jpg,1,aigc_modern_midjourney_v6,MidjourneyV6
corpora/midjourney_v6/images/midjourney_v6_000750.jpg,1,aigc_modern_midjourney_v6,MidjourneyV6
corpora/midjourney_v6/images/midjourney_v6_000751.jpg,1,aigc_modern_midjourney_v6,MidjourneyV6
corpora/midjourney_v6/images/midjourney_v6_000752.jpg,1,aigc_modern_midjourney_v6,MidjourneyV6
corpora/midjourney_v6/images/midjourney_v6_000753.jpg,1,aigc_modern_midjourney_v6,MidjourneyV6
corpora/midjourney_v6/images/midjourney_v6_000754.jpg,1,aigc_modern_midjourney_v6,MidjourneyV6
corpora/midjourney_v6/images/midjourney_v6_000755.jpg,1,aigc_modern_midjourney_v6,MidjourneyV6
corpora/midjourney_v6/images/midjourney_v6_000756.jpg,1,aigc_modern_midjourney_v6,MidjourneyV6
corpora/midjourney_v6/images/midjourney_v6_000757.jpg,1,aigc_modern_midjourney_v6,MidjourneyV6
corpora/midjourney_v6/images/midjourney_v6_000758.jpg,1,aigc_modern_midjourney_v6,MidjourneyV6
corpora/midjourney_v6/images/midjourney_v6_000759.jpg,1,aigc_modern_midjourney_v6,MidjourneyV6
corpora/midjourney_v6/images/midjourney_v6_000760.jpg,1,aigc_modern_midjourney_v6,MidjourneyV6
corpora/midjourney_v6/images/midjourney_v6_000761.jpg,1,aigc_modern_midjourney_v6,MidjourneyV6
corpora/midjourney_v6/images/midjourney_v6_000762.jpg,1,aigc_modern_midjourney_v6,MidjourneyV6
corpora/midjourney_v6/images/midjourney_v6_000763.jpg,1,aigc_modern_midjourney_v6,MidjourneyV6
corpora/midjourney_v6/images/midjourney_v6_000764.jpg,1,aigc_modern_midjourney_v6,MidjourneyV6
corpora/midjourney_v6/images/midjourney_v6_000765.jpg,1,aigc_modern_midjourney_v6,MidjourneyV6
corpora/midjourney_v6/images/midjourney_v6_000766.jpg,1,aigc_modern_midjourney_v6,MidjourneyV6
corpora/midjourney_v6/images/midjourney_v6_000767.jpg,1,aigc_modern_midjourney_v6,MidjourneyV6
corpora/midjourney_v6/images/midjourney_v6_000768.jpg,1,aigc_modern_midjourney_v6,MidjourneyV6
corpora/midjourney_v6/images/midjourney_v6_000769.jpg,1,aigc_modern_midjourney_v6,MidjourneyV6
corpora/midjourney_v6/images/midjourney_v6_000770.jpg,1,aigc_modern_midjourney_v6,MidjourneyV6
corpora/midjourney_v6/images/midjourney_v6_000771.jpg,1,aigc_modern_midjourney_v6,MidjourneyV6
corpora/midjourney_v6/images/midjourney_v6_000772.jpg,1,aigc_modern_midjourney_v6,MidjourneyV6
corpora/midjourney_v6/images/midjourney_v6_000773.jpg,1,aigc_modern_midjourney_v6,MidjourneyV6
corpora/midjourney_v6/images/midjourney_v6_000774.jpg,1,aigc_modern_midjourney_v6,MidjourneyV6
corpora/midjourney_v6/images/midjourney_v6_000775.jpg,1,aigc_modern_midjourney_v6,MidjourneyV6
corpora/midjourney_v6/images/midjourney_v6_000776.jpg,1,aigc_modern_midjourney_v6,MidjourneyV6
corpora/midjourney_v6/images/midjourney_v6_000777.jpg,1,aigc_modern_midjourney_v6,MidjourneyV6
corpora/midjourney_v6/images/midjourney_v6_000778.jpg,1,aigc_modern_midjourney_v6,MidjourneyV6
corpora/midjourney_v6/images/midjourney_v6_000779.jpg,1,aigc_modern_midjourney_v6,MidjourneyV6
corpora/midjourney_v6/images/midjourney_v6_000780.jpg,1,aigc_modern_midjourney_v6,MidjourneyV6
corpora/midjourney_v6/images/midjourney_v6_000781.jpg,1,aigc_modern_midjourney_v6,MidjourneyV6
corpora/midjourney_v6/images/midjourney_v6_000782.jpg,1,aigc_modern_midjourney_v6,MidjourneyV6
corpora/midjourney_v6/images/midjourney_v6_000783.jpg,1,aigc_modern_midjourney_v6,MidjourneyV6
corpora/midjourney_v6/images/midjourney_v6_000784.jpg,1,aigc_modern_midjourney_v6,MidjourneyV6
corpora/midjourney_v6/images/midjourney_v6_000785.jpg,1,aigc_modern_midjourney_v6,MidjourneyV6
corpora/midjourney_v6/images/midjourney_v6_000786.jpg,1,aigc_modern_midjourney_v6,MidjourneyV6
corpora/midjourney_v6/images/midjourney_v6_000787.jpg,1,aigc_modern_midjourney_v6,MidjourneyV6
corpora/midjourney_v6/images/midjourney_v6_000788.jpg,1,aigc_modern_midjourney_v6,MidjourneyV6
corpora/midjourney_v6/images/midjourney_v6_000789.jpg,1,aigc_modern_midjourney_v6,MidjourneyV6
corpora/midjourney_v6/images/midjourney_v6_000790.jpg,1,aigc_modern_midjourney_v6,MidjourneyV6
corpora/midjourney_v6/images/midjourney_v6_000791.jpg,1,aigc_modern_midjourney_v6,MidjourneyV6
corpora/midjourney_v6/images/midjourney_v6_000792.jpg,1,aigc_modern_midjourney_v6,MidjourneyV6
corpora/midjourney_v6/images/midjourney_v6_000793.jpg,1,aigc_modern_midjourney_v6,MidjourneyV6
corpora/midjourney_v6/images/midjourney_v6_000794.jpg,1,aigc_modern_midjourney_v6,MidjourneyV6
corpora/midjourney_v6/images/midjourney_v6_000795.jpg,1,aigc_modern_midjourney_v6,MidjourneyV6
corpora/midjourney_v6/images/midjourney_v6_000796.jpg,1,aigc_modern_midjourney_v6,MidjourneyV6
corpora/midjourney_v6/images/midjourney_v6_000797.jpg,1,aigc_modern_midjourney_v6,MidjourneyV6
corpora/midjourney_v6/images/midjourney_v6_000798.jpg,1,aigc_modern_midjourney_v6,MidjourneyV6
corpora/midjourney_v6/images/midjourney_v6_000799.jpg,1,aigc_modern_midjourney_v6,MidjourneyV6
corpora/midjourney_v6/images/midjourney_v6_000800.jpg,1,aigc_modern_midjourney_v6,MidjourneyV6
corpora/midjourney_v6/images/midjourney_v6_000801.jpg,1,aigc_modern_midjourney_v6,MidjourneyV6
corpora/midjourney_v6/images/midjourney_v6_000802.jpg,1,aigc_modern_midjourney_v6,MidjourneyV6
corpora/midjourney_v6/images/midjourney_v6_000803.jpg,1,aigc_modern_midjourney_v6,MidjourneyV6
corpora/midjourney_v6/images/midjourney_v6_000804.jpg,1,aigc_modern_midjourney_v6,MidjourneyV6
corpora/midjourney_v6/images/midjourney_v6_000805.jpg,1,aigc_modern_midjourney_v6,MidjourneyV6
corpora/midjourney_v6/images/midjourney_v6_000806.jpg,1,aigc_modern_midjourney_v6,MidjourneyV6
corpora/midjourney_v6/images/midjourney_v6_000807.jpg,1,aigc_modern_midjourney_v6,MidjourneyV6
corpora/midjourney_v6/images/midjourney_v6_000808.jpg,1,aigc_modern_midjourney_v6,MidjourneyV6
corpora/midjourney_v6/images/midjourney_v6_000809.jpg,1,aigc_modern_midjourney_v6,MidjourneyV6
corpora/midjourney_v6/images/midjourney_v6_000810.jpg,1,aigc_modern_midjourney_v6,MidjourneyV6
corpora/midjourney_v6/images/midjourney_v6_000811.jpg,1,aigc_modern_midjourney_v6,MidjourneyV6
corpora/midjourney_v6/images/midjourney_v6_000812.jpg,1,aigc_modern_midjourney_v6,MidjourneyV6
corpora/midjourney_v6/images/midjourney_v6_000813.jpg,1,aigc_modern_midjourney_v6,MidjourneyV6
corpora/midjourney_v6/images/midjourney_v6_000814.jpg,1,aigc_modern_midjourney_v6,MidjourneyV6
corpora/midjourney_v6/images/midjourney_v6_000815.jpg,1,aigc_modern_midjourney_v6,MidjourneyV6
corpora/midjourney_v6/images/midjourney_v6_000816.jpg,1,aigc_modern_midjourney_v6,MidjourneyV6
corpora/midjourney_v6/images/midjourney_v6_000817.jpg,1,aigc_modern_midjourney_v6,MidjourneyV6
corpora/midjourney_v6/images/midjourney_v6_000818.jpg,1,aigc_modern_midjourney_v6,MidjourneyV6
corpora/midjourney_v6/images/midjourney_v6_000819.jpg,1,aigc_modern_midjourney_v6,MidjourneyV6
corpora/midjourney_v6/images/midjourney_v6_000820.jpg,1,aigc_modern_midjourney_v6,MidjourneyV6
corpora/midjourney_v6/images/midjourney_v6_000821.jpg,1,aigc_modern_midjourney_v6,MidjourneyV6
corpora/midjourney_v6/images/midjourney_v6_000822.jpg,1,aigc_modern_midjourney_v6,MidjourneyV6
corpora/midjourney_v6/images/midjourney_v6_000823.jpg,1,aigc_modern_midjourney_v6,MidjourneyV6
corpora/midjourney_v6/images/midjourney_v6_000824.jpg,1,aigc_modern_midjourney_v6,MidjourneyV6
corpora/midjourney_v6/images/midjourney_v6_000825.jpg,1,aigc_modern_midjourney_v6,MidjourneyV6
corpora/midjourney_v6/images/midjourney_v6_000826.jpg,1,aigc_modern_midjourney_v6,MidjourneyV6
corpora/midjourney_v6/images/midjourney_v6_000827.jpg,1,aigc_modern_midjourney_v6,MidjourneyV6
corpora/midjourney_v6/images/midjourney_v6_000828.jpg,1,aigc_modern_midjourney_v6,MidjourneyV6
corpora/midjourney_v6/images/midjourney_v6_000829.jpg,1,aigc_modern_midjourney_v6,MidjourneyV6
corpora/midjourney_v6/images/midjourney_v6_000830.jpg,1,aigc_modern_midjourney_v6,MidjourneyV6
corpora/midjourney_v6/images/midjourney_v6_000831.jpg,1,aigc_modern_midjourney_v6,MidjourneyV6
corpora/midjourney_v6/images/midjourney_v6_000832.jpg,1,aigc_modern_midjourney_v6,MidjourneyV6
corpora/midjourney_v6/images/midjourney_v6_000833.jpg,1,aigc_modern_midjourney_v6,MidjourneyV6
corpora/midjourney_v6/images/midjourney_v6_000834.jpg,1,aigc_modern_midjourney_v6,MidjourneyV6
corpora/midjourney_v6/images/midjourney_v6_000835.jpg,1,aigc_modern_midjourney_v6,MidjourneyV6
corpora/midjourney_v6/images/midjourney_v6_000836.jpg,1,aigc_modern_midjourney_v6,MidjourneyV6
corpora/midjourney_v6/images/midjourney_v6_000837.jpg,1,aigc_modern_midjourney_v6,MidjourneyV6
corpora/midjourney_v6/images/midjourney_v6_000838.jpg,1,aigc_modern_midjourney_v6,MidjourneyV6
corpora/midjourney_v6/images/midjourney_v6_000839.jpg,1,aigc_modern_midjourney_v6,MidjourneyV6
corpora/midjourney_v6/images/midjourney_v6_000840.jpg,1,aigc_modern_midjourney_v6,MidjourneyV6
corpora/midjourney_v6/images/midjourney_v6_000841.jpg,1,aigc_modern_midjourney_v6,MidjourneyV6
corpora/midjourney_v6/images/midjourney_v6_000842.jpg,1,aigc_modern_midjourney_v6,MidjourneyV6
corpora/midjourney_v6/images/midjourney_v6_000843.jpg,1,aigc_modern_midjourney_v6,MidjourneyV6
corpora/midjourney_v6/images/midjourney_v6_000844.jpg,1,aigc_modern_midjourney_v6,MidjourneyV6
corpora/midjourney_v6/images/midjourney_v6_000845.jpg,1,aigc_modern_midjourney_v6,MidjourneyV6
corpora/midjourney_v6/images/midjourney_v6_000846.jpg,1,aigc_modern_midjourney_v6,MidjourneyV6
corpora/midjourney_v6/images/midjourney_v6_000847.jpg,1,aigc_modern_midjourney_v6,MidjourneyV6
corpora/midjourney_v6/images/midjourney_v6_000848.jpg,1,aigc_modern_midjourney_v6,MidjourneyV6
corpora/midjourney_v6/images/midjourney_v6_000849.jpg,1,aigc_modern_midjourney_v6,MidjourneyV6
corpora/midjourney_v6/images/midjourney_v6_000850.jpg,1,aigc_modern_midjourney_v6,MidjourneyV6
corpora/midjourney_v6/images/midjourney_v6_000851.jpg,1,aigc_modern_midjourney_v6,MidjourneyV6
corpora/midjourney_v6/images/midjourney_v6_000852.jpg,1,aigc_modern_midjourney_v6,MidjourneyV6
corpora/midjourney_v6/images/midjourney_v6_000853.jpg,1,aigc_modern_midjourney_v6,MidjourneyV6
corpora/midjourney_v6/images/midjourney_v6_000854.jpg,1,aigc_modern_midjourney_v6,MidjourneyV6
corpora/midjourney_v6/images/midjourney_v6_000855.jpg,1,aigc_modern_midjourney_v6,MidjourneyV6
corpora/midjourney_v6/images/midjourney_v6_000856.jpg,1,aigc_modern_midjourney_v6,MidjourneyV6
corpora/midjourney_v6/images/midjourney_v6_000857.jpg,1,aigc_modern_midjourney_v6,MidjourneyV6
corpora/midjourney_v6/images/midjourney_v6_000858.jpg,1,aigc_modern_midjourney_v6,MidjourneyV6
corpora/midjourney_v6/images/midjourney_v6_000859.jpg,1,aigc_modern_midjourney_v6,MidjourneyV6
corpora/midjourney_v6/images/midjourney_v6_000860.jpg,1,aigc_modern_midjourney_v6,MidjourneyV6
corpora/midjourney_v6/images/midjourney_v6_000861.jpg,1,aigc_modern_midjourney_v6,MidjourneyV6
corpora/midjourney_v6/images/midjourney_v6_000862.jpg,1,aigc_modern_midjourney_v6,MidjourneyV6
corpora/midjourney_v6/images/midjourney_v6_000863.jpg,1,aigc_modern_midjourney_v6,MidjourneyV6
corpora/midjourney_v6/images/midjourney_v6_000864.jpg,1,aigc_modern_midjourney_v6,MidjourneyV6
corpora/midjourney_v6/images/midjourney_v6_000865.jpg,1,aigc_modern_midjourney_v6,MidjourneyV6
corpora/midjourney_v6/images/midjourney_v6_000866.jpg,1,aigc_modern_midjourney_v6,MidjourneyV6
corpora/midjourney_v6/images/midjourney_v6_000867.jpg,1,aigc_modern_midjourney_v6,MidjourneyV6
corpora/midjourney_v6/images/midjourney_v6_000868.jpg,1,aigc_modern_midjourney_v6,MidjourneyV6
corpora/midjourney_v6/images/midjourney_v6_000869.jpg,1,aigc_modern_midjourney_v6,MidjourneyV6
corpora/midjourney_v6/images/midjourney_v6_000870.jpg,1,aigc_modern_midjourney_v6,MidjourneyV6
corpora/midjourney_v6/images/midjourney_v6_000871.jpg,1,aigc_modern_midjourney_v6,MidjourneyV6
corpora/midjourney_v6/images/midjourney_v6_000872.jpg,1,aigc_modern_midjourney_v6,MidjourneyV6
corpora/midjourney_v6/images/midjourney_v6_000873.jpg,1,aigc_modern_midjourney_v6,MidjourneyV6
corpora/midjourney_v6/images/midjourney_v6_000874.jpg,1,aigc_modern_midjourney_v6,MidjourneyV6
corpora/midjourney_v6/images/midjourney_v6_000875.jpg,1,aigc_modern_midjourney_v6,MidjourneyV6
corpora/midjourney_v6/images/midjourney_v6_000876.jpg,1,aigc_modern_midjourney_v6,MidjourneyV6
corpora/midjourney_v6/images/midjourney_v6_000877.jpg,1,aigc_modern_midjourney_v6,MidjourneyV6
corpora/midjourney_v6/images/midjourney_v6_000878.jpg,1,aigc_modern_midjourney_v6,MidjourneyV6
corpora/midjourney_v6/images/midjourney_v6_000879.jpg,1,aigc_modern_midjourney_v6,MidjourneyV6
corpora/midjourney_v6/images/midjourney_v6_000880.jpg,1,aigc_modern_midjourney_v6,MidjourneyV6
corpora/midjourney_v6/images/midjourney_v6_000881.jpg,1,aigc_modern_midjourney_v6,MidjourneyV6
corpora/midjourney_v6/images/midjourney_v6_000882.jpg,1,aigc_modern_midjourney_v6,MidjourneyV6
corpora/midjourney_v6/images/midjourney_v6_000883.jpg,1,aigc_modern_midjourney_v6,MidjourneyV6
corpora/midjourney_v6/images/midjourney_v6_000884.jpg,1,aigc_modern_midjourney_v6,MidjourneyV6
corpora/midjourney_v6/images/midjourney_v6_000885.jpg,1,aigc_modern_midjourney_v6,MidjourneyV6
corpora/midjourney_v6/images/midjourney_v6_000886.jpg,1,aigc_modern_midjourney_v6,MidjourneyV6
corpora/midjourney_v6/images/midjourney_v6_000887.jpg,1,aigc_modern_midjourney_v6,MidjourneyV6
corpora/midjourney_v6/images/midjourney_v6_000888.jpg,1,aigc_modern_midjourney_v6,MidjourneyV6
corpora/midjourney_v6/images/midjourney_v6_000889.jpg,1,aigc_modern_midjourney_v6,MidjourneyV6
corpora/midjourney_v6/images/midjourney_v6_000890.jpg,1,aigc_modern_midjourney_v6,MidjourneyV6
corpora/midjourney_v6/images/midjourney_v6_000891.jpg,1,aigc_modern_midjourney_v6,MidjourneyV6
corpora/midjourney_v6/images/midjourney_v6_000892.jpg,1,aigc_modern_midjourney_v6,MidjourneyV6
corpora/midjourney_v6/images/midjourney_v6_000893.jpg,1,aigc_modern_midjourney_v6,MidjourneyV6
corpora/midjourney_v6/images/midjourney_v6_000894.jpg,1,aigc_modern_midjourney_v6,MidjourneyV6
corpora/midjourney_v6/images/midjourney_v6_000895.jpg,1,aigc_modern_midjourney_v6,MidjourneyV6
corpora/midjourney_v6/images/midjourney_v6_000896.jpg,1,aigc_modern_midjourney_v6,MidjourneyV6
corpora/midjourney_v6/images/midjourney_v6_000897.jpg,1,aigc_modern_midjourney_v6,MidjourneyV6
corpora/midjourney_v6/images/midjourney_v6_000898.jpg,1,aigc_modern_midjourney_v6,MidjourneyV6
corpora/midjourney_v6/images/midjourney_v6_000899.jpg,1,aigc_modern_midjourney_v6,MidjourneyV6
corpora/midjourney_v6/images/midjourney_v6_000900.jpg,1,aigc_modern_midjourney_v6,MidjourneyV6
corpora/midjourney_v6/images/midjourney_v6_000901.jpg,1,aigc_modern_midjourney_v6,MidjourneyV6
corpora/midjourney_v6/images/midjourney_v6_000902.jpg,1,aigc_modern_midjourney_v6,MidjourneyV6
corpora/midjourney_v6/images/midjourney_v6_000903.jpg,1,aigc_modern_midjourney_v6,MidjourneyV6
corpora/midjourney_v6/images/midjourney_v6_000904.jpg,1,aigc_modern_midjourney_v6,MidjourneyV6
corpora/midjourney_v6/images/midjourney_v6_000905.jpg,1,aigc_modern_midjourney_v6,MidjourneyV6
corpora/midjourney_v6/images/midjourney_v6_000906.jpg,1,aigc_modern_midjourney_v6,MidjourneyV6
corpora/midjourney_v6/images/midjourney_v6_000907.jpg,1,aigc_modern_midjourney_v6,MidjourneyV6
corpora/midjourney_v6/images/midjourney_v6_000908.jpg,1,aigc_modern_midjourney_v6,MidjourneyV6
corpora/midjourney_v6/images/midjourney_v6_000909.jpg,1,aigc_modern_midjourney_v6,MidjourneyV6
corpora/midjourney_v6/images/midjourney_v6_000910.jpg,1,aigc_modern_midjourney_v6,MidjourneyV6
corpora/midjourney_v6/images/midjourney_v6_000911.jpg,1,aigc_modern_midjourney_v6,MidjourneyV6
corpora/midjourney_v6/images/midjourney_v6_000912.jpg,1,aigc_modern_midjourney_v6,MidjourneyV6
corpora/midjourney_v6/images/midjourney_v6_000913.jpg,1,aigc_modern_midjourney_v6,MidjourneyV6
corpora/midjourney_v6/images/midjourney_v6_000914.jpg,1,aigc_modern_midjourney_v6,MidjourneyV6
corpora/midjourney_v6/images/midjourney_v6_000915.jpg,1,aigc_modern_midjourney_v6,MidjourneyV6
corpora/midjourney_v6/images/midjourney_v6_000916.jpg,1,aigc_modern_midjourney_v6,MidjourneyV6
corpora/midjourney_v6/images/midjourney_v6_000917.jpg,1,aigc_modern_midjourney_v6,MidjourneyV6
corpora/midjourney_v6/images/midjourney_v6_000918.jpg,1,aigc_modern_midjourney_v6,MidjourneyV6
corpora/midjourney_v6/images/midjourney_v6_000919.jpg,1,aigc_modern_midjourney_v6,MidjourneyV6
corpora/midjourney_v6/images/midjourney_v6_000920.jpg,1,aigc_modern_midjourney_v6,MidjourneyV6
corpora/midjourney_v6/images/midjourney_v6_000921.jpg,1,aigc_modern_midjourney_v6,MidjourneyV6
corpora/midjourney_v6/images/midjourney_v6_000922.jpg,1,aigc_modern_midjourney_v6,MidjourneyV6
corpora/midjourney_v6/images/midjourney_v6_000923.jpg,1,aigc_modern_midjourney_v6,MidjourneyV6
corpora/midjourney_v6/images/midjourney_v6_000924.jpg,1,aigc_modern_midjourney_v6,MidjourneyV6
corpora/midjourney_v6/images/midjourney_v6_000925.jpg,1,aigc_modern_midjourney_v6,MidjourneyV6
corpora/midjourney_v6/images/midjourney_v6_000926.jpg,1,aigc_modern_midjourney_v6,MidjourneyV6
corpora/midjourney_v6/images/midjourney_v6_000927.jpg,1,aigc_modern_midjourney_v6,MidjourneyV6
corpora/midjourney_v6/images/midjourney_v6_000928.jpg,1,aigc_modern_midjourney_v6,MidjourneyV6
corpora/midjourney_v6/images/midjourney_v6_000929.jpg,1,aigc_modern_midjourney_v6,MidjourneyV6
corpora/midjourney_v6/images/midjourney_v6_000930.jpg,1,aigc_modern_midjourney_v6,MidjourneyV6
corpora/midjourney_v6/images/midjourney_v6_000931.jpg,1,aigc_modern_midjourney_v6,MidjourneyV6
corpora/midjourney_v6/images/midjourney_v6_000932.jpg,1,aigc_modern_midjourney_v6,MidjourneyV6
corpora/midjourney_v6/images/midjourney_v6_000933.jpg,1,aigc_modern_midjourney_v6,MidjourneyV6
corpora/midjourney_v6/images/midjourney_v6_000934.jpg,1,aigc_modern_midjourney_v6,MidjourneyV6
corpora/midjourney_v6/images/midjourney_v6_000935.jpg,1,aigc_modern_midjourney_v6,MidjourneyV6
corpora/midjourney_v6/images/midjourney_v6_000936.jpg,1,aigc_modern_midjourney_v6,MidjourneyV6
corpora/midjourney_v6/images/midjourney_v6_000937.jpg,1,aigc_modern_midjourney_v6,MidjourneyV6
corpora/midjourney_v6/images/midjourney_v6_000938.jpg,1,aigc_modern_midjourney_v6,MidjourneyV6
corpora/midjourney_v6/images/midjourney_v6_000939.jpg,1,aigc_modern_midjourney_v6,MidjourneyV6
corpora/midjourney_v6/images/midjourney_v6_000940.jpg,1,aigc_modern_midjourney_v6,MidjourneyV6
corpora/midjourney_v6/images/midjourney_v6_000941.jpg,1,aigc_modern_midjourney_v6,MidjourneyV6
corpora/midjourney_v6/images/midjourney_v6_000942.jpg,1,aigc_modern_midjourney_v6,MidjourneyV6
corpora/midjourney_v6/images/midjourney_v6_000943.jpg,1,aigc_modern_midjourney_v6,MidjourneyV6
corpora/midjourney_v6/images/midjourney_v6_000944.jpg,1,aigc_modern_midjourney_v6,MidjourneyV6
corpora/midjourney_v6/images/midjourney_v6_000945.jpg,1,aigc_modern_midjourney_v6,MidjourneyV6
corpora/midjourney_v6/images/midjourney_v6_000946.jpg,1,aigc_modern_midjourney_v6,MidjourneyV6
corpora/midjourney_v6/images/midjourney_v6_000947.jpg,1,aigc_modern_midjourney_v6,MidjourneyV6
corpora/midjourney_v6/images/midjourney_v6_000948.jpg,1,aigc_modern_midjourney_v6,MidjourneyV6
corpora/midjourney_v6/images/midjourney_v6_000949.jpg,1,aigc_modern_midjourney_v6,MidjourneyV6
corpora/midjourney_v6/images/midjourney_v6_000950.jpg,1,aigc_modern_midjourney_v6,MidjourneyV6
corpora/midjourney_v6/images/midjourney_v6_000951.jpg,1,aigc_modern_midjourney_v6,MidjourneyV6
corpora/midjourney_v6/images/midjourney_v6_000952.jpg,1,aigc_modern_midjourney_v6,MidjourneyV6
corpora/midjourney_v6/images/midjourney_v6_000953.jpg,1,aigc_modern_midjourney_v6,MidjourneyV6
corpora/midjourney_v6/images/midjourney_v6_000954.jpg,1,aigc_modern_midjourney_v6,MidjourneyV6
corpora/midjourney_v6/images/midjourney_v6_000955.jpg,1,aigc_modern_midjourney_v6,MidjourneyV6
corpora/midjourney_v6/images/midjourney_v6_000956.jpg,1,aigc_modern_midjourney_v6,MidjourneyV6
corpora/midjourney_v6/images/midjourney_v6_000957.jpg,1,aigc_modern_midjourney_v6,MidjourneyV6
corpora/midjourney_v6/images/midjourney_v6_000958.jpg,1,aigc_modern_midjourney_v6,MidjourneyV6
corpora/midjourney_v6/images/midjourney_v6_000959.jpg,1,aigc_modern_midjourney_v6,MidjourneyV6
corpora/midjourney_v6/images/midjourney_v6_000960.jpg,1,aigc_modern_midjourney_v6,MidjourneyV6
corpora/midjourney_v6/images/midjourney_v6_000961.jpg,1,aigc_modern_midjourney_v6,MidjourneyV6
corpora/midjourney_v6/images/midjourney_v6_000962.jpg,1,aigc_modern_midjourney_v6,MidjourneyV6
corpora/midjourney_v6/images/midjourney_v6_000963.jpg,1,aigc_modern_midjourney_v6,MidjourneyV6
corpora/midjourney_v6/images/midjourney_v6_000964.jpg,1,aigc_modern_midjourney_v6,MidjourneyV6
corpora/midjourney_v6/images/midjourney_v6_000965.jpg,1,aigc_modern_midjourney_v6,MidjourneyV6
corpora/midjourney_v6/images/midjourney_v6_000966.jpg,1,aigc_modern_midjourney_v6,MidjourneyV6
corpora/midjourney_v6/images/midjourney_v6_000967.jpg,1,aigc_modern_midjourney_v6,MidjourneyV6
corpora/midjourney_v6/images/midjourney_v6_000968.jpg,1,aigc_modern_midjourney_v6,MidjourneyV6
corpora/midjourney_v6/images/midjourney_v6_000969.jpg,1,aigc_modern_midjourney_v6,MidjourneyV6
corpora/midjourney_v6/images/midjourney_v6_000970.jpg,1,aigc_modern_midjourney_v6,MidjourneyV6
corpora/midjourney_v6/images/midjourney_v6_000971.jpg,1,aigc_modern_midjourney_v6,MidjourneyV6
corpora/midjourney_v6/images/midjourney_v6_000972.jpg,1,aigc_modern_midjourney_v6,MidjourneyV6
corpora/midjourney_v6/images/midjourney_v6_000973.jpg,1,aigc_modern_midjourney_v6,MidjourneyV6
corpora/midjourney_v6/images/midjourney_v6_000974.jpg,1,aigc_modern_midjourney_v6,MidjourneyV6
corpora/midjourney_v6/images/midjourney_v6_000975.jpg,1,aigc_modern_midjourney_v6,MidjourneyV6
corpora/midjourney_v6/images/midjourney_v6_000976.jpg,1,aigc_modern_midjourney_v6,MidjourneyV6
corpora/midjourney_v6/images/midjourney_v6_000977.jpg,1,aigc_modern_midjourney_v6,MidjourneyV6
corpora/midjourney_v6/images/midjourney_v6_000978.jpg,1,aigc_modern_midjourney_v6,MidjourneyV6
corpora/midjourney_v6/images/midjourney_v6_000979.jpg,1,aigc_modern_midjourney_v6,MidjourneyV6
corpora/midjourney_v6/images/midjourney_v6_000980.jpg,1,aigc_modern_midjourney_v6,MidjourneyV6
corpora/midjourney_v6/images/midjourney_v6_000981.jpg,1,aigc_modern_midjourney_v6,MidjourneyV6
corpora/midjourney_v6/images/midjourney_v6_000982.jpg,1,aigc_modern_midjourney_v6,MidjourneyV6
corpora/midjourney_v6/images/midjourney_v6_000983.jpg,1,aigc_modern_midjourney_v6,MidjourneyV6
corpora/midjourney_v6/images/midjourney_v6_000984.jpg,1,aigc_modern_midjourney_v6,MidjourneyV6
corpora/midjourney_v6/images/midjourney_v6_000985.jpg,1,aigc_modern_midjourney_v6,MidjourneyV6
corpora/midjourney_v6/images/midjourney_v6_000986.jpg,1,aigc_modern_midjourney_v6,MidjourneyV6
corpora/midjourney_v6/images/midjourney_v6_000987.jpg,1,aigc_modern_midjourney_v6,MidjourneyV6
corpora/midjourney_v6/images/midjourney_v6_000988.jpg,1,aigc_modern_midjourney_v6,MidjourneyV6
corpora/midjourney_v6/images/midjourney_v6_000989.jpg,1,aigc_modern_midjourney_v6,MidjourneyV6
corpora/midjourney_v6/images/midjourney_v6_000990.jpg,1,aigc_modern_midjourney_v6,MidjourneyV6
corpora/midjourney_v6/images/midjourney_v6_000991.jpg,1,aigc_modern_midjourney_v6,MidjourneyV6
corpora/midjourney_v6/images/midjourney_v6_000992.jpg,1,aigc_modern_midjourney_v6,MidjourneyV6
corpora/midjourney_v6/images/midjourney_v6_000993.jpg,1,aigc_modern_midjourney_v6,MidjourneyV6
corpora/midjourney_v6/images/midjourney_v6_000994.jpg,1,aigc_modern_midjourney_v6,MidjourneyV6
corpora/midjourney_v6/images/midjourney_v6_000995.jpg,1,aigc_modern_midjourney_v6,MidjourneyV6
corpora/midjourney_v6/images/midjourney_v6_000996.jpg,1,aigc_modern_midjourney_v6,MidjourneyV6
corpora/midjourney_v6/images/midjourney_v6_000997.jpg,1,aigc_modern_midjourney_v6,MidjourneyV6
corpora/midjourney_v6/images/midjourney_v6_000998.jpg,1,aigc_modern_midjourney_v6,MidjourneyV6
corpora/midjourney_v6/images/midjourney_v6_000999.jpg,1,aigc_modern_midjourney_v6,MidjourneyV6
corpora/midjourney_v6/images/midjourney_v6_001000.jpg,1,aigc_modern_midjourney_v6,MidjourneyV6
corpora/midjourney_v6/images/midjourney_v6_001001.jpg,1,aigc_modern_midjourney_v6,MidjourneyV6
corpora/midjourney_v6/images/midjourney_v6_001002.jpg,1,aigc_modern_midjourney_v6,MidjourneyV6
corpora/midjourney_v6/images/midjourney_v6_001003.jpg,1,aigc_modern_midjourney_v6,MidjourneyV6
corpora/midjourney_v6/images/midjourney_v6_001004.jpg,1,aigc_modern_midjourney_v6,MidjourneyV6
corpora/midjourney_v6/images/midjourney_v6_001005.jpg,1,aigc_modern_midjourney_v6,MidjourneyV6
corpora/midjourney_v6/images/midjourney_v6_001006.jpg,1,aigc_modern_midjourney_v6,MidjourneyV6
corpora/midjourney_v6/images/midjourney_v6_001007.jpg,1,aigc_modern_midjourney_v6,MidjourneyV6
corpora/midjourney_v6/images/midjourney_v6_001008.jpg,1,aigc_modern_midjourney_v6,MidjourneyV6
corpora/midjourney_v6/images/midjourney_v6_001009.jpg,1,aigc_modern_midjourney_v6,MidjourneyV6
corpora/midjourney_v6/images/midjourney_v6_001010.jpg,1,aigc_modern_midjourney_v6,MidjourneyV6
corpora/midjourney_v6/images/midjourney_v6_001011.jpg,1,aigc_modern_midjourney_v6,MidjourneyV6
corpora/midjourney_v6/images/midjourney_v6_001012.jpg,1,aigc_modern_midjourney_v6,MidjourneyV6
corpora/midjourney_v6/images/midjourney_v6_001013.jpg,1,aigc_modern_midjourney_v6,MidjourneyV6
corpora/midjourney_v6/images/midjourney_v6_001014.jpg,1,aigc_modern_midjourney_v6,MidjourneyV6
corpora/midjourney_v6/images/midjourney_v6_001015.jpg,1,aigc_modern_midjourney_v6,MidjourneyV6
corpora/midjourney_v6/images/midjourney_v6_001016.jpg,1,aigc_modern_midjourney_v6,MidjourneyV6
corpora/midjourney_v6/images/midjourney_v6_001017.jpg,1,aigc_modern_midjourney_v6,MidjourneyV6
corpora/midjourney_v6/images/midjourney_v6_001018.jpg,1,aigc_modern_midjourney_v6,MidjourneyV6
corpora/midjourney_v6/images/midjourney_v6_001019.jpg,1,aigc_modern_midjourney_v6,MidjourneyV6
corpora/midjourney_v6/images/midjourney_v6_001020.jpg,1,aigc_modern_midjourney_v6,MidjourneyV6
corpora/midjourney_v6/images/midjourney_v6_001021.jpg,1,aigc_modern_midjourney_v6,MidjourneyV6
corpora/midjourney_v6/images/midjourney_v6_001022.jpg,1,aigc_modern_midjourney_v6,MidjourneyV6
corpora/midjourney_v6/images/midjourney_v6_001023.jpg,1,aigc_modern_midjourney_v6,MidjourneyV6
corpora/midjourney_v6/images/midjourney_v6_001024.jpg,1,aigc_modern_midjourney_v6,MidjourneyV6
corpora/midjourney_v6/images/midjourney_v6_001025.jpg,1,aigc_modern_midjourney_v6,MidjourneyV6
corpora/midjourney_v6/images/midjourney_v6_001026.jpg,1,aigc_modern_midjourney_v6,MidjourneyV6
corpora/midjourney_v6/images/midjourney_v6_001027.jpg,1,aigc_modern_midjourney_v6,MidjourneyV6
corpora/midjourney_v6/images/midjourney_v6_001028.jpg,1,aigc_modern_midjourney_v6,MidjourneyV6
corpora/midjourney_v6/images/midjourney_v6_001029.jpg,1,aigc_modern_midjourney_v6,MidjourneyV6
corpora/midjourney_v6/images/midjourney_v6_001030.jpg,1,aigc_modern_midjourney_v6,MidjourneyV6
corpora/midjourney_v6/images/midjourney_v6_001031.jpg,1,aigc_modern_midjourney_v6,MidjourneyV6
corpora/midjourney_v6/images/midjourney_v6_001032.jpg,1,aigc_modern_midjourney_v6,MidjourneyV6
corpora/midjourney_v6/images/midjourney_v6_001033.jpg,1,aigc_modern_midjourney_v6,MidjourneyV6
corpora/midjourney_v6/images/midjourney_v6_001034.jpg,1,aigc_modern_midjourney_v6,MidjourneyV6
corpora/midjourney_v6/images/midjourney_v6_001035.jpg,1,aigc_modern_midjourney_v6,MidjourneyV6
corpora/midjourney_v6/images/midjourney_v6_001036.jpg,1,aigc_modern_midjourney_v6,MidjourneyV6
corpora/midjourney_v6/images/midjourney_v6_001037.jpg,1,aigc_modern_midjourney_v6,MidjourneyV6
corpora/midjourney_v6/images/midjourney_v6_001038.jpg,1,aigc_modern_midjourney_v6,MidjourneyV6
corpora/midjourney_v6/images/midjourney_v6_001039.jpg,1,aigc_modern_midjourney_v6,MidjourneyV6
corpora/midjourney_v6/images/midjourney_v6_001040.jpg,1,aigc_modern_midjourney_v6,MidjourneyV6
corpora/midjourney_v6/images/midjourney_v6_001041.jpg,1,aigc_modern_midjourney_v6,MidjourneyV6
corpora/midjourney_v6/images/midjourney_v6_001042.jpg,1,aigc_modern_midjourney_v6,MidjourneyV6
corpora/midjourney_v6/images/midjourney_v6_001043.jpg,1,aigc_modern_midjourney_v6,MidjourneyV6
corpora/midjourney_v6/images/midjourney_v6_001044.jpg,1,aigc_modern_midjourney_v6,MidjourneyV6
corpora/midjourney_v6/images/midjourney_v6_001045.jpg,1,aigc_modern_midjourney_v6,MidjourneyV6
corpora/midjourney_v6/images/midjourney_v6_001046.jpg,1,aigc_modern_midjourney_v6,MidjourneyV6
corpora/midjourney_v6/images/midjourney_v6_001047.jpg,1,aigc_modern_midjourney_v6,MidjourneyV6
corpora/midjourney_v6/images/midjourney_v6_001048.jpg,1,aigc_modern_midjourney_v6,MidjourneyV6
corpora/midjourney_v6/images/midjourney_v6_001049.jpg,1,aigc_modern_midjourney_v6,MidjourneyV6
corpora/midjourney_v6/images/midjourney_v6_001050.jpg,1,aigc_modern_midjourney_v6,MidjourneyV6
corpora/midjourney_v6/images/midjourney_v6_001051.jpg,1,aigc_modern_midjourney_v6,MidjourneyV6
corpora/midjourney_v6/images/midjourney_v6_001052.jpg,1,aigc_modern_midjourney_v6,MidjourneyV6
corpora/midjourney_v6/images/midjourney_v6_001053.jpg,1,aigc_modern_midjourney_v6,MidjourneyV6
corpora/midjourney_v6/images/midjourney_v6_001054.jpg,1,aigc_modern_midjourney_v6,MidjourneyV6
corpora/midjourney_v6/images/midjourney_v6_001055.jpg,1,aigc_modern_midjourney_v6,MidjourneyV6
corpora/midjourney_v6/images/midjourney_v6_001056.jpg,1,aigc_modern_midjourney_v6,MidjourneyV6
corpora/midjourney_v6/images/midjourney_v6_001057.jpg,1,aigc_modern_midjourney_v6,MidjourneyV6
corpora/midjourney_v6/images/midjourney_v6_001058.jpg,1,aigc_modern_midjourney_v6,MidjourneyV6
corpora/midjourney_v6/images/midjourney_v6_001059.jpg,1,aigc_modern_midjourney_v6,MidjourneyV6
corpora/midjourney_v6/images/midjourney_v6_001060.jpg,1,aigc_modern_midjourney_v6,MidjourneyV6
corpora/midjourney_v6/images/midjourney_v6_001061.jpg,1,aigc_modern_midjourney_v6,MidjourneyV6
corpora/midjourney_v6/images/midjourney_v6_001062.jpg,1,aigc_modern_midjourney_v6,MidjourneyV6
corpora/midjourney_v6/images/midjourney_v6_001063.jpg,1,aigc_modern_midjourney_v6,MidjourneyV6
corpora/midjourney_v6/images/midjourney_v6_001064.jpg,1,aigc_modern_midjourney_v6,MidjourneyV6
corpora/midjourney_v6/images/midjourney_v6_001065.jpg,1,aigc_modern_midjourney_v6,MidjourneyV6
corpora/midjourney_v6/images/midjourney_v6_001066.jpg,1,aigc_modern_midjourney_v6,MidjourneyV6
corpora/midjourney_v6/images/midjourney_v6_001067.jpg,1,aigc_modern_midjourney_v6,MidjourneyV6
corpora/midjourney_v6/images/midjourney_v6_001068.jpg,1,aigc_modern_midjourney_v6,MidjourneyV6
corpora/midjourney_v6/images/midjourney_v6_001069.jpg,1,aigc_modern_midjourney_v6,MidjourneyV6
corpora/midjourney_v6/images/midjourney_v6_001070.jpg,1,aigc_modern_midjourney_v6,MidjourneyV6
corpora/midjourney_v6/images/midjourney_v6_001071.jpg,1,aigc_modern_midjourney_v6,MidjourneyV6
corpora/midjourney_v6/images/midjourney_v6_001072.jpg,1,aigc_modern_midjourney_v6,MidjourneyV6
corpora/midjourney_v6/images/midjourney_v6_001073.jpg,1,aigc_modern_midjourney_v6,MidjourneyV6
corpora/midjourney_v6/images/midjourney_v6_001074.jpg,1,aigc_modern_midjourney_v6,MidjourneyV6
corpora/midjourney_v6/images/midjourney_v6_001075.jpg,1,aigc_modern_midjourney_v6,MidjourneyV6
corpora/midjourney_v6/images/midjourney_v6_001076.jpg,1,aigc_modern_midjourney_v6,MidjourneyV6
corpora/midjourney_v6/images/midjourney_v6_001077.jpg,1,aigc_modern_midjourney_v6,MidjourneyV6
corpora/midjourney_v6/images/midjourney_v6_001078.jpg,1,aigc_modern_midjourney_v6,MidjourneyV6
corpora/midjourney_v6/images/midjourney_v6_001079.jpg,1,aigc_modern_midjourney_v6,MidjourneyV6
corpora/midjourney_v6/images/midjourney_v6_001080.jpg,1,aigc_modern_midjourney_v6,MidjourneyV6
corpora/midjourney_v6/images/midjourney_v6_001081.jpg,1,aigc_modern_midjourney_v6,MidjourneyV6
corpora/midjourney_v6/images/midjourney_v6_001082.jpg,1,aigc_modern_midjourney_v6,MidjourneyV6
corpora/midjourney_v6/images/midjourney_v6_001083.jpg,1,aigc_modern_midjourney_v6,MidjourneyV6
corpora/midjourney_v6/images/midjourney_v6_001084.jpg,1,aigc_modern_midjourney_v6,MidjourneyV6
corpora/midjourney_v6/images/midjourney_v6_001085.jpg,1,aigc_modern_midjourney_v6,MidjourneyV6
corpora/midjourney_v6/images/midjourney_v6_001086.jpg,1,aigc_modern_midjourney_v6,MidjourneyV6
corpora/midjourney_v6/images/midjourney_v6_001087.jpg,1,aigc_modern_midjourney_v6,MidjourneyV6
corpora/midjourney_v6/images/midjourney_v6_001088.jpg,1,aigc_modern_midjourney_v6,MidjourneyV6
corpora/midjourney_v6/images/midjourney_v6_001089.jpg,1,aigc_modern_midjourney_v6,MidjourneyV6
corpora/midjourney_v6/images/midjourney_v6_001090.jpg,1,aigc_modern_midjourney_v6,MidjourneyV6
corpora/midjourney_v6/images/midjourney_v6_001091.jpg,1,aigc_modern_midjourney_v6,MidjourneyV6
corpora/midjourney_v6/images/midjourney_v6_001092.jpg,1,aigc_modern_midjourney_v6,MidjourneyV6
corpora/midjourney_v6/images/midjourney_v6_001093.jpg,1,aigc_modern_midjourney_v6,MidjourneyV6
corpora/midjourney_v6/images/midjourney_v6_001094.jpg,1,aigc_modern_midjourney_v6,MidjourneyV6
corpora/midjourney_v6/images/midjourney_v6_001095.jpg,1,aigc_modern_midjourney_v6,MidjourneyV6
corpora/midjourney_v6/images/midjourney_v6_001096.jpg,1,aigc_modern_midjourney_v6,MidjourneyV6
corpora/midjourney_v6/images/midjourney_v6_001097.jpg,1,aigc_modern_midjourney_v6,MidjourneyV6
corpora/midjourney_v6/images/midjourney_v6_001098.jpg,1,aigc_modern_midjourney_v6,MidjourneyV6
corpora/midjourney_v6/images/midjourney_v6_001099.jpg,1,aigc_modern_midjourney_v6,MidjourneyV6
corpora/midjourney_v6/images/midjourney_v6_001100.jpg,1,aigc_modern_midjourney_v6,MidjourneyV6
corpora/midjourney_v6/images/midjourney_v6_001101.jpg,1,aigc_modern_midjourney_v6,MidjourneyV6
corpora/midjourney_v6/images/midjourney_v6_001102.jpg,1,aigc_modern_midjourney_v6,MidjourneyV6
corpora/midjourney_v6/images/midjourney_v6_001103.jpg,1,aigc_modern_midjourney_v6,MidjourneyV6
corpora/midjourney_v6/images/midjourney_v6_001104.jpg,1,aigc_modern_midjourney_v6,MidjourneyV6
corpora/midjourney_v6/images/midjourney_v6_001105.jpg,1,aigc_modern_midjourney_v6,MidjourneyV6
corpora/midjourney_v6/images/midjourney_v6_001106.jpg,1,aigc_modern_midjourney_v6,MidjourneyV6
corpora/midjourney_v6/images/midjourney_v6_001107.jpg,1,aigc_modern_midjourney_v6,MidjourneyV6
corpora/midjourney_v6/images/midjourney_v6_001108.jpg,1,aigc_modern_midjourney_v6,MidjourneyV6
corpora/midjourney_v6/images/midjourney_v6_001109.jpg,1,aigc_modern_midjourney_v6,MidjourneyV6
corpora/midjourney_v6/images/midjourney_v6_001110.jpg,1,aigc_modern_midjourney_v6,MidjourneyV6
corpora/midjourney_v6/images/midjourney_v6_001111.jpg,1,aigc_modern_midjourney_v6,MidjourneyV6
corpora/midjourney_v6/images/midjourney_v6_001112.jpg,1,aigc_modern_midjourney_v6,MidjourneyV6
corpora/midjourney_v6/images/midjourney_v6_001113.jpg,1,aigc_modern_midjourney_v6,MidjourneyV6
corpora/midjourney_v6/images/midjourney_v6_001114.jpg,1,aigc_modern_midjourney_v6,MidjourneyV6
corpora/midjourney_v6/images/midjourney_v6_001115.jpg,1,aigc_modern_midjourney_v6,MidjourneyV6
corpora/midjourney_v6/images/midjourney_v6_001116.jpg,1,aigc_modern_midjourney_v6,MidjourneyV6
corpora/midjourney_v6/images/midjourney_v6_001117.jpg,1,aigc_modern_midjourney_v6,MidjourneyV6
corpora/midjourney_v6/images/midjourney_v6_001118.jpg,1,aigc_modern_midjourney_v6,MidjourneyV6
corpora/midjourney_v6/images/midjourney_v6_001119.jpg,1,aigc_modern_midjourney_v6,MidjourneyV6
corpora/midjourney_v6/images/midjourney_v6_001120.jpg,1,aigc_modern_midjourney_v6,MidjourneyV6
corpora/midjourney_v6/images/midjourney_v6_001121.jpg,1,aigc_modern_midjourney_v6,MidjourneyV6
corpora/midjourney_v6/images/midjourney_v6_001122.jpg,1,aigc_modern_midjourney_v6,MidjourneyV6
corpora/midjourney_v6/images/midjourney_v6_001123.jpg,1,aigc_modern_midjourney_v6,MidjourneyV6
corpora/midjourney_v6/images/midjourney_v6_001124.jpg,1,aigc_modern_midjourney_v6,MidjourneyV6
corpora/midjourney_v6/images/midjourney_v6_001125.jpg,1,aigc_modern_midjourney_v6,MidjourneyV6
corpora/midjourney_v6/images/midjourney_v6_001126.jpg,1,aigc_modern_midjourney_v6,MidjourneyV6
corpora/midjourney_v6/images/midjourney_v6_001127.jpg,1,aigc_modern_midjourney_v6,MidjourneyV6
corpora/midjourney_v6/images/midjourney_v6_001128.jpg,1,aigc_modern_midjourney_v6,MidjourneyV6
corpora/midjourney_v6/images/midjourney_v6_001129.jpg,1,aigc_modern_midjourney_v6,MidjourneyV6
corpora/midjourney_v6/images/midjourney_v6_001130.jpg,1,aigc_modern_midjourney_v6,MidjourneyV6
corpora/midjourney_v6/images/midjourney_v6_001131.jpg,1,aigc_modern_midjourney_v6,MidjourneyV6
corpora/midjourney_v6/images/midjourney_v6_001132.jpg,1,aigc_modern_midjourney_v6,MidjourneyV6
corpora/midjourney_v6/images/midjourney_v6_001133.jpg,1,aigc_modern_midjourney_v6,MidjourneyV6
corpora/midjourney_v6/images/midjourney_v6_001134.jpg,1,aigc_modern_midjourney_v6,MidjourneyV6
corpora/midjourney_v6/images/midjourney_v6_001135.jpg,1,aigc_modern_midjourney_v6,MidjourneyV6
corpora/midjourney_v6/images/midjourney_v6_001136.jpg,1,aigc_modern_midjourney_v6,MidjourneyV6
corpora/midjourney_v6/images/midjourney_v6_001137.jpg,1,aigc_modern_midjourney_v6,MidjourneyV6
corpora/midjourney_v6/images/midjourney_v6_001138.jpg,1,aigc_modern_midjourney_v6,MidjourneyV6
corpora/midjourney_v6/images/midjourney_v6_001139.jpg,1,aigc_modern_midjourney_v6,MidjourneyV6
corpora/midjourney_v6/images/midjourney_v6_001140.jpg,1,aigc_modern_midjourney_v6,MidjourneyV6
corpora/midjourney_v6/images/midjourney_v6_001141.jpg,1,aigc_modern_midjourney_v6,MidjourneyV6
corpora/midjourney_v6/images/midjourney_v6_001142.jpg,1,aigc_modern_midjourney_v6,MidjourneyV6
corpora/midjourney_v6/images/midjourney_v6_001143.jpg,1,aigc_modern_midjourney_v6,MidjourneyV6
corpora/midjourney_v6/images/midjourney_v6_001144.jpg,1,aigc_modern_midjourney_v6,MidjourneyV6
corpora/midjourney_v6/images/midjourney_v6_001145.jpg,1,aigc_modern_midjourney_v6,MidjourneyV6
corpora/midjourney_v6/images/midjourney_v6_001146.jpg,1,aigc_modern_midjourney_v6,MidjourneyV6
corpora/midjourney_v6/images/midjourney_v6_001147.jpg,1,aigc_modern_midjourney_v6,MidjourneyV6
corpora/midjourney_v6/images/midjourney_v6_001148.jpg,1,aigc_modern_midjourney_v6,MidjourneyV6
corpora/midjourney_v6/images/midjourney_v6_001149.jpg,1,aigc_modern_midjourney_v6,MidjourneyV6
corpora/midjourney_v6/images/midjourney_v6_001150.jpg,1,aigc_modern_midjourney_v6,MidjourneyV6
corpora/midjourney_v6/images/midjourney_v6_001151.jpg,1,aigc_modern_midjourney_v6,MidjourneyV6
corpora/midjourney_v6/images/midjourney_v6_001152.jpg,1,aigc_modern_midjourney_v6,MidjourneyV6
corpora/midjourney_v6/images/midjourney_v6_001153.jpg,1,aigc_modern_midjourney_v6,MidjourneyV6
corpora/midjourney_v6/images/midjourney_v6_001154.jpg,1,aigc_modern_midjourney_v6,MidjourneyV6
corpora/midjourney_v6/images/midjourney_v6_001155.jpg,1,aigc_modern_midjourney_v6,MidjourneyV6
corpora/midjourney_v6/images/midjourney_v6_001156.jpg,1,aigc_modern_midjourney_v6,MidjourneyV6
corpora/midjourney_v6/images/midjourney_v6_001157.jpg,1,aigc_modern_midjourney_v6,MidjourneyV6
corpora/midjourney_v6/images/midjourney_v6_001158.jpg,1,aigc_modern_midjourney_v6,MidjourneyV6
corpora/midjourney_v6/images/midjourney_v6_001159.jpg,1,aigc_modern_midjourney_v6,MidjourneyV6
corpora/midjourney_v6/images/midjourney_v6_001160.jpg,1,aigc_modern_midjourney_v6,MidjourneyV6
corpora/midjourney_v6/images/midjourney_v6_001161.jpg,1,aigc_modern_midjourney_v6,MidjourneyV6
corpora/midjourney_v6/images/midjourney_v6_001162.jpg,1,aigc_modern_midjourney_v6,MidjourneyV6
corpora/midjourney_v6/images/midjourney_v6_001163.jpg,1,aigc_modern_midjourney_v6,MidjourneyV6
corpora/midjourney_v6/images/midjourney_v6_001164.jpg,1,aigc_modern_midjourney_v6,MidjourneyV6
corpora/midjourney_v6/images/midjourney_v6_001165.jpg,1,aigc_modern_midjourney_v6,MidjourneyV6
corpora/midjourney_v6/images/midjourney_v6_001166.jpg,1,aigc_modern_midjourney_v6,MidjourneyV6
corpora/midjourney_v6/images/midjourney_v6_001167.jpg,1,aigc_modern_midjourney_v6,MidjourneyV6
corpora/midjourney_v6/images/midjourney_v6_001168.jpg,1,aigc_modern_midjourney_v6,MidjourneyV6
corpora/midjourney_v6/images/midjourney_v6_001169.jpg,1,aigc_modern_midjourney_v6,MidjourneyV6
corpora/midjourney_v6/images/midjourney_v6_001170.jpg,1,aigc_modern_midjourney_v6,MidjourneyV6
corpora/midjourney_v6/images/midjourney_v6_001171.jpg,1,aigc_modern_midjourney_v6,MidjourneyV6
corpora/midjourney_v6/images/midjourney_v6_001172.jpg,1,aigc_modern_midjourney_v6,MidjourneyV6
corpora/midjourney_v6/images/midjourney_v6_001173.jpg,1,aigc_modern_midjourney_v6,MidjourneyV6
corpora/midjourney_v6/images/midjourney_v6_001174.jpg,1,aigc_modern_midjourney_v6,MidjourneyV6
corpora/midjourney_v6/images/midjourney_v6_001175.jpg,1,aigc_modern_midjourney_v6,MidjourneyV6
corpora/midjourney_v6/images/midjourney_v6_001176.jpg,1,aigc_modern_midjourney_v6,MidjourneyV6
corpora/midjourney_v6/images/midjourney_v6_001177.jpg,1,aigc_modern_midjourney_v6,MidjourneyV6
corpora/midjourney_v6/images/midjourney_v6_001178.jpg,1,aigc_modern_midjourney_v6,MidjourneyV6
corpora/midjourney_v6/images/midjourney_v6_001179.jpg,1,aigc_modern_midjourney_v6,MidjourneyV6
corpora/midjourney_v6/images/midjourney_v6_001180.jpg,1,aigc_modern_midjourney_v6,MidjourneyV6
corpora/midjourney_v6/images/midjourney_v6_001181.jpg,1,aigc_modern_midjourney_v6,MidjourneyV6
corpora/midjourney_v6/images/midjourney_v6_001182.jpg,1,aigc_modern_midjourney_v6,MidjourneyV6
corpora/midjourney_v6/images/midjourney_v6_001183.jpg,1,aigc_modern_midjourney_v6,MidjourneyV6
corpora/midjourney_v6/images/midjourney_v6_001184.jpg,1,aigc_modern_midjourney_v6,MidjourneyV6
corpora/midjourney_v6/images/midjourney_v6_001185.jpg,1,aigc_modern_midjourney_v6,MidjourneyV6
corpora/midjourney_v6/images/midjourney_v6_001186.jpg,1,aigc_modern_midjourney_v6,MidjourneyV6
corpora/midjourney_v6/images/midjourney_v6_001187.jpg,1,aigc_modern_midjourney_v6,MidjourneyV6
corpora/midjourney_v6/images/midjourney_v6_001188.jpg,1,aigc_modern_midjourney_v6,MidjourneyV6
corpora/midjourney_v6/images/midjourney_v6_001189.jpg,1,aigc_modern_midjourney_v6,MidjourneyV6
corpora/midjourney_v6/images/midjourney_v6_001190.jpg,1,aigc_modern_midjourney_v6,MidjourneyV6
corpora/midjourney_v6/images/midjourney_v6_001191.jpg,1,aigc_modern_midjourney_v6,MidjourneyV6
corpora/midjourney_v6/images/midjourney_v6_001192.jpg,1,aigc_modern_midjourney_v6,MidjourneyV6
corpora/midjourney_v6/images/midjourney_v6_001193.jpg,1,aigc_modern_midjourney_v6,MidjourneyV6
corpora/midjourney_v6/images/midjourney_v6_001194.jpg,1,aigc_modern_midjourney_v6,MidjourneyV6
corpora/midjourney_v6/images/midjourney_v6_001195.jpg,1,aigc_modern_midjourney_v6,MidjourneyV6
corpora/midjourney_v6/images/midjourney_v6_001196.jpg,1,aigc_modern_midjourney_v6,MidjourneyV6
corpora/midjourney_v6/images/midjourney_v6_001197.jpg,1,aigc_modern_midjourney_v6,MidjourneyV6
corpora/midjourney_v6/images/midjourney_v6_001198.jpg,1,aigc_modern_midjourney_v6,MidjourneyV6
corpora/midjourney_v6/images/midjourney_v6_001199.jpg,1,aigc_modern_midjourney_v6,MidjourneyV6
corpora/midjourney_v6/images/midjourney_v6_001200.jpg,1,aigc_modern_midjourney_v6,MidjourneyV6
corpora/midjourney_v6/images/midjourney_v6_001201.jpg,1,aigc_modern_midjourney_v6,MidjourneyV6
corpora/midjourney_v6/images/midjourney_v6_001202.jpg,1,aigc_modern_midjourney_v6,MidjourneyV6
corpora/midjourney_v6/images/midjourney_v6_001203.jpg,1,aigc_modern_midjourney_v6,MidjourneyV6
corpora/midjourney_v6/images/midjourney_v6_001204.jpg,1,aigc_modern_midjourney_v6,MidjourneyV6
corpora/midjourney_v6/images/midjourney_v6_001205.jpg,1,aigc_modern_midjourney_v6,MidjourneyV6
corpora/midjourney_v6/images/midjourney_v6_001206.jpg,1,aigc_modern_midjourney_v6,MidjourneyV6
corpora/midjourney_v6/images/midjourney_v6_001207.jpg,1,aigc_modern_midjourney_v6,MidjourneyV6
corpora/midjourney_v6/images/midjourney_v6_001208.jpg,1,aigc_modern_midjourney_v6,MidjourneyV6
corpora/midjourney_v6/images/midjourney_v6_001209.jpg,1,aigc_modern_midjourney_v6,MidjourneyV6
corpora/midjourney_v6/images/midjourney_v6_001210.jpg,1,aigc_modern_midjourney_v6,MidjourneyV6
corpora/midjourney_v6/images/midjourney_v6_001211.jpg,1,aigc_modern_midjourney_v6,MidjourneyV6
corpora/midjourney_v6/images/midjourney_v6_001212.jpg,1,aigc_modern_midjourney_v6,MidjourneyV6
corpora/midjourney_v6/images/midjourney_v6_001213.jpg,1,aigc_modern_midjourney_v6,MidjourneyV6
corpora/midjourney_v6/images/midjourney_v6_001214.jpg,1,aigc_modern_midjourney_v6,MidjourneyV6
corpora/midjourney_v6/images/midjourney_v6_001215.jpg,1,aigc_modern_midjourney_v6,MidjourneyV6
corpora/midjourney_v6/images/midjourney_v6_001216.jpg,1,aigc_modern_midjourney_v6,MidjourneyV6
corpora/midjourney_v6/images/midjourney_v6_001217.jpg,1,aigc_modern_midjourney_v6,MidjourneyV6
corpora/midjourney_v6/images/midjourney_v6_001218.jpg,1,aigc_modern_midjourney_v6,MidjourneyV6
corpora/midjourney_v6/images/midjourney_v6_001219.jpg,1,aigc_modern_midjourney_v6,MidjourneyV6
corpora/midjourney_v6/images/midjourney_v6_001220.jpg,1,aigc_modern_midjourney_v6,MidjourneyV6
corpora/midjourney_v6/images/midjourney_v6_001221.jpg,1,aigc_modern_midjourney_v6,MidjourneyV6
corpora/midjourney_v6/images/midjourney_v6_001222.jpg,1,aigc_modern_midjourney_v6,MidjourneyV6
corpora/midjourney_v6/images/midjourney_v6_001223.jpg,1,aigc_modern_midjourney_v6,MidjourneyV6
corpora/midjourney_v6/images/midjourney_v6_001224.jpg,1,aigc_modern_midjourney_v6,MidjourneyV6
corpora/midjourney_v6/images/midjourney_v6_001225.jpg,1,aigc_modern_midjourney_v6,MidjourneyV6
corpora/midjourney_v6/images/midjourney_v6_001226.jpg,1,aigc_modern_midjourney_v6,MidjourneyV6
corpora/midjourney_v6/images/midjourney_v6_001227.jpg,1,aigc_modern_midjourney_v6,MidjourneyV6
corpora/midjourney_v6/images/midjourney_v6_001228.jpg,1,aigc_modern_midjourney_v6,MidjourneyV6
corpora/midjourney_v6/images/midjourney_v6_001229.jpg,1,aigc_modern_midjourney_v6,MidjourneyV6
corpora/midjourney_v6/images/midjourney_v6_001230.jpg,1,aigc_modern_midjourney_v6,MidjourneyV6
corpora/midjourney_v6/images/midjourney_v6_001231.jpg,1,aigc_modern_midjourney_v6,MidjourneyV6
corpora/midjourney_v6/images/midjourney_v6_001232.jpg,1,aigc_modern_midjourney_v6,MidjourneyV6
corpora/midjourney_v6/images/midjourney_v6_001233.jpg,1,aigc_modern_midjourney_v6,MidjourneyV6
corpora/midjourney_v6/images/midjourney_v6_001234.jpg,1,aigc_modern_midjourney_v6,MidjourneyV6
corpora/midjourney_v6/images/midjourney_v6_001235.jpg,1,aigc_modern_midjourney_v6,MidjourneyV6
corpora/midjourney_v6/images/midjourney_v6_001236.jpg,1,aigc_modern_midjourney_v6,MidjourneyV6
corpora/midjourney_v6/images/midjourney_v6_001237.jpg,1,aigc_modern_midjourney_v6,MidjourneyV6
corpora/midjourney_v6/images/midjourney_v6_001238.jpg,1,aigc_modern_midjourney_v6,MidjourneyV6
corpora/midjourney_v6/images/midjourney_v6_001239.jpg,1,aigc_modern_midjourney_v6,MidjourneyV6
corpora/midjourney_v6/images/midjourney_v6_001240.jpg,1,aigc_modern_midjourney_v6,MidjourneyV6
corpora/midjourney_v6/images/midjourney_v6_001241.jpg,1,aigc_modern_midjourney_v6,MidjourneyV6
corpora/midjourney_v6/images/midjourney_v6_001242.jpg,1,aigc_modern_midjourney_v6,MidjourneyV6
corpora/midjourney_v6/images/midjourney_v6_001243.jpg,1,aigc_modern_midjourney_v6,MidjourneyV6
corpora/midjourney_v6/images/midjourney_v6_001244.jpg,1,aigc_modern_midjourney_v6,MidjourneyV6
corpora/midjourney_v6/images/midjourney_v6_001245.jpg,1,aigc_modern_midjourney_v6,MidjourneyV6
corpora/midjourney_v6/images/midjourney_v6_001246.jpg,1,aigc_modern_midjourney_v6,MidjourneyV6
corpora/midjourney_v6/images/midjourney_v6_001247.jpg,1,aigc_modern_midjourney_v6,MidjourneyV6
corpora/midjourney_v6/images/midjourney_v6_001248.jpg,1,aigc_modern_midjourney_v6,MidjourneyV6
corpora/midjourney_v6/images/midjourney_v6_001249.jpg,1,aigc_modern_midjourney_v6,MidjourneyV6
corpora/midjourney_v6/images/midjourney_v6_001250.jpg,1,aigc_modern_midjourney_v6,MidjourneyV6
corpora/midjourney_v6/images/midjourney_v6_001251.jpg,1,aigc_modern_midjourney_v6,MidjourneyV6
corpora/midjourney_v6/images/midjourney_v6_001252.jpg,1,aigc_modern_midjourney_v6,MidjourneyV6
corpora/midjourney_v6/images/midjourney_v6_001253.jpg,1,aigc_modern_midjourney_v6,MidjourneyV6
corpora/midjourney_v6/images/midjourney_v6_001254.jpg,1,aigc_modern_midjourney_v6,MidjourneyV6
corpora/midjourney_v6/images/midjourney_v6_001255.jpg,1,aigc_modern_midjourney_v6,MidjourneyV6
corpora/midjourney_v6/images/midjourney_v6_001256.jpg,1,aigc_modern_midjourney_v6,MidjourneyV6
corpora/midjourney_v6/images/midjourney_v6_001257.jpg,1,aigc_modern_midjourney_v6,MidjourneyV6
corpora/midjourney_v6/images/midjourney_v6_001258.jpg,1,aigc_modern_midjourney_v6,MidjourneyV6
corpora/midjourney_v6/images/midjourney_v6_001259.jpg,1,aigc_modern_midjourney_v6,MidjourneyV6
corpora/midjourney_v6/images/midjourney_v6_001260.jpg,1,aigc_modern_midjourney_v6,MidjourneyV6
corpora/midjourney_v6/images/midjourney_v6_001261.jpg,1,aigc_modern_midjourney_v6,MidjourneyV6
corpora/midjourney_v6/images/midjourney_v6_001262.jpg,1,aigc_modern_midjourney_v6,MidjourneyV6
corpora/midjourney_v6/images/midjourney_v6_001263.jpg,1,aigc_modern_midjourney_v6,MidjourneyV6
corpora/midjourney_v6/images/midjourney_v6_001264.jpg,1,aigc_modern_midjourney_v6,MidjourneyV6
corpora/midjourney_v6/images/midjourney_v6_001265.jpg,1,aigc_modern_midjourney_v6,MidjourneyV6
corpora/midjourney_v6/images/midjourney_v6_001266.jpg,1,aigc_modern_midjourney_v6,MidjourneyV6
corpora/midjourney_v6/images/midjourney_v6_001267.jpg,1,aigc_modern_midjourney_v6,MidjourneyV6
corpora/midjourney_v6/images/midjourney_v6_001268.jpg,1,aigc_modern_midjourney_v6,MidjourneyV6
corpora/midjourney_v6/images/midjourney_v6_001269.jpg,1,aigc_modern_midjourney_v6,MidjourneyV6
corpora/midjourney_v6/images/midjourney_v6_001270.jpg,1,aigc_modern_midjourney_v6,MidjourneyV6
corpora/midjourney_v6/images/midjourney_v6_001271.jpg,1,aigc_modern_midjourney_v6,MidjourneyV6
corpora/midjourney_v6/images/midjourney_v6_001272.jpg,1,aigc_modern_midjourney_v6,MidjourneyV6
corpora/midjourney_v6/images/midjourney_v6_001273.jpg,1,aigc_modern_midjourney_v6,MidjourneyV6
corpora/midjourney_v6/images/midjourney_v6_001274.jpg,1,aigc_modern_midjourney_v6,MidjourneyV6
corpora/midjourney_v6/images/midjourney_v6_001275.jpg,1,aigc_modern_midjourney_v6,MidjourneyV6
corpora/midjourney_v6/images/midjourney_v6_001276.jpg,1,aigc_modern_midjourney_v6,MidjourneyV6
corpora/midjourney_v6/images/midjourney_v6_001277.jpg,1,aigc_modern_midjourney_v6,MidjourneyV6
corpora/midjourney_v6/images/midjourney_v6_001278.jpg,1,aigc_modern_midjourney_v6,MidjourneyV6
corpora/midjourney_v6/images/midjourney_v6_001279.jpg,1,aigc_modern_midjourney_v6,MidjourneyV6
corpora/midjourney_v6/images/midjourney_v6_001280.jpg,1,aigc_modern_midjourney_v6,MidjourneyV6
corpora/midjourney_v6/images/midjourney_v6_001281.jpg,1,aigc_modern_midjourney_v6,MidjourneyV6
corpora/midjourney_v6/images/midjourney_v6_001282.jpg,1,aigc_modern_midjourney_v6,MidjourneyV6
corpora/midjourney_v6/images/midjourney_v6_001283.jpg,1,aigc_modern_midjourney_v6,MidjourneyV6
corpora/midjourney_v6/images/midjourney_v6_001284.jpg,1,aigc_modern_midjourney_v6,MidjourneyV6
corpora/midjourney_v6/images/midjourney_v6_001285.jpg,1,aigc_modern_midjourney_v6,MidjourneyV6
corpora/midjourney_v6/images/midjourney_v6_001286.jpg,1,aigc_modern_midjourney_v6,MidjourneyV6
corpora/midjourney_v6/images/midjourney_v6_001287.jpg,1,aigc_modern_midjourney_v6,MidjourneyV6
corpora/midjourney_v6/images/midjourney_v6_001288.jpg,1,aigc_modern_midjourney_v6,MidjourneyV6
corpora/midjourney_v6/images/midjourney_v6_001289.jpg,1,aigc_modern_midjourney_v6,MidjourneyV6
corpora/midjourney_v6/images/midjourney_v6_001290.jpg,1,aigc_modern_midjourney_v6,MidjourneyV6
corpora/midjourney_v6/images/midjourney_v6_001291.jpg,1,aigc_modern_midjourney_v6,MidjourneyV6
corpora/midjourney_v6/images/midjourney_v6_001292.jpg,1,aigc_modern_midjourney_v6,MidjourneyV6
corpora/midjourney_v6/images/midjourney_v6_001293.jpg,1,aigc_modern_midjourney_v6,MidjourneyV6
corpora/midjourney_v6/images/midjourney_v6_001294.jpg,1,aigc_modern_midjourney_v6,MidjourneyV6
corpora/midjourney_v6/images/midjourney_v6_001295.jpg,1,aigc_modern_midjourney_v6,MidjourneyV6
corpora/midjourney_v6/images/midjourney_v6_001296.jpg,1,aigc_modern_midjourney_v6,MidjourneyV6
corpora/midjourney_v6/images/midjourney_v6_001297.jpg,1,aigc_modern_midjourney_v6,MidjourneyV6
corpora/midjourney_v6/images/midjourney_v6_001298.jpg,1,aigc_modern_midjourney_v6,MidjourneyV6
corpora/midjourney_v6/images/midjourney_v6_001299.jpg,1,aigc_modern_midjourney_v6,MidjourneyV6
corpora/midjourney_v6/images/midjourney_v6_001300.jpg,1,aigc_modern_midjourney_v6,MidjourneyV6
corpora/midjourney_v6/images/midjourney_v6_001301.jpg,1,aigc_modern_midjourney_v6,MidjourneyV6
corpora/midjourney_v6/images/midjourney_v6_001302.jpg,1,aigc_modern_midjourney_v6,MidjourneyV6
corpora/midjourney_v6/images/midjourney_v6_001303.jpg,1,aigc_modern_midjourney_v6,MidjourneyV6
corpora/midjourney_v6/images/midjourney_v6_001304.jpg,1,aigc_modern_midjourney_v6,MidjourneyV6
corpora/midjourney_v6/images/midjourney_v6_001305.jpg,1,aigc_modern_midjourney_v6,MidjourneyV6
corpora/midjourney_v6/images/midjourney_v6_001306.jpg,1,aigc_modern_midjourney_v6,MidjourneyV6
corpora/midjourney_v6/images/midjourney_v6_001307.jpg,1,aigc_modern_midjourney_v6,MidjourneyV6
corpora/midjourney_v6/images/midjourney_v6_001308.jpg,1,aigc_modern_midjourney_v6,MidjourneyV6
corpora/midjourney_v6/images/midjourney_v6_001309.jpg,1,aigc_modern_midjourney_v6,MidjourneyV6
corpora/midjourney_v6/images/midjourney_v6_001310.jpg,1,aigc_modern_midjourney_v6,MidjourneyV6
corpora/midjourney_v6/images/midjourney_v6_001311.jpg,1,aigc_modern_midjourney_v6,MidjourneyV6
corpora/midjourney_v6/images/midjourney_v6_001312.jpg,1,aigc_modern_midjourney_v6,MidjourneyV6
corpora/midjourney_v6/images/midjourney_v6_001313.jpg,1,aigc_modern_midjourney_v6,MidjourneyV6
corpora/midjourney_v6/images/midjourney_v6_001314.jpg,1,aigc_modern_midjourney_v6,MidjourneyV6
corpora/midjourney_v6/images/midjourney_v6_001315.jpg,1,aigc_modern_midjourney_v6,MidjourneyV6
corpora/midjourney_v6/images/midjourney_v6_001316.jpg,1,aigc_modern_midjourney_v6,MidjourneyV6
corpora/midjourney_v6/images/midjourney_v6_001317.jpg,1,aigc_modern_midjourney_v6,MidjourneyV6
corpora/midjourney_v6/images/midjourney_v6_001318.jpg,1,aigc_modern_midjourney_v6,MidjourneyV6
corpora/midjourney_v6/images/midjourney_v6_001319.jpg,1,aigc_modern_midjourney_v6,MidjourneyV6
corpora/midjourney_v6/images/midjourney_v6_001320.jpg,1,aigc_modern_midjourney_v6,MidjourneyV6
corpora/midjourney_v6/images/midjourney_v6_001321.jpg,1,aigc_modern_midjourney_v6,MidjourneyV6
corpora/midjourney_v6/images/midjourney_v6_001322.jpg,1,aigc_modern_midjourney_v6,MidjourneyV6
corpora/midjourney_v6/images/midjourney_v6_001323.jpg,1,aigc_modern_midjourney_v6,MidjourneyV6
corpora/midjourney_v6/images/midjourney_v6_001324.jpg,1,aigc_modern_midjourney_v6,MidjourneyV6
corpora/midjourney_v6/images/midjourney_v6_001325.jpg,1,aigc_modern_midjourney_v6,MidjourneyV6
corpora/midjourney_v6/images/midjourney_v6_001326.jpg,1,aigc_modern_midjourney_v6,MidjourneyV6
corpora/midjourney_v6/images/midjourney_v6_001327.jpg,1,aigc_modern_midjourney_v6,MidjourneyV6
corpora/midjourney_v6/images/midjourney_v6_001328.jpg,1,aigc_modern_midjourney_v6,MidjourneyV6
corpora/midjourney_v6/images/midjourney_v6_001329.jpg,1,aigc_modern_midjourney_v6,MidjourneyV6
corpora/midjourney_v6/images/midjourney_v6_001330.jpg,1,aigc_modern_midjourney_v6,MidjourneyV6
corpora/midjourney_v6/images/midjourney_v6_001331.jpg,1,aigc_modern_midjourney_v6,MidjourneyV6
corpora/midjourney_v6/images/midjourney_v6_001332.jpg,1,aigc_modern_midjourney_v6,MidjourneyV6
corpora/midjourney_v6/images/midjourney_v6_001333.jpg,1,aigc_modern_midjourney_v6,MidjourneyV6
corpora/midjourney_v6/images/midjourney_v6_001334.jpg,1,aigc_modern_midjourney_v6,MidjourneyV6
corpora/midjourney_v6/images/midjourney_v6_001335.jpg,1,aigc_modern_midjourney_v6,MidjourneyV6
corpora/midjourney_v6/images/midjourney_v6_001336.jpg,1,aigc_modern_midjourney_v6,MidjourneyV6
corpora/midjourney_v6/images/midjourney_v6_001337.jpg,1,aigc_modern_midjourney_v6,MidjourneyV6
corpora/midjourney_v6/images/midjourney_v6_001338.jpg,1,aigc_modern_midjourney_v6,MidjourneyV6
corpora/midjourney_v6/images/midjourney_v6_001339.jpg,1,aigc_modern_midjourney_v6,MidjourneyV6
corpora/midjourney_v6/images/midjourney_v6_001340.jpg,1,aigc_modern_midjourney_v6,MidjourneyV6
corpora/midjourney_v6/images/midjourney_v6_001341.jpg,1,aigc_modern_midjourney_v6,MidjourneyV6
corpora/midjourney_v6/images/midjourney_v6_001342.jpg,1,aigc_modern_midjourney_v6,MidjourneyV6
corpora/midjourney_v6/images/midjourney_v6_001343.jpg,1,aigc_modern_midjourney_v6,MidjourneyV6
corpora/midjourney_v6/images/midjourney_v6_001344.jpg,1,aigc_modern_midjourney_v6,MidjourneyV6
corpora/midjourney_v6/images/midjourney_v6_001345.jpg,1,aigc_modern_midjourney_v6,MidjourneyV6
corpora/midjourney_v6/images/midjourney_v6_001346.jpg,1,aigc_modern_midjourney_v6,MidjourneyV6
corpora/midjourney_v6/images/midjourney_v6_001347.jpg,1,aigc_modern_midjourney_v6,MidjourneyV6
corpora/midjourney_v6/images/midjourney_v6_001348.jpg,1,aigc_modern_midjourney_v6,MidjourneyV6
corpora/midjourney_v6/images/midjourney_v6_001349.jpg,1,aigc_modern_midjourney_v6,MidjourneyV6
corpora/midjourney_v6/images/midjourney_v6_001350.jpg,1,aigc_modern_midjourney_v6,MidjourneyV6
corpora/midjourney_v6/images/midjourney_v6_001351.jpg,1,aigc_modern_midjourney_v6,MidjourneyV6
corpora/midjourney_v6/images/midjourney_v6_001352.jpg,1,aigc_modern_midjourney_v6,MidjourneyV6
corpora/midjourney_v6/images/midjourney_v6_001353.jpg,1,aigc_modern_midjourney_v6,MidjourneyV6
corpora/midjourney_v6/images/midjourney_v6_001354.jpg,1,aigc_modern_midjourney_v6,MidjourneyV6
corpora/midjourney_v6/images/midjourney_v6_001355.jpg,1,aigc_modern_midjourney_v6,MidjourneyV6
corpora/midjourney_v6/images/midjourney_v6_001356.jpg,1,aigc_modern_midjourney_v6,MidjourneyV6
corpora/midjourney_v6/images/midjourney_v6_001357.jpg,1,aigc_modern_midjourney_v6,MidjourneyV6
corpora/midjourney_v6/images/midjourney_v6_001358.jpg,1,aigc_modern_midjourney_v6,MidjourneyV6
corpora/midjourney_v6/images/midjourney_v6_001359.jpg,1,aigc_modern_midjourney_v6,MidjourneyV6
corpora/midjourney_v6/images/midjourney_v6_001360.jpg,1,aigc_modern_midjourney_v6,MidjourneyV6
corpora/midjourney_v6/images/midjourney_v6_001361.jpg,1,aigc_modern_midjourney_v6,MidjourneyV6
corpora/midjourney_v6/images/midjourney_v6_001362.jpg,1,aigc_modern_midjourney_v6,MidjourneyV6
corpora/midjourney_v6/images/midjourney_v6_001363.jpg,1,aigc_modern_midjourney_v6,MidjourneyV6
corpora/midjourney_v6/images/midjourney_v6_001364.jpg,1,aigc_modern_midjourney_v6,MidjourneyV6
corpora/midjourney_v6/images/midjourney_v6_001365.jpg,1,aigc_modern_midjourney_v6,MidjourneyV6
corpora/midjourney_v6/images/midjourney_v6_001366.jpg,1,aigc_modern_midjourney_v6,MidjourneyV6
corpora/midjourney_v6/images/midjourney_v6_001367.jpg,1,aigc_modern_midjourney_v6,MidjourneyV6
corpora/midjourney_v6/images/midjourney_v6_001368.jpg,1,aigc_modern_midjourney_v6,MidjourneyV6
corpora/midjourney_v6/images/midjourney_v6_001369.jpg,1,aigc_modern_midjourney_v6,MidjourneyV6
corpora/midjourney_v6/images/midjourney_v6_001370.jpg,1,aigc_modern_midjourney_v6,MidjourneyV6
corpora/midjourney_v6/images/midjourney_v6_001371.jpg,1,aigc_modern_midjourney_v6,MidjourneyV6
corpora/midjourney_v6/images/midjourney_v6_001372.jpg,1,aigc_modern_midjourney_v6,MidjourneyV6
corpora/midjourney_v6/images/midjourney_v6_001373.jpg,1,aigc_modern_midjourney_v6,MidjourneyV6
corpora/midjourney_v6/images/midjourney_v6_001374.jpg,1,aigc_modern_midjourney_v6,MidjourneyV6
corpora/midjourney_v6/images/midjourney_v6_001375.jpg,1,aigc_modern_midjourney_v6,MidjourneyV6
corpora/midjourney_v6/images/midjourney_v6_001376.jpg,1,aigc_modern_midjourney_v6,MidjourneyV6
corpora/midjourney_v6/images/midjourney_v6_001377.jpg,1,aigc_modern_midjourney_v6,MidjourneyV6
corpora/midjourney_v6/images/midjourney_v6_001378.jpg,1,aigc_modern_midjourney_v6,MidjourneyV6
corpora/midjourney_v6/images/midjourney_v6_001379.jpg,1,aigc_modern_midjourney_v6,MidjourneyV6
corpora/midjourney_v6/images/midjourney_v6_001380.jpg,1,aigc_modern_midjourney_v6,MidjourneyV6
corpora/midjourney_v6/images/midjourney_v6_001381.jpg,1,aigc_modern_midjourney_v6,MidjourneyV6
corpora/midjourney_v6/images/midjourney_v6_001382.jpg,1,aigc_modern_midjourney_v6,MidjourneyV6
corpora/midjourney_v6/images/midjourney_v6_001383.jpg,1,aigc_modern_midjourney_v6,MidjourneyV6
corpora/midjourney_v6/images/midjourney_v6_001384.jpg,1,aigc_modern_midjourney_v6,MidjourneyV6
corpora/midjourney_v6/images/midjourney_v6_001385.jpg,1,aigc_modern_midjourney_v6,MidjourneyV6
corpora/midjourney_v6/images/midjourney_v6_001386.jpg,1,aigc_modern_midjourney_v6,MidjourneyV6
corpora/midjourney_v6/images/midjourney_v6_001387.jpg,1,aigc_modern_midjourney_v6,MidjourneyV6
corpora/midjourney_v6/images/midjourney_v6_001388.jpg,1,aigc_modern_midjourney_v6,MidjourneyV6
corpora/midjourney_v6/images/midjourney_v6_001389.jpg,1,aigc_modern_midjourney_v6,MidjourneyV6
corpora/midjourney_v6/images/midjourney_v6_001390.jpg,1,aigc_modern_midjourney_v6,MidjourneyV6
corpora/midjourney_v6/images/midjourney_v6_001391.jpg,1,aigc_modern_midjourney_v6,MidjourneyV6
corpora/midjourney_v6/images/midjourney_v6_001392.jpg,1,aigc_modern_midjourney_v6,MidjourneyV6
corpora/midjourney_v6/images/midjourney_v6_001393.jpg,1,aigc_modern_midjourney_v6,MidjourneyV6
corpora/midjourney_v6/images/midjourney_v6_001394.jpg,1,aigc_modern_midjourney_v6,MidjourneyV6
corpora/midjourney_v6/images/midjourney_v6_001395.jpg,1,aigc_modern_midjourney_v6,MidjourneyV6
corpora/midjourney_v6/images/midjourney_v6_001396.jpg,1,aigc_modern_midjourney_v6,MidjourneyV6
corpora/midjourney_v6/images/midjourney_v6_001397.jpg,1,aigc_modern_midjourney_v6,MidjourneyV6
corpora/midjourney_v6/images/midjourney_v6_001398.jpg,1,aigc_modern_midjourney_v6,MidjourneyV6
corpora/midjourney_v6/images/midjourney_v6_001399.jpg,1,aigc_modern_midjourney_v6,MidjourneyV6
corpora/midjourney_v6/images/midjourney_v6_001400.jpg,1,aigc_modern_midjourney_v6,MidjourneyV6
corpora/midjourney_v6/images/midjourney_v6_001401.jpg,1,aigc_modern_midjourney_v6,MidjourneyV6
corpora/midjourney_v6/images/midjourney_v6_001402.jpg,1,aigc_modern_midjourney_v6,MidjourneyV6
corpora/midjourney_v6/images/midjourney_v6_001403.jpg,1,aigc_modern_midjourney_v6,MidjourneyV6
corpora/midjourney_v6/images/midjourney_v6_001404.jpg,1,aigc_modern_midjourney_v6,MidjourneyV6
corpora/midjourney_v6/images/midjourney_v6_001405.jpg,1,aigc_modern_midjourney_v6,MidjourneyV6
corpora/midjourney_v6/images/midjourney_v6_001406.jpg,1,aigc_modern_midjourney_v6,MidjourneyV6
corpora/midjourney_v6/images/midjourney_v6_001407.jpg,1,aigc_modern_midjourney_v6,MidjourneyV6
corpora/midjourney_v6/images/midjourney_v6_001408.jpg,1,aigc_modern_midjourney_v6,MidjourneyV6
corpora/midjourney_v6/images/midjourney_v6_001409.jpg,1,aigc_modern_midjourney_v6,MidjourneyV6
corpora/midjourney_v6/images/midjourney_v6_001410.jpg,1,aigc_modern_midjourney_v6,MidjourneyV6
corpora/midjourney_v6/images/midjourney_v6_001411.jpg,1,aigc_modern_midjourney_v6,MidjourneyV6
corpora/midjourney_v6/images/midjourney_v6_001412.jpg,1,aigc_modern_midjourney_v6,MidjourneyV6
corpora/midjourney_v6/images/midjourney_v6_001413.jpg,1,aigc_modern_midjourney_v6,MidjourneyV6
corpora/midjourney_v6/images/midjourney_v6_001414.jpg,1,aigc_modern_midjourney_v6,MidjourneyV6
corpora/midjourney_v6/images/midjourney_v6_001415.jpg,1,aigc_modern_midjourney_v6,MidjourneyV6
corpora/midjourney_v6/images/midjourney_v6_001416.jpg,1,aigc_modern_midjourney_v6,MidjourneyV6
corpora/midjourney_v6/images/midjourney_v6_001417.jpg,1,aigc_modern_midjourney_v6,MidjourneyV6
corpora/midjourney_v6/images/midjourney_v6_001418.jpg,1,aigc_modern_midjourney_v6,MidjourneyV6
corpora/midjourney_v6/images/midjourney_v6_001419.jpg,1,aigc_modern_midjourney_v6,MidjourneyV6
corpora/midjourney_v6/images/midjourney_v6_001420.jpg,1,aigc_modern_midjourney_v6,MidjourneyV6
corpora/midjourney_v6/images/midjourney_v6_001421.jpg,1,aigc_modern_midjourney_v6,MidjourneyV6
corpora/midjourney_v6/images/midjourney_v6_001422.jpg,1,aigc_modern_midjourney_v6,MidjourneyV6
corpora/midjourney_v6/images/midjourney_v6_001423.jpg,1,aigc_modern_midjourney_v6,MidjourneyV6
corpora/midjourney_v6/images/midjourney_v6_001424.jpg,1,aigc_modern_midjourney_v6,MidjourneyV6
corpora/midjourney_v6/images/midjourney_v6_001425.jpg,1,aigc_modern_midjourney_v6,MidjourneyV6
corpora/midjourney_v6/images/midjourney_v6_001426.jpg,1,aigc_modern_midjourney_v6,MidjourneyV6
corpora/midjourney_v6/images/midjourney_v6_001427.jpg,1,aigc_modern_midjourney_v6,MidjourneyV6
corpora/midjourney_v6/images/midjourney_v6_001428.jpg,1,aigc_modern_midjourney_v6,MidjourneyV6
corpora/midjourney_v6/images/midjourney_v6_001429.jpg,1,aigc_modern_midjourney_v6,MidjourneyV6
corpora/midjourney_v6/images/midjourney_v6_001430.jpg,1,aigc_modern_midjourney_v6,MidjourneyV6
corpora/midjourney_v6/images/midjourney_v6_001431.jpg,1,aigc_modern_midjourney_v6,MidjourneyV6
corpora/midjourney_v6/images/midjourney_v6_001432.jpg,1,aigc_modern_midjourney_v6,MidjourneyV6
corpora/midjourney_v6/images/midjourney_v6_001433.jpg,1,aigc_modern_midjourney_v6,MidjourneyV6
corpora/midjourney_v6/images/midjourney_v6_001434.jpg,1,aigc_modern_midjourney_v6,MidjourneyV6
corpora/midjourney_v6/images/midjourney_v6_001435.jpg,1,aigc_modern_midjourney_v6,MidjourneyV6
corpora/midjourney_v6/images/midjourney_v6_001436.jpg,1,aigc_modern_midjourney_v6,MidjourneyV6
corpora/midjourney_v6/images/midjourney_v6_001437.jpg,1,aigc_modern_midjourney_v6,MidjourneyV6
corpora/midjourney_v6/images/midjourney_v6_001438.jpg,1,aigc_modern_midjourney_v6,MidjourneyV6
corpora/midjourney_v6/images/midjourney_v6_001439.jpg,1,aigc_modern_midjourney_v6,MidjourneyV6
corpora/midjourney_v6/images/midjourney_v6_001440.jpg,1,aigc_modern_midjourney_v6,MidjourneyV6
corpora/midjourney_v6/images/midjourney_v6_001441.jpg,1,aigc_modern_midjourney_v6,MidjourneyV6
corpora/midjourney_v6/images/midjourney_v6_001442.jpg,1,aigc_modern_midjourney_v6,MidjourneyV6
corpora/midjourney_v6/images/midjourney_v6_001443.jpg,1,aigc_modern_midjourney_v6,MidjourneyV6
corpora/midjourney_v6/images/midjourney_v6_001444.jpg,1,aigc_modern_midjourney_v6,MidjourneyV6
corpora/midjourney_v6/images/midjourney_v6_001445.jpg,1,aigc_modern_midjourney_v6,MidjourneyV6
corpora/midjourney_v6/images/midjourney_v6_001446.jpg,1,aigc_modern_midjourney_v6,MidjourneyV6
corpora/midjourney_v6/images/midjourney_v6_001447.jpg,1,aigc_modern_midjourney_v6,MidjourneyV6
corpora/midjourney_v6/images/midjourney_v6_001448.jpg,1,aigc_modern_midjourney_v6,MidjourneyV6
corpora/midjourney_v6/images/midjourney_v6_001449.jpg,1,aigc_modern_midjourney_v6,MidjourneyV6
corpora/midjourney_v6/images/midjourney_v6_001450.jpg,1,aigc_modern_midjourney_v6,MidjourneyV6
corpora/midjourney_v6/images/midjourney_v6_001451.jpg,1,aigc_modern_midjourney_v6,MidjourneyV6
corpora/midjourney_v6/images/midjourney_v6_001452.jpg,1,aigc_modern_midjourney_v6,MidjourneyV6
corpora/midjourney_v6/images/midjourney_v6_001453.jpg,1,aigc_modern_midjourney_v6,MidjourneyV6
corpora/midjourney_v6/images/midjourney_v6_001454.jpg,1,aigc_modern_midjourney_v6,MidjourneyV6
corpora/midjourney_v6/images/midjourney_v6_001455.jpg,1,aigc_modern_midjourney_v6,MidjourneyV6
corpora/midjourney_v6/images/midjourney_v6_001456.jpg,1,aigc_modern_midjourney_v6,MidjourneyV6
corpora/midjourney_v6/images/midjourney_v6_001457.jpg,1,aigc_modern_midjourney_v6,MidjourneyV6
corpora/midjourney_v6/images/midjourney_v6_001458.jpg,1,aigc_modern_midjourney_v6,MidjourneyV6
corpora/midjourney_v6/images/midjourney_v6_001459.jpg,1,aigc_modern_midjourney_v6,MidjourneyV6
corpora/midjourney_v6/images/midjourney_v6_001460.jpg,1,aigc_modern_midjourney_v6,MidjourneyV6
corpora/midjourney_v6/images/midjourney_v6_001461.jpg,1,aigc_modern_midjourney_v6,MidjourneyV6
corpora/midjourney_v6/images/midjourney_v6_001462.jpg,1,aigc_modern_midjourney_v6,MidjourneyV6
corpora/midjourney_v6/images/midjourney_v6_001463.jpg,1,aigc_modern_midjourney_v6,MidjourneyV6
corpora/midjourney_v6/images/midjourney_v6_001464.jpg,1,aigc_modern_midjourney_v6,MidjourneyV6
corpora/midjourney_v6/images/midjourney_v6_001465.jpg,1,aigc_modern_midjourney_v6,MidjourneyV6
corpora/midjourney_v6/images/midjourney_v6_001466.jpg,1,aigc_modern_midjourney_v6,MidjourneyV6
corpora/midjourney_v6/images/midjourney_v6_001467.jpg,1,aigc_modern_midjourney_v6,MidjourneyV6
corpora/midjourney_v6/images/midjourney_v6_001468.jpg,1,aigc_modern_midjourney_v6,MidjourneyV6
corpora/midjourney_v6/images/midjourney_v6_001469.jpg,1,aigc_modern_midjourney_v6,MidjourneyV6
corpora/midjourney_v6/images/midjourney_v6_001470.jpg,1,aigc_modern_midjourney_v6,MidjourneyV6
corpora/midjourney_v6/images/midjourney_v6_001471.jpg,1,aigc_modern_midjourney_v6,MidjourneyV6
corpora/midjourney_v6/images/midjourney_v6_001472.jpg,1,aigc_modern_midjourney_v6,MidjourneyV6
corpora/midjourney_v6/images/midjourney_v6_001473.jpg,1,aigc_modern_midjourney_v6,MidjourneyV6
corpora/midjourney_v6/images/midjourney_v6_001474.jpg,1,aigc_modern_midjourney_v6,MidjourneyV6
corpora/midjourney_v6/images/midjourney_v6_001475.jpg,1,aigc_modern_midjourney_v6,MidjourneyV6
corpora/midjourney_v6/images/midjourney_v6_001476.jpg,1,aigc_modern_midjourney_v6,MidjourneyV6
corpora/midjourney_v6/images/midjourney_v6_001477.jpg,1,aigc_modern_midjourney_v6,MidjourneyV6
corpora/midjourney_v6/images/midjourney_v6_001478.jpg,1,aigc_modern_midjourney_v6,MidjourneyV6
corpora/midjourney_v6/images/midjourney_v6_001479.jpg,1,aigc_modern_midjourney_v6,MidjourneyV6
corpora/midjourney_v6/images/midjourney_v6_001480.jpg,1,aigc_modern_midjourney_v6,MidjourneyV6
corpora/midjourney_v6/images/midjourney_v6_001481.jpg,1,aigc_modern_midjourney_v6,MidjourneyV6
corpora/midjourney_v6/images/midjourney_v6_001482.jpg,1,aigc_modern_midjourney_v6,MidjourneyV6
corpora/midjourney_v6/images/midjourney_v6_001483.jpg,1,aigc_modern_midjourney_v6,MidjourneyV6
corpora/midjourney_v6/images/midjourney_v6_001484.jpg,1,aigc_modern_midjourney_v6,MidjourneyV6
corpora/midjourney_v6/images/midjourney_v6_001485.jpg,1,aigc_modern_midjourney_v6,MidjourneyV6
corpora/midjourney_v6/images/midjourney_v6_001486.jpg,1,aigc_modern_midjourney_v6,MidjourneyV6
corpora/midjourney_v6/images/midjourney_v6_001487.jpg,1,aigc_modern_midjourney_v6,MidjourneyV6
corpora/midjourney_v6/images/midjourney_v6_001488.jpg,1,aigc_modern_midjourney_v6,MidjourneyV6
corpora/midjourney_v6/images/midjourney_v6_001489.jpg,1,aigc_modern_midjourney_v6,MidjourneyV6
corpora/midjourney_v6/images/midjourney_v6_001490.jpg,1,aigc_modern_midjourney_v6,MidjourneyV6
corpora/midjourney_v6/images/midjourney_v6_001491.jpg,1,aigc_modern_midjourney_v6,MidjourneyV6
corpora/midjourney_v6/images/midjourney_v6_001492.jpg,1,aigc_modern_midjourney_v6,MidjourneyV6
corpora/midjourney_v6/images/midjourney_v6_001493.jpg,1,aigc_modern_midjourney_v6,MidjourneyV6
corpora/midjourney_v6/images/midjourney_v6_001494.jpg,1,aigc_modern_midjourney_v6,MidjourneyV6
corpora/midjourney_v6/images/midjourney_v6_001495.jpg,1,aigc_modern_midjourney_v6,MidjourneyV6
corpora/midjourney_v6/images/midjourney_v6_001496.jpg,1,aigc_modern_midjourney_v6,MidjourneyV6
corpora/midjourney_v6/images/midjourney_v6_001497.jpg,1,aigc_modern_midjourney_v6,MidjourneyV6
corpora/midjourney_v6/images/midjourney_v6_001498.jpg,1,aigc_modern_midjourney_v6,MidjourneyV6
corpora/midjourney_v6/images/midjourney_v6_001499.jpg,1,aigc_modern_midjourney_v6,MidjourneyV6
