image_path,label,source,generator
corpora/deepfake_faces/images/deepfake_faces_000000.jpg,1,deepfake_faces,unknown_deepfake
corpora/deepfake_faces/images/deepfake_faces_000001.jpg,0,deepfake_faces,unknown_deepfake
corpora/deepfake_faces/images/deepfake_faces_000002.jpg,0,deepfake_faces,unknown_deepfake
corpora/deepfake_faces/images/deepfake_faces_000003.jpg,0,deepfake_faces,unknown_deepfake
corpora/deepfake_faces/images/deepfake_faces_000004.jpg,1,deepfake_faces,unknown_deepfake
corpora/deepfake_faces/images/deepfake_faces_000005.jpg,1,deepfake_faces,unknown_deepfake
corpora/deepfake_faces/images/deepfake_faces_000006.jpg,1,deepfake_faces,unknown_deepfake
corpora/deepfake_faces/images/deepfake_faces_000007.jpg,1,deepfake_faces,unknown_deepfake
corpora/deepfake_faces/images/deepfake_faces_000008.jpg,1,deepfake_faces,unknown_deepfake
corpora/deepfake_faces/images/deepfake_faces_000009.jpg,0,deepfake_faces,unknown_deepfake
corpora/deepfake_faces/images/deepfake_faces_000010.jpg,1,deepfake_faces,unknown_deepfake
corpora/deepfake_faces/images/deepfake_faces_000011.jpg,1,deepfake_faces,unknown_deepfake
corpora/deepfake_faces/images/deepfake_faces_000012.jpg,0,deepfake_faces,unknown_deepfake
corpora/deepfake_faces/images/deepfake_faces_000013.jpg,0,deepfake_faces,unknown_deepfake
corpora/deepfake_faces/images/deepfake_faces_000014.jpg,0,deepfake_faces,unknown_deepfake
corpora/deepfake_faces/images/deepfake_faces_000015.jpg,0,deepfake_faces,unknown_deepfake
corpora/deepfake_faces/images/deepfake_faces_000016.jpg,1,deepfake_faces,unknown_deepfake
corpora/deepfake_faces/images/deepfake_faces_000017.jpg,1,deepfake_faces,unknown_deepfake
corpora/deepfake_faces/images/deepfake_faces_000018.jpg,0,deepfake_faces,unknown_deepfake
corpora/deepfake_faces/images/deepfake_faces_000019.jpg,1,deepfake_faces,unknown_deepfake
corpora/deepfake_faces/images/deepfake_faces_000020.jpg,1,deepfake_faces,unknown_deepfake
corpora/deepfake_faces/images/deepfake_faces_000021.jpg,0,deepfake_faces,unknown_deepfake
corpora/deepfake_faces/images/deepfake_faces_000022.jpg,1,deepfake_faces,unknown_deepfake
corpora/deepfake_faces/images/deepfake_faces_000023.jpg,1,deepfake_faces,unknown_deepfake
corpora/deepfake_faces/images/deepfake_faces_000024.jpg,1,deepfake_faces,unknown_deepfake
corpora/deepfake_faces/images/deepfake_faces_000025.jpg,0,deepfake_faces,unknown_deepfake
corpora/deepfake_faces/images/deepfake_faces_000026.jpg,0,deepfake_faces,unknown_deepfake
corpora/deepfake_faces/images/deepfake_faces_000027.jpg,1,deepfake_faces,unknown_deepfake
corpora/deepfake_faces/images/deepfake_faces_000028.jpg,1,deepfake_faces,unknown_deepfake
corpora/deepfake_faces/images/deepfake_faces_000029.jpg,1,deepfake_faces,unknown_deepfake
corpora/deepfake_faces/images/deepfake_faces_000030.jpg,0,deepfake_faces,unknown_deepfake
corpora/deepfake_faces/images/deepfake_faces_000031.jpg,1,deepfake_faces,unknown_deepfake
corpora/deepfake_faces/images/deepfake_faces_000032.jpg,0,deepfake_faces,unknown_deepfake
corpora/deepfake_faces/images/deepfake_faces_000033.jpg,0,deepfake_faces,unknown_deepfake
corpora/deepfake_faces/images/deepfake_faces_000034.jpg,1,deepfake_faces,unknown_deepfake
corpora/deepfake_faces/images/deepfake_faces_000035.jpg,1,deepfake_faces,unknown_deepfake
corpora/deepfake_faces/images/deepfake_faces_000036.jpg,0,deepfake_faces,unknown_deepfake
corpora/deepfake_faces/images/deepfake_faces_000037.jpg,1,deepfake_faces,unknown_deepfake
corpora/deepfake_faces/images/deepfake_faces_000038.jpg,1,deepfake_faces,unknown_deepfake
corpora/deepfake_faces/images/deepfake_faces_000039.jpg,0,deepfake_faces,unknown_deepfake
corpora/deepfake_faces/images/deepfake_faces_000040.jpg,0,deepfake_faces,unknown_deepfake
corpora/deepfake_faces/images/deepfake_faces_000041.jpg,1,deepfake_faces,unknown_deepfake
corpora/deepfake_faces/images/deepfake_faces_000042.jpg,1,deepfake_faces,unknown_deepfake
corpora/deepfake_faces/images/deepfake_faces_000043.jpg,0,deepfake_faces,unknown_deepfake
corpora/deepfake_faces/images/deepfake_faces_000044.jpg,1,deepfake_faces,unknown_deepfake
corpora/deepfake_faces/images/deepfake_faces_000045.jpg,1,deepfake_faces,unknown_deepfake
corpora/deepfake_faces/images/deepfake_faces_000046.jpg,1,deepfake_faces,unknown_deepfake
corpora/deepfake_faces/images/deepfake_faces_000047.jpg,0,deepfake_faces,unknown_deepfake
corpora/deepfake_faces/images/deepfake_faces_000048.jpg,1,deepfake_faces,unknown_deepfake
corpora/deepfake_faces/images/deepfake_faces_000049.jpg,1,deepfake_faces,unknown_deepfake
corpora/deepfake_faces/images/deepfake_faces_000050.jpg,0,deepfake_faces,unknown_deepfake
corpora/deepfake_faces/images/deepfake_faces_000051.jpg,1,deepfake_faces,unknown_deepfake
corpora/deepfake_faces/images/deepfake_faces_000052.jpg,0,deepfake_faces,unknown_deepfake
corpora/deepfake_faces/images/deepfake_faces_000053.jpg,0,deepfake_faces,unknown_deepfake
corpora/deepfake_faces/images/deepfake_faces_000054.jpg,1,deepfake_faces,unknown_deepfake
corpora/deepfake_faces/images/deepfake_faces_000055.jpg,0,deepfake_faces,unknown_deepfake
corpora/deepfake_faces/images/deepfake_faces_000056.jpg,0,deepfake_faces,unknown_deepfake
corpora/deepfake_faces/images/deepfake_faces_000057.jpg,0,deepfake_faces,unknown_deepfake
corpora/deepfake_faces/images/deepfake_faces_000058.jpg,0,deepfake_faces,unknown_deepfake
corpora/deepfake_faces/images/deepfake_faces_000059.jpg,0,deepfake_faces,unknown_deepfake
corpora/deepfake_faces/images/deepfake_faces_000060.jpg,1,deepfake_faces,unknown_deepfake
corpora/deepfake_faces/images/deepfake_faces_000061.jpg,1,deepfake_faces,unknown_deepfake
corpora/deepfake_faces/images/deepfake_faces_000062.jpg,1,deepfake_faces,unknown_deepfake
corpora/deepfake_faces/images/deepfake_faces_000063.jpg,1,deepfake_faces,unknown_deepfake
corpora/deepfake_faces/images/deepfake_faces_000064.jpg,1,deepfake_faces,unknown_deepfake
corpora/deepfake_faces/images/deepfake_faces_000065.jpg,1,deepfake_faces,unknown_deepfake
corpora/deepfake_faces/images/deepfake_faces_000066.jpg,1,deepfake_faces,unknown_deepfake
corpora/deepfake_faces/images/deepfake_faces_000067.jpg,0,deepfake_faces,unknown_deepfake
corpora/deepfake_faces/images/deepfake_faces_000068.jpg,1,deepfake_faces,unknown_deepfake
corpora/deepfake_faces/images/deepfake_faces_000069.jpg,0,deepfake_faces,unknown_deepfake
corpora/deepfake_faces/images/deepfake_faces_000070.jpg,1,deepfake_faces,unknown_deepfake
corpora/deepfake_faces/images/deepfake_faces_000071.jpg,0,deepfake_faces,unknown_deepfake
corpora/deepfake_faces/images/deepfake_faces_000072.jpg,1,deepfake_faces,unknown_deepfake
corpora/deepfake_faces/images/deepfake_faces_000073.jpg,0,deepfake_faces,unknown_deepfake
corpora/deepfake_faces/images/deepfake_faces_000074.jpg,1,deepfake_faces,unknown_deepfake
corpora/deepfake_faces/images/deepfake_faces_000075.jpg,1,deepfake_faces,unknown_deepfake
corpora/deepfake_faces/images/deepfake_faces_000076.jpg,0,deepfake_faces,unknown_deepfake
corpora/deepfake_faces/images/deepfake_faces_000077.jpg,1,deepfake_faces,unknown_deepfake
corpora/deepfake_faces/images/deepfake_faces_000078.jpg,1,deepfake_faces,unknown_deepfake
corpora/deepfake_faces/images/deepfake_faces_000079.jpg,0,deepfake_faces,unknown_deepfake
corpora/deepfake_faces/images/deepfake_faces_000080.jpg,0,deepfake_faces,unknown_deepfake
corpora/deepfake_faces/images/deepfake_faces_000081.jpg,0,deepfake_faces,unknown_deepfake
corpora/deepfake_faces/images/deepfake_faces_000082.jpg,0,deepfake_faces,unknown_deepfake
corpora/deepfake_faces/images/deepfake_faces_000083.jpg,1,deepfake_faces,unknown_deepfake
corpora/deepfake_faces/images/deepfake_faces_000084.jpg,0,deepfake_faces,unknown_deepfake
corpora/deepfake_faces/images/deepfake_faces_000085.jpg,0,deepfake_faces,unknown_deepfake
corpora/deepfake_faces/images/deepfake_faces_000086.jpg,1,deepfake_faces,unknown_deepfake
corpora/deepfake_faces/images/deepfake_faces_000087.jpg,1,deepfake_faces,unknown_deepfake
corpora/deepfake_faces/images/deepfake_faces_000088.jpg,1,deepfake_faces,unknown_deepfake
corpora/deepfake_faces/images/deepfake_faces_000089.jpg,1,deepfake_faces,unknown_deepfake
corpora/deepfake_faces/images/deepfake_faces_000090.jpg,0,deepfake_faces,unknown_deepfake
corpora/deepfake_faces/images/deepfake_faces_000091.jpg,1,deepfake_faces,unknown_deepfake
corpora/deepfake_faces/images/deepfake_faces_000092.jpg,1,deepfake_faces,unknown_deepfake
corpora/deepfake_faces/images/deepfake_faces_000093.jpg,1,deepfake_faces,unknown_deepfake
corpora/deepfake_faces/images/deepfake_faces_000094.jpg,0,deepfake_faces,unknown_deepfake
corpora/deepfake_faces/images/deepfake_faces_000095.jpg,0,deepfake_faces,unknown_deepfake
corpora/deepfake_faces/images/deepfake_faces_000096.jpg,1,deepfake_faces,unknown_deepfake
corpora/deepfake_faces/images/deepfake_faces_000097.jpg,1,deepfake_faces,unknown_deepfake
corpora/deepfake_faces/images/deepfake_faces_000098.jpg,1,deepfake_faces,unknown_deepfake
corpora/deepfake_faces/images/deepfake_faces_000099.jpg,1,deepfake_faces,unknown_deepfake
corpora/deepfake_faces/images/deepfake_faces_000100.jpg,0,deepfake_faces,unknown_deepfake
corpora/deepfake_faces/images/deepfake_faces_000101.jpg,0,deepfake_faces,unknown_deepfake
corpora/deepfake_faces/images/deepfake_faces_000102.jpg,0,deepfake_faces,unknown_deepfake
corpora/deepfake_faces/images/deepfake_faces_000103.jpg,0,deepfake_faces,unknown_deepfake
corpora/deepfake_faces/images/deepfake_faces_000104.jpg,0,deepfake_faces,unknown_deepfake
corpora/deepfake_faces/images/deepfake_faces_000105.jpg,1,deepfake_faces,unknown_deepfake
corpora/deepfake_faces/images/deepfake_faces_000106.jpg,0,deepfake_faces,unknown_deepfake
corpora/deepfake_faces/images/deepfake_faces_000107.jpg,0,deepfake_faces,unknown_deepfake
corpora/deepfake_faces/images/deepfake_faces_000108.jpg,1,deepfake_faces,unknown_deepfake
corpora/deepfake_faces/images/deepfake_faces_000109.jpg,1,deepfake_faces,unknown_deepfake
corpora/deepfake_faces/images/deepfake_faces_000110.jpg,1,deepfake_faces,unknown_deepfake
corpora/deepfake_faces/images/deepfake_faces_000111.jpg,1,deepfake_faces,unknown_deepfake
corpora/deepfake_faces/images/deepfake_faces_000112.jpg,0,deepfake_faces,unknown_deepfake
corpora/deepfake_faces/images/deepfake_faces_000113.jpg,0,deepfake_faces,unknown_deepfake
corpora/deepfake_faces/images/deepfake_faces_000114.jpg,1,deepfake_faces,unknown_deepfake
corpora/deepfake_faces/images/deepfake_faces_000115.jpg,0,deepfake_faces,unknown_deepfake
corpora/deepfake_faces/images/deepfake_faces_000116.jpg,0,deepfake_faces,unknown_deepfake
corpora/deepfake_faces/images/deepfake_faces_000117.jpg,1,deepfake_faces,unknown_deepfake
corpora/deepfake_faces/images/deepfake_faces_000118.jpg,1,deepfake_faces,unknown_deepfake
corpora/deepfake_faces/images/deepfake_faces_000119.jpg,1,deepfake_faces,unknown_deepfake
corpora/deepfake_faces/images/deepfake_faces_000120.jpg,0,deepfake_faces,unknown_deepfake
corpora/deepfake_faces/images/deepfake_faces_000121.jpg,1,deepfake_faces,unknown_deepfake
corpora/deepfake_faces/images/deepfake_faces_000122.jpg,0,deepfake_faces,unknown_deepfake
corpora/deepfake_faces/images/deepfake_faces_000123.jpg,1,deepfake_faces,unknown_deepfake
corpora/deepfake_faces/images/deepfake_faces_000124.jpg,1,deepfake_faces,unknown_deepfake
corpora/deepfake_faces/images/deepfake_faces_000125.jpg,0,deepfake_faces,unknown_deepfake
corpora/deepfake_faces/images/deepfake_faces_000126.jpg,1,deepfake_faces,unknown_deepfake
corpora/deepfake_faces/images/deepfake_faces_000127.jpg,1,deepfake_faces,unknown_deepfake
corpora/deepfake_faces/images/deepfake_faces_000128.jpg,0,deepfake_faces,unknown_deepfake
corpora/deepfake_faces/images/deepfake_faces_000129.jpg,1,deepfake_faces,unknown_deepfake
corpora/deepfake_faces/images/deepfake_faces_000130.jpg,1,deepfake_faces,unknown_deepfake
corpora/deepfake_faces/images/deepfake_faces_000131.jpg,1,deepfake_faces,unknown_deepfake
corpora/deepfake_faces/images/deepfake_faces_000132.jpg,0,deepfake_faces,unknown_deepfake
corpora/deepfake_faces/images/deepfake_faces_000133.jpg,0,deepfake_faces,unknown_deepfake
corpora/deepfake_faces/images/deepfake_faces_000134.jpg,1,deepfake_faces,unknown_deepfake
corpora/deepfake_faces/images/deepfake_faces_000135.jpg,0,deepfake_faces,unknown_deepfake
corpora/deepfake_faces/images/deepfake_faces_000136.jpg,1,deepfake_faces,unknown_deepfake
corpora/deepfake_faces/images/deepfake_faces_000137.jpg,0,deepfake_faces,unknown_deepfake
corpora/deepfake_faces/images/deepfake_faces_000138.jpg,0,deepfake_faces,unknown_deepfake
corpora/deepfake_faces/images/deepfake_faces_000139.jpg,0,deepfake_faces,unknown_deepfake
corpora/deepfake_faces/images/deepfake_faces_000140.jpg,0,deepfake_faces,unknown_deepfake
corpora/deepfake_faces/images/deepfake_faces_000141.jpg,0,deepfake_faces,unknown_deepfake
corpora/deepfake_faces/images/deepfake_faces_000142.jpg,0,deepfake_faces,unknown_deepfake
corpora/deepfake_faces/images/deepfake_faces_000143.jpg,0,deepfake_faces,unknown_deepfake
corpora/deepfake_faces/images/deepfake_faces_000144.jpg,0,deepfake_faces,unknown_deepfake
corpora/deepfake_faces/images/deepfake_faces_000145.jpg,0,deepfake_faces,unknown_deepfake
corpora/deepfake_faces/images/deepfake_faces_000146.jpg,1,deepfake_faces,unknown_deepfake
corpora/deepfake_faces/images/deepfake_faces_000147.jpg,1,deepfake_faces,unknown_deepfake
corpora/deepfake_faces/images/deepfake_faces_000148.jpg,0,deepfake_faces,unknown_deepfake
corpora/deepfake_faces/images/deepfake_faces_000149.jpg,1,deepfake_faces,unknown_deepfake
corpora/deepfake_faces/images/deepfake_faces_000150.jpg,0,deepfake_faces,unknown_deepfake
corpora/deepfake_faces/images/deepfake_faces_000151.jpg,1,deepfake_faces,unknown_deepfake
corpora/deepfake_faces/images/deepfake_faces_000152.jpg,0,deepfake_faces,unknown_deepfake
corpora/deepfake_faces/images/deepfake_faces_000153.jpg,1,deepfake_faces,unknown_deepfake
corpora/deepfake_faces/images/deepfake_faces_000154.jpg,0,deepfake_faces,unknown_deepfake
corpora/deepfake_faces/images/deepfake_faces_000155.jpg,0,deepfake_faces,unknown_deepfake
corpora/deepfake_faces/images/deepfake_faces_000156.jpg,1,deepfake_faces,unknown_deepfake
corpora/deepfake_faces/images/deepfake_faces_000157.jpg,0,deepfake_faces,unknown_deepfake
corpora/deepfake_faces/images/deepfake_faces_000158.jpg,1,deepfake_faces,unknown_deepfake
corpora/deepfake_faces/images/deepfake_faces_000159.jpg,1,deepfake_faces,unknown_deepfake
corpora/deepfake_faces/images/deepfake_faces_000160.jpg,1,deepfake_faces,unknown_deepfake
corpora/deepfake_faces/images/deepfake_faces_000161.jpg,1,deepfake_faces,unknown_deepfake
corpora/deepfake_faces/images/deepfake_faces_000162.jpg,1,deepfake_faces,unknown_deepfake
corpora/deepfake_faces/images/deepfake_faces_000163.jpg,1,deepfake_faces,unknown_deepfake
corpora/deepfake_faces/images/deepfake_faces_000164.jpg,1,deepfake_faces,unknown_deepfake
corpora/deepfake_faces/images/deepfake_faces_000165.jpg,1,deepfake_faces,unknown_deepfake
corpora/deepfake_faces/images/deepfake_faces_000166.jpg,0,deepfake_faces,unknown_deepfake
corpora/deepfake_faces/images/deepfake_faces_000167.jpg,0,deepfake_faces,unknown_deepfake
corpora/deepfake_faces/images/deepfake_faces_000168.jpg,0,deepfake_faces,unknown_deepfake
corpora/deepfake_faces/images/deepfake_faces_000169.jpg,1,deepfake_faces,unknown_deepfake
corpora/deepfake_faces/images/deepfake_faces_000170.jpg,1,deepfake_faces,unknown_deepfake
corpora/deepfake_faces/images/deepfake_faces_000171.jpg,0,deepfake_faces,unknown_deepfake
corpora/deepfake_faces/images/deepfake_faces_000172.jpg,1,deepfake_faces,unknown_deepfake
corpora/deepfake_faces/images/deepfake_faces_000173.jpg,1,deepfake_faces,unknown_deepfake
corpora/deepfake_faces/images/deepfake_faces_000174.jpg,1,deepfake_faces,unknown_deepfake
corpora/deepfake_faces/images/deepfake_faces_000175.jpg,1,deepfake_faces,unknown_deepfake
corpora/deepfake_faces/images/deepfake_faces_000176.jpg,1,deepfake_faces,unknown_deepfake
corpora/deepfake_faces/images/deepfake_faces_000177.jpg,0,deepfake_faces,unknown_deepfake
corpora/deepfake_faces/images/deepfake_faces_000178.jpg,0,deepfake_faces,unknown_deepfake
corpora/deepfake_faces/images/deepfake_faces_000179.jpg,1,deepfake_faces,unknown_deepfake
corpora/deepfake_faces/images/deepfake_faces_000180.jpg,0,deepfake_faces,unknown_deepfake
corpora/deepfake_faces/images/deepfake_faces_000181.jpg,0,deepfake_faces,unknown_deepfake
corpora/deepfake_faces/images/deepfake_faces_000182.jpg,0,deepfake_faces,unknown_deepfake
corpora/deepfake_faces/images/deepfake_faces_000183.jpg,0,deepfake_faces,unknown_deepfake
corpora/deepfake_faces/images/deepfake_faces_000184.jpg,0,deepfake_faces,unknown_deepfake
corpora/deepfake_faces/images/deepfake_faces_000185.jpg,1,deepfake_faces,unknown_deepfake
corpora/deepfake_faces/images/deepfake_faces_000186.jpg,0,deepfake_faces,unknown_deepfake
corpora/deepfake_faces/images/deepfake_faces_000187.jpg,0,deepfake_faces,unknown_deepfake
corpora/deepfake_faces/images/deepfake_faces_000188.jpg,1,deepfake_faces,unknown_deepfake
corpora/deepfake_faces/images/deepfake_faces_000189.jpg,0,deepfake_faces,unknown_deepfake
corpora/deepfake_faces/images/deepfake_faces_000190.jpg,0,deepfake_faces,unknown_deepfake
corpora/deepfake_faces/images/deepfake_faces_000191.jpg,1,deepfake_faces,unknown_deepfake
corpora/deepfake_faces/images/deepfake_faces_000192.jpg,1,deepfake_faces,unknown_deepfake
corpora/deepfake_faces/images/deepfake_faces_000193.jpg,0,deepfake_faces,unknown_deepfake
corpora/deepfake_faces/images/deepfake_faces_000194.jpg,1,deepfake_faces,unknown_deepfake
corpora/deepfake_faces/images/deepfake_faces_000195.jpg,0,deepfake_faces,unknown_deepfake
corpora/deepfake_faces/images/deepfake_faces_000196.jpg,0,deepfake_faces,unknown_deepfake
corpora/deepfake_faces/images/deepfake_faces_000197.jpg,0,deepfake_faces,unknown_deepfake
corpora/deepfake_faces/images/deepfake_faces_000198.jpg,1,deepfake_faces,unknown_deepfake
corpora/deepfake_faces/images/deepfake_faces_000199.jpg,0,deepfake_faces,unknown_deepfake
corpora/deepfake_faces/images/deepfake_faces_000200.jpg,0,deepfake_faces,unknown_deepfake
corpora/deepfake_faces/images/deepfake_faces_000201.jpg,0,deepfake_faces,unknown_deepfake
corpora/deepfake_faces/images/deepfake_faces_000202.jpg,0,deepfake_faces,unknown_deepfake
corpora/deepfake_faces/images/deepfake_faces_000203.jpg,1,deepfake_faces,unknown_deepfake
corpora/deepfake_faces/images/deepfake_faces_000204.jpg,1,deepfake_faces,unknown_deepfake
corpora/deepfake_faces/images/deepfake_faces_000205.jpg,1,deepfake_faces,unknown_deepfake
corpora/deepfake_faces/images/deepfake_faces_000206.jpg,1,deepfake_faces,unknown_deepfake
corpora/deepfake_faces/images/deepfake_faces_000207.jpg,1,deepfake_faces,unknown_deepfake
corpora/deepfake_faces/images/deepfake_faces_000208.jpg,1,deepfake_faces,unknown_deepfake
corpora/deepfake_faces/images/deepfake_faces_000209.jpg,0,deepfake_faces,unknown_deepfake
corpora/deepfake_faces/images/deepfake_faces_000210.jpg,0,deepfake_faces,unknown_deepfake
corpora/deepfake_faces/images/deepfake_faces_000211.jpg,0,deepfake_faces,unknown_deepfake
corpora/deepfake_faces/images/deepfake_faces_000212.jpg,1,deepfake_faces,unknown_deepfake
corpora/deepfake_faces/images/deepfake_faces_000213.jpg,1,deepfake_faces,unknown_deepfake
corpora/deepfake_faces/images/deepfake_faces_000214.jpg,1,deepfake_faces,unknown_deepfake
corpora/deepfake_faces/images/deepfake_faces_000215.jpg,0,deepfake_faces,unknown_deepfake
corpora/deepfake_faces/images/deepfake_faces_000216.jpg,1,deepfake_faces,unknown_deepfake
corpora/deepfake_faces/images/deepfake_faces_000217.jpg,1,deepfake_faces,unknown_deepfake
corpora/deepfake_faces/images/deepfake_faces_000218.jpg,1,deepfake_faces,unknown_deepfake
corpora/deepfake_faces/images/deepfake_faces_000219.jpg,0,deepfake_faces,unknown_deepfake
corpora/deepfake_faces/images/deepfake_faces_000220.jpg,1,deepfake_faces,unknown_deepfake
corpora/deepfake_faces/images/deepfake_faces_000221.jpg,1,deepfake_faces,unknown_deepfake
corpora/deepfake_faces/images/deepfake_faces_000222.jpg,1,deepfake_faces,unknown_deepfake
corpora/deepfake_faces/images/deepfake_faces_000223.jpg,1,deepfake_faces,unknown_deepfake
corpora/deepfake_faces/images/deepfake_faces_000224.jpg,1,deepfake_faces,unknown_deepfake
corpora/deepfake_faces/images/deepfake_faces_000225.jpg,1,deepfake_faces,unknown_deepfake
corpora/deepfake_faces/images/deepfake_faces_000226.jpg,0,deepfake_faces,unknown_deepfake
corpora/deepfake_faces/images/deepfake_faces_000227.jpg,1,deepfake_faces,unknown_deepfake
corpora/deepfake_faces/images/deepfake_faces_000228.jpg,1,deepfake_faces,unknown_deepfake
corpora/deepfake_faces/images/deepfake_faces_000229.jpg,0,deepfake_faces,unknown_deepfake
corpora/deepfake_faces/images/deepfake_faces_000230.jpg,1,deepfake_faces,unknown_deepfake
corpora/deepfake_faces/images/deepfake_faces_000231.jpg,0,deepfake_faces,unknown_deepfake
corpora/deepfake_faces/images/deepfake_faces_000232.jpg,0,deepfake_faces,unknown_deepfake
corpora/deepfake_faces/images/deepfake_faces_000233.jpg,1,deepfake_faces,unknown_deepfake
corpora/deepfake_faces/images/deepfake_faces_000234.jpg,1,deepfake_faces,unknown_deepfake
corpora/deepfake_faces/images/deepfake_faces_000235.jpg,1,deepfake_faces,unknown_deepfake
corpora/deepfake_faces/images/deepfake_faces_000236.jpg,0,deepfake_faces,unknown_deepfake
corpora/deepfake_faces/images/deepfake_faces_000237.jpg,0,deepfake_faces,unknown_deepfake
corpora/deepfake_faces/images/deepfake_faces_000238.jpg,0,deepfake_faces,unknown_deepfake
corpora/deepfake_faces/images/deepfake_faces_000239.jpg,0,deepfake_faces,unknown_deepfake
corpora/deepfake_faces/images/deepfake_faces_000240.jpg,0,deepfake_faces,unknown_deepfake
corpora/deepfake_faces/images/deepfake_faces_000241.jpg,1,deepfake_faces,unknown_deepfake
corpora/deepfake_faces/images/deepfake_faces_000242.jpg,1,deepfake_faces,unknown_deepfake
corpora/deepfake_faces/images/deepfake_faces_000243.jpg,0,deepfake_faces,unknown_deepfake
corpora/deepfake_faces/images/deepfake_faces_000244.jpg,0,deepfake_faces,unknown_deepfake
corpora/deepfake_faces/images/deepfake_faces_000245.jpg,1,deepfake_faces,unknown_deepfake
corpora/deepfake_faces/images/deepfake_faces_000246.jpg,0,deepfake_faces,unknown_deepfake
corpora/deepfake_faces/images/deepfake_faces_000247.jpg,1,deepfake_faces,unknown_deepfake
corpora/deepfake_faces/images/deepfake_faces_000248.jpg,0,deepfake_faces,unknown_deepfake
corpora/deepfake_faces/images/deepfake_faces_000249.jpg,1,deepfake_faces,unknown_deepfake
corpora/deepfake_faces/images/deepfake_faces_000250.jpg,0,deepfake_faces,unknown_deepfake
corpora/deepfake_faces/images/deepfake_faces_000251.jpg,1,deepfake_faces,unknown_deepfake
corpora/deepfake_faces/images/deepfake_faces_000252.jpg,1,deepfake_faces,unknown_deepfake
corpora/deepfake_faces/images/deepfake_faces_000253.jpg,0,deepfake_faces,unknown_deepfake
corpora/deepfake_faces/images/deepfake_faces_000254.jpg,1,deepfake_faces,unknown_deepfake
corpora/deepfake_faces/images/deepfake_faces_000255.jpg,1,deepfake_faces,unknown_deepfake
corpora/deepfake_faces/images/deepfake_faces_000256.jpg,0,deepfake_faces,unknown_deepfake
corpora/deepfake_faces/images/deepfake_faces_000257.jpg,0,deepfake_faces,unknown_deepfake
corpora/deepfake_faces/images/deepfake_faces_000258.jpg,1,deepfake_faces,unknown_deepfake
corpora/deepfake_faces/images/deepfake_faces_000259.jpg,0,deepfake_faces,unknown_deepfake
corpora/deepfake_faces/images/deepfake_faces_000260.jpg,1,deepfake_faces,unknown_deepfake
corpora/deepfake_faces/images/deepfake_faces_000261.jpg,0,deepfake_faces,unknown_deepfake
corpora/deepfake_faces/images/deepfake_faces_000262.jpg,0,deepfake_faces,unknown_deepfake
corpora/deepfake_faces/images/deepfake_faces_000263.jpg,1,deepfake_faces,unknown_deepfake
corpora/deepfake_faces/images/deepfake_faces_000264.jpg,1,deepfake_faces,unknown_deepfake
corpora/deepfake_faces/images/deepfake_faces_000265.jpg,1,deepfake_faces,unknown_deepfake
corpora/deepfake_faces/images/deepfake_faces_000266.jpg,1,deepfake_faces,unknown_deepfake
corpora/deepfake_faces/images/deepfake_faces_000267.jpg,0,deepfake_faces,unknown_deepfake
corpora/deepfake_faces/images/deepfake_faces_000268.jpg,1,deepfake_faces,unknown_deepfake
corpora/deepfake_faces/images/deepfake_faces_000269.jpg,1,deepfake_faces,unknown_deepfake
corpora/deepfake_faces/images/deepfake_faces_000270.jpg,1,deepfake_faces,unknown_deepfake
corpora/deepfake_faces/images/deepfake_faces_000271.jpg,0,deepfake_faces,unknown_deepfake
corpora/deepfake_faces/images/deepfake_faces_000272.jpg,0,deepfake_faces,unknown_deepfake
corpora/deepfake_faces/images/deepfake_faces_000273.jpg,0,deepfake_faces,unknown_deepfake
corpora/deepfake_faces/images/deepfake_faces_000274.jpg,0,deepfake_faces,unknown_deepfake
corpora/deepfake_faces/images/deepfake_faces_000275.jpg,0,deepfake_faces,unknown_deepfake
corpora/deepfake_faces/images/deepfake_faces_000276.jpg,1,deepfake_faces,unknown_deepfake
corpora/deepfake_faces/images/deepfake_faces_000277.jpg,0,deepfake_faces,unknown_deepfake
corpora/deepfake_faces/images/deepfake_faces_000278.jpg,1,deepfake_faces,unknown_deepfake
corpora/deepfake_faces/images/deepfake_faces_000279.jpg,0,deepfake_faces,unknown_deepfake
corpora/deepfake_faces/images/deepfake_faces_000280.jpg,0,deepfake_faces,unknown_deepfake
corpora/deepfake_faces/images/deepfake_faces_000281.jpg,1,deepfake_faces,unknown_deepfake
corpora/deepfake_faces/images/deepfake_faces_000282.jpg,0,deepfake_faces,unknown_deepfake
corpora/deepfake_faces/images/deepfake_faces_000283.jpg,1,deepfake_faces,unknown_deepfake
corpora/deepfake_faces/images/deepfake_faces_000284.jpg,1,deepfake_faces,unknown_deepfake
corpora/deepfake_faces/images/deepfake_faces_000285.jpg,1,deepfake_faces,unknown_deepfake
corpora/deepfake_faces/images/deepfake_faces_000286.jpg,0,deepfake_faces,unknown_deepfake
corpora/deepfake_faces/images/deepfake_faces_000287.jpg,0,deepfake_faces,unknown_deepfake
corpora/deepfake_faces/images/deepfake_faces_000288.jpg,0,deepfake_faces,unknown_deepfake
corpora/deepfake_faces/images/deepfake_faces_000289.jpg,0,deepfake_faces,unknown_deepfake
corpora/deepfake_faces/images/deepfake_faces_000290.jpg,1,deepfake_faces,unknown_deepfake
corpora/deepfake_faces/images/deepfake_faces_000291.jpg,1,deepfake_faces,unknown_deepfake
corpora/deepfake_faces/images/deepfake_faces_000292.jpg,1,deepfake_faces,unknown_deepfake
corpora/deepfake_faces/images/deepfake_faces_000293.jpg,0,deepfake_faces,unknown_deepfake
corpora/deepfake_faces/images/deepfake_faces_000294.jpg,0,deepfake_faces,unknown_deepfake
corpora/deepfake_faces/images/deepfake_faces_000295.jpg,1,deepfake_faces,unknown_deepfake
corpora/deepfake_faces/images/deepfake_faces_000296.jpg,1,deepfake_faces,unknown_deepfake
corpora/deepfake_faces/images/deepfake_faces_000297.jpg,0,deepfake_faces,unknown_deepfake
corpora/deepfake_faces/images/deepfake_faces_000298.jpg,0,deepfake_faces,unknown_deepfake
corpora/deepfake_faces/images/deepfake_faces_000299.jpg,0,deepfake_faces,unknown_deepfake
corpora/deepfake_faces/images/deepfake_faces_000300.jpg,1,deepfake_faces,unknown_deepfake
corpora/deepfake_faces/images/deepfake_faces_000301.jpg,0,deepfake_faces,unknown_deepfake
corpora/deepfake_faces/images/deepfake_faces_000302.jpg,1,deepfake_faces,unknown_deepfake
corpora/deepfake_faces/images/deepfake_faces_000303.jpg,0,deepfake_faces,unknown_deepfake
corpora/deepfake_faces/images/deepfake_faces_000304.jpg,1,deepfake_faces,unknown_deepfake
corpora/deepfake_faces/images/deepfake_faces_000305.jpg,1,deepfake_faces,unknown_deepfake
corpora/deepfake_faces/images/deepfake_faces_000306.jpg,0,deepfake_faces,unknown_deepfake
corpora/deepfake_faces/images/deepfake_faces_000307.jpg,1,deepfake_faces,unknown_deepfake
corpora/deepfake_faces/images/deepfake_faces_000308.jpg,0,deepfake_faces,unknown_deepfake
corpora/deepfake_faces/images/deepfake_faces_000309.jpg,0,deepfake_faces,unknown_deepfake
corpora/deepfake_faces/images/deepfake_faces_000310.jpg,1,deepfake_faces,unknown_deepfake
corpora/deepfake_faces/images/deepfake_faces_000311.jpg,0,deepfake_faces,unknown_deepfake
corpora/deepfake_faces/images/deepfake_faces_000312.jpg,1,deepfake_faces,unknown_deepfake
corpora/deepfake_faces/images/deepfake_faces_000313.jpg,0,deepfake_faces,unknown_deepfake
corpora/deepfake_faces/images/deepfake_faces_000314.jpg,1,deepfake_faces,unknown_deepfake
corpora/deepfake_faces/images/deepfake_faces_000315.jpg,0,deepfake_faces,unknown_deepfake
corpora/deepfake_faces/images/deepfake_faces_000316.jpg,1,deepfake_faces,unknown_deepfake
corpora/deepfake_faces/images/deepfake_faces_000317.jpg,0,deepfake_faces,unknown_deepfake
corpora/deepfake_faces/images/deepfake_faces_000318.jpg,1,deepfake_faces,unknown_deepfake
corpora/deepfake_faces/images/deepfake_faces_000319.jpg,0,deepfake_faces,unknown_deepfake
corpora/deepfake_faces/images/deepfake_faces_000320.jpg,1,deepfake_faces,unknown_deepfake
corpora/deepfake_faces/images/deepfake_faces_000321.jpg,0,deepfake_faces,unknown_deepfake
corpora/deepfake_faces/images/deepfake_faces_000322.jpg,0,deepfake_faces,unknown_deepfake
corpora/deepfake_faces/images/deepfake_faces_000323.jpg,1,deepfake_faces,unknown_deepfake
corpora/deepfake_faces/images/deepfake_faces_000324.jpg,0,deepfake_faces,unknown_deepfake
corpora/deepfake_faces/images/deepfake_faces_000325.jpg,1,deepfake_faces,unknown_deepfake
corpora/deepfake_faces/images/deepfake_faces_000326.jpg,0,deepfake_faces,unknown_deepfake
corpora/deepfake_faces/images/deepfake_faces_000327.jpg,1,deepfake_faces,unknown_deepfake
corpora/deepfake_faces/images/deepfake_faces_000328.jpg,0,deepfake_faces,unknown_deepfake
corpora/deepfake_faces/images/deepfake_faces_000329.jpg,0,deepfake_faces,unknown_deepfake
corpora/deepfake_faces/images/deepfake_faces_000330.jpg,1,deepfake_faces,unknown_deepfake
corpora/deepfake_faces/images/deepfake_faces_000331.jpg,0,deepfake_faces,unknown_deepfake
corpora/deepfake_faces/images/deepfake_faces_000332.jpg,1,deepfake_faces,unknown_deepfake
corpora/deepfake_faces/images/deepfake_faces_000333.jpg,1,deepfake_faces,unknown_deepfake
corpora/deepfake_faces/images/deepfake_faces_000334.jpg,1,deepfake_faces,unknown_deepfake
corpora/deepfake_faces/images/deepfake_faces_000335.jpg,0,deepfake_faces,unknown_deepfake
corpora/deepfake_faces/images/deepfake_faces_000336.jpg,1,deepfake_faces,unknown_deepfake
corpora/deepfake_faces/images/deepfake_faces_000337.jpg,1,deepfake_faces,unknown_deepfake
corpora/deepfake_faces/images/deepfake_faces_000338.jpg,1,deepfake_faces,unknown_deepfake
corpora/deepfake_faces/images/deepfake_faces_000339.jpg,0,deepfake_faces,unknown_deepfake
corpora/deepfake_faces/images/deepfake_faces_000340.jpg,0,deepfake_faces,unknown_deepfake
corpora/deepfake_faces/images/deepfake_faces_000341.jpg,1,deepfake_faces,unknown_deepfake
corpora/deepfake_faces/images/deepfake_faces_000342.jpg,0,deepfake_faces,unknown_deepfake
corpora/deepfake_faces/images/deepfake_faces_000343.jpg,0,deepfake_faces,unknown_deepfake
corpora/deepfake_faces/images/deepfake_faces_000344.jpg,0,deepfake_faces,unknown_deepfake
corpora/deepfake_faces/images/deepfake_faces_000345.jpg,1,deepfake_faces,unknown_deepfake
corpora/deepfake_faces/images/deepfake_faces_000346.jpg,0,deepfake_faces,unknown_deepfake
corpora/deepfake_faces/images/deepfake_faces_000347.jpg,1,deepfake_faces,unknown_deepfake
corpora/deepfake_faces/images/deepfake_faces_000348.jpg,1,deepfake_faces,unknown_deepfake
corpora/deepfake_faces/images/deepfake_faces_000349.jpg,1,deepfake_faces,unknown_deepfake
corpora/deepfake_faces/images/deepfake_faces_000350.jpg,1,deepfake_faces,unknown_deepfake
corpora/deepfake_faces/images/deepfake_faces_000351.jpg,0,deepfake_faces,unknown_deepfake
corpora/deepfake_faces/images/deepfake_faces_000352.jpg,0,deepfake_faces,unknown_deepfake
corpora/deepfake_faces/images/deepfake_faces_000353.jpg,0,deepfake_faces,unknown_deepfake
corpora/deepfake_faces/images/deepfake_faces_000354.jpg,1,deepfake_faces,unknown_deepfake
corpora/deepfake_faces/images/deepfake_faces_000355.jpg,1,deepfake_faces,unknown_deepfake
corpora/deepfake_faces/images/deepfake_faces_000356.jpg,0,deepfake_faces,unknown_deepfake
corpora/deepfake_faces/images/deepfake_faces_000357.jpg,0,deepfake_faces,unknown_deepfake
corpora/deepfake_faces/images/deepfake_faces_000358.jpg,1,deepfake_faces,unknown_deepfake
corpora/deepfake_faces/images/deepfake_faces_000359.jpg,1,deepfake_faces,unknown_deepfake
corpora/deepfake_faces/images/deepfake_faces_000360.jpg,0,deepfake_faces,unknown_deepfake
corpora/deepfake_faces/images/deepfake_faces_000361.jpg,1,deepfake_faces,unknown_deepfake
corpora/deepfake_faces/images/deepfake_faces_000362.jpg,0,deepfake_faces,unknown_deepfake
corpora/deepfake_faces/images/deepfake_faces_000363.jpg,0,deepfake_faces,unknown_deepfake
corpora/deepfake_faces/images/deepfake_faces_000364.jpg,1,deepfake_faces,unknown_deepfake
corpora/deepfake_faces/images/deepfake_faces_000365.jpg,1,deepfake_faces,unknown_deepfake
corpora/deepfake_faces/images/deepfake_faces_000366.jpg,1,deepfake_faces,unknown_deepfake
corpora/deepfake_faces/images/deepfake_faces_000367.jpg,0,deepfake_faces,unknown_deepfake
corpora/deepfake_faces/images/deepfake_faces_000368.jpg,0,deepfake_faces,unknown_deepfake
corpora/deepfake_faces/images/deepfake_faces_000369.jpg,0,deepfake_faces,unknown_deepfake
corpora/deepfake_faces/images/deepfake_faces_000370.jpg,1,deepfake_faces,unknown_deepfake
corpora/deepfake_faces/images/deepfake_faces_000371.jpg,0,deepfake_faces,unknown_deepfake
corpora/deepfake_faces/images/deepfake_faces_000372.jpg,0,deepfake_faces,unknown_deepfake
corpora/deepfake_faces/images/deepfake_faces_000373.jpg,0,deepfake_faces,unknown_deepfake
corpora/deepfake_faces/images/deepfake_faces_000374.jpg,1,deepfake_faces,unknown_deepfake
corpora/deepfake_faces/images/deepfake_faces_000375.jpg,1,deepfake_faces,unknown_deepfake
corpora/deepfake_faces/images/deepfake_faces_000376.jpg,1,deepfake_faces,unknown_deepfake
corpora/deepfake_faces/images/deepfake_faces_000377.jpg,0,deepfake_faces,unknown_deepfake
corpora/deepfake_faces/images/deepfake_faces_000378.jpg,1,deepfake_faces,unknown_deepfake
corpora/deepfake_faces/images/deepfake_faces_000379.jpg,1,deepfake_faces,unknown_deepfake
corpora/deepfake_faces/images/deepfake_faces_000380.jpg,0,deepfake_faces,unknown_deepfake
corpora/deepfake_faces/images/deepfake_faces_000381.jpg,1,deepfake_faces,unknown_deepfake
corpora/deepfake_faces/images/deepfake_faces_000382.jpg,0,deepfake_faces,unknown_deepfake
corpora/deepfake_faces/images/deepfake_faces_000383.jpg,1,deepfake_faces,unknown_deepfake
corpora/deepfake_faces/images/deepfake_faces_000384.jpg,1,deepfake_faces,unknown_deepfake
corpora/deepfake_faces/images/deepfake_faces_000385.jpg,0,deepfake_faces,unknown_deepfake
corpora/deepfake_faces/images/deepfake_faces_000386.jpg,1,deepfake_faces,unknown_deepfake
corpora/deepfake_faces/images/deepfake_faces_000387.jpg,1,deepfake_faces,unknown_deepfake
corpora/deepfake_faces/images/deepfake_faces_000388.jpg,1,deepfake_faces,unknown_deepfake
corpora/deepfake_faces/images/deepfake_faces_000389.jpg,0,deepfake_faces,unknown_deepfake
corpora/deepfake_faces/images/deepfake_faces_000390.jpg,1,deepfake_faces,unknown_deepfake
corpora/deepfake_faces/images/deepfake_faces_000391.jpg,0,deepfake_faces,unknown_deepfake
corpora/deepfake_faces/images/deepfake_faces_000392.jpg,0,deepfake_faces,unknown_deepfake
corpora/deepfake_faces/images/deepfake_faces_000393.jpg,1,deepfake_faces,unknown_deepfake
corpora/deepfake_faces/images/deepfake_faces_000394.jpg,0,deepfake_faces,unknown_deepfake
corpora/deepfake_faces/images/deepfake_faces_000395.jpg,1,deepfake_faces,unknown_deepfake
corpora/deepfake_faces/images/deepfake_faces_000396.jpg,0,deepfake_faces,unknown_deepfake
corpora/deepfake_faces/images/deepfake_faces_000397.jpg,1,deepfake_faces,unknown_deepfake
corpora/deepfake_faces/images/deepfake_faces_000398.jpg,1,deepfake_faces,unknown_deepfake
corpora/deepfake_faces/images/deepfake_faces_000399.jpg,1,deepfake_faces,unknown_deepfake
corpora/deepfake_faces/images/deepfake_faces_000400.jpg,0,deepfake_faces,unknown_deepfake
corpora/deepfake_faces/images/deepfake_faces_000401.jpg,1,deepfake_faces,unknown_deepfake
corpora/deepfake_faces/images/deepfake_faces_000402.jpg,1,deepfake_faces,unknown_deepfake
corpora/deepfake_faces/images/deepfake_faces_000403.jpg,0,deepfake_faces,unknown_deepfake
corpora/deepfake_faces/images/deepfake_faces_000404.jpg,0,deepfake_faces,unknown_deepfake
corpora/deepfake_faces/images/deepfake_faces_000405.jpg,1,deepfake_faces,unknown_deepfake
corpora/deepfake_faces/images/deepfake_faces_000406.jpg,0,deepfake_faces,unknown_deepfake
corpora/deepfake_faces/images/deepfake_faces_000407.jpg,0,deepfake_faces,unknown_deepfake
corpora/deepfake_faces/images/deepfake_faces_000408.jpg,0,deepfake_faces,unknown_deepfake
corpora/deepfake_faces/images/deepfake_faces_000409.jpg,1,deepfake_faces,unknown_deepfake
corpora/deepfake_faces/images/deepfake_faces_000410.jpg,1,deepfake_faces,unknown_deepfake
corpora/deepfake_faces/images/deepfake_faces_000411.jpg,0,deepfake_faces,unknown_deepfake
corpora/deepfake_faces/images/deepfake_faces_000412.jpg,0,deepfake_faces,unknown_deepfake
corpora/deepfake_faces/images/deepfake_faces_000413.jpg,1,deepfake_faces,unknown_deepfake
corpora/deepfake_faces/images/deepfake_faces_000414.jpg,1,deepfake_faces,unknown_deepfake
corpora/deepfake_faces/images/deepfake_faces_000415.jpg,1,deepfake_faces,unknown_deepfake
corpora/deepfake_faces/images/deepfake_faces_000416.jpg,0,deepfake_faces,unknown_deepfake
corpora/deepfake_faces/images/deepfake_faces_000417.jpg,1,deepfake_faces,unknown_deepfake
corpora/deepfake_faces/images/deepfake_faces_000418.jpg,1,deepfake_faces,unknown_deepfake
corpora/deepfake_faces/images/deepfake_faces_000419.jpg,0,deepfake_faces,unknown_deepfake
corpora/deepfake_faces/images/deepfake_faces_000420.jpg,1,deepfake_faces,unknown_deepfake
corpora/deepfake_faces/images/deepfake_faces_000421.jpg,1,deepfake_faces,unknown_deepfake
corpora/deepfake_faces/images/deepfake_faces_000422.jpg,0,deepfake_faces,unknown_deepfake
corpora/deepfake_faces/images/deepfake_faces_000423.jpg,0,deepfake_faces,unknown_deepfake
corpora/deepfake_faces/images/deepfake_faces_000424.jpg,1,deepfake_faces,unknown_deepfake
corpora/deepfake_faces/images/deepfake_faces_000425.jpg,0,deepfake_faces,unknown_deepfake
corpora/deepfake_faces/images/deepfake_faces_000426.jpg,1,deepfake_faces,unknown_deepfake
corpora/deepfake_faces/images/deepfake_faces_000427.jpg,0,deepfake_faces,unknown_deepfake
corpora/deepfake_faces/images/deepfake_faces_000428.jpg,1,deepfake_faces,unknown_deepfake
corpora/deepfake_faces/images/deepfake_faces_000429.jpg,0,deepfake_faces,unknown_deepfake
corpora/deepfake_faces/images/deepfake_faces_000430.jpg,1,deepfake_faces,unknown_deepfake
corpora/deepfake_faces/images/deepfake_faces_000431.jpg,1,deepfake_faces,unknown_deepfake
corpora/deepfake_faces/images/deepfake_faces_000432.jpg,1,deepfake_faces,unknown_deepfake
corpora/deepfake_faces/images/deepfake_faces_000433.jpg,0,deepfake_faces,unknown_deepfake
corpora/deepfake_faces/images/deepfake_faces_000434.jpg,1,deepfake_faces,unknown_deepfake
corpora/deepfake_faces/images/deepfake_faces_000435.jpg,1,deepfake_faces,unknown_deepfake
corpora/deepfake_faces/images/deepfake_faces_000436.jpg,0,deepfake_faces,unknown_deepfake
corpora/deepfake_faces/images/deepfake_faces_000437.jpg,0,deepfake_faces,unknown_deepfake
corpora/deepfake_faces/images/deepfake_faces_000438.jpg,1,deepfake_faces,unknown_deepfake
corpora/deepfake_faces/images/deepfake_faces_000439.jpg,1,deepfake_faces,unknown_deepfake
corpora/deepfake_faces/images/deepfake_faces_000440.jpg,1,deepfake_faces,unknown_deepfake
corpora/deepfake_faces/images/deepfake_faces_000441.jpg,0,deepfake_faces,unknown_deepfake
corpora/deepfake_faces/images/deepfake_faces_000442.jpg,1,deepfake_faces,unknown_deepfake
corpora/deepfake_faces/images/deepfake_faces_000443.jpg,0,deepfake_faces,unknown_deepfake
corpora/deepfake_faces/images/deepfake_faces_000444.jpg,0,deepfake_faces,unknown_deepfake
corpora/deepfake_faces/images/deepfake_faces_000445.jpg,1,deepfake_faces,unknown_deepfake
corpora/deepfake_faces/images/deepfake_faces_000446.jpg,0,deepfake_faces,unknown_deepfake
corpora/deepfake_faces/images/deepfake_faces_000447.jpg,0,deepfake_faces,unknown_deepfake
corpora/deepfake_faces/images/deepfake_faces_000448.jpg,0,deepfake_faces,unknown_deepfake
corpora/deepfake_faces/images/deepfake_faces_000449.jpg,1,deepfake_faces,unknown_deepfake
corpora/deepfake_faces/images/deepfake_faces_000450.jpg,0,deepfake_faces,unknown_deepfake
corpora/deepfake_faces/images/deepfake_faces_000451.jpg,0,deepfake_faces,unknown_deepfake
corpora/deepfake_faces/images/deepfake_faces_000452.jpg,0,deepfake_faces,unknown_deepfake
corpora/deepfake_faces/images/deepfake_faces_000453.jpg,0,deepfake_faces,unknown_deepfake
corpora/deepfake_faces/images/deepfake_faces_000454.jpg,1,deepfake_faces,unknown_deepfake
corpora/deepfake_faces/images/deepfake_faces_000455.jpg,0,deepfake_faces,unknown_deepfake
corpora/deepfake_faces/images/deepfake_faces_000456.jpg,0,deepfake_faces,unknown_deepfake
corpora/deepfake_faces/images/deepfake_faces_000457.jpg,0,deepfake_faces,unknown_deepfake
corpora/deepfake_faces/images/deepfake_faces_000458.jpg,1,deepfake_faces,unknown_deepfake
corpora/deepfake_faces/images/deepfake_faces_000459.jpg,0,deepfake_faces,unknown_deepfake
corpora/deepfake_faces/images/deepfake_faces_000460.jpg,0,deepfake_faces,unknown_deepfake
corpora/deepfake_faces/images/deepfake_faces_000461.jpg,1,deepfake_faces,unknown_deepfake
corpora/deepfake_faces/images/deepfake_faces_000462.jpg,1,deepfake_faces,unknown_deepfake
corpora/deepfake_faces/images/deepfake_faces_000463.jpg,0,deepfake_faces,unknown_deepfake
corpora/deepfake_faces/images/deepfake_faces_000464.jpg,0,deepfake_faces,unknown_deepfake
corpora/deepfake_faces/images/deepfake_faces_000465.jpg,1,deepfake_faces,unknown_deepfake
corpora/deepfake_faces/images/deepfake_faces_000466.jpg,0,deepfake_faces,unknown_deepfake
corpora/deepfake_faces/images/deepfake_faces_000467.jpg,1,deepfake_faces,unknown_deepfake
corpora/deepfake_faces/images/deepfake_faces_000468.jpg,1,deepfake_faces,unknown_deepfake
corpora/deepfake_faces/images/deepfake_faces_000469.jpg,0,deepfake_faces,unknown_deepfake
corpora/deepfake_faces/images/deepfake_faces_000470.jpg,1,deepfake_faces,unknown_deepfake
corpora/deepfake_faces/images/deepfake_faces_000471.jpg,0,deepfake_faces,unknown_deepfake
corpora/deepfake_faces/images/deepfake_faces_000472.jpg,1,deepfake_faces,unknown_deepfake
corpora/deepfake_faces/images/deepfake_faces_000473.jpg,1,deepfake_faces,unknown_deepfake
corpora/deepfake_faces/images/deepfake_faces_000474.jpg,0,deepfake_faces,unknown_deepfake
corpora/deepfake_faces/images/deepfake_faces_000475.jpg,1,deepfake_faces,unknown_deepfake
corpora/deepfake_faces/images/deepfake_faces_000476.jpg,1,deepfake_faces,unknown_deepfake
corpora/deepfake_faces/images/deepfake_faces_000477.jpg,1,deepfake_faces,unknown_deepfake
corpora/deepfake_faces/images/deepfake_faces_000478.jpg,1,deepfake_faces,unknown_deepfake
corpora/deepfake_faces/images/deepfake_faces_000479.jpg,0,deepfake_faces,unknown_deepfake
corpora/deepfake_faces/images/deepfake_faces_000480.jpg,1,deepfake_faces,unknown_deepfake
corpora/deepfake_faces/images/deepfake_faces_000481.jpg,0,deepfake_faces,unknown_deepfake
corpora/deepfake_faces/images/deepfake_faces_000482.jpg,0,deepfake_faces,unknown_deepfake
corpora/deepfake_faces/images/deepfake_faces_000483.jpg,1,deepfake_faces,unknown_deepfake
corpora/deepfake_faces/images/deepfake_faces_000484.jpg,0,deepfake_faces,unknown_deepfake
corpora/deepfake_faces/images/deepfake_faces_000485.jpg,1,deepfake_faces,unknown_deepfake
corpora/deepfake_faces/images/deepfake_faces_000486.jpg,1,deepfake_faces,unknown_deepfake
corpora/deepfake_faces/images/deepfake_faces_000487.jpg,0,deepfake_faces,unknown_deepfake
corpora/deepfake_faces/images/deepfake_faces_000488.jpg,1,deepfake_faces,unknown_deepfake
corpora/deepfake_faces/images/deepfake_faces_000489.jpg,0,deepfake_faces,unknown_deepfake
corpora/deepfake_faces/images/deepfake_faces_000490.jpg,1,deepfake_faces,unknown_deepfake
corpora/deepfake_faces/images/deepfake_faces_000491.jpg,0,deepfake_faces,unknown_deepfake
corpora/deepfake_faces/images/deepfake_faces_000492.jpg,1,deepfake_faces,unknown_deepfake
corpora/deepfake_faces/images/deepfake_faces_000493.jpg,1,deepfake_faces,unknown_deepfake
corpora/deepfake_faces/images/deepfake_faces_000494.jpg,0,deepfake_faces,unknown_deepfake
corpora/deepfake_faces/images/deepfake_faces_000495.jpg,0,deepfake_faces,unknown_deepfake
corpora/deepfake_faces/images/deepfake_faces_000496.jpg,1,deepfake_faces,unknown_deepfake
corpora/deepfake_faces/images/deepfake_faces_000497.jpg,0,deepfake_faces,unknown_deepfake
corpora/deepfake_faces/images/deepfake_faces_000498.jpg,0,deepfake_faces,unknown_deepfake
corpora/deepfake_faces/images/deepfake_faces_000499.jpg,1,deepfake_faces,unknown_deepfake
corpora/deepfake_faces/images/deepfake_faces_000500.jpg,0,deepfake_faces,unknown_deepfake
corpora/deepfake_faces/images/deepfake_faces_000501.jpg,1,deepfake_faces,unknown_deepfake
corpora/deepfake_faces/images/deepfake_faces_000502.jpg,1,deepfake_faces,unknown_deepfake
corpora/deepfake_faces/images/deepfake_faces_000503.jpg,1,deepfake_faces,unknown_deepfake
corpora/deepfake_faces/images/deepfake_faces_000504.jpg,0,deepfake_faces,unknown_deepfake
corpora/deepfake_faces/images/deepfake_faces_000505.jpg,0,deepfake_faces,unknown_deepfake
corpora/deepfake_faces/images/deepfake_faces_000506.jpg,1,deepfake_faces,unknown_deepfake
corpora/deepfake_faces/images/deepfake_faces_000507.jpg,1,deepfake_faces,unknown_deepfake
corpora/deepfake_faces/images/deepfake_faces_000508.jpg,1,deepfake_faces,unknown_deepfake
corpora/deepfake_faces/images/deepfake_faces_000509.jpg,0,deepfake_faces,unknown_deepfake
corpora/deepfake_faces/images/deepfake_faces_000510.jpg,1,deepfake_faces,unknown_deepfake
corpora/deepfake_faces/images/deepfake_faces_000511.jpg,0,deepfake_faces,unknown_deepfake
corpora/deepfake_faces/images/deepfake_faces_000512.jpg,0,deepfake_faces,unknown_deepfake
corpora/deepfake_faces/images/deepfake_faces_000513.jpg,1,deepfake_faces,unknown_deepfake
corpora/deepfake_faces/images/deepfake_faces_000514.jpg,1,deepfake_faces,unknown_deepfake
corpora/deepfake_faces/images/deepfake_faces_000515.jpg,0,deepfake_faces,unknown_deepfake
corpora/deepfake_faces/images/deepfake_faces_000516.jpg,1,deepfake_faces,unknown_deepfake
corpora/deepfake_faces/images/deepfake_faces_000517.jpg,1,deepfake_faces,unknown_deepfake
corpora/deepfake_faces/images/deepfake_faces_000518.jpg,1,deepfake_faces,unknown_deepfake
corpora/deepfake_faces/images/deepfake_faces_000519.jpg,1,deepfake_faces,unknown_deepfake
corpora/deepfake_faces/images/deepfake_faces_000520.jpg,1,deepfake_faces,unknown_deepfake
corpora/deepfake_faces/images/deepfake_faces_000521.jpg,1,deepfake_faces,unknown_deepfake
corpora/deepfake_faces/images/deepfake_faces_000522.jpg,1,deepfake_faces,unknown_deepfake
corpora/deepfake_faces/images/deepfake_faces_000523.jpg,1,deepfake_faces,unknown_deepfake
corpora/deepfake_faces/images/deepfake_faces_000524.jpg,1,deepfake_faces,unknown_deepfake
corpora/deepfake_faces/images/deepfake_faces_000525.jpg,0,deepfake_faces,unknown_deepfake
corpora/deepfake_faces/images/deepfake_faces_000526.jpg,1,deepfake_faces,unknown_deepfake
corpora/deepfake_faces/images/deepfake_faces_000527.jpg,1,deepfake_faces,unknown_deepfake
corpora/deepfake_faces/images/deepfake_faces_000528.jpg,0,deepfake_faces,unknown_deepfake
corpora/deepfake_faces/images/deepfake_faces_000529.jpg,0,deepfake_faces,unknown_deepfake
corpora/deepfake_faces/images/deepfake_faces_000530.jpg,0,deepfake_faces,unknown_deepfake
corpora/deepfake_faces/images/deepfake_faces_000531.jpg,0,deepfake_faces,unknown_deepfake
corpora/deepfake_faces/images/deepfake_faces_000532.jpg,0,deepfake_faces,unknown_deepfake
corpora/deepfake_faces/images/deepfake_faces_000533.jpg,0,deepfake_faces,unknown_deepfake
corpora/deepfake_faces/images/deepfake_faces_000534.jpg,1,deepfake_faces,unknown_deepfake
corpora/deepfake_faces/images/deepfake_faces_000535.jpg,0,deepfake_faces,unknown_deepfake
corpora/deepfake_faces/images/deepfake_faces_000536.jpg,0,deepfake_faces,unknown_deepfake
corpora/deepfake_faces/images/deepfake_faces_000537.jpg,0,deepfake_faces,unknown_deepfake
corpora/deepfake_faces/images/deepfake_faces_000538.jpg,1,deepfake_faces,unknown_deepfake
corpora/deepfake_faces/images/deepfake_faces_000539.jpg,0,deepfake_faces,unknown_deepfake
corpora/deepfake_faces/images/deepfake_faces_000540.jpg,0,deepfake_faces,unknown_deepfake
corpora/deepfake_faces/images/deepfake_faces_000541.jpg,0,deepfake_faces,unknown_deepfake
corpora/deepfake_faces/images/deepfake_faces_000542.jpg,1,deepfake_faces,unknown_deepfake
corpora/deepfake_faces/images/deepfake_faces_000543.jpg,1,deepfake_faces,unknown_deepfake
corpora/deepfake_faces/images/deepfake_faces_000544.jpg,1,deepfake_faces,unknown_deepfake
corpora/deepfake_faces/images/deepfake_faces_000545.jpg,0,deepfake_faces,unknown_deepfake
corpora/deepfake_faces/images/deepfake_faces_000546.jpg,1,deepfake_faces,unknown_deepfake
corpora/deepfake_faces/images/deepfake_faces_000547.jpg,0,deepfake_faces,unknown_deepfake
corpora/deepfake_faces/images/deepfake_faces_000548.jpg,0,deepfake_faces,unknown_deepfake
corpora/deepfake_faces/images/deepfake_faces_000549.jpg,1,deepfake_faces,unknown_deepfake
corpora/deepfake_faces/images/deepfake_faces_000550.jpg,0,deepfake_faces,unknown_deepfake
corpora/deepfake_faces/images/deepfake_faces_000551.jpg,1,deepfake_faces,unknown_deepfake
corpora/deepfake_faces/images/deepfake_faces_000552.jpg,0,deepfake_faces,unknown_deepfake
corpora/deepfake_faces/images/deepfake_faces_000553.jpg,0,deepfake_faces,unknown_deepfake
corpora/deepfake_faces/images/deepfake_faces_000554.jpg,0,deepfake_faces,unknown_deepfake
corpora/deepfake_faces/images/deepfake_faces_000555.jpg,1,deepfake_faces,unknown_deepfake
corpora/deepfake_faces/images/deepfake_faces_000556.jpg,1,deepfake_faces,unknown_deepfake
corpora/deepfake_faces/images/deepfake_faces_000557.jpg,1,deepfake_faces,unknown_deepfake
corpora/deepfake_faces/images/deepfake_faces_000558.jpg,1,deepfake_faces,unknown_deepfake
corpora/deepfake_faces/images/deepfake_faces_000559.jpg,1,deepfake_faces,unknown_deepfake
corpora/deepfake_faces/images/deepfake_faces_000560.jpg,0,deepfake_faces,unknown_deepfake
corpora/deepfake_faces/images/deepfake_faces_000561.jpg,1,deepfake_faces,unknown_deepfake
corpora/deepfake_faces/images/deepfake_faces_000562.jpg,1,deepfake_faces,unknown_deepfake
corpora/deepfake_faces/images/deepfake_faces_000563.jpg,0,deepfake_faces,unknown_deepfake
corpora/deepfake_faces/images/deepfake_faces_000564.jpg,1,deepfake_faces,unknown_deepfake
corpora/deepfake_faces/images/deepfake_faces_000565.jpg,1,deepfake_faces,unknown_deepfake
corpora/deepfake_faces/images/deepfake_faces_000566.jpg,0,deepfake_faces,unknown_deepfake
corpora/deepfake_faces/images/deepfake_faces_000567.jpg,0,deepfake_faces,unknown_deepfake
corpora/deepfake_faces/images/deepfake_faces_000568.jpg,1,deepfake_faces,unknown_deepfake
corpora/deepfake_faces/images/deepfake_faces_000569.jpg,1,deepfake_faces,unknown_deepfake
corpora/deepfake_faces/images/deepfake_faces_000570.jpg,0,deepfake_faces,unknown_deepfake
corpora/deepfake_faces/images/deepfake_faces_000571.jpg,0,deepfake_faces,unknown_deepfake
corpora/deepfake_faces/images/deepfake_faces_000572.jpg,1,deepfake_faces,unknown_deepfake
corpora/deepfake_faces/images/deepfake_faces_000573.jpg,1,deepfake_faces,unknown_deepfake
corpora/deepfake_faces/images/deepfake_faces_000574.jpg,0,deepfake_faces,unknown_deepfake
corpora/deepfake_faces/images/deepfake_faces_000575.jpg,0,deepfake_faces,unknown_deepfake
corpora/deepfake_faces/images/deepfake_faces_000576.jpg,1,deepfake_faces,unknown_deepfake
corpora/deepfake_faces/images/deepfake_faces_000577.jpg,1,deepfake_faces,unknown_deepfake
corpora/deepfake_faces/images/deepfake_faces_000578.jpg,0,deepfake_faces,unknown_deepfake
corpora/deepfake_faces/images/deepfake_faces_000579.jpg,0,deepfake_faces,unknown_deepfake
corpora/deepfake_faces/images/deepfake_faces_000580.jpg,0,deepfake_faces,unknown_deepfake
corpora/deepfake_faces/images/deepfake_faces_000581.jpg,1,deepfake_faces,unknown_deepfake
corpora/deepfake_faces/images/deepfake_faces_000582.jpg,0,deepfake_faces,unknown_deepfake
corpora/deepfake_faces/images/deepfake_faces_000583.jpg,0,deepfake_faces,unknown_deepfake
corpora/deepfake_faces/images/deepfake_faces_000584.jpg,1,deepfake_faces,unknown_deepfake
corpora/deepfake_faces/images/deepfake_faces_000585.jpg,1,deepfake_faces,unknown_deepfake
corpora/deepfake_faces/images/deepfake_faces_000586.jpg,0,deepfake_faces,unknown_deepfake
corpora/deepfake_faces/images/deepfake_faces_000587.jpg,0,deepfake_faces,unknown_deepfake
corpora/deepfake_faces/images/deepfake_faces_000588.jpg,1,deepfake_faces,unknown_deepfake
corpora/deepfake_faces/images/deepfake_faces_000589.jpg,0,deepfake_faces,unknown_deepfake
corpora/deepfake_faces/images/deepfake_faces_000590.jpg,0,deepfake_faces,unknown_deepfake
corpora/deepfake_faces/images/deepfake_faces_000591.jpg,0,deepfake_faces,unknown_deepfake
corpora/deepfake_faces/images/deepfake_faces_000592.jpg,0,deepfake_faces,unknown_deepfake
corpora/deepfake_faces/images/deepfake_faces_000593.jpg,1,deepfake_faces,unknown_deepfake
corpora/deepfake_faces/images/deepfake_faces_000594.jpg,1,deepfake_faces,unknown_deepfake
corpora/deepfake_faces/images/deepfake_faces_000595.jpg,1,deepfake_faces,unknown_deepfake
corpora/deepfake_faces/images/deepfake_faces_000596.jpg,1,deepfake_faces,unknown_deepfake
corpora/deepfake_faces/images/deepfake_faces_000597.jpg,0,deepfake_faces,unknown_deepfake
corpora/deepfake_faces/images/deepfake_faces_000598.jpg,1,deepfake_faces,unknown_deepfake
corpora/deepfake_faces/images/deepfake_faces_000599.jpg,1,deepfake_faces,unknown_deepfake
corpora/deepfake_faces/images/deepfake_faces_000600.jpg,1,deepfake_faces,unknown_deepfake
corpora/deepfake_faces/images/deepfake_faces_000601.jpg,0,deepfake_faces,unknown_deepfake
corpora/deepfake_faces/images/deepfake_faces_000602.jpg,1,deepfake_faces,unknown_deepfake
corpora/deepfake_faces/images/deepfake_faces_000603.jpg,0,deepfake_faces,unknown_deepfake
corpora/deepfake_faces/images/deepfake_faces_000604.jpg,0,deepfake_faces,unknown_deepfake
corpora/deepfake_faces/images/deepfake_faces_000605.jpg,0,deepfake_faces,unknown_deepfake
corpora/deepfake_faces/images/deepfake_faces_000606.jpg,1,deepfake_faces,unknown_deepfake
corpora/deepfake_faces/images/deepfake_faces_000607.jpg,1,deepfake_faces,unknown_deepfake
corpora/deepfake_faces/images/deepfake_faces_000608.jpg,1,deepfake_faces,unknown_deepfake
corpora/deepfake_faces/images/deepfake_faces_000609.jpg,0,deepfake_faces,unknown_deepfake
corpora/deepfake_faces/images/deepfake_faces_000610.jpg,0,deepfake_faces,unknown_deepfake
corpora/deepfake_faces/images/deepfake_faces_000611.jpg,1,deepfake_faces,unknown_deepfake
corpora/deepfake_faces/images/deepfake_faces_000612.jpg,1,deepfake_faces,unknown_deepfake
corpora/deepfake_faces/images/deepfake_faces_000613.jpg,1,deepfake_faces,unknown_deepfake
corpora/deepfake_faces/images/deepfake_faces_000614.jpg,1,deepfake_faces,unknown_deepfake
corpora/deepfake_faces/images/deepfake_faces_000615.jpg,0,deepfake_faces,unknown_deepfake
corpora/deepfake_faces/images/deepfake_faces_000616.jpg,1,deepfake_faces,unknown_deepfake
corpora/deepfake_faces/images/deepfake_faces_000617.jpg,1,deepfake_faces,unknown_deepfake
corpora/deepfake_faces/images/deepfake_faces_000618.jpg,1,deepfake_faces,unknown_deepfake
corpora/deepfake_faces/images/deepfake_faces_000619.jpg,1,deepfake_faces,unknown_deepfake
corpora/deepfake_faces/images/deepfake_faces_000620.jpg,0,deepfake_faces,unknown_deepfake
corpora/deepfake_faces/images/deepfake_faces_000621.jpg,1,deepfake_faces,unknown_deepfake
corpora/deepfake_faces/images/deepfake_faces_000622.jpg,0,deepfake_faces,unknown_deepfake
corpora/deepfake_faces/images/deepfake_faces_000623.jpg,1,deepfake_faces,unknown_deepfake
corpora/deepfake_faces/images/deepfake_faces_000624.jpg,0,deepfake_faces,unknown_deepfake
corpora/deepfake_faces/images/deepfake_faces_000625.jpg,1,deepfake_faces,unknown_deepfake
corpora/deepfake_faces/images/deepfake_faces_000626.jpg,0,deepfake_faces,unknown_deepfake
corpora/deepfake_faces/images/deepfake_faces_000627.jpg,0,deepfake_faces,unknown_deepfake
corpora/deepfake_faces/images/deepfake_faces_000628.jpg,1,deepfake_faces,unknown_deepfake
corpora/deepfake_faces/images/deepfake_faces_000629.jpg,0,deepfake_faces,unknown_deepfake
corpora/deepfake_faces/images/deepfake_faces_000630.jpg,1,deepfake_faces,unknown_deepfake
corpora/deepfake_faces/images/deepfake_faces_000631.jpg,1,deepfake_faces,unknown_deepfake
corpora/deepfake_faces/images/deepfake_faces_000632.jpg,0,deepfake_faces,unknown_deepfake
corpora/deepfake_faces/images/deepfake_faces_000633.jpg,0,deepfake_faces,unknown_deepfake
corpora/deepfake_faces/images/deepfake_faces_000634.jpg,1,deepfake_faces,unknown_deepfake
corpora/deepfake_faces/images/deepfake_faces_000635.jpg,1,deepfake_faces,unknown_deepfake
corpora/deepfake_faces/images/deepfake_faces_000636.jpg,1,deepfake_faces,unknown_deepfake
corpora/deepfake_faces/images/deepfake_faces_000637.jpg,1,deepfake_faces,unknown_deepfake
corpora/deepfake_faces/images/deepfake_faces_000638.jpg,0,deepfake_faces,unknown_deepfake
corpora/deepfake_faces/images/deepfake_faces_000639.jpg,0,deepfake_faces,unknown_deepfake
corpora/deepfake_faces/images/deepfake_faces_000640.jpg,0,deepfake_faces,unknown_deepfake
corpora/deepfake_faces/images/deepfake_faces_000641.jpg,0,deepfake_faces,unknown_deepfake
corpora/deepfake_faces/images/deepfake_faces_000642.jpg,1,deepfake_faces,unknown_deepfake
corpora/deepfake_faces/images/deepfake_faces_000643.jpg,1,deepfake_faces,unknown_deepfake
corpora/deepfake_faces/images/deepfake_faces_000644.jpg,0,deepfake_faces,unknown_deepfake
corpora/deepfake_faces/images/deepfake_faces_000645.jpg,1,deepfake_faces,unknown_deepfake
corpora/deepfake_faces/images/deepfake_faces_000646.jpg,1,deepfake_faces,unknown_deepfake
corpora/deepfake_faces/images/deepfake_faces_000647.jpg,1,deepfake_faces,unknown_deepfake
corpora/deepfake_faces/images/deepfake_faces_000648.jpg,1,deepfake_faces,unknown_deepfake
corpora/deepfake_faces/images/deepfake_faces_000649.jpg,0,deepfake_faces,unknown_deepfake
corpora/deepfake_faces/images/deepfake_faces_000650.jpg,1,deepfake_faces,unknown_deepfake
corpora/deepfake_faces/images/deepfake_faces_000651.jpg,1,deepfake_faces,unknown_deepfake
corpora/deepfake_faces/images/deepfake_faces_000652.jpg,1,deepfake_faces,unknown_deepfake
corpora/deepfake_faces/images/deepfake_faces_000653.jpg,1,deepfake_faces,unknown_deepfake
corpora/deepfake_faces/images/deepfake_faces_000654.jpg,1,deepfake_faces,unknown_deepfake
corpora/deepfake_faces/images/deepfake_faces_000655.jpg,1,deepfake_faces,unknown_deepfake
corpora/deepfake_faces/images/deepfake_faces_000656.jpg,0,deepfake_faces,unknown_deepfake
corpora/deepfake_faces/images/deepfake_faces_000657.jpg,1,deepfake_faces,unknown_deepfake
corpora/deepfake_faces/images/deepfake_faces_000658.jpg,1,deepfake_faces,unknown_deepfake
corpora/deepfake_faces/images/deepfake_faces_000659.jpg,0,deepfake_faces,unknown_deepfake
corpora/deepfake_faces/images/deepfake_faces_000660.jpg,1,deepfake_faces,unknown_deepfake
corpora/deepfake_faces/images/deepfake_faces_000661.jpg,1,deepfake_faces,unknown_deepfake
corpora/deepfake_faces/images/deepfake_faces_000662.jpg,1,deepfake_faces,unknown_deepfake
corpora/deepfake_faces/images/deepfake_faces_000663.jpg,0,deepfake_faces,unknown_deepfake
corpora/deepfake_faces/images/deepfake_faces_000664.jpg,1,deepfake_faces,unknown_deepfake
corpora/deepfake_faces/images/deepfake_faces_000665.jpg,0,deepfake_faces,unknown_deepfake
corpora/deepfake_faces/images/deepfake_faces_000666.jpg,0,deepfake_faces,unknown_deepfake
corpora/deepfake_faces/images/deepfake_faces_000667.jpg,0,deepfake_faces,unknown_deepfake
corpora/deepfake_faces/images/deepfake_faces_000668.jpg,0,deepfake_faces,unknown_deepfake
corpora/deepfake_faces/images/deepfake_faces_000669.jpg,0,deepfake_faces,unknown_deepfake
corpora/deepfake_faces/images/deepfake_faces_000670.jpg,0,deepfake_faces,unknown_deepfake
corpora/deepfake_faces/images/deepfake_faces_000671.jpg,0,deepfake_faces,unknown_deepfake
corpora/deepfake_faces/images/deepfake_faces_000672.jpg,0,deepfake_faces,unknown_deepfake
corpora/deepfake_faces/images/deepfake_faces_000673.jpg,0,deepfake_faces,unknown_deepfake
corpora/deepfake_faces/images/deepfake_faces_000674.jpg,1,deepfake_faces,unknown_deepfake
corpora/deepfake_faces/images/deepfake_faces_000675.jpg,1,deepfake_faces,unknown_deepfake
corpora/deepfake_faces/images/deepfake_faces_000676.jpg,1,deepfake_faces,unknown_deepfake
corpora/deepfake_faces/images/deepfake_faces_000677.jpg,1,deepfake_faces,unknown_deepfake
corpora/deepfake_faces/images/deepfake_faces_000678.jpg,1,deepfake_faces,unknown_deepfake
corpora/deepfake_faces/images/deepfake_faces_000679.jpg,0,deepfake_faces,unknown_deepfake
corpora/deepfake_faces/images/deepfake_faces_000680.jpg,1,deepfake_faces,unknown_deepfake
corpora/deepfake_faces/images/deepfake_faces_000681.jpg,1,deepfake_faces,unknown_deepfake
corpora/deepfake_faces/images/deepfake_faces_000682.jpg,1,deepfake_faces,unknown_deepfake
corpora/deepfake_faces/images/deepfake_faces_000683.jpg,1,deepfake_faces,unknown_deepfake
corpora/deepfake_faces/images/deepfake_faces_000684.jpg,0,deepfake_faces,unknown_deepfake
corpora/deepfake_faces/images/deepfake_faces_000685.jpg,1,deepfake_faces,unknown_deepfake
corpora/deepfake_faces/images/deepfake_faces_000686.jpg,0,deepfake_faces,unknown_deepfake
corpora/deepfake_faces/images/deepfake_faces_000687.jpg,1,deepfake_faces,unknown_deepfake
corpora/deepfake_faces/images/deepfake_faces_000688.jpg,1,deepfake_faces,unknown_deepfake
corpora/deepfake_faces/images/deepfake_faces_000689.jpg,0,deepfake_faces,unknown_deepfake
corpora/deepfake_faces/images/deepfake_faces_000690.jpg,0,deepfake_faces,unknown_deepfake
corpora/deepfake_faces/images/deepfake_faces_000691.jpg,1,deepfake_faces,unknown_deepfake
corpora/deepfake_faces/images/deepfake_faces_000692.jpg,0,deepfake_faces,unknown_deepfake
corpora/deepfake_faces/images/deepfake_faces_000693.jpg,1,deepfake_faces,unknown_deepfake
corpora/deepfake_faces/images/deepfake_faces_000694.jpg,0,deepfake_faces,unknown_deepfake
corpora/deepfake_faces/images/deepfake_faces_000695.jpg,1,deepfake_faces,unknown_deepfake
corpora/deepfake_faces/images/deepfake_faces_000696.jpg,1,deepfake_faces,unknown_deepfake
corpora/deepfake_faces/images/deepfake_faces_000697.jpg,1,deepfake_faces,unknown_deepfake
corpora/deepfake_faces/images/deepfake_faces_000698.jpg,0,deepfake_faces,unknown_deepfake
corpora/deepfake_faces/images/deepfake_faces_000699.jpg,1,deepfake_faces,unknown_deepfake
corpora/deepfake_faces/images/deepfake_faces_000700.jpg,0,deepfake_faces,unknown_deepfake
corpora/deepfake_faces/images/deepfake_faces_000701.jpg,1,deepfake_faces,unknown_deepfake
corpora/deepfake_faces/images/deepfake_faces_000702.jpg,1,deepfake_faces,unknown_deepfake
corpora/deepfake_faces/images/deepfake_faces_000703.jpg,1,deepfake_faces,unknown_deepfake
corpora/deepfake_faces/images/deepfake_faces_000704.jpg,0,deepfake_faces,unknown_deepfake
corpora/deepfake_faces/images/deepfake_faces_000705.jpg,1,deepfake_faces,unknown_deepfake
corpora/deepfake_faces/images/deepfake_faces_000706.jpg,1,deepfake_faces,unknown_deepfake
corpora/deepfake_faces/images/deepfake_faces_000707.jpg,0,deepfake_faces,unknown_deepfake
corpora/deepfake_faces/images/deepfake_faces_000708.jpg,0,deepfake_faces,unknown_deepfake
corpora/deepfake_faces/images/deepfake_faces_000709.jpg,1,deepfake_faces,unknown_deepfake
corpora/deepfake_faces/images/deepfake_faces_000710.jpg,1,deepfake_faces,unknown_deepfake
corpora/deepfake_faces/images/deepfake_faces_000711.jpg,0,deepfake_faces,unknown_deepfake
corpora/deepfake_faces/images/deepfake_faces_000712.jpg,1,deepfake_faces,unknown_deepfake
corpora/deepfake_faces/images/deepfake_faces_000713.jpg,0,deepfake_faces,unknown_deepfake
corpora/deepfake_faces/images/deepfake_faces_000714.jpg,0,deepfake_faces,unknown_deepfake
corpora/deepfake_faces/images/deepfake_faces_000715.jpg,1,deepfake_faces,unknown_deepfake
corpora/deepfake_faces/images/deepfake_faces_000716.jpg,1,deepfake_faces,unknown_deepfake
corpora/deepfake_faces/images/deepfake_faces_000717.jpg,0,deepfake_faces,unknown_deepfake
corpora/deepfake_faces/images/deepfake_faces_000718.jpg,1,deepfake_faces,unknown_deepfake
corpora/deepfake_faces/images/deepfake_faces_000719.jpg,1,deepfake_faces,unknown_deepfake
corpora/deepfake_faces/images/deepfake_faces_000720.jpg,0,deepfake_faces,unknown_deepfake
corpora/deepfake_faces/images/deepfake_faces_000721.jpg,1,deepfake_faces,unknown_deepfake
corpora/deepfake_faces/images/deepfake_faces_000722.jpg,1,deepfake_faces,unknown_deepfake
corpora/deepfake_faces/images/deepfake_faces_000723.jpg,1,deepfake_faces,unknown_deepfake
corpora/deepfake_faces/images/deepfake_faces_000724.jpg,1,deepfake_faces,unknown_deepfake
corpora/deepfake_faces/images/deepfake_faces_000725.jpg,1,deepfake_faces,unknown_deepfake
corpora/deepfake_faces/images/deepfake_faces_000726.jpg,0,deepfake_faces,unknown_deepfake
corpora/deepfake_faces/images/deepfake_faces_000727.jpg,1,deepfake_faces,unknown_deepfake
corpora/deepfake_faces/images/deepfake_faces_000728.jpg,0,deepfake_faces,unknown_deepfake
corpora/deepfake_faces/images/deepfake_faces_000729.jpg,1,deepfake_faces,unknown_deepfake
corpora/deepfake_faces/images/deepfake_faces_000730.jpg,0,deepfake_faces,unknown_deepfake
corpora/deepfake_faces/images/deepfake_faces_000731.jpg,0,deepfake_faces,unknown_deepfake
corpora/deepfake_faces/images/deepfake_faces_000732.jpg,1,deepfake_faces,unknown_deepfake
corpora/deepfake_faces/images/deepfake_faces_000733.jpg,0,deepfake_faces,unknown_deepfake
corpora/deepfake_faces/images/deepfake_faces_000734.jpg,0,deepfake_faces,unknown_deepfake
corpora/deepfake_faces/images/deepfake_faces_000735.jpg,0,deepfake_faces,unknown_deepfake
corpora/deepfake_faces/images/deepfake_faces_000736.jpg,0,deepfake_faces,unknown_deepfake
corpora/deepfake_faces/images/deepfake_faces_000737.jpg,1,deepfake_faces,unknown_deepfake
corpora/deepfake_faces/images/deepfake_faces_000738.jpg,1,deepfake_faces,unknown_deepfake
corpora/deepfake_faces/images/deepfake_faces_000739.jpg,1,deepfake_faces,unknown_deepfake
corpora/deepfake_faces/images/deepfake_faces_000740.jpg,0,deepfake_faces,unknown_deepfake
corpora/deepfake_faces/images/deepfake_faces_000741.jpg,1,deepfake_faces,unknown_deepfake
corpora/deepfake_faces/images/deepfake_faces_000742.jpg,1,deepfake_faces,unknown_deepfake
corpora/deepfake_faces/images/deepfake_faces_000743.jpg,1,deepfake_faces,unknown_deepfake
corpora/deepfake_faces/images/deepfake_faces_000744.jpg,1,deepfake_faces,unknown_deepfake
corpora/deepfake_faces/images/deepfake_faces_000745.jpg,0,deepfake_faces,unknown_deepfake
corpora/deepfake_faces/images/deepfake_faces_000746.jpg,1,deepfake_faces,unknown_deepfake
corpora/deepfake_faces/images/deepfake_faces_000747.jpg,0,deepfake_faces,unknown_deepfake
corpora/deepfake_faces/images/deepfake_faces_000748.jpg,0,deepfake_faces,unknown_deepfake
corpora/deepfake_faces/images/deepfake_faces_000749.jpg,1,deepfake_faces,unknown_deepfake
corpora/deepfake_faces/images/deepfake_faces_000750.jpg,1,deepfake_faces,unknown_deepfake
corpora/deepfake_faces/images/deepfake_faces_000751.jpg,1,deepfake_faces,unknown_deepfake
corpora/deepfake_faces/images/deepfake_faces_000752.jpg,0,deepfake_faces,unknown_deepfake
corpora/deepfake_faces/images/deepfake_faces_000753.jpg,0,deepfake_faces,unknown_deepfake
corpora/deepfake_faces/images/deepfake_faces_000754.jpg,0,deepfake_faces,unknown_deepfake
corpora/deepfake_faces/images/deepfake_faces_000755.jpg,1,deepfake_faces,unknown_deepfake
corpora/deepfake_faces/images/deepfake_faces_000756.jpg,1,deepfake_faces,unknown_deepfake
corpora/deepfake_faces/images/deepfake_faces_000757.jpg,1,deepfake_faces,unknown_deepfake
corpora/deepfake_faces/images/deepfake_faces_000758.jpg,1,deepfake_faces,unknown_deepfake
corpora/deepfake_faces/images/deepfake_faces_000759.jpg,1,deepfake_faces,unknown_deepfake
corpora/deepfake_faces/images/deepfake_faces_000760.jpg,1,deepfake_faces,unknown_deepfake
corpora/deepfake_faces/images/deepfake_faces_000761.jpg,0,deepfake_faces,unknown_deepfake
corpora/deepfake_faces/images/deepfake_faces_000762.jpg,1,deepfake_faces,unknown_deepfake
corpora/deepfake_faces/images/deepfake_faces_000763.jpg,0,deepfake_faces,unknown_deepfake
corpora/deepfake_faces/images/deepfake_faces_000764.jpg,1,deepfake_faces,unknown_deepfake
corpora/deepfake_faces/images/deepfake_faces_000765.jpg,1,deepfake_faces,unknown_deepfake
corpora/deepfake_faces/images/deepfake_faces_000766.jpg,0,deepfake_faces,unknown_deepfake
corpora/deepfake_faces/images/deepfake_faces_000767.jpg,1,deepfake_faces,unknown_deepfake
corpora/deepfake_faces/images/deepfake_faces_000768.jpg,1,deepfake_faces,unknown_deepfake
corpora/deepfake_faces/images/deepfake_faces_000769.jpg,1,deepfake_faces,unknown_deepfake
corpora/deepfake_faces/images/deepfake_faces_000770.jpg,1,deepfake_faces,unknown_deepfake
corpora/deepfake_faces/images/deepfake_faces_000771.jpg,0,deepfake_faces,unknown_deepfake
corpora/deepfake_faces/images/deepfake_faces_000772.jpg,1,deepfake_faces,unknown_deepfake
corpora/deepfake_faces/images/deepfake_faces_000773.jpg,1,deepfake_faces,unknown_deepfake
corpora/deepfake_faces/images/deepfake_faces_000774.jpg,0,deepfake_faces,unknown_deepfake
corpora/deepfake_faces/images/deepfake_faces_000775.jpg,0,deepfake_faces,unknown_deepfake
corpora/deepfake_faces/images/deepfake_faces_000776.jpg,0,deepfake_faces,unknown_deepfake
corpora/deepfake_faces/images/deepfake_faces_000777.jpg,1,deepfake_faces,unknown_deepfake
corpora/deepfake_faces/images/deepfake_faces_000778.jpg,1,deepfake_faces,unknown_deepfake
corpora/deepfake_faces/images/deepfake_faces_000779.jpg,0,deepfake_faces,unknown_deepfake
corpora/deepfake_faces/images/deepfake_faces_000780.jpg,0,deepfake_faces,unknown_deepfake
corpora/deepfake_faces/images/deepfake_faces_000781.jpg,0,deepfake_faces,unknown_deepfake
corpora/deepfake_faces/images/deepfake_faces_000782.jpg,0,deepfake_faces,unknown_deepfake
corpora/deepfake_faces/images/deepfake_faces_000783.jpg,1,deepfake_faces,unknown_deepfake
corpora/deepfake_faces/images/deepfake_faces_000784.jpg,0,deepfake_faces,unknown_deepfake
corpora/deepfake_faces/images/deepfake_faces_000785.jpg,0,deepfake_faces,unknown_deepfake
corpora/deepfake_faces/images/deepfake_faces_000786.jpg,0,deepfake_faces,unknown_deepfake
corpora/deepfake_faces/images/deepfake_faces_000787.jpg,0,deepfake_faces,unknown_deepfake
corpora/deepfake_faces/images/deepfake_faces_000788.jpg,1,deepfake_faces,unknown_deepfake
corpora/deepfake_faces/images/deepfake_faces_000789.jpg,1,deepfake_faces,unknown_deepfake
corpora/deepfake_faces/images/deepfake_faces_000790.jpg,1,deepfake_faces,unknown_deepfake
corpora/deepfake_faces/images/deepfake_faces_000791.jpg,1,deepfake_faces,unknown_deepfake
corpora/deepfake_faces/images/deepfake_faces_000792.jpg,1,deepfake_faces,unknown_deepfake
corpora/deepfake_faces/images/deepfake_faces_000793.jpg,0,deepfake_faces,unknown_deepfake
corpora/deepfake_faces/images/deepfake_faces_000794.jpg,1,deepfake_faces,unknown_deepfake
corpora/deepfake_faces/images/deepfake_faces_000795.jpg,0,deepfake_faces,unknown_deepfake
corpora/deepfake_faces/images/deepfake_faces_000796.jpg,0,deepfake_faces,unknown_deepfake
corpora/deepfake_faces/images/deepfake_faces_000797.jpg,0,deepfake_faces,unknown_deepfake
corpora/deepfake_faces/images/deepfake_faces_000798.jpg,0,deepfake_faces,unknown_deepfake
corpora/deepfake_faces/images/deepfake_faces_000799.jpg,1,deepfake_faces,unknown_deepfake
corpora/deepfake_faces/images/deepfake_faces_000800.jpg,1,deepfake_faces,unknown_deepfake
corpora/deepfake_faces/images/deepfake_faces_000801.jpg,0,deepfake_faces,unknown_deepfake
corpora/deepfake_faces/images/deepfake_faces_000802.jpg,0,deepfake_faces,unknown_deepfake
corpora/deepfake_faces/images/deepfake_faces_000803.jpg,0,deepfake_faces,unknown_deepfake
corpora/deepfake_faces/images/deepfake_faces_000804.jpg,0,deepfake_faces,unknown_deepfake
corpora/deepfake_faces/images/deepfake_faces_000805.jpg,0,deepfake_faces,unknown_deepfake
corpora/deepfake_faces/images/deepfake_faces_000806.jpg,1,deepfake_faces,unknown_deepfake
corpora/deepfake_faces/images/deepfake_faces_000807.jpg,0,deepfake_faces,unknown_deepfake
corpora/deepfake_faces/images/deepfake_faces_000808.jpg,0,deepfake_faces,unknown_deepfake
corpora/deepfake_faces/images/deepfake_faces_000809.jpg,1,deepfake_faces,unknown_deepfake
corpora/deepfake_faces/images/deepfake_faces_000810.jpg,0,deepfake_faces,unknown_deepfake
corpora/deepfake_faces/images/deepfake_faces_000811.jpg,1,deepfake_faces,unknown_deepfake
corpora/deepfake_faces/images/deepfake_faces_000812.jpg,1,deepfake_faces,unknown_deepfake
corpora/deepfake_faces/images/deepfake_faces_000813.jpg,0,deepfake_faces,unknown_deepfake
corpora/deepfake_faces/images/deepfake_faces_000814.jpg,0,deepfake_faces,unknown_deepfake
corpora/deepfake_faces/images/deepfake_faces_000815.jpg,0,deepfake_faces,unknown_deepfake
corpora/deepfake_faces/images/deepfake_faces_000816.jpg,0,deepfake_faces,unknown_deepfake
corpora/deepfake_faces/images/deepfake_faces_000817.jpg,1,deepfake_faces,unknown_deepfake
corpora/deepfake_faces/images/deepfake_faces_000818.jpg,1,deepfake_faces,unknown_deepfake
corpora/deepfake_faces/images/deepfake_faces_000819.jpg,1,deepfake_faces,unknown_deepfake
corpora/deepfake_faces/images/deepfake_faces_000820.jpg,0,deepfake_faces,unknown_deepfake
corpora/deepfake_faces/images/deepfake_faces_000821.jpg,0,deepfake_faces,unknown_deepfake
corpora/deepfake_faces/images/deepfake_faces_000822.jpg,1,deepfake_faces,unknown_deepfake
corpora/deepfake_faces/images/deepfake_faces_000823.jpg,1,deepfake_faces,unknown_deepfake
corpora/deepfake_faces/images/deepfake_faces_000824.jpg,1,deepfake_faces,unknown_deepfake
corpora/deepfake_faces/images/deepfake_faces_000825.jpg,1,deepfake_faces,unknown_deepfake
corpora/deepfake_faces/images/deepfake_faces_000826.jpg,0,deepfake_faces,unknown_deepfake
corpora/deepfake_faces/images/deepfake_faces_000827.jpg,1,deepfake_faces,unknown_deepfake
corpora/deepfake_faces/images/deepfake_faces_000828.jpg,1,deepfake_faces,unknown_deepfake
corpora/deepfake_faces/images/deepfake_faces_000829.jpg,0,deepfake_faces,unknown_deepfake
corpora/deepfake_faces/images/deepfake_faces_000830.jpg,0,deepfake_faces,unknown_deepfake
corpora/deepfake_faces/images/deepfake_faces_000831.jpg,1,deepfake_faces,unknown_deepfake
corpora/deepfake_faces/images/deepfake_faces_000832.jpg,0,deepfake_faces,unknown_deepfake
corpora/deepfake_faces/images/deepfake_faces_000833.jpg,1,deepfake_faces,unknown_deepfake
corpora/deepfake_faces/images/deepfake_faces_000834.jpg,0,deepfake_faces,unknown_deepfake
corpora/deepfake_faces/images/deepfake_faces_000835.jpg,1,deepfake_faces,unknown_deepfake
corpora/deepfake_faces/images/deepfake_faces_000836.jpg,0,deepfake_faces,unknown_deepfake
corpora/deepfake_faces/images/deepfake_faces_000837.jpg,0,deepfake_faces,unknown_deepfake
corpora/deepfake_faces/images/deepfake_faces_000838.jpg,0,deepfake_faces,unknown_deepfake
corpora/deepfake_faces/images/deepfake_faces_000839.jpg,1,deepfake_faces,unknown_deepfake
corpora/deepfake_faces/images/deepfake_faces_000840.jpg,0,deepfake_faces,unknown_deepfake
corpora/deepfake_faces/images/deepfake_faces_000841.jpg,1,deepfake_faces,unknown_deepfake
corpora/deepfake_faces/images/deepfake_faces_000842.jpg,1,deepfake_faces,unknown_deepfake
corpora/deepfake_faces/images/deepfake_faces_000843.jpg,1,deepfake_faces,unknown_deepfake
corpora/deepfake_faces/images/deepfake_faces_000844.jpg,1,deepfake_faces,unknown_deepfake
corpora/deepfake_faces/images/deepfake_faces_000845.jpg,0,deepfake_faces,unknown_deepfake
corpora/deepfake_faces/images/deepfake_faces_000846.jpg,0,deepfake_faces,unknown_deepfake
corpora/deepfake_faces/images/deepfake_faces_000847.jpg,0,deepfake_faces,unknown_deepfake
corpora/deepfake_faces/images/deepfake_faces_000848.jpg,0,deepfake_faces,unknown_deepfake
corpora/deepfake_faces/images/deepfake_faces_000849.jpg,1,deepfake_faces,unknown_deepfake
corpora/deepfake_faces/images/deepfake_faces_000850.jpg,0,deepfake_faces,unknown_deepfake
corpora/deepfake_faces/images/deepfake_faces_000851.jpg,1,deepfake_faces,unknown_deepfake
corpora/deepfake_faces/images/deepfake_faces_000852.jpg,1,deepfake_faces,unknown_deepfake
corpora/deepfake_faces/images/deepfake_faces_000853.jpg,1,deepfake_faces,unknown_deepfake
corpora/deepfake_faces/images/deepfake_faces_000854.jpg,0,deepfake_faces,unknown_deepfake
corpora/deepfake_faces/images/deepfake_faces_000855.jpg,0,deepfake_faces,unknown_deepfake
corpora/deepfake_faces/images/deepfake_faces_000856.jpg,1,deepfake_faces,unknown_deepfake
corpora/deepfake_faces/images/deepfake_faces_000857.jpg,0,deepfake_faces,unknown_deepfake
corpora/deepfake_faces/images/deepfake_faces_000858.jpg,0,deepfake_faces,unknown_deepfake
corpora/deepfake_faces/images/deepfake_faces_000859.jpg,0,deepfake_faces,unknown_deepfake
corpora/deepfake_faces/images/deepfake_faces_000860.jpg,1,deepfake_faces,unknown_deepfake
corpora/deepfake_faces/images/deepfake_faces_000861.jpg,1,deepfake_faces,unknown_deepfake
corpora/deepfake_faces/images/deepfake_faces_000862.jpg,1,deepfake_faces,unknown_deepfake
corpora/deepfake_faces/images/deepfake_faces_000863.jpg,1,deepfake_faces,unknown_deepfake
corpora/deepfake_faces/images/deepfake_faces_000864.jpg,0,deepfake_faces,unknown_deepfake
corpora/deepfake_faces/images/deepfake_faces_000865.jpg,1,deepfake_faces,unknown_deepfake
corpora/deepfake_faces/images/deepfake_faces_000866.jpg,0,deepfake_faces,unknown_deepfake
corpora/deepfake_faces/images/deepfake_faces_000867.jpg,0,deepfake_faces,unknown_deepfake
corpora/deepfake_faces/images/deepfake_faces_000868.jpg,0,deepfake_faces,unknown_deepfake
corpora/deepfake_faces/images/deepfake_faces_000869.jpg,0,deepfake_faces,unknown_deepfake
corpora/deepfake_faces/images/deepfake_faces_000870.jpg,0,deepfake_faces,unknown_deepfake
corpora/deepfake_faces/images/deepfake_faces_000871.jpg,1,deepfake_faces,unknown_deepfake
corpora/deepfake_faces/images/deepfake_faces_000872.jpg,0,deepfake_faces,unknown_deepfake
corpora/deepfake_faces/images/deepfake_faces_000873.jpg,1,deepfake_faces,unknown_deepfake
corpora/deepfake_faces/images/deepfake_faces_000874.jpg,0,deepfake_faces,unknown_deepfake
corpora/deepfake_faces/images/deepfake_faces_000875.jpg,0,deepfake_faces,unknown_deepfake
corpora/deepfake_faces/images/deepfake_faces_000876.jpg,0,deepfake_faces,unknown_deepfake
corpora/deepfake_faces/images/deepfake_faces_000877.jpg,1,deepfake_faces,unknown_deepfake
corpora/deepfake_faces/images/deepfake_faces_000878.jpg,0,deepfake_faces,unknown_deepfake
corpora/deepfake_faces/images/deepfake_faces_000879.jpg,0,deepfake_faces,unknown_deepfake
corpora/deepfake_faces/images/deepfake_faces_000880.jpg,1,deepfake_faces,unknown_deepfake
corpora/deepfake_faces/images/deepfake_faces_000881.jpg,0,deepfake_faces,unknown_deepfake
corpora/deepfake_faces/images/deepfake_faces_000882.jpg,0,deepfake_faces,unknown_deepfake
corpora/deepfake_faces/images/deepfake_faces_000883.jpg,0,deepfake_faces,unknown_deepfake
corpora/deepfake_faces/images/deepfake_faces_000884.jpg,0,deepfake_faces,unknown_deepfake
corpora/deepfake_faces/images/deepfake_faces_000885.jpg,0,deepfake_faces,unknown_deepfake
corpora/deepfake_faces/images/deepfake_faces_000886.jpg,0,deepfake_faces,unknown_deepfake
corpora/deepfake_faces/images/deepfake_faces_000887.jpg,1,deepfake_faces,unknown_deepfake
corpora/deepfake_faces/images/deepfake_faces_000888.jpg,1,deepfake_faces,unknown_deepfake
corpora/deepfake_faces/images/deepfake_faces_000889.jpg,1,deepfake_faces,unknown_deepfake
corpora/deepfake_faces/images/deepfake_faces_000890.jpg,0,deepfake_faces,unknown_deepfake
corpora/deepfake_faces/images/deepfake_faces_000891.jpg,1,deepfake_faces,unknown_deepfake
corpora/deepfake_faces/images/deepfake_faces_000892.jpg,1,deepfake_faces,unknown_deepfake
corpora/deepfake_faces/images/deepfake_faces_000893.jpg,0,deepfake_faces,unknown_deepfake
corpora/deepfake_faces/images/deepfake_faces_000894.jpg,1,deepfake_faces,unknown_deepfake
corpora/deepfake_faces/images/deepfake_faces_000895.jpg,0,deepfake_faces,unknown_deepfake
corpora/deepfake_faces/images/deepfake_faces_000896.jpg,1,deepfake_faces,unknown_deepfake
corpora/deepfake_faces/images/deepfake_faces_000897.jpg,1,deepfake_faces,unknown_deepfake
corpora/deepfake_faces/images/deepfake_faces_000898.jpg,0,deepfake_faces,unknown_deepfake
corpora/deepfake_faces/images/deepfake_faces_000899.jpg,0,deepfake_faces,unknown_deepfake
corpora/deepfake_faces/images/deepfake_faces_000900.jpg,0,deepfake_faces,unknown_deepfake
corpora/deepfake_faces/images/deepfake_faces_000901.jpg,1,deepfake_faces,unknown_deepfake
corpora/deepfake_faces/images/deepfake_faces_000902.jpg,1,deepfake_faces,unknown_deepfake
corpora/deepfake_faces/images/deepfake_faces_000903.jpg,1,deepfake_faces,unknown_deepfake
corpora/deepfake_faces/images/deepfake_faces_000904.jpg,1,deepfake_faces,unknown_deepfake
corpora/deepfake_faces/images/deepfake_faces_000905.jpg,1,deepfake_faces,unknown_deepfake
corpora/deepfake_faces/images/deepfake_faces_000906.jpg,1,deepfake_faces,unknown_deepfake
corpora/deepfake_faces/images/deepfake_faces_000907.jpg,1,deepfake_faces,unknown_deepfake
corpora/deepfake_faces/images/deepfake_faces_000908.jpg,1,deepfake_faces,unknown_deepfake
corpora/deepfake_faces/images/deepfake_faces_000909.jpg,1,deepfake_faces,unknown_deepfake
corpora/deepfake_faces/images/deepfake_faces_000910.jpg,1,deepfake_faces,unknown_deepfake
corpora/deepfake_faces/images/deepfake_faces_000911.jpg,0,deepfake_faces,unknown_deepfake
corpora/deepfake_faces/images/deepfake_faces_000912.jpg,1,deepfake_faces,unknown_deepfake
corpora/deepfake_faces/images/deepfake_faces_000913.jpg,0,deepfake_faces,unknown_deepfake
corpora/deepfake_faces/images/deepfake_faces_000914.jpg,1,deepfake_faces,unknown_deepfake
corpora/deepfake_faces/images/deepfake_faces_000915.jpg,0,deepfake_faces,unknown_deepfake
corpora/deepfake_faces/images/deepfake_faces_000916.jpg,0,deepfake_faces,unknown_deepfake
corpora/deepfake_faces/images/deepfake_faces_000917.jpg,0,deepfake_faces,unknown_deepfake
corpora/deepfake_faces/images/deepfake_faces_000918.jpg,1,deepfake_faces,unknown_deepfake
corpora/deepfake_faces/images/deepfake_faces_000919.jpg,0,deepfake_faces,unknown_deepfake
corpora/deepfake_faces/images/deepfake_faces_000920.jpg,1,deepfake_faces,unknown_deepfake
corpora/deepfake_faces/images/deepfake_faces_000921.jpg,0,deepfake_faces,unknown_deepfake
corpora/deepfake_faces/images/deepfake_faces_000922.jpg,0,deepfake_faces,unknown_deepfake
corpora/deepfake_faces/images/deepfake_faces_000923.jpg,0,deepfake_faces,unknown_deepfake
corpora/deepfake_faces/images/deepfake_faces_000924.jpg,1,deepfake_faces,unknown_deepfake
corpora/deepfake_faces/images/deepfake_faces_000925.jpg,0,deepfake_faces,unknown_deepfake
corpora/deepfake_faces/images/deepfake_faces_000926.jpg,0,deepfake_faces,unknown_deepfake
corpora/deepfake_faces/images/deepfake_faces_000927.jpg,0,deepfake_faces,unknown_deepfake
corpora/deepfake_faces/images/deepfake_faces_000928.jpg,0,deepfake_faces,unknown_deepfake
corpora/deepfake_faces/images/deepfake_faces_000929.jpg,0,deepfake_faces,unknown_deepfake
corpora/deepfake_faces/images/deepfake_faces_000930.jpg,1,deepfake_faces,unknown_deepfake
corpora/deepfake_faces/images/deepfake_faces_000931.jpg,1,deepfake_faces,unknown_deepfake
corpora/deepfake_faces/images/deepfake_faces_000932.jpg,0,deepfake_faces,unknown_deepfake
corpora/deepfake_faces/images/deepfake_faces_000933.jpg,1,deepfake_faces,unknown_deepfake
corpora/deepfake_faces/images/deepfake_faces_000934.jpg,0,deepfake_faces,unknown_deepfake
corpora/deepfake_faces/images/deepfake_faces_000935.jpg,0,deepfake_faces,unknown_deepfake
corpora/deepfake_faces/images/deepfake_faces_000936.jpg,0,deepfake_faces,unknown_deepfake
corpora/deepfake_faces/images/deepfake_faces_000937.jpg,1,deepfake_faces,unknown_deepfake
corpora/deepfake_faces/images/deepfake_faces_000938.jpg,1,deepfake_faces,unknown_deepfake
corpora/deepfake_faces/images/deepfake_faces_000939.jpg,1,deepfake_faces,unknown_deepfake
corpora/deepfake_faces/images/deepfake_faces_000940.jpg,0,deepfake_faces,unknown_deepfake
corpora/deepfake_faces/images/deepfake_faces_000941.jpg,0,deepfake_faces,unknown_deepfake
corpora/deepfake_faces/images/deepfake_faces_000942.jpg,1,deepfake_faces,unknown_deepfake
corpora/deepfake_faces/images/deepfake_faces_000943.jpg,1,deepfake_faces,unknown_deepfake
corpora/deepfake_faces/images/deepfake_faces_000944.jpg,0,deepfake_faces,unknown_deepfake
corpora/deepfake_faces/images/deepfake_faces_000945.jpg,0,deepfake_faces,unknown_deepfake
corpora/deepfake_faces/images/deepfake_faces_000946.jpg,0,deepfake_faces,unknown_deepfake
corpora/deepfake_faces/images/deepfake_faces_000947.jpg,0,deepfake_faces,unknown_deepfake
corpora/deepfake_faces/images/deepfake_faces_000948.jpg,0,deepfake_faces,unknown_deepfake
corpora/deepfake_faces/images/deepfake_faces_000949.jpg,0,deepfake_faces,unknown_deepfake
corpora/deepfake_faces/images/deepfake_faces_000950.jpg,1,deepfake_faces,unknown_deepfake
corpora/deepfake_faces/images/deepfake_faces_000951.jpg,0,deepfake_faces,unknown_deepfake
corpora/deepfake_faces/images/deepfake_faces_000952.jpg,1,deepfake_faces,unknown_deepfake
corpora/deepfake_faces/images/deepfake_faces_000953.jpg,1,deepfake_faces,unknown_deepfake
corpora/deepfake_faces/images/deepfake_faces_000954.jpg,0,deepfake_faces,unknown_deepfake
corpora/deepfake_faces/images/deepfake_faces_000955.jpg,1,deepfake_faces,unknown_deepfake
corpora/deepfake_faces/images/deepfake_faces_000956.jpg,0,deepfake_faces,unknown_deepfake
corpora/deepfake_faces/images/deepfake_faces_000957.jpg,0,deepfake_faces,unknown_deepfake
corpora/deepfake_faces/images/deepfake_faces_000958.jpg,0,deepfake_faces,unknown_deepfake
corpora/deepfake_faces/images/deepfake_faces_000959.jpg,1,deepfake_faces,unknown_deepfake
corpora/deepfake_faces/images/deepfake_faces_000960.jpg,1,deepfake_faces,unknown_deepfake
corpora/deepfake_faces/images/deepfake_faces_000961.jpg,0,deepfake_faces,unknown_deepfake
corpora/deepfake_faces/images/deepfake_faces_000962.jpg,1,deepfake_faces,unknown_deepfake
corpora/deepfake_faces/images/deepfake_faces_000963.jpg,1,deepfake_faces,unknown_deepfake
corpora/deepfake_faces/images/deepfake_faces_000964.jpg,0,deepfake_faces,unknown_deepfake
corpora/deepfake_faces/images/deepfake_faces_000965.jpg,0,deepfake_faces,unknown_deepfake
corpora/deepfake_faces/images/deepfake_faces_000966.jpg,0,deepfake_faces,unknown_deepfake
corpora/deepfake_faces/images/deepfake_faces_000967.jpg,0,deepfake_faces,unknown_deepfake
corpora/deepfake_faces/images/deepfake_faces_000968.jpg,1,deepfake_faces,unknown_deepfake
corpora/deepfake_faces/images/deepfake_faces_000969.jpg,1,deepfake_faces,unknown_deepfake
corpora/deepfake_faces/images/deepfake_faces_000970.jpg,0,deepfake_faces,unknown_deepfake
corpora/deepfake_faces/images/deepfake_faces_000971.jpg,0,deepfake_faces,unknown_deepfake
corpora/deepfake_faces/images/deepfake_faces_000972.jpg,0,deepfake_faces,unknown_deepfake
corpora/deepfake_faces/images/deepfake_faces_000973.jpg,1,deepfake_faces,unknown_deepfake
corpora/deepfake_faces/images/deepfake_faces_000974.jpg,0,deepfake_faces,unknown_deepfake
corpora/deepfake_faces/images/deepfake_faces_000975.jpg,1,deepfake_faces,unknown_deepfake
corpora/deepfake_faces/images/deepfake_faces_000976.jpg,0,deepfake_faces,unknown_deepfake
corpora/deepfake_faces/images/deepfake_faces_000977.jpg,0,deepfake_faces,unknown_deepfake
corpora/deepfake_faces/images/deepfake_faces_000978.jpg,0,deepfake_faces,unknown_deepfake
corpora/deepfake_faces/images/deepfake_faces_000979.jpg,1,deepfake_faces,unknown_deepfake
corpora/deepfake_faces/images/deepfake_faces_000980.jpg,1,deepfake_faces,unknown_deepfake
corpora/deepfake_faces/images/deepfake_faces_000981.jpg,0,deepfake_faces,unknown_deepfake
corpora/deepfake_faces/images/deepfake_faces_000982.jpg,0,deepfake_faces,unknown_deepfake
corpora/deepfake_faces/images/deepfake_faces_000983.jpg,1,deepfake_faces,unknown_deepfake
corpora/deepfake_faces/images/deepfake_faces_000984.jpg,0,deepfake_faces,unknown_deepfake
corpora/deepfake_faces/images/deepfake_faces_000985.jpg,0,deepfake_faces,unknown_deepfake
corpora/deepfake_faces/images/deepfake_faces_000986.jpg,0,deepfake_faces,unknown_deepfake
corpora/deepfake_faces/images/deepfake_faces_000987.jpg,1,deepfake_faces,unknown_deepfake
corpora/deepfake_faces/images/deepfake_faces_000988.jpg,1,deepfake_faces,unknown_deepfake
corpora/deepfake_faces/images/deepfake_faces_000989.jpg,0,deepfake_faces,unknown_deepfake
corpora/deepfake_faces/images/deepfake_faces_000990.jpg,1,deepfake_faces,unknown_deepfake
corpora/deepfake_faces/images/deepfake_faces_000991.jpg,0,deepfake_faces,unknown_deepfake
corpora/deepfake_faces/images/deepfake_faces_000992.jpg,1,deepfake_faces,unknown_deepfake
corpora/deepfake_faces/images/deepfake_faces_000993.jpg,1,deepfake_faces,unknown_deepfake
corpora/deepfake_faces/images/deepfake_faces_000994.jpg,0,deepfake_faces,unknown_deepfake
corpora/deepfake_faces/images/deepfake_faces_000995.jpg,1,deepfake_faces,unknown_deepfake
corpora/deepfake_faces/images/deepfake_faces_000996.jpg,1,deepfake_faces,unknown_deepfake
corpora/deepfake_faces/images/deepfake_faces_000997.jpg,1,deepfake_faces,unknown_deepfake
corpora/deepfake_faces/images/deepfake_faces_000998.jpg,0,deepfake_faces,unknown_deepfake
corpora/deepfake_faces/images/deepfake_faces_000999.jpg,1,deepfake_faces,unknown_deepfake
corpora/deepfake_faces/images/deepfake_faces_001000.jpg,1,deepfake_faces,unknown_deepfake
corpora/deepfake_faces/images/deepfake_faces_001001.jpg,1,deepfake_faces,unknown_deepfake
corpora/deepfake_faces/images/deepfake_faces_001002.jpg,0,deepfake_faces,unknown_deepfake
corpora/deepfake_faces/images/deepfake_faces_001003.jpg,1,deepfake_faces,unknown_deepfake
corpora/deepfake_faces/images/deepfake_faces_001004.jpg,1,deepfake_faces,unknown_deepfake
corpora/deepfake_faces/images/deepfake_faces_001005.jpg,1,deepfake_faces,unknown_deepfake
corpora/deepfake_faces/images/deepfake_faces_001006.jpg,0,deepfake_faces,unknown_deepfake
corpora/deepfake_faces/images/deepfake_faces_001007.jpg,1,deepfake_faces,unknown_deepfake
corpora/deepfake_faces/images/deepfake_faces_001008.jpg,1,deepfake_faces,unknown_deepfake
corpora/deepfake_faces/images/deepfake_faces_001009.jpg,0,deepfake_faces,unknown_deepfake
corpora/deepfake_faces/images/deepfake_faces_001010.jpg,0,deepfake_faces,unknown_deepfake
corpora/deepfake_faces/images/deepfake_faces_001011.jpg,1,deepfake_faces,unknown_deepfake
corpora/deepfake_faces/images/deepfake_faces_001012.jpg,1,deepfake_faces,unknown_deepfake
corpora/deepfake_faces/images/deepfake_faces_001013.jpg,1,deepfake_faces,unknown_deepfake
corpora/deepfake_faces/images/deepfake_faces_001014.jpg,0,deepfake_faces,unknown_deepfake
corpora/deepfake_faces/images/deepfake_faces_001015.jpg,1,deepfake_faces,unknown_deepfake
corpora/deepfake_faces/images/deepfake_faces_001016.jpg,0,deepfake_faces,unknown_deepfake
corpora/deepfake_faces/images/deepfake_faces_001017.jpg,1,deepfake_faces,unknown_deepfake
corpora/deepfake_faces/images/deepfake_faces_001018.jpg,1,deepfake_faces,unknown_deepfake
corpora/deepfake_faces/images/deepfake_faces_001019.jpg,1,deepfake_faces,unknown_deepfake
corpora/deepfake_faces/images/deepfake_faces_001020.jpg,0,deepfake_faces,unknown_deepfake
corpora/deepfake_faces/images/deepfake_faces_001021.jpg,0,deepfake_faces,unknown_deepfake
corpora/deepfake_faces/images/deepfake_faces_001022.jpg,0,deepfake_faces,unknown_deepfake
corpora/deepfake_faces/images/deepfake_faces_001023.jpg,1,deepfake_faces,unknown_deepfake
corpora/deepfake_faces/images/deepfake_faces_001024.jpg,1,deepfake_faces,unknown_deepfake
corpora/deepfake_faces/images/deepfake_faces_001025.jpg,0,deepfake_faces,unknown_deepfake
corpora/deepfake_faces/images/deepfake_faces_001026.jpg,0,deepfake_faces,unknown_deepfake
corpora/deepfake_faces/images/deepfake_faces_001027.jpg,1,deepfake_faces,unknown_deepfake
corpora/deepfake_faces/images/deepfake_faces_001028.jpg,1,deepfake_faces,unknown_deepfake
corpora/deepfake_faces/images/deepfake_faces_001029.jpg,0,deepfake_faces,unknown_deepfake
corpora/deepfake_faces/images/deepfake_faces_001030.jpg,1,deepfake_faces,unknown_deepfake
corpora/deepfake_faces/images/deepfake_faces_001031.jpg,1,deepfake_faces,unknown_deepfake
corpora/deepfake_faces/images/deepfake_faces_001032.jpg,0,deepfake_faces,unknown_deepfake
corpora/deepfake_faces/images/deepfake_faces_001033.jpg,1,deepfake_faces,unknown_deepfake
corpora/deepfake_faces/images/deepfake_faces_001034.jpg,0,deepfake_faces,unknown_deepfake
corpora/deepfake_faces/images/deepfake_faces_001035.jpg,1,deepfake_faces,unknown_deepfake
corpora/deepfake_faces/images/deepfake_faces_001036.jpg,1,deepfake_faces,unknown_deepfake
corpora/deepfake_faces/images/deepfake_faces_001037.jpg,1,deepfake_faces,unknown_deepfake
corpora/deepfake_faces/images/deepfake_faces_001038.jpg,0,deepfake_faces,unknown_deepfake
corpora/deepfake_faces/images/deepfake_faces_001039.jpg,1,deepfake_faces,unknown_deepfake
corpora/deepfake_faces/images/deepfake_faces_001040.jpg,1,deepfake_faces,unknown_deepfake
corpora/deepfake_faces/images/deepfake_faces_001041.jpg,1,deepfake_faces,unknown_deepfake
corpora/deepfake_faces/images/deepfake_faces_001042.jpg,1,deepfake_faces,unknown_deepfake
corpora/deepfake_faces/images/deepfake_faces_001043.jpg,1,deepfake_faces,unknown_deepfake
corpora/deepfake_faces/images/deepfake_faces_001044.jpg,1,deepfake_faces,unknown_deepfake
corpora/deepfake_faces/images/deepfake_faces_001045.jpg,0,deepfake_faces,unknown_deepfake
corpora/deepfake_faces/images/deepfake_faces_001046.jpg,0,deepfake_faces,unknown_deepfake
corpora/deepfake_faces/images/deepfake_faces_001047.jpg,0,deepfake_faces,unknown_deepfake
corpora/deepfake_faces/images/deepfake_faces_001048.jpg,1,deepfake_faces,unknown_deepfake
corpora/deepfake_faces/images/deepfake_faces_001049.jpg,1,deepfake_faces,unknown_deepfake
corpora/deepfake_faces/images/deepfake_faces_001050.jpg,1,deepfake_faces,unknown_deepfake
corpora/deepfake_faces/images/deepfake_faces_001051.jpg,0,deepfake_faces,unknown_deepfake
corpora/deepfake_faces/images/deepfake_faces_001052.jpg,0,deepfake_faces,unknown_deepfake
corpora/deepfake_faces/images/deepfake_faces_001053.jpg,1,deepfake_faces,unknown_deepfake
corpora/deepfake_faces/images/deepfake_faces_001054.jpg,1,deepfake_faces,unknown_deepfake
corpora/deepfake_faces/images/deepfake_faces_001055.jpg,0,deepfake_faces,unknown_deepfake
corpora/deepfake_faces/images/deepfake_faces_001056.jpg,1,deepfake_faces,unknown_deepfake
corpora/deepfake_faces/images/deepfake_faces_001057.jpg,1,deepfake_faces,unknown_deepfake
corpora/deepfake_faces/images/deepfake_faces_001058.jpg,1,deepfake_faces,unknown_deepfake
corpora/deepfake_faces/images/deepfake_faces_001059.jpg,1,deepfake_faces,unknown_deepfake
corpora/deepfake_faces/images/deepfake_faces_001060.jpg,0,deepfake_faces,unknown_deepfake
corpora/deepfake_faces/images/deepfake_faces_001061.jpg,1,deepfake_faces,unknown_deepfake
corpora/deepfake_faces/images/deepfake_faces_001062.jpg,1,deepfake_faces,unknown_deepfake
corpora/deepfake_faces/images/deepfake_faces_001063.jpg,0,deepfake_faces,unknown_deepfake
corpora/deepfake_faces/images/deepfake_faces_001064.jpg,0,deepfake_faces,unknown_deepfake
corpora/deepfake_faces/images/deepfake_faces_001065.jpg,0,deepfake_faces,unknown_deepfake
corpora/deepfake_faces/images/deepfake_faces_001066.jpg,0,deepfake_faces,unknown_deepfake
corpora/deepfake_faces/images/deepfake_faces_001067.jpg,0,deepfake_faces,unknown_deepfake
corpora/deepfake_faces/images/deepfake_faces_001068.jpg,1,deepfake_faces,unknown_deepfake
corpora/deepfake_faces/images/deepfake_faces_001069.jpg,0,deepfake_faces,unknown_deepfake
corpora/deepfake_faces/images/deepfake_faces_001070.jpg,0,deepfake_faces,unknown_deepfake
corpora/deepfake_faces/images/deepfake_faces_001071.jpg,1,deepfake_faces,unknown_deepfake
corpora/deepfake_faces/images/deepfake_faces_001072.jpg,1,deepfake_faces,unknown_deepfake
corpora/deepfake_faces/images/deepfake_faces_001073.jpg,0,deepfake_faces,unknown_deepfake
corpora/deepfake_faces/images/deepfake_faces_001074.jpg,1,deepfake_faces,unknown_deepfake
corpora/deepfake_faces/images/deepfake_faces_001075.jpg,1,deepfake_faces,unknown_deepfake
corpora/deepfake_faces/images/deepfake_faces_001076.jpg,0,deepfake_faces,unknown_deepfake
corpora/deepfake_faces/images/deepfake_faces_001077.jpg,0,deepfake_faces,unknown_deepfake
corpora/deepfake_faces/images/deepfake_faces_001078.jpg,0,deepfake_faces,unknown_deepfake
corpora/deepfake_faces/images/deepfake_faces_001079.jpg,1,deepfake_faces,unknown_deepfake
corpora/deepfake_faces/images/deepfake_faces_001080.jpg,0,deepfake_faces,unknown_deepfake
corpora/deepfake_faces/images/deepfake_faces_001081.jpg,1,deepfake_faces,unknown_deepfake
corpora/deepfake_faces/images/deepfake_faces_001082.jpg,1,deepfake_faces,unknown_deepfake
corpora/deepfake_faces/images/deepfake_faces_001083.jpg,1,deepfake_faces,unknown_deepfake
corpora/deepfake_faces/images/deepfake_faces_001084.jpg,0,deepfake_faces,unknown_deepfake
corpora/deepfake_faces/images/deepfake_faces_001085.jpg,1,deepfake_faces,unknown_deepfake
corpora/deepfake_faces/images/deepfake_faces_001086.jpg,1,deepfake_faces,unknown_deepfake
corpora/deepfake_faces/images/deepfake_faces_001087.jpg,0,deepfake_faces,unknown_deepfake
corpora/deepfake_faces/images/deepfake_faces_001088.jpg,0,deepfake_faces,unknown_deepfake
corpora/deepfake_faces/images/deepfake_faces_001089.jpg,1,deepfake_faces,unknown_deepfake
corpora/deepfake_faces/images/deepfake_faces_001090.jpg,0,deepfake_faces,unknown_deepfake
corpora/deepfake_faces/images/deepfake_faces_001091.jpg,0,deepfake_faces,unknown_deepfake
corpora/deepfake_faces/images/deepfake_faces_001092.jpg,1,deepfake_faces,unknown_deepfake
corpora/deepfake_faces/images/deepfake_faces_001093.jpg,1,deepfake_faces,unknown_deepfake
corpora/deepfake_faces/images/deepfake_faces_001094.jpg,1,deepfake_faces,unknown_deepfake
corpora/deepfake_faces/images/deepfake_faces_001095.jpg,1,deepfake_faces,unknown_deepfake
corpora/deepfake_faces/images/deepfake_faces_001096.jpg,1,deepfake_faces,unknown_deepfake
corpora/deepfake_faces/images/deepfake_faces_001097.jpg,1,deepfake_faces,unknown_deepfake
corpora/deepfake_faces/images/deepfake_faces_001098.jpg,0,deepfake_faces,unknown_deepfake
corpora/deepfake_faces/images/deepfake_faces_001099.jpg,0,deepfake_faces,unknown_deepfake
corpora/deepfake_faces/images/deepfake_faces_001100.jpg,1,deepfake_faces,unknown_deepfake
corpora/deepfake_faces/images/deepfake_faces_001101.jpg,0,deepfake_faces,unknown_deepfake
corpora/deepfake_faces/images/deepfake_faces_001102.jpg,1,deepfake_faces,unknown_deepfake
corpora/deepfake_faces/images/deepfake_faces_001103.jpg,0,deepfake_faces,unknown_deepfake
corpora/deepfake_faces/images/deepfake_faces_001104.jpg,0,deepfake_faces,unknown_deepfake
corpora/deepfake_faces/images/deepfake_faces_001105.jpg,1,deepfake_faces,unknown_deepfake
corpora/deepfake_faces/images/deepfake_faces_001106.jpg,1,deepfake_faces,unknown_deepfake
corpora/deepfake_faces/images/deepfake_faces_001107.jpg,1,deepfake_faces,unknown_deepfake
corpora/deepfake_faces/images/deepfake_faces_001108.jpg,0,deepfake_faces,unknown_deepfake
corpora/deepfake_faces/images/deepfake_faces_001109.jpg,0,deepfake_faces,unknown_deepfake
corpora/deepfake_faces/images/deepfake_faces_001110.jpg,0,deepfake_faces,unknown_deepfake
corpora/deepfake_faces/images/deepfake_faces_001111.jpg,1,deepfake_faces,unknown_deepfake
corpora/deepfake_faces/images/deepfake_faces_001112.jpg,1,deepfake_faces,unknown_deepfake
corpora/deepfake_faces/images/deepfake_faces_001113.jpg,0,deepfake_faces,unknown_deepfake
corpora/deepfake_faces/images/deepfake_faces_001114.jpg,0,deepfake_faces,unknown_deepfake
corpora/deepfake_faces/images/deepfake_faces_001115.jpg,1,deepfake_faces,unknown_deepfake
corpora/deepfake_faces/images/deepfake_faces_001116.jpg,0,deepfake_faces,unknown_deepfake
corpora/deepfake_faces/images/deepfake_faces_001117.jpg,0,deepfake_faces,unknown_deepfake
corpora/deepfake_faces/images/deepfake_faces_001118.jpg,1,deepfake_faces,unknown_deepfake
corpora/deepfake_faces/images/deepfake_faces_001119.jpg,1,deepfake_faces,unknown_deepfake
corpora/deepfake_faces/images/deepfake_faces_001120.jpg,0,deepfake_faces,unknown_deepfake
corpora/deepfake_faces/images/deepfake_faces_001121.jpg,0,deepfake_faces,unknown_deepfake
corpora/deepfake_faces/images/deepfake_faces_001122.jpg,0,deepfake_faces,unknown_deepfake
corpora/deepfake_faces/images/deepfake_faces_001123.jpg,1,deepfake_faces,unknown_deepfake
corpora/deepfake_faces/images/deepfake_faces_001124.jpg,1,deepfake_faces,unknown_deepfake
corpora/deepfake_faces/images/deepfake_faces_001125.jpg,0,deepfake_faces,unknown_deepfake
corpora/deepfake_faces/images/deepfake_faces_001126.jpg,0,deepfake_faces,unknown_deepfake
corpora/deepfake_faces/images/deepfake_faces_001127.jpg,0,deepfake_faces,unknown_deepfake
corpora/deepfake_faces/images/deepfake_faces_001128.jpg,0,deepfake_faces,unknown_deepfake
corpora/deepfake_faces/images/deepfake_faces_001129.jpg,0,deepfake_faces,unknown_deepfake
corpora/deepfake_faces/images/deepfake_faces_001130.jpg,0,deepfake_faces,unknown_deepfake
corpora/deepfake_faces/images/deepfake_faces_001131.jpg,0,deepfake_faces,unknown_deepfake
corpora/deepfake_faces/images/deepfake_faces_001132.jpg,1,deepfake_faces,unknown_deepfake
corpora/deepfake_faces/images/deepfake_faces_001133.jpg,1,deepfake_faces,unknown_deepfake
corpora/deepfake_faces/images/deepfake_faces_001134.jpg,0,deepfake_faces,unknown_deepfake
corpora/deepfake_faces/images/deepfake_faces_001135.jpg,0,deepfake_faces,unknown_deepfake
corpora/deepfake_faces/images/deepfake_faces_001136.jpg,1,deepfake_faces,unknown_deepfake
corpora/deepfake_faces/images/deepfake_faces_001137.jpg,0,deepfake_faces,unknown_deepfake
corpora/deepfake_faces/images/deepfake_faces_001138.jpg,0,deepfake_faces,unknown_deepfake
corpora/deepfake_faces/images/deepfake_faces_001139.jpg,1,deepfake_faces,unknown_deepfake
corpora/deepfake_faces/images/deepfake_faces_001140.jpg,0,deepfake_faces,unknown_deepfake
corpora/deepfake_faces/images/deepfake_faces_001141.jpg,0,deepfake_faces,unknown_deepfake
corpora/deepfake_faces/images/deepfake_faces_001142.jpg,1,deepfake_faces,unknown_deepfake
corpora/deepfake_faces/images/deepfake_faces_001143.jpg,0,deepfake_faces,unknown_deepfake
corpora/deepfake_faces/images/deepfake_faces_001144.jpg,0,deepfake_faces,unknown_deepfake
corpora/deepfake_faces/images/deepfake_faces_001145.jpg,1,deepfake_faces,unknown_deepfake
corpora/deepfake_faces/images/deepfake_faces_001146.jpg,0,deepfake_faces,unknown_deepfake
corpora/deepfake_faces/images/deepfake_faces_001147.jpg,0,deepfake_faces,unknown_deepfake
corpora/deepfake_faces/images/deepfake_faces_001148.jpg,1,deepfake_faces,unknown_deepfake
corpora/deepfake_faces/images/deepfake_faces_001149.jpg,0,deepfake_faces,unknown_deepfake
corpora/deepfake_faces/images/deepfake_faces_001150.jpg,1,deepfake_faces,unknown_deepfake
corpora/deepfake_faces/images/deepfake_faces_001151.jpg,0,deepfake_faces,unknown_deepfake
corpora/deepfake_faces/images/deepfake_faces_001152.jpg,0,deepfake_faces,unknown_deepfake
corpora/deepfake_faces/images/deepfake_faces_001153.jpg,0,deepfake_faces,unknown_deepfake
corpora/deepfake_faces/images/deepfake_faces_001154.jpg,0,deepfake_faces,unknown_deepfake
corpora/deepfake_faces/images/deepfake_faces_001155.jpg,0,deepfake_faces,unknown_deepfake
corpora/deepfake_faces/images/deepfake_faces_001156.jpg,0,deepfake_faces,unknown_deepfake
corpora/deepfake_faces/images/deepfake_faces_001157.jpg,1,deepfake_faces,unknown_deepfake
corpora/deepfake_faces/images/deepfake_faces_001158.jpg,1,deepfake_faces,unknown_deepfake
corpora/deepfake_faces/images/deepfake_faces_001159.jpg,1,deepfake_faces,unknown_deepfake
corpora/deepfake_faces/images/deepfake_faces_001160.jpg,1,deepfake_faces,unknown_deepfake
corpora/deepfake_faces/images/deepfake_faces_001161.jpg,1,deepfake_faces,unknown_deepfake
corpora/deepfake_faces/images/deepfake_faces_001162.jpg,1,deepfake_faces,unknown_deepfake
corpora/deepfake_faces/images/deepfake_faces_001163.jpg,1,deepfake_faces,unknown_deepfake
corpora/deepfake_faces/images/deepfake_faces_001164.jpg,1,deepfake_faces,unknown_deepfake
corpora/deepfake_faces/images/deepfake_faces_001165.jpg,1,deepfake_faces,unknown_deepfake
corpora/deepfake_faces/images/deepfake_faces_001166.jpg,0,deepfake_faces,unknown_deepfake
corpora/deepfake_faces/images/deepfake_faces_001167.jpg,1,deepfake_faces,unknown_deepfake
corpora/deepfake_faces/images/deepfake_faces_001168.jpg,0,deepfake_faces,unknown_deepfake
corpora/deepfake_faces/images/deepfake_faces_001169.jpg,0,deepfake_faces,unknown_deepfake
corpora/deepfake_faces/images/deepfake_faces_001170.jpg,0,deepfake_faces,unknown_deepfake
corpora/deepfake_faces/images/deepfake_faces_001171.jpg,0,deepfake_faces,unknown_deepfake
corpora/deepfake_faces/images/deepfake_faces_001172.jpg,1,deepfake_faces,unknown_deepfake
corpora/deepfake_faces/images/deepfake_faces_001173.jpg,0,deepfake_faces,unknown_deepfake
corpora/deepfake_faces/images/deepfake_faces_001174.jpg,1,deepfake_faces,unknown_deepfake
corpora/deepfake_faces/images/deepfake_faces_001175.jpg,0,deepfake_faces,unknown_deepfake
corpora/deepfake_faces/images/deepfake_faces_001176.jpg,0,deepfake_faces,unknown_deepfake
corpora/deepfake_faces/images/deepfake_faces_001177.jpg,0,deepfake_faces,unknown_deepfake
corpora/deepfake_faces/images/deepfake_faces_001178.jpg,1,deepfake_faces,unknown_deepfake
corpora/deepfake_faces/images/deepfake_faces_001179.jpg,0,deepfake_faces,unknown_deepfake
corpora/deepfake_faces/images/deepfake_faces_001180.jpg,0,deepfake_faces,unknown_deepfake
corpora/deepfake_faces/images/deepfake_faces_001181.jpg,0,deepfake_faces,unknown_deepfake
corpora/deepfake_faces/images/deepfake_faces_001182.jpg,1,deepfake_faces,unknown_deepfake
corpora/deepfake_faces/images/deepfake_faces_001183.jpg,1,deepfake_faces,unknown_deepfake
corpora/deepfake_faces/images/deepfake_faces_001184.jpg,1,deepfake_faces,unknown_deepfake
corpora/deepfake_faces/images/deepfake_faces_001185.jpg,1,deepfake_faces,unknown_deepfake
corpora/deepfake_faces/images/deepfake_faces_001186.jpg,0,deepfake_faces,unknown_deepfake
corpora/deepfake_faces/images/deepfake_faces_001187.jpg,0,deepfake_faces,unknown_deepfake
corpora/deepfake_faces/images/deepfake_faces_001188.jpg,1,deepfake_faces,unknown_deepfake
corpora/deepfake_faces/images/deepfake_faces_001189.jpg,0,deepfake_faces,unknown_deepfake
corpora/deepfake_faces/images/deepfake_faces_001190.jpg,1,deepfake_faces,unknown_deepfake
corpora/deepfake_faces/images/deepfake_faces_001191.jpg,0,deepfake_faces,unknown_deepfake
corpora/deepfake_faces/images/deepfake_faces_001192.jpg,0,deepfake_faces,unknown_deepfake
corpora/deepfake_faces/images/deepfake_faces_001193.jpg,1,deepfake_faces,unknown_deepfake
corpora/deepfake_faces/images/deepfake_faces_001194.jpg,0,deepfake_faces,unknown_deepfake
corpora/deepfake_faces/images/deepfake_faces_001195.jpg,0,deepfake_faces,unknown_deepfake
corpora/deepfake_faces/images/deepfake_faces_001196.jpg,1,deepfake_faces,unknown_deepfake
corpora/deepfake_faces/images/deepfake_faces_001197.jpg,0,deepfake_faces,unknown_deepfake
corpora/deepfake_faces/images/deepfake_faces_001198.jpg,1,deepfake_faces,unknown_deepfake
corpora/deepfake_faces/images/deepfake_faces_001199.jpg,0,deepfake_faces,unknown_deepfake
