image_path,label,source,generator
corpora/sid_set/images/real/9f2c2560a72d603c.jpg,0,sid_set_real,Real_OpenImages
corpora/sid_set/images/real/824dafcc529ea513.jpg,0,sid_set_real,Real_OpenImages
corpora/sid_set/images/real/d13d2e0d24e9aee0.jpg,0,sid_set_real,Real_OpenImages
corpora/sid_set/images/real/02a657b3b00696a0.jpg,0,sid_set_real,Real_OpenImages
corpora/sid_set/images/real/bcbb9521256309e9.jpg,0,sid_set_real,Real_OpenImages
corpora/sid_set/images/real/21126df5f5e41703.jpg,0,sid_set_real,Real_OpenImages
corpora/sid_set/images/real/928b836ea59d2bd4.jpg,0,sid_set_real,Real_OpenImages
corpora/sid_set/images/real/30cd227746822724.jpg,0,sid_set_real,Real_OpenImages
corpora/sid_set/images/real/839ebb53b1d14973.jpg,0,sid_set_real,Real_OpenImages
corpora/sid_set/images/real/2bf16ed414e8b336.jpg,0,sid_set_real,Real_OpenImages
corpora/sid_set/images/real/6a46daef9762eb82.jpg,0,sid_set_real,Real_OpenImages
corpora/sid_set/images/real/372f9bc243d57f68.jpg,0,sid_set_real,Real_OpenImages
corpora/sid_set/images/real/73611ff68b930f1f.jpg,0,sid_set_real,Real_OpenImages
corpora/sid_set/images/real/a7ff159f3f05107f.jpg,0,sid_set_real,Real_OpenImages
corpora/sid_set/images/real/b5b80681ca02aa66.jpg,0,sid_set_real,Real_OpenImages
corpora/sid_set/images/real/b593d857cdfe9d37.jpg,0,sid_set_real,Real_OpenImages
corpora/sid_set/images/real/6948782f7f303105.jpg,0,sid_set_real,Real_OpenImages
corpora/sid_set/images/real/fb1acccabe2ad3b1.jpg,0,sid_set_real,Real_OpenImages
corpora/sid_set/images/real/539387db0919673a.jpg,0,sid_set_real,Real_OpenImages
corpora/sid_set/images/real/46357535107a5915.jpg,0,sid_set_real,Real_OpenImages
corpora/sid_set/images/real/8248cde3b8d76472.jpg,0,sid_set_real,Real_OpenImages
corpora/sid_set/images/real/2beeba7302aa2dcc.jpg,0,sid_set_real,Real_OpenImages
corpora/sid_set/images/real/8c463855b497554c.jpg,0,sid_set_real,Real_OpenImages
corpora/sid_set/images/real/995efcbfc56ff9e3.jpg,0,sid_set_real,Real_OpenImages
corpora/sid_set/images/real/3923db8a7684ea06.jpg,0,sid_set_real,Real_OpenImages
corpora/sid_set/images/real/bc9dfa5f65e94e4a.jpg,0,sid_set_real,Real_OpenImages
corpora/sid_set/images/real/bfbc65202d729722.jpg,0,sid_set_real,Real_OpenImages
corpora/sid_set/images/real/324c96b637ce4d6d.jpg,0,sid_set_real,Real_OpenImages
corpora/sid_set/images/real/ae6c5f9800a259b6.jpg,0,sid_set_real,Real_OpenImages
corpora/sid_set/images/real/5c062613de8cdc96.jpg,0,sid_set_real,Real_OpenImages
corpora/sid_set/images/real/0f178d70dc9ca282.jpg,0,sid_set_real,Real_OpenImages
corpora/sid_set/images/real/b90f9fe97932d08d.jpg,0,sid_set_real,Real_OpenImages
corpora/sid_set/images/real/1c542167b9cf456a.jpg,0,sid_set_real,Real_OpenImages
corpora/sid_set/images/real/1002da5c2352a13b.jpg,0,sid_set_real,Real_OpenImages
corpora/sid_set/images/real/b24aa745e1636d69.jpg,0,sid_set_real,Real_OpenImages
corpora/sid_set/images/real/5702fd8da63c7793.jpg,0,sid_set_real,Real_OpenImages
corpora/sid_set/images/real/98cbad3490fb89d3.jpg,0,sid_set_real,Real_OpenImages
corpora/sid_set/images/real/33f4cb2943116269.jpg,0,sid_set_real,Real_OpenImages
corpora/sid_set/images/real/d19ee44351d8823f.jpg,0,sid_set_real,Real_OpenImages
corpora/sid_set/images/real/cca6d5e2ef418719.jpg,0,sid_set_real,Real_OpenImages
corpora/sid_set/images/real/43e8f84c132404bc.jpg,0,sid_set_real,Real_OpenImages
corpora/sid_set/images/real/3c9b82384cabfa4b.jpg,0,sid_set_real,Real_OpenImages
corpora/sid_set/images/real/d215e3505887d9ab.jpg,0,sid_set_real,Real_OpenImages
corpora/sid_set/images/real/9c3bdaf68a63028f.jpg,0,sid_set_real,Real_OpenImages
corpora/sid_set/images/real/5d84ebdd003dd133.jpg,0,sid_set_real,Real_OpenImages
corpora/sid_set/images/real/cddc352df6fb1fe8.jpg,0,sid_set_real,Real_OpenImages
corpora/sid_set/images/real/ccc5e36fda0d6c73.jpg,0,sid_set_real,Real_OpenImages
corpora/sid_set/images/real/1e25d25e48c91200.jpg,0,sid_set_real,Real_OpenImages
corpora/sid_set/images/real/e08e572094000398.jpg,0,sid_set_real,Real_OpenImages
corpora/sid_set/images/real/b44ed19171c9990b.jpg,0,sid_set_real,Real_OpenImages
corpora/sid_set/images/real/cf30e19c518e6ca8.jpg,0,sid_set_real,Real_OpenImages
corpora/sid_set/images/real/0f581a2fd02de7c0.jpg,0,sid_set_real,Real_OpenImages
corpora/sid_set/images/real/80aebe6f83612c1c.jpg,0,sid_set_real,Real_OpenImages
corpora/sid_set/images/real/76db7350169bf20c.jpg,0,sid_set_real,Real_OpenImages
corpora/sid_set/images/real/2d4f71ea80021f6f.jpg,0,sid_set_real,Real_OpenImages
corpora/sid_set/images/real/80437bb70bae76ed.jpg,0,sid_set_real,Real_OpenImages
corpora/sid_set/images/real/aa267af12da2c919.jpg,0,sid_set_real,Real_OpenImages
corpora/sid_set/images/real/121863f4da7ded0c.jpg,0,sid_set_real,Real_OpenImages
corpora/sid_set/images/real/e4e339e37e28190b.jpg,0,sid_set_real,Real_OpenImages
corpora/sid_set/images/real/09e3e8ca8de44bd7.jpg,0,sid_set_real,Real_OpenImages
corpora/sid_set/images/real/4b1ed572cd5e0764.jpg,0,sid_set_real,Real_OpenImages
corpora/sid_set/images/real/7533eba06ad72f92.jpg,0,sid_set_real,Real_OpenImages
corpora/sid_set/images/real/56f2efe02d88a3f4.jpg,0,sid_set_real,Real_OpenImages
corpora/sid_set/images/real/e2977fb78cdd3955.jpg,0,sid_set_real,Real_OpenImages
corpora/sid_set/images/real/b78422f08008a501.jpg,0,sid_set_real,Real_OpenImages
corpora/sid_set/images/real/7a4a3df5c66607da.jpg,0,sid_set_real,Real_OpenImages
corpora/sid_set/images/real/5f114270f656de74.jpg,0,sid_set_real,Real_OpenImages
corpora/sid_set/images/real/07465a808ae51f9f.jpg,0,sid_set_real,Real_OpenImages
corpora/sid_set/images/real/2606d73c49eb785c.jpg,0,sid_set_real,Real_OpenImages
corpora/sid_set/images/real/6fdeeed5eac44c7f.jpg,0,sid_set_real,Real_OpenImages
corpora/sid_set/images/real/973937ae9dc6f760.jpg,0,sid_set_real,Real_OpenImages
corpora/sid_set/images/real/cf8f82df27b847a2.jpg,0,sid_set_real,Real_OpenImages
corpora/sid_set/images/real/e1f30bcec0c6ac7e.jpg,0,sid_set_real,Real_OpenImages
corpora/sid_set/images/real/a211771319e840aa.jpg,0,sid_set_real,Real_OpenImages
corpora/sid_set/images/real/10b9f5522b794ff3.jpg,0,sid_set_real,Real_OpenImages
corpora/sid_set/images/real/0d96f8f8d6a6e66b.jpg,0,sid_set_real,Real_OpenImages
corpora/sid_set/images/real/dd391ea608744c4e.jpg,0,sid_set_real,Real_OpenImages
corpora/sid_set/images/real/8f6966934321901d.jpg,0,sid_set_real,Real_OpenImages
corpora/sid_set/images/real/aa39c0989df7627d.jpg,0,sid_set_real,Real_OpenImages
corpora/sid_set/images/real/013b758ee1792132.jpg,0,sid_set_real,Real_OpenImages
corpora/sid_set/images/real/350dd5255ddf2238.jpg,0,sid_set_real,Real_OpenImages
corpora/sid_set/images/real/ccc2eaa8816e1ec3.jpg,0,sid_set_real,Real_OpenImages
corpora/sid_set/images/real/be55fd6dfacc2433.jpg,0,sid_set_real,Real_OpenImages
corpora/sid_set/images/real/72ee3cd3d589e87a.jpg,0,sid_set_real,Real_OpenImages
corpora/sid_set/images/real/d09bfeeb11393477.jpg,0,sid_set_real,Real_OpenImages
corpora/sid_set/images/real/1cb8609a025f171d.jpg,0,sid_set_real,Real_OpenImages
corpora/sid_set/images/real/156165303fc48706.jpg,0,sid_set_real,Real_OpenImages
corpora/sid_set/images/real/7e49cd62979fd985.jpg,0,sid_set_real,Real_OpenImages
corpora/sid_set/images/real/be1a90a64354aae5.jpg,0,sid_set_real,Real_OpenImages
corpora/sid_set/images/real/27dcfabd78266fd3.jpg,0,sid_set_real,Real_OpenImages
corpora/sid_set/images/real/168bb6117a7f7845.jpg,0,sid_set_real,Real_OpenImages
corpora/sid_set/images/real/87bab391c4278ee3.jpg,0,sid_set_real,Real_OpenImages
corpora/sid_set/images/real/3ba7a948d5beed7c.jpg,0,sid_set_real,Real_OpenImages
corpora/sid_set/images/real/06461e414a9d69e2.jpg,0,sid_set_real,Real_OpenImages
corpora/sid_set/images/real/402c72ad6963b0a7.jpg,0,sid_set_real,Real_OpenImages
corpora/sid_set/images/real/001ec67e5cbcca49.jpg,0,sid_set_real,Real_OpenImages
corpora/sid_set/images/real/82f006ddfa1e8d5c.jpg,0,sid_set_real,Real_OpenImages
corpora/sid_set/images/real/516e02c15df206e5.jpg,0,sid_set_real,Real_OpenImages
corpora/sid_set/images/real/ef9d804aa27819b6.jpg,0,sid_set_real,Real_OpenImages
corpora/sid_set/images/real/786ad8ef235effcb.jpg,0,sid_set_real,Real_OpenImages
corpora/sid_set/images/real/4f9e4ab37f1e7c9f.jpg,0,sid_set_real,Real_OpenImages
corpora/sid_set/images/real/9a7e6d993152a7fe.jpg,0,sid_set_real,Real_OpenImages
corpora/sid_set/images/real/6b22be91d42ca51a.jpg,0,sid_set_real,Real_OpenImages
corpora/sid_set/images/real/96f07f7dde6a0a74.jpg,0,sid_set_real,Real_OpenImages
corpora/sid_set/images/real/abe0c97c28320091.jpg,0,sid_set_real,Real_OpenImages
corpora/sid_set/images/real/617d4f8ccda07319.jpg,0,sid_set_real,Real_OpenImages
corpora/sid_set/images/real/671b6249e8489daf.jpg,0,sid_set_real,Real_OpenImages
corpora/sid_set/images/real/66f9e9fa5ec8aea9.jpg,0,sid_set_real,Real_OpenImages
corpora/sid_set/images/real/66e2c1fefcc20632.jpg,0,sid_set_real,Real_OpenImages
corpora/sid_set/images/real/69cdca515778e64e.jpg,0,sid_set_real,Real_OpenImages
corpora/sid_set/images/real/b068ab316201fe0e.jpg,0,sid_set_real,Real_OpenImages
corpora/sid_set/images/real/0594c93c744a233f.jpg,0,sid_set_real,Real_OpenImages
corpora/sid_set/images/real/31b6d6c573f8a734.jpg,0,sid_set_real,Real_OpenImages
corpora/sid_set/images/real/63a11e8b8ca5d00b.jpg,0,sid_set_real,Real_OpenImages
corpora/sid_set/images/real/f535a9dc6850cae7.jpg,0,sid_set_real,Real_OpenImages
corpora/sid_set/images/real/b018bbe98aea637d.jpg,0,sid_set_real,Real_OpenImages
corpora/sid_set/images/real/7c2e1a4a33ad6f03.jpg,0,sid_set_real,Real_OpenImages
corpora/sid_set/images/real/1f33970927ca02f1.jpg,0,sid_set_real,Real_OpenImages
corpora/sid_set/images/real/004ac779f9e48b13.jpg,0,sid_set_real,Real_OpenImages
corpora/sid_set/images/real/b8de7d7993b31657.jpg,0,sid_set_real,Real_OpenImages
corpora/sid_set/images/real/97a3c4fa324a346f.jpg,0,sid_set_real,Real_OpenImages
corpora/sid_set/images/real/4b2e3c0cb030ef14.jpg,0,sid_set_real,Real_OpenImages
corpora/sid_set/images/real/ac49362d08577b58.jpg,0,sid_set_real,Real_OpenImages
corpora/sid_set/images/real/66f42f25a50867a4.jpg,0,sid_set_real,Real_OpenImages
corpora/sid_set/images/real/01273541d336929e.jpg,0,sid_set_real,Real_OpenImages
corpora/sid_set/images/real/da5f5a1b57742751.jpg,0,sid_set_real,Real_OpenImages
corpora/sid_set/images/real/c29df1a0dc8566d1.jpg,0,sid_set_real,Real_OpenImages
corpora/sid_set/images/real/b90e7d4589d8e7a3.jpg,0,sid_set_real,Real_OpenImages
corpora/sid_set/images/real/f42bcfb59b6e508e.jpg,0,sid_set_real,Real_OpenImages
corpora/sid_set/images/real/266ea98277e23471.jpg,0,sid_set_real,Real_OpenImages
corpora/sid_set/images/real/419ab8ed2370d257.jpg,0,sid_set_real,Real_OpenImages
corpora/sid_set/images/real/b8bb6b8043b38b56.jpg,0,sid_set_real,Real_OpenImages
corpora/sid_set/images/real/e81475be49afe676.jpg,0,sid_set_real,Real_OpenImages
corpora/sid_set/images/real/66cc3ab1a916f962.jpg,0,sid_set_real,Real_OpenImages
corpora/sid_set/images/real/7989d9e694f6a052.jpg,0,sid_set_real,Real_OpenImages
corpora/sid_set/images/real/1d953b8abaa882de.jpg,0,sid_set_real,Real_OpenImages
corpora/sid_set/images/real/2d9003451fd68d03.jpg,0,sid_set_real,Real_OpenImages
corpora/sid_set/images/real/22ab5d1c3f3ceb24.jpg,0,sid_set_real,Real_OpenImages
corpora/sid_set/images/real/5d8b41a569d3855e.jpg,0,sid_set_real,Real_OpenImages
corpora/sid_set/images/real/e779b42ba4f64c8b.jpg,0,sid_set_real,Real_OpenImages
corpora/sid_set/images/real/96ec00e6247e77d1.jpg,0,sid_set_real,Real_OpenImages
corpora/sid_set/images/real/deb8e2ee7be0485e.jpg,0,sid_set_real,Real_OpenImages
corpora/sid_set/images/real/96ed431f08fbb76b.jpg,0,sid_set_real,Real_OpenImages
corpora/sid_set/images/real/ddfa3e9a9f1bd819.jpg,0,sid_set_real,Real_OpenImages
corpora/sid_set/images/real/d300f86748052d17.jpg,0,sid_set_real,Real_OpenImages
corpora/sid_set/images/real/3090cfca4c500d91.jpg,0,sid_set_real,Real_OpenImages
corpora/sid_set/images/real/3b9dfa30479cc46c.jpg,0,sid_set_real,Real_OpenImages
corpora/sid_set/images/real/68d8107eb73e6b8b.jpg,0,sid_set_real,Real_OpenImages
corpora/sid_set/images/real/7675fe3db15d8ef5.jpg,0,sid_set_real,Real_OpenImages
corpora/sid_set/images/real/9746b8d044151aee.jpg,0,sid_set_real,Real_OpenImages
corpora/sid_set/images/real/225c972a6d090b4a.jpg,0,sid_set_real,Real_OpenImages
corpora/sid_set/images/real/2b314f878e455f38.jpg,0,sid_set_real,Real_OpenImages
corpora/sid_set/images/real/3cf0d0dae1f5e826.jpg,0,sid_set_real,Real_OpenImages
corpora/sid_set/images/real/1b3ce4761114f87a.jpg,0,sid_set_real,Real_OpenImages
corpora/sid_set/images/real/aea19f39d885bcd8.jpg,0,sid_set_real,Real_OpenImages
corpora/sid_set/images/real/790876ff17e01fa4.jpg,0,sid_set_real,Real_OpenImages
corpora/sid_set/images/real/151f05148ceb1ba2.jpg,0,sid_set_real,Real_OpenImages
corpora/sid_set/images/real/84320f6007af6a60.jpg,0,sid_set_real,Real_OpenImages
corpora/sid_set/images/real/490ac7e2b220e065.jpg,0,sid_set_real,Real_OpenImages
corpora/sid_set/images/real/5438c4ffef84ea15.jpg,0,sid_set_real,Real_OpenImages
corpora/sid_set/images/real/959dd4cff876d9ec.jpg,0,sid_set_real,Real_OpenImages
corpora/sid_set/images/real/ea454189cf901d22.jpg,0,sid_set_real,Real_OpenImages
corpora/sid_set/images/real/4deeaa877e02cb43.jpg,0,sid_set_real,Real_OpenImages
corpora/sid_set/images/real/bd88e7d58d795e29.jpg,0,sid_set_real,Real_OpenImages
corpora/sid_set/images/real/79bd1fffe381b25d.jpg,0,sid_set_real,Real_OpenImages
corpora/sid_set/images/real/6c512f2593af25ad.jpg,0,sid_set_real,Real_OpenImages
corpora/sid_set/images/real/ce4f0f4e8a6b573d.jpg,0,sid_set_real,Real_OpenImages
corpora/sid_set/images/real/2f57d44daac42e92.jpg,0,sid_set_real,Real_OpenImages
corpora/sid_set/images/real/f2b82b041c690ab3.jpg,0,sid_set_real,Real_OpenImages
corpora/sid_set/images/real/b7955b6627b6f871.jpg,0,sid_set_real,Real_OpenImages
corpora/sid_set/images/real/a90ed0e452a329cf.jpg,0,sid_set_real,Real_OpenImages
corpora/sid_set/images/real/71582b363feef604.jpg,0,sid_set_real,Real_OpenImages
corpora/sid_set/images/real/08f247d33b3602f5.jpg,0,sid_set_real,Real_OpenImages
corpora/sid_set/images/real/3fc5e5a7643a3db2.jpg,0,sid_set_real,Real_OpenImages
corpora/sid_set/images/real/997ec2b7b0b58f19.jpg,0,sid_set_real,Real_OpenImages
corpora/sid_set/images/real/2f584878b77d6677.jpg,0,sid_set_real,Real_OpenImages
corpora/sid_set/images/real/35086c261d363bfa.jpg,0,sid_set_real,Real_OpenImages
corpora/sid_set/images/real/7eb9a81b9f503358.jpg,0,sid_set_real,Real_OpenImages
corpora/sid_set/images/real/d698c67786068191.jpg,0,sid_set_real,Real_OpenImages
corpora/sid_set/images/real/73db227590d92779.jpg,0,sid_set_real,Real_OpenImages
corpora/sid_set/images/real/9f707f5889cdac49.jpg,0,sid_set_real,Real_OpenImages
corpora/sid_set/images/real/66d6c6950aa1be8f.jpg,0,sid_set_real,Real_OpenImages
corpora/sid_set/images/real/3e3cafab3bd16cf5.jpg,0,sid_set_real,Real_OpenImages
corpora/sid_set/images/real/6160acf2cf64ccd6.jpg,0,sid_set_real,Real_OpenImages
corpora/sid_set/images/real/0ab73717cd9cee60.jpg,0,sid_set_real,Real_OpenImages
corpora/sid_set/images/real/06918334782027eb.jpg,0,sid_set_real,Real_OpenImages
corpora/sid_set/images/real/d2bd6fb787449e9c.jpg,0,sid_set_real,Real_OpenImages
corpora/sid_set/images/real/508af48d2c4e8078.jpg,0,sid_set_real,Real_OpenImages
corpora/sid_set/images/real/29a2045f4abdc139.jpg,0,sid_set_real,Real_OpenImages
corpora/sid_set/images/real/59169d23989f6da9.jpg,0,sid_set_real,Real_OpenImages
corpora/sid_set/images/real/72d16d5381336fed.jpg,0,sid_set_real,Real_OpenImages
corpora/sid_set/images/real/2e9a42698abd0a1b.jpg,0,sid_set_real,Real_OpenImages
corpora/sid_set/images/real/a380ddc62a8196aa.jpg,0,sid_set_real,Real_OpenImages
corpora/sid_set/images/real/2ca303e31e06c47f.jpg,0,sid_set_real,Real_OpenImages
corpora/sid_set/images/real/1410688a03e62549.jpg,0,sid_set_real,Real_OpenImages
corpora/sid_set/images/real/2d035808c195aa1a.jpg,0,sid_set_real,Real_OpenImages
corpora/sid_set/images/real/a1b0c2246f256ccd.jpg,0,sid_set_real,Real_OpenImages
corpora/sid_set/images/real/8bba3cf336ff2f56.jpg,0,sid_set_real,Real_OpenImages
corpora/sid_set/images/real/461fdc2fc332d6dd.jpg,0,sid_set_real,Real_OpenImages
corpora/sid_set/images/real/b9ea98a6e4a13cd9.jpg,0,sid_set_real,Real_OpenImages
corpora/sid_set/images/real/b5affed8973b47cc.jpg,0,sid_set_real,Real_OpenImages
corpora/sid_set/images/real/f834b8154e282cf4.jpg,0,sid_set_real,Real_OpenImages
corpora/sid_set/images/real/f0e743e1be0febee.jpg,0,sid_set_real,Real_OpenImages
corpora/sid_set/images/real/efc8cd1106678a1e.jpg,0,sid_set_real,Real_OpenImages
corpora/sid_set/images/real/d101354878a83283.jpg,0,sid_set_real,Real_OpenImages
corpora/sid_set/images/real/3f5a850c4ff6a308.jpg,0,sid_set_real,Real_OpenImages
corpora/sid_set/images/real/19f245a076603b77.jpg,0,sid_set_real,Real_OpenImages
corpora/sid_set/images/real/dbaef7c7dff91686.jpg,0,sid_set_real,Real_OpenImages
corpora/sid_set/images/real/c548d798f9ce0a02.jpg,0,sid_set_real,Real_OpenImages
corpora/sid_set/images/real/3a0459247071874b.jpg,0,sid_set_real,Real_OpenImages
corpora/sid_set/images/real/dde903ae9534e848.jpg,0,sid_set_real,Real_OpenImages
corpora/sid_set/images/real/49b132849fd36dce.jpg,0,sid_set_real,Real_OpenImages
corpora/sid_set/images/real/d78e4bc8886e85fa.jpg,0,sid_set_real,Real_OpenImages
corpora/sid_set/images/real/607647170f549c64.jpg,0,sid_set_real,Real_OpenImages
corpora/sid_set/images/real/03f108d8b8f574e9.jpg,0,sid_set_real,Real_OpenImages
corpora/sid_set/images/real/43c59cbea9e0e352.jpg,0,sid_set_real,Real_OpenImages
corpora/sid_set/images/real/540fbdcd83cbb804.jpg,0,sid_set_real,Real_OpenImages
corpora/sid_set/images/real/be308ee69a6e392b.jpg,0,sid_set_real,Real_OpenImages
corpora/sid_set/images/real/ec88c3db4f98443c.jpg,0,sid_set_real,Real_OpenImages
corpora/sid_set/images/real/d017882fc57674a0.jpg,0,sid_set_real,Real_OpenImages
corpora/sid_set/images/real/720505b9a2d1e6a6.jpg,0,sid_set_real,Real_OpenImages
corpora/sid_set/images/real/fbca17e994a7f7fe.jpg,0,sid_set_real,Real_OpenImages
corpora/sid_set/images/real/6f13e05950c0a147.jpg,0,sid_set_real,Real_OpenImages
corpora/sid_set/images/real/ce920dbe167b7bb8.jpg,0,sid_set_real,Real_OpenImages
corpora/sid_set/images/real/3b5a021a07087fe9.jpg,0,sid_set_real,Real_OpenImages
corpora/sid_set/images/real/0c97a9625ff85207.jpg,0,sid_set_real,Real_OpenImages
corpora/sid_set/images/real/1850e7c734379910.jpg,0,sid_set_real,Real_OpenImages
corpora/sid_set/images/real/e25053c24e2a93e3.jpg,0,sid_set_real,Real_OpenImages
corpora/sid_set/images/real/f054dd2d9ed8032e.jpg,0,sid_set_real,Real_OpenImages
corpora/sid_set/images/real/c3a27e36b00670b4.jpg,0,sid_set_real,Real_OpenImages
corpora/sid_set/images/real/e1ab29d52785a944.jpg,0,sid_set_real,Real_OpenImages
corpora/sid_set/images/real/7b22a84656f4e89b.jpg,0,sid_set_real,Real_OpenImages
corpora/sid_set/images/real/03d0b1177fc3fbd5.jpg,0,sid_set_real,Real_OpenImages
corpora/sid_set/images/real/45c95dd525c5a994.jpg,0,sid_set_real,Real_OpenImages
corpora/sid_set/images/real/99544ce9f28ce2bb.jpg,0,sid_set_real,Real_OpenImages
corpora/sid_set/images/real/4d15b0fb85aa2dbd.jpg,0,sid_set_real,Real_OpenImages
corpora/sid_set/images/real/6869cd0b831c0196.jpg,0,sid_set_real,Real_OpenImages
corpora/sid_set/images/real/a5bc09a76dd9f966.jpg,0,sid_set_real,Real_OpenImages
corpora/sid_set/images/real/00f44a518c6bace6.jpg,0,sid_set_real,Real_OpenImages
corpora/sid_set/images/real/8258fe502665a468.jpg,0,sid_set_real,Real_OpenImages
corpora/sid_set/images/real/bf7a5c063f449ab2.jpg,0,sid_set_real,Real_OpenImages
corpora/sid_set/images/real/c8e12f0a9c6f4f0a.jpg,0,sid_set_real,Real_OpenImages
corpora/sid_set/images/real/ace86c67ac23e219.jpg,0,sid_set_real,Real_OpenImages
corpora/sid_set/images/real/50f8499718cc67de.jpg,0,sid_set_real,Real_OpenImages
corpora/sid_set/images/real/029ba4870447a902.jpg,0,sid_set_real,Real_OpenImages
corpora/sid_set/images/real/9ee2ebadec94b88c.jpg,0,sid_set_real,Real_OpenImages
corpora/sid_set/images/real/492ca381670ff8be.jpg,0,sid_set_real,Real_OpenImages
corpora/sid_set/images/real/7a194fedd14bf00e.jpg,0,sid_set_real,Real_OpenImages
corpora/sid_set/images/real/21b46b93b71d901d.jpg,0,sid_set_real,Real_OpenImages
corpora/sid_set/images/real/b0987f3020816a28.jpg,0,sid_set_real,Real_OpenImages
corpora/sid_set/images/real/8252b1f200c30416.jpg,0,sid_set_real,Real_OpenImages
corpora/sid_set/images/real/5639244d169c1f79.jpg,0,sid_set_real,Real_OpenImages
corpora/sid_set/images/real/051752bcdf6275db.jpg,0,sid_set_real,Real_OpenImages
corpora/sid_set/images/real/0606f87623b6ff66.jpg,0,sid_set_real,Real_OpenImages
corpora/sid_set/images/real/4ef6c70c8c345cf0.jpg,0,sid_set_real,Real_OpenImages
corpora/sid_set/images/real/68df2871554321c2.jpg,0,sid_set_real,Real_OpenImages
corpora/sid_set/images/real/b5bccaef3057181c.jpg,0,sid_set_real,Real_OpenImages
corpora/sid_set/images/real/42e072f1e9968af9.jpg,0,sid_set_real,Real_OpenImages
corpora/sid_set/images/real/e9c270a226d513e9.jpg,0,sid_set_real,Real_OpenImages
corpora/sid_set/images/real/853833c346eb8d38.jpg,0,sid_set_real,Real_OpenImages
corpora/sid_set/images/real/d75281006baeb032.jpg,0,sid_set_real,Real_OpenImages
corpora/sid_set/images/real/bb99222048731f54.jpg,0,sid_set_real,Real_OpenImages
corpora/sid_set/images/real/042c06edf9674d89.jpg,0,sid_set_real,Real_OpenImages
corpora/sid_set/images/real/b6fa2d6771d24f68.jpg,0,sid_set_real,Real_OpenImages
corpora/sid_set/images/real/16fb3e3656ccd46f.jpg,0,sid_set_real,Real_OpenImages
corpora/sid_set/images/real/912b34fc0a3a06c8.jpg,0,sid_set_real,Real_OpenImages
corpora/sid_set/images/real/de7e220311ae505f.jpg,0,sid_set_real,Real_OpenImages
corpora/sid_set/images/real/bfafdc0dcbcf34b4.jpg,0,sid_set_real,Real_OpenImages
corpora/sid_set/images/real/9ba9d24a56957237.jpg,0,sid_set_real,Real_OpenImages
corpora/sid_set/images/real/4b80d277b1097aec.jpg,0,sid_set_real,Real_OpenImages
corpora/sid_set/images/real/cb0ac67c6e291b59.jpg,0,sid_set_real,Real_OpenImages
corpora/sid_set/images/real/dc2de14ed59812bf.jpg,0,sid_set_real,Real_OpenImages
corpora/sid_set/images/real/ed96e3435944cbca.jpg,0,sid_set_real,Real_OpenImages
corpora/sid_set/images/real/566bdf9c83d06d17.jpg,0,sid_set_real,Real_OpenImages
corpora/sid_set/images/real/1d4a6ec76859fa5e.jpg,0,sid_set_real,Real_OpenImages
corpora/sid_set/images/real/173aa95158acfd1a.jpg,0,sid_set_real,Real_OpenImages
corpora/sid_set/images/real/01ae80324f71027b.jpg,0,sid_set_real,Real_OpenImages
corpora/sid_set/images/real/8fbdbf22252ca036.jpg,0,sid_set_real,Real_OpenImages
corpora/sid_set/images/real/be50dea2b3275124.jpg,0,sid_set_real,Real_OpenImages
corpora/sid_set/images/real/c2aa515dc1215dbf.jpg,0,sid_set_real,Real_OpenImages
corpora/sid_set/images/real/4c0c3fbadc704881.jpg,0,sid_set_real,Real_OpenImages
corpora/sid_set/images/real/06a49a893e742cbb.jpg,0,sid_set_real,Real_OpenImages
corpora/sid_set/images/real/462597947ecd9381.jpg,0,sid_set_real,Real_OpenImages
corpora/sid_set/images/real/2b1a60180cbaa043.jpg,0,sid_set_real,Real_OpenImages
corpora/sid_set/images/real/d09891922a984ad2.jpg,0,sid_set_real,Real_OpenImages
corpora/sid_set/images/real/2d309823ca60873a.jpg,0,sid_set_real,Real_OpenImages
corpora/sid_set/images/real/61a2ccec16d97455.jpg,0,sid_set_real,Real_OpenImages
corpora/sid_set/images/real/c6da8f7178aff147.jpg,0,sid_set_real,Real_OpenImages
corpora/sid_set/images/real/6c045224050545eb.jpg,0,sid_set_real,Real_OpenImages
corpora/sid_set/images/real/628060476817dc7a.jpg,0,sid_set_real,Real_OpenImages
corpora/sid_set/images/real/8d108192a5986dd2.jpg,0,sid_set_real,Real_OpenImages
corpora/sid_set/images/real/44507ac5a5e54959.jpg,0,sid_set_real,Real_OpenImages
corpora/sid_set/images/real/013cc0ed61095164.jpg,0,sid_set_real,Real_OpenImages
corpora/sid_set/images/real/7268430b50393ac1.jpg,0,sid_set_real,Real_OpenImages
corpora/sid_set/images/real/b33fa937310d1dc2.jpg,0,sid_set_real,Real_OpenImages
corpora/sid_set/images/real/f07fd56874abe2d6.jpg,0,sid_set_real,Real_OpenImages
corpora/sid_set/images/real/43004f198cc9e1d7.jpg,0,sid_set_real,Real_OpenImages
corpora/sid_set/images/real/e8fdfdc349b4b25d.jpg,0,sid_set_real,Real_OpenImages
corpora/sid_set/images/real/02e90051cc66e2b4.jpg,0,sid_set_real,Real_OpenImages
corpora/sid_set/images/real/5be577037cfe9248.jpg,0,sid_set_real,Real_OpenImages
corpora/sid_set/images/real/d458fb02f0561915.jpg,0,sid_set_real,Real_OpenImages
corpora/sid_set/images/real/c31c237ee74fc817.jpg,0,sid_set_real,Real_OpenImages
corpora/sid_set/images/real/55177ce86d3a69bd.jpg,0,sid_set_real,Real_OpenImages
corpora/sid_set/images/real/a9562091c1f1fef4.jpg,0,sid_set_real,Real_OpenImages
corpora/sid_set/images/real/07a61ea16bcd527b.jpg,0,sid_set_real,Real_OpenImages
corpora/sid_set/images/real/d1ea680dc821ab2c.jpg,0,sid_set_real,Real_OpenImages
corpora/sid_set/images/real/ad48e1067e7d0cc3.jpg,0,sid_set_real,Real_OpenImages
corpora/sid_set/images/real/6129b9ddaebe632d.jpg,0,sid_set_real,Real_OpenImages
corpora/sid_set/images/real/2ab334ba6607df26.jpg,0,sid_set_real,Real_OpenImages
corpora/sid_set/images/real/33d59ae94395db69.jpg,0,sid_set_real,Real_OpenImages
corpora/sid_set/images/real/271aa3c6f83e139e.jpg,0,sid_set_real,Real_OpenImages
corpora/sid_set/images/real/8fa62630dc8cc395.jpg,0,sid_set_real,Real_OpenImages
corpora/sid_set/images/real/8df3c1d77b25a80d.jpg,0,sid_set_real,Real_OpenImages
corpora/sid_set/images/real/5d1df88cac68f93d.jpg,0,sid_set_real,Real_OpenImages
corpora/sid_set/images/real/e49d288767cdb7e5.jpg,0,sid_set_real,Real_OpenImages
corpora/sid_set/images/real/0aed0e968064127a.jpg,0,sid_set_real,Real_OpenImages
corpora/sid_set/images/real/70afa8c8569c805c.jpg,0,sid_set_real,Real_OpenImages
corpora/sid_set/images/real/ea44b64cb8bc617a.jpg,0,sid_set_real,Real_OpenImages
corpora/sid_set/images/real/16d805c6dd47100b.jpg,0,sid_set_real,Real_OpenImages
corpora/sid_set/images/real/7ac2db5b28f665a7.jpg,0,sid_set_real,Real_OpenImages
corpora/sid_set/images/real/bb274a767729e110.jpg,0,sid_set_real,Real_OpenImages
corpora/sid_set/images/real/b6d3fbc96899f368.jpg,0,sid_set_real,Real_OpenImages
corpora/sid_set/images/real/d83097955560bcaa.jpg,0,sid_set_real,Real_OpenImages
corpora/sid_set/images/real/2040f85d43b5cfd4.jpg,0,sid_set_real,Real_OpenImages
corpora/sid_set/images/real/dbc13536a9ad053c.jpg,0,sid_set_real,Real_OpenImages
corpora/sid_set/images/real/35239b08c500bbd6.jpg,0,sid_set_real,Real_OpenImages
corpora/sid_set/images/real/2e106b11f54be46e.jpg,0,sid_set_real,Real_OpenImages
corpora/sid_set/images/real/32bcdcfe14a0f1c5.jpg,0,sid_set_real,Real_OpenImages
corpora/sid_set/images/real/305077ce6b5d0b98.jpg,0,sid_set_real,Real_OpenImages
corpora/sid_set/images/real/00623315ed358ffb.jpg,0,sid_set_real,Real_OpenImages
corpora/sid_set/images/real/6df49feab7c489eb.jpg,0,sid_set_real,Real_OpenImages
corpora/sid_set/images/real/40c65f92012b1252.jpg,0,sid_set_real,Real_OpenImages
corpora/sid_set/images/real/e45cdd0edc7eecb6.jpg,0,sid_set_real,Real_OpenImages
corpora/sid_set/images/real/e20c92128158fb94.jpg,0,sid_set_real,Real_OpenImages
corpora/sid_set/images/real/349e2edd53fb0609.jpg,0,sid_set_real,Real_OpenImages
corpora/sid_set/images/real/63e4a09f142bace6.jpg,0,sid_set_real,Real_OpenImages
corpora/sid_set/images/real/ae1364782b3a872e.jpg,0,sid_set_real,Real_OpenImages
corpora/sid_set/images/real/f248553264e84d3b.jpg,0,sid_set_real,Real_OpenImages
corpora/sid_set/images/real/101c490f433875bd.jpg,0,sid_set_real,Real_OpenImages
corpora/sid_set/images/real/89724c8444386294.jpg,0,sid_set_real,Real_OpenImages
corpora/sid_set/images/real/b24d0b72bfc89548.jpg,0,sid_set_real,Real_OpenImages
corpora/sid_set/images/real/53d4c2f1425b9f1a.jpg,0,sid_set_real,Real_OpenImages
corpora/sid_set/images/real/e33489cefa60ad13.jpg,0,sid_set_real,Real_OpenImages
corpora/sid_set/images/real/886ca62efcc6f42e.jpg,0,sid_set_real,Real_OpenImages
corpora/sid_set/images/real/9f8b4757d16c40b1.jpg,0,sid_set_real,Real_OpenImages
corpora/sid_set/images/real/0ed30c1252c1f5e5.jpg,0,sid_set_real,Real_OpenImages
corpora/sid_set/images/real/6711c6a1524776a7.jpg,0,sid_set_real,Real_OpenImages
corpora/sid_set/images/real/060e2bf3eefc4469.jpg,0,sid_set_real,Real_OpenImages
corpora/sid_set/images/real/10446bb1fcf89e00.jpg,0,sid_set_real,Real_OpenImages
corpora/sid_set/images/real/03502e41c728a108.jpg,0,sid_set_real,Real_OpenImages
corpora/sid_set/images/real/ad0e94073bac01c9.jpg,0,sid_set_real,Real_OpenImages
corpora/sid_set/images/real/a13757adb2b69f23.jpg,0,sid_set_real,Real_OpenImages
corpora/sid_set/images/real/1c7669a18d10e2ae.jpg,0,sid_set_real,Real_OpenImages
corpora/sid_set/images/real/0d688597894682b0.jpg,0,sid_set_real,Real_OpenImages
corpora/sid_set/images/real/b66dbe301be9e4d4.jpg,0,sid_set_real,Real_OpenImages
corpora/sid_set/images/real/cec622165cc7bc0f.jpg,0,sid_set_real,Real_OpenImages
corpora/sid_set/images/real/15c980c91a96c872.jpg,0,sid_set_real,Real_OpenImages
corpora/sid_set/images/real/0ac53dd590612f9f.jpg,0,sid_set_real,Real_OpenImages
corpora/sid_set/images/real/c3774d427d04dc51.jpg,0,sid_set_real,Real_OpenImages
corpora/sid_set/images/real/2aa3fcf60023299f.jpg,0,sid_set_real,Real_OpenImages
corpora/sid_set/images/real/21e7ededc432b179.jpg,0,sid_set_real,Real_OpenImages
corpora/sid_set/images/real/bd83bfcf7baa098c.jpg,0,sid_set_real,Real_OpenImages
corpora/sid_set/images/real/3084aa19fb9d2972.jpg,0,sid_set_real,Real_OpenImages
corpora/sid_set/images/real/7a760333b8759ab4.jpg,0,sid_set_real,Real_OpenImages
corpora/sid_set/images/real/95ff9cac37abd304.jpg,0,sid_set_real,Real_OpenImages
corpora/sid_set/images/real/c0a8d7dbece7c123.jpg,0,sid_set_real,Real_OpenImages
corpora/sid_set/images/real/fec47086f2690499.jpg,0,sid_set_real,Real_OpenImages
corpora/sid_set/images/real/a67d90953a0c0bca.jpg,0,sid_set_real,Real_OpenImages
corpora/sid_set/images/real/4af3cb23dec38930.jpg,0,sid_set_real,Real_OpenImages
corpora/sid_set/images/real/8d151844faf9e93a.jpg,0,sid_set_real,Real_OpenImages
corpora/sid_set/images/real/7c3ecdede60435f3.jpg,0,sid_set_real,Real_OpenImages
corpora/sid_set/images/real/c7b49c69724df015.jpg,0,sid_set_real,Real_OpenImages
corpora/sid_set/images/real/0bcf255eadbdfe65.jpg,0,sid_set_real,Real_OpenImages
corpora/sid_set/images/real/5fb6e2a2181c65d6.jpg,0,sid_set_real,Real_OpenImages
corpora/sid_set/images/real/61aac294d7a0e424.jpg,0,sid_set_real,Real_OpenImages
corpora/sid_set/images/real/6e7c8ef68a37e2da.jpg,0,sid_set_real,Real_OpenImages
corpora/sid_set/images/real/58e89ffe08a5767e.jpg,0,sid_set_real,Real_OpenImages
corpora/sid_set/images/real/3a43e48205045cdd.jpg,0,sid_set_real,Real_OpenImages
corpora/sid_set/images/real/78ac61620cab7cb5.jpg,0,sid_set_real,Real_OpenImages
corpora/sid_set/images/real/30529c2b8e716d25.jpg,0,sid_set_real,Real_OpenImages
corpora/sid_set/images/real/77704bc332fb8f6d.jpg,0,sid_set_real,Real_OpenImages
corpora/sid_set/images/real/d5f8bb8da9b8e5e9.jpg,0,sid_set_real,Real_OpenImages
corpora/sid_set/images/real/abe5b04fe8483fbc.jpg,0,sid_set_real,Real_OpenImages
corpora/sid_set/images/real/55c0b36f7d63d7e5.jpg,0,sid_set_real,Real_OpenImages
corpora/sid_set/images/real/3edb6823db4d0cdb.jpg,0,sid_set_real,Real_OpenImages
corpora/sid_set/images/real/10a07dd733daaca6.jpg,0,sid_set_real,Real_OpenImages
corpora/sid_set/images/real/d8a8e4fb9cfc2fe8.jpg,0,sid_set_real,Real_OpenImages
corpora/sid_set/images/real/8daebe5c1b8c9dd2.jpg,0,sid_set_real,Real_OpenImages
corpora/sid_set/images/real/b0307c2827f28f11.jpg,0,sid_set_real,Real_OpenImages
corpora/sid_set/images/real/b35f1271e72cffa3.jpg,0,sid_set_real,Real_OpenImages
corpora/sid_set/images/real/6e267d6241aa4411.jpg,0,sid_set_real,Real_OpenImages
corpora/sid_set/images/real/200561b407403108.jpg,0,sid_set_real,Real_OpenImages
corpora/sid_set/images/real/b5b2e278986e0a0f.jpg,0,sid_set_real,Real_OpenImages
corpora/sid_set/images/real/c9dc371cfc311040.jpg,0,sid_set_real,Real_OpenImages
corpora/sid_set/images/real/f1db86c9cdf9710f.jpg,0,sid_set_real,Real_OpenImages
corpora/sid_set/images/real/d33c0a9c6655a77e.jpg,0,sid_set_real,Real_OpenImages
corpora/sid_set/images/real/934de108f4b3d50d.jpg,0,sid_set_real,Real_OpenImages
corpora/sid_set/images/real/031ea84f7a2ffb81.jpg,0,sid_set_real,Real_OpenImages
corpora/sid_set/images/real/068f8848fc313d1c.jpg,0,sid_set_real,Real_OpenImages
corpora/sid_set/images/real/1960f7d4f6c144fd.jpg,0,sid_set_real,Real_OpenImages
corpora/sid_set/images/real/79f2156d8e55c05b.jpg,0,sid_set_real,Real_OpenImages
corpora/sid_set/images/real/dce767abd71d9ac8.jpg,0,sid_set_real,Real_OpenImages
corpora/sid_set/images/real/5f2198404b63a3e8.jpg,0,sid_set_real,Real_OpenImages
corpora/sid_set/images/real/84463b8e90456546.jpg,0,sid_set_real,Real_OpenImages
corpora/sid_set/images/real/a8ea043f95f98e62.jpg,0,sid_set_real,Real_OpenImages
corpora/sid_set/images/real/9b26094c6be4eb22.jpg,0,sid_set_real,Real_OpenImages
corpora/sid_set/images/real/aaf84e70e1425e18.jpg,0,sid_set_real,Real_OpenImages
corpora/sid_set/images/real/06433d68031b134b.jpg,0,sid_set_real,Real_OpenImages
corpora/sid_set/images/real/b1760018a6f95fd2.jpg,0,sid_set_real,Real_OpenImages
corpora/sid_set/images/real/012c137ae597329e.jpg,0,sid_set_real,Real_OpenImages
corpora/sid_set/images/real/98515879e588486d.jpg,0,sid_set_real,Real_OpenImages
corpora/sid_set/images/real/1ca1389cddaab1b6.jpg,0,sid_set_real,Real_OpenImages
corpora/sid_set/images/real/aa350bcf0f432411.jpg,0,sid_set_real,Real_OpenImages
corpora/sid_set/images/real/89e1aa144b3015f1.jpg,0,sid_set_real,Real_OpenImages
corpora/sid_set/images/real/65b4bd78e5c0e1f8.jpg,0,sid_set_real,Real_OpenImages
corpora/sid_set/images/real/e0eefe5107b649dd.jpg,0,sid_set_real,Real_OpenImages
corpora/sid_set/images/real/3acf8db1c71f32a7.jpg,0,sid_set_real,Real_OpenImages
corpora/sid_set/images/real/4f57ef00809e3534.jpg,0,sid_set_real,Real_OpenImages
corpora/sid_set/images/real/30ff8be759ce8d0e.jpg,0,sid_set_real,Real_OpenImages
corpora/sid_set/images/real/85c8384d786534a2.jpg,0,sid_set_real,Real_OpenImages
corpora/sid_set/images/real/2c3470e05e1d3faf.jpg,0,sid_set_real,Real_OpenImages
corpora/sid_set/images/real/07927471ed180fbc.jpg,0,sid_set_real,Real_OpenImages
corpora/sid_set/images/real/2c9c9687fee79ecd.jpg,0,sid_set_real,Real_OpenImages
corpora/sid_set/images/real/6c03d988d073d6ea.jpg,0,sid_set_real,Real_OpenImages
corpora/sid_set/images/real/bd46da82a34eec7e.jpg,0,sid_set_real,Real_OpenImages
corpora/sid_set/images/real/b950679a9645533d.jpg,0,sid_set_real,Real_OpenImages
corpora/sid_set/images/real/d871fc313a999d86.jpg,0,sid_set_real,Real_OpenImages
corpora/sid_set/images/real/1809498c59b4a52b.jpg,0,sid_set_real,Real_OpenImages
corpora/sid_set/images/real/0457db9b010167c0.jpg,0,sid_set_real,Real_OpenImages
corpora/sid_set/images/real/b1899488d9e47977.jpg,0,sid_set_real,Real_OpenImages
corpora/sid_set/images/real/3247cf7ce75a2587.jpg,0,sid_set_real,Real_OpenImages
corpora/sid_set/images/real/533fe1327dec9737.jpg,0,sid_set_real,Real_OpenImages
corpora/sid_set/images/real/1148194fc8a8331c.jpg,0,sid_set_real,Real_OpenImages
corpora/sid_set/images/real/49c0ed9f768a9a6c.jpg,0,sid_set_real,Real_OpenImages
corpora/sid_set/images/real/796e57d49eb66b5b.jpg,0,sid_set_real,Real_OpenImages
corpora/sid_set/images/real/1e07ebb99d473196.jpg,0,sid_set_real,Real_OpenImages
corpora/sid_set/images/real/726e4623532e3328.jpg,0,sid_set_real,Real_OpenImages
corpora/sid_set/images/real/49fa38586752896d.jpg,0,sid_set_real,Real_OpenImages
corpora/sid_set/images/real/c7eb0265cf5e593c.jpg,0,sid_set_real,Real_OpenImages
corpora/sid_set/images/real/d4d7e9da6cab1ec4.jpg,0,sid_set_real,Real_OpenImages
corpora/sid_set/images/real/9b128bbc11136800.jpg,0,sid_set_real,Real_OpenImages
corpora/sid_set/images/real/bbae3f9b977af5ab.jpg,0,sid_set_real,Real_OpenImages
corpora/sid_set/images/real/5baf216f2e6d7d3c.jpg,0,sid_set_real,Real_OpenImages
corpora/sid_set/images/real/91d4a0c7e9d91f24.jpg,0,sid_set_real,Real_OpenImages
corpora/sid_set/images/real/5994ac0f8d255a30.jpg,0,sid_set_real,Real_OpenImages
corpora/sid_set/images/real/90dddd0536dddcf1.jpg,0,sid_set_real,Real_OpenImages
corpora/sid_set/images/real/6a57bb1dddf5471f.jpg,0,sid_set_real,Real_OpenImages
corpora/sid_set/images/real/d964a44cd286ebba.jpg,0,sid_set_real,Real_OpenImages
corpora/sid_set/images/real/48bc6d39e6587949.jpg,0,sid_set_real,Real_OpenImages
corpora/sid_set/images/real/b0f37e6d69873ab8.jpg,0,sid_set_real,Real_OpenImages
corpora/sid_set/images/real/d387b3e09466cb83.jpg,0,sid_set_real,Real_OpenImages
corpora/sid_set/images/real/efec5019ed62261f.jpg,0,sid_set_real,Real_OpenImages
corpora/sid_set/images/real/6b146699ca90f347.jpg,0,sid_set_real,Real_OpenImages
corpora/sid_set/images/real/f6383422ff7bd7da.jpg,0,sid_set_real,Real_OpenImages
corpora/sid_set/images/real/f26d0c44d3ce1471.jpg,0,sid_set_real,Real_OpenImages
corpora/sid_set/images/real/a74eeca9a3dabb4f.jpg,0,sid_set_real,Real_OpenImages
corpora/sid_set/images/real/9bc92fe825a6e285.jpg,0,sid_set_real,Real_OpenImages
corpora/sid_set/images/real/bcf7a40e577a9714.jpg,0,sid_set_real,Real_OpenImages
corpora/sid_set/images/real/a71ded38d770bd48.jpg,0,sid_set_real,Real_OpenImages
corpora/sid_set/images/real/00e95ac2b01b68bd.jpg,0,sid_set_real,Real_OpenImages
corpora/sid_set/images/real/90df6a4cd9041525.jpg,0,sid_set_real,Real_OpenImages
corpora/sid_set/images/real/63c0ef38fbf8d317.jpg,0,sid_set_real,Real_OpenImages
corpora/sid_set/images/real/289bde9095f096d0.jpg,0,sid_set_real,Real_OpenImages
corpora/sid_set/images/real/b8fe5a6ff6d32821.jpg,0,sid_set_real,Real_OpenImages
corpora/sid_set/images/real/b60b71a9d1c89cfb.jpg,0,sid_set_real,Real_OpenImages
corpora/sid_set/images/real/04a09397d1bc7459.jpg,0,sid_set_real,Real_OpenImages
corpora/sid_set/images/real/cd8559a27a3a7d36.jpg,0,sid_set_real,Real_OpenImages
corpora/sid_set/images/real/0f073817ca337212.jpg,0,sid_set_real,Real_OpenImages
corpora/sid_set/images/real/b63b46c5e0587df9.jpg,0,sid_set_real,Real_OpenImages
corpora/sid_set/images/real/0e30c2208e279482.jpg,0,sid_set_real,Real_OpenImages
corpora/sid_set/images/real/bad8267590d78eef.jpg,0,sid_set_real,Real_OpenImages
corpora/sid_set/images/real/64a9a8a71058e196.jpg,0,sid_set_real,Real_OpenImages
corpora/sid_set/images/real/214af643e72c7814.jpg,0,sid_set_real,Real_OpenImages
corpora/sid_set/images/real/40bd9eb642c98c16.jpg,0,sid_set_real,Real_OpenImages
corpora/sid_set/images/real/f63e5588af578a84.jpg,0,sid_set_real,Real_OpenImages
corpora/sid_set/images/real/746bddfa1b6a2d2f.jpg,0,sid_set_real,Real_OpenImages
corpora/sid_set/images/real/6eaf8cc56d66ed28.jpg,0,sid_set_real,Real_OpenImages
corpora/sid_set/images/real/6c281888705841d8.jpg,0,sid_set_real,Real_OpenImages
corpora/sid_set/images/real/4ddd420508ce076b.jpg,0,sid_set_real,Real_OpenImages
corpora/sid_set/images/real/8de7802674a4e29a.jpg,0,sid_set_real,Real_OpenImages
corpora/sid_set/images/real/da852fc882b2190a.jpg,0,sid_set_real,Real_OpenImages
corpora/sid_set/images/real/7d11cb044071afe1.jpg,0,sid_set_real,Real_OpenImages
corpora/sid_set/images/real/6c7d5b0c6e59d1d3.jpg,0,sid_set_real,Real_OpenImages
corpora/sid_set/images/real/caf7138c16d7014f.jpg,0,sid_set_real,Real_OpenImages
corpora/sid_set/images/real/8be122af6bbda951.jpg,0,sid_set_real,Real_OpenImages
corpora/sid_set/images/real/69eaf673c693aa48.jpg,0,sid_set_real,Real_OpenImages
corpora/sid_set/images/real/f8270746f55a4741.jpg,0,sid_set_real,Real_OpenImages
corpora/sid_set/images/real/64d2914793d37b0f.jpg,0,sid_set_real,Real_OpenImages
corpora/sid_set/images/real/8b5113ad363f5e90.jpg,0,sid_set_real,Real_OpenImages
corpora/sid_set/images/real/6d5e7a8bd65d93f7.jpg,0,sid_set_real,Real_OpenImages
corpora/sid_set/images/real/db425134895f827c.jpg,0,sid_set_real,Real_OpenImages
corpora/sid_set/images/real/d198323a96ad5c3e.jpg,0,sid_set_real,Real_OpenImages
corpora/sid_set/images/real/5693488cd9cdb949.jpg,0,sid_set_real,Real_OpenImages
corpora/sid_set/images/real/203135074964ea76.jpg,0,sid_set_real,Real_OpenImages
corpora/sid_set/images/real/0b212f01231d8814.jpg,0,sid_set_real,Real_OpenImages
corpora/sid_set/images/real/cc6edf7feedbfd70.jpg,0,sid_set_real,Real_OpenImages
corpora/sid_set/images/real/656b5baea89e083d.jpg,0,sid_set_real,Real_OpenImages
corpora/sid_set/images/real/9eaa9aeb310c9b4c.jpg,0,sid_set_real,Real_OpenImages
corpora/sid_set/images/real/ec1c5f09b7aaa72a.jpg,0,sid_set_real,Real_OpenImages
corpora/sid_set/images/real/46cd4ac479329730.jpg,0,sid_set_real,Real_OpenImages
corpora/sid_set/images/real/c7968fdf5e466574.jpg,0,sid_set_real,Real_OpenImages
corpora/sid_set/images/real/15dbe58a5fc86079.jpg,0,sid_set_real,Real_OpenImages
corpora/sid_set/images/real/01319a4c71e952a6.jpg,0,sid_set_real,Real_OpenImages
corpora/sid_set/images/real/7493a22f472ffb1a.jpg,0,sid_set_real,Real_OpenImages
corpora/sid_set/images/real/c2907142ed849483.jpg,0,sid_set_real,Real_OpenImages
corpora/sid_set/images/real/c29ce45925d05087.jpg,0,sid_set_real,Real_OpenImages
corpora/sid_set/images/real/07a64f3c217a6a5d.jpg,0,sid_set_real,Real_OpenImages
corpora/sid_set/images/real/8d0aae560ae5439e.jpg,0,sid_set_real,Real_OpenImages
corpora/sid_set/images/real/ed78d593dbe43cef.jpg,0,sid_set_real,Real_OpenImages
corpora/sid_set/images/real/5e7ed64f9971b5ed.jpg,0,sid_set_real,Real_OpenImages
corpora/sid_set/images/real/3592bf3eba1067da.jpg,0,sid_set_real,Real_OpenImages
corpora/sid_set/images/real/2d5191f99d1700e8.jpg,0,sid_set_real,Real_OpenImages
corpora/sid_set/images/real/06d6c0e7caa54b65.jpg,0,sid_set_real,Real_OpenImages
corpora/sid_set/images/real/3e496983d7526766.jpg,0,sid_set_real,Real_OpenImages
corpora/sid_set/images/real/49c10ce55acd1ad8.jpg,0,sid_set_real,Real_OpenImages
corpora/sid_set/images/real/7773554c8340f220.jpg,0,sid_set_real,Real_OpenImages
corpora/sid_set/images/real/f6bac7aba4b3016b.jpg,0,sid_set_real,Real_OpenImages
corpora/sid_set/images/real/9aad0949d2faaf3b.jpg,0,sid_set_real,Real_OpenImages
corpora/sid_set/images/real/b680eced9edcee52.jpg,0,sid_set_real,Real_OpenImages
corpora/sid_set/images/real/72fb8bd96ca4741e.jpg,0,sid_set_real,Real_OpenImages
corpora/sid_set/images/real/6311703c002ed8b6.jpg,0,sid_set_real,Real_OpenImages
corpora/sid_set/images/real/9d80550d3d81c36a.jpg,0,sid_set_real,Real_OpenImages
corpora/sid_set/images/real/562106459664ce41.jpg,0,sid_set_real,Real_OpenImages
corpora/sid_set/images/real/3adf68ae6e226a74.jpg,0,sid_set_real,Real_OpenImages
corpora/sid_set/images/real/b28a4d0a3e142086.jpg,0,sid_set_real,Real_OpenImages
corpora/sid_set/images/real/0ddc528dc6576bfe.jpg,0,sid_set_real,Real_OpenImages
corpora/sid_set/images/real/518989a1ae9a6748.jpg,0,sid_set_real,Real_OpenImages
corpora/sid_set/images/real/f859f9bb8cafc317.jpg,0,sid_set_real,Real_OpenImages
corpora/sid_set/images/real/47450a46584921e6.jpg,0,sid_set_real,Real_OpenImages
corpora/sid_set/images/real/a7c2ac62105b67bd.jpg,0,sid_set_real,Real_OpenImages
corpora/sid_set/images/real/075150483b97e9e5.jpg,0,sid_set_real,Real_OpenImages
corpora/sid_set/images/real/1a58fd771bf0327b.jpg,0,sid_set_real,Real_OpenImages
corpora/sid_set/images/real/d09f62eafaa4dbd2.jpg,0,sid_set_real,Real_OpenImages
corpora/sid_set/images/real/acc2f3c8c8316478.jpg,0,sid_set_real,Real_OpenImages
corpora/sid_set/images/real/38ec672bc7a5bb3b.jpg,0,sid_set_real,Real_OpenImages
corpora/sid_set/images/real/af47633a0becafac.jpg,0,sid_set_real,Real_OpenImages
corpora/sid_set/images/real/3ff4491f9a9fe864.jpg,0,sid_set_real,Real_OpenImages
corpora/sid_set/images/real/f915559e84de6c94.jpg,0,sid_set_real,Real_OpenImages
corpora/sid_set/images/real/f71341186e7715a9.jpg,0,sid_set_real,Real_OpenImages
corpora/sid_set/images/real/1e090badb23a8965.jpg,0,sid_set_real,Real_OpenImages
corpora/sid_set/images/real/b3cf30afccb27a80.jpg,0,sid_set_real,Real_OpenImages
corpora/sid_set/images/real/5b6c253faefc8437.jpg,0,sid_set_real,Real_OpenImages
corpora/sid_set/images/real/04fa4cef4324e44e.jpg,0,sid_set_real,Real_OpenImages
corpora/sid_set/images/real/f1735c03e40ee5c0.jpg,0,sid_set_real,Real_OpenImages
corpora/sid_set/images/real/6b294b1a8ae983f2.jpg,0,sid_set_real,Real_OpenImages
corpora/sid_set/images/real/6d6e3fe7db0e5ccf.jpg,0,sid_set_real,Real_OpenImages
corpora/sid_set/images/real/41cbe88bd8156ba8.jpg,0,sid_set_real,Real_OpenImages
corpora/sid_set/images/real/7ebcade632af2e60.jpg,0,sid_set_real,Real_OpenImages
corpora/sid_set/images/real/6a54820467a965a0.jpg,0,sid_set_real,Real_OpenImages
corpora/sid_set/images/real/9c597f93cb4e2ca8.jpg,0,sid_set_real,Real_OpenImages
corpora/sid_set/images/real/4edbefd3bc6f79ab.jpg,0,sid_set_real,Real_OpenImages
corpora/sid_set/images/real/bbcfdbc8854a6511.jpg,0,sid_set_real,Real_OpenImages
corpora/sid_set/images/real/ab4fe4a48a3b0673.jpg,0,sid_set_real,Real_OpenImages
corpora/sid_set/images/real/31fef2325edff37f.jpg,0,sid_set_real,Real_OpenImages
corpora/sid_set/images/real/c4a89092fa0fc4df.jpg,0,sid_set_real,Real_OpenImages
corpora/sid_set/images/real/910f33c8ecaa68be.jpg,0,sid_set_real,Real_OpenImages
corpora/sid_set/images/real/d529b3e6306d841d.jpg,0,sid_set_real,Real_OpenImages
corpora/sid_set/images/real/97c735f24d1822c4.jpg,0,sid_set_real,Real_OpenImages
corpora/sid_set/images/real/201fd336b2abfcce.jpg,0,sid_set_real,Real_OpenImages
corpora/sid_set/images/real/175b4657ff9d9c38.jpg,0,sid_set_real,Real_OpenImages
corpora/sid_set/images/real/11a1debe76d82955.jpg,0,sid_set_real,Real_OpenImages
corpora/sid_set/images/real/e6660bf79bb76fb7.jpg,0,sid_set_real,Real_OpenImages
corpora/sid_set/images/real/30571f3a032b1e50.jpg,0,sid_set_real,Real_OpenImages
corpora/sid_set/images/real/278d6a12990c5dbe.jpg,0,sid_set_real,Real_OpenImages
corpora/sid_set/images/real/8188c09e4803f871.jpg,0,sid_set_real,Real_OpenImages
corpora/sid_set/images/real/1c442b1407195461.jpg,0,sid_set_real,Real_OpenImages
corpora/sid_set/images/real/52ca3a4871fb1585.jpg,0,sid_set_real,Real_OpenImages
corpora/sid_set/images/real/01ea859fc00fd3e7.jpg,0,sid_set_real,Real_OpenImages
corpora/sid_set/images/real/ec071a3c28d4398e.jpg,0,sid_set_real,Real_OpenImages
corpora/sid_set/images/real/3396296c4044cc2e.jpg,0,sid_set_real,Real_OpenImages
corpora/sid_set/images/real/aabaa0908f3be41b.jpg,0,sid_set_real,Real_OpenImages
corpora/sid_set/images/real/b5906bc980a32332.jpg,0,sid_set_real,Real_OpenImages
corpora/sid_set/images/real/21d4e927419c4b59.jpg,0,sid_set_real,Real_OpenImages
corpora/sid_set/images/real/6390d7d2baeeab25.jpg,0,sid_set_real,Real_OpenImages
corpora/sid_set/images/real/4838520e74c1d0af.jpg,0,sid_set_real,Real_OpenImages
corpora/sid_set/images/real/55b2a81c1b77805b.jpg,0,sid_set_real,Real_OpenImages
corpora/sid_set/images/real/3b57b6ff450a0538.jpg,0,sid_set_real,Real_OpenImages
corpora/sid_set/images/real/1232d33ab4cfd19f.jpg,0,sid_set_real,Real_OpenImages
corpora/sid_set/images/real/b6a48cfe117042f2.jpg,0,sid_set_real,Real_OpenImages
corpora/sid_set/images/real/173b49f12ef8a55e.jpg,0,sid_set_real,Real_OpenImages
corpora/sid_set/images/real/85dda4fa856784ca.jpg,0,sid_set_real,Real_OpenImages
corpora/sid_set/images/real/db617794654f570f.jpg,0,sid_set_real,Real_OpenImages
corpora/sid_set/images/real/092919952b5cee75.jpg,0,sid_set_real,Real_OpenImages
corpora/sid_set/images/real/dee392cfaab7be94.jpg,0,sid_set_real,Real_OpenImages
corpora/sid_set/images/real/22de2a79b1263ff5.jpg,0,sid_set_real,Real_OpenImages
corpora/sid_set/images/real/b919ad89e2bb955c.jpg,0,sid_set_real,Real_OpenImages
corpora/sid_set/images/real/0025f55cd14a317f.jpg,0,sid_set_real,Real_OpenImages
corpora/sid_set/images/real/722b4becfbee56ea.jpg,0,sid_set_real,Real_OpenImages
corpora/sid_set/images/real/866eab99326d2b2f.jpg,0,sid_set_real,Real_OpenImages
corpora/sid_set/images/real/5cf1239906044308.jpg,0,sid_set_real,Real_OpenImages
corpora/sid_set/images/real/d8d3af364c89376b.jpg,0,sid_set_real,Real_OpenImages
corpora/sid_set/images/real/750706bcce41e09c.jpg,0,sid_set_real,Real_OpenImages
corpora/sid_set/images/real/4c29d0cef1dbafcf.jpg,0,sid_set_real,Real_OpenImages
corpora/sid_set/images/real/0be4b3b12d2ad5be.jpg,0,sid_set_real,Real_OpenImages
corpora/sid_set/images/real/27b4e99bc7f456d2.jpg,0,sid_set_real,Real_OpenImages
corpora/sid_set/images/real/e1517f56a7752e65.jpg,0,sid_set_real,Real_OpenImages
corpora/sid_set/images/real/1dfe3b0d01480596.jpg,0,sid_set_real,Real_OpenImages
corpora/sid_set/images/real/7bd909d5a09d56f1.jpg,0,sid_set_real,Real_OpenImages
corpora/sid_set/images/real/91f7f54bbfee37f7.jpg,0,sid_set_real,Real_OpenImages
corpora/sid_set/images/real/2e377276296e29c6.jpg,0,sid_set_real,Real_OpenImages
corpora/sid_set/images/real/1d35fa6c00d89a7a.jpg,0,sid_set_real,Real_OpenImages
corpora/sid_set/images/real/6c1d2857cbd0d6d1.jpg,0,sid_set_real,Real_OpenImages
corpora/sid_set/images/real/decec0fe82ca68ac.jpg,0,sid_set_real,Real_OpenImages
corpora/sid_set/images/real/6f4a1b8683aa1996.jpg,0,sid_set_real,Real_OpenImages
corpora/sid_set/images/real/ad11947e0ea048b9.jpg,0,sid_set_real,Real_OpenImages
corpora/sid_set/images/real/7753ca0ed2628b43.jpg,0,sid_set_real,Real_OpenImages
corpora/sid_set/images/real/35a7c50d3df26114.jpg,0,sid_set_real,Real_OpenImages
corpora/sid_set/images/real/5dd926d7a164ef80.jpg,0,sid_set_real,Real_OpenImages
corpora/sid_set/images/real/845655880b81fa6e.jpg,0,sid_set_real,Real_OpenImages
corpora/sid_set/images/real/2d7863eb985ca795.jpg,0,sid_set_real,Real_OpenImages
corpora/sid_set/images/real/b561a892402381d4.jpg,0,sid_set_real,Real_OpenImages
corpora/sid_set/images/real/c235745853f6df94.jpg,0,sid_set_real,Real_OpenImages
corpora/sid_set/images/real/4bf94ba3d5867cea.jpg,0,sid_set_real,Real_OpenImages
corpora/sid_set/images/real/6d3f49acf856b18b.jpg,0,sid_set_real,Real_OpenImages
corpora/sid_set/images/real/045699b222cae844.jpg,0,sid_set_real,Real_OpenImages
corpora/sid_set/images/real/8d0f33327ca01cb0.jpg,0,sid_set_real,Real_OpenImages
corpora/sid_set/images/real/e38b71b539613307.jpg,0,sid_set_real,Real_OpenImages
corpora/sid_set/images/real/32e23095c3fa5266.jpg,0,sid_set_real,Real_OpenImages
corpora/sid_set/images/real/5d23dead190893e1.jpg,0,sid_set_real,Real_OpenImages
corpora/sid_set/images/real/f2980047b2fad83c.jpg,0,sid_set_real,Real_OpenImages
corpora/sid_set/images/real/44383fd40db5bb88.jpg,0,sid_set_real,Real_OpenImages
corpora/sid_set/images/real/8ed8f60e6c44b47a.jpg,0,sid_set_real,Real_OpenImages
corpora/sid_set/images/real/61ed518804e7424c.jpg,0,sid_set_real,Real_OpenImages
corpora/sid_set/images/real/a78cabf1074dbd5d.jpg,0,sid_set_real,Real_OpenImages
corpora/sid_set/images/real/685c6f80cb1858fe.jpg,0,sid_set_real,Real_OpenImages
corpora/sid_set/images/real/69004de5d643771b.jpg,0,sid_set_real,Real_OpenImages
corpora/sid_set/images/real/aa80c9a50c90338b.jpg,0,sid_set_real,Real_OpenImages
corpora/sid_set/images/real/0002af997ecdfcf4.jpg,0,sid_set_real,Real_OpenImages
corpora/sid_set/images/real/c7cb21a57c92e7be.jpg,0,sid_set_real,Real_OpenImages
corpora/sid_set/images/real/ac3c5e4d42490ebc.jpg,0,sid_set_real,Real_OpenImages
corpora/sid_set/images/real/dccce01556a318d0.jpg,0,sid_set_real,Real_OpenImages
corpora/sid_set/images/real/3059b3cc8f9f5bf0.jpg,0,sid_set_real,Real_OpenImages
corpora/sid_set/images/real/9b676e39b8ad03a6.jpg,0,sid_set_real,Real_OpenImages
corpora/sid_set/images/real/e6d5fa869fa3fbdb.jpg,0,sid_set_real,Real_OpenImages
corpora/sid_set/images/real/669b5b94c1b6bb0e.jpg,0,sid_set_real,Real_OpenImages
corpora/sid_set/images/real/c0ab852f24c4a1b8.jpg,0,sid_set_real,Real_OpenImages
corpora/sid_set/images/real/edeec151e833919e.jpg,0,sid_set_real,Real_OpenImages
corpora/sid_set/images/real/55df57775f4260cb.jpg,0,sid_set_real,Real_OpenImages
corpora/sid_set/images/real/a0ff5c98a89731fc.jpg,0,sid_set_real,Real_OpenImages
corpora/sid_set/images/real/5355bb6ed63c3413.jpg,0,sid_set_real,Real_OpenImages
corpora/sid_set/images/real/d9552fe247f5c934.jpg,0,sid_set_real,Real_OpenImages
corpora/sid_set/images/real/e86c4ea8a058dfc3.jpg,0,sid_set_real,Real_OpenImages
corpora/sid_set/images/real/01cd5f2b8663d152.jpg,0,sid_set_real,Real_OpenImages
corpora/sid_set/images/real/91fddff72e4dd09f.jpg,0,sid_set_real,Real_OpenImages
corpora/sid_set/images/real/47c5e47dadca666b.jpg,0,sid_set_real,Real_OpenImages
corpora/sid_set/images/real/b8c0bdc7848d2bd4.jpg,0,sid_set_real,Real_OpenImages
corpora/sid_set/images/real/75d3ba949002a71f.jpg,0,sid_set_real,Real_OpenImages
corpora/sid_set/images/real/66c4ff817c9801cb.jpg,0,sid_set_real,Real_OpenImages
corpora/sid_set/images/real/47b2b0005dbabcbe.jpg,0,sid_set_real,Real_OpenImages
corpora/sid_set/images/real/00a20986a3abbd4c.jpg,0,sid_set_real,Real_OpenImages
corpora/sid_set/images/real/318500cb5801f69f.jpg,0,sid_set_real,Real_OpenImages
corpora/sid_set/images/real/aada107f62a8e618.jpg,0,sid_set_real,Real_OpenImages
corpora/sid_set/images/real/bfca4cba6727fd3e.jpg,0,sid_set_real,Real_OpenImages
corpora/sid_set/images/real/e92121aad88c24e6.jpg,0,sid_set_real,Real_OpenImages
corpora/sid_set/images/real/827a4ff0a3cee709.jpg,0,sid_set_real,Real_OpenImages
corpora/sid_set/images/real/41c86261b5e77ce9.jpg,0,sid_set_real,Real_OpenImages
corpora/sid_set/images/real/d44193fedb5dcdf8.jpg,0,sid_set_real,Real_OpenImages
corpora/sid_set/images/real/2f60d459565fc8a8.jpg,0,sid_set_real,Real_OpenImages
corpora/sid_set/images/real/1ea4f37df1fec981.jpg,0,sid_set_real,Real_OpenImages
corpora/sid_set/images/real/79f1e20065169040.jpg,0,sid_set_real,Real_OpenImages
corpora/sid_set/images/real/9e0b3b5599acd697.jpg,0,sid_set_real,Real_OpenImages
corpora/sid_set/images/real/43f0f3836fee5b97.jpg,0,sid_set_real,Real_OpenImages
corpora/sid_set/images/real/54aa8fef5640d1a5.jpg,0,sid_set_real,Real_OpenImages
corpora/sid_set/images/real/70ba6e74cff0aef5.jpg,0,sid_set_real,Real_OpenImages
corpora/sid_set/images/real/10c3d6758f96f09c.jpg,0,sid_set_real,Real_OpenImages
corpora/sid_set/images/real/5490c9f9a09ffa65.jpg,0,sid_set_real,Real_OpenImages
corpora/sid_set/images/real/26a743ca686fb20e.jpg,0,sid_set_real,Real_OpenImages
corpora/sid_set/images/real/8e7db67fd7c82cc1.jpg,0,sid_set_real,Real_OpenImages
corpora/sid_set/images/real/b09864fb311a60eb.jpg,0,sid_set_real,Real_OpenImages
corpora/sid_set/images/real/92066b5d6da9fb47.jpg,0,sid_set_real,Real_OpenImages
corpora/sid_set/images/real/b23f7d3a0525b57a.jpg,0,sid_set_real,Real_OpenImages
corpora/sid_set/images/real/a9bd7e2468a796f9.jpg,0,sid_set_real,Real_OpenImages
corpora/sid_set/images/real/c03e51dd1dc38289.jpg,0,sid_set_real,Real_OpenImages
corpora/sid_set/images/real/2067e005fa8bc4a5.jpg,0,sid_set_real,Real_OpenImages
corpora/sid_set/images/real/f2aa3bc8f38f06c0.jpg,0,sid_set_real,Real_OpenImages
corpora/sid_set/images/real/dac8ac5ad2bca314.jpg,0,sid_set_real,Real_OpenImages
corpora/sid_set/images/real/7e71cc4f40d96935.jpg,0,sid_set_real,Real_OpenImages
corpora/sid_set/images/real/085103532bf4f342.jpg,0,sid_set_real,Real_OpenImages
corpora/sid_set/images/real/1434c8180787d0c7.jpg,0,sid_set_real,Real_OpenImages
corpora/sid_set/images/real/873473beabe1279d.jpg,0,sid_set_real,Real_OpenImages
corpora/sid_set/images/real/99e0d2175c5e8606.jpg,0,sid_set_real,Real_OpenImages
corpora/sid_set/images/real/039fc4c212aae2bf.jpg,0,sid_set_real,Real_OpenImages
corpora/sid_set/images/real/bd2b5b56537d9132.jpg,0,sid_set_real,Real_OpenImages
corpora/sid_set/images/real/183ba5e0d1d44549.jpg,0,sid_set_real,Real_OpenImages
corpora/sid_set/images/real/d77ed3683dde91af.jpg,0,sid_set_real,Real_OpenImages
corpora/sid_set/images/real/d6fba8bdcb42b37d.jpg,0,sid_set_real,Real_OpenImages
corpora/sid_set/images/real/c1776bbf7e2197ce.jpg,0,sid_set_real,Real_OpenImages
corpora/sid_set/images/real/9b7036d62a4ba7b5.jpg,0,sid_set_real,Real_OpenImages
corpora/sid_set/images/real/2aa0c514f81b1cb8.jpg,0,sid_set_real,Real_OpenImages
corpora/sid_set/images/real/066229be9130bb03.jpg,0,sid_set_real,Real_OpenImages
corpora/sid_set/images/real/d37f7280c9032724.jpg,0,sid_set_real,Real_OpenImages
corpora/sid_set/images/real/6aaea3ee5b0c2f02.jpg,0,sid_set_real,Real_OpenImages
corpora/sid_set/images/real/28dc0e022b765ae9.jpg,0,sid_set_real,Real_OpenImages
corpora/sid_set/images/real/ded2da2d252ba3e3.jpg,0,sid_set_real,Real_OpenImages
corpora/sid_set/images/real/60b6c907a81cc91d.jpg,0,sid_set_real,Real_OpenImages
corpora/sid_set/images/real/d7be3d0c45c98757.jpg,0,sid_set_real,Real_OpenImages
corpora/sid_set/images/real/170651fb47d9f090.jpg,0,sid_set_real,Real_OpenImages
corpora/sid_set/images/real/94696d4af7adb7ee.jpg,0,sid_set_real,Real_OpenImages
corpora/sid_set/images/real/f991c555003e6105.jpg,0,sid_set_real,Real_OpenImages
corpora/sid_set/images/real/b6ffd0ba216f4ec1.jpg,0,sid_set_real,Real_OpenImages
corpora/sid_set/images/real/66f34cdf8726e52a.jpg,0,sid_set_real,Real_OpenImages
corpora/sid_set/images/real/994bcaf628846785.jpg,0,sid_set_real,Real_OpenImages
corpora/sid_set/images/real/293e3b4be1e06887.jpg,0,sid_set_real,Real_OpenImages
corpora/sid_set/images/real/00f7c842aed37e79.jpg,0,sid_set_real,Real_OpenImages
corpora/sid_set/images/real/de31c7481c54f4e2.jpg,0,sid_set_real,Real_OpenImages
corpora/sid_set/images/real/bff6ee72a287b736.jpg,0,sid_set_real,Real_OpenImages
corpora/sid_set/images/real/90acfcff50a54cd6.jpg,0,sid_set_real,Real_OpenImages
corpora/sid_set/images/real/3681a41969165cbd.jpg,0,sid_set_real,Real_OpenImages
corpora/sid_set/images/real/7f1ff21283d5e077.jpg,0,sid_set_real,Real_OpenImages
corpora/sid_set/images/real/2ebd0d24d03088a6.jpg,0,sid_set_real,Real_OpenImages
corpora/sid_set/images/real/7f14c9f7a075d322.jpg,0,sid_set_real,Real_OpenImages
corpora/sid_set/images/real/6d9951ce1b9bd1b3.jpg,0,sid_set_real,Real_OpenImages
corpora/sid_set/images/real/cf4f47e4210d88b6.jpg,0,sid_set_real,Real_OpenImages
corpora/sid_set/images/real/5ad8878587469717.jpg,0,sid_set_real,Real_OpenImages
corpora/sid_set/images/real/8dc3cc321dea8a43.jpg,0,sid_set_real,Real_OpenImages
corpora/sid_set/images/real/a4b511ea0dff5ab7.jpg,0,sid_set_real,Real_OpenImages
corpora/sid_set/images/real/b430a110c6c5a435.jpg,0,sid_set_real,Real_OpenImages
corpora/sid_set/images/real/f9049470b400a14f.jpg,0,sid_set_real,Real_OpenImages
corpora/sid_set/images/real/60be24c584d04165.jpg,0,sid_set_real,Real_OpenImages
corpora/sid_set/images/real/18226f02a235542f.jpg,0,sid_set_real,Real_OpenImages
corpora/sid_set/images/real/40769bb9ce21ba58.jpg,0,sid_set_real,Real_OpenImages
corpora/sid_set/images/real/98a9828727aaac80.jpg,0,sid_set_real,Real_OpenImages
corpora/sid_set/images/real/2ffdc27ac8ba929d.jpg,0,sid_set_real,Real_OpenImages
corpora/sid_set/images/real/fa0f0d07c4e8ab0c.jpg,0,sid_set_real,Real_OpenImages
corpora/sid_set/images/real/5f570db3d7ffdb93.jpg,0,sid_set_real,Real_OpenImages
corpora/sid_set/images/real/b60be2774712eae3.jpg,0,sid_set_real,Real_OpenImages
corpora/sid_set/images/real/54641f83273599ea.jpg,0,sid_set_real,Real_OpenImages
corpora/sid_set/images/real/d83376a838b81f47.jpg,0,sid_set_real,Real_OpenImages
corpora/sid_set/images/real/e10822a5ace5a937.jpg,0,sid_set_real,Real_OpenImages
corpora/sid_set/images/real/2a4d5d0f4cf49c54.jpg,0,sid_set_real,Real_OpenImages
corpora/sid_set/images/real/647e0bfcef93d806.jpg,0,sid_set_real,Real_OpenImages
corpora/sid_set/images/real/ae3a83ddabdacfff.jpg,0,sid_set_real,Real_OpenImages
corpora/sid_set/images/real/50ed147f9d704449.jpg,0,sid_set_real,Real_OpenImages
corpora/sid_set/images/real/19b1e9ca95149143.jpg,0,sid_set_real,Real_OpenImages
corpora/sid_set/images/real/138a31fa5b788048.jpg,0,sid_set_real,Real_OpenImages
corpora/sid_set/images/real/4bbabd146776c1a3.jpg,0,sid_set_real,Real_OpenImages
corpora/sid_set/images/real/cdb759534e553a48.jpg,0,sid_set_real,Real_OpenImages
corpora/sid_set/images/real/4c646d51fe453317.jpg,0,sid_set_real,Real_OpenImages
corpora/sid_set/images/real/f8feeb51bb3798b6.jpg,0,sid_set_real,Real_OpenImages
corpora/sid_set/images/real/f9c348bdc7d4adad.jpg,0,sid_set_real,Real_OpenImages
corpora/sid_set/images/real/da22715d9c51a24b.jpg,0,sid_set_real,Real_OpenImages
corpora/sid_set/images/real/cc6bb4d21fd0a6af.jpg,0,sid_set_real,Real_OpenImages
corpora/sid_set/images/real/0753a0db10bd2852.jpg,0,sid_set_real,Real_OpenImages
corpora/sid_set/images/real/bab3f32dd2fea0a4.jpg,0,sid_set_real,Real_OpenImages
corpora/sid_set/images/real/748bb5a3e2d2f320.jpg,0,sid_set_real,Real_OpenImages
corpora/sid_set/images/real/2126d4dcd99949ec.jpg,0,sid_set_real,Real_OpenImages
corpora/sid_set/images/real/c2725445489ce90a.jpg,0,sid_set_real,Real_OpenImages
corpora/sid_set/images/real/7fd33ed26534d945.jpg,0,sid_set_real,Real_OpenImages
corpora/sid_set/images/real/2a0abd3ae25d6a6b.jpg,0,sid_set_real,Real_OpenImages
corpora/sid_set/images/real/ad7077bef8e08cb7.jpg,0,sid_set_real,Real_OpenImages
corpora/sid_set/images/real/8641e6dd161557dd.jpg,0,sid_set_real,Real_OpenImages
corpora/sid_set/images/real/54c7aefb9f9cce1b.jpg,0,sid_set_real,Real_OpenImages
corpora/sid_set/images/real/c53154bf941dbd38.jpg,0,sid_set_real,Real_OpenImages
corpora/sid_set/images/real/ef4bb0751cb62cf0.jpg,0,sid_set_real,Real_OpenImages
corpora/sid_set/images/real/a412d315983b46ed.jpg,0,sid_set_real,Real_OpenImages
corpora/sid_set/images/real/a1f9d49b24deea7f.jpg,0,sid_set_real,Real_OpenImages
corpora/sid_set/images/real/dcbace719296d595.jpg,0,sid_set_real,Real_OpenImages
corpora/sid_set/images/real/b3c75adbe8d3c948.jpg,0,sid_set_real,Real_OpenImages
corpora/sid_set/images/real/6cf0d0b4217069bb.jpg,0,sid_set_real,Real_OpenImages
corpora/sid_set/images/real/076cd2ffd07f139c.jpg,0,sid_set_real,Real_OpenImages
corpora/sid_set/images/real/3f351b186ed2da20.jpg,0,sid_set_real,Real_OpenImages
corpora/sid_set/images/real/130927bc28a7c6a4.jpg,0,sid_set_real,Real_OpenImages
corpora/sid_set/images/real/21379d15d57591a4.jpg,0,sid_set_real,Real_OpenImages
corpora/sid_set/images/real/9b582f203f590949.jpg,0,sid_set_real,Real_OpenImages
corpora/sid_set/images/real/aa1d3e23aa00fc68.jpg,0,sid_set_real,Real_OpenImages
corpora/sid_set/images/real/3fb4e92fd323a7e0.jpg,0,sid_set_real,Real_OpenImages
corpora/sid_set/images/real/4e577f086977e58e.jpg,0,sid_set_real,Real_OpenImages
corpora/sid_set/images/real/06cd325a6b6faa08.jpg,0,sid_set_real,Real_OpenImages
corpora/sid_set/images/real/1af719ca7dc88e51.jpg,0,sid_set_real,Real_OpenImages
corpora/sid_set/images/real/e2717b6100cf2cba.jpg,0,sid_set_real,Real_OpenImages
corpora/sid_set/images/real/40a45862edc2ae97.jpg,0,sid_set_real,Real_OpenImages
corpora/sid_set/images/real/1ff6c484a79f984a.jpg,0,sid_set_real,Real_OpenImages
corpora/sid_set/images/real/01f244145a5b4f00.jpg,0,sid_set_real,Real_OpenImages
corpora/sid_set/images/real/247037a0023bebd9.jpg,0,sid_set_real,Real_OpenImages
corpora/sid_set/images/real/2a638f50cd4b17da.jpg,0,sid_set_real,Real_OpenImages
corpora/sid_set/images/real/3987518f31ac1b5c.jpg,0,sid_set_real,Real_OpenImages
corpora/sid_set/images/real/298c1b060f6898d7.jpg,0,sid_set_real,Real_OpenImages
corpora/sid_set/images/real/968a1989ef6f994e.jpg,0,sid_set_real,Real_OpenImages
corpora/sid_set/images/real/4267489181306850.jpg,0,sid_set_real,Real_OpenImages
corpora/sid_set/images/real/2f490dcba9f6e44e.jpg,0,sid_set_real,Real_OpenImages
corpora/sid_set/images/real/fbea358ff9274cbf.jpg,0,sid_set_real,Real_OpenImages
corpora/sid_set/images/real/adc39194d0668da7.jpg,0,sid_set_real,Real_OpenImages
corpora/sid_set/images/real/cee8c21108f024b8.jpg,0,sid_set_real,Real_OpenImages
corpora/sid_set/images/real/bd4380f8f08c40e6.jpg,0,sid_set_real,Real_OpenImages
corpora/sid_set/images/real/9e036bff24f8ca15.jpg,0,sid_set_real,Real_OpenImages
corpora/sid_set/images/real/b486c95c3c6e7cc1.jpg,0,sid_set_real,Real_OpenImages
corpora/sid_set/images/real/1706c70c0576fc2f.jpg,0,sid_set_real,Real_OpenImages
corpora/sid_set/images/real/3f668f838d152aad.jpg,0,sid_set_real,Real_OpenImages
corpora/sid_set/images/real/87ecc19b11a83b0c.jpg,0,sid_set_real,Real_OpenImages
corpora/sid_set/images/real/68286079deb5305e.jpg,0,sid_set_real,Real_OpenImages
corpora/sid_set/images/real/59e3a5366d25dada.jpg,0,sid_set_real,Real_OpenImages
corpora/sid_set/images/real/05a68b41e87e90fc.jpg,0,sid_set_real,Real_OpenImages
corpora/sid_set/images/real/ee421d9040dea031.jpg,0,sid_set_real,Real_OpenImages
corpora/sid_set/images/real/78a8cfa6c2a99973.jpg,0,sid_set_real,Real_OpenImages
corpora/sid_set/images/real/6a385c81e252a0cb.jpg,0,sid_set_real,Real_OpenImages
corpora/sid_set/images/real/ebb02bca704c06c9.jpg,0,sid_set_real,Real_OpenImages
corpora/sid_set/images/real/6bdbdb1681dcb465.jpg,0,sid_set_real,Real_OpenImages
corpora/sid_set/images/real/f09bbceece7be738.jpg,0,sid_set_real,Real_OpenImages
corpora/sid_set/images/real/475c2e8f9eaef607.jpg,0,sid_set_real,Real_OpenImages
corpora/sid_set/images/real/41409c66ba6acc74.jpg,0,sid_set_real,Real_OpenImages
corpora/sid_set/images/real/18bc5848f0700935.jpg,0,sid_set_real,Real_OpenImages
corpora/sid_set/images/real/bec5525b110a981e.jpg,0,sid_set_real,Real_OpenImages
corpora/sid_set/images/real/b7ccd88dc0725eb3.jpg,0,sid_set_real,Real_OpenImages
corpora/sid_set/images/real/2e3e0dc3f93bb1d2.jpg,0,sid_set_real,Real_OpenImages
corpora/sid_set/images/real/9c5cce1c8256de81.jpg,0,sid_set_real,Real_OpenImages
corpora/sid_set/images/real/3f215a6d7940717c.jpg,0,sid_set_real,Real_OpenImages
corpora/sid_set/images/real/40be2616efe07244.jpg,0,sid_set_real,Real_OpenImages
corpora/sid_set/images/real/dbfc7be1dd67bf5d.jpg,0,sid_set_real,Real_OpenImages
corpora/sid_set/images/real/abd7db459393a524.jpg,0,sid_set_real,Real_OpenImages
corpora/sid_set/images/real/38853cda36ea778a.jpg,0,sid_set_real,Real_OpenImages
corpora/sid_set/images/real/dfc5c80d9a04bd35.jpg,0,sid_set_real,Real_OpenImages
corpora/sid_set/images/real/8bf58e112e729e94.jpg,0,sid_set_real,Real_OpenImages
corpora/sid_set/images/real/4024aa4c83fa68c1.jpg,0,sid_set_real,Real_OpenImages
corpora/sid_set/images/real/a93557a328b9efce.jpg,0,sid_set_real,Real_OpenImages
corpora/sid_set/images/real/0046c554d88fd64c.jpg,0,sid_set_real,Real_OpenImages
corpora/sid_set/images/real/38877796dfa742ce.jpg,0,sid_set_real,Real_OpenImages
corpora/sid_set/images/real/e9d1685ef199c6b6.jpg,0,sid_set_real,Real_OpenImages
corpora/sid_set/images/real/c408f8c3f55aa5a2.jpg,0,sid_set_real,Real_OpenImages
corpora/sid_set/images/real/01a916bfaa3a7427.jpg,0,sid_set_real,Real_OpenImages
corpora/sid_set/images/real/30e167061b6dd834.jpg,0,sid_set_real,Real_OpenImages
corpora/sid_set/images/real/57af318e4c423065.jpg,0,sid_set_real,Real_OpenImages
corpora/sid_set/images/real/2329b3991f1ae401.jpg,0,sid_set_real,Real_OpenImages
corpora/sid_set/images/real/c9ff41b55d98bf7c.jpg,0,sid_set_real,Real_OpenImages
corpora/sid_set/images/real/1abcdfbac9a6e229.jpg,0,sid_set_real,Real_OpenImages
corpora/sid_set/images/real/3b127697f105b565.jpg,0,sid_set_real,Real_OpenImages
corpora/sid_set/images/real/8adb7b50ef73bbce.jpg,0,sid_set_real,Real_OpenImages
corpora/sid_set/images/real/e9c4215a9cb279e4.jpg,0,sid_set_real,Real_OpenImages
corpora/sid_set/images/real/a1ac694f4fe5f41a.jpg,0,sid_set_real,Real_OpenImages
corpora/sid_set/images/real/0c3bf807bf45ed75.jpg,0,sid_set_real,Real_OpenImages
corpora/sid_set/images/real/582b56a498e96397.jpg,0,sid_set_real,Real_OpenImages
corpora/sid_set/images/real/07b204736134802e.jpg,0,sid_set_real,Real_OpenImages
corpora/sid_set/images/real/fed074b88a4f957a.jpg,0,sid_set_real,Real_OpenImages
corpora/sid_set/images/real/d200a7a7e94df3eb.jpg,0,sid_set_real,Real_OpenImages
corpora/sid_set/images/real/794ac847ba447f42.jpg,0,sid_set_real,Real_OpenImages
corpora/sid_set/images/real/a40f66a675305c53.jpg,0,sid_set_real,Real_OpenImages
corpora/sid_set/images/real/16447defbaafc3c6.jpg,0,sid_set_real,Real_OpenImages
corpora/sid_set/images/real/64015c2c6a316bbc.jpg,0,sid_set_real,Real_OpenImages
corpora/sid_set/images/real/d39f0d9afa9616a0.jpg,0,sid_set_real,Real_OpenImages
corpora/sid_set/images/real/e261b20a6c8fc999.jpg,0,sid_set_real,Real_OpenImages
corpora/sid_set/images/real/aa9505f57de629d7.jpg,0,sid_set_real,Real_OpenImages
corpora/sid_set/images/real/fbaf811689a97501.jpg,0,sid_set_real,Real_OpenImages
corpora/sid_set/images/real/82c6313aa0ae4b12.jpg,0,sid_set_real,Real_OpenImages
corpora/sid_set/images/real/72cffc5264f13ca8.jpg,0,sid_set_real,Real_OpenImages
corpora/sid_set/images/real/07055074225764fa.jpg,0,sid_set_real,Real_OpenImages
corpora/sid_set/images/real/07293cdeec0801ef.jpg,0,sid_set_real,Real_OpenImages
corpora/sid_set/images/real/72dd78ae69360de2.jpg,0,sid_set_real,Real_OpenImages
corpora/sid_set/images/real/7d6cf33c427eb3f9.jpg,0,sid_set_real,Real_OpenImages
corpora/sid_set/images/real/1da6866117dd7fcd.jpg,0,sid_set_real,Real_OpenImages
corpora/sid_set/images/real/4191fdefcebeff27.jpg,0,sid_set_real,Real_OpenImages
corpora/sid_set/images/real/a284db745f20315f.jpg,0,sid_set_real,Real_OpenImages
corpora/sid_set/images/real/2f33d9b7c7a94467.jpg,0,sid_set_real,Real_OpenImages
corpora/sid_set/images/real/cf0021ed923f47e0.jpg,0,sid_set_real,Real_OpenImages
corpora/sid_set/images/real/fc211f0460303483.jpg,0,sid_set_real,Real_OpenImages
corpora/sid_set/images/real/c11e4deaf9d83a5e.jpg,0,sid_set_real,Real_OpenImages
corpora/sid_set/images/real/9143f99abc4c312f.jpg,0,sid_set_real,Real_OpenImages
corpora/sid_set/images/real/6a8ea717fdada23c.jpg,0,sid_set_real,Real_OpenImages
corpora/sid_set/images/real/4002b42bf4f98f11.jpg,0,sid_set_real,Real_OpenImages
corpora/sid_set/images/real/a9ece428a21cfa65.jpg,0,sid_set_real,Real_OpenImages
corpora/sid_set/images/real/1a584cca5272b23c.jpg,0,sid_set_real,Real_OpenImages
corpora/sid_set/images/real/541b67d92c1d7088.jpg,0,sid_set_real,Real_OpenImages
corpora/sid_set/images/real/fd4ffdefe678cede.jpg,0,sid_set_real,Real_OpenImages
corpora/sid_set/images/real/eded9da81ae427c3.jpg,0,sid_set_real,Real_OpenImages
corpora/sid_set/images/real/d34ad79fc1c51e70.jpg,0,sid_set_real,Real_OpenImages
corpora/sid_set/images/real/75a5eb3cc39a38c5.jpg,0,sid_set_real,Real_OpenImages
corpora/sid_set/images/real/00f4de8a765ff5c9.jpg,0,sid_set_real,Real_OpenImages
corpora/sid_set/images/real/c9f1e56e13e18e69.jpg,0,sid_set_real,Real_OpenImages
corpora/sid_set/images/real/9d5554938d945268.jpg,0,sid_set_real,Real_OpenImages
corpora/sid_set/images/real/e76081cb3b4f8bd5.jpg,0,sid_set_real,Real_OpenImages
corpora/sid_set/images/real/00861f99f6e306bb.jpg,0,sid_set_real,Real_OpenImages
corpora/sid_set/images/real/a05e1e27c0c87a34.jpg,0,sid_set_real,Real_OpenImages
corpora/sid_set/images/real/237ffcb99b2681b7.jpg,0,sid_set_real,Real_OpenImages
corpora/sid_set/images/real/bcc20bf8cf3c8678.jpg,0,sid_set_real,Real_OpenImages
corpora/sid_set/images/real/40cebe73017fa1bc.jpg,0,sid_set_real,Real_OpenImages
corpora/sid_set/images/real/7e67d01de8c594c1.jpg,0,sid_set_real,Real_OpenImages
corpora/sid_set/images/real/e90de375e5261f79.jpg,0,sid_set_real,Real_OpenImages
corpora/sid_set/images/real/b79a45b61e9e52a6.jpg,0,sid_set_real,Real_OpenImages
corpora/sid_set/images/real/74bc41b5bf52903c.jpg,0,sid_set_real,Real_OpenImages
corpora/sid_set/images/real/a8dbf565bd1925ee.jpg,0,sid_set_real,Real_OpenImages
corpora/sid_set/images/real/26018a67c0ba1e27.jpg,0,sid_set_real,Real_OpenImages
corpora/sid_set/images/real/d7d8fecec83c08cf.jpg,0,sid_set_real,Real_OpenImages
corpora/sid_set/images/real/c047871485078e36.jpg,0,sid_set_real,Real_OpenImages
corpora/sid_set/images/real/4cdfae3748b04e69.jpg,0,sid_set_real,Real_OpenImages
corpora/sid_set/images/real/8e0c3954ded86e38.jpg,0,sid_set_real,Real_OpenImages
corpora/sid_set/images/real/bd47a3156fbeccc6.jpg,0,sid_set_real,Real_OpenImages
corpora/sid_set/images/real/fe58234602267a48.jpg,0,sid_set_real,Real_OpenImages
corpora/sid_set/images/real/d87f70d34fda4073.jpg,0,sid_set_real,Real_OpenImages
corpora/sid_set/images/real/ea1892fed550ba50.jpg,0,sid_set_real,Real_OpenImages
corpora/sid_set/images/real/23c1390247cefb59.jpg,0,sid_set_real,Real_OpenImages
corpora/sid_set/images/real/81aa6c45fcb2ede9.jpg,0,sid_set_real,Real_OpenImages
corpora/sid_set/images/real/3a46e3edd25c49ab.jpg,0,sid_set_real,Real_OpenImages
corpora/sid_set/images/real/06440c5ded5763c0.jpg,0,sid_set_real,Real_OpenImages
corpora/sid_set/images/real/a0f18be86a5b0f6d.jpg,0,sid_set_real,Real_OpenImages
corpora/sid_set/images/real/298e5b5a9c635b70.jpg,0,sid_set_real,Real_OpenImages
corpora/sid_set/images/real/c132179f357bccf7.jpg,0,sid_set_real,Real_OpenImages
corpora/sid_set/images/real/5364d6d983fc9ca9.jpg,0,sid_set_real,Real_OpenImages
corpora/sid_set/images/real/0f3de3e5b6d73022.jpg,0,sid_set_real,Real_OpenImages
corpora/sid_set/images/real/18b52be464b90986.jpg,0,sid_set_real,Real_OpenImages
corpora/sid_set/images/real/89b1678523419b73.jpg,0,sid_set_real,Real_OpenImages
corpora/sid_set/images/real/1371ac388e25c97e.jpg,0,sid_set_real,Real_OpenImages
corpora/sid_set/images/real/217a8e6b3db11f62.jpg,0,sid_set_real,Real_OpenImages
corpora/sid_set/images/real/7b2a94e354362fe1.jpg,0,sid_set_real,Real_OpenImages
corpora/sid_set/images/real/a28c9076c9a13f5c.jpg,0,sid_set_real,Real_OpenImages
corpora/sid_set/images/real/2f439596a1029f64.jpg,0,sid_set_real,Real_OpenImages
corpora/sid_set/images/real/889ff30b6a4edef2.jpg,0,sid_set_real,Real_OpenImages
corpora/sid_set/images/real/0aef3877ab50ea1a.jpg,0,sid_set_real,Real_OpenImages
corpora/sid_set/images/real/56dbf71b5bcb70a8.jpg,0,sid_set_real,Real_OpenImages
corpora/sid_set/images/real/2373053c57bba255.jpg,0,sid_set_real,Real_OpenImages
corpora/sid_set/images/real/26dbcd24508a1fe5.jpg,0,sid_set_real,Real_OpenImages
corpora/sid_set/images/real/13f2d8577c7a63b7.jpg,0,sid_set_real,Real_OpenImages
corpora/sid_set/images/real/66f975ff3b352fc9.jpg,0,sid_set_real,Real_OpenImages
corpora/sid_set/images/real/149ef1924a05ed63.jpg,0,sid_set_real,Real_OpenImages
corpora/sid_set/images/real/f9fb80131817593a.jpg,0,sid_set_real,Real_OpenImages
corpora/sid_set/images/real/af7557a92643f1a7.jpg,0,sid_set_real,Real_OpenImages
corpora/sid_set/images/real/6f5de24da4028b49.jpg,0,sid_set_real,Real_OpenImages
corpora/sid_set/images/real/6f2bd5e2f8674337.jpg,0,sid_set_real,Real_OpenImages
corpora/sid_set/images/real/1cdfba9d26de9fd8.jpg,0,sid_set_real,Real_OpenImages
corpora/sid_set/images/real/b973e052dde95e63.jpg,0,sid_set_real,Real_OpenImages
corpora/sid_set/images/real/ebeda35e65899709.jpg,0,sid_set_real,Real_OpenImages
corpora/sid_set/images/real/a135e2b3496fff23.jpg,0,sid_set_real,Real_OpenImages
corpora/sid_set/images/real/d88cf234bd5a1111.jpg,0,sid_set_real,Real_OpenImages
corpora/sid_set/images/real/cb60e447d1b705be.jpg,0,sid_set_real,Real_OpenImages
corpora/sid_set/images/real/06edbee4df5a729c.jpg,0,sid_set_real,Real_OpenImages
corpora/sid_set/images/real/c48672d52c0860a3.jpg,0,sid_set_real,Real_OpenImages
corpora/sid_set/images/real/2a5cd67fd6193675.jpg,0,sid_set_real,Real_OpenImages
corpora/sid_set/images/real/c62ca5923f62723c.jpg,0,sid_set_real,Real_OpenImages
corpora/sid_set/images/real/366c55773028612b.jpg,0,sid_set_real,Real_OpenImages
corpora/sid_set/images/real/79a243281651f9b5.jpg,0,sid_set_real,Real_OpenImages
corpora/sid_set/images/real/c785b82e33292bf0.jpg,0,sid_set_real,Real_OpenImages
corpora/sid_set/images/real/484dd887878878db.jpg,0,sid_set_real,Real_OpenImages
corpora/sid_set/images/real/9dcc08726fef0f1a.jpg,0,sid_set_real,Real_OpenImages
corpora/sid_set/images/real/ee6507fa0df9b4d9.jpg,0,sid_set_real,Real_OpenImages
corpora/sid_set/images/real/7dd0fa488a095580.jpg,0,sid_set_real,Real_OpenImages
corpora/sid_set/images/real/06c32cc35df353da.jpg,0,sid_set_real,Real_OpenImages
corpora/sid_set/images/real/9166bddef56875f4.jpg,0,sid_set_real,Real_OpenImages
corpora/sid_set/images/real/a800ac0637acbbe0.jpg,0,sid_set_real,Real_OpenImages
corpora/sid_set/images/real/10a439ac4fa4a7bd.jpg,0,sid_set_real,Real_OpenImages
corpora/sid_set/images/real/baa07e474bf0d043.jpg,0,sid_set_real,Real_OpenImages
corpora/sid_set/images/real/4acd3b55aa540341.jpg,0,sid_set_real,Real_OpenImages
corpora/sid_set/images/real/a8c047bb4694d759.jpg,0,sid_set_real,Real_OpenImages
corpora/sid_set/images/real/f03b9c6802bffe45.jpg,0,sid_set_real,Real_OpenImages
corpora/sid_set/images/real/45bf90d73fbdab43.jpg,0,sid_set_real,Real_OpenImages
corpora/sid_set/images/real/08c80a077fceb504.jpg,0,sid_set_real,Real_OpenImages
corpora/sid_set/images/real/6163d4d534cdcd78.jpg,0,sid_set_real,Real_OpenImages
corpora/sid_set/images/real/c4e7af7fc876994c.jpg,0,sid_set_real,Real_OpenImages
corpora/sid_set/images/real/0ba3eaae376272ba.jpg,0,sid_set_real,Real_OpenImages
corpora/sid_set/images/real/8c67092058bed8e1.jpg,0,sid_set_real,Real_OpenImages
corpora/sid_set/images/real/e16fa91eb35e78d4.jpg,0,sid_set_real,Real_OpenImages
corpora/sid_set/images/real/1e4917d0a0d25022.jpg,0,sid_set_real,Real_OpenImages
corpora/sid_set/images/real/1ae98615cccfbc4a.jpg,0,sid_set_real,Real_OpenImages
corpora/sid_set/images/real/68e9c0729f11722c.jpg,0,sid_set_real,Real_OpenImages
corpora/sid_set/images/real/10e0b0d034603ec8.jpg,0,sid_set_real,Real_OpenImages
corpora/sid_set/images/real/bbf49496fea72461.jpg,0,sid_set_real,Real_OpenImages
corpora/sid_set/images/real/5b609fbd750ce438.jpg,0,sid_set_real,Real_OpenImages
corpora/sid_set/images/real/fee14f2aa1543993.jpg,0,sid_set_real,Real_OpenImages
corpora/sid_set/images/real/c9f5dec45d116ff7.jpg,0,sid_set_real,Real_OpenImages
corpora/sid_set/images/real/f164007c586d2a14.jpg,0,sid_set_real,Real_OpenImages
corpora/sid_set/images/real/6c6a0a63cebe2b1b.jpg,0,sid_set_real,Real_OpenImages
corpora/sid_set/images/real/368eb1e2877af08d.jpg,0,sid_set_real,Real_OpenImages
corpora/sid_set/images/real/8f1b050eab39bdcc.jpg,0,sid_set_real,Real_OpenImages
corpora/sid_set/images/real/35edc04fa94dc7f3.jpg,0,sid_set_real,Real_OpenImages
corpora/sid_set/images/real/d36aef03fa04cf69.jpg,0,sid_set_real,Real_OpenImages
corpora/sid_set/images/real/1f5e460f07a416aa.jpg,0,sid_set_real,Real_OpenImages
corpora/sid_set/images/real/c85b8e5f13f24d5d.jpg,0,sid_set_real,Real_OpenImages
corpora/sid_set/images/real/ee6c5397c57f08f8.jpg,0,sid_set_real,Real_OpenImages
corpora/sid_set/images/real/11fbc2291ba1fb1f.jpg,0,sid_set_real,Real_OpenImages
corpora/sid_set/images/real/8ae9cafb039d0e04.jpg,0,sid_set_real,Real_OpenImages
corpora/sid_set/images/real/987263c2f08062b6.jpg,0,sid_set_real,Real_OpenImages
corpora/sid_set/images/real/6842bffaded935b0.jpg,0,sid_set_real,Real_OpenImages
corpora/sid_set/images/real/e28449a4b7c73326.jpg,0,sid_set_real,Real_OpenImages
corpora/sid_set/images/real/11e9bc4a835bbabc.jpg,0,sid_set_real,Real_OpenImages
corpora/sid_set/images/real/471f07c9441127aa.jpg,0,sid_set_real,Real_OpenImages
corpora/sid_set/images/real/7b9f9cc701cc997b.jpg,0,sid_set_real,Real_OpenImages
corpora/sid_set/images/real/68bb75bc8af1234e.jpg,0,sid_set_real,Real_OpenImages
corpora/sid_set/images/real/bff5f119960d7087.jpg,0,sid_set_real,Real_OpenImages
corpora/sid_set/images/real/005488266cea9a1c.jpg,0,sid_set_real,Real_OpenImages
corpora/sid_set/images/real/15e8c9114a486a44.jpg,0,sid_set_real,Real_OpenImages
corpora/sid_set/images/real/174d6216696419ac.jpg,0,sid_set_real,Real_OpenImages
corpora/sid_set/images/real/e8d0a514af8bf9e9.jpg,0,sid_set_real,Real_OpenImages
corpora/sid_set/images/real/8abd1eba467af0d1.jpg,0,sid_set_real,Real_OpenImages
corpora/sid_set/images/real/fad02dba81e90daa.jpg,0,sid_set_real,Real_OpenImages
corpora/sid_set/images/real/ab9cfbf0e5ace581.jpg,0,sid_set_real,Real_OpenImages
corpora/sid_set/images/real/df26be654ff40bcc.jpg,0,sid_set_real,Real_OpenImages
corpora/sid_set/images/real/84fccc5ec9899216.jpg,0,sid_set_real,Real_OpenImages
corpora/sid_set/images/real/16df1e29541e32a9.jpg,0,sid_set_real,Real_OpenImages
corpora/sid_set/images/real/295bb857a6c5de83.jpg,0,sid_set_real,Real_OpenImages
corpora/sid_set/images/real/b37d38f147a5860a.jpg,0,sid_set_real,Real_OpenImages
corpora/sid_set/images/real/6c3896cbba8f5665.jpg,0,sid_set_real,Real_OpenImages
corpora/sid_set/images/real/024411d1c9c45cea.jpg,0,sid_set_real,Real_OpenImages
corpora/sid_set/images/real/2062ce2936db79a7.jpg,0,sid_set_real,Real_OpenImages
corpora/sid_set/images/real/b56e2bc6fe59d06a.jpg,0,sid_set_real,Real_OpenImages
corpora/sid_set/images/real/33ebb82ece913642.jpg,0,sid_set_real,Real_OpenImages
corpora/sid_set/images/real/a2f6215451ccd9bd.jpg,0,sid_set_real,Real_OpenImages
corpora/sid_set/images/real/70822e4e5f530288.jpg,0,sid_set_real,Real_OpenImages
corpora/sid_set/images/real/9d6d66d4a4a1544c.jpg,0,sid_set_real,Real_OpenImages
corpora/sid_set/images/real/a585dc2e459a969e.jpg,0,sid_set_real,Real_OpenImages
corpora/sid_set/images/real/dd86f53f872bc525.jpg,0,sid_set_real,Real_OpenImages
corpora/sid_set/images/real/64c313066cce30d5.jpg,0,sid_set_real,Real_OpenImages
corpora/sid_set/images/real/20840089dba9f250.jpg,0,sid_set_real,Real_OpenImages
corpora/sid_set/images/real/ddd295919f8e2d74.jpg,0,sid_set_real,Real_OpenImages
corpora/sid_set/images/real/49f5bd2cb367637d.jpg,0,sid_set_real,Real_OpenImages
corpora/sid_set/images/real/5af99e7d32dee433.jpg,0,sid_set_real,Real_OpenImages
corpora/sid_set/images/real/6af6134ba8f68de5.jpg,0,sid_set_real,Real_OpenImages
corpora/sid_set/images/real/638342d7e5c4f826.jpg,0,sid_set_real,Real_OpenImages
corpora/sid_set/images/real/e47977d11bcd4256.jpg,0,sid_set_real,Real_OpenImages
corpora/sid_set/images/real/bf4986d1a438082e.jpg,0,sid_set_real,Real_OpenImages
corpora/sid_set/images/real/fb1509b970a904bf.jpg,0,sid_set_real,Real_OpenImages
corpora/sid_set/images/real/7ff4460a2ea67688.jpg,0,sid_set_real,Real_OpenImages
corpora/sid_set/images/real/1d95b6b3644b2de4.jpg,0,sid_set_real,Real_OpenImages
corpora/sid_set/images/real/33031257255d064c.jpg,0,sid_set_real,Real_OpenImages
corpora/sid_set/images/real/2bff30bf6b8117c6.jpg,0,sid_set_real,Real_OpenImages
corpora/sid_set/images/real/609fa5554f72c92f.jpg,0,sid_set_real,Real_OpenImages
corpora/sid_set/images/real/676e54eaa5675c1f.jpg,0,sid_set_real,Real_OpenImages
corpora/sid_set/images/real/0209d614746e4c2d.jpg,0,sid_set_real,Real_OpenImages
corpora/sid_set/images/real/15d3d1e0e63e1cb0.jpg,0,sid_set_real,Real_OpenImages
corpora/sid_set/images/real/a02ac7e13b38f548.jpg,0,sid_set_real,Real_OpenImages
corpora/sid_set/images/real/190f461499965cac.jpg,0,sid_set_real,Real_OpenImages
corpora/sid_set/images/real/4889ab68ff390f45.jpg,0,sid_set_real,Real_OpenImages
corpora/sid_set/images/real/c438c46fb6217b0c.jpg,0,sid_set_real,Real_OpenImages
corpora/sid_set/images/real/ba5d7e95ed778763.jpg,0,sid_set_real,Real_OpenImages
corpora/sid_set/images/real/7f979e3f8beab205.jpg,0,sid_set_real,Real_OpenImages
corpora/sid_set/images/real/07c4c14d0b894f77.jpg,0,sid_set_real,Real_OpenImages
corpora/sid_set/images/real/008f749ba53d3c2d.jpg,0,sid_set_real,Real_OpenImages
corpora/sid_set/images/real/e653f60411f04208.jpg,0,sid_set_real,Real_OpenImages
corpora/sid_set/images/real/c776d8b78336b9e4.jpg,0,sid_set_real,Real_OpenImages
corpora/sid_set/images/real/6f441ac992dafca5.jpg,0,sid_set_real,Real_OpenImages
corpora/sid_set/images/real/75f2108108cd138f.jpg,0,sid_set_real,Real_OpenImages
corpora/sid_set/images/real/4a4d866075e5eb58.jpg,0,sid_set_real,Real_OpenImages
corpora/sid_set/images/real/fa7f0b6bac46bad1.jpg,0,sid_set_real,Real_OpenImages
corpora/sid_set/images/real/8d87cd681f47a609.jpg,0,sid_set_real,Real_OpenImages
corpora/sid_set/images/real/7721cffeb977942a.jpg,0,sid_set_real,Real_OpenImages
corpora/sid_set/images/real/20207a5dd93c155d.jpg,0,sid_set_real,Real_OpenImages
corpora/sid_set/images/real/0b856bf4b58c328c.jpg,0,sid_set_real,Real_OpenImages
corpora/sid_set/images/real/6dd1bc4ecf559a04.jpg,0,sid_set_real,Real_OpenImages
corpora/sid_set/images/real/783b810eccb9a31c.jpg,0,sid_set_real,Real_OpenImages
corpora/sid_set/images/real/1f6426f6c8853196.jpg,0,sid_set_real,Real_OpenImages
corpora/sid_set/images/real/574e89c9380672b9.jpg,0,sid_set_real,Real_OpenImages
corpora/sid_set/images/real/a7213e5a87e34abd.jpg,0,sid_set_real,Real_OpenImages
corpora/sid_set/images/real/680402ab3574b66f.jpg,0,sid_set_real,Real_OpenImages
corpora/sid_set/images/real/6efb99d8f5300e28.jpg,0,sid_set_real,Real_OpenImages
corpora/sid_set/images/real/93ab1db645aaaa74.jpg,0,sid_set_real,Real_OpenImages
corpora/sid_set/images/real/cf2afe94559cd267.jpg,0,sid_set_real,Real_OpenImages
corpora/sid_set/images/real/751123d910cd1d41.jpg,0,sid_set_real,Real_OpenImages
corpora/sid_set/images/real/7ac7fa5d4215f95e.jpg,0,sid_set_real,Real_OpenImages
corpora/sid_set/images/real/48cf22bac5aeab2f.jpg,0,sid_set_real,Real_OpenImages
corpora/sid_set/images/real/6e4927c63eb61926.jpg,0,sid_set_real,Real_OpenImages
corpora/sid_set/images/real/8eecbfbcc6f7f1fe.jpg,0,sid_set_real,Real_OpenImages
corpora/sid_set/images/real/109981576952d4e3.jpg,0,sid_set_real,Real_OpenImages
corpora/sid_set/images/real/aa9a2b3f5058e67f.jpg,0,sid_set_real,Real_OpenImages
corpora/sid_set/images/real/3ad7c4590661071c.jpg,0,sid_set_real,Real_OpenImages
corpora/sid_set/images/real/e27ba28413e344f8.jpg,0,sid_set_real,Real_OpenImages
corpora/sid_set/images/real/f785ffafc2246df2.jpg,0,sid_set_real,Real_OpenImages
corpora/sid_set/images/real/0aff9c654c0e45d0.jpg,0,sid_set_real,Real_OpenImages
corpora/sid_set/images/real/7af183e4c8f1d098.jpg,0,sid_set_real,Real_OpenImages
corpora/sid_set/images/real/d391c301f3b6825d.jpg,0,sid_set_real,Real_OpenImages
corpora/sid_set/images/real/ae048ffe9d73e9cf.jpg,0,sid_set_real,Real_OpenImages
corpora/sid_set/images/real/2cb6ea1c99c28afc.jpg,0,sid_set_real,Real_OpenImages
corpora/sid_set/images/real/c58aebdad8f5613c.jpg,0,sid_set_real,Real_OpenImages
corpora/sid_set/images/real/50e0ed74e4058e61.jpg,0,sid_set_real,Real_OpenImages
corpora/sid_set/images/real/205e606aa4d09ac1.jpg,0,sid_set_real,Real_OpenImages
corpora/sid_set/images/real/363dc6a5dc0a98ef.jpg,0,sid_set_real,Real_OpenImages
corpora/sid_set/images/real/f89209b2bd1f7d30.jpg,0,sid_set_real,Real_OpenImages
corpora/sid_set/images/real/ddf1616829498d87.jpg,0,sid_set_real,Real_OpenImages
corpora/sid_set/images/real/23aac5ffc2b4a0e2.jpg,0,sid_set_real,Real_OpenImages
corpora/sid_set/images/real/cff6f099f19376f0.jpg,0,sid_set_real,Real_OpenImages
corpora/sid_set/images/real/7a99abea96db51d5.jpg,0,sid_set_real,Real_OpenImages
corpora/sid_set/images/real/8c5cbe5f36814c44.jpg,0,sid_set_real,Real_OpenImages
corpora/sid_set/images/real/16e226e0a0d3d153.jpg,0,sid_set_real,Real_OpenImages
corpora/sid_set/images/real/3a7a6a70b1297a73.jpg,0,sid_set_real,Real_OpenImages
corpora/sid_set/images/real/06e5e4bc39fced90.jpg,0,sid_set_real,Real_OpenImages
corpora/sid_set/images/real/5bd91bc4598ca6b3.jpg,0,sid_set_real,Real_OpenImages
corpora/sid_set/images/real/fd8818ef75c6926d.jpg,0,sid_set_real,Real_OpenImages
corpora/sid_set/images/real/090ea170b58453f8.jpg,0,sid_set_real,Real_OpenImages
corpora/sid_set/images/real/583fb43127be58d3.jpg,0,sid_set_real,Real_OpenImages
corpora/sid_set/images/real/ea2c0e3543fc7a39.jpg,0,sid_set_real,Real_OpenImages
corpora/sid_set/images/real/1f490c742c2731b3.jpg,0,sid_set_real,Real_OpenImages
corpora/sid_set/images/real/3f1f7988d2152951.jpg,0,sid_set_real,Real_OpenImages
corpora/sid_set/images/real/0e1f4d7f039c8fab.jpg,0,sid_set_real,Real_OpenImages
corpora/sid_set/images/real/c79a03572fefa9b0.jpg,0,sid_set_real,Real_OpenImages
corpora/sid_set/images/real/8ff492da56c4748a.jpg,0,sid_set_real,Real_OpenImages
corpora/sid_set/images/real/1aed0829b05ad8b2.jpg,0,sid_set_real,Real_OpenImages
corpora/sid_set/images/real/02d13d7c7de5df28.jpg,0,sid_set_real,Real_OpenImages
corpora/sid_set/images/real/035dc3f64a88c0e3.jpg,0,sid_set_real,Real_OpenImages
corpora/sid_set/images/real/3cb926b1568e0a01.jpg,0,sid_set_real,Real_OpenImages
corpora/sid_set/images/real/7436713e8b3b5034.jpg,0,sid_set_real,Real_OpenImages
corpora/sid_set/images/real/52f2c8e322128d2d.jpg,0,sid_set_real,Real_OpenImages
corpora/sid_set/images/real/2c675b7a27c2d650.jpg,0,sid_set_real,Real_OpenImages
corpora/sid_set/images/real/2d435bee4f50b3ad.jpg,0,sid_set_real,Real_OpenImages
corpora/sid_set/images/real/2dc96e1564ab151e.jpg,0,sid_set_real,Real_OpenImages
corpora/sid_set/images/real/b7a8fa398c81a799.jpg,0,sid_set_real,Real_OpenImages
corpora/sid_set/images/real/304206c9efd70593.jpg,0,sid_set_real,Real_OpenImages
corpora/sid_set/images/real/e227cb6bd4afad3e.jpg,0,sid_set_real,Real_OpenImages
corpora/sid_set/images/real/af45d85f4d93a846.jpg,0,sid_set_real,Real_OpenImages
corpora/sid_set/images/real/b9a918a4a894c11c.jpg,0,sid_set_real,Real_OpenImages
corpora/sid_set/images/real/aaf8e04f42787f9f.jpg,0,sid_set_real,Real_OpenImages
corpora/sid_set/images/real/009afead12387135.jpg,0,sid_set_real,Real_OpenImages
corpora/sid_set/images/real/e5a86e69e0ca5161.jpg,0,sid_set_real,Real_OpenImages
corpora/sid_set/images/real/69444a9ce643400e.jpg,0,sid_set_real,Real_OpenImages
corpora/sid_set/images/real/d22ec9db24cdc906.jpg,0,sid_set_real,Real_OpenImages
corpora/sid_set/images/real/3dbfcec02b757dac.jpg,0,sid_set_real,Real_OpenImages
corpora/sid_set/images/real/218eb62e60c5a2b5.jpg,0,sid_set_real,Real_OpenImages
corpora/sid_set/images/real/8c9884f244ec2f46.jpg,0,sid_set_real,Real_OpenImages
corpora/sid_set/images/real/90c251c379748565.jpg,0,sid_set_real,Real_OpenImages
corpora/sid_set/images/real/2527357d685b8b4b.jpg,0,sid_set_real,Real_OpenImages
corpora/sid_set/images/real/2d44ec5bcf71d2ce.jpg,0,sid_set_real,Real_OpenImages
corpora/sid_set/images/real/930fcc55c5118146.jpg,0,sid_set_real,Real_OpenImages
corpora/sid_set/images/real/43e20d97ab97ffac.jpg,0,sid_set_real,Real_OpenImages
corpora/sid_set/images/real/dd7180fcb66b6c01.jpg,0,sid_set_real,Real_OpenImages
corpora/sid_set/images/real/28afb9cbff948df6.jpg,0,sid_set_real,Real_OpenImages
corpora/sid_set/images/real/055c409f9d279e1c.jpg,0,sid_set_real,Real_OpenImages
corpora/sid_set/images/real/6af928f59de90a09.jpg,0,sid_set_real,Real_OpenImages
corpora/sid_set/images/real/94db6ae3fc4dc7b8.jpg,0,sid_set_real,Real_OpenImages
corpora/sid_set/images/real/f4fe06c562c5f11d.jpg,0,sid_set_real,Real_OpenImages
corpora/sid_set/images/real/4b55c8e351dce61c.jpg,0,sid_set_real,Real_OpenImages
corpora/sid_set/images/real/8fa0285c379e9a88.jpg,0,sid_set_real,Real_OpenImages
corpora/sid_set/images/real/2e5011c2e2c0d475.jpg,0,sid_set_real,Real_OpenImages
corpora/sid_set/images/real/e5c1f534efe366d4.jpg,0,sid_set_real,Real_OpenImages
corpora/sid_set/images/real/c65bd321df1f1d60.jpg,0,sid_set_real,Real_OpenImages
corpora/sid_set/images/real/f08f832a1be36fbf.jpg,0,sid_set_real,Real_OpenImages
corpora/sid_set/images/real/15f0665c76f1d280.jpg,0,sid_set_real,Real_OpenImages
corpora/sid_set/images/real/d687c41958ab760e.jpg,0,sid_set_real,Real_OpenImages
corpora/sid_set/images/real/5082c3e81ffe360a.jpg,0,sid_set_real,Real_OpenImages
corpora/sid_set/images/real/e14750b3699732d7.jpg,0,sid_set_real,Real_OpenImages
corpora/sid_set/images/real/057e7d5649080b13.jpg,0,sid_set_real,Real_OpenImages
corpora/sid_set/images/real/5b2e5b83fc24616d.jpg,0,sid_set_real,Real_OpenImages
corpora/sid_set/images/real/ee2d5c04401371fc.jpg,0,sid_set_real,Real_OpenImages
corpora/sid_set/images/real/7fdb26cab6f36370.jpg,0,sid_set_real,Real_OpenImages
corpora/sid_set/images/real/ced213111c5edaf6.jpg,0,sid_set_real,Real_OpenImages
corpora/sid_set/images/real/47644706921578b0.jpg,0,sid_set_real,Real_OpenImages
corpora/sid_set/images/real/b9faf2b818a9beb4.jpg,0,sid_set_real,Real_OpenImages
corpora/sid_set/images/real/310becdc0dd2c3e6.jpg,0,sid_set_real,Real_OpenImages
corpora/sid_set/images/real/7a015863e7467f67.jpg,0,sid_set_real,Real_OpenImages
corpora/sid_set/images/real/50a5addd712d5e7e.jpg,0,sid_set_real,Real_OpenImages
corpora/sid_set/images/real/1b28a7686a6cf730.jpg,0,sid_set_real,Real_OpenImages
corpora/sid_set/images/real/73898e0482e1fd4b.jpg,0,sid_set_real,Real_OpenImages
corpora/sid_set/images/real/bdb392a903e8abb5.jpg,0,sid_set_real,Real_OpenImages
corpora/sid_set/images/real/5899b39501ad6c02.jpg,0,sid_set_real,Real_OpenImages
corpora/sid_set/images/real/00c12c7ecaf5a136.jpg,0,sid_set_real,Real_OpenImages
corpora/sid_set/images/real/9f7a73b2c035dc5e.jpg,0,sid_set_real,Real_OpenImages
corpora/sid_set/images/real/8013cf904b57a529.jpg,0,sid_set_real,Real_OpenImages
corpora/sid_set/images/real/a35f79318fff3466.jpg,0,sid_set_real,Real_OpenImages
corpora/sid_set/images/real/2c530322a9373c2b.jpg,0,sid_set_real,Real_OpenImages
corpora/sid_set/images/real/1295b04c29a1af08.jpg,0,sid_set_real,Real_OpenImages
corpora/sid_set/images/real/22e32bc83f6625d2.jpg,0,sid_set_real,Real_OpenImages
corpora/sid_set/images/real/f2bef0679cb82282.jpg,0,sid_set_real,Real_OpenImages
corpora/sid_set/images/real/e59ec49e8a40f408.jpg,0,sid_set_real,Real_OpenImages
corpora/sid_set/images/real/518e970235a841c9.jpg,0,sid_set_real,Real_OpenImages
corpora/sid_set/images/real/d81e66e1b53eadc1.jpg,0,sid_set_real,Real_OpenImages
corpora/sid_set/images/real/0e0f4af90286975b.jpg,0,sid_set_real,Real_OpenImages
corpora/sid_set/images/real/1ad1f45204b55e9a.jpg,0,sid_set_real,Real_OpenImages
corpora/sid_set/images/real/8ad3eb30d87c8bc4.jpg,0,sid_set_real,Real_OpenImages
corpora/sid_set/images/real/50a0edfbeaa53375.jpg,0,sid_set_real,Real_OpenImages
corpora/sid_set/images/real/fc9bdf011bc20157.jpg,0,sid_set_real,Real_OpenImages
corpora/sid_set/images/real/3e8dd2ea0f673221.jpg,0,sid_set_real,Real_OpenImages
corpora/sid_set/images/real/78b3c0b65e929636.jpg,0,sid_set_real,Real_OpenImages
corpora/sid_set/images/real/046a46243dd23f6d.jpg,0,sid_set_real,Real_OpenImages
corpora/sid_set/images/real/08e262da0986ae27.jpg,0,sid_set_real,Real_OpenImages
corpora/sid_set/images/real/f4d11efd6e2b9138.jpg,0,sid_set_real,Real_OpenImages
corpora/sid_set/images/real/fa60e40eb928753a.jpg,0,sid_set_real,Real_OpenImages
corpora/sid_set/images/real/19fa2da2c5ea2cbd.jpg,0,sid_set_real,Real_OpenImages
corpora/sid_set/images/real/f7b45e91de34971e.jpg,0,sid_set_real,Real_OpenImages
corpora/sid_set/images/real/cb457ed2e0bdd5f2.jpg,0,sid_set_real,Real_OpenImages
corpora/sid_set/images/real/6130c365253b1705.jpg,0,sid_set_real,Real_OpenImages
corpora/sid_set/images/real/c67a35e5380f59e2.jpg,0,sid_set_real,Real_OpenImages
corpora/sid_set/images/real/14856353de4924ca.jpg,0,sid_set_real,Real_OpenImages
corpora/sid_set/images/real/3a879c647d999d30.jpg,0,sid_set_real,Real_OpenImages
corpora/sid_set/images/real/555e824ea51ccf34.jpg,0,sid_set_real,Real_OpenImages
corpora/sid_set/images/real/1bd3ba5185dada2a.jpg,0,sid_set_real,Real_OpenImages
corpora/sid_set/images/real/533be4390625307f.jpg,0,sid_set_real,Real_OpenImages
corpora/sid_set/images/real/2fc8aaf07ef99ac7.jpg,0,sid_set_real,Real_OpenImages
corpora/sid_set/images/real/1f47b6e3d808d102.jpg,0,sid_set_real,Real_OpenImages
corpora/sid_set/images/real/7d56c3477cc806a4.jpg,0,sid_set_real,Real_OpenImages
corpora/sid_set/images/real/4369c492099101bc.jpg,0,sid_set_real,Real_OpenImages
corpora/sid_set/images/real/136251d3691284ce.jpg,0,sid_set_real,Real_OpenImages
corpora/sid_set/images/real/341fbe730d29b139.jpg,0,sid_set_real,Real_OpenImages
corpora/sid_set/images/real/eac6db7d13342709.jpg,0,sid_set_real,Real_OpenImages
corpora/sid_set/images/real/4fe46a3865897f73.jpg,0,sid_set_real,Real_OpenImages
corpora/sid_set/images/real/8f42b6bb214b056d.jpg,0,sid_set_real,Real_OpenImages
corpora/sid_set/images/real/77884c88be41fcc2.jpg,0,sid_set_real,Real_OpenImages
corpora/sid_set/images/real/f5723b9cf9b24728.jpg,0,sid_set_real,Real_OpenImages
corpora/sid_set/images/real/46fa79602e1950cc.jpg,0,sid_set_real,Real_OpenImages
corpora/sid_set/images/real/ae6186738bb776c6.jpg,0,sid_set_real,Real_OpenImages
corpora/sid_set/images/real/8c84fb5bb42073f7.jpg,0,sid_set_real,Real_OpenImages
corpora/sid_set/images/real/f067b9324ce3ac93.jpg,0,sid_set_real,Real_OpenImages
corpora/sid_set/images/real/cbf5bdb570e56dda.jpg,0,sid_set_real,Real_OpenImages
corpora/sid_set/images/real/3832095ab91dc160.jpg,0,sid_set_real,Real_OpenImages
corpora/sid_set/images/real/65640847d160dbd0.jpg,0,sid_set_real,Real_OpenImages
corpora/sid_set/images/real/4be00ad605f73bda.jpg,0,sid_set_real,Real_OpenImages
corpora/sid_set/images/real/1b936af4c17da036.jpg,0,sid_set_real,Real_OpenImages
corpora/sid_set/images/real/2f414454835bceac.jpg,0,sid_set_real,Real_OpenImages
corpora/sid_set/images/real/a9ae16f2a7796217.jpg,0,sid_set_real,Real_OpenImages
corpora/sid_set/images/real/7bd27b0013fa2950.jpg,0,sid_set_real,Real_OpenImages
corpora/sid_set/images/real/0c6195b616853858.jpg,0,sid_set_real,Real_OpenImages
corpora/sid_set/images/real/13825baad5531265.jpg,0,sid_set_real,Real_OpenImages
corpora/sid_set/images/real/13ed7d622dc52b94.jpg,0,sid_set_real,Real_OpenImages
corpora/sid_set/images/real/1ffe80234ccec2fa.jpg,0,sid_set_real,Real_OpenImages
corpora/sid_set/images/real/2e81f828ac8c5a39.jpg,0,sid_set_real,Real_OpenImages
corpora/sid_set/images/real/059b5bd7aa69a5d7.jpg,0,sid_set_real,Real_OpenImages
corpora/sid_set/images/real/066fd04219e3b235.jpg,0,sid_set_real,Real_OpenImages
corpora/sid_set/images/real/c9a520bbf569c2ee.jpg,0,sid_set_real,Real_OpenImages
corpora/sid_set/images/real/4f8f5b010a62163d.jpg,0,sid_set_real,Real_OpenImages
corpora/sid_set/images/real/52233bb91a97c28c.jpg,0,sid_set_real,Real_OpenImages
corpora/sid_set/images/real/42e0f59b6160671f.jpg,0,sid_set_real,Real_OpenImages
corpora/sid_set/images/real/343f49d060dc5fe9.jpg,0,sid_set_real,Real_OpenImages
corpora/sid_set/images/real/d49b82ef3340504c.jpg,0,sid_set_real,Real_OpenImages
corpora/sid_set/images/real/a4440c27aa4fd14f.jpg,0,sid_set_real,Real_OpenImages
corpora/sid_set/images/real/9a6a09b997507afa.jpg,0,sid_set_real,Real_OpenImages
corpora/sid_set/images/real/87aa58f092bc2b97.jpg,0,sid_set_real,Real_OpenImages
corpora/sid_set/images/real/80403e3b668a3bcb.jpg,0,sid_set_real,Real_OpenImages
corpora/sid_set/images/real/89dc8de831369657.jpg,0,sid_set_real,Real_OpenImages
corpora/sid_set/images/real/e7523f0f4ccd73a5.jpg,0,sid_set_real,Real_OpenImages
corpora/sid_set/images/real/e28b315e197e9513.jpg,0,sid_set_real,Real_OpenImages
corpora/sid_set/images/real/711cd5f568ceafd6.jpg,0,sid_set_real,Real_OpenImages
corpora/sid_set/images/real/07085395f68a74c2.jpg,0,sid_set_real,Real_OpenImages
corpora/sid_set/images/real/e27ff13dcd9f56e0.jpg,0,sid_set_real,Real_OpenImages
corpora/sid_set/images/real/39ee79f55c590aaa.jpg,0,sid_set_real,Real_OpenImages
corpora/sid_set/images/real/f0f33d0930e4c8d7.jpg,0,sid_set_real,Real_OpenImages
corpora/sid_set/images/real/471afc1dee32cbd1.jpg,0,sid_set_real,Real_OpenImages
corpora/sid_set/images/real/6a9eb990f05ed38f.jpg,0,sid_set_real,Real_OpenImages
corpora/sid_set/images/real/fca8a0d82582c4e9.jpg,0,sid_set_real,Real_OpenImages
corpora/sid_set/images/real/ed8736e5ad2e3f1b.jpg,0,sid_set_real,Real_OpenImages
corpora/sid_set/images/real/73dd544a997c6266.jpg,0,sid_set_real,Real_OpenImages
corpora/sid_set/images/real/1d2ab496e39ca999.jpg,0,sid_set_real,Real_OpenImages
corpora/sid_set/images/real/ed1b02213c6d514a.jpg,0,sid_set_real,Real_OpenImages
corpora/sid_set/images/real/c40e3d8638c30a00.jpg,0,sid_set_real,Real_OpenImages
corpora/sid_set/images/real/c4566d1bd27cc579.jpg,0,sid_set_real,Real_OpenImages
corpora/sid_set/images/real/bf17c95f1fd8a2aa.jpg,0,sid_set_real,Real_OpenImages
corpora/sid_set/images/real/01775ba0b944c185.jpg,0,sid_set_real,Real_OpenImages
corpora/sid_set/images/real/2e5927fe555e513d.jpg,0,sid_set_real,Real_OpenImages
corpora/sid_set/images/real/65595858debdaa09.jpg,0,sid_set_real,Real_OpenImages
corpora/sid_set/images/real/7013600eb76b41e0.jpg,0,sid_set_real,Real_OpenImages
corpora/sid_set/images/real/002794e455e3a3b4.jpg,0,sid_set_real,Real_OpenImages
corpora/sid_set/images/real/82ef7eb503c95954.jpg,0,sid_set_real,Real_OpenImages
corpora/sid_set/images/real/3f8ea95508ead599.jpg,0,sid_set_real,Real_OpenImages
corpora/sid_set/images/real/7c65a495354c38e1.jpg,0,sid_set_real,Real_OpenImages
corpora/sid_set/images/real/0005a29f3c8820fc.jpg,0,sid_set_real,Real_OpenImages
corpora/sid_set/images/real/79c228e89f496150.jpg,0,sid_set_real,Real_OpenImages
corpora/sid_set/images/real/01d466ba43ec821a.jpg,0,sid_set_real,Real_OpenImages
corpora/sid_set/images/real/54d156d69e409ea4.jpg,0,sid_set_real,Real_OpenImages
corpora/sid_set/images/real/3aae948d65d42570.jpg,0,sid_set_real,Real_OpenImages
corpora/sid_set/images/real/aef35704ba4f9e94.jpg,0,sid_set_real,Real_OpenImages
corpora/sid_set/images/real/d1a6cf6d66120172.jpg,0,sid_set_real,Real_OpenImages
corpora/sid_set/images/real/2458bde0e8849e8c.jpg,0,sid_set_real,Real_OpenImages
corpora/sid_set/images/real/888fea91e5a0e984.jpg,0,sid_set_real,Real_OpenImages
corpora/sid_set/images/real/22f9ec67ec95ef43.jpg,0,sid_set_real,Real_OpenImages
corpora/sid_set/images/real/435a06454d2fe36f.jpg,0,sid_set_real,Real_OpenImages
corpora/sid_set/images/real/dcc1b5bf8d777e56.jpg,0,sid_set_real,Real_OpenImages
corpora/sid_set/images/real/d5004282b964992e.jpg,0,sid_set_real,Real_OpenImages
corpora/sid_set/images/real/6c4271edf6484219.jpg,0,sid_set_real,Real_OpenImages
corpora/sid_set/images/real/15aec83a53930ee1.jpg,0,sid_set_real,Real_OpenImages
corpora/sid_set/images/real/2717fb742586f5c9.jpg,0,sid_set_real,Real_OpenImages
corpora/sid_set/images/real/cbb194d6ed307b76.jpg,0,sid_set_real,Real_OpenImages
corpora/sid_set/images/real/a91e1d2d09c13ff7.jpg,0,sid_set_real,Real_OpenImages
corpora/sid_set/images/real/920c697653cb0cd0.jpg,0,sid_set_real,Real_OpenImages
corpora/sid_set/images/real/7174ffb13364a2b6.jpg,0,sid_set_real,Real_OpenImages
corpora/sid_set/images/real/b6c7848b5a3cb2de.jpg,0,sid_set_real,Real_OpenImages
corpora/sid_set/images/real/0bfa4810c3b74772.jpg,0,sid_set_real,Real_OpenImages
corpora/sid_set/images/real/4aa1dcc3f9c6d167.jpg,0,sid_set_real,Real_OpenImages
corpora/sid_set/images/real/b4ef3e6544bfbf1f.jpg,0,sid_set_real,Real_OpenImages
corpora/sid_set/images/real/b86472303e7969d3.jpg,0,sid_set_real,Real_OpenImages
corpora/sid_set/images/real/23bb9725083d6905.jpg,0,sid_set_real,Real_OpenImages
corpora/sid_set/images/real/6e6e9cc4bf7f6471.jpg,0,sid_set_real,Real_OpenImages
corpora/sid_set/images/real/1b035d5bf36b68e6.jpg,0,sid_set_real,Real_OpenImages
corpora/sid_set/images/real/eaa2c5261b90daf8.jpg,0,sid_set_real,Real_OpenImages
corpora/sid_set/images/real/c83a9480212bb047.jpg,0,sid_set_real,Real_OpenImages
corpora/sid_set/images/real/b6f52712a0d5028f.jpg,0,sid_set_real,Real_OpenImages
corpora/sid_set/images/real/cf5b3e026a50237e.jpg,0,sid_set_real,Real_OpenImages
corpora/sid_set/images/real/38cd32a1355f5afe.jpg,0,sid_set_real,Real_OpenImages
corpora/sid_set/images/real/b0ed0e403f7226c1.jpg,0,sid_set_real,Real_OpenImages
corpora/sid_set/images/real/5248089530b7e2f9.jpg,0,sid_set_real,Real_OpenImages
corpora/sid_set/images/real/ce40045302f4d1d3.jpg,0,sid_set_real,Real_OpenImages
corpora/sid_set/images/real/0a7052110238cc5a.jpg,0,sid_set_real,Real_OpenImages
corpora/sid_set/images/real/f21cf1f985b71dbb.jpg,0,sid_set_real,Real_OpenImages
corpora/sid_set/images/real/02883b8fef974c57.jpg,0,sid_set_real,Real_OpenImages
corpora/sid_set/images/real/08a0123c4bb34ebf.jpg,0,sid_set_real,Real_OpenImages
corpora/sid_set/images/real/cc0e6ba4a9e5a495.jpg,0,sid_set_real,Real_OpenImages
corpora/sid_set/images/real/32e5016def28fb45.jpg,0,sid_set_real,Real_OpenImages
corpora/sid_set/images/real/994b7399cfb58fc1.jpg,0,sid_set_real,Real_OpenImages
corpora/sid_set/images/real/b9dbd4e7a6437995.jpg,0,sid_set_real,Real_OpenImages
corpora/sid_set/images/real/77da0d758b7f11f6.jpg,0,sid_set_real,Real_OpenImages
corpora/sid_set/images/real/1e68376a7f4d5dbb.jpg,0,sid_set_real,Real_OpenImages
corpora/sid_set/images/real/92e0b68ae9af1078.jpg,0,sid_set_real,Real_OpenImages
corpora/sid_set/images/real/40d9f041ef944d0c.jpg,0,sid_set_real,Real_OpenImages
corpora/sid_set/images/real/ec2698e48ab51e6c.jpg,0,sid_set_real,Real_OpenImages
corpora/sid_set/images/real/49de7e100ccc5d1a.jpg,0,sid_set_real,Real_OpenImages
corpora/sid_set/images/real/c6f9049dae262a81.jpg,0,sid_set_real,Real_OpenImages
corpora/sid_set/images/real/27f21c61b8a1b116.jpg,0,sid_set_real,Real_OpenImages
corpora/sid_set/images/real/423877bd8166887a.jpg,0,sid_set_real,Real_OpenImages
corpora/sid_set/images/real/8cb9bda71949b75c.jpg,0,sid_set_real,Real_OpenImages
corpora/sid_set/images/real/3e2a9fa1f8f189b8.jpg,0,sid_set_real,Real_OpenImages
corpora/sid_set/images/real/30c180abf1c1480b.jpg,0,sid_set_real,Real_OpenImages
corpora/sid_set/images/real/310512d5cbe73c15.jpg,0,sid_set_real,Real_OpenImages
corpora/sid_set/images/real/097b5c39ade10a79.jpg,0,sid_set_real,Real_OpenImages
corpora/sid_set/images/real/8102e38ed296b895.jpg,0,sid_set_real,Real_OpenImages
corpora/sid_set/images/real/63935db6cb8cb7d6.jpg,0,sid_set_real,Real_OpenImages
corpora/sid_set/images/real/96d9c52265d24345.jpg,0,sid_set_real,Real_OpenImages
corpora/sid_set/images/real/29e43306b03adb29.jpg,0,sid_set_real,Real_OpenImages
corpora/sid_set/images/real/f65b054281eb08f3.jpg,0,sid_set_real,Real_OpenImages
corpora/sid_set/images/real/54459af81e2932d0.jpg,0,sid_set_real,Real_OpenImages
corpora/sid_set/images/real/d23ca2aedd578ba5.jpg,0,sid_set_real,Real_OpenImages
corpora/sid_set/images/real/966db06fd2730625.jpg,0,sid_set_real,Real_OpenImages
corpora/sid_set/images/real/0f95723870627998.jpg,0,sid_set_real,Real_OpenImages
corpora/sid_set/images/real/fafead6410c42d7d.jpg,0,sid_set_real,Real_OpenImages
corpora/sid_set/images/real/daa31e7ceceba57a.jpg,0,sid_set_real,Real_OpenImages
corpora/sid_set/images/real/052e9fe1d5b57bcb.jpg,0,sid_set_real,Real_OpenImages
corpora/sid_set/images/real/9c0a7798103906cf.jpg,0,sid_set_real,Real_OpenImages
corpora/sid_set/images/real/5d3dcae12b07b90b.jpg,0,sid_set_real,Real_OpenImages
corpora/sid_set/images/real/c59a79a3d1d6fe09.jpg,0,sid_set_real,Real_OpenImages
corpora/sid_set/images/real/1d731b8327ae2f35.jpg,0,sid_set_real,Real_OpenImages
corpora/sid_set/images/real/43caed8f165139b5.jpg,0,sid_set_real,Real_OpenImages
corpora/sid_set/images/real/12559d64de8a9be4.jpg,0,sid_set_real,Real_OpenImages
corpora/sid_set/images/real/02595569cbaa8960.jpg,0,sid_set_real,Real_OpenImages
corpora/sid_set/images/real/fb214f60144a9d09.jpg,0,sid_set_real,Real_OpenImages
corpora/sid_set/images/real/45bc15e0ac04c42f.jpg,0,sid_set_real,Real_OpenImages
corpora/sid_set/images/real/a7a949432034315d.jpg,0,sid_set_real,Real_OpenImages
corpora/sid_set/images/real/b34a3c218046bebf.jpg,0,sid_set_real,Real_OpenImages
corpora/sid_set/images/real/90e2bd1a81c656cb.jpg,0,sid_set_real,Real_OpenImages
corpora/sid_set/images/real/007bc5e7d1705191.jpg,0,sid_set_real,Real_OpenImages
corpora/sid_set/images/real/cd73dd0e0a2f0ac7.jpg,0,sid_set_real,Real_OpenImages
corpora/sid_set/images/real/bc45358c8bb6b1b5.jpg,0,sid_set_real,Real_OpenImages
corpora/sid_set/images/real/de0ee658a3c05850.jpg,0,sid_set_real,Real_OpenImages
corpora/sid_set/images/real/6d0795ac757774b1.jpg,0,sid_set_real,Real_OpenImages
corpora/sid_set/images/real/21748f3062e611c0.jpg,0,sid_set_real,Real_OpenImages
corpora/sid_set/images/real/6e3fd97c768a03d6.jpg,0,sid_set_real,Real_OpenImages
corpora/sid_set/images/real/0ca907e71582f5ca.jpg,0,sid_set_real,Real_OpenImages
corpora/sid_set/images/real/3739a2c614728352.jpg,0,sid_set_real,Real_OpenImages
corpora/sid_set/images/real/cac873be315d9346.jpg,0,sid_set_real,Real_OpenImages
corpora/sid_set/images/real/f7a284a6f9c7f6b1.jpg,0,sid_set_real,Real_OpenImages
corpora/sid_set/images/real/2f06610082c5b78a.jpg,0,sid_set_real,Real_OpenImages
corpora/sid_set/images/real/b8dccec29a11068d.jpg,0,sid_set_real,Real_OpenImages
corpora/sid_set/images/real/86549d50f94e2737.jpg,0,sid_set_real,Real_OpenImages
corpora/sid_set/images/real/0630c757f6d8ecfc.jpg,0,sid_set_real,Real_OpenImages
corpora/sid_set/images/real/5d758bf2250aa589.jpg,0,sid_set_real,Real_OpenImages
corpora/sid_set/images/real/ef881de793dd2b1c.jpg,0,sid_set_real,Real_OpenImages
corpora/sid_set/images/real/607fb9f38ebf4ea3.jpg,0,sid_set_real,Real_OpenImages
corpora/sid_set/images/real/5470dbff60322302.jpg,0,sid_set_real,Real_OpenImages
corpora/sid_set/images/real/fc3cae6d8683b381.jpg,0,sid_set_real,Real_OpenImages
corpora/sid_set/images/real/0767b727fb406cb6.jpg,0,sid_set_real,Real_OpenImages
corpora/sid_set/images/real/dfe625ca80fe6002.jpg,0,sid_set_real,Real_OpenImages
corpora/sid_set/images/real/1eb84be26dab3cba.jpg,0,sid_set_real,Real_OpenImages
corpora/sid_set/images/real/440dbf55720166ce.jpg,0,sid_set_real,Real_OpenImages
corpora/sid_set/images/real/31a321455869bb23.jpg,0,sid_set_real,Real_OpenImages
corpora/sid_set/images/real/1fdd2aa3811898e3.jpg,0,sid_set_real,Real_OpenImages
corpora/sid_set/images/real/8419b7c19579a566.jpg,0,sid_set_real,Real_OpenImages
corpora/sid_set/images/real/57e5625650d18e3f.jpg,0,sid_set_real,Real_OpenImages
corpora/sid_set/images/real/b733ce2e5a10f893.jpg,0,sid_set_real,Real_OpenImages
corpora/sid_set/images/real/32a2bc368769ec4c.jpg,0,sid_set_real,Real_OpenImages
corpora/sid_set/images/real/c81525af90bd8318.jpg,0,sid_set_real,Real_OpenImages
corpora/sid_set/images/real/0a8030ea8eacba71.jpg,0,sid_set_real,Real_OpenImages
corpora/sid_set/images/real/59661d618a77e6a3.jpg,0,sid_set_real,Real_OpenImages
corpora/sid_set/images/real/f079594b41c95b46.jpg,0,sid_set_real,Real_OpenImages
corpora/sid_set/images/real/c7cf44d690619c18.jpg,0,sid_set_real,Real_OpenImages
corpora/sid_set/images/real/016397cff099941a.jpg,0,sid_set_real,Real_OpenImages
corpora/sid_set/images/real/e42edfefb5021bd3.jpg,0,sid_set_real,Real_OpenImages
corpora/sid_set/images/real/45dd2bef74537a0a.jpg,0,sid_set_real,Real_OpenImages
corpora/sid_set/images/real/232de66700d7247b.jpg,0,sid_set_real,Real_OpenImages
corpora/sid_set/images/real/d8464b5ebb05fae2.jpg,0,sid_set_real,Real_OpenImages
corpora/sid_set/images/real/18322dfce9e9a024.jpg,0,sid_set_real,Real_OpenImages
corpora/sid_set/images/real/0831668078980ab8.jpg,0,sid_set_real,Real_OpenImages
corpora/sid_set/images/real/21f93b236d551d74.jpg,0,sid_set_real,Real_OpenImages
corpora/sid_set/images/real/9d84457444cb6778.jpg,0,sid_set_real,Real_OpenImages
corpora/sid_set/images/real/e313e6af499abfc2.jpg,0,sid_set_real,Real_OpenImages
corpora/sid_set/images/real/9ea181a5d374ef3b.jpg,0,sid_set_real,Real_OpenImages
corpora/sid_set/images/real/e3f793a4d5f2a68a.jpg,0,sid_set_real,Real_OpenImages
corpora/sid_set/images/real/30c4f2c03bcbd5f0.jpg,0,sid_set_real,Real_OpenImages
corpora/sid_set/images/real/b88347b2676b9740.jpg,0,sid_set_real,Real_OpenImages
corpora/sid_set/images/real/244b495f671bde00.jpg,0,sid_set_real,Real_OpenImages
corpora/sid_set/images/real/6a51aa8637273c89.jpg,0,sid_set_real,Real_OpenImages
corpora/sid_set/images/real/1c025a1056b8ddd8.jpg,0,sid_set_real,Real_OpenImages
corpora/sid_set/images/real/78b11aff9aa1e0df.jpg,0,sid_set_real,Real_OpenImages
corpora/sid_set/images/real/04523c420786b71e.jpg,0,sid_set_real,Real_OpenImages
corpora/sid_set/images/real/1a29f33f841d75a8.jpg,0,sid_set_real,Real_OpenImages
corpora/sid_set/images/real/8073e60166219be4.jpg,0,sid_set_real,Real_OpenImages
corpora/sid_set/images/real/3e041a1c42126662.jpg,0,sid_set_real,Real_OpenImages
corpora/sid_set/images/real/0285e5693f474f56.jpg,0,sid_set_real,Real_OpenImages
corpora/sid_set/images/real/1bc08bc9451dc054.jpg,0,sid_set_real,Real_OpenImages
corpora/sid_set/images/real/6012ecb028b92e88.jpg,0,sid_set_real,Real_OpenImages
corpora/sid_set/images/real/4d548f01cc84a72c.jpg,0,sid_set_real,Real_OpenImages
corpora/sid_set/images/real/0b2cdd096c547295.jpg,0,sid_set_real,Real_OpenImages
corpora/sid_set/images/real/1b7e9f8bcc005045.jpg,0,sid_set_real,Real_OpenImages
corpora/sid_set/images/real/c260e3149f469a70.jpg,0,sid_set_real,Real_OpenImages
corpora/sid_set/images/real/9dd8a8ab0ebe9aa0.jpg,0,sid_set_real,Real_OpenImages
corpora/sid_set/images/real/ac316f14c9fcf3b1.jpg,0,sid_set_real,Real_OpenImages
corpora/sid_set/images/real/f2246a825ebf1ed7.jpg,0,sid_set_real,Real_OpenImages
corpora/sid_set/images/real/1a2fb807de8f3c14.jpg,0,sid_set_real,Real_OpenImages
corpora/sid_set/images/real/d85ebfc5c57541d2.jpg,0,sid_set_real,Real_OpenImages
corpora/sid_set/images/real/6a89e3055070217a.jpg,0,sid_set_real,Real_OpenImages
corpora/sid_set/images/real/ceb1b5d907728e2a.jpg,0,sid_set_real,Real_OpenImages
corpora/sid_set/images/real/001da8aeda193c79.jpg,0,sid_set_real,Real_OpenImages
corpora/sid_set/images/real/bd74736ec5ee6922.jpg,0,sid_set_real,Real_OpenImages
corpora/sid_set/images/real/a732a24bbe48e0ca.jpg,0,sid_set_real,Real_OpenImages
corpora/sid_set/images/real/52d6e274bd3df734.jpg,0,sid_set_real,Real_OpenImages
corpora/sid_set/images/real/145e3380cffb74f8.jpg,0,sid_set_real,Real_OpenImages
corpora/sid_set/images/real/7a4667e60628e97b.jpg,0,sid_set_real,Real_OpenImages
corpora/sid_set/images/real/989924dd8c7eba63.jpg,0,sid_set_real,Real_OpenImages
corpora/sid_set/images/real/197ddf4bdf2009b8.jpg,0,sid_set_real,Real_OpenImages
corpora/sid_set/images/real/008b6788aa0ef238.jpg,0,sid_set_real,Real_OpenImages
corpora/sid_set/images/real/4a467b5981d693ee.jpg,0,sid_set_real,Real_OpenImages
corpora/sid_set/images/real/bdd73e61a396842b.jpg,0,sid_set_real,Real_OpenImages
corpora/sid_set/images/real/7ecf81ba168e70c9.jpg,0,sid_set_real,Real_OpenImages
corpora/sid_set/images/real/1ac4a06076ef4df8.jpg,0,sid_set_real,Real_OpenImages
corpora/sid_set/images/real/1b270cbb1b9a4463.jpg,0,sid_set_real,Real_OpenImages
corpora/sid_set/images/real/cb583b4b0950703e.jpg,0,sid_set_real,Real_OpenImages
corpora/sid_set/images/real/4d21dcb3b230f71a.jpg,0,sid_set_real,Real_OpenImages
corpora/sid_set/images/real/c682db8128e4ac12.jpg,0,sid_set_real,Real_OpenImages
corpora/sid_set/images/real/da793871f189b54b.jpg,0,sid_set_real,Real_OpenImages
corpora/sid_set/images/real/97b6d51addde3116.jpg,0,sid_set_real,Real_OpenImages
corpora/sid_set/images/real/a0d0c7ee824c9f28.jpg,0,sid_set_real,Real_OpenImages
corpora/sid_set/images/real/c7345db8d83ae2ce.jpg,0,sid_set_real,Real_OpenImages
corpora/sid_set/images/real/0dd2a181cc555fed.jpg,0,sid_set_real,Real_OpenImages
corpora/sid_set/images/real/734d8a534b148783.jpg,0,sid_set_real,Real_OpenImages
corpora/sid_set/images/real/dbb7b8c6e0cab9b2.jpg,0,sid_set_real,Real_OpenImages
corpora/sid_set/images/real/6e85fa61dad7ac0a.jpg,0,sid_set_real,Real_OpenImages
corpora/sid_set/images/real/521012c2016c7187.jpg,0,sid_set_real,Real_OpenImages
corpora/sid_set/images/real/65de7d84cbf3d45e.jpg,0,sid_set_real,Real_OpenImages
corpora/sid_set/images/real/db9afc2d13fe5bc9.jpg,0,sid_set_real,Real_OpenImages
corpora/sid_set/images/real/d62027e4f78cecd8.jpg,0,sid_set_real,Real_OpenImages
corpora/sid_set/images/real/90e4d0e1585391b0.jpg,0,sid_set_real,Real_OpenImages
corpora/sid_set/images/real/9e5385f53ae61664.jpg,0,sid_set_real,Real_OpenImages
corpora/sid_set/images/real/17fa9923e0f7a844.jpg,0,sid_set_real,Real_OpenImages
corpora/sid_set/images/real/5c5175c2cb053185.jpg,0,sid_set_real,Real_OpenImages
corpora/sid_set/images/real/a684c528ded4f559.jpg,0,sid_set_real,Real_OpenImages
corpora/sid_set/images/real/ae9b3c456e4e10e9.jpg,0,sid_set_real,Real_OpenImages
corpora/sid_set/images/real/aca0ff5043b4c56a.jpg,0,sid_set_real,Real_OpenImages
corpora/sid_set/images/real/fee1c7a5a383c4f0.jpg,0,sid_set_real,Real_OpenImages
corpora/sid_set/images/real/59a596d74066c944.jpg,0,sid_set_real,Real_OpenImages
corpora/sid_set/images/real/ccd818ab26c2fc3d.jpg,0,sid_set_real,Real_OpenImages
corpora/sid_set/images/real/29d9eda4fad7a7f1.jpg,0,sid_set_real,Real_OpenImages
corpora/sid_set/images/real/ee75ddd61f4ba364.jpg,0,sid_set_real,Real_OpenImages
corpora/sid_set/images/real/79b5e81807a73eb8.jpg,0,sid_set_real,Real_OpenImages
corpora/sid_set/images/real/716f20b2550c720a.jpg,0,sid_set_real,Real_OpenImages
corpora/sid_set/images/real/c8bba3ff4484336e.jpg,0,sid_set_real,Real_OpenImages
corpora/sid_set/images/real/79f6aa869b6f7f8c.jpg,0,sid_set_real,Real_OpenImages
corpora/sid_set/images/real/e5d73e006fcc68d9.jpg,0,sid_set_real,Real_OpenImages
corpora/sid_set/images/real/5e868f088746de61.jpg,0,sid_set_real,Real_OpenImages
corpora/sid_set/images/real/03c689cb7bba1af9.jpg,0,sid_set_real,Real_OpenImages
corpora/sid_set/images/real/e1084a72acd8ca98.jpg,0,sid_set_real,Real_OpenImages
corpora/sid_set/images/real/8283aee325ec9e2b.jpg,0,sid_set_real,Real_OpenImages
corpora/sid_set/images/real/1baeb17039a7e39b.jpg,0,sid_set_real,Real_OpenImages
corpora/sid_set/images/real/ae17d4c493d26361.jpg,0,sid_set_real,Real_OpenImages
corpora/sid_set/images/real/f2ee374bef1d6c7d.jpg,0,sid_set_real,Real_OpenImages
corpora/sid_set/images/real/b489d331a1b80f10.jpg,0,sid_set_real,Real_OpenImages
corpora/sid_set/images/real/7db9e91744b644bd.jpg,0,sid_set_real,Real_OpenImages
corpora/sid_set/images/real/390af6a6a20f491a.jpg,0,sid_set_real,Real_OpenImages
corpora/sid_set/images/real/f2bf9c3c717450ac.jpg,0,sid_set_real,Real_OpenImages
corpora/sid_set/images/real/f2e97feaf9961b9d.jpg,0,sid_set_real,Real_OpenImages
corpora/sid_set/images/real/36ec09a853db01ed.jpg,0,sid_set_real,Real_OpenImages
corpora/sid_set/images/real/f146f6966b1be859.jpg,0,sid_set_real,Real_OpenImages
corpora/sid_set/images/real/45ef78cc93eaaf29.jpg,0,sid_set_real,Real_OpenImages
corpora/sid_set/images/real/d3a1b7d3151562f6.jpg,0,sid_set_real,Real_OpenImages
corpora/sid_set/images/real/729d6b2d1720c872.jpg,0,sid_set_real,Real_OpenImages
corpora/sid_set/images/real/1d992e8a973fdec4.jpg,0,sid_set_real,Real_OpenImages
corpora/sid_set/images/real/305d9675a028d7c5.jpg,0,sid_set_real,Real_OpenImages
corpora/sid_set/images/real/97ec277076185ccd.jpg,0,sid_set_real,Real_OpenImages
corpora/sid_set/images/real/f32a3ce436ae2835.jpg,0,sid_set_real,Real_OpenImages
corpora/sid_set/images/real/c14ad7e8a612ee84.jpg,0,sid_set_real,Real_OpenImages
corpora/sid_set/images/real/38117280f504a761.jpg,0,sid_set_real,Real_OpenImages
corpora/sid_set/images/real/0022fdfc1880d432.jpg,0,sid_set_real,Real_OpenImages
corpora/sid_set/images/real/73396b7177805cf9.jpg,0,sid_set_real,Real_OpenImages
corpora/sid_set/images/real/6ef7ec175b3eb8e0.jpg,0,sid_set_real,Real_OpenImages
corpora/sid_set/images/real/115348eee61c4992.jpg,0,sid_set_real,Real_OpenImages
corpora/sid_set/images/real/7e38aee9fa06b13c.jpg,0,sid_set_real,Real_OpenImages
corpora/sid_set/images/real/12c7052d27a1b51c.jpg,0,sid_set_real,Real_OpenImages
corpora/sid_set/images/real/c2b936024e373a88.jpg,0,sid_set_real,Real_OpenImages
corpora/sid_set/images/real/0a43658c3c2e0d8e.jpg,0,sid_set_real,Real_OpenImages
corpora/sid_set/images/real/6a8282547f0d40fc.jpg,0,sid_set_real,Real_OpenImages
corpora/sid_set/images/real/e5991a110bcf95db.jpg,0,sid_set_real,Real_OpenImages
corpora/sid_set/images/real/4e06430edba3a77b.jpg,0,sid_set_real,Real_OpenImages
corpora/sid_set/images/real/9c0844f07f58ac65.jpg,0,sid_set_real,Real_OpenImages
corpora/sid_set/images/real/f7a2c8fc0f45f219.jpg,0,sid_set_real,Real_OpenImages
corpora/sid_set/images/real/32de5dd14ecee55a.jpg,0,sid_set_real,Real_OpenImages
corpora/sid_set/images/real/07e6a576c0288638.jpg,0,sid_set_real,Real_OpenImages
corpora/sid_set/images/real/6a1f9c86daeac9bc.jpg,0,sid_set_real,Real_OpenImages
corpora/sid_set/images/real/37e6c86600c9cec5.jpg,0,sid_set_real,Real_OpenImages
corpora/sid_set/images/real/f95c65000da771f6.jpg,0,sid_set_real,Real_OpenImages
corpora/sid_set/images/real/7f45626d9df09012.jpg,0,sid_set_real,Real_OpenImages
corpora/sid_set/images/real/3d7431215ff93b8f.jpg,0,sid_set_real,Real_OpenImages
corpora/sid_set/images/real/b2084a8f84d93ff3.jpg,0,sid_set_real,Real_OpenImages
corpora/sid_set/images/real/b920c9be8e7ebf83.jpg,0,sid_set_real,Real_OpenImages
corpora/sid_set/images/real/d11e0fefb83491fb.jpg,0,sid_set_real,Real_OpenImages
corpora/sid_set/images/real/61f49ddc22e8a7cb.jpg,0,sid_set_real,Real_OpenImages
corpora/sid_set/images/real/4c633a9da7ee0983.jpg,0,sid_set_real,Real_OpenImages
corpora/sid_set/images/real/be6e65c0472dbff3.jpg,0,sid_set_real,Real_OpenImages
corpora/sid_set/images/real/b6db976b41bdafde.jpg,0,sid_set_real,Real_OpenImages
corpora/sid_set/images/real/6964c146bf4b954e.jpg,0,sid_set_real,Real_OpenImages
corpora/sid_set/images/real/482661694cf8996a.jpg,0,sid_set_real,Real_OpenImages
corpora/sid_set/images/real/842971fc160b77dd.jpg,0,sid_set_real,Real_OpenImages
corpora/sid_set/images/real/92e5567759ce4dfb.jpg,0,sid_set_real,Real_OpenImages
corpora/sid_set/images/real/bc8a27b40935715d.jpg,0,sid_set_real,Real_OpenImages
corpora/sid_set/images/real/121e12fd464f8600.jpg,0,sid_set_real,Real_OpenImages
corpora/sid_set/images/real/6dc6edc5f2fa3f78.jpg,0,sid_set_real,Real_OpenImages
corpora/sid_set/images/real/ebe8d9a234534cc6.jpg,0,sid_set_real,Real_OpenImages
corpora/sid_set/images/real/c73fcbb4812789b4.jpg,0,sid_set_real,Real_OpenImages
corpora/sid_set/images/real/ec2e6b2d96317108.jpg,0,sid_set_real,Real_OpenImages
corpora/sid_set/images/real/6b7f6fd4676103fc.jpg,0,sid_set_real,Real_OpenImages
corpora/sid_set/images/real/a50b5f11c9d61ed7.jpg,0,sid_set_real,Real_OpenImages
corpora/sid_set/images/real/043b18a22d067107.jpg,0,sid_set_real,Real_OpenImages
corpora/sid_set/images/real/95189f7359de7204.jpg,0,sid_set_real,Real_OpenImages
corpora/sid_set/images/real/a61e62e98ab8d52a.jpg,0,sid_set_real,Real_OpenImages
corpora/sid_set/images/real/8ca785c089065375.jpg,0,sid_set_real,Real_OpenImages
corpora/sid_set/images/real/4f4eb73924b7deb7.jpg,0,sid_set_real,Real_OpenImages
corpora/sid_set/images/real/f2288d209b078874.jpg,0,sid_set_real,Real_OpenImages
corpora/sid_set/images/real/b86adc21322eaf94.jpg,0,sid_set_real,Real_OpenImages
corpora/sid_set/images/real/7fbded6d9cce2a38.jpg,0,sid_set_real,Real_OpenImages
corpora/sid_set/images/real/586b96b9758d9fd3.jpg,0,sid_set_real,Real_OpenImages
corpora/sid_set/images/real/7e6489d5d9fd5bb9.jpg,0,sid_set_real,Real_OpenImages
corpora/sid_set/images/real/6815dd54a57fe6ce.jpg,0,sid_set_real,Real_OpenImages
corpora/sid_set/images/real/11f7c55e46130426.jpg,0,sid_set_real,Real_OpenImages
corpora/sid_set/images/real/6d170af6f662358c.jpg,0,sid_set_real,Real_OpenImages
corpora/sid_set/images/real/32daf008d096b378.jpg,0,sid_set_real,Real_OpenImages
corpora/sid_set/images/real/184529ffc0d8e633.jpg,0,sid_set_real,Real_OpenImages
corpora/sid_set/images/real/41bf329f9352a009.jpg,0,sid_set_real,Real_OpenImages
corpora/sid_set/images/real/aedd98a39362e2e7.jpg,0,sid_set_real,Real_OpenImages
corpora/sid_set/images/real/bdd53913e233b2dc.jpg,0,sid_set_real,Real_OpenImages
corpora/sid_set/images/real/c6aef953b8c9fb0e.jpg,0,sid_set_real,Real_OpenImages
corpora/sid_set/images/real/b118017672f86df5.jpg,0,sid_set_real,Real_OpenImages
corpora/sid_set/images/real/65c88a26ec8d3ad7.jpg,0,sid_set_real,Real_OpenImages
corpora/sid_set/images/real/803db6bcf7fbdef2.jpg,0,sid_set_real,Real_OpenImages
corpora/sid_set/images/real/8e2ca68c5609e76d.jpg,0,sid_set_real,Real_OpenImages
corpora/sid_set/images/real/a33e640339648bdd.jpg,0,sid_set_real,Real_OpenImages
corpora/sid_set/images/real/2f6979f2aeb19067.jpg,0,sid_set_real,Real_OpenImages
corpora/sid_set/images/real/9070edb6922a25f4.jpg,0,sid_set_real,Real_OpenImages
corpora/sid_set/images/real/a92e2ef4c7ec74ab.jpg,0,sid_set_real,Real_OpenImages
corpora/sid_set/images/real/05b43da5633c9c09.jpg,0,sid_set_real,Real_OpenImages
corpora/sid_set/images/real/0555ceaf324a1367.jpg,0,sid_set_real,Real_OpenImages
corpora/sid_set/images/real/a12119ecbd46fffe.jpg,0,sid_set_real,Real_OpenImages
corpora/sid_set/images/real/79d2aa473e9ffd5e.jpg,0,sid_set_real,Real_OpenImages
corpora/sid_set/images/real/ae723767c285792c.jpg,0,sid_set_real,Real_OpenImages
corpora/sid_set/images/real/4aeffe4ebc68bb8a.jpg,0,sid_set_real,Real_OpenImages
corpora/sid_set/images/real/54457bf42ea50208.jpg,0,sid_set_real,Real_OpenImages
corpora/sid_set/images/real/41d17ec453bba87b.jpg,0,sid_set_real,Real_OpenImages
corpora/sid_set/images/real/4f3b52824745b688.jpg,0,sid_set_real,Real_OpenImages
corpora/sid_set/images/real/197196368b680f88.jpg,0,sid_set_real,Real_OpenImages
corpora/sid_set/images/real/001c9a5b10930b0d.jpg,0,sid_set_real,Real_OpenImages
corpora/sid_set/images/real/525e811561628049.jpg,0,sid_set_real,Real_OpenImages
corpora/sid_set/images/real/84bf1cf437055d50.jpg,0,sid_set_real,Real_OpenImages
corpora/sid_set/images/real/5c5c160a1e6bd8eb.jpg,0,sid_set_real,Real_OpenImages
corpora/sid_set/images/real/917df96ceb8c6a27.jpg,0,sid_set_real,Real_OpenImages
corpora/sid_set/images/real/2d12d5fbf410d27e.jpg,0,sid_set_real,Real_OpenImages
corpora/sid_set/images/real/474fa8871162b48d.jpg,0,sid_set_real,Real_OpenImages
corpora/sid_set/images/real/713be188cb854869.jpg,0,sid_set_real,Real_OpenImages
corpora/sid_set/images/real/acac0544c854e64f.jpg,0,sid_set_real,Real_OpenImages
corpora/sid_set/images/real/a643819723eed236.jpg,0,sid_set_real,Real_OpenImages
corpora/sid_set/images/real/6b11b8647be0933c.jpg,0,sid_set_real,Real_OpenImages
corpora/sid_set/images/real/28e495f46b3424b8.jpg,0,sid_set_real,Real_OpenImages
corpora/sid_set/images/real/c78c31a2730a8caa.jpg,0,sid_set_real,Real_OpenImages
corpora/sid_set/images/real/a8ae7d1874178dfe.jpg,0,sid_set_real,Real_OpenImages
corpora/sid_set/images/real/a8533bfa90e6b3ad.jpg,0,sid_set_real,Real_OpenImages
corpora/sid_set/images/real/0157b4a67b64cf22.jpg,0,sid_set_real,Real_OpenImages
corpora/sid_set/images/real/953b23098f0f9ce8.jpg,0,sid_set_real,Real_OpenImages
corpora/sid_set/images/real/26c77f331558eb80.jpg,0,sid_set_real,Real_OpenImages
corpora/sid_set/images/real/cc573268c5c0c5c6.jpg,0,sid_set_real,Real_OpenImages
corpora/sid_set/images/real/b3247fba37bbf377.jpg,0,sid_set_real,Real_OpenImages
corpora/sid_set/images/real/63a485f0a1bdda69.jpg,0,sid_set_real,Real_OpenImages
corpora/sid_set/images/real/e32dc377850c81a9.jpg,0,sid_set_real,Real_OpenImages
corpora/sid_set/images/real/9401ede0afacfb0a.jpg,0,sid_set_real,Real_OpenImages
corpora/sid_set/images/real/26f54f6553aa196b.jpg,0,sid_set_real,Real_OpenImages
corpora/sid_set/images/real/a564af3cb746ad46.jpg,0,sid_set_real,Real_OpenImages
corpora/sid_set/images/real/2a2ec00d56ec47ee.jpg,0,sid_set_real,Real_OpenImages
corpora/sid_set/images/real/8eaff38124bf059c.jpg,0,sid_set_real,Real_OpenImages
corpora/sid_set/images/real/9fd11aa74e0b278a.jpg,0,sid_set_real,Real_OpenImages
corpora/sid_set/images/real/28e6315c1a9d93ee.jpg,0,sid_set_real,Real_OpenImages
corpora/sid_set/images/real/ba284de42c099699.jpg,0,sid_set_real,Real_OpenImages
corpora/sid_set/images/real/eab90247fdc4d3bd.jpg,0,sid_set_real,Real_OpenImages
corpora/sid_set/images/real/38fb6a274b5b494c.jpg,0,sid_set_real,Real_OpenImages
corpora/sid_set/images/real/72495806a2cc843d.jpg,0,sid_set_real,Real_OpenImages
corpora/sid_set/images/real/f18a1526a5c75001.jpg,0,sid_set_real,Real_OpenImages
corpora/sid_set/images/real/45b45b2c69ec69fc.jpg,0,sid_set_real,Real_OpenImages
corpora/sid_set/images/real/b23036bf90838a58.jpg,0,sid_set_real,Real_OpenImages
corpora/sid_set/images/real/5d36986c3f67842c.jpg,0,sid_set_real,Real_OpenImages
corpora/sid_set/images/real/a6adb9919db2304c.jpg,0,sid_set_real,Real_OpenImages
corpora/sid_set/images/real/9ff8211e90691df1.jpg,0,sid_set_real,Real_OpenImages
corpora/sid_set/images/real/f54cf02430a2135b.jpg,0,sid_set_real,Real_OpenImages
corpora/sid_set/images/real/c05b9c71df44927b.jpg,0,sid_set_real,Real_OpenImages
corpora/sid_set/images/real/c5d7c53deb8d929f.jpg,0,sid_set_real,Real_OpenImages
corpora/sid_set/images/real/708000732cad67d6.jpg,0,sid_set_real,Real_OpenImages
corpora/sid_set/images/real/009768b93c31d499.jpg,0,sid_set_real,Real_OpenImages
corpora/sid_set/images/real/7d39cfbe1b17c29e.jpg,0,sid_set_real,Real_OpenImages
corpora/sid_set/images/real/8488f7d0ccc7d1ed.jpg,0,sid_set_real,Real_OpenImages
corpora/sid_set/images/real/005c23af99c968a0.jpg,0,sid_set_real,Real_OpenImages
corpora/sid_set/images/real/8d78016a91c72245.jpg,0,sid_set_real,Real_OpenImages
corpora/sid_set/images/real/10ac3ac7df46a1fc.jpg,0,sid_set_real,Real_OpenImages
corpora/sid_set/images/real/16b5868aa967e4a5.jpg,0,sid_set_real,Real_OpenImages
corpora/sid_set/images/real/c0fc67c541693fd0.jpg,0,sid_set_real,Real_OpenImages
corpora/sid_set/images/real/04f68617294fd440.jpg,0,sid_set_real,Real_OpenImages
corpora/sid_set/images/real/4d502886971dd0bc.jpg,0,sid_set_real,Real_OpenImages
corpora/sid_set/images/real/5ee337a9ffb9acda.jpg,0,sid_set_real,Real_OpenImages
corpora/sid_set/images/real/cddc6ea470948109.jpg,0,sid_set_real,Real_OpenImages
corpora/sid_set/images/real/9beff966227d4258.jpg,0,sid_set_real,Real_OpenImages
corpora/sid_set/images/real/39d6f1b9a7d528d3.jpg,0,sid_set_real,Real_OpenImages
corpora/sid_set/images/real/025a20e3ec7fc903.jpg,0,sid_set_real,Real_OpenImages
corpora/sid_set/images/real/9e615481ce970528.jpg,0,sid_set_real,Real_OpenImages
corpora/sid_set/images/real/0144c9d612a97110.jpg,0,sid_set_real,Real_OpenImages
corpora/sid_set/images/real/95d60b6268f8b276.jpg,0,sid_set_real,Real_OpenImages
corpora/sid_set/images/real/4276afd370dc6aa5.jpg,0,sid_set_real,Real_OpenImages
corpora/sid_set/images/real/2d2c4ed6aa63eb11.jpg,0,sid_set_real,Real_OpenImages
corpora/sid_set/images/real/e8e8bb3a5e87ff4e.jpg,0,sid_set_real,Real_OpenImages
corpora/sid_set/images/real/65c2dceb4a84d16f.jpg,0,sid_set_real,Real_OpenImages
corpora/sid_set/images/real/6b82600c25ef316c.jpg,0,sid_set_real,Real_OpenImages
corpora/sid_set/images/real/4e053c6c9a324332.jpg,0,sid_set_real,Real_OpenImages
corpora/sid_set/images/real/421fac8c5d51396d.jpg,0,sid_set_real,Real_OpenImages
corpora/sid_set/images/real/02a92ef7640e4487.jpg,0,sid_set_real,Real_OpenImages
corpora/sid_set/images/real/cc5c43cbda729af1.jpg,0,sid_set_real,Real_OpenImages
corpora/sid_set/images/real/7e7691064286d985.jpg,0,sid_set_real,Real_OpenImages
corpora/sid_set/images/real/6186d91e8d9bdcd5.jpg,0,sid_set_real,Real_OpenImages
corpora/sid_set/images/real/d3a703d9bdd926c1.jpg,0,sid_set_real,Real_OpenImages
corpora/sid_set/images/real/7fd3262f591e10ad.jpg,0,sid_set_real,Real_OpenImages
corpora/sid_set/images/real/1bf61bb3411f6af9.jpg,0,sid_set_real,Real_OpenImages
corpora/sid_set/images/real/c27e868e03823897.jpg,0,sid_set_real,Real_OpenImages
corpora/sid_set/images/real/be521fe281b3844f.jpg,0,sid_set_real,Real_OpenImages
corpora/sid_set/images/real/3da8bafb3d38a55f.jpg,0,sid_set_real,Real_OpenImages
corpora/sid_set/images/real/82637ef1e117e271.jpg,0,sid_set_real,Real_OpenImages
corpora/sid_set/images/real/27122a0f97a95715.jpg,0,sid_set_real,Real_OpenImages
corpora/sid_set/images/real/e49d5d728f876194.jpg,0,sid_set_real,Real_OpenImages
corpora/sid_set/images/real/0582cfcca0cc3ce2.jpg,0,sid_set_real,Real_OpenImages
corpora/sid_set/images/real/302ace5ae9b01b38.jpg,0,sid_set_real,Real_OpenImages
corpora/sid_set/images/real/9f845aa338ea9ba7.jpg,0,sid_set_real,Real_OpenImages
corpora/sid_set/images/real/a1532877d754803e.jpg,0,sid_set_real,Real_OpenImages
corpora/sid_set/images/real/5d16924bac664fe8.jpg,0,sid_set_real,Real_OpenImages
corpora/sid_set/images/real/4bc3a4be455b3f29.jpg,0,sid_set_real,Real_OpenImages
corpora/sid_set/images/real/9f9497ea72231f50.jpg,0,sid_set_real,Real_OpenImages
corpora/sid_set/images/real/5ec8e98ee7e5000d.jpg,0,sid_set_real,Real_OpenImages
corpora/sid_set/images/real/99db1e53f3678666.jpg,0,sid_set_real,Real_OpenImages
corpora/sid_set/images/real/a515b42149afea95.jpg,0,sid_set_real,Real_OpenImages
corpora/sid_set/images/real/64b4925365f7b748.jpg,0,sid_set_real,Real_OpenImages
corpora/sid_set/images/real/b890905c37974f77.jpg,0,sid_set_real,Real_OpenImages
corpora/sid_set/images/real/b0547bc075e16075.jpg,0,sid_set_real,Real_OpenImages
corpora/sid_set/images/real/dddf970691186096.jpg,0,sid_set_real,Real_OpenImages
corpora/sid_set/images/real/e3b23f458aa11b58.jpg,0,sid_set_real,Real_OpenImages
corpora/sid_set/images/real/aee238ab8f11c121.jpg,0,sid_set_real,Real_OpenImages
corpora/sid_set/images/real/c11abc129e48a9a9.jpg,0,sid_set_real,Real_OpenImages
corpora/sid_set/images/real/98ee2efb68e9ed0e.jpg,0,sid_set_real,Real_OpenImages
corpora/sid_set/images/real/21c9409b00d3e474.jpg,0,sid_set_real,Real_OpenImages
corpora/sid_set/images/real/0d445c41c02060f5.jpg,0,sid_set_real,Real_OpenImages
corpora/sid_set/images/real/61de7058e4f6a613.jpg,0,sid_set_real,Real_OpenImages
corpora/sid_set/images/real/f5b7dd778d47068a.jpg,0,sid_set_real,Real_OpenImages
corpora/sid_set/images/real/61470043c111eaab.jpg,0,sid_set_real,Real_OpenImages
corpora/sid_set/images/real/266b63019fbdbb1e.jpg,0,sid_set_real,Real_OpenImages
corpora/sid_set/images/real/3298eeca2b1ee20a.jpg,0,sid_set_real,Real_OpenImages
corpora/sid_set/images/real/dd17ca1a426d9b77.jpg,0,sid_set_real,Real_OpenImages
corpora/sid_set/images/real/6ee1ab460bf35797.jpg,0,sid_set_real,Real_OpenImages
corpora/sid_set/images/real/81eee692f6b95dc2.jpg,0,sid_set_real,Real_OpenImages
corpora/sid_set/images/real/0d4a8de9cff760f6.jpg,0,sid_set_real,Real_OpenImages
corpora/sid_set/images/real/c67eb26488dc7f70.jpg,0,sid_set_real,Real_OpenImages
corpora/sid_set/images/real/af9c9095f5f9e124.jpg,0,sid_set_real,Real_OpenImages
corpora/sid_set/images/real/5a5709f4e1bf9a9b.jpg,0,sid_set_real,Real_OpenImages
corpora/sid_set/images/real/0a2291c6117d077b.jpg,0,sid_set_real,Real_OpenImages
corpora/sid_set/images/real/c9f77958472c17a5.jpg,0,sid_set_real,Real_OpenImages
corpora/sid_set/images/real/165e3de5a43241a5.jpg,0,sid_set_real,Real_OpenImages
corpora/sid_set/images/real/7777eae351940e27.jpg,0,sid_set_real,Real_OpenImages
corpora/sid_set/images/real/de2850de99f2fbea.jpg,0,sid_set_real,Real_OpenImages
corpora/sid_set/images/real/901943fce49c9e7a.jpg,0,sid_set_real,Real_OpenImages
corpora/sid_set/images/real/4e973a1d32090310.jpg,0,sid_set_real,Real_OpenImages
corpora/sid_set/images/real/03be90089c05d501.jpg,0,sid_set_real,Real_OpenImages
corpora/sid_set/images/real/8f2051f672812ec5.jpg,0,sid_set_real,Real_OpenImages
corpora/sid_set/images/real/29249d4fdbc61056.jpg,0,sid_set_real,Real_OpenImages
corpora/sid_set/images/real/b36637ff917aa215.jpg,0,sid_set_real,Real_OpenImages
corpora/sid_set/images/real/29d5ba2c75d98038.jpg,0,sid_set_real,Real_OpenImages
corpora/sid_set/images/real/3fde8cfb3945ef2e.jpg,0,sid_set_real,Real_OpenImages
corpora/sid_set/images/real/b71a244c89d562da.jpg,0,sid_set_real,Real_OpenImages
corpora/sid_set/images/real/d364218e73afc5d1.jpg,0,sid_set_real,Real_OpenImages
corpora/sid_set/images/real/3bc04e995f36632c.jpg,0,sid_set_real,Real_OpenImages
corpora/sid_set/images/real/42fc80208d8dabce.jpg,0,sid_set_real,Real_OpenImages
corpora/sid_set/images/real/c56fd4d68fce0d6a.jpg,0,sid_set_real,Real_OpenImages
corpora/sid_set/images/real/d5b796a61e3cd280.jpg,0,sid_set_real,Real_OpenImages
corpora/sid_set/images/real/5d9debf44a0c3f59.jpg,0,sid_set_real,Real_OpenImages
corpora/sid_set/images/real/5cce731b6a6f840d.jpg,0,sid_set_real,Real_OpenImages
corpora/sid_set/images/real/6f44a04a7a47d0b8.jpg,0,sid_set_real,Real_OpenImages
corpora/sid_set/images/real/26de32372e221fe7.jpg,0,sid_set_real,Real_OpenImages
corpora/sid_set/images/real/8d1891e47ae01709.jpg,0,sid_set_real,Real_OpenImages
corpora/sid_set/images/real/016006777dc0ac1a.jpg,0,sid_set_real,Real_OpenImages
corpora/sid_set/images/real/228e46c0c47804c7.jpg,0,sid_set_real,Real_OpenImages
corpora/sid_set/images/real/421092d900bd99b0.jpg,0,sid_set_real,Real_OpenImages
corpora/sid_set/images/real/5e115173602ddb4a.jpg,0,sid_set_real,Real_OpenImages
corpora/sid_set/images/real/ca190d4217136ba8.jpg,0,sid_set_real,Real_OpenImages
corpora/sid_set/images/real/89d290183a51193d.jpg,0,sid_set_real,Real_OpenImages
corpora/sid_set/images/real/9b3f8c336e96ac57.jpg,0,sid_set_real,Real_OpenImages
corpora/sid_set/images/real/d7f1af9890d4f0b0.jpg,0,sid_set_real,Real_OpenImages
corpora/sid_set/images/real/4444c7a38dd3fcde.jpg,0,sid_set_real,Real_OpenImages
corpora/sid_set/images/real/0286e5cd57179dc8.jpg,0,sid_set_real,Real_OpenImages
corpora/sid_set/images/real/3f0f359e64324096.jpg,0,sid_set_real,Real_OpenImages
corpora/sid_set/images/real/60276d6e1aaa6df9.jpg,0,sid_set_real,Real_OpenImages
corpora/sid_set/images/real/2d6aec5ef27c7d74.jpg,0,sid_set_real,Real_OpenImages
corpora/sid_set/images/real/3c70e18c697dfe1a.jpg,0,sid_set_real,Real_OpenImages
corpora/sid_set/images/real/3a64f502c03431b1.jpg,0,sid_set_real,Real_OpenImages
corpora/sid_set/images/real/5c96c7aa3b5c55c9.jpg,0,sid_set_real,Real_OpenImages
corpora/sid_set/images/real/9fa65749b5d98b34.jpg,0,sid_set_real,Real_OpenImages
corpora/sid_set/images/real/0262860500f805d4.jpg,0,sid_set_real,Real_OpenImages
corpora/sid_set/images/real/79cdf64dc8e67f29.jpg,0,sid_set_real,Real_OpenImages
corpora/sid_set/images/real/d6f9112e2f38b91b.jpg,0,sid_set_real,Real_OpenImages
corpora/sid_set/images/real/25ac07159ef6f6c2.jpg,0,sid_set_real,Real_OpenImages
corpora/sid_set/images/real/f537c0d21c14dce1.jpg,0,sid_set_real,Real_OpenImages
corpora/sid_set/images/real/85ba70f7689b0ee9.jpg,0,sid_set_real,Real_OpenImages
corpora/sid_set/images/real/a90408a927a11bc5.jpg,0,sid_set_real,Real_OpenImages
corpora/sid_set/images/real/7462e0f888a789e6.jpg,0,sid_set_real,Real_OpenImages
corpora/sid_set/images/real/e59d3923f297855b.jpg,0,sid_set_real,Real_OpenImages
corpora/sid_set/images/real/c4216d1cba73cbf5.jpg,0,sid_set_real,Real_OpenImages
corpora/sid_set/images/real/8f43eef70aad5047.jpg,0,sid_set_real,Real_OpenImages
corpora/sid_set/images/real/9eb6133631bc66d6.jpg,0,sid_set_real,Real_OpenImages
corpora/sid_set/images/real/2365cb02d0b8eb23.jpg,0,sid_set_real,Real_OpenImages
corpora/sid_set/images/real/6db7d30cd46dbaeb.jpg,0,sid_set_real,Real_OpenImages
corpora/sid_set/images/real/b0a304656935fc17.jpg,0,sid_set_real,Real_OpenImages
corpora/sid_set/images/real/9b522c9cf567131b.jpg,0,sid_set_real,Real_OpenImages
corpora/sid_set/images/real/506eb1247270ade9.jpg,0,sid_set_real,Real_OpenImages
corpora/sid_set/images/real/03274f8764ea2235.jpg,0,sid_set_real,Real_OpenImages
corpora/sid_set/images/real/43aa2d86a0495e23.jpg,0,sid_set_real,Real_OpenImages
corpora/sid_set/images/real/7e0603c669d11a70.jpg,0,sid_set_real,Real_OpenImages
corpora/sid_set/images/real/c2521377fa0782f5.jpg,0,sid_set_real,Real_OpenImages
corpora/sid_set/images/real/635525299d97d814.jpg,0,sid_set_real,Real_OpenImages
corpora/sid_set/images/real/8e913db5f937c464.jpg,0,sid_set_real,Real_OpenImages
corpora/sid_set/images/real/04e255087abcb40d.jpg,0,sid_set_real,Real_OpenImages
corpora/sid_set/images/real/6b8e75360bff2c3b.jpg,0,sid_set_real,Real_OpenImages
corpora/sid_set/images/real/6c1917a66e1a5187.jpg,0,sid_set_real,Real_OpenImages
corpora/sid_set/images/real/43f79aff2c42e537.jpg,0,sid_set_real,Real_OpenImages
corpora/sid_set/images/real/204abc2bffdfbc63.jpg,0,sid_set_real,Real_OpenImages
corpora/sid_set/images/real/4b96a8e6ed583924.jpg,0,sid_set_real,Real_OpenImages
corpora/sid_set/images/real/4974ba324304c8a6.jpg,0,sid_set_real,Real_OpenImages
corpora/sid_set/images/real/d52f3de92f9be16d.jpg,0,sid_set_real,Real_OpenImages
corpora/sid_set/images/real/78dc64d68489e3e7.jpg,0,sid_set_real,Real_OpenImages
corpora/sid_set/images/real/33edc6f2783a7e79.jpg,0,sid_set_real,Real_OpenImages
corpora/sid_set/images/real/7ecb25320823b428.jpg,0,sid_set_real,Real_OpenImages
corpora/sid_set/images/real/556571c147f3c99f.jpg,0,sid_set_real,Real_OpenImages
corpora/sid_set/images/real/0a7ad01c08b253be.jpg,0,sid_set_real,Real_OpenImages
corpora/sid_set/images/real/43b48e62eedf6518.jpg,0,sid_set_real,Real_OpenImages
corpora/sid_set/images/real/0799d0aec2040645.jpg,0,sid_set_real,Real_OpenImages
corpora/sid_set/images/real/0bb8cc487d3812cd.jpg,0,sid_set_real,Real_OpenImages
corpora/sid_set/images/real/ba7ffd9d5562fe72.jpg,0,sid_set_real,Real_OpenImages
corpora/sid_set/images/real/816d305b27801115.jpg,0,sid_set_real,Real_OpenImages
corpora/sid_set/images/real/d76640e930de0f12.jpg,0,sid_set_real,Real_OpenImages
corpora/sid_set/images/real/91e52f58539f2be7.jpg,0,sid_set_real,Real_OpenImages
corpora/sid_set/images/real/ee32bd8105de35a0.jpg,0,sid_set_real,Real_OpenImages
corpora/sid_set/images/real/bbf62d6b244508fa.jpg,0,sid_set_real,Real_OpenImages
corpora/sid_set/images/real/a9c4ed8237c45b12.jpg,0,sid_set_real,Real_OpenImages
corpora/sid_set/images/real/2381ae365057d385.jpg,0,sid_set_real,Real_OpenImages
corpora/sid_set/images/real/217a49106a518b54.jpg,0,sid_set_real,Real_OpenImages
corpora/sid_set/images/real/db3dab570ddc639f.jpg,0,sid_set_real,Real_OpenImages
corpora/sid_set/images/real/f67fc4ee15c9a74f.jpg,0,sid_set_real,Real_OpenImages
corpora/sid_set/images/real/bea8a5bffe9f3e4d.jpg,0,sid_set_real,Real_OpenImages
corpora/sid_set/images/real/ccde6197ee786010.jpg,0,sid_set_real,Real_OpenImages
corpora/sid_set/images/real/dbb13fbfb509afbb.jpg,0,sid_set_real,Real_OpenImages
corpora/sid_set/images/real/c4874eedbf649e98.jpg,0,sid_set_real,Real_OpenImages
corpora/sid_set/images/real/88f213673771f4db.jpg,0,sid_set_real,Real_OpenImages
corpora/sid_set/images/real/8b7a0478c36f56dd.jpg,0,sid_set_real,Real_OpenImages
corpora/sid_set/images/real/0985b6c2a1d7d5a5.jpg,0,sid_set_real,Real_OpenImages
corpora/sid_set/images/real/189293c7781e0aed.jpg,0,sid_set_real,Real_OpenImages
corpora/sid_set/images/real/ec64836a687a68f6.jpg,0,sid_set_real,Real_OpenImages
corpora/sid_set/images/real/b97eb2cc5c2473d8.jpg,0,sid_set_real,Real_OpenImages
corpora/sid_set/images/real/51113f65f8d9628b.jpg,0,sid_set_real,Real_OpenImages
corpora/sid_set/images/real/49093027136620dc.jpg,0,sid_set_real,Real_OpenImages
corpora/sid_set/images/real/08d2baac352dbb4b.jpg,0,sid_set_real,Real_OpenImages
corpora/sid_set/images/real/4eec43966f75e176.jpg,0,sid_set_real,Real_OpenImages
corpora/sid_set/images/real/e50899febfe5afb3.jpg,0,sid_set_real,Real_OpenImages
corpora/sid_set/images/real/07266a150201fdbd.jpg,0,sid_set_real,Real_OpenImages
corpora/sid_set/images/real/4104dace2eef76c0.jpg,0,sid_set_real,Real_OpenImages
corpora/sid_set/images/real/62b23741053a8e7d.jpg,0,sid_set_real,Real_OpenImages
corpora/sid_set/images/real/8735d76e8f5bbe2f.jpg,0,sid_set_real,Real_OpenImages
corpora/sid_set/images/real/a2954177ddaee680.jpg,0,sid_set_real,Real_OpenImages
corpora/sid_set/images/real/b4738f360110e25d.jpg,0,sid_set_real,Real_OpenImages
corpora/sid_set/images/real/f5d64a3e02137064.jpg,0,sid_set_real,Real_OpenImages
corpora/sid_set/images/real/e7178678ce36a8c0.jpg,0,sid_set_real,Real_OpenImages
corpora/sid_set/images/real/8c3d38b70797f04e.jpg,0,sid_set_real,Real_OpenImages
corpora/sid_set/images/real/509f18296a95d9cc.jpg,0,sid_set_real,Real_OpenImages
corpora/sid_set/images/real/9afc96c5979fbe1b.jpg,0,sid_set_real,Real_OpenImages
corpora/sid_set/images/real/5d47bb87a3e10e9d.jpg,0,sid_set_real,Real_OpenImages
corpora/sid_set/images/real/5cd6bffe045ae5b5.jpg,0,sid_set_real,Real_OpenImages
corpora/sid_set/images/real/30954f0a8e311b12.jpg,0,sid_set_real,Real_OpenImages
corpora/sid_set/images/real/50678ce94fb1fb36.jpg,0,sid_set_real,Real_OpenImages
corpora/sid_set/images/real/12727c0d6a96ddfb.jpg,0,sid_set_real,Real_OpenImages
corpora/sid_set/images/real/2e30deb75bc68cdd.jpg,0,sid_set_real,Real_OpenImages
corpora/sid_set/images/real/d313635f522280d6.jpg,0,sid_set_real,Real_OpenImages
corpora/sid_set/images/real/0853f5c2102ed50a.jpg,0,sid_set_real,Real_OpenImages
corpora/sid_set/images/real/8767a53cd2917610.jpg,0,sid_set_real,Real_OpenImages
corpora/sid_set/images/real/0058e1c18d918941.jpg,0,sid_set_real,Real_OpenImages
corpora/sid_set/images/real/368fb23c796393be.jpg,0,sid_set_real,Real_OpenImages
corpora/sid_set/images/real/d4530b6f1cd2ab22.jpg,0,sid_set_real,Real_OpenImages
corpora/sid_set/images/real/33d0410d5a43abfc.jpg,0,sid_set_real,Real_OpenImages
corpora/sid_set/images/real/e5a34a7b9f5572f3.jpg,0,sid_set_real,Real_OpenImages
corpora/sid_set/images/real/8f2f92883b3b95bb.jpg,0,sid_set_real,Real_OpenImages
corpora/sid_set/images/real/0058ca99b6b77c84.jpg,0,sid_set_real,Real_OpenImages
corpora/sid_set/images/real/2c357bd7c9f50f3b.jpg,0,sid_set_real,Real_OpenImages
corpora/sid_set/images/real/5f2812ced6f7d831.jpg,0,sid_set_real,Real_OpenImages
corpora/sid_set/images/real/600b09a43a18121e.jpg,0,sid_set_real,Real_OpenImages
corpora/sid_set/images/real/96bd136fb781a037.jpg,0,sid_set_real,Real_OpenImages
corpora/sid_set/images/real/b2cd9657d53be047.jpg,0,sid_set_real,Real_OpenImages
corpora/sid_set/images/real/c87fc57de908d2f4.jpg,0,sid_set_real,Real_OpenImages
corpora/sid_set/images/real/27837ec1da07af24.jpg,0,sid_set_real,Real_OpenImages
corpora/sid_set/images/real/b273741e097761b6.jpg,0,sid_set_real,Real_OpenImages
corpora/sid_set/images/real/4cc7314e8993cf41.jpg,0,sid_set_real,Real_OpenImages
corpora/sid_set/images/real/db0274062286d3c6.jpg,0,sid_set_real,Real_OpenImages
corpora/sid_set/images/real/746bd2992cb5195b.jpg,0,sid_set_real,Real_OpenImages
corpora/sid_set/images/real/61742efcf69ee2de.jpg,0,sid_set_real,Real_OpenImages
corpora/sid_set/images/real/ce7763b41dd215a8.jpg,0,sid_set_real,Real_OpenImages
corpora/sid_set/images/real/aa98e0dc7b1953f3.jpg,0,sid_set_real,Real_OpenImages
corpora/sid_set/images/real/4e27b3ca0cc75a48.jpg,0,sid_set_real,Real_OpenImages
corpora/sid_set/images/real/257e6fe0098c74ee.jpg,0,sid_set_real,Real_OpenImages
corpora/sid_set/images/real/7ed60dec47baa230.jpg,0,sid_set_real,Real_OpenImages
corpora/sid_set/images/real/d0728d77a530249c.jpg,0,sid_set_real,Real_OpenImages
corpora/sid_set/images/real/2ba0d537930359a5.jpg,0,sid_set_real,Real_OpenImages
corpora/sid_set/images/real/16a957a26e74ae54.jpg,0,sid_set_real,Real_OpenImages
corpora/sid_set/images/real/ceee477bbf2ad010.jpg,0,sid_set_real,Real_OpenImages
corpora/sid_set/images/real/5c05655f9ce21c77.jpg,0,sid_set_real,Real_OpenImages
corpora/sid_set/images/real/656d72877c0994ff.jpg,0,sid_set_real,Real_OpenImages
corpora/sid_set/images/real/ca93cf977e0ec9c6.jpg,0,sid_set_real,Real_OpenImages
corpora/sid_set/images/real/5ca42a0d425f05fd.jpg,0,sid_set_real,Real_OpenImages
corpora/sid_set/images/real/6bd8f97676ac6eac.jpg,0,sid_set_real,Real_OpenImages
corpora/sid_set/images/real/7cfdf60b4823175e.jpg,0,sid_set_real,Real_OpenImages
corpora/sid_set/images/real/8457d5629b65276e.jpg,0,sid_set_real,Real_OpenImages
corpora/sid_set/images/real/3b50e0d124dd1ce7.jpg,0,sid_set_real,Real_OpenImages
corpora/sid_set/images/real/ff2a7a9b537af2cc.jpg,0,sid_set_real,Real_OpenImages
corpora/sid_set/images/real/ce2b99ca4dbfd657.jpg,0,sid_set_real,Real_OpenImages
corpora/sid_set/images/real/689e76d318f70126.jpg,0,sid_set_real,Real_OpenImages
corpora/sid_set/images/real/a27dc27a91d9fa67.jpg,0,sid_set_real,Real_OpenImages
corpora/sid_set/images/real/1b1deef09a478a84.jpg,0,sid_set_real,Real_OpenImages
corpora/sid_set/images/real/9c214f32ddef3148.jpg,0,sid_set_real,Real_OpenImages
corpora/sid_set/images/real/12e4ece36053068e.jpg,0,sid_set_real,Real_OpenImages
corpora/sid_set/images/real/7269b8f8d53d8004.jpg,0,sid_set_real,Real_OpenImages
corpora/sid_set/images/real/ae437b63c3a43470.jpg,0,sid_set_real,Real_OpenImages
corpora/sid_set/images/real/9becea66f75a92ae.jpg,0,sid_set_real,Real_OpenImages
corpora/sid_set/images/real/21f1fe3d54829e27.jpg,0,sid_set_real,Real_OpenImages
corpora/sid_set/images/real/bb1cc73544dd0a34.jpg,0,sid_set_real,Real_OpenImages
corpora/sid_set/images/real/2f3dff565664a2fb.jpg,0,sid_set_real,Real_OpenImages
corpora/sid_set/images/real/9304d9175fb8028e.jpg,0,sid_set_real,Real_OpenImages
corpora/sid_set/images/real/34baa72f198e51f5.jpg,0,sid_set_real,Real_OpenImages
corpora/sid_set/images/real/831bcec304a17054.jpg,0,sid_set_real,Real_OpenImages
corpora/sid_set/images/real/d961d0870d68976d.jpg,0,sid_set_real,Real_OpenImages
corpora/sid_set/images/real/e66c8fb69e260619.jpg,0,sid_set_real,Real_OpenImages
corpora/sid_set/images/real/f8046fa8f3453294.jpg,0,sid_set_real,Real_OpenImages
corpora/sid_set/images/real/c90b973e6a772b57.jpg,0,sid_set_real,Real_OpenImages
corpora/sid_set/images/real/58e3e1398715e775.jpg,0,sid_set_real,Real_OpenImages
corpora/sid_set/images/real/cd08b5d96cead686.jpg,0,sid_set_real,Real_OpenImages
corpora/sid_set/images/real/83c5f4f37c5203c0.jpg,0,sid_set_real,Real_OpenImages
corpora/sid_set/images/real/9c70d146193ac4de.jpg,0,sid_set_real,Real_OpenImages
corpora/sid_set/images/real/3f39fb1f339e6be8.jpg,0,sid_set_real,Real_OpenImages
corpora/sid_set/images/real/047228a4417d22bf.jpg,0,sid_set_real,Real_OpenImages
corpora/sid_set/images/real/befebd97b4fbfc52.jpg,0,sid_set_real,Real_OpenImages
corpora/sid_set/images/real/4b11af2364609af3.jpg,0,sid_set_real,Real_OpenImages
corpora/sid_set/images/real/d9e9198d6c4f30c8.jpg,0,sid_set_real,Real_OpenImages
corpora/sid_set/images/real/1264248ad35732db.jpg,0,sid_set_real,Real_OpenImages
corpora/sid_set/images/real/d387a92306bcd231.jpg,0,sid_set_real,Real_OpenImages
corpora/sid_set/images/real/e8b314f4e95ccf3f.jpg,0,sid_set_real,Real_OpenImages
corpora/sid_set/images/real/466940a1f5f6305c.jpg,0,sid_set_real,Real_OpenImages
corpora/sid_set/images/real/a766c311b8bfd5d7.jpg,0,sid_set_real,Real_OpenImages
corpora/sid_set/images/real/d6a6795f7bf387f1.jpg,0,sid_set_real,Real_OpenImages
corpora/sid_set/images/real/a1a4268132e18e82.jpg,0,sid_set_real,Real_OpenImages
corpora/sid_set/images/real/ad23cf5b908bad48.jpg,0,sid_set_real,Real_OpenImages
corpora/sid_set/images/real/ea921ee434252bc1.jpg,0,sid_set_real,Real_OpenImages
corpora/sid_set/images/real/98426511d18dea2b.jpg,0,sid_set_real,Real_OpenImages
corpora/sid_set/images/real/3fb6802295dd4909.jpg,0,sid_set_real,Real_OpenImages
corpora/sid_set/images/real/01ecb6ee8e334be1.jpg,0,sid_set_real,Real_OpenImages
corpora/sid_set/images/real/e0fec2631b438950.jpg,0,sid_set_real,Real_OpenImages
corpora/sid_set/images/real/fcafee2f67439f65.jpg,0,sid_set_real,Real_OpenImages
corpora/sid_set/images/real/0557c817d5d5c644.jpg,0,sid_set_real,Real_OpenImages
corpora/sid_set/images/real/d7b353a9e17bdba6.jpg,0,sid_set_real,Real_OpenImages
corpora/sid_set/images/real/501e6737cb1dc466.jpg,0,sid_set_real,Real_OpenImages
corpora/sid_set/images/real/0d8a2e68e36a5e9d.jpg,0,sid_set_real,Real_OpenImages
corpora/sid_set/images/real/01c59f764cc6f793.jpg,0,sid_set_real,Real_OpenImages
corpora/sid_set/images/real/47b8500b9337fcee.jpg,0,sid_set_real,Real_OpenImages
corpora/sid_set/images/real/4c02366de516376c.jpg,0,sid_set_real,Real_OpenImages
corpora/sid_set/images/real/72869025dbbcd575.jpg,0,sid_set_real,Real_OpenImages
corpora/sid_set/images/real/ddca4a18a57657b4.jpg,0,sid_set_real,Real_OpenImages
corpora/sid_set/images/real/7b9cd58e7fda0c60.jpg,0,sid_set_real,Real_OpenImages
corpora/sid_set/images/real/9c7c783d7b50a2c7.jpg,0,sid_set_real,Real_OpenImages
corpora/sid_set/images/real/a024a4a1467ffa40.jpg,0,sid_set_real,Real_OpenImages
corpora/sid_set/images/real/ab1e38e91af49bb8.jpg,0,sid_set_real,Real_OpenImages
corpora/sid_set/images/real/e01120fb23680f72.jpg,0,sid_set_real,Real_OpenImages
corpora/sid_set/images/real/345862cb0c3a9e18.jpg,0,sid_set_real,Real_OpenImages
corpora/sid_set/images/real/52c95ec8a6225a8d.jpg,0,sid_set_real,Real_OpenImages
corpora/sid_set/images/real/82b27a806119be13.jpg,0,sid_set_real,Real_OpenImages
corpora/sid_set/images/real/c194ec276265f77d.jpg,0,sid_set_real,Real_OpenImages
corpora/sid_set/images/real/224969c9d38f1d75.jpg,0,sid_set_real,Real_OpenImages
corpora/sid_set/images/real/dc4be19cf535f643.jpg,0,sid_set_real,Real_OpenImages
corpora/sid_set/images/real/edee8658f77dd42a.jpg,0,sid_set_real,Real_OpenImages
corpora/sid_set/images/real/47d351e7dfeaf20d.jpg,0,sid_set_real,Real_OpenImages
corpora/sid_set/images/real/9b4962683df1d76e.jpg,0,sid_set_real,Real_OpenImages
corpora/sid_set/images/real/2ca7217ed24e13c8.jpg,0,sid_set_real,Real_OpenImages
corpora/sid_set/images/real/73cd4f69652e05e0.jpg,0,sid_set_real,Real_OpenImages
corpora/sid_set/images/real/6d42c4332ad15e83.jpg,0,sid_set_real,Real_OpenImages
corpora/sid_set/images/real/f0fbd260c98327c8.jpg,0,sid_set_real,Real_OpenImages
corpora/sid_set/images/real/209d164aa6b5681a.jpg,0,sid_set_real,Real_OpenImages
corpora/sid_set/images/real/0adcb80200e6fa53.jpg,0,sid_set_real,Real_OpenImages
corpora/sid_set/images/real/59b2f58266d13ca0.jpg,0,sid_set_real,Real_OpenImages
corpora/sid_set/images/real/29d34eae21132606.jpg,0,sid_set_real,Real_OpenImages
corpora/sid_set/images/real/fa3af233818f9443.jpg,0,sid_set_real,Real_OpenImages
corpora/sid_set/images/real/79c6302d17bd5c6a.jpg,0,sid_set_real,Real_OpenImages
corpora/sid_set/images/real/5714374aa94e89a1.jpg,0,sid_set_real,Real_OpenImages
corpora/sid_set/images/real/3754ea024b54965d.jpg,0,sid_set_real,Real_OpenImages
corpora/sid_set/images/real/0bf07a751bc520a8.jpg,0,sid_set_real,Real_OpenImages
corpora/sid_set/images/real/b08282d821f6a2b9.jpg,0,sid_set_real,Real_OpenImages
corpora/sid_set/images/real/3c0ef3136096199f.jpg,0,sid_set_real,Real_OpenImages
corpora/sid_set/images/real/f1f32b911e32cd2f.jpg,0,sid_set_real,Real_OpenImages
corpora/sid_set/images/real/c6833e6abdbfdbad.jpg,0,sid_set_real,Real_OpenImages
corpora/sid_set/images/real/c54ba48cef4eb4f4.jpg,0,sid_set_real,Real_OpenImages
corpora/sid_set/images/real/9c87121043ddd3c4.jpg,0,sid_set_real,Real_OpenImages
corpora/sid_set/images/real/2489a9bbe0aebe85.jpg,0,sid_set_real,Real_OpenImages
corpora/sid_set/images/real/525d2126b8cb57d8.jpg,0,sid_set_real,Real_OpenImages
corpora/sid_set/images/real/c3f1f2f4436f43c8.jpg,0,sid_set_real,Real_OpenImages
corpora/sid_set/images/real/1beef1242639d927.jpg,0,sid_set_real,Real_OpenImages
corpora/sid_set/images/real/9f0fa742de6ce126.jpg,0,sid_set_real,Real_OpenImages
corpora/sid_set/images/real/bf6b27a38295748c.jpg,0,sid_set_real,Real_OpenImages
corpora/sid_set/images/real/057e7ece60afdbc3.jpg,0,sid_set_real,Real_OpenImages
corpora/sid_set/images/real/376d45873e6d6eee.jpg,0,sid_set_real,Real_OpenImages
corpora/sid_set/images/real/e12022bfa89b4ac1.jpg,0,sid_set_real,Real_OpenImages
corpora/sid_set/images/real/87393d05c5e1bdb0.jpg,0,sid_set_real,Real_OpenImages
corpora/sid_set/images/real/e8ff71fad4dfd3dc.jpg,0,sid_set_real,Real_OpenImages
corpora/sid_set/images/real/6ff5321c8119646a.jpg,0,sid_set_real,Real_OpenImages
corpora/sid_set/images/real/47c032cba9a24e0a.jpg,0,sid_set_real,Real_OpenImages
corpora/sid_set/images/real/ecd73a8be1d745fd.jpg,0,sid_set_real,Real_OpenImages
corpora/sid_set/images/real/92c5973dd40ab5d7.jpg,0,sid_set_real,Real_OpenImages
corpora/sid_set/images/real/d08f59fb40ca2436.jpg,0,sid_set_real,Real_OpenImages
corpora/sid_set/images/real/799fb66aefadd1ef.jpg,0,sid_set_real,Real_OpenImages
corpora/sid_set/images/real/346b6b816ef71a81.jpg,0,sid_set_real,Real_OpenImages
corpora/sid_set/images/real/68ee47debc4509fd.jpg,0,sid_set_real,Real_OpenImages
corpora/sid_set/images/real/304710d201a392d5.jpg,0,sid_set_real,Real_OpenImages
corpora/sid_set/images/real/06374e6ac68d29bf.jpg,0,sid_set_real,Real_OpenImages
corpora/sid_set/images/real/92e2b90c8ff85e74.jpg,0,sid_set_real,Real_OpenImages
corpora/sid_set/images/real/8257d8c7859293b8.jpg,0,sid_set_real,Real_OpenImages
corpora/sid_set/images/real/188e22fd8f572fda.jpg,0,sid_set_real,Real_OpenImages
corpora/sid_set/images/real/0200293c200f41c8.jpg,0,sid_set_real,Real_OpenImages
corpora/sid_set/images/real/a7931b606431a816.jpg,0,sid_set_real,Real_OpenImages
corpora/sid_set/images/real/008436358af70624.jpg,0,sid_set_real,Real_OpenImages
corpora/sid_set/images/real/8ecc9990e77a3ab4.jpg,0,sid_set_real,Real_OpenImages
corpora/sid_set/images/real/77ef379089070f93.jpg,0,sid_set_real,Real_OpenImages
corpora/sid_set/images/real/ebdcf96dbf5594c0.jpg,0,sid_set_real,Real_OpenImages
corpora/sid_set/images/real/a8de3f9f5ce932d4.jpg,0,sid_set_real,Real_OpenImages
corpora/sid_set/images/real/100bff997c506b24.jpg,0,sid_set_real,Real_OpenImages
corpora/sid_set/images/real/cfbf0d2e51e294a8.jpg,0,sid_set_real,Real_OpenImages
corpora/sid_set/images/real/e9ca5e4cfc367890.jpg,0,sid_set_real,Real_OpenImages
corpora/sid_set/images/real/204313aae7c76a03.jpg,0,sid_set_real,Real_OpenImages
corpora/sid_set/images/real/9ae783e9350f7ac2.jpg,0,sid_set_real,Real_OpenImages
corpora/sid_set/images/real/a5b413186a5df517.jpg,0,sid_set_real,Real_OpenImages
corpora/sid_set/images/real/d10934db53b50e0a.jpg,0,sid_set_real,Real_OpenImages
corpora/sid_set/images/real/16bc11e52a96ae28.jpg,0,sid_set_real,Real_OpenImages
corpora/sid_set/images/real/2175d90836152def.jpg,0,sid_set_real,Real_OpenImages
corpora/sid_set/images/real/565985e041af064c.jpg,0,sid_set_real,Real_OpenImages
corpora/sid_set/images/real/7f158fde04a126f8.jpg,0,sid_set_real,Real_OpenImages
corpora/sid_set/images/real/128bfbb96358aec0.jpg,0,sid_set_real,Real_OpenImages
corpora/sid_set/images/real/9d32cfc041f472d2.jpg,0,sid_set_real,Real_OpenImages
corpora/sid_set/images/real/b77abbff8f832d91.jpg,0,sid_set_real,Real_OpenImages
corpora/sid_set/images/real/4574ef8d55204a54.jpg,0,sid_set_real,Real_OpenImages
corpora/sid_set/images/real/63822d6ed7d8ee38.jpg,0,sid_set_real,Real_OpenImages
corpora/sid_set/images/real/8b46d606178ca7ca.jpg,0,sid_set_real,Real_OpenImages
corpora/sid_set/images/real/14ab42c6b576d60f.jpg,0,sid_set_real,Real_OpenImages
corpora/sid_set/images/real/e28c92dbadd02f4d.jpg,0,sid_set_real,Real_OpenImages
corpora/sid_set/images/real/df20c02f5449f07f.jpg,0,sid_set_real,Real_OpenImages
corpora/sid_set/images/real/107b28cb4ded4d79.jpg,0,sid_set_real,Real_OpenImages
corpora/sid_set/images/real/33011371752035e5.jpg,0,sid_set_real,Real_OpenImages
corpora/sid_set/images/real/624721f91e0cd240.jpg,0,sid_set_real,Real_OpenImages
corpora/sid_set/images/real/033d3f1a49f9c1d5.jpg,0,sid_set_real,Real_OpenImages
corpora/sid_set/images/real/1322c3ae5844b28f.jpg,0,sid_set_real,Real_OpenImages
corpora/sid_set/images/real/32de18cf5fe32f64.jpg,0,sid_set_real,Real_OpenImages
corpora/sid_set/images/real/67312b500713f51d.jpg,0,sid_set_real,Real_OpenImages
corpora/sid_set/images/real/59d1fb218d1c435e.jpg,0,sid_set_real,Real_OpenImages
corpora/sid_set/images/real/eb526d097e9c3e96.jpg,0,sid_set_real,Real_OpenImages
corpora/sid_set/images/real/60e0a026839f8935.jpg,0,sid_set_real,Real_OpenImages
corpora/sid_set/images/real/b0a20d8c874dab3a.jpg,0,sid_set_real,Real_OpenImages
corpora/sid_set/images/real/528c75ce58e48912.jpg,0,sid_set_real,Real_OpenImages
corpora/sid_set/images/real/1e5b211f45a0313a.jpg,0,sid_set_real,Real_OpenImages
corpora/sid_set/images/real/c0a397e8b0e1dce5.jpg,0,sid_set_real,Real_OpenImages
corpora/sid_set/images/real/d25ef1c31b256fc7.jpg,0,sid_set_real,Real_OpenImages
corpora/sid_set/images/real/bcce8b5729b1df58.jpg,0,sid_set_real,Real_OpenImages
corpora/sid_set/images/real/6dfcdcefa2fdf87b.jpg,0,sid_set_real,Real_OpenImages
corpora/sid_set/images/real/86f967adf5ee297b.jpg,0,sid_set_real,Real_OpenImages
corpora/sid_set/images/real/f581c884ef57bc40.jpg,0,sid_set_real,Real_OpenImages
corpora/sid_set/images/real/5ddde9aaaae904da.jpg,0,sid_set_real,Real_OpenImages
corpora/sid_set/images/real/bcabc07fb161267a.jpg,0,sid_set_real,Real_OpenImages
corpora/sid_set/images/real/3d984dd7071dd9e1.jpg,0,sid_set_real,Real_OpenImages
corpora/sid_set/images/real/e6ec71ae71f9f507.jpg,0,sid_set_real,Real_OpenImages
corpora/sid_set/images/real/04355ff0a3fd9d9b.jpg,0,sid_set_real,Real_OpenImages
corpora/sid_set/images/real/3366df45b5828320.jpg,0,sid_set_real,Real_OpenImages
corpora/sid_set/images/real/886ca5d16103c156.jpg,0,sid_set_real,Real_OpenImages
corpora/sid_set/images/real/b1b705b1df16d815.jpg,0,sid_set_real,Real_OpenImages
corpora/sid_set/images/real/6cf0b667725051ab.jpg,0,sid_set_real,Real_OpenImages
corpora/sid_set/images/real/d0dc20518130cc06.jpg,0,sid_set_real,Real_OpenImages
corpora/sid_set/images/real/d0400bc6e3a3339a.jpg,0,sid_set_real,Real_OpenImages
corpora/sid_set/images/real/3b85c5b5e5d8dbe1.jpg,0,sid_set_real,Real_OpenImages
corpora/sid_set/images/real/b0c424e09e600685.jpg,0,sid_set_real,Real_OpenImages
corpora/sid_set/images/real/9570c8a4587497eb.jpg,0,sid_set_real,Real_OpenImages
corpora/sid_set/images/real/7610d92f9038436a.jpg,0,sid_set_real,Real_OpenImages
corpora/sid_set/images/real/53547fbbf89f8d16.jpg,0,sid_set_real,Real_OpenImages
corpora/sid_set/images/real/4676d2fc4646f5d1.jpg,0,sid_set_real,Real_OpenImages
corpora/sid_set/images/real/979bad571a75788a.jpg,0,sid_set_real,Real_OpenImages
corpora/sid_set/images/real/86ad5df7f631828f.jpg,0,sid_set_real,Real_OpenImages
corpora/sid_set/images/real/097c0bd9101197f6.jpg,0,sid_set_real,Real_OpenImages
corpora/sid_set/images/real/1d82229af8db0db9.jpg,0,sid_set_real,Real_OpenImages
corpora/sid_set/images/real/85bbb40d3e4b015b.jpg,0,sid_set_real,Real_OpenImages
corpora/sid_set/images/real/9273cb0b2845d1fd.jpg,0,sid_set_real,Real_OpenImages
corpora/sid_set/images/real/54e09fca665153ef.jpg,0,sid_set_real,Real_OpenImages
corpora/sid_set/images/real/00e14bbb3a3fc683.jpg,0,sid_set_real,Real_OpenImages
corpora/sid_set/images/real/cce79e9294f76070.jpg,0,sid_set_real,Real_OpenImages
corpora/sid_set/images/real/76c666796ef415f4.jpg,0,sid_set_real,Real_OpenImages
corpora/sid_set/images/real/2d724510dd1f8b93.jpg,0,sid_set_real,Real_OpenImages
corpora/sid_set/images/real/79911caf0396438c.jpg,0,sid_set_real,Real_OpenImages
corpora/sid_set/images/real/4380adc0eb96cbb3.jpg,0,sid_set_real,Real_OpenImages
corpora/sid_set/images/real/bce744bfb710abd3.jpg,0,sid_set_real,Real_OpenImages
corpora/sid_set/images/real/d6bb17dec75bbb28.jpg,0,sid_set_real,Real_OpenImages
corpora/sid_set/images/real/d0313a938422343a.jpg,0,sid_set_real,Real_OpenImages
corpora/sid_set/images/real/2082093c3605011a.jpg,0,sid_set_real,Real_OpenImages
corpora/sid_set/images/real/36aa83339dd8a62d.jpg,0,sid_set_real,Real_OpenImages
corpora/sid_set/images/real/541b55acf2638629.jpg,0,sid_set_real,Real_OpenImages
corpora/sid_set/images/real/f0c0a561cd657e0a.jpg,0,sid_set_real,Real_OpenImages
corpora/sid_set/images/real/5ef0217b16782ced.jpg,0,sid_set_real,Real_OpenImages
corpora/sid_set/images/real/e8df4059b13d61c4.jpg,0,sid_set_real,Real_OpenImages
corpora/sid_set/images/real/caefbdda85858f86.jpg,0,sid_set_real,Real_OpenImages
corpora/sid_set/images/real/99782cfcc5679705.jpg,0,sid_set_real,Real_OpenImages
corpora/sid_set/images/real/3acfb399772f8ff6.jpg,0,sid_set_real,Real_OpenImages
corpora/sid_set/images/real/37aa60b585795236.jpg,0,sid_set_real,Real_OpenImages
corpora/sid_set/images/real/ab7e258d6aa85b28.jpg,0,sid_set_real,Real_OpenImages
corpora/sid_set/images/real/7b1a405374807077.jpg,0,sid_set_real,Real_OpenImages
corpora/sid_set/images/real/1339cb00f86a1368.jpg,0,sid_set_real,Real_OpenImages
corpora/sid_set/images/real/5dbdd93408a4ddde.jpg,0,sid_set_real,Real_OpenImages
corpora/sid_set/images/real/91433e4915992f5b.jpg,0,sid_set_real,Real_OpenImages
corpora/sid_set/images/real/66e0fb1a58f7d6a3.jpg,0,sid_set_real,Real_OpenImages
corpora/sid_set/images/real/6243fec90bc94b98.jpg,0,sid_set_real,Real_OpenImages
corpora/sid_set/images/real/97c6437246c7deed.jpg,0,sid_set_real,Real_OpenImages
corpora/sid_set/images/real/1538a0b3c3616bb4.jpg,0,sid_set_real,Real_OpenImages
corpora/sid_set/images/real/289332a5aed0a5c7.jpg,0,sid_set_real,Real_OpenImages
corpora/sid_set/images/real/e29a9d6d230490d1.jpg,0,sid_set_real,Real_OpenImages
corpora/sid_set/images/real/4b726f3f93be6096.jpg,0,sid_set_real,Real_OpenImages
corpora/sid_set/images/real/5a3cdac97317f3ab.jpg,0,sid_set_real,Real_OpenImages
corpora/sid_set/images/real/2ed77c7d06838fc8.jpg,0,sid_set_real,Real_OpenImages
corpora/sid_set/images/real/5f9e0ac6e01cc616.jpg,0,sid_set_real,Real_OpenImages
corpora/sid_set/images/real/2222a979ac7c9837.jpg,0,sid_set_real,Real_OpenImages
corpora/sid_set/images/real/56464d2f5abbb8c8.jpg,0,sid_set_real,Real_OpenImages
corpora/sid_set/images/real/e8ff6237cc38e031.jpg,0,sid_set_real,Real_OpenImages
corpora/sid_set/images/real/30e5c789c55eabb5.jpg,0,sid_set_real,Real_OpenImages
corpora/sid_set/images/real/f4a90317a48bc172.jpg,0,sid_set_real,Real_OpenImages
corpora/sid_set/images/real/bbf57e270bfeee9e.jpg,0,sid_set_real,Real_OpenImages
corpora/sid_set/images/real/41927439070ab1c9.jpg,0,sid_set_real,Real_OpenImages
corpora/sid_set/images/real/baee3973a02e624c.jpg,0,sid_set_real,Real_OpenImages
corpora/sid_set/images/real/1411c8821e4ccb87.jpg,0,sid_set_real,Real_OpenImages
corpora/sid_set/images/real/924538eb3890d3e3.jpg,0,sid_set_real,Real_OpenImages
corpora/sid_set/images/real/503a7b701aa6c0bb.jpg,0,sid_set_real,Real_OpenImages
corpora/sid_set/images/real/00853aa5891959a3.jpg,0,sid_set_real,Real_OpenImages
corpora/sid_set/images/real/ec3c98368a6e5716.jpg,0,sid_set_real,Real_OpenImages
corpora/sid_set/images/real/775f086b5f45f468.jpg,0,sid_set_real,Real_OpenImages
corpora/sid_set/images/real/b346b88b34f87d4d.jpg,0,sid_set_real,Real_OpenImages
corpora/sid_set/images/real/cac6f6fa95067761.jpg,0,sid_set_real,Real_OpenImages
corpora/sid_set/images/real/37675826cf32b079.jpg,0,sid_set_real,Real_OpenImages
corpora/sid_set/images/real/16b22ac770da9a68.jpg,0,sid_set_real,Real_OpenImages
corpora/sid_set/images/real/61bc973dba641080.jpg,0,sid_set_real,Real_OpenImages
corpora/sid_set/images/real/17c2b1fcab8d0e0f.jpg,0,sid_set_real,Real_OpenImages
corpora/sid_set/images/real/c645debe33969fd4.jpg,0,sid_set_real,Real_OpenImages
corpora/sid_set/images/real/b42a77526903503a.jpg,0,sid_set_real,Real_OpenImages
corpora/sid_set/images/real/8b99b2bbee220ce2.jpg,0,sid_set_real,Real_OpenImages
corpora/sid_set/images/real/60fb744d3f31cf3d.jpg,0,sid_set_real,Real_OpenImages
corpora/sid_set/images/real/c4a23fc585f438fa.jpg,0,sid_set_real,Real_OpenImages
corpora/sid_set/images/real/c2cc006ea28094ac.jpg,0,sid_set_real,Real_OpenImages
corpora/sid_set/images/real/a915fec7187de22c.jpg,0,sid_set_real,Real_OpenImages
corpora/sid_set/images/real/694b6a2f0af03503.jpg,0,sid_set_real,Real_OpenImages
corpora/sid_set/images/real/a58ab50eebf0893e.jpg,0,sid_set_real,Real_OpenImages
corpora/sid_set/images/real/8cb8934c7c10a338.jpg,0,sid_set_real,Real_OpenImages
corpora/sid_set/images/real/40d514d5c8e16109.jpg,0,sid_set_real,Real_OpenImages
corpora/sid_set/images/real/5dfcb59b39700709.jpg,0,sid_set_real,Real_OpenImages
corpora/sid_set/images/real/e25582286093ed1d.jpg,0,sid_set_real,Real_OpenImages
corpora/sid_set/images/real/eeab9d9467df957d.jpg,0,sid_set_real,Real_OpenImages
corpora/sid_set/images/real/0570e2b3d6492868.jpg,0,sid_set_real,Real_OpenImages
corpora/sid_set/images/real/e1ae3d7a93a244c6.jpg,0,sid_set_real,Real_OpenImages
corpora/sid_set/images/real/bedf39217dfd2486.jpg,0,sid_set_real,Real_OpenImages
corpora/sid_set/images/real/583ca8460dd76a2b.jpg,0,sid_set_real,Real_OpenImages
corpora/sid_set/images/real/fa1bde3e0f97cf89.jpg,0,sid_set_real,Real_OpenImages
corpora/sid_set/images/real/1d6a04983ababa0a.jpg,0,sid_set_real,Real_OpenImages
corpora/sid_set/images/real/0b455eaef54c3ac1.jpg,0,sid_set_real,Real_OpenImages
corpora/sid_set/images/real/ffb19520a9ce9a33.jpg,0,sid_set_real,Real_OpenImages
corpora/sid_set/images/real/691117fba625a28b.jpg,0,sid_set_real,Real_OpenImages
corpora/sid_set/images/real/7b180b5ce354df4b.jpg,0,sid_set_real,Real_OpenImages
corpora/sid_set/images/real/d2a61d61a5e1c2f3.jpg,0,sid_set_real,Real_OpenImages
corpora/sid_set/images/real/4ba0c58d7f1d3fd7.jpg,0,sid_set_real,Real_OpenImages
corpora/sid_set/images/real/66fda15ae1179101.jpg,0,sid_set_real,Real_OpenImages
corpora/sid_set/images/real/bc9040cc23ebd302.jpg,0,sid_set_real,Real_OpenImages
corpora/sid_set/images/real/5c3bcaee1ea1e6d8.jpg,0,sid_set_real,Real_OpenImages
corpora/sid_set/images/real/348befced43b8de2.jpg,0,sid_set_real,Real_OpenImages
corpora/sid_set/images/real/e90830db8b543c1f.jpg,0,sid_set_real,Real_OpenImages
corpora/sid_set/images/real/b3e78859a75ddf67.jpg,0,sid_set_real,Real_OpenImages
corpora/sid_set/images/real/07dec4356361be16.jpg,0,sid_set_real,Real_OpenImages
corpora/sid_set/images/real/a8d5410669a43f74.jpg,0,sid_set_real,Real_OpenImages
corpora/sid_set/images/real/4ab3a8434bd22bd2.jpg,0,sid_set_real,Real_OpenImages
corpora/sid_set/images/real/e00ecca4a1b2fcd8.jpg,0,sid_set_real,Real_OpenImages
corpora/sid_set/images/real/3258ca6a667827f1.jpg,0,sid_set_real,Real_OpenImages
corpora/sid_set/images/real/0ca4c6ab2dca59bd.jpg,0,sid_set_real,Real_OpenImages
corpora/sid_set/images/real/35def430286e9bb4.jpg,0,sid_set_real,Real_OpenImages
corpora/sid_set/images/real/25f429686744349e.jpg,0,sid_set_real,Real_OpenImages
corpora/sid_set/images/real/5a585b45bd83bb8f.jpg,0,sid_set_real,Real_OpenImages
corpora/sid_set/images/real/48a59523f6fd7e02.jpg,0,sid_set_real,Real_OpenImages
corpora/sid_set/images/real/aa6c7afb247d5d89.jpg,0,sid_set_real,Real_OpenImages
corpora/sid_set/images/real/44bc3bf957f71da2.jpg,0,sid_set_real,Real_OpenImages
corpora/sid_set/images/real/dcf677cca023ebb2.jpg,0,sid_set_real,Real_OpenImages
corpora/sid_set/images/real/1488a6947a3766a4.jpg,0,sid_set_real,Real_OpenImages
corpora/sid_set/images/real/372933d259ae41dc.jpg,0,sid_set_real,Real_OpenImages
corpora/sid_set/images/real/7bb14c99d13de9ed.jpg,0,sid_set_real,Real_OpenImages
corpora/sid_set/images/real/436961c4ac5af13e.jpg,0,sid_set_real,Real_OpenImages
corpora/sid_set/images/real/d21664ee7277d646.jpg,0,sid_set_real,Real_OpenImages
corpora/sid_set/images/real/0747e14db40dc22f.jpg,0,sid_set_real,Real_OpenImages
corpora/sid_set/images/real/22d7dbe938240b58.jpg,0,sid_set_real,Real_OpenImages
corpora/sid_set/images/real/e36492351c1c7e6a.jpg,0,sid_set_real,Real_OpenImages
corpora/sid_set/images/real/bc56938641138f66.jpg,0,sid_set_real,Real_OpenImages
corpora/sid_set/images/real/84e1b87416c0050d.jpg,0,sid_set_real,Real_OpenImages
corpora/sid_set/images/real/9d4e2335ec7dda60.jpg,0,sid_set_real,Real_OpenImages
corpora/sid_set/images/real/ef77b3c50b6988c1.jpg,0,sid_set_real,Real_OpenImages
corpora/sid_set/images/real/0f9ef8819fed2a0a.jpg,0,sid_set_real,Real_OpenImages
corpora/sid_set/images/real/375d46ed6ec91e6f.jpg,0,sid_set_real,Real_OpenImages
corpora/sid_set/images/real/e6e2ea0e0d7a58fb.jpg,0,sid_set_real,Real_OpenImages
corpora/sid_set/images/real/3f8083c16741e3a9.jpg,0,sid_set_real,Real_OpenImages
corpora/sid_set/images/real/25f966fc8b9ca9c9.jpg,0,sid_set_real,Real_OpenImages
corpora/sid_set/images/real/8bb068e74c0c83e6.jpg,0,sid_set_real,Real_OpenImages
corpora/sid_set/images/real/fbe033bf8a4075e1.jpg,0,sid_set_real,Real_OpenImages
corpora/sid_set/images/real/7afb4d0e6aaecd39.jpg,0,sid_set_real,Real_OpenImages
corpora/sid_set/images/real/320bc29abdc746af.jpg,0,sid_set_real,Real_OpenImages
corpora/sid_set/images/real/c5406058e6fdb8f0.jpg,0,sid_set_real,Real_OpenImages
corpora/sid_set/images/real/03350879057d4c89.jpg,0,sid_set_real,Real_OpenImages
corpora/sid_set/images/real/01ce052b7cc5bab0.jpg,0,sid_set_real,Real_OpenImages
corpora/sid_set/images/real/495ba394ffedabe1.jpg,0,sid_set_real,Real_OpenImages
corpora/sid_set/images/real/b4e1c80106973786.jpg,0,sid_set_real,Real_OpenImages
corpora/sid_set/images/real/1a6aa5ddd9b51de3.jpg,0,sid_set_real,Real_OpenImages
corpora/sid_set/images/real/f63156526b85793f.jpg,0,sid_set_real,Real_OpenImages
corpora/sid_set/images/real/dae8c1cea30bf919.jpg,0,sid_set_real,Real_OpenImages
corpora/sid_set/images/real/8a73de7835ea08a5.jpg,0,sid_set_real,Real_OpenImages
corpora/sid_set/images/real/7ac6811c15eff50c.jpg,0,sid_set_real,Real_OpenImages
corpora/sid_set/images/real/0d86e45e4bc6cb7b.jpg,0,sid_set_real,Real_OpenImages
corpora/sid_set/images/real/7c67054af13809dd.jpg,0,sid_set_real,Real_OpenImages
corpora/sid_set/images/real/af98b6d60c24298e.jpg,0,sid_set_real,Real_OpenImages
corpora/sid_set/images/real/e159e9930a6f5d3a.jpg,0,sid_set_real,Real_OpenImages
corpora/sid_set/images/real/e37bfcaebd22b9ee.jpg,0,sid_set_real,Real_OpenImages
corpora/sid_set/images/real/01fcc8469cc48d41.jpg,0,sid_set_real,Real_OpenImages
corpora/sid_set/images/real/6f2968b859adf836.jpg,0,sid_set_real,Real_OpenImages
corpora/sid_set/images/real/faa8f480c2ba00db.jpg,0,sid_set_real,Real_OpenImages
corpora/sid_set/images/real/aca3241dba77e604.jpg,0,sid_set_real,Real_OpenImages
corpora/sid_set/images/real/c74531f429d9892e.jpg,0,sid_set_real,Real_OpenImages
corpora/sid_set/images/real/239b3f00717fa216.jpg,0,sid_set_real,Real_OpenImages
corpora/sid_set/images/real/31aca7d6ec7250f4.jpg,0,sid_set_real,Real_OpenImages
corpora/sid_set/images/real/4b9df3acc8403c7f.jpg,0,sid_set_real,Real_OpenImages
corpora/sid_set/images/real/aea53367840c50e5.jpg,0,sid_set_real,Real_OpenImages
corpora/sid_set/images/real/69f63b2a12ccead3.jpg,0,sid_set_real,Real_OpenImages
corpora/sid_set/images/real/0b143ed1378ae974.jpg,0,sid_set_real,Real_OpenImages
corpora/sid_set/images/real/f046c89ef4a2f233.jpg,0,sid_set_real,Real_OpenImages
corpora/sid_set/images/real/d96959bd6f212095.jpg,0,sid_set_real,Real_OpenImages
corpora/sid_set/images/real/c218606ecfc14b3a.jpg,0,sid_set_real,Real_OpenImages
corpora/sid_set/images/real/5c670607866c28af.jpg,0,sid_set_real,Real_OpenImages
corpora/sid_set/images/real/470997cd0f050389.jpg,0,sid_set_real,Real_OpenImages
corpora/sid_set/images/real/5da06d762622519d.jpg,0,sid_set_real,Real_OpenImages
corpora/sid_set/images/real/d9b21457930f69c2.jpg,0,sid_set_real,Real_OpenImages
corpora/sid_set/images/real/35dd6a63407f88b2.jpg,0,sid_set_real,Real_OpenImages
corpora/sid_set/images/real/d5f138f68a76c758.jpg,0,sid_set_real,Real_OpenImages
corpora/sid_set/images/real/4b367240c03832a4.jpg,0,sid_set_real,Real_OpenImages
corpora/sid_set/images/real/1be9da6d202d1f7a.jpg,0,sid_set_real,Real_OpenImages
corpora/sid_set/images/real/df64d6e2866cc265.jpg,0,sid_set_real,Real_OpenImages
corpora/sid_set/images/real/2ce4f2556ea9f6d8.jpg,0,sid_set_real,Real_OpenImages
corpora/sid_set/images/real/89bd16a5de6de7bf.jpg,0,sid_set_real,Real_OpenImages
corpora/sid_set/images/real/39253a88bd0ddaac.jpg,0,sid_set_real,Real_OpenImages
corpora/sid_set/images/real/6f7ef045e929bf48.jpg,0,sid_set_real,Real_OpenImages
corpora/sid_set/images/real/a1ba327e8d477a70.jpg,0,sid_set_real,Real_OpenImages
corpora/sid_set/images/real/79fd731db7c8a859.jpg,0,sid_set_real,Real_OpenImages
corpora/sid_set/images/real/855a7dd4fc4c2d64.jpg,0,sid_set_real,Real_OpenImages
corpora/sid_set/images/real/e1de517557f51780.jpg,0,sid_set_real,Real_OpenImages
corpora/sid_set/images/real/80f58b25cc97cdcf.jpg,0,sid_set_real,Real_OpenImages
corpora/sid_set/images/real/2fba9850e95d79d7.jpg,0,sid_set_real,Real_OpenImages
corpora/sid_set/images/real/6550d980860ab889.jpg,0,sid_set_real,Real_OpenImages
corpora/sid_set/images/real/0229046657d168a0.jpg,0,sid_set_real,Real_OpenImages
corpora/sid_set/images/real/9388891874366372.jpg,0,sid_set_real,Real_OpenImages
corpora/sid_set/images/real/26107da948804ade.jpg,0,sid_set_real,Real_OpenImages
corpora/sid_set/images/real/ef25de754abaa6b2.jpg,0,sid_set_real,Real_OpenImages
corpora/sid_set/images/real/1eaa036419f049cb.jpg,0,sid_set_real,Real_OpenImages
corpora/sid_set/images/real/b1b7f049041ae61e.jpg,0,sid_set_real,Real_OpenImages
corpora/sid_set/images/real/a572fe14de681403.jpg,0,sid_set_real,Real_OpenImages
corpora/sid_set/images/real/6bc4abbcd83a640d.jpg,0,sid_set_real,Real_OpenImages
corpora/sid_set/images/real/2f35c37e9176aad1.jpg,0,sid_set_real,Real_OpenImages
corpora/sid_set/images/real/f46e5d2e01528ac0.jpg,0,sid_set_real,Real_OpenImages
corpora/sid_set/images/real/95cf00f38d183755.jpg,0,sid_set_real,Real_OpenImages
corpora/sid_set/images/real/c2be8e3b9d812451.jpg,0,sid_set_real,Real_OpenImages
corpora/sid_set/images/real/b8db7ef185aee206.jpg,0,sid_set_real,Real_OpenImages
corpora/sid_set/images/real/76e2118d01c33b86.jpg,0,sid_set_real,Real_OpenImages
corpora/sid_set/images/real/9b6d21eb718a529a.jpg,0,sid_set_real,Real_OpenImages
corpora/sid_set/images/real/74e8736cb316fd2b.jpg,0,sid_set_real,Real_OpenImages
corpora/sid_set/images/real/2c87989d9aa63304.jpg,0,sid_set_real,Real_OpenImages
corpora/sid_set/images/real/188a0706057ad39c.jpg,0,sid_set_real,Real_OpenImages
corpora/sid_set/images/real/0c6a205f0fd14e41.jpg,0,sid_set_real,Real_OpenImages
corpora/sid_set/images/real/bfd3c1637ccb1cd5.jpg,0,sid_set_real,Real_OpenImages
corpora/sid_set/images/real/a1a6594aaa03649b.jpg,0,sid_set_real,Real_OpenImages
corpora/sid_set/images/real/c25ec0ae086dd5c9.jpg,0,sid_set_real,Real_OpenImages
corpora/sid_set/images/real/29fdcadc82cdbc71.jpg,0,sid_set_real,Real_OpenImages
corpora/sid_set/images/real/95e12136ef466b6e.jpg,0,sid_set_real,Real_OpenImages
corpora/sid_set/images/real/fabc395425611e72.jpg,0,sid_set_real,Real_OpenImages
corpora/sid_set/images/real/2c0faabc3ddefe60.jpg,0,sid_set_real,Real_OpenImages
corpora/sid_set/images/real/dc62a924b43ef756.jpg,0,sid_set_real,Real_OpenImages
corpora/sid_set/images/real/d166197834ed46b5.jpg,0,sid_set_real,Real_OpenImages
corpora/sid_set/images/real/6b0144c9f896d576.jpg,0,sid_set_real,Real_OpenImages
corpora/sid_set/images/real/f7c9a5886da0b546.jpg,0,sid_set_real,Real_OpenImages
corpora/sid_set/images/real/eb8b3b3b2e577af0.jpg,0,sid_set_real,Real_OpenImages
corpora/sid_set/images/real/bf1d9191a5df428b.jpg,0,sid_set_real,Real_OpenImages
corpora/sid_set/images/real/d8a415edffb8aee9.jpg,0,sid_set_real,Real_OpenImages
corpora/sid_set/images/real/bafef67771adb7cd.jpg,0,sid_set_real,Real_OpenImages
corpora/sid_set/images/real/c3d7e561eff98983.jpg,0,sid_set_real,Real_OpenImages
corpora/sid_set/images/real/2f396a50b73d58cc.jpg,0,sid_set_real,Real_OpenImages
corpora/sid_set/images/real/be63cca378b9bbae.jpg,0,sid_set_real,Real_OpenImages
corpora/sid_set/images/real/ac78844ccb340a8c.jpg,0,sid_set_real,Real_OpenImages
corpora/sid_set/images/real/19bb4ad5803cfef7.jpg,0,sid_set_real,Real_OpenImages
corpora/sid_set/images/real/df0b5e2eb2cc87c8.jpg,0,sid_set_real,Real_OpenImages
corpora/sid_set/images/real/be2ff2cea65ce4f5.jpg,0,sid_set_real,Real_OpenImages
corpora/sid_set/images/real/70bdb5458dcb6e79.jpg,0,sid_set_real,Real_OpenImages
corpora/sid_set/images/real/c4a33b8d1e22b958.jpg,0,sid_set_real,Real_OpenImages
corpora/sid_set/images/real/8fe17d84ffea2fde.jpg,0,sid_set_real,Real_OpenImages
corpora/sid_set/images/real/0b341d529c3be630.jpg,0,sid_set_real,Real_OpenImages
corpora/sid_set/images/real/b3cc17f28216371f.jpg,0,sid_set_real,Real_OpenImages
corpora/sid_set/images/real/0569aa61e7b1f34d.jpg,0,sid_set_real,Real_OpenImages
corpora/sid_set/images/real/d71ea5d3ce26141b.jpg,0,sid_set_real,Real_OpenImages
corpora/sid_set/images/real/bf34e97a71a5a039.jpg,0,sid_set_real,Real_OpenImages
corpora/sid_set/images/real/5cb76456d06c01c8.jpg,0,sid_set_real,Real_OpenImages
corpora/sid_set/images/real/1f76862f43debf05.jpg,0,sid_set_real,Real_OpenImages
corpora/sid_set/images/real/a4603b4d109f5667.jpg,0,sid_set_real,Real_OpenImages
corpora/sid_set/images/real/e1d406b32bb0f74b.jpg,0,sid_set_real,Real_OpenImages
corpora/sid_set/images/real/53932ae9bd5f7942.jpg,0,sid_set_real,Real_OpenImages
corpora/sid_set/images/real/15a377b61b479ee9.jpg,0,sid_set_real,Real_OpenImages
corpora/sid_set/images/real/1874e47430725c04.jpg,0,sid_set_real,Real_OpenImages
corpora/sid_set/images/real/3c9d64faae81fa02.jpg,0,sid_set_real,Real_OpenImages
corpora/sid_set/images/real/1ca72344791074a0.jpg,0,sid_set_real,Real_OpenImages
corpora/sid_set/images/real/580275e5792d6afe.jpg,0,sid_set_real,Real_OpenImages
corpora/sid_set/images/real/5b4375a95b8e95c1.jpg,0,sid_set_real,Real_OpenImages
corpora/sid_set/images/real/bad4aaf61ba1c4f7.jpg,0,sid_set_real,Real_OpenImages
corpora/sid_set/images/real/0aa112f0c972b771.jpg,0,sid_set_real,Real_OpenImages
corpora/sid_set/images/real/cabf503ab0c37255.jpg,0,sid_set_real,Real_OpenImages
corpora/sid_set/images/real/a059a514dcce5d29.jpg,0,sid_set_real,Real_OpenImages
corpora/sid_set/images/real/7ce80949e78875e2.jpg,0,sid_set_real,Real_OpenImages
corpora/sid_set/images/real/01b7bae590150474.jpg,0,sid_set_real,Real_OpenImages
corpora/sid_set/images/real/a48b0bcd8e0c8e5c.jpg,0,sid_set_real,Real_OpenImages
corpora/sid_set/images/real/f98e2ad8feabcae5.jpg,0,sid_set_real,Real_OpenImages
corpora/sid_set/images/real/71ac0849fbedfec8.jpg,0,sid_set_real,Real_OpenImages
corpora/sid_set/images/real/0ff4b3986e534c8f.jpg,0,sid_set_real,Real_OpenImages
corpora/sid_set/images/real/8811483170f31318.jpg,0,sid_set_real,Real_OpenImages
corpora/sid_set/images/real/d217bb3d87f4f67a.jpg,0,sid_set_real,Real_OpenImages
corpora/sid_set/images/real/6cb03dabc1ddf48e.jpg,0,sid_set_real,Real_OpenImages
corpora/sid_set/images/real/d27484ae4d6c6b8c.jpg,0,sid_set_real,Real_OpenImages
corpora/sid_set/images/real/2c9d99369cdbeaca.jpg,0,sid_set_real,Real_OpenImages
corpora/sid_set/images/real/7b8783db646fc18e.jpg,0,sid_set_real,Real_OpenImages
corpora/sid_set/images/real/fd228375f40764b3.jpg,0,sid_set_real,Real_OpenImages
corpora/sid_set/images/real/b209ffb56eb6aa2a.jpg,0,sid_set_real,Real_OpenImages
corpora/sid_set/images/real/62e5bba664183217.jpg,0,sid_set_real,Real_OpenImages
corpora/sid_set/images/real/3361375303e5ae5e.jpg,0,sid_set_real,Real_OpenImages
corpora/sid_set/images/real/e64fd77bcfe46009.jpg,0,sid_set_real,Real_OpenImages
corpora/sid_set/images/real/62735af79b51955c.jpg,0,sid_set_real,Real_OpenImages
corpora/sid_set/images/real/cb71b6712f1de594.jpg,0,sid_set_real,Real_OpenImages
corpora/sid_set/images/real/d7b3bcc1e29113de.jpg,0,sid_set_real,Real_OpenImages
corpora/sid_set/images/real/b9b1802761cf61e7.jpg,0,sid_set_real,Real_OpenImages
corpora/sid_set/images/real/c1a3b9be20d029af.jpg,0,sid_set_real,Real_OpenImages
corpora/sid_set/images/real/c9c1dd7fd8719eb2.jpg,0,sid_set_real,Real_OpenImages
corpora/sid_set/images/real/d775ebb56ccd22ef.jpg,0,sid_set_real,Real_OpenImages
corpora/sid_set/images/real/cb01ba79cdec4904.jpg,0,sid_set_real,Real_OpenImages
corpora/sid_set/images/real/f143f11ee4e13f57.jpg,0,sid_set_real,Real_OpenImages
corpora/sid_set/images/real/9d91b2288711a0d4.jpg,0,sid_set_real,Real_OpenImages
corpora/sid_set/images/real/bbba766439a86353.jpg,0,sid_set_real,Real_OpenImages
corpora/sid_set/images/real/ef833f844ca7da6f.jpg,0,sid_set_real,Real_OpenImages
corpora/sid_set/images/real/2c665b622e3cef5a.jpg,0,sid_set_real,Real_OpenImages
corpora/sid_set/images/real/3d88c29db6db0a50.jpg,0,sid_set_real,Real_OpenImages
corpora/sid_set/images/real/95c221a641b90237.jpg,0,sid_set_real,Real_OpenImages
corpora/sid_set/images/real/f4af11f81eae7e1b.jpg,0,sid_set_real,Real_OpenImages
corpora/sid_set/images/real/402e91b2dc90605f.jpg,0,sid_set_real,Real_OpenImages
corpora/sid_set/images/real/9fa73b04ed08e67a.jpg,0,sid_set_real,Real_OpenImages
corpora/sid_set/images/real/0232d09adfe1a411.jpg,0,sid_set_real,Real_OpenImages
corpora/sid_set/images/real/acdf74186d24b7c0.jpg,0,sid_set_real,Real_OpenImages
corpora/sid_set/images/real/d8e349b1ca43515e.jpg,0,sid_set_real,Real_OpenImages
corpora/sid_set/images/real/0059238c9ec63fe5.jpg,0,sid_set_real,Real_OpenImages
corpora/sid_set/images/real/f7d5641b7de48078.jpg,0,sid_set_real,Real_OpenImages
corpora/sid_set/images/real/effffb0ac470fc58.jpg,0,sid_set_real,Real_OpenImages
corpora/sid_set/images/real/81fa365d9b932bab.jpg,0,sid_set_real,Real_OpenImages
corpora/sid_set/images/real/9a3eacf6d90f8055.jpg,0,sid_set_real,Real_OpenImages
corpora/sid_set/images/real/3b6e544417d466e6.jpg,0,sid_set_real,Real_OpenImages
corpora/sid_set/images/real/7239a6dc22ce3193.jpg,0,sid_set_real,Real_OpenImages
corpora/sid_set/images/real/eb1ad917c98db2f7.jpg,0,sid_set_real,Real_OpenImages
corpora/sid_set/images/real/da7a02d29578287b.jpg,0,sid_set_real,Real_OpenImages
corpora/sid_set/images/real/b438b6ff77fb9fad.jpg,0,sid_set_real,Real_OpenImages
corpora/sid_set/images/real/eb74b695d85deee6.jpg,0,sid_set_real,Real_OpenImages
corpora/sid_set/images/real/3180485eb58c7ce6.jpg,0,sid_set_real,Real_OpenImages
corpora/sid_set/images/real/d6fbc666ab0bf241.jpg,0,sid_set_real,Real_OpenImages
corpora/sid_set/images/real/02e777ca05730e04.jpg,0,sid_set_real,Real_OpenImages
corpora/sid_set/images/real/caecdf30aacec348.jpg,0,sid_set_real,Real_OpenImages
corpora/sid_set/images/real/b91fe62dfd6f6fb0.jpg,0,sid_set_real,Real_OpenImages
corpora/sid_set/images/real/4c1f1f181402f63f.jpg,0,sid_set_real,Real_OpenImages
corpora/sid_set/images/real/422bfbf1f7d1169d.jpg,0,sid_set_real,Real_OpenImages
corpora/sid_set/images/real/4699029d1262c169.jpg,0,sid_set_real,Real_OpenImages
corpora/sid_set/images/real/4c1508e2f6190bea.jpg,0,sid_set_real,Real_OpenImages
corpora/sid_set/images/real/143d01ab879fafa6.jpg,0,sid_set_real,Real_OpenImages
corpora/sid_set/images/real/04e97157887aae0f.jpg,0,sid_set_real,Real_OpenImages
corpora/sid_set/images/real/3f1b3152e4843abc.jpg,0,sid_set_real,Real_OpenImages
corpora/sid_set/images/real/29a1c9e29ae20f71.jpg,0,sid_set_real,Real_OpenImages
corpora/sid_set/images/real/be172dc37160f70a.jpg,0,sid_set_real,Real_OpenImages
corpora/sid_set/images/real/642d8f966ae4fc99.jpg,0,sid_set_real,Real_OpenImages
corpora/sid_set/images/real/ab5abe8a305cc1d9.jpg,0,sid_set_real,Real_OpenImages
corpora/sid_set/images/real/b378d8124fe885a6.jpg,0,sid_set_real,Real_OpenImages
corpora/sid_set/images/real/6758529b6d8a571e.jpg,0,sid_set_real,Real_OpenImages
corpora/sid_set/images/real/5fb09d2b207f2acf.jpg,0,sid_set_real,Real_OpenImages
corpora/sid_set/images/real/89cdc24aeaf58294.jpg,0,sid_set_real,Real_OpenImages
corpora/sid_set/images/real/fac15df9c0530be3.jpg,0,sid_set_real,Real_OpenImages
corpora/sid_set/images/real/0d4f0a36d2fffb26.jpg,0,sid_set_real,Real_OpenImages
corpora/sid_set/images/real/28acb039769af583.jpg,0,sid_set_real,Real_OpenImages
corpora/sid_set/images/real/3fb769d12f226c15.jpg,0,sid_set_real,Real_OpenImages
corpora/sid_set/images/real/2fc31bea4d3b2766.jpg,0,sid_set_real,Real_OpenImages
corpora/sid_set/images/real/6cb289e66ccefc72.jpg,0,sid_set_real,Real_OpenImages
corpora/sid_set/images/real/d2bff72edc6d6acb.jpg,0,sid_set_real,Real_OpenImages
corpora/sid_set/images/real/43d90a2cc31a4e91.jpg,0,sid_set_real,Real_OpenImages
corpora/sid_set/images/real/f7872606d5eff67a.jpg,0,sid_set_real,Real_OpenImages
corpora/sid_set/images/real/99ea7baa7048289e.jpg,0,sid_set_real,Real_OpenImages
corpora/sid_set/images/real/813985fd5e5f265a.jpg,0,sid_set_real,Real_OpenImages
corpora/sid_set/images/real/7470e8ffab3aef72.jpg,0,sid_set_real,Real_OpenImages
corpora/sid_set/images/real/74bc304d89e880d2.jpg,0,sid_set_real,Real_OpenImages
corpora/sid_set/images/real/8f6950512476697b.jpg,0,sid_set_real,Real_OpenImages
corpora/sid_set/images/real/ca866c6aa4b8739a.jpg,0,sid_set_real,Real_OpenImages
corpora/sid_set/images/real/ce2d52eb66172f68.jpg,0,sid_set_real,Real_OpenImages
corpora/sid_set/images/real/39bd9a7716fb9af5.jpg,0,sid_set_real,Real_OpenImages
corpora/sid_set/images/real/45deb1ad273438d4.jpg,0,sid_set_real,Real_OpenImages
corpora/sid_set/images/real/efcc0f34b0344c66.jpg,0,sid_set_real,Real_OpenImages
corpora/sid_set/images/real/899ffdc14126f56f.jpg,0,sid_set_real,Real_OpenImages
corpora/sid_set/images/real/b8472f3eef05f7ff.jpg,0,sid_set_real,Real_OpenImages
corpora/sid_set/images/real/db0698faaba74215.jpg,0,sid_set_real,Real_OpenImages
corpora/sid_set/images/real/06b9c2b45be70865.jpg,0,sid_set_real,Real_OpenImages
corpora/sid_set/images/real/7f4873138243da3b.jpg,0,sid_set_real,Real_OpenImages
corpora/sid_set/images/real/8e6aa87da22fbb1e.jpg,0,sid_set_real,Real_OpenImages
corpora/sid_set/images/real/88e26f2261161426.jpg,0,sid_set_real,Real_OpenImages
corpora/sid_set/images/real/6480192b8e0c309b.jpg,0,sid_set_real,Real_OpenImages
corpora/sid_set/images/real/32be08e6a260e837.jpg,0,sid_set_real,Real_OpenImages
corpora/sid_set/images/real/a7b5940e336815fa.jpg,0,sid_set_real,Real_OpenImages
corpora/sid_set/images/real/d0e65ab547f57c51.jpg,0,sid_set_real,Real_OpenImages
corpora/sid_set/images/real/01086d083faab879.jpg,0,sid_set_real,Real_OpenImages
corpora/sid_set/images/real/f648cd5a425954ce.jpg,0,sid_set_real,Real_OpenImages
corpora/sid_set/images/real/110aef583390f747.jpg,0,sid_set_real,Real_OpenImages
corpora/sid_set/images/real/a6b7626e4b819a34.jpg,0,sid_set_real,Real_OpenImages
corpora/sid_set/images/real/689f8493975d9eb3.jpg,0,sid_set_real,Real_OpenImages
corpora/sid_set/images/real/02f186b6bc860d54.jpg,0,sid_set_real,Real_OpenImages
corpora/sid_set/images/real/58ee0f4e1f1e7eb4.jpg,0,sid_set_real,Real_OpenImages
corpora/sid_set/images/real/48fa5629753fbf22.jpg,0,sid_set_real,Real_OpenImages
corpora/sid_set/images/real/5b05c9e588117d8a.jpg,0,sid_set_real,Real_OpenImages
corpora/sid_set/images/real/4beea7867cc56687.jpg,0,sid_set_real,Real_OpenImages
corpora/sid_set/images/real/36362e4c715f6dd2.jpg,0,sid_set_real,Real_OpenImages
corpora/sid_set/images/real/63f4e5aef9c1d7e9.jpg,0,sid_set_real,Real_OpenImages
corpora/sid_set/images/real/4e9ce3a36d4bdce3.jpg,0,sid_set_real,Real_OpenImages
corpora/sid_set/images/real/74b9575f176b6f8c.jpg,0,sid_set_real,Real_OpenImages
corpora/sid_set/images/real/623bbc7201fe6b07.jpg,0,sid_set_real,Real_OpenImages
corpora/sid_set/images/real/360f08c40fab59a7.jpg,0,sid_set_real,Real_OpenImages
corpora/sid_set/images/real/4073a8f777aa049b.jpg,0,sid_set_real,Real_OpenImages
corpora/sid_set/images/real/76d8a2ae8336244a.jpg,0,sid_set_real,Real_OpenImages
corpora/sid_set/images/real/bd9c3e9906c13229.jpg,0,sid_set_real,Real_OpenImages
corpora/sid_set/images/real/2b3176dbe43c24ea.jpg,0,sid_set_real,Real_OpenImages
corpora/sid_set/images/real/c9be3424418332bb.jpg,0,sid_set_real,Real_OpenImages
corpora/sid_set/images/real/4819b39888f03125.jpg,0,sid_set_real,Real_OpenImages
corpora/sid_set/images/real/563699f3b48e2a6d.jpg,0,sid_set_real,Real_OpenImages
corpora/sid_set/images/real/c64ac73c90a2e816.jpg,0,sid_set_real,Real_OpenImages
corpora/sid_set/images/real/14dd914a4c9c6765.jpg,0,sid_set_real,Real_OpenImages
corpora/sid_set/images/real/c01427390e6fe7d7.jpg,0,sid_set_real,Real_OpenImages
corpora/sid_set/images/real/a5d51a67c8f06bad.jpg,0,sid_set_real,Real_OpenImages
corpora/sid_set/images/real/e2176aca32caab5f.jpg,0,sid_set_real,Real_OpenImages
corpora/sid_set/images/real/6f1bb458eb81dd27.jpg,0,sid_set_real,Real_OpenImages
corpora/sid_set/images/real/b2fe44aff7a4c29c.jpg,0,sid_set_real,Real_OpenImages
corpora/sid_set/images/real/3320eae59e1e41e8.jpg,0,sid_set_real,Real_OpenImages
corpora/sid_set/images/real/a17271013f8c1279.jpg,0,sid_set_real,Real_OpenImages
corpora/sid_set/images/real/f5cf6fb9327320b4.jpg,0,sid_set_real,Real_OpenImages
corpora/sid_set/images/real/c2525d2badad78d6.jpg,0,sid_set_real,Real_OpenImages
corpora/sid_set/images/real/a5e516a5cf7269da.jpg,0,sid_set_real,Real_OpenImages
corpora/sid_set/images/real/e41f83bdcdba14fa.jpg,0,sid_set_real,Real_OpenImages
corpora/sid_set/images/real/04986b11177cb903.jpg,0,sid_set_real,Real_OpenImages
corpora/sid_set/images/real/cd5215bf59de504e.jpg,0,sid_set_real,Real_OpenImages
corpora/sid_set/images/real/cb4cabcd72e93b9f.jpg,0,sid_set_real,Real_OpenImages
corpora/sid_set/images/real/3e7e50027b00d8be.jpg,0,sid_set_real,Real_OpenImages
corpora/sid_set/images/real/c2bbf2a14f1163d2.jpg,0,sid_set_real,Real_OpenImages
corpora/sid_set/images/real/013f5cac93b70098.jpg,0,sid_set_real,Real_OpenImages
corpora/sid_set/images/real/086b9a6276f19eaf.jpg,0,sid_set_real,Real_OpenImages
corpora/sid_set/images/real/8c75e2bc270dfafb.jpg,0,sid_set_real,Real_OpenImages
corpora/sid_set/images/real/99890ee4aed5b573.jpg,0,sid_set_real,Real_OpenImages
corpora/sid_set/images/real/4e61440d5a9afab8.jpg,0,sid_set_real,Real_OpenImages
corpora/sid_set/images/real/561db7602824223c.jpg,0,sid_set_real,Real_OpenImages
corpora/sid_set/images/real/1a4c5d8483698429.jpg,0,sid_set_real,Real_OpenImages
corpora/sid_set/images/real/5ed6e817f0b85cd7.jpg,0,sid_set_real,Real_OpenImages
corpora/sid_set/images/real/8fd149efb6717616.jpg,0,sid_set_real,Real_OpenImages
corpora/sid_set/images/real/08dd247af0cbd74b.jpg,0,sid_set_real,Real_OpenImages
corpora/sid_set/images/real/64de0f1531dddf20.jpg,0,sid_set_real,Real_OpenImages
corpora/sid_set/images/real/298673e4b353df9a.jpg,0,sid_set_real,Real_OpenImages
corpora/sid_set/images/real/3f996902e9b7e2de.jpg,0,sid_set_real,Real_OpenImages
corpora/sid_set/images/real/c9eabaada8febee1.jpg,0,sid_set_real,Real_OpenImages
corpora/sid_set/images/real/b0ce70b15df1bc46.jpg,0,sid_set_real,Real_OpenImages
corpora/sid_set/images/real/e166aeae2436c128.jpg,0,sid_set_real,Real_OpenImages
corpora/sid_set/images/real/a91aff6094f80032.jpg,0,sid_set_real,Real_OpenImages
corpora/sid_set/images/real/8fcec2e7d9663650.jpg,0,sid_set_real,Real_OpenImages
corpora/sid_set/images/real/006615532444c9dc.jpg,0,sid_set_real,Real_OpenImages
corpora/sid_set/images/real/cc2d7b56bf355444.jpg,0,sid_set_real,Real_OpenImages
corpora/sid_set/images/real/1d5f4d3d9ae10cd2.jpg,0,sid_set_real,Real_OpenImages
corpora/sid_set/images/real/6ddfca8c7554df87.jpg,0,sid_set_real,Real_OpenImages
corpora/sid_set/images/real/40beaa380c3db1c8.jpg,0,sid_set_real,Real_OpenImages
corpora/sid_set/images/real/68b1ceaff0bd8d7b.jpg,0,sid_set_real,Real_OpenImages
corpora/sid_set/images/real/c1e22269747caa90.jpg,0,sid_set_real,Real_OpenImages
corpora/sid_set/images/real/55429e51bf6df109.jpg,0,sid_set_real,Real_OpenImages
corpora/sid_set/images/real/45af791eb2411295.jpg,0,sid_set_real,Real_OpenImages
corpora/sid_set/images/real/2cfcfe3ddeec6aeb.jpg,0,sid_set_real,Real_OpenImages
corpora/sid_set/images/real/e5617f121620971f.jpg,0,sid_set_real,Real_OpenImages
corpora/sid_set/images/real/6e3020cda7151b28.jpg,0,sid_set_real,Real_OpenImages
corpora/sid_set/images/real/92484b550a910a9f.jpg,0,sid_set_real,Real_OpenImages
corpora/sid_set/images/real/f2ad082cdb674916.jpg,0,sid_set_real,Real_OpenImages
corpora/sid_set/images/real/01fa8419fbafd648.jpg,0,sid_set_real,Real_OpenImages
corpora/sid_set/images/real/e3751b78d82fa86d.jpg,0,sid_set_real,Real_OpenImages
corpora/sid_set/images/real/9c9aefd2e9beccdf.jpg,0,sid_set_real,Real_OpenImages
corpora/sid_set/images/real/4f40b496d542cf39.jpg,0,sid_set_real,Real_OpenImages
corpora/sid_set/images/real/3cb6b253bfd2d835.jpg,0,sid_set_real,Real_OpenImages
corpora/sid_set/images/real/90ca4c55ebb30868.jpg,0,sid_set_real,Real_OpenImages
corpora/sid_set/images/real/87db490a002c17b5.jpg,0,sid_set_real,Real_OpenImages
corpora/sid_set/images/real/1f838088fa83c216.jpg,0,sid_set_real,Real_OpenImages
corpora/sid_set/images/real/f5191cae2f3e118c.jpg,0,sid_set_real,Real_OpenImages
corpora/sid_set/images/real/0edd2dec46c861c2.jpg,0,sid_set_real,Real_OpenImages
corpora/sid_set/images/real/ce08ac0fb4c530d8.jpg,0,sid_set_real,Real_OpenImages
corpora/sid_set/images/real/0a3e36caf47a64ca.jpg,0,sid_set_real,Real_OpenImages
corpora/sid_set/images/real/09884237d5229c64.jpg,0,sid_set_real,Real_OpenImages
corpora/sid_set/images/real/04b643489649d9bc.jpg,0,sid_set_real,Real_OpenImages
corpora/sid_set/images/real/02d4091784731e26.jpg,0,sid_set_real,Real_OpenImages
corpora/sid_set/images/real/541b3d5fbc4b115e.jpg,0,sid_set_real,Real_OpenImages
corpora/sid_set/images/real/aa0e5980a0f46c68.jpg,0,sid_set_real,Real_OpenImages
corpora/sid_set/images/real/10727a2fab716ba6.jpg,0,sid_set_real,Real_OpenImages
corpora/sid_set/images/real/d49802dc0c7a9619.jpg,0,sid_set_real,Real_OpenImages
corpora/sid_set/images/real/24c150dc0b0bd10e.jpg,0,sid_set_real,Real_OpenImages
corpora/sid_set/images/real/177a25453a406990.jpg,0,sid_set_real,Real_OpenImages
corpora/sid_set/images/real/be3d4e359fa86d2c.jpg,0,sid_set_real,Real_OpenImages
corpora/sid_set/images/real/af9c1e12fae51051.jpg,0,sid_set_real,Real_OpenImages
corpora/sid_set/images/real/11c37ecd75ec68ac.jpg,0,sid_set_real,Real_OpenImages
corpora/sid_set/images/real/5cee1c02d081ce31.jpg,0,sid_set_real,Real_OpenImages
corpora/sid_set/images/real/44c91ed90f0b9e57.jpg,0,sid_set_real,Real_OpenImages
corpora/sid_set/images/real/a626abda16047632.jpg,0,sid_set_real,Real_OpenImages
corpora/sid_set/images/real/5fa0ae00a793d044.jpg,0,sid_set_real,Real_OpenImages
corpora/sid_set/images/real/fbcff8f9fdf5b84c.jpg,0,sid_set_real,Real_OpenImages
corpora/sid_set/images/real/3224ca0e5b75f096.jpg,0,sid_set_real,Real_OpenImages
corpora/sid_set/images/real/549325af3d498d2c.jpg,0,sid_set_real,Real_OpenImages
corpora/sid_set/images/real/af577c383ff50815.jpg,0,sid_set_real,Real_OpenImages
corpora/sid_set/images/real/fc80841036b3c388.jpg,0,sid_set_real,Real_OpenImages
corpora/sid_set/images/real/c377b8f8f2d58e61.jpg,0,sid_set_real,Real_OpenImages
corpora/sid_set/images/real/b987cfd27462a57a.jpg,0,sid_set_real,Real_OpenImages
corpora/sid_set/images/real/540a3e01c26cd7fa.jpg,0,sid_set_real,Real_OpenImages
corpora/sid_set/images/real/929171d64faa2c32.jpg,0,sid_set_real,Real_OpenImages
corpora/sid_set/images/real/c83feedbcb3e083d.jpg,0,sid_set_real,Real_OpenImages
corpora/sid_set/images/real/414d10b630dec520.jpg,0,sid_set_real,Real_OpenImages
corpora/sid_set/images/real/2177968de26108bb.jpg,0,sid_set_real,Real_OpenImages
corpora/sid_set/images/real/e601a9cc2083ab2e.jpg,0,sid_set_real,Real_OpenImages
corpora/sid_set/images/real/1c5d42f6bdca5f02.jpg,0,sid_set_real,Real_OpenImages
corpora/sid_set/images/real/43eb0d922191b2e7.jpg,0,sid_set_real,Real_OpenImages
corpora/sid_set/images/real/0293475f300e34ba.jpg,0,sid_set_real,Real_OpenImages
corpora/sid_set/images/real/d3b0405c500443f2.jpg,0,sid_set_real,Real_OpenImages
corpora/sid_set/images/real/2ecc3d1c7ded0389.jpg,0,sid_set_real,Real_OpenImages
corpora/sid_set/images/real/84c7b4ba405f1bbc.jpg,0,sid_set_real,Real_OpenImages
corpora/sid_set/images/real/f0640d23b5e37da2.jpg,0,sid_set_real,Real_OpenImages
corpora/sid_set/images/real/673146cee3f0f13b.jpg,0,sid_set_real,Real_OpenImages
corpora/sid_set/images/real/0444009aeedea7c0.jpg,0,sid_set_real,Real_OpenImages
corpora/sid_set/images/real/808d9178fa90d138.jpg,0,sid_set_real,Real_OpenImages
corpora/sid_set/images/real/d17f1acfff9e5fd2.jpg,0,sid_set_real,Real_OpenImages
corpora/sid_set/images/real/2659a0ac5b7b1d0b.jpg,0,sid_set_real,Real_OpenImages
corpora/sid_set/images/real/df8ae1615044565a.jpg,0,sid_set_real,Real_OpenImages
corpora/sid_set/images/real/579c0c4d2281c159.jpg,0,sid_set_real,Real_OpenImages
corpora/sid_set/images/real/fddfff6b0fc51285.jpg,0,sid_set_real,Real_OpenImages
corpora/sid_set/images/real/1605f3ba2151473c.jpg,0,sid_set_real,Real_OpenImages
corpora/sid_set/images/real/f941064a08fac152.jpg,0,sid_set_real,Real_OpenImages
corpora/sid_set/images/real/ac01eca404cc5e21.jpg,0,sid_set_real,Real_OpenImages
corpora/sid_set/images/real/e6ca2d6bdf5fa1c6.jpg,0,sid_set_real,Real_OpenImages
corpora/sid_set/images/real/b7998db6f5547f16.jpg,0,sid_set_real,Real_OpenImages
corpora/sid_set/images/real/b2cec05cbb6e2aa2.jpg,0,sid_set_real,Real_OpenImages
corpora/sid_set/images/real/ecf5c0130f02c308.jpg,0,sid_set_real,Real_OpenImages
corpora/sid_set/images/real/e410d4e41b4ba925.jpg,0,sid_set_real,Real_OpenImages
corpora/sid_set/images/real/39dad76eb0d57d08.jpg,0,sid_set_real,Real_OpenImages
corpora/sid_set/images/real/520fa3641a866ad7.jpg,0,sid_set_real,Real_OpenImages
corpora/sid_set/images/real/a8977d59db4075d2.jpg,0,sid_set_real,Real_OpenImages
corpora/sid_set/images/real/917e08beb86a0024.jpg,0,sid_set_real,Real_OpenImages
corpora/sid_set/images/real/18ec8e4cebce3aec.jpg,0,sid_set_real,Real_OpenImages
corpora/sid_set/images/real/8a435f6ff85c523e.jpg,0,sid_set_real,Real_OpenImages
corpora/sid_set/images/real/d7c7e5fc5bc05a9d.jpg,0,sid_set_real,Real_OpenImages
corpora/sid_set/images/real/32ba3283b4c5bce6.jpg,0,sid_set_real,Real_OpenImages
corpora/sid_set/images/real/f3d1c575e7238f6c.jpg,0,sid_set_real,Real_OpenImages
corpora/sid_set/images/real/862ad0d9c4d6a96a.jpg,0,sid_set_real,Real_OpenImages
corpora/sid_set/images/real/d09f0b90d05142dc.jpg,0,sid_set_real,Real_OpenImages
corpora/sid_set/images/real/ec53247cd89e66de.jpg,0,sid_set_real,Real_OpenImages
corpora/sid_set/images/real/dc4a4eb877041c82.jpg,0,sid_set_real,Real_OpenImages
corpora/sid_set/images/real/c477a5dcb5d9c590.jpg,0,sid_set_real,Real_OpenImages
corpora/sid_set/images/real/c4d4c14fa17019ba.jpg,0,sid_set_real,Real_OpenImages
corpora/sid_set/images/real/f65a52984ac2a64d.jpg,0,sid_set_real,Real_OpenImages
corpora/sid_set/images/real/1f731400bcca506a.jpg,0,sid_set_real,Real_OpenImages
corpora/sid_set/images/real/df518cf06b90ee32.jpg,0,sid_set_real,Real_OpenImages
corpora/sid_set/images/real/e8878fbc9cb5b78e.jpg,0,sid_set_real,Real_OpenImages
corpora/sid_set/images/real/03d96cc2e2bde18d.jpg,0,sid_set_real,Real_OpenImages
corpora/sid_set/images/real/52aa3fcdebd384c6.jpg,0,sid_set_real,Real_OpenImages
corpora/sid_set/images/real/e83e8c8694911937.jpg,0,sid_set_real,Real_OpenImages
corpora/sid_set/images/real/89b19c16dda2f221.jpg,0,sid_set_real,Real_OpenImages
corpora/sid_set/images/real/1724a35965b1fec4.jpg,0,sid_set_real,Real_OpenImages
corpora/sid_set/images/real/a012bc4419a1943c.jpg,0,sid_set_real,Real_OpenImages
corpora/sid_set/images/real/88769e4b082b5b13.jpg,0,sid_set_real,Real_OpenImages
corpora/sid_set/images/real/0907e566ffb2b0d3.jpg,0,sid_set_real,Real_OpenImages
corpora/sid_set/images/real/5b01d4b00d2d7778.jpg,0,sid_set_real,Real_OpenImages
corpora/sid_set/images/real/1115848ba063e297.jpg,0,sid_set_real,Real_OpenImages
corpora/sid_set/images/real/feda29a4fa3cb2c5.jpg,0,sid_set_real,Real_OpenImages
corpora/sid_set/images/real/b88e5954bc343baf.jpg,0,sid_set_real,Real_OpenImages
corpora/sid_set/images/real/1d0a64cad482ac0b.jpg,0,sid_set_real,Real_OpenImages
corpora/sid_set/images/real/b17b00ee37a97de6.jpg,0,sid_set_real,Real_OpenImages
corpora/sid_set/images/real/46c2268122bab820.jpg,0,sid_set_real,Real_OpenImages
corpora/sid_set/images/real/187c38ba726149b5.jpg,0,sid_set_real,Real_OpenImages
corpora/sid_set/images/real/db0a7960958c4006.jpg,0,sid_set_real,Real_OpenImages
corpora/sid_set/images/real/8f77f6cdbeb8ec54.jpg,0,sid_set_real,Real_OpenImages
corpora/sid_set/images/real/ee02ea9f0e365f20.jpg,0,sid_set_real,Real_OpenImages
corpora/sid_set/images/real/23b186d171947c4f.jpg,0,sid_set_real,Real_OpenImages
corpora/sid_set/images/real/2d86a20b06523908.jpg,0,sid_set_real,Real_OpenImages
corpora/sid_set/images/real/2bb6710080ff888d.jpg,0,sid_set_real,Real_OpenImages
corpora/sid_set/images/real/83483b7f9cc3714a.jpg,0,sid_set_real,Real_OpenImages
corpora/sid_set/images/real/1cb12b077ab68f9e.jpg,0,sid_set_real,Real_OpenImages
corpora/sid_set/images/real/406e49bbcddc6bbd.jpg,0,sid_set_real,Real_OpenImages
corpora/sid_set/images/real/831fb91ea20f64b5.jpg,0,sid_set_real,Real_OpenImages
corpora/sid_set/images/real/b8a6ffd3f0fa649c.jpg,0,sid_set_real,Real_OpenImages
corpora/sid_set/images/real/23e3f8a87e3b3285.jpg,0,sid_set_real,Real_OpenImages
corpora/sid_set/images/real/20090a39ac5059a7.jpg,0,sid_set_real,Real_OpenImages
corpora/sid_set/images/real/c172ebb5fa01c0a0.jpg,0,sid_set_real,Real_OpenImages
corpora/sid_set/images/real/548d20b61e923de3.jpg,0,sid_set_real,Real_OpenImages
corpora/sid_set/images/real/8be93c38d2ae34cb.jpg,0,sid_set_real,Real_OpenImages
corpora/sid_set/images/real/c6db3eb14ca5fd96.jpg,0,sid_set_real,Real_OpenImages
corpora/sid_set/images/real/943152fccb8e72c5.jpg,0,sid_set_real,Real_OpenImages
corpora/sid_set/images/real/cbaa72547ff8cb1d.jpg,0,sid_set_real,Real_OpenImages
corpora/sid_set/images/real/068a366955ed8884.jpg,0,sid_set_real,Real_OpenImages
corpora/sid_set/images/real/693ccbda39d77ef8.jpg,0,sid_set_real,Real_OpenImages
corpora/sid_set/images/real/b106d73d7cb392da.jpg,0,sid_set_real,Real_OpenImages
corpora/sid_set/images/real/7205263692d59a2f.jpg,0,sid_set_real,Real_OpenImages
corpora/sid_set/images/real/98c5ac41369f887c.jpg,0,sid_set_real,Real_OpenImages
corpora/sid_set/images/real/4678eb1c5fd8844c.jpg,0,sid_set_real,Real_OpenImages
corpora/sid_set/images/real/569e1d6ef309d352.jpg,0,sid_set_real,Real_OpenImages
corpora/sid_set/images/real/81486985a7ad76aa.jpg,0,sid_set_real,Real_OpenImages
corpora/sid_set/images/real/706ab9eab6b2c164.jpg,0,sid_set_real,Real_OpenImages
corpora/sid_set/images/real/88925df69bf4f75a.jpg,0,sid_set_real,Real_OpenImages
corpora/sid_set/images/real/422011d8a3230936.jpg,0,sid_set_real,Real_OpenImages
corpora/sid_set/images/real/723f0bb345641cb6.jpg,0,sid_set_real,Real_OpenImages
corpora/sid_set/images/real/618c36ee9e5113e5.jpg,0,sid_set_real,Real_OpenImages
corpora/sid_set/images/real/6bc2c59868e2dc16.jpg,0,sid_set_real,Real_OpenImages
corpora/sid_set/images/real/7f2dcecc28bdab36.jpg,0,sid_set_real,Real_OpenImages
corpora/sid_set/images/real/d9ddf529c27f7d93.jpg,0,sid_set_real,Real_OpenImages
corpora/sid_set/images/real/8a0bac9aeb286e1c.jpg,0,sid_set_real,Real_OpenImages
corpora/sid_set/images/real/d9850f2b922515ab.jpg,0,sid_set_real,Real_OpenImages
corpora/sid_set/images/real/4fdf49b8e0fb1be4.jpg,0,sid_set_real,Real_OpenImages
corpora/sid_set/images/real/00708f9ff0f8937b.jpg,0,sid_set_real,Real_OpenImages
corpora/sid_set/images/real/ba1352aa75bff963.jpg,0,sid_set_real,Real_OpenImages
corpora/sid_set/images/real/924d935959f79de1.jpg,0,sid_set_real,Real_OpenImages
corpora/sid_set/images/real/2d359da931d2efba.jpg,0,sid_set_real,Real_OpenImages
corpora/sid_set/images/real/3e7a64c20a6cfd8b.jpg,0,sid_set_real,Real_OpenImages
corpora/sid_set/images/real/fe3e6b186272f4b1.jpg,0,sid_set_real,Real_OpenImages
corpora/sid_set/images/real/25237096badfbafe.jpg,0,sid_set_real,Real_OpenImages
corpora/sid_set/images/real/66f6c5e972740d36.jpg,0,sid_set_real,Real_OpenImages
corpora/sid_set/images/real/27fcf27412a95dc9.jpg,0,sid_set_real,Real_OpenImages
corpora/sid_set/images/real/06746c47257d3c8f.jpg,0,sid_set_real,Real_OpenImages
corpora/sid_set/images/real/a9168c91134052b0.jpg,0,sid_set_real,Real_OpenImages
corpora/sid_set/images/real/26be49d0bca8f2b4.jpg,0,sid_set_real,Real_OpenImages
corpora/sid_set/images/real/4301c0c46ac8c0e5.jpg,0,sid_set_real,Real_OpenImages
corpora/sid_set/images/real/c2dff39aa64919e9.jpg,0,sid_set_real,Real_OpenImages
corpora/sid_set/images/real/7dd2563d633ba870.jpg,0,sid_set_real,Real_OpenImages
corpora/sid_set/images/real/351129f5f9ba2825.jpg,0,sid_set_real,Real_OpenImages
corpora/sid_set/images/real/ce92438a2257c8d6.jpg,0,sid_set_real,Real_OpenImages
corpora/sid_set/images/real/a286d9eeb1ed6fc4.jpg,0,sid_set_real,Real_OpenImages
corpora/sid_set/images/real/c1f0b798f004ecb2.jpg,0,sid_set_real,Real_OpenImages
corpora/sid_set/images/real/7b550aceb5ec111f.jpg,0,sid_set_real,Real_OpenImages
corpora/sid_set/images/real/890015e060bb5c85.jpg,0,sid_set_real,Real_OpenImages
corpora/sid_set/images/real/ed7189c64a1777ad.jpg,0,sid_set_real,Real_OpenImages
corpora/sid_set/images/real/93065219a2ed7ed9.jpg,0,sid_set_real,Real_OpenImages
corpora/sid_set/images/real/9ec3db0988fb0db3.jpg,0,sid_set_real,Real_OpenImages
corpora/sid_set/images/real/e21b0418ac95d9f8.jpg,0,sid_set_real,Real_OpenImages
corpora/sid_set/images/real/60177ff2a8d019a3.jpg,0,sid_set_real,Real_OpenImages
corpora/sid_set/images/real/6c355d7ac17b5326.jpg,0,sid_set_real,Real_OpenImages
corpora/sid_set/images/real/01d916acaf7416ba.jpg,0,sid_set_real,Real_OpenImages
corpora/sid_set/images/real/20514fd2c0e59338.jpg,0,sid_set_real,Real_OpenImages
corpora/sid_set/images/real/7d09a329c1e38d29.jpg,0,sid_set_real,Real_OpenImages
corpora/sid_set/images/real/83ece86a5e645be1.jpg,0,sid_set_real,Real_OpenImages
corpora/sid_set/images/real/4e373c8d82cdda51.jpg,0,sid_set_real,Real_OpenImages
corpora/sid_set/images/real/17771c23432c5fe2.jpg,0,sid_set_real,Real_OpenImages
corpora/sid_set/images/real/004d9c06920512c3.jpg,0,sid_set_real,Real_OpenImages
corpora/sid_set/images/real/216c39e4b2b62b0d.jpg,0,sid_set_real,Real_OpenImages
corpora/sid_set/images/real/2526c62e38278104.jpg,0,sid_set_real,Real_OpenImages
corpora/sid_set/images/real/750fda7b74be88c5.jpg,0,sid_set_real,Real_OpenImages
corpora/sid_set/images/real/c02784bac29bf0fc.jpg,0,sid_set_real,Real_OpenImages
corpora/sid_set/images/real/0505ff6540c17466.jpg,0,sid_set_real,Real_OpenImages
corpora/sid_set/images/real/ab2363149f20f5f0.jpg,0,sid_set_real,Real_OpenImages
corpora/sid_set/images/real/21380185a866eee0.jpg,0,sid_set_real,Real_OpenImages
corpora/sid_set/images/real/2521beafa8b36a8a.jpg,0,sid_set_real,Real_OpenImages
corpora/sid_set/images/real/274ce12e8585d574.jpg,0,sid_set_real,Real_OpenImages
corpora/sid_set/images/real/e58e6a24b3eb8cc6.jpg,0,sid_set_real,Real_OpenImages
corpora/sid_set/images/real/26df1d9f04ba6c29.jpg,0,sid_set_real,Real_OpenImages
corpora/sid_set/images/real/78aba0d7512292a9.jpg,0,sid_set_real,Real_OpenImages
corpora/sid_set/images/real/dea9b9475ce5065d.jpg,0,sid_set_real,Real_OpenImages
corpora/sid_set/images/real/5e3712dcaf4ab217.jpg,0,sid_set_real,Real_OpenImages
corpora/sid_set/images/real/fd61d93a63c0cfc5.jpg,0,sid_set_real,Real_OpenImages
corpora/sid_set/images/real/c3ec2332d4dd6d12.jpg,0,sid_set_real,Real_OpenImages
corpora/sid_set/images/real/41346e53006318ca.jpg,0,sid_set_real,Real_OpenImages
corpora/sid_set/images/real/57b0e1c2dc519443.jpg,0,sid_set_real,Real_OpenImages
corpora/sid_set/images/real/5da2b58c25ea9471.jpg,0,sid_set_real,Real_OpenImages
corpora/sid_set/images/real/71baa7dd982fe08e.jpg,0,sid_set_real,Real_OpenImages
corpora/sid_set/images/real/f83efe9f6660bdea.jpg,0,sid_set_real,Real_OpenImages
corpora/sid_set/images/real/089c91a228cdf8ad.jpg,0,sid_set_real,Real_OpenImages
corpora/sid_set/images/real/67edaa59226349af.jpg,0,sid_set_real,Real_OpenImages
corpora/sid_set/images/real/5132fcccaedfbe6b.jpg,0,sid_set_real,Real_OpenImages
corpora/sid_set/images/real/7254e49d19ffec76.jpg,0,sid_set_real,Real_OpenImages
corpora/sid_set/images/real/910af7697013b498.jpg,0,sid_set_real,Real_OpenImages
corpora/sid_set/images/real/388ab7a623addd3c.jpg,0,sid_set_real,Real_OpenImages
corpora/sid_set/images/real/71f203ec96e74eb6.jpg,0,sid_set_real,Real_OpenImages
corpora/sid_set/images/real/7850f770e93eec0e.jpg,0,sid_set_real,Real_OpenImages
corpora/sid_set/images/real/6031f7d714fbf5c8.jpg,0,sid_set_real,Real_OpenImages
corpora/sid_set/images/real/030161f4e730fd4b.jpg,0,sid_set_real,Real_OpenImages
corpora/sid_set/images/real/5c40c800611bd515.jpg,0,sid_set_real,Real_OpenImages
corpora/sid_set/images/real/e1da39faddf4c2cb.jpg,0,sid_set_real,Real_OpenImages
corpora/sid_set/images/real/919b3a8fb1735e93.jpg,0,sid_set_real,Real_OpenImages
corpora/sid_set/images/real/b45e62abfe81228a.jpg,0,sid_set_real,Real_OpenImages
corpora/sid_set/images/real/84501b9aa7970da8.jpg,0,sid_set_real,Real_OpenImages
corpora/sid_set/images/real/400820e2e41b5628.jpg,0,sid_set_real,Real_OpenImages
corpora/sid_set/images/real/e3370e4ea0348d08.jpg,0,sid_set_real,Real_OpenImages
corpora/sid_set/images/real/339ef5db29c70caa.jpg,0,sid_set_real,Real_OpenImages
corpora/sid_set/images/real/ae04fcd8a8c84345.jpg,0,sid_set_real,Real_OpenImages
corpora/sid_set/images/real/ef575a666c59d543.jpg,0,sid_set_real,Real_OpenImages
corpora/sid_set/images/real/e1476fd0c103ad19.jpg,0,sid_set_real,Real_OpenImages
corpora/sid_set/images/real/f3972cff1f893c30.jpg,0,sid_set_real,Real_OpenImages
corpora/sid_set/images/real/c51c620c68ed0eea.jpg,0,sid_set_real,Real_OpenImages
corpora/sid_set/images/real/522eb62fae76eafe.jpg,0,sid_set_real,Real_OpenImages
corpora/sid_set/images/real/b805c2caaf1efd8b.jpg,0,sid_set_real,Real_OpenImages
corpora/sid_set/images/real/9aaf26c2daec9859.jpg,0,sid_set_real,Real_OpenImages
corpora/sid_set/images/real/4c35d943b3681988.jpg,0,sid_set_real,Real_OpenImages
corpora/sid_set/images/real/408871bf6b600aa0.jpg,0,sid_set_real,Real_OpenImages
corpora/sid_set/images/real/90f98e5b5c431e71.jpg,0,sid_set_real,Real_OpenImages
corpora/sid_set/images/real/d5eac67be1624ee5.jpg,0,sid_set_real,Real_OpenImages
corpora/sid_set/images/real/57e9c2e06631fc80.jpg,0,sid_set_real,Real_OpenImages
corpora/sid_set/images/real/7e9e24e784515f05.jpg,0,sid_set_real,Real_OpenImages
corpora/sid_set/images/real/649abb4946941eaf.jpg,0,sid_set_real,Real_OpenImages
corpora/sid_set/images/real/7771489b21112151.jpg,0,sid_set_real,Real_OpenImages
corpora/sid_set/images/real/32aba568163c0af1.jpg,0,sid_set_real,Real_OpenImages
corpora/sid_set/images/real/dcaf146e57c7a6fa.jpg,0,sid_set_real,Real_OpenImages
corpora/sid_set/images/real/f93843e346f451c6.jpg,0,sid_set_real,Real_OpenImages
corpora/sid_set/images/real/093f61e79ec766b1.jpg,0,sid_set_real,Real_OpenImages
corpora/sid_set/images/real/b550a1c2282300e7.jpg,0,sid_set_real,Real_OpenImages
corpora/sid_set/images/real/e598d49257f41eb7.jpg,0,sid_set_real,Real_OpenImages
corpora/sid_set/images/real/c5d179748201fb10.jpg,0,sid_set_real,Real_OpenImages
corpora/sid_set/images/real/03e4be2c092effd0.jpg,0,sid_set_real,Real_OpenImages
corpora/sid_set/images/real/987ced7fd98867b5.jpg,0,sid_set_real,Real_OpenImages
corpora/sid_set/images/real/1ce6dd4c5c481ece.jpg,0,sid_set_real,Real_OpenImages
corpora/sid_set/images/real/ab4e53d348856b20.jpg,0,sid_set_real,Real_OpenImages
corpora/sid_set/images/real/4c31a99bc0410025.jpg,0,sid_set_real,Real_OpenImages
corpora/sid_set/images/real/902e2ede23db4dd1.jpg,0,sid_set_real,Real_OpenImages
corpora/sid_set/images/real/9f8b6c85fd1eae94.jpg,0,sid_set_real,Real_OpenImages
corpora/sid_set/images/real/d79456f62e2fc0f2.jpg,0,sid_set_real,Real_OpenImages
corpora/sid_set/images/real/11e24e71de5661fd.jpg,0,sid_set_real,Real_OpenImages
corpora/sid_set/images/real/24cbf7d458db3676.jpg,0,sid_set_real,Real_OpenImages
corpora/sid_set/images/real/e10a89b93ceba2e1.jpg,0,sid_set_real,Real_OpenImages
corpora/sid_set/images/real/d0c243d44113b5c1.jpg,0,sid_set_real,Real_OpenImages
corpora/sid_set/images/real/f9a32abfd0885bf2.jpg,0,sid_set_real,Real_OpenImages
corpora/sid_set/images/real/54894956f032a4e5.jpg,0,sid_set_real,Real_OpenImages
corpora/sid_set/images/real/3c1afb05e48a00a1.jpg,0,sid_set_real,Real_OpenImages
corpora/sid_set/images/real/17b51e327e033bd5.jpg,0,sid_set_real,Real_OpenImages
corpora/sid_set/images/real/3f49a46ec9a6db62.jpg,0,sid_set_real,Real_OpenImages
corpora/sid_set/images/real/ce3447ab3dedd49f.jpg,0,sid_set_real,Real_OpenImages
corpora/sid_set/images/real/8c0aae2857ee7add.jpg,0,sid_set_real,Real_OpenImages
corpora/sid_set/images/real/4300a9c3ef54ee82.jpg,0,sid_set_real,Real_OpenImages
corpora/sid_set/images/real/23dd0f3b7de4f3d6.jpg,0,sid_set_real,Real_OpenImages
corpora/sid_set/images/real/a2bf4fb8b67b57c2.jpg,0,sid_set_real,Real_OpenImages
corpora/sid_set/images/real/24690d2dbb41c6a3.jpg,0,sid_set_real,Real_OpenImages
corpora/sid_set/images/real/389ef57a80bf7129.jpg,0,sid_set_real,Real_OpenImages
corpora/sid_set/images/real/17f6beebc4bd3997.jpg,0,sid_set_real,Real_OpenImages
corpora/sid_set/images/real/aed1e64db161529e.jpg,0,sid_set_real,Real_OpenImages
corpora/sid_set/images/real/83b751e0e5a50aa4.jpg,0,sid_set_real,Real_OpenImages
corpora/sid_set/images/real/6db219c22c9edbd9.jpg,0,sid_set_real,Real_OpenImages
corpora/sid_set/images/real/269d05cd32aac11e.jpg,0,sid_set_real,Real_OpenImages
corpora/sid_set/images/real/20a1848f48819a1a.jpg,0,sid_set_real,Real_OpenImages
corpora/sid_set/images/real/5d642c3e9249dd53.jpg,0,sid_set_real,Real_OpenImages
corpora/sid_set/images/real/ada487d9073d8dd5.jpg,0,sid_set_real,Real_OpenImages
corpora/sid_set/images/real/44b80edda76dd430.jpg,0,sid_set_real,Real_OpenImages
corpora/sid_set/images/real/5ab2ca24b2a9e0e3.jpg,0,sid_set_real,Real_OpenImages
corpora/sid_set/images/real/425e2a2194118fbc.jpg,0,sid_set_real,Real_OpenImages
corpora/sid_set/images/real/d2d8ad392149176d.jpg,0,sid_set_real,Real_OpenImages
corpora/sid_set/images/real/68fbc8dfcd5e6dfa.jpg,0,sid_set_real,Real_OpenImages
corpora/sid_set/images/real/0cb117789d60870c.jpg,0,sid_set_real,Real_OpenImages
corpora/sid_set/images/real/549116701b883356.jpg,0,sid_set_real,Real_OpenImages
corpora/sid_set/images/real/8c1bf1063c49c9d6.jpg,0,sid_set_real,Real_OpenImages
corpora/sid_set/images/real/0365f29b036d0ef9.jpg,0,sid_set_real,Real_OpenImages
corpora/sid_set/images/real/e46b77606965fc9d.jpg,0,sid_set_real,Real_OpenImages
corpora/sid_set/images/real/4ea62ab81ce1b15f.jpg,0,sid_set_real,Real_OpenImages
corpora/sid_set/images/real/b923361815097458.jpg,0,sid_set_real,Real_OpenImages
corpora/sid_set/images/real/066b9af86e8f6ead.jpg,0,sid_set_real,Real_OpenImages
corpora/sid_set/images/real/6f348d76e070f2a9.jpg,0,sid_set_real,Real_OpenImages
corpora/sid_set/images/real/dce6b19a3b8c2b86.jpg,0,sid_set_real,Real_OpenImages
corpora/sid_set/images/real/894803e59b6a4587.jpg,0,sid_set_real,Real_OpenImages
corpora/sid_set/images/real/012e5eb65417e742.jpg,0,sid_set_real,Real_OpenImages
corpora/sid_set/images/real/64936a26376e4147.jpg,0,sid_set_real,Real_OpenImages
corpora/sid_set/images/real/3b7b894afa9d31ff.jpg,0,sid_set_real,Real_OpenImages
corpora/sid_set/images/real/b625d7e31369b181.jpg,0,sid_set_real,Real_OpenImages
corpora/sid_set/images/real/76a607a97bf0e6b9.jpg,0,sid_set_real,Real_OpenImages
corpora/sid_set/images/real/5a4f59141f2b71a6.jpg,0,sid_set_real,Real_OpenImages
corpora/sid_set/images/real/d4ba71e5449eabc3.jpg,0,sid_set_real,Real_OpenImages
corpora/sid_set/images/real/da3a776a70676730.jpg,0,sid_set_real,Real_OpenImages
corpora/sid_set/images/real/fe0ed5c2d3970e8c.jpg,0,sid_set_real,Real_OpenImages
corpora/sid_set/images/real/07fb2a635dbe7e6c.jpg,0,sid_set_real,Real_OpenImages
corpora/sid_set/images/real/0031601df18d983a.jpg,0,sid_set_real,Real_OpenImages
corpora/sid_set/images/real/c75d6fd4742def74.jpg,0,sid_set_real,Real_OpenImages
corpora/sid_set/images/real/fc0140aedb9686b0.jpg,0,sid_set_real,Real_OpenImages
corpora/sid_set/images/real/5815598e70118775.jpg,0,sid_set_real,Real_OpenImages
corpora/sid_set/images/real/082acb97d8091ec9.jpg,0,sid_set_real,Real_OpenImages
corpora/sid_set/images/real/c0ec050338085758.jpg,0,sid_set_real,Real_OpenImages
corpora/sid_set/images/real/d3904903875ba291.jpg,0,sid_set_real,Real_OpenImages
corpora/sid_set/images/real/d6b4e6347bba039f.jpg,0,sid_set_real,Real_OpenImages
corpora/sid_set/images/real/3e4cfc236ed74cb3.jpg,0,sid_set_real,Real_OpenImages
corpora/sid_set/images/real/5d03df41d8b152c7.jpg,0,sid_set_real,Real_OpenImages
corpora/sid_set/images/real/b9eb0711a0a23152.jpg,0,sid_set_real,Real_OpenImages
corpora/sid_set/images/real/00da7446888bd477.jpg,0,sid_set_real,Real_OpenImages
corpora/sid_set/images/real/26538abfd9e7ce02.jpg,0,sid_set_real,Real_OpenImages
corpora/sid_set/images/real/5307bf9e7fed301f.jpg,0,sid_set_real,Real_OpenImages
corpora/sid_set/images/real/3cb6b40d377e7ca8.jpg,0,sid_set_real,Real_OpenImages
corpora/sid_set/images/real/0e84051c5882e84a.jpg,0,sid_set_real,Real_OpenImages
corpora/sid_set/images/real/64e3247e2ec726d0.jpg,0,sid_set_real,Real_OpenImages
corpora/sid_set/images/real/20ce17c57e1032bf.jpg,0,sid_set_real,Real_OpenImages
corpora/sid_set/images/real/c463625673e40035.jpg,0,sid_set_real,Real_OpenImages
corpora/sid_set/images/real/189f0de1508e0937.jpg,0,sid_set_real,Real_OpenImages
corpora/sid_set/images/real/4ae0a9be08d2fd29.jpg,0,sid_set_real,Real_OpenImages
corpora/sid_set/images/real/029b359260e70d88.jpg,0,sid_set_real,Real_OpenImages
corpora/sid_set/images/real/28d8249483fab4de.jpg,0,sid_set_real,Real_OpenImages
corpora/sid_set/images/real/c483f411e17e903b.jpg,0,sid_set_real,Real_OpenImages
corpora/sid_set/images/real/182a56f6ca6a1912.jpg,0,sid_set_real,Real_OpenImages
corpora/sid_set/images/real/a160b207bccb2300.jpg,0,sid_set_real,Real_OpenImages
corpora/sid_set/images/real/d3f341deefeaee46.jpg,0,sid_set_real,Real_OpenImages
corpora/sid_set/images/real/1b5c72e8a58c4289.jpg,0,sid_set_real,Real_OpenImages
corpora/sid_set/images/real/c78a1d5177827a8d.jpg,0,sid_set_real,Real_OpenImages
corpora/sid_set/images/real/64b2f2d8810a4b80.jpg,0,sid_set_real,Real_OpenImages
corpora/sid_set/images/real/1deb9cc937f965f6.jpg,0,sid_set_real,Real_OpenImages
corpora/sid_set/images/real/42da5aa8b5f59e20.jpg,0,sid_set_real,Real_OpenImages
corpora/sid_set/images/real/84483825f2eccad7.jpg,0,sid_set_real,Real_OpenImages
corpora/sid_set/images/real/32b1c78343dd4bd8.jpg,0,sid_set_real,Real_OpenImages
corpora/sid_set/images/real/2b5a962fc5cce400.jpg,0,sid_set_real,Real_OpenImages
corpora/sid_set/images/real/2239e3b8dfe2082e.jpg,0,sid_set_real,Real_OpenImages
corpora/sid_set/images/real/7f5b7bcda9e89806.jpg,0,sid_set_real,Real_OpenImages
corpora/sid_set/images/real/4f2f172b7db82667.jpg,0,sid_set_real,Real_OpenImages
corpora/sid_set/images/real/ea8931ac54cafa06.jpg,0,sid_set_real,Real_OpenImages
corpora/sid_set/images/real/bb6e219a0c97f699.jpg,0,sid_set_real,Real_OpenImages
corpora/sid_set/images/real/f63036e480b70edd.jpg,0,sid_set_real,Real_OpenImages
corpora/sid_set/images/real/4a32d5acb2523cbb.jpg,0,sid_set_real,Real_OpenImages
corpora/sid_set/images/real/fda0ed93e4df6103.jpg,0,sid_set_real,Real_OpenImages
corpora/sid_set/images/real/889927bac0357513.jpg,0,sid_set_real,Real_OpenImages
corpora/sid_set/images/real/96ea8b889d2913ec.jpg,0,sid_set_real,Real_OpenImages
corpora/sid_set/images/real/39a072940057d307.jpg,0,sid_set_real,Real_OpenImages
corpora/sid_set/images/real/ba6d51e5eb5db553.jpg,0,sid_set_real,Real_OpenImages
corpora/sid_set/images/real/7c8dabf92cea03d7.jpg,0,sid_set_real,Real_OpenImages
corpora/sid_set/images/real/36d89192905ff728.jpg,0,sid_set_real,Real_OpenImages
corpora/sid_set/images/real/2181501f2e02f67d.jpg,0,sid_set_real,Real_OpenImages
corpora/sid_set/images/real/d12b16bb9b36b541.jpg,0,sid_set_real,Real_OpenImages
corpora/sid_set/images/real/ceacc45de23464f2.jpg,0,sid_set_real,Real_OpenImages
corpora/sid_set/images/real/d0863812a62d78a8.jpg,0,sid_set_real,Real_OpenImages
corpora/sid_set/images/real/0005a0c35689af23.jpg,0,sid_set_real,Real_OpenImages
corpora/sid_set/images/real/f8aacaa6d0c8914c.jpg,0,sid_set_real,Real_OpenImages
corpora/sid_set/images/real/5990af61333d48fc.jpg,0,sid_set_real,Real_OpenImages
corpora/sid_set/images/real/2c7667e2398a2ec8.jpg,0,sid_set_real,Real_OpenImages
corpora/sid_set/images/real/792a1590ec4b260f.jpg,0,sid_set_real,Real_OpenImages
corpora/sid_set/images/real/840077e386564aa5.jpg,0,sid_set_real,Real_OpenImages
corpora/sid_set/images/real/1f9c50943af4ba46.jpg,0,sid_set_real,Real_OpenImages
corpora/sid_set/images/real/84076a5499e07946.jpg,0,sid_set_real,Real_OpenImages
corpora/sid_set/images/real/7a543b385e901d79.jpg,0,sid_set_real,Real_OpenImages
corpora/sid_set/images/real/372e484945129b77.jpg,0,sid_set_real,Real_OpenImages
corpora/sid_set/images/real/577cce4be6efdb05.jpg,0,sid_set_real,Real_OpenImages
corpora/sid_set/images/real/8cffbf987d184f84.jpg,0,sid_set_real,Real_OpenImages
corpora/sid_set/images/real/fe0bec3214706d60.jpg,0,sid_set_real,Real_OpenImages
corpora/sid_set/images/real/635e1c73e9167848.jpg,0,sid_set_real,Real_OpenImages
corpora/sid_set/images/real/76ccc67c6f362e78.jpg,0,sid_set_real,Real_OpenImages
corpora/sid_set/images/real/e8f69718c4171e6c.jpg,0,sid_set_real,Real_OpenImages
corpora/sid_set/images/real/0152217279ad41f4.jpg,0,sid_set_real,Real_OpenImages
corpora/sid_set/images/real/5233c9db6113d5ab.jpg,0,sid_set_real,Real_OpenImages
corpora/sid_set/images/real/6c357db5a1b631a4.jpg,0,sid_set_real,Real_OpenImages
corpora/sid_set/images/real/532f534653a87c2d.jpg,0,sid_set_real,Real_OpenImages
corpora/sid_set/images/real/d2d51b0746e6102c.jpg,0,sid_set_real,Real_OpenImages
corpora/sid_set/images/real/b8d317eb3d552774.jpg,0,sid_set_real,Real_OpenImages
corpora/sid_set/images/real/05408142adaa4a71.jpg,0,sid_set_real,Real_OpenImages
corpora/sid_set/images/real/1e52d8362da08eb6.jpg,0,sid_set_real,Real_OpenImages
corpora/sid_set/images/real/a31509496508cc1a.jpg,0,sid_set_real,Real_OpenImages
corpora/sid_set/images/real/e2c12d871fa33da8.jpg,0,sid_set_real,Real_OpenImages
corpora/sid_set/images/real/2941f029a1146636.jpg,0,sid_set_real,Real_OpenImages
corpora/sid_set/images/real/e85817608ea23824.jpg,0,sid_set_real,Real_OpenImages
corpora/sid_set/images/real/591cb2b617140188.jpg,0,sid_set_real,Real_OpenImages
corpora/sid_set/images/real/044f31e2293d6aed.jpg,0,sid_set_real,Real_OpenImages
corpora/sid_set/images/real/1eae6bd6e99f852b.jpg,0,sid_set_real,Real_OpenImages
corpora/sid_set/images/real/44681c4ead9b7bfb.jpg,0,sid_set_real,Real_OpenImages
corpora/sid_set/images/real/1aa2f01df250b25c.jpg,0,sid_set_real,Real_OpenImages
corpora/sid_set/images/real/46d291592b172cfc.jpg,0,sid_set_real,Real_OpenImages
corpora/sid_set/images/real/da2cf964b371392a.jpg,0,sid_set_real,Real_OpenImages
corpora/sid_set/images/real/094ef200edb2e148.jpg,0,sid_set_real,Real_OpenImages
corpora/sid_set/images/real/f77dc92e1844cce3.jpg,0,sid_set_real,Real_OpenImages
corpora/sid_set/images/real/ac8893306c151b3e.jpg,0,sid_set_real,Real_OpenImages
corpora/sid_set/images/real/6c28ea5a19fdf96b.jpg,0,sid_set_real,Real_OpenImages
corpora/sid_set/images/real/2e22c5c6841e8e5a.jpg,0,sid_set_real,Real_OpenImages
corpora/sid_set/images/real/0ed1a614350414aa.jpg,0,sid_set_real,Real_OpenImages
corpora/sid_set/images/real/91f9268481f2d654.jpg,0,sid_set_real,Real_OpenImages
corpora/sid_set/images/real/2c1459dad82c7713.jpg,0,sid_set_real,Real_OpenImages
corpora/sid_set/images/real/dd96b7f9ae71727e.jpg,0,sid_set_real,Real_OpenImages
corpora/sid_set/images/real/bc6826c71c8bf742.jpg,0,sid_set_real,Real_OpenImages
corpora/sid_set/images/real/3f5c80fe0e0415e5.jpg,0,sid_set_real,Real_OpenImages
corpora/sid_set/images/real/3158fc63e45b96d6.jpg,0,sid_set_real,Real_OpenImages
corpora/sid_set/images/real/079dc8ecdaee06e5.jpg,0,sid_set_real,Real_OpenImages
corpora/sid_set/images/real/b6742984307003b1.jpg,0,sid_set_real,Real_OpenImages
corpora/sid_set/images/real/239c6e6740b143e8.jpg,0,sid_set_real,Real_OpenImages
corpora/sid_set/images/real/c7908d62d298e176.jpg,0,sid_set_real,Real_OpenImages
corpora/sid_set/images/real/decb411775a6cbc4.jpg,0,sid_set_real,Real_OpenImages
corpora/sid_set/images/real/81e939fea9f08b95.jpg,0,sid_set_real,Real_OpenImages
corpora/sid_set/images/real/11e88d80f9673702.jpg,0,sid_set_real,Real_OpenImages
corpora/sid_set/images/real/913d8344d73617e0.jpg,0,sid_set_real,Real_OpenImages
corpora/sid_set/images/real/8c3f3836e4070446.jpg,0,sid_set_real,Real_OpenImages
corpora/sid_set/images/real/55ee0ac4a6f365bf.jpg,0,sid_set_real,Real_OpenImages
corpora/sid_set/images/real/18e2c2da3c19a499.jpg,0,sid_set_real,Real_OpenImages
corpora/sid_set/images/real/be45fb1e2f1f1293.jpg,0,sid_set_real,Real_OpenImages
corpora/sid_set/images/real/cc0384c7b39bc616.jpg,0,sid_set_real,Real_OpenImages
corpora/sid_set/images/real/f7df477b374d8e75.jpg,0,sid_set_real,Real_OpenImages
corpora/sid_set/images/real/6aed512cf7af3714.jpg,0,sid_set_real,Real_OpenImages
corpora/sid_set/images/real/32836a76e0751f7b.jpg,0,sid_set_real,Real_OpenImages
corpora/sid_set/images/real/0baa7983d92e1902.jpg,0,sid_set_real,Real_OpenImages
corpora/sid_set/images/real/ddd19e88685961dc.jpg,0,sid_set_real,Real_OpenImages
corpora/sid_set/images/real/d890c67733064f4e.jpg,0,sid_set_real,Real_OpenImages
corpora/sid_set/images/real/07b3b98dc05810e8.jpg,0,sid_set_real,Real_OpenImages
corpora/sid_set/images/real/9f142b26f05b8dd1.jpg,0,sid_set_real,Real_OpenImages
corpora/sid_set/images/real/edfad087202098ff.jpg,0,sid_set_real,Real_OpenImages
corpora/sid_set/images/real/c2f7255d9f5d9469.jpg,0,sid_set_real,Real_OpenImages
corpora/sid_set/images/real/01920e764dd5a16a.jpg,0,sid_set_real,Real_OpenImages
corpora/sid_set/images/real/8497bd26cddc740c.jpg,0,sid_set_real,Real_OpenImages
corpora/sid_set/images/real/beb2413a240b293b.jpg,0,sid_set_real,Real_OpenImages
corpora/sid_set/images/real/7ab7d78acda40f69.jpg,0,sid_set_real,Real_OpenImages
corpora/sid_set/images/real/64e4508f8211e44f.jpg,0,sid_set_real,Real_OpenImages
corpora/sid_set/images/real/0f6f249f974bd83c.jpg,0,sid_set_real,Real_OpenImages
corpora/sid_set/images/real/b804efc3cd9f690b.jpg,0,sid_set_real,Real_OpenImages
corpora/sid_set/images/real/2818a10e968be93a.jpg,0,sid_set_real,Real_OpenImages
corpora/sid_set/images/real/114102843fe18206.jpg,0,sid_set_real,Real_OpenImages
corpora/sid_set/images/real/e3093c0d3a5c7311.jpg,0,sid_set_real,Real_OpenImages
corpora/sid_set/images/real/020a736d92a4a50f.jpg,0,sid_set_real,Real_OpenImages
corpora/sid_set/images/real/eb49dfc2f1c8ab56.jpg,0,sid_set_real,Real_OpenImages
corpora/sid_set/images/real/2166bc8e00fe454b.jpg,0,sid_set_real,Real_OpenImages
corpora/sid_set/images/real/88349a13475a3b18.jpg,0,sid_set_real,Real_OpenImages
corpora/sid_set/images/real/7c6b23557e97b023.jpg,0,sid_set_real,Real_OpenImages
corpora/sid_set/images/real/4bf551d52e8a26d4.jpg,0,sid_set_real,Real_OpenImages
corpora/sid_set/images/real/61b707119734042e.jpg,0,sid_set_real,Real_OpenImages
corpora/sid_set/images/real/eb53d79658d9836c.jpg,0,sid_set_real,Real_OpenImages
corpora/sid_set/images/real/3e9d4c28f6163bc2.jpg,0,sid_set_real,Real_OpenImages
corpora/sid_set/images/real/b1fd08e2aec1be35.jpg,0,sid_set_real,Real_OpenImages
corpora/sid_set/images/real/8fbda25381d05422.jpg,0,sid_set_real,Real_OpenImages
corpora/sid_set/images/real/196ff594d0c07ef4.jpg,0,sid_set_real,Real_OpenImages
corpora/sid_set/images/real/f6034e8858965dd0.jpg,0,sid_set_real,Real_OpenImages
corpora/sid_set/images/real/4b816eab6f434538.jpg,0,sid_set_real,Real_OpenImages
corpora/sid_set/images/real/a5271b2e379d390e.jpg,0,sid_set_real,Real_OpenImages
corpora/sid_set/images/real/03b41a21392c9197.jpg,0,sid_set_real,Real_OpenImages
corpora/sid_set/images/real/1a8b7fd6a9bd61c1.jpg,0,sid_set_real,Real_OpenImages
corpora/sid_set/images/real/1834a0fa629fe099.jpg,0,sid_set_real,Real_OpenImages
corpora/sid_set/images/real/578b11d208977066.jpg,0,sid_set_real,Real_OpenImages
corpora/sid_set/images/real/3f7f83db3489f7bb.jpg,0,sid_set_real,Real_OpenImages
corpora/sid_set/images/real/b296f23e631792b5.jpg,0,sid_set_real,Real_OpenImages
corpora/sid_set/images/real/12802e848cf3b148.jpg,0,sid_set_real,Real_OpenImages
corpora/sid_set/images/real/a9dd0ff7be75a5a0.jpg,0,sid_set_real,Real_OpenImages
corpora/sid_set/images/real/23245c1eb63686d1.jpg,0,sid_set_real,Real_OpenImages
corpora/sid_set/images/real/e26ce72be586a01e.jpg,0,sid_set_real,Real_OpenImages
corpora/sid_set/images/real/0f4bd5752de15a93.jpg,0,sid_set_real,Real_OpenImages
corpora/sid_set/images/real/1cd3e28954444478.jpg,0,sid_set_real,Real_OpenImages
corpora/sid_set/images/real/020dd5e8095ee626.jpg,0,sid_set_real,Real_OpenImages
corpora/sid_set/images/real/890df98d2d8f94b0.jpg,0,sid_set_real,Real_OpenImages
corpora/sid_set/images/real/940b861a67631654.jpg,0,sid_set_real,Real_OpenImages
corpora/sid_set/images/real/f5d16aea107b733f.jpg,0,sid_set_real,Real_OpenImages
corpora/sid_set/images/real/94ab3492f7142e99.jpg,0,sid_set_real,Real_OpenImages
corpora/sid_set/images/real/cbbfbde29329bc6e.jpg,0,sid_set_real,Real_OpenImages
corpora/sid_set/images/real/640996e1c90d9e70.jpg,0,sid_set_real,Real_OpenImages
corpora/sid_set/images/real/b59adcc589192d44.jpg,0,sid_set_real,Real_OpenImages
corpora/sid_set/images/real/a96dfa4697085d6f.jpg,0,sid_set_real,Real_OpenImages
corpora/sid_set/images/real/08f56a04b1b1f7e8.jpg,0,sid_set_real,Real_OpenImages
corpora/sid_set/images/real/e0309dacca78d490.jpg,0,sid_set_real,Real_OpenImages
corpora/sid_set/images/real/6a51f7620aef8c7e.jpg,0,sid_set_real,Real_OpenImages
corpora/sid_set/images/real/09304185aa31f467.jpg,0,sid_set_real,Real_OpenImages
corpora/sid_set/images/real/12e8d805ced9c92f.jpg,0,sid_set_real,Real_OpenImages
corpora/sid_set/images/real/dcc1c362552e6aff.jpg,0,sid_set_real,Real_OpenImages
corpora/sid_set/images/real/7f5a3a554ab2169f.jpg,0,sid_set_real,Real_OpenImages
corpora/sid_set/images/real/0bffbaa0c6bcf005.jpg,0,sid_set_real,Real_OpenImages
corpora/sid_set/images/real/e5731bde468e79e8.jpg,0,sid_set_real,Real_OpenImages
corpora/sid_set/images/real/b505f987adaa6dba.jpg,0,sid_set_real,Real_OpenImages
corpora/sid_set/images/real/70ce9b43fe108d44.jpg,0,sid_set_real,Real_OpenImages
corpora/sid_set/images/real/19ed17e307d3824f.jpg,0,sid_set_real,Real_OpenImages
corpora/sid_set/images/real/a3e59b1413e845f0.jpg,0,sid_set_real,Real_OpenImages
corpora/sid_set/images/real/dd4774ccf810b646.jpg,0,sid_set_real,Real_OpenImages
corpora/sid_set/images/real/0e3456beb83f2db2.jpg,0,sid_set_real,Real_OpenImages
corpora/sid_set/images/real/d47c38e512c36003.jpg,0,sid_set_real,Real_OpenImages
corpora/sid_set/images/real/5230f8640d654811.jpg,0,sid_set_real,Real_OpenImages
corpora/sid_set/images/real/5507facde0a3a44b.jpg,0,sid_set_real,Real_OpenImages
corpora/sid_set/images/real/9319a9a5c77884a1.jpg,0,sid_set_real,Real_OpenImages
corpora/sid_set/images/real/8dad3652a807bfe4.jpg,0,sid_set_real,Real_OpenImages
corpora/sid_set/images/real/21fa6e9a355d0fea.jpg,0,sid_set_real,Real_OpenImages
corpora/sid_set/images/real/268b2fbcc8cfd2da.jpg,0,sid_set_real,Real_OpenImages
corpora/sid_set/images/real/ee4c78ca580a968b.jpg,0,sid_set_real,Real_OpenImages
corpora/sid_set/images/real/20ee92a64961d020.jpg,0,sid_set_real,Real_OpenImages
corpora/sid_set/images/real/b8a09cecc4bf4c04.jpg,0,sid_set_real,Real_OpenImages
corpora/sid_set/images/real/bd3865d620dccd9b.jpg,0,sid_set_real,Real_OpenImages
corpora/sid_set/images/real/23780ef826b8c505.jpg,0,sid_set_real,Real_OpenImages
corpora/sid_set/images/real/a1e63319da9ec930.jpg,0,sid_set_real,Real_OpenImages
corpora/sid_set/images/real/cb4804378f26a581.jpg,0,sid_set_real,Real_OpenImages
corpora/sid_set/images/real/b660798d394f4b1f.jpg,0,sid_set_real,Real_OpenImages
corpora/sid_set/images/real/3f525e7797c69b43.jpg,0,sid_set_real,Real_OpenImages
corpora/sid_set/images/real/946b788906243d4e.jpg,0,sid_set_real,Real_OpenImages
corpora/sid_set/images/real/1a2c1a76805e1192.jpg,0,sid_set_real,Real_OpenImages
corpora/sid_set/images/real/15176600b577a504.jpg,0,sid_set_real,Real_OpenImages
corpora/sid_set/images/real/6b7cc0e40a4fe59f.jpg,0,sid_set_real,Real_OpenImages
corpora/sid_set/images/real/241c59ed1ca20bec.jpg,0,sid_set_real,Real_OpenImages
corpora/sid_set/images/real/9465c48b2efc2be9.jpg,0,sid_set_real,Real_OpenImages
corpora/sid_set/images/real/3fc03313d83993e5.jpg,0,sid_set_real,Real_OpenImages
corpora/sid_set/images/real/1ea71a906527fd6a.jpg,0,sid_set_real,Real_OpenImages
corpora/sid_set/images/real/8e82272ccb8e873c.jpg,0,sid_set_real,Real_OpenImages
corpora/sid_set/images/real/68c415f286bb5cf5.jpg,0,sid_set_real,Real_OpenImages
corpora/sid_set/images/real/3b85abba0e19f847.jpg,0,sid_set_real,Real_OpenImages
corpora/sid_set/images/real/0ab0995d488a57a3.jpg,0,sid_set_real,Real_OpenImages
corpora/sid_set/images/real/108e8737a789f8c0.jpg,0,sid_set_real,Real_OpenImages
corpora/sid_set/images/real/011bbbd39eeb0ee7.jpg,0,sid_set_real,Real_OpenImages
corpora/sid_set/images/real/cff276be45af097b.jpg,0,sid_set_real,Real_OpenImages
corpora/sid_set/images/real/62bc11b70e3a2b68.jpg,0,sid_set_real,Real_OpenImages
corpora/sid_set/images/real/607ae02646d4675e.jpg,0,sid_set_real,Real_OpenImages
corpora/sid_set/images/real/10853856e27f084e.jpg,0,sid_set_real,Real_OpenImages
corpora/sid_set/images/real/7a8a162134a07104.jpg,0,sid_set_real,Real_OpenImages
corpora/sid_set/images/real/365edfcc1de4fce4.jpg,0,sid_set_real,Real_OpenImages
corpora/sid_set/images/real/28d304176ac8753b.jpg,0,sid_set_real,Real_OpenImages
corpora/sid_set/images/real/07025d68f8fc5516.jpg,0,sid_set_real,Real_OpenImages
corpora/sid_set/images/real/e785233f06e00cb4.jpg,0,sid_set_real,Real_OpenImages
corpora/sid_set/images/real/e433644d07b6e17c.jpg,0,sid_set_real,Real_OpenImages
corpora/sid_set/images/real/588e04d253c83af2.jpg,0,sid_set_real,Real_OpenImages
corpora/sid_set/images/real/11c4782ee0863377.jpg,0,sid_set_real,Real_OpenImages
corpora/sid_set/images/real/ca2219793a025ec7.jpg,0,sid_set_real,Real_OpenImages
corpora/sid_set/images/real/2bd29e890ba6d3ad.jpg,0,sid_set_real,Real_OpenImages
corpora/sid_set/images/real/37fda989fd7b4ce4.jpg,0,sid_set_real,Real_OpenImages
corpora/sid_set/images/real/d781a7f603c24396.jpg,0,sid_set_real,Real_OpenImages
corpora/sid_set/images/real/a14bbe37b4c57d97.jpg,0,sid_set_real,Real_OpenImages
corpora/sid_set/images/real/1a3a2403b441df07.jpg,0,sid_set_real,Real_OpenImages
corpora/sid_set/images/real/a7441cdbe51f17f4.jpg,0,sid_set_real,Real_OpenImages
corpora/sid_set/images/real/48c73bf8b4a9e511.jpg,0,sid_set_real,Real_OpenImages
corpora/sid_set/images/real/dd212d17e0e7d7a1.jpg,0,sid_set_real,Real_OpenImages
corpora/sid_set/images/real/c3a26ed431ec3716.jpg,0,sid_set_real,Real_OpenImages
corpora/sid_set/images/real/2255466707b41f92.jpg,0,sid_set_real,Real_OpenImages
corpora/sid_set/images/real/5220977052d40197.jpg,0,sid_set_real,Real_OpenImages
corpora/sid_set/images/real/296a8fb89bb6a9e2.jpg,0,sid_set_real,Real_OpenImages
corpora/sid_set/images/real/adce26b9195aea93.jpg,0,sid_set_real,Real_OpenImages
corpora/sid_set/images/real/0195f63fc8dc10f5.jpg,0,sid_set_real,Real_OpenImages
corpora/sid_set/images/real/dd983c3694d54e06.jpg,0,sid_set_real,Real_OpenImages
corpora/sid_set/images/real/54bdfccc7984e8c7.jpg,0,sid_set_real,Real_OpenImages
corpora/sid_set/images/real/b3fe238002d68850.jpg,0,sid_set_real,Real_OpenImages
corpora/sid_set/images/real/f644be9d17ac4523.jpg,0,sid_set_real,Real_OpenImages
corpora/sid_set/images/real/31353fb5e8705ce5.jpg,0,sid_set_real,Real_OpenImages
corpora/sid_set/images/real/bc4441598adbd965.jpg,0,sid_set_real,Real_OpenImages
corpora/sid_set/images/real/157ab75ea25a1e08.jpg,0,sid_set_real,Real_OpenImages
corpora/sid_set/images/real/91952e54c98335fb.jpg,0,sid_set_real,Real_OpenImages
corpora/sid_set/images/real/312baca4d1648fbe.jpg,0,sid_set_real,Real_OpenImages
corpora/sid_set/images/real/2defa9b0df591ad3.jpg,0,sid_set_real,Real_OpenImages
corpora/sid_set/images/real/83d7b3506a2708ad.jpg,0,sid_set_real,Real_OpenImages
corpora/sid_set/images/real/904d6a379db1fd1d.jpg,0,sid_set_real,Real_OpenImages
corpora/sid_set/images/real/24f5b9beae86d534.jpg,0,sid_set_real,Real_OpenImages
corpora/sid_set/images/real/539dc5b5ffb7eee1.jpg,0,sid_set_real,Real_OpenImages
corpora/sid_set/images/real/a9c2977560557578.jpg,0,sid_set_real,Real_OpenImages
corpora/sid_set/images/real/68517625ec96d576.jpg,0,sid_set_real,Real_OpenImages
corpora/sid_set/images/real/306a9c69eca7eaec.jpg,0,sid_set_real,Real_OpenImages
corpora/sid_set/images/real/59047b24e1fe7166.jpg,0,sid_set_real,Real_OpenImages
corpora/sid_set/images/real/77f48276ba5fba22.jpg,0,sid_set_real,Real_OpenImages
corpora/sid_set/images/real/780200645f7c9316.jpg,0,sid_set_real,Real_OpenImages
corpora/sid_set/images/real/dd2e89bacd400805.jpg,0,sid_set_real,Real_OpenImages
corpora/sid_set/images/real/8d4402290cca3788.jpg,0,sid_set_real,Real_OpenImages
corpora/sid_set/images/real/6f1691b01a44fade.jpg,0,sid_set_real,Real_OpenImages
corpora/sid_set/images/real/4565ff6a68814b90.jpg,0,sid_set_real,Real_OpenImages
corpora/sid_set/images/real/f45e7b680dcee2fc.jpg,0,sid_set_real,Real_OpenImages
corpora/sid_set/images/real/289b9fe12e9105b6.jpg,0,sid_set_real,Real_OpenImages
corpora/sid_set/images/real/0b1f704c468da62c.jpg,0,sid_set_real,Real_OpenImages
corpora/sid_set/images/real/71ab50dfb8420cb6.jpg,0,sid_set_real,Real_OpenImages
corpora/sid_set/images/real/3c70450c9b1b8199.jpg,0,sid_set_real,Real_OpenImages
corpora/sid_set/images/real/242143148e50ca5d.jpg,0,sid_set_real,Real_OpenImages
corpora/sid_set/images/real/0236dabf4a506c6d.jpg,0,sid_set_real,Real_OpenImages
corpora/sid_set/images/real/50ed0d7ff204ad54.jpg,0,sid_set_real,Real_OpenImages
corpora/sid_set/images/real/3489d67d9a6779d3.jpg,0,sid_set_real,Real_OpenImages
corpora/sid_set/images/real/37c4e40876608c62.jpg,0,sid_set_real,Real_OpenImages
corpora/sid_set/images/real/24d284b9c7a013aa.jpg,0,sid_set_real,Real_OpenImages
corpora/sid_set/images/real/5778f9b889286338.jpg,0,sid_set_real,Real_OpenImages
corpora/sid_set/images/real/183a3d86e6872486.jpg,0,sid_set_real,Real_OpenImages
corpora/sid_set/images/real/bc671c78b384c52b.jpg,0,sid_set_real,Real_OpenImages
corpora/sid_set/images/real/988c325ff74c67b3.jpg,0,sid_set_real,Real_OpenImages
corpora/sid_set/images/real/cdb09584c31d819f.jpg,0,sid_set_real,Real_OpenImages
corpora/sid_set/images/real/9146e34d06af7b2e.jpg,0,sid_set_real,Real_OpenImages
corpora/sid_set/images/real/0adbcdcec5726c14.jpg,0,sid_set_real,Real_OpenImages
corpora/sid_set/images/real/c1c7a688be474430.jpg,0,sid_set_real,Real_OpenImages
corpora/sid_set/images/real/ac4e76e190bc57aa.jpg,0,sid_set_real,Real_OpenImages
corpora/sid_set/images/real/2e710a497218e37d.jpg,0,sid_set_real,Real_OpenImages
corpora/sid_set/images/real/da2e3a6a0c5d9169.jpg,0,sid_set_real,Real_OpenImages
corpora/sid_set/images/real/e7b83d9b9d631268.jpg,0,sid_set_real,Real_OpenImages
corpora/sid_set/images/real/744947bef6e5c1b2.jpg,0,sid_set_real,Real_OpenImages
corpora/sid_set/images/real/b137bf8a14a72bb0.jpg,0,sid_set_real,Real_OpenImages
corpora/sid_set/images/real/678aa28365bac24b.jpg,0,sid_set_real,Real_OpenImages
corpora/sid_set/images/real/3bd26fc7815691b7.jpg,0,sid_set_real,Real_OpenImages
corpora/sid_set/images/real/ae12102578b3f76b.jpg,0,sid_set_real,Real_OpenImages
corpora/sid_set/images/real/b3bfd38a94e468cd.jpg,0,sid_set_real,Real_OpenImages
corpora/sid_set/images/real/3b58f10842d0c31e.jpg,0,sid_set_real,Real_OpenImages
corpora/sid_set/images/real/f18de802e118e6c5.jpg,0,sid_set_real,Real_OpenImages
corpora/sid_set/images/real/011ddddb7a59e003.jpg,0,sid_set_real,Real_OpenImages
corpora/sid_set/images/real/6842799d820960a9.jpg,0,sid_set_real,Real_OpenImages
corpora/sid_set/images/real/e5eef76a1195ae30.jpg,0,sid_set_real,Real_OpenImages
corpora/sid_set/images/real/982b713fead3f31a.jpg,0,sid_set_real,Real_OpenImages
corpora/sid_set/images/real/272580883dd21d87.jpg,0,sid_set_real,Real_OpenImages
corpora/sid_set/images/real/47d05ac12a68c8ca.jpg,0,sid_set_real,Real_OpenImages
corpora/sid_set/images/real/1f1a9862d6d9c09b.jpg,0,sid_set_real,Real_OpenImages
corpora/sid_set/images/real/491ab45cbc44594b.jpg,0,sid_set_real,Real_OpenImages
corpora/sid_set/images/real/a3ab5e8798ec4467.jpg,0,sid_set_real,Real_OpenImages
corpora/sid_set/images/real/1017f137a89d096f.jpg,0,sid_set_real,Real_OpenImages
corpora/sid_set/images/real/50da2aca5fa111e4.jpg,0,sid_set_real,Real_OpenImages
corpora/sid_set/images/real/ac3b0ff5528d479d.jpg,0,sid_set_real,Real_OpenImages
corpora/sid_set/images/real/1e036bf9d9f5588f.jpg,0,sid_set_real,Real_OpenImages
corpora/sid_set/images/real/82a0d7bd3a99e07c.jpg,0,sid_set_real,Real_OpenImages
corpora/sid_set/images/real/b1caa8d62256ff3a.jpg,0,sid_set_real,Real_OpenImages
corpora/sid_set/images/real/9b7fe7158a748669.jpg,0,sid_set_real,Real_OpenImages
corpora/sid_set/images/real/2e1619aec94cda6d.jpg,0,sid_set_real,Real_OpenImages
corpora/sid_set/images/real/83aa89a8fbc74599.jpg,0,sid_set_real,Real_OpenImages
corpora/sid_set/images/real/73ff5c816c463c62.jpg,0,sid_set_real,Real_OpenImages
corpora/sid_set/images/real/03761669db01a992.jpg,0,sid_set_real,Real_OpenImages
corpora/sid_set/images/real/89a6240028b2252b.jpg,0,sid_set_real,Real_OpenImages
corpora/sid_set/images/real/54d1426c41a70de8.jpg,0,sid_set_real,Real_OpenImages
corpora/sid_set/images/real/04740b54d85ac3d8.jpg,0,sid_set_real,Real_OpenImages
corpora/sid_set/images/real/356b369c0db70287.jpg,0,sid_set_real,Real_OpenImages
corpora/sid_set/images/real/106954145d8c8b50.jpg,0,sid_set_real,Real_OpenImages
corpora/sid_set/images/real/4e40f6db4d42186f.jpg,0,sid_set_real,Real_OpenImages
corpora/sid_set/images/real/bd8fa4390f637ecc.jpg,0,sid_set_real,Real_OpenImages
corpora/sid_set/images/real/c7f7da3170c395e0.jpg,0,sid_set_real,Real_OpenImages
corpora/sid_set/images/real/808219924adaf44e.jpg,0,sid_set_real,Real_OpenImages
corpora/sid_set/images/real/8e3d3899756ef454.jpg,0,sid_set_real,Real_OpenImages
corpora/sid_set/images/real/3bc2b6ac13bc9515.jpg,0,sid_set_real,Real_OpenImages
corpora/sid_set/images/real/e168f176062f7c4c.jpg,0,sid_set_real,Real_OpenImages
corpora/sid_set/images/real/3f2b2e7cc5ab1ad4.jpg,0,sid_set_real,Real_OpenImages
corpora/sid_set/images/real/c34981782ee595dc.jpg,0,sid_set_real,Real_OpenImages
corpora/sid_set/images/real/fdb2d5c09af106cd.jpg,0,sid_set_real,Real_OpenImages
corpora/sid_set/images/real/de85c80edad08b6c.jpg,0,sid_set_real,Real_OpenImages
corpora/sid_set/images/real/7e3cf3d6f56b71e9.jpg,0,sid_set_real,Real_OpenImages
corpora/sid_set/images/real/1183409c5895525f.jpg,0,sid_set_real,Real_OpenImages
corpora/sid_set/images/real/2fb8872d87850f1a.jpg,0,sid_set_real,Real_OpenImages
corpora/sid_set/images/real/8e27b078082619b1.jpg,0,sid_set_real,Real_OpenImages
corpora/sid_set/images/real/7ba4284a90128bd4.jpg,0,sid_set_real,Real_OpenImages
corpora/sid_set/images/real/a4157584fea2fae9.jpg,0,sid_set_real,Real_OpenImages
corpora/sid_set/images/real/b5fd1f8eac6e8510.jpg,0,sid_set_real,Real_OpenImages
corpora/sid_set/images/real/c3c5adce1ea97db8.jpg,0,sid_set_real,Real_OpenImages
corpora/sid_set/images/real/ef5a7c3321a2cd91.jpg,0,sid_set_real,Real_OpenImages
corpora/sid_set/images/real/c5d50d8e1e55fea5.jpg,0,sid_set_real,Real_OpenImages
corpora/sid_set/images/real/e29df48fdee490de.jpg,0,sid_set_real,Real_OpenImages
corpora/sid_set/images/real/c4fb96879cae4afa.jpg,0,sid_set_real,Real_OpenImages
corpora/sid_set/images/real/90179ce5dab43b63.jpg,0,sid_set_real,Real_OpenImages
corpora/sid_set/images/real/c52b5fab5e34ab97.jpg,0,sid_set_real,Real_OpenImages
corpora/sid_set/images/real/37a5cbd8d28431ca.jpg,0,sid_set_real,Real_OpenImages
corpora/sid_set/images/real/c257870ab202e5a6.jpg,0,sid_set_real,Real_OpenImages
corpora/sid_set/images/real/68437b0c911d5401.jpg,0,sid_set_real,Real_OpenImages
corpora/sid_set/images/real/2cd791974d9333a5.jpg,0,sid_set_real,Real_OpenImages
corpora/sid_set/images/real/002cc2c98c60731d.jpg,0,sid_set_real,Real_OpenImages
corpora/sid_set/images/real/2fc96f01d5e5f70d.jpg,0,sid_set_real,Real_OpenImages
corpora/sid_set/images/real/b1318d0f5eca28bb.jpg,0,sid_set_real,Real_OpenImages
corpora/sid_set/images/real/390d02327132a676.jpg,0,sid_set_real,Real_OpenImages
corpora/sid_set/images/real/3d5f48a8c51cffe5.jpg,0,sid_set_real,Real_OpenImages
corpora/sid_set/images/real/9500d71d66815c0d.jpg,0,sid_set_real,Real_OpenImages
corpora/sid_set/images/real/9865be5a4425f6ad.jpg,0,sid_set_real,Real_OpenImages
corpora/sid_set/images/real/4b5bfeee27c11e24.jpg,0,sid_set_real,Real_OpenImages
corpora/sid_set/images/real/ab20c8f16f5a41ad.jpg,0,sid_set_real,Real_OpenImages
corpora/sid_set/images/real/ff1a8ec4289a39a6.jpg,0,sid_set_real,Real_OpenImages
corpora/sid_set/images/real/dd11bce3cd8095a9.jpg,0,sid_set_real,Real_OpenImages
corpora/sid_set/images/real/f726a2e977f386c6.jpg,0,sid_set_real,Real_OpenImages
corpora/sid_set/images/real/1121f185efcf6495.jpg,0,sid_set_real,Real_OpenImages
corpora/sid_set/images/real/5672c76c88cc5718.jpg,0,sid_set_real,Real_OpenImages
corpora/sid_set/images/real/80c9b1fedb2b3232.jpg,0,sid_set_real,Real_OpenImages
corpora/sid_set/images/real/17655d7b0a7e5b63.jpg,0,sid_set_real,Real_OpenImages
corpora/sid_set/images/real/2f58e616de091015.jpg,0,sid_set_real,Real_OpenImages
corpora/sid_set/images/real/a884b639e3cf87bc.jpg,0,sid_set_real,Real_OpenImages
corpora/sid_set/images/real/51cbaeae7ff256b6.jpg,0,sid_set_real,Real_OpenImages
corpora/sid_set/images/real/b7f6444f3c10d7dc.jpg,0,sid_set_real,Real_OpenImages
corpora/sid_set/images/real/ecfa48e303aeefe0.jpg,0,sid_set_real,Real_OpenImages
corpora/sid_set/images/real/0838257937f9704f.jpg,0,sid_set_real,Real_OpenImages
corpora/sid_set/images/real/749e390b34a82b37.jpg,0,sid_set_real,Real_OpenImages
corpora/sid_set/images/real/0020f735b8675049.jpg,0,sid_set_real,Real_OpenImages
corpora/sid_set/images/real/2028d75ec7fb96ad.jpg,0,sid_set_real,Real_OpenImages
corpora/sid_set/images/real/0c4c659ad8575c3b.jpg,0,sid_set_real,Real_OpenImages
corpora/sid_set/images/real/d37ca5392502fa11.jpg,0,sid_set_real,Real_OpenImages
corpora/sid_set/images/real/9d9d5c0b79cccd3b.jpg,0,sid_set_real,Real_OpenImages
corpora/sid_set/images/real/31a3c788d9880be1.jpg,0,sid_set_real,Real_OpenImages
corpora/sid_set/images/real/4dc25fe216c33f74.jpg,0,sid_set_real,Real_OpenImages
corpora/sid_set/images/real/10e388f4eb3205aa.jpg,0,sid_set_real,Real_OpenImages
corpora/sid_set/images/real/6a95ac0a3146a27a.jpg,0,sid_set_real,Real_OpenImages
corpora/sid_set/images/real/fde71efe538a1013.jpg,0,sid_set_real,Real_OpenImages
corpora/sid_set/images/real/69c358d51f0101b4.jpg,0,sid_set_real,Real_OpenImages
corpora/sid_set/images/real/78516c1bb7ae18ef.jpg,0,sid_set_real,Real_OpenImages
corpora/sid_set/images/real/53075a1d53ef5043.jpg,0,sid_set_real,Real_OpenImages
corpora/sid_set/images/real/7a86c7a7fa83e3fb.jpg,0,sid_set_real,Real_OpenImages
corpora/sid_set/images/real/7fe76a7f4579c213.jpg,0,sid_set_real,Real_OpenImages
corpora/sid_set/images/real/dd7cf5ab69c3645d.jpg,0,sid_set_real,Real_OpenImages
corpora/sid_set/images/real/021252ddbe85f156.jpg,0,sid_set_real,Real_OpenImages
corpora/sid_set/images/real/93622863717155f5.jpg,0,sid_set_real,Real_OpenImages
corpora/sid_set/images/real/e1fc04b30944026c.jpg,0,sid_set_real,Real_OpenImages
corpora/sid_set/images/real/8f4d146373bce1db.jpg,0,sid_set_real,Real_OpenImages
corpora/sid_set/images/real/8e667aada51c22a9.jpg,0,sid_set_real,Real_OpenImages
corpora/sid_set/images/real/11b9cf64b69ebbf2.jpg,0,sid_set_real,Real_OpenImages
corpora/sid_set/images/real/a55de4d44c21505a.jpg,0,sid_set_real,Real_OpenImages
corpora/sid_set/images/real/51dfde1d129052dc.jpg,0,sid_set_real,Real_OpenImages
corpora/sid_set/images/real/9ce1fa0dff30e7d9.jpg,0,sid_set_real,Real_OpenImages
corpora/sid_set/images/real/7c5007b645f94cce.jpg,0,sid_set_real,Real_OpenImages
corpora/sid_set/images/real/9852047ab1d1855e.jpg,0,sid_set_real,Real_OpenImages
corpora/sid_set/images/real/dc138f32abcde7a4.jpg,0,sid_set_real,Real_OpenImages
corpora/sid_set/images/real/c8934266d1183b38.jpg,0,sid_set_real,Real_OpenImages
corpora/sid_set/images/real/8e0b62de5279748a.jpg,0,sid_set_real,Real_OpenImages
corpora/sid_set/images/real/4a80ae7401b1eba3.jpg,0,sid_set_real,Real_OpenImages
corpora/sid_set/images/real/7b0b33a3f97ef2c6.jpg,0,sid_set_real,Real_OpenImages
corpora/sid_set/images/real/d3ef876774564164.jpg,0,sid_set_real,Real_OpenImages
corpora/sid_set/images/real/992d894303fa9656.jpg,0,sid_set_real,Real_OpenImages
corpora/sid_set/images/real/3a1204f55e743433.jpg,0,sid_set_real,Real_OpenImages
corpora/sid_set/images/real/289e65eb98166744.jpg,0,sid_set_real,Real_OpenImages
corpora/sid_set/images/real/9257f8f7d6671b34.jpg,0,sid_set_real,Real_OpenImages
corpora/sid_set/images/real/f8c3596cafc1a245.jpg,0,sid_set_real,Real_OpenImages
corpora/sid_set/images/real/712311b7ecd7c0de.jpg,0,sid_set_real,Real_OpenImages
corpora/sid_set/images/real/8b6899db157375cb.jpg,0,sid_set_real,Real_OpenImages
corpora/sid_set/images/real/4e9cb152d57506f3.jpg,0,sid_set_real,Real_OpenImages
corpora/sid_set/images/real/bd524446d9f6c191.jpg,0,sid_set_real,Real_OpenImages
corpora/sid_set/images/real/a5a308a6f906399b.jpg,0,sid_set_real,Real_OpenImages
corpora/sid_set/images/real/54ec60f29f5621e2.jpg,0,sid_set_real,Real_OpenImages
corpora/sid_set/images/real/e37caee8db380185.jpg,0,sid_set_real,Real_OpenImages
corpora/sid_set/images/real/03c02d14bdf41096.jpg,0,sid_set_real,Real_OpenImages
corpora/sid_set/images/real/956311dc57734516.jpg,0,sid_set_real,Real_OpenImages
corpora/sid_set/images/real/0a7ce7b313890964.jpg,0,sid_set_real,Real_OpenImages
corpora/sid_set/images/real/e09a9e681b5fb53b.jpg,0,sid_set_real,Real_OpenImages
corpora/sid_set/images/real/22155bcae95c8fd4.jpg,0,sid_set_real,Real_OpenImages
corpora/sid_set/images/real/a3e6f4d746d6d513.jpg,0,sid_set_real,Real_OpenImages
corpora/sid_set/images/real/f7777e594dc65330.jpg,0,sid_set_real,Real_OpenImages
corpora/sid_set/images/real/be816a5760e29713.jpg,0,sid_set_real,Real_OpenImages
corpora/sid_set/images/real/e2a2639015aa7c9f.jpg,0,sid_set_real,Real_OpenImages
corpora/sid_set/images/real/3177d5d24db7f2e0.jpg,0,sid_set_real,Real_OpenImages
corpora/sid_set/images/real/b0a183316542c727.jpg,0,sid_set_real,Real_OpenImages
corpora/sid_set/images/real/b5bde54f18beed5d.jpg,0,sid_set_real,Real_OpenImages
corpora/sid_set/images/real/9bf0fec984599b14.jpg,0,sid_set_real,Real_OpenImages
corpora/sid_set/images/real/89e8d1a3e49072de.jpg,0,sid_set_real,Real_OpenImages
corpora/sid_set/images/real/417f22297e848bfa.jpg,0,sid_set_real,Real_OpenImages
corpora/sid_set/images/real/6a15ec7bd773df8e.jpg,0,sid_set_real,Real_OpenImages
corpora/sid_set/images/real/b84b91fc807afc8f.jpg,0,sid_set_real,Real_OpenImages
corpora/sid_set/images/real/39e3580d6d4c6bcd.jpg,0,sid_set_real,Real_OpenImages
corpora/sid_set/images/real/4b24f6c43752dbfa.jpg,0,sid_set_real,Real_OpenImages
corpora/sid_set/images/real/3f2bb205255aa36c.jpg,0,sid_set_real,Real_OpenImages
corpora/sid_set/images/real/15b039d70c1b315a.jpg,0,sid_set_real,Real_OpenImages
corpora/sid_set/images/real/064fc75b8c406e7f.jpg,0,sid_set_real,Real_OpenImages
corpora/sid_set/images/real/5bc1e1e628725704.jpg,0,sid_set_real,Real_OpenImages
corpora/sid_set/images/real/922a8f8aed40980f.jpg,0,sid_set_real,Real_OpenImages
corpora/sid_set/images/real/e58d209f88053198.jpg,0,sid_set_real,Real_OpenImages
corpora/sid_set/images/real/8d3c833b212103e0.jpg,0,sid_set_real,Real_OpenImages
corpora/sid_set/images/real/37c14e2d07b5017e.jpg,0,sid_set_real,Real_OpenImages
corpora/sid_set/images/real/8b59fdf35d96dde3.jpg,0,sid_set_real,Real_OpenImages
corpora/sid_set/images/real/6068c4a993525e5f.jpg,0,sid_set_real,Real_OpenImages
corpora/sid_set/images/real/0bb7c08645a28aee.jpg,0,sid_set_real,Real_OpenImages
corpora/sid_set/images/real/1b94b87227c81265.jpg,0,sid_set_real,Real_OpenImages
corpora/sid_set/images/real/60dec97fbde3e47e.jpg,0,sid_set_real,Real_OpenImages
corpora/sid_set/images/real/41e7b462f01f759f.jpg,0,sid_set_real,Real_OpenImages
corpora/sid_set/images/real/4d58d09dcaec8417.jpg,0,sid_set_real,Real_OpenImages
corpora/sid_set/images/real/fe5d7b4ac26ae840.jpg,0,sid_set_real,Real_OpenImages
corpora/sid_set/images/real/cbb6deb7c702dc33.jpg,0,sid_set_real,Real_OpenImages
corpora/sid_set/images/real/dab198a0a5472901.jpg,0,sid_set_real,Real_OpenImages
corpora/sid_set/images/real/ad1d892ddfff39f3.jpg,0,sid_set_real,Real_OpenImages
corpora/sid_set/images/real/1ff45e0497b3b41c.jpg,0,sid_set_real,Real_OpenImages
corpora/sid_set/images/real/7f2d71622f1539ab.jpg,0,sid_set_real,Real_OpenImages
corpora/sid_set/images/real/3bd5c1b259a9b9f6.jpg,0,sid_set_real,Real_OpenImages
corpora/sid_set/images/real/83221affc1e81134.jpg,0,sid_set_real,Real_OpenImages
corpora/sid_set/images/real/b4e58668aba0a5fc.jpg,0,sid_set_real,Real_OpenImages
corpora/sid_set/images/real/0451017d70b5a619.jpg,0,sid_set_real,Real_OpenImages
corpora/sid_set/images/real/bd5a4cee6839c236.jpg,0,sid_set_real,Real_OpenImages
corpora/sid_set/images/real/620c140f585d39e4.jpg,0,sid_set_real,Real_OpenImages
corpora/sid_set/images/real/0af3405f56e2f85c.jpg,0,sid_set_real,Real_OpenImages
corpora/sid_set/images/real/aa55bfc09c823d5e.jpg,0,sid_set_real,Real_OpenImages
corpora/sid_set/images/real/4c6aea064385bf7e.jpg,0,sid_set_real,Real_OpenImages
corpora/sid_set/images/real/14a9bd7c7f1bec96.jpg,0,sid_set_real,Real_OpenImages
corpora/sid_set/images/real/6dddcf7aebf362eb.jpg,0,sid_set_real,Real_OpenImages
corpora/sid_set/images/real/bb2950cc63609920.jpg,0,sid_set_real,Real_OpenImages
corpora/sid_set/images/real/262e141eee531e94.jpg,0,sid_set_real,Real_OpenImages
corpora/sid_set/images/real/d47b9177f3ec2405.jpg,0,sid_set_real,Real_OpenImages
corpora/sid_set/images/real/cc1d23a6844bddc8.jpg,0,sid_set_real,Real_OpenImages
corpora/sid_set/images/real/2c17eb4633176d40.jpg,0,sid_set_real,Real_OpenImages
corpora/sid_set/images/real/04cc3d669063192f.jpg,0,sid_set_real,Real_OpenImages
corpora/sid_set/images/real/0a8f88f4638b70ab.jpg,0,sid_set_real,Real_OpenImages
corpora/sid_set/images/real/994deff608782bd2.jpg,0,sid_set_real,Real_OpenImages
corpora/sid_set/images/real/523554923e3b1649.jpg,0,sid_set_real,Real_OpenImages
corpora/sid_set/images/real/d688d5ae62c7aed6.jpg,0,sid_set_real,Real_OpenImages
corpora/sid_set/images/real/3017df48427744c2.jpg,0,sid_set_real,Real_OpenImages
corpora/sid_set/images/real/bca6aa359741a040.jpg,0,sid_set_real,Real_OpenImages
corpora/sid_set/images/real/17fb4716cb5e46d1.jpg,0,sid_set_real,Real_OpenImages
corpora/sid_set/images/real/41a42c591573ced6.jpg,0,sid_set_real,Real_OpenImages
corpora/sid_set/images/real/12339d163170ea5b.jpg,0,sid_set_real,Real_OpenImages
corpora/sid_set/images/real/a1fd028bcadb0724.jpg,0,sid_set_real,Real_OpenImages
corpora/sid_set/images/real/2ac947727ff32c74.jpg,0,sid_set_real,Real_OpenImages
corpora/sid_set/images/real/89a6a614b8a76148.jpg,0,sid_set_real,Real_OpenImages
corpora/sid_set/images/real/07a6086858171989.jpg,0,sid_set_real,Real_OpenImages
corpora/sid_set/images/real/d40ef89f1980518f.jpg,0,sid_set_real,Real_OpenImages
corpora/sid_set/images/real/a04e06459a85490c.jpg,0,sid_set_real,Real_OpenImages
corpora/sid_set/images/real/809e211902d0a5f3.jpg,0,sid_set_real,Real_OpenImages
corpora/sid_set/images/real/8fcb119867aad4eb.jpg,0,sid_set_real,Real_OpenImages
corpora/sid_set/images/real/57c0a425163909e3.jpg,0,sid_set_real,Real_OpenImages
corpora/sid_set/images/real/88064459e32b8291.jpg,0,sid_set_real,Real_OpenImages
corpora/sid_set/images/real/7ae1b7d529ee80e7.jpg,0,sid_set_real,Real_OpenImages
corpora/sid_set/images/real/da1f3388f0865904.jpg,0,sid_set_real,Real_OpenImages
corpora/sid_set/images/real/f078a309d95a377f.jpg,0,sid_set_real,Real_OpenImages
corpora/sid_set/images/real/0574b4df4b28a75c.jpg,0,sid_set_real,Real_OpenImages
corpora/sid_set/images/real/3c385753437ede1c.jpg,0,sid_set_real,Real_OpenImages
corpora/sid_set/images/real/1b802c558a428478.jpg,0,sid_set_real,Real_OpenImages
corpora/sid_set/images/real/e43e3077edc9128b.jpg,0,sid_set_real,Real_OpenImages
corpora/sid_set/images/real/64a3a5bc0b978314.jpg,0,sid_set_real,Real_OpenImages
corpora/sid_set/images/real/6fa18aa163111fbc.jpg,0,sid_set_real,Real_OpenImages
corpora/sid_set/images/real/665ce6acc03a16f5.jpg,0,sid_set_real,Real_OpenImages
corpora/sid_set/images/real/33f7c74a0689602e.jpg,0,sid_set_real,Real_OpenImages
corpora/sid_set/images/real/52e3b5087089df3f.jpg,0,sid_set_real,Real_OpenImages
corpora/sid_set/images/real/f42469ed9e9d8467.jpg,0,sid_set_real,Real_OpenImages
corpora/sid_set/images/real/c97a5bb5614988f6.jpg,0,sid_set_real,Real_OpenImages
corpora/sid_set/images/real/c1ff6273ea4141c5.jpg,0,sid_set_real,Real_OpenImages
corpora/sid_set/images/real/1437aea69b64e0da.jpg,0,sid_set_real,Real_OpenImages
corpora/sid_set/images/real/dd668ebd1b78e506.jpg,0,sid_set_real,Real_OpenImages
corpora/sid_set/images/real/4feae9d589e957c4.jpg,0,sid_set_real,Real_OpenImages
corpora/sid_set/images/real/fb87afbc836ac717.jpg,0,sid_set_real,Real_OpenImages
corpora/sid_set/images/real/bf5156a7f963bce4.jpg,0,sid_set_real,Real_OpenImages
corpora/sid_set/images/real/036eabce6818cfd2.jpg,0,sid_set_real,Real_OpenImages
corpora/sid_set/images/real/a854ecf2c7df3215.jpg,0,sid_set_real,Real_OpenImages
corpora/sid_set/images/real/a0f018157025d920.jpg,0,sid_set_real,Real_OpenImages
corpora/sid_set/images/real/4020f867f06dc32a.jpg,0,sid_set_real,Real_OpenImages
corpora/sid_set/images/real/c11db7036220ac8a.jpg,0,sid_set_real,Real_OpenImages
corpora/sid_set/images/real/f47e8f7d2a086792.jpg,0,sid_set_real,Real_OpenImages
corpora/sid_set/images/real/d420741fe4247c7b.jpg,0,sid_set_real,Real_OpenImages
corpora/sid_set/images/real/aa1b78533ed15cb8.jpg,0,sid_set_real,Real_OpenImages
corpora/sid_set/images/real/c8e978de3aa91072.jpg,0,sid_set_real,Real_OpenImages
corpora/sid_set/images/real/4de008c70962ce5c.jpg,0,sid_set_real,Real_OpenImages
corpora/sid_set/images/real/3d7f5713b305f455.jpg,0,sid_set_real,Real_OpenImages
corpora/sid_set/images/real/b2ba4ae01e65fd93.jpg,0,sid_set_real,Real_OpenImages
corpora/sid_set/images/real/3292605c2bdf374d.jpg,0,sid_set_real,Real_OpenImages
corpora/sid_set/images/real/53e36bc6bb73ee58.jpg,0,sid_set_real,Real_OpenImages
corpora/sid_set/images/real/13db4ddda10b9708.jpg,0,sid_set_real,Real_OpenImages
corpora/sid_set/images/real/c65aae5dd1d75984.jpg,0,sid_set_real,Real_OpenImages
corpora/sid_set/images/real/d226dd1443b03af2.jpg,0,sid_set_real,Real_OpenImages
corpora/sid_set/images/real/fdb4e222ef69f54d.jpg,0,sid_set_real,Real_OpenImages
corpora/sid_set/images/real/cae70efd6016a666.jpg,0,sid_set_real,Real_OpenImages
corpora/sid_set/images/real/039f4ba0b748fe39.jpg,0,sid_set_real,Real_OpenImages
corpora/sid_set/images/real/6b89d125ae8be5c1.jpg,0,sid_set_real,Real_OpenImages
corpora/sid_set/images/real/adfc88cba37b1490.jpg,0,sid_set_real,Real_OpenImages
corpora/sid_set/images/real/30f31f56a0e01b66.jpg,0,sid_set_real,Real_OpenImages
corpora/sid_set/images/real/034e5f71f01c1dc6.jpg,0,sid_set_real,Real_OpenImages
corpora/sid_set/images/real/fd8fc2d83f353cca.jpg,0,sid_set_real,Real_OpenImages
corpora/sid_set/images/real/3fffa9239e609669.jpg,0,sid_set_real,Real_OpenImages
corpora/sid_set/images/real/a2a60c8a49bc8a32.jpg,0,sid_set_real,Real_OpenImages
corpora/sid_set/images/real/d8134577caa1af77.jpg,0,sid_set_real,Real_OpenImages
corpora/sid_set/images/real/6ecc43a89dbbc7ed.jpg,0,sid_set_real,Real_OpenImages
corpora/sid_set/images/real/1cc0b63b68b78be5.jpg,0,sid_set_real,Real_OpenImages
corpora/sid_set/images/real/2504ba0d12a49188.jpg,0,sid_set_real,Real_OpenImages
corpora/sid_set/images/real/6096392efa8dc7e7.jpg,0,sid_set_real,Real_OpenImages
corpora/sid_set/images/real/9d28cd364176188d.jpg,0,sid_set_real,Real_OpenImages
corpora/sid_set/images/real/6cd8bf5ed63a0853.jpg,0,sid_set_real,Real_OpenImages
corpora/sid_set/images/real/9b2af1b45c54a061.jpg,0,sid_set_real,Real_OpenImages
corpora/sid_set/images/real/6263c4e85637cc95.jpg,0,sid_set_real,Real_OpenImages
corpora/sid_set/images/real/9395052a34e7b76c.jpg,0,sid_set_real,Real_OpenImages
corpora/sid_set/images/real/3f54b34c9b080ec8.jpg,0,sid_set_real,Real_OpenImages
corpora/sid_set/images/real/16f1e3fd33cffff7.jpg,0,sid_set_real,Real_OpenImages
corpora/sid_set/images/real/ba29e0999d14ba3e.jpg,0,sid_set_real,Real_OpenImages
corpora/sid_set/images/real/01c45d1591d043ea.jpg,0,sid_set_real,Real_OpenImages
corpora/sid_set/images/real/d2d97c88f1f8bae8.jpg,0,sid_set_real,Real_OpenImages
corpora/sid_set/images/real/5506f96d3187221b.jpg,0,sid_set_real,Real_OpenImages
corpora/sid_set/images/real/01bcbdd1345fc473.jpg,0,sid_set_real,Real_OpenImages
corpora/sid_set/images/real/bc3166c031f8b49f.jpg,0,sid_set_real,Real_OpenImages
corpora/sid_set/images/real/5fc6b9ea7a3b1563.jpg,0,sid_set_real,Real_OpenImages
corpora/sid_set/images/real/89e38b15b82452b0.jpg,0,sid_set_real,Real_OpenImages
corpora/sid_set/images/real/129fc52dd1768e92.jpg,0,sid_set_real,Real_OpenImages
corpora/sid_set/images/real/08c4135263ec57c1.jpg,0,sid_set_real,Real_OpenImages
corpora/sid_set/images/real/2176fd2424058515.jpg,0,sid_set_real,Real_OpenImages
corpora/sid_set/images/real/cb0ea4141dbfa75d.jpg,0,sid_set_real,Real_OpenImages
corpora/sid_set/images/real/c956fb3493d957e6.jpg,0,sid_set_real,Real_OpenImages
corpora/sid_set/images/real/2c76405cddbfb278.jpg,0,sid_set_real,Real_OpenImages
corpora/sid_set/images/real/e5c2ccb3ec485d98.jpg,0,sid_set_real,Real_OpenImages
corpora/sid_set/images/real/e3c7e74bb6280ee9.jpg,0,sid_set_real,Real_OpenImages
corpora/sid_set/images/real/c34a58513c0c3a76.jpg,0,sid_set_real,Real_OpenImages
corpora/sid_set/images/real/aa31f492f8d998c1.jpg,0,sid_set_real,Real_OpenImages
corpora/sid_set/images/real/2cb176f7eda480f2.jpg,0,sid_set_real,Real_OpenImages
corpora/sid_set/images/real/a5f8d33d7f64c537.jpg,0,sid_set_real,Real_OpenImages
corpora/sid_set/images/real/4f4f3d3e43ef07ed.jpg,0,sid_set_real,Real_OpenImages
corpora/sid_set/images/real/04b90b17a7ca8aa4.jpg,0,sid_set_real,Real_OpenImages
corpora/sid_set/images/real/2cc94305baa18680.jpg,0,sid_set_real,Real_OpenImages
corpora/sid_set/images/real/b7fc699ac8959f1d.jpg,0,sid_set_real,Real_OpenImages
corpora/sid_set/images/real/000a514fb1546570.jpg,0,sid_set_real,Real_OpenImages
corpora/sid_set/images/real/863e125b93a4fdfa.jpg,0,sid_set_real,Real_OpenImages
corpora/sid_set/images/real/4a7f4f90c376c24f.jpg,0,sid_set_real,Real_OpenImages
corpora/sid_set/images/real/c8a8af7806aa1553.jpg,0,sid_set_real,Real_OpenImages
corpora/sid_set/images/real/31af46f403167ce6.jpg,0,sid_set_real,Real_OpenImages
corpora/sid_set/images/real/72cacd1c79388ba4.jpg,0,sid_set_real,Real_OpenImages
corpora/sid_set/images/real/c0165bf9ad8850e0.jpg,0,sid_set_real,Real_OpenImages
corpora/sid_set/images/real/215427c6ce0b77a8.jpg,0,sid_set_real,Real_OpenImages
corpora/sid_set/images/real/f131275d2cdd1b30.jpg,0,sid_set_real,Real_OpenImages
corpora/sid_set/images/real/db95e1cf44007436.jpg,0,sid_set_real,Real_OpenImages
corpora/sid_set/images/real/af0919f88ad46c0f.jpg,0,sid_set_real,Real_OpenImages
corpora/sid_set/images/real/1168a4f41d81d794.jpg,0,sid_set_real,Real_OpenImages
corpora/sid_set/images/real/c59111f5a1c00164.jpg,0,sid_set_real,Real_OpenImages
corpora/sid_set/images/real/96c957b497595482.jpg,0,sid_set_real,Real_OpenImages
corpora/sid_set/images/real/092cf28559032320.jpg,0,sid_set_real,Real_OpenImages
corpora/sid_set/images/real/a8464d99c2666131.jpg,0,sid_set_real,Real_OpenImages
corpora/sid_set/images/real/bf567db02e4ce835.jpg,0,sid_set_real,Real_OpenImages
corpora/sid_set/images/real/30819bddffe0dee9.jpg,0,sid_set_real,Real_OpenImages
corpora/sid_set/images/real/34668af300f635d6.jpg,0,sid_set_real,Real_OpenImages
corpora/sid_set/images/real/f0bfe28453dab361.jpg,0,sid_set_real,Real_OpenImages
corpora/sid_set/images/real/c674f4806d7e46bc.jpg,0,sid_set_real,Real_OpenImages
corpora/sid_set/images/real/002b875968f7a0e6.jpg,0,sid_set_real,Real_OpenImages
corpora/sid_set/images/real/8fd805cc72bbf202.jpg,0,sid_set_real,Real_OpenImages
corpora/sid_set/images/real/f3b517067627c850.jpg,0,sid_set_real,Real_OpenImages
corpora/sid_set/images/real/2a790595b0eb4b19.jpg,0,sid_set_real,Real_OpenImages
corpora/sid_set/images/real/7bd336dd538daa87.jpg,0,sid_set_real,Real_OpenImages
corpora/sid_set/images/real/339f2361150c9853.jpg,0,sid_set_real,Real_OpenImages
corpora/sid_set/images/real/01ee454505dcc6e5.jpg,0,sid_set_real,Real_OpenImages
corpora/sid_set/images/real/4f29b66f31537559.jpg,0,sid_set_real,Real_OpenImages
corpora/sid_set/images/real/879493075183935c.jpg,0,sid_set_real,Real_OpenImages
corpora/sid_set/images/real/9a7302135024ef5d.jpg,0,sid_set_real,Real_OpenImages
corpora/sid_set/images/real/41aeee7a6d2dc338.jpg,0,sid_set_real,Real_OpenImages
corpora/sid_set/images/real/fb558e8af8c2b8fd.jpg,0,sid_set_real,Real_OpenImages
corpora/sid_set/images/real/481e584e0f949470.jpg,0,sid_set_real,Real_OpenImages
corpora/sid_set/images/real/5c35c945f31ba04d.jpg,0,sid_set_real,Real_OpenImages
corpora/sid_set/images/real/a75ffb4006378618.jpg,0,sid_set_real,Real_OpenImages
corpora/sid_set/images/real/11ffcde74e91237e.jpg,0,sid_set_real,Real_OpenImages
corpora/sid_set/images/real/2f0cb7fe6c8fd63e.jpg,0,sid_set_real,Real_OpenImages
corpora/sid_set/images/real/5e6dd2d782ed00e0.jpg,0,sid_set_real,Real_OpenImages
corpora/sid_set/images/real/36566e06c782c794.jpg,0,sid_set_real,Real_OpenImages
corpora/sid_set/images/real/ddce926385d30e2f.jpg,0,sid_set_real,Real_OpenImages
corpora/sid_set/images/real/50c96217f90c4d7e.jpg,0,sid_set_real,Real_OpenImages
corpora/sid_set/images/real/027b2851c942a2f0.jpg,0,sid_set_real,Real_OpenImages
corpora/sid_set/images/real/839edde3f11af807.jpg,0,sid_set_real,Real_OpenImages
corpora/sid_set/images/real/ec20729c45c81457.jpg,0,sid_set_real,Real_OpenImages
corpora/sid_set/images/real/56100ab66b4923be.jpg,0,sid_set_real,Real_OpenImages
corpora/sid_set/images/real/b1d451e4105067e6.jpg,0,sid_set_real,Real_OpenImages
corpora/sid_set/images/real/031c2ec557a4f68b.jpg,0,sid_set_real,Real_OpenImages
corpora/sid_set/images/real/0aa99378ee1b2e97.jpg,0,sid_set_real,Real_OpenImages
corpora/sid_set/images/real/8f28744c37570f3c.jpg,0,sid_set_real,Real_OpenImages
corpora/sid_set/images/real/bee46dd3e37763f8.jpg,0,sid_set_real,Real_OpenImages
corpora/sid_set/images/real/5dc318f692430098.jpg,0,sid_set_real,Real_OpenImages
corpora/sid_set/images/real/25f604b6f3cd5140.jpg,0,sid_set_real,Real_OpenImages
corpora/sid_set/images/real/79b4350703b83489.jpg,0,sid_set_real,Real_OpenImages
corpora/sid_set/images/real/c2c742dc6d6101b9.jpg,0,sid_set_real,Real_OpenImages
corpora/sid_set/images/real/e1609633fe7e0551.jpg,0,sid_set_real,Real_OpenImages
corpora/sid_set/images/real/03215505aefd0863.jpg,0,sid_set_real,Real_OpenImages
corpora/sid_set/images/real/a0a69848f6b3fd57.jpg,0,sid_set_real,Real_OpenImages
corpora/sid_set/images/real/e2dbb7e669cf5fee.jpg,0,sid_set_real,Real_OpenImages
corpora/sid_set/images/real/a017db55fe8f6785.jpg,0,sid_set_real,Real_OpenImages
corpora/sid_set/images/real/afe0a51392ca435a.jpg,0,sid_set_real,Real_OpenImages
corpora/sid_set/images/real/1e87194d4bff24ae.jpg,0,sid_set_real,Real_OpenImages
corpora/sid_set/images/real/d23790c06b41e2f5.jpg,0,sid_set_real,Real_OpenImages
corpora/sid_set/images/real/abfc24f9a56243e6.jpg,0,sid_set_real,Real_OpenImages
corpora/sid_set/images/real/8c3858f9e388b525.jpg,0,sid_set_real,Real_OpenImages
corpora/sid_set/images/real/6adfa714fc48f32a.jpg,0,sid_set_real,Real_OpenImages
corpora/sid_set/images/real/9e39e369cc1ed238.jpg,0,sid_set_real,Real_OpenImages
corpora/sid_set/images/real/bfbf65a470c89f9e.jpg,0,sid_set_real,Real_OpenImages
corpora/sid_set/images/real/4d390ad6d97c966d.jpg,0,sid_set_real,Real_OpenImages
corpora/sid_set/images/real/7306a35e6a533dae.jpg,0,sid_set_real,Real_OpenImages
corpora/sid_set/images/real/be716f75b950baf1.jpg,0,sid_set_real,Real_OpenImages
corpora/sid_set/images/real/5a643c480aca0dae.jpg,0,sid_set_real,Real_OpenImages
corpora/sid_set/images/real/a66ae5fb5f67b460.jpg,0,sid_set_real,Real_OpenImages
corpora/sid_set/images/real/205b8118b3cf24ae.jpg,0,sid_set_real,Real_OpenImages
corpora/sid_set/images/real/6e1f466101ef722c.jpg,0,sid_set_real,Real_OpenImages
corpora/sid_set/images/real/00e9b6d4f2398123.jpg,0,sid_set_real,Real_OpenImages
corpora/sid_set/images/real/0c13bf1ceb326211.jpg,0,sid_set_real,Real_OpenImages
corpora/sid_set/images/real/06a3b105a18f0b62.jpg,0,sid_set_real,Real_OpenImages
corpora/sid_set/images/real/9744da387c44adfe.jpg,0,sid_set_real,Real_OpenImages
corpora/sid_set/images/real/313f4500ce2c8819.jpg,0,sid_set_real,Real_OpenImages
corpora/sid_set/images/real/94c2445f291b27d2.jpg,0,sid_set_real,Real_OpenImages
corpora/sid_set/images/real/73f7334c61fb8cd5.jpg,0,sid_set_real,Real_OpenImages
corpora/sid_set/images/real/f5eced18e09bc811.jpg,0,sid_set_real,Real_OpenImages
corpora/sid_set/images/real/6b18948b4932d854.jpg,0,sid_set_real,Real_OpenImages
corpora/sid_set/images/real/c0c74a9fce17f299.jpg,0,sid_set_real,Real_OpenImages
corpora/sid_set/images/real/677a3234fb1126ba.jpg,0,sid_set_real,Real_OpenImages
corpora/sid_set/images/real/eff1c42f4d6e39ea.jpg,0,sid_set_real,Real_OpenImages
corpora/sid_set/images/real/147840a40f4a83b4.jpg,0,sid_set_real,Real_OpenImages
corpora/sid_set/images/real/aef8f94980970362.jpg,0,sid_set_real,Real_OpenImages
corpora/sid_set/images/real/aac5e0c9b767d3d5.jpg,0,sid_set_real,Real_OpenImages
corpora/sid_set/images/real/e93c87d720fb895d.jpg,0,sid_set_real,Real_OpenImages
corpora/sid_set/images/real/6ffe03adac0df7d6.jpg,0,sid_set_real,Real_OpenImages
corpora/sid_set/images/real/fd9fa9ce3f353e9d.jpg,0,sid_set_real,Real_OpenImages
corpora/sid_set/images/real/3cd1688d5fa3d0d5.jpg,0,sid_set_real,Real_OpenImages
corpora/sid_set/images/real/ea99350206d2b8c6.jpg,0,sid_set_real,Real_OpenImages
corpora/sid_set/images/real/3ce75716a19ac439.jpg,0,sid_set_real,Real_OpenImages
corpora/sid_set/images/real/eea07245778a8685.jpg,0,sid_set_real,Real_OpenImages
corpora/sid_set/images/real/48dcb3ec1c2fa234.jpg,0,sid_set_real,Real_OpenImages
corpora/sid_set/images/real/e16684c7d2e5aac7.jpg,0,sid_set_real,Real_OpenImages
corpora/sid_set/images/real/3c6e9eade202fc43.jpg,0,sid_set_real,Real_OpenImages
corpora/sid_set/images/real/1b54c03638f50377.jpg,0,sid_set_real,Real_OpenImages
corpora/sid_set/images/real/405f4effc36a9194.jpg,0,sid_set_real,Real_OpenImages
corpora/sid_set/images/real/fbe5c951d4d04128.jpg,0,sid_set_real,Real_OpenImages
corpora/sid_set/images/real/c1ea0bc9ebf668b2.jpg,0,sid_set_real,Real_OpenImages
corpora/sid_set/images/real/026ae7f3dd4f2967.jpg,0,sid_set_real,Real_OpenImages
corpora/sid_set/images/real/c243585c76f40d2e.jpg,0,sid_set_real,Real_OpenImages
corpora/sid_set/images/real/e383474c02d4f6b3.jpg,0,sid_set_real,Real_OpenImages
corpora/sid_set/images/real/7dd21a23c4055731.jpg,0,sid_set_real,Real_OpenImages
corpora/sid_set/images/real/ee4e1f096754510d.jpg,0,sid_set_real,Real_OpenImages
corpora/sid_set/images/real/658333a19ab91bf4.jpg,0,sid_set_real,Real_OpenImages
corpora/sid_set/images/real/0284bc96bfcd43c7.jpg,0,sid_set_real,Real_OpenImages
corpora/sid_set/images/real/3eec22401dab418d.jpg,0,sid_set_real,Real_OpenImages
corpora/sid_set/images/real/2cf422ed3a9a9a7a.jpg,0,sid_set_real,Real_OpenImages
corpora/sid_set/images/real/20047d6514ffd551.jpg,0,sid_set_real,Real_OpenImages
corpora/sid_set/images/real/ef1fb740db92e629.jpg,0,sid_set_real,Real_OpenImages
corpora/sid_set/images/real/7cbd8558cb9832b7.jpg,0,sid_set_real,Real_OpenImages
corpora/sid_set/images/real/05d659f9089eea5c.jpg,0,sid_set_real,Real_OpenImages
corpora/sid_set/images/real/78dd47f6d9248ee0.jpg,0,sid_set_real,Real_OpenImages
corpora/sid_set/images/real/54e74c3bcabf922a.jpg,0,sid_set_real,Real_OpenImages
corpora/sid_set/images/real/5754bc441a6ebb1e.jpg,0,sid_set_real,Real_OpenImages
corpora/sid_set/images/real/4fcbc406cc0aaa7c.jpg,0,sid_set_real,Real_OpenImages
corpora/sid_set/images/real/38a8a2d7d3eba86a.jpg,0,sid_set_real,Real_OpenImages
corpora/sid_set/images/real/a166fd854a1ae684.jpg,0,sid_set_real,Real_OpenImages
corpora/sid_set/images/real/a45641051500bfa8.jpg,0,sid_set_real,Real_OpenImages
corpora/sid_set/images/real/69d5c0ee8b377be3.jpg,0,sid_set_real,Real_OpenImages
corpora/sid_set/images/real/927d8e469fab6aa0.jpg,0,sid_set_real,Real_OpenImages
corpora/sid_set/images/real/c4ec36d798212150.jpg,0,sid_set_real,Real_OpenImages
corpora/sid_set/images/real/dca4fe3c618b601b.jpg,0,sid_set_real,Real_OpenImages
corpora/sid_set/images/real/0df7d1e90e9b2348.jpg,0,sid_set_real,Real_OpenImages
corpora/sid_set/images/real/43ea444844d9dda9.jpg,0,sid_set_real,Real_OpenImages
corpora/sid_set/images/real/30827e1b2cbeca1e.jpg,0,sid_set_real,Real_OpenImages
corpora/sid_set/images/real/039d26b206dd47aa.jpg,0,sid_set_real,Real_OpenImages
corpora/sid_set/images/real/d8c496a7e990b8fc.jpg,0,sid_set_real,Real_OpenImages
corpora/sid_set/images/real/80d3c212ab3d490c.jpg,0,sid_set_real,Real_OpenImages
corpora/sid_set/images/real/766064219abb7117.jpg,0,sid_set_real,Real_OpenImages
corpora/sid_set/images/real/00878d1c9e01224e.jpg,0,sid_set_real,Real_OpenImages
corpora/sid_set/images/real/efc9ea7e2be35790.jpg,0,sid_set_real,Real_OpenImages
corpora/sid_set/images/real/a280a53bb27fb301.jpg,0,sid_set_real,Real_OpenImages
corpora/sid_set/images/real/c15772d8187570ab.jpg,0,sid_set_real,Real_OpenImages
corpora/sid_set/images/real/b0d5d5870e9a7cd9.jpg,0,sid_set_real,Real_OpenImages
corpora/sid_set/images/real/46954b3dd5c9ad72.jpg,0,sid_set_real,Real_OpenImages
corpora/sid_set/images/real/46f0076168c9ac54.jpg,0,sid_set_real,Real_OpenImages
corpora/sid_set/images/real/46df28fe67067cfa.jpg,0,sid_set_real,Real_OpenImages
corpora/sid_set/images/real/cdfa70d99d54e9c2.jpg,0,sid_set_real,Real_OpenImages
corpora/sid_set/images/real/ba30fb9ea4fb8b8d.jpg,0,sid_set_real,Real_OpenImages
corpora/sid_set/images/real/64ee0a566d792fb1.jpg,0,sid_set_real,Real_OpenImages
corpora/sid_set/images/real/07961976624d2df1.jpg,0,sid_set_real,Real_OpenImages
corpora/sid_set/images/real/e2d0055fbd267c5b.jpg,0,sid_set_real,Real_OpenImages
corpora/sid_set/images/real/b610a2b31227388b.jpg,0,sid_set_real,Real_OpenImages
corpora/sid_set/images/real/724560f3dca5e140.jpg,0,sid_set_real,Real_OpenImages
corpora/sid_set/images/real/7c305f4cfb04f044.jpg,0,sid_set_real,Real_OpenImages
corpora/sid_set/images/real/5bf7a76e0234dbe0.jpg,0,sid_set_real,Real_OpenImages
corpora/sid_set/images/real/6e29aeb594b12bb9.jpg,0,sid_set_real,Real_OpenImages
corpora/sid_set/images/real/c37353ed21ef9673.jpg,0,sid_set_real,Real_OpenImages
corpora/sid_set/images/real/50a35e4472945943.jpg,0,sid_set_real,Real_OpenImages
corpora/sid_set/images/real/35a01777ff593f79.jpg,0,sid_set_real,Real_OpenImages
corpora/sid_set/images/real/cc734303dab7ca5a.jpg,0,sid_set_real,Real_OpenImages
corpora/sid_set/images/real/2aa0cc8d3296fcbf.jpg,0,sid_set_real,Real_OpenImages
corpora/sid_set/images/real/9fa90cc02552fe4b.jpg,0,sid_set_real,Real_OpenImages
corpora/sid_set/images/real/f55178c16a880608.jpg,0,sid_set_real,Real_OpenImages
corpora/sid_set/images/real/ae98577b19afc1ae.jpg,0,sid_set_real,Real_OpenImages
corpora/sid_set/images/real/e91440e39ebff10e.jpg,0,sid_set_real,Real_OpenImages
corpora/sid_set/images/real/e2c2eb3858c74f35.jpg,0,sid_set_real,Real_OpenImages
corpora/sid_set/images/real/b1439326e42c05d0.jpg,0,sid_set_real,Real_OpenImages
corpora/sid_set/images/real/c95585ec8c3d976f.jpg,0,sid_set_real,Real_OpenImages
corpora/sid_set/images/real/aa22df81933e3c2d.jpg,0,sid_set_real,Real_OpenImages
corpora/sid_set/images/real/31caa31b0346a7f9.jpg,0,sid_set_real,Real_OpenImages
corpora/sid_set/images/real/5bf9db7c467f3618.jpg,0,sid_set_real,Real_OpenImages
corpora/sid_set/images/real/e319108477476dfd.jpg,0,sid_set_real,Real_OpenImages
corpora/sid_set/images/real/e4db9dd90cdb7fd0.jpg,0,sid_set_real,Real_OpenImages
corpora/sid_set/images/real/3f6de0606502db03.jpg,0,sid_set_real,Real_OpenImages
corpora/sid_set/images/real/f87ed04d540bab2f.jpg,0,sid_set_real,Real_OpenImages
corpora/sid_set/images/real/b1dcef24e0720192.jpg,0,sid_set_real,Real_OpenImages
corpora/sid_set/images/real/cf33a27aae0c7827.jpg,0,sid_set_real,Real_OpenImages
corpora/sid_set/images/real/c948c18c8ad688ba.jpg,0,sid_set_real,Real_OpenImages
corpora/sid_set/images/real/0cdf1fdd46a5d753.jpg,0,sid_set_real,Real_OpenImages
corpora/sid_set/images/real/c752902a84847e3d.jpg,0,sid_set_real,Real_OpenImages
corpora/sid_set/images/real/b0fb197cb5380a42.jpg,0,sid_set_real,Real_OpenImages
corpora/sid_set/images/real/1bd206f2e0715e43.jpg,0,sid_set_real,Real_OpenImages
corpora/sid_set/images/real/e091766e29738f33.jpg,0,sid_set_real,Real_OpenImages
corpora/sid_set/images/real/7fd2a144e94e5f50.jpg,0,sid_set_real,Real_OpenImages
corpora/sid_set/images/real/1441d017b4a7e616.jpg,0,sid_set_real,Real_OpenImages
corpora/sid_set/images/real/d4725a637d3ae74a.jpg,0,sid_set_real,Real_OpenImages
corpora/sid_set/images/real/83a73dde4fea477a.jpg,0,sid_set_real,Real_OpenImages
corpora/sid_set/images/real/96e3944b93ced8f4.jpg,0,sid_set_real,Real_OpenImages
corpora/sid_set/images/real/097782b62f969d38.jpg,0,sid_set_real,Real_OpenImages
corpora/sid_set/images/real/51fefbeeef40924b.jpg,0,sid_set_real,Real_OpenImages
corpora/sid_set/images/real/b83c9000cbb4f94b.jpg,0,sid_set_real,Real_OpenImages
corpora/sid_set/images/real/6f785dc35bb8e92c.jpg,0,sid_set_real,Real_OpenImages
corpora/sid_set/images/real/80f47a46581a6666.jpg,0,sid_set_real,Real_OpenImages
corpora/sid_set/images/real/a373e3ae0b13ee88.jpg,0,sid_set_real,Real_OpenImages
corpora/sid_set/images/real/751cb3a05b833e89.jpg,0,sid_set_real,Real_OpenImages
corpora/sid_set/images/real/3536cbd46e7e8117.jpg,0,sid_set_real,Real_OpenImages
corpora/sid_set/images/real/3d495c6f28f031b0.jpg,0,sid_set_real,Real_OpenImages
corpora/sid_set/images/real/4a31482f35a288bd.jpg,0,sid_set_real,Real_OpenImages
corpora/sid_set/images/real/3f33602132ee5a6a.jpg,0,sid_set_real,Real_OpenImages
corpora/sid_set/images/real/b371e5bc57671fff.jpg,0,sid_set_real,Real_OpenImages
corpora/sid_set/images/real/02ffcd55c6f586a1.jpg,0,sid_set_real,Real_OpenImages
corpora/sid_set/images/real/1343f7f52bac5d31.jpg,0,sid_set_real,Real_OpenImages
corpora/sid_set/images/real/712e6611dae8b6dd.jpg,0,sid_set_real,Real_OpenImages
corpora/sid_set/images/real/82f007ec8b8c827d.jpg,0,sid_set_real,Real_OpenImages
corpora/sid_set/images/real/158d876eb10abd01.jpg,0,sid_set_real,Real_OpenImages
corpora/sid_set/images/real/778f7acd7cc43ecd.jpg,0,sid_set_real,Real_OpenImages
corpora/sid_set/images/real/2833e77551dc3ba9.jpg,0,sid_set_real,Real_OpenImages
corpora/sid_set/images/real/1b6922eb70077a93.jpg,0,sid_set_real,Real_OpenImages
corpora/sid_set/images/real/183c75dcb60b3e5e.jpg,0,sid_set_real,Real_OpenImages
corpora/sid_set/images/real/1e2ab8a8a261dbd3.jpg,0,sid_set_real,Real_OpenImages
corpora/sid_set/images/real/e09364a1d51c0ec8.jpg,0,sid_set_real,Real_OpenImages
corpora/sid_set/images/real/67c1dde220599182.jpg,0,sid_set_real,Real_OpenImages
corpora/sid_set/images/real/135bd337a3e8a4e3.jpg,0,sid_set_real,Real_OpenImages
corpora/sid_set/images/real/ec2880019773433c.jpg,0,sid_set_real,Real_OpenImages
corpora/sid_set/images/real/fe37eff400dd5c81.jpg,0,sid_set_real,Real_OpenImages
corpora/sid_set/images/real/4030dbb933bd1934.jpg,0,sid_set_real,Real_OpenImages
corpora/sid_set/images/real/ba8f4a68b7155c0a.jpg,0,sid_set_real,Real_OpenImages
corpora/sid_set/images/real/4971949294d53d8f.jpg,0,sid_set_real,Real_OpenImages
corpora/sid_set/images/real/14b86ec05aa8230c.jpg,0,sid_set_real,Real_OpenImages
corpora/sid_set/images/real/0f35463847867856.jpg,0,sid_set_real,Real_OpenImages
corpora/sid_set/images/real/d757143f943da3b5.jpg,0,sid_set_real,Real_OpenImages
corpora/sid_set/images/real/564cbb259b2c0c59.jpg,0,sid_set_real,Real_OpenImages
corpora/sid_set/images/real/81d0af7669e86f43.jpg,0,sid_set_real,Real_OpenImages
corpora/sid_set/images/real/981d92963cdb01ea.jpg,0,sid_set_real,Real_OpenImages
corpora/sid_set/images/real/9dec7bf066a8bbe5.jpg,0,sid_set_real,Real_OpenImages
corpora/sid_set/images/real/d50b9f574186bbae.jpg,0,sid_set_real,Real_OpenImages
corpora/sid_set/images/real/5eb677ef018f6832.jpg,0,sid_set_real,Real_OpenImages
corpora/sid_set/images/real/1c7fa623fceda3b8.jpg,0,sid_set_real,Real_OpenImages
corpora/sid_set/images/real/9431e614b91344fa.jpg,0,sid_set_real,Real_OpenImages
corpora/sid_set/images/real/19b2575cd253e155.jpg,0,sid_set_real,Real_OpenImages
corpora/sid_set/images/real/76e07eb06c4df9d1.jpg,0,sid_set_real,Real_OpenImages
corpora/sid_set/images/real/fdfad9cc903943df.jpg,0,sid_set_real,Real_OpenImages
corpora/sid_set/images/real/56ee42a3080953af.jpg,0,sid_set_real,Real_OpenImages
corpora/sid_set/images/real/d04c5ef3fd4f2027.jpg,0,sid_set_real,Real_OpenImages
corpora/sid_set/images/real/01e2492e25c012ac.jpg,0,sid_set_real,Real_OpenImages
corpora/sid_set/images/real/d44269503e0c4179.jpg,0,sid_set_real,Real_OpenImages
corpora/sid_set/images/real/76bc8a0383ee3e9f.jpg,0,sid_set_real,Real_OpenImages
corpora/sid_set/images/real/355c0cc462b69a32.jpg,0,sid_set_real,Real_OpenImages
corpora/sid_set/images/real/37a8ee57d51ae988.jpg,0,sid_set_real,Real_OpenImages
corpora/sid_set/images/real/0c461ccb2c4a9341.jpg,0,sid_set_real,Real_OpenImages
corpora/sid_set/images/real/7c42a3f623c942c5.jpg,0,sid_set_real,Real_OpenImages
corpora/sid_set/images/real/fda64bdf4c4dadbe.jpg,0,sid_set_real,Real_OpenImages
corpora/sid_set/images/real/a767ce66a0b72662.jpg,0,sid_set_real,Real_OpenImages
corpora/sid_set/images/real/9a5f50c6617164af.jpg,0,sid_set_real,Real_OpenImages
corpora/sid_set/images/real/704e6e9555b66e6b.jpg,0,sid_set_real,Real_OpenImages
corpora/sid_set/images/real/dd19c08e8d09207c.jpg,0,sid_set_real,Real_OpenImages
corpora/sid_set/images/real/ea9c760bd71be880.jpg,0,sid_set_real,Real_OpenImages
corpora/sid_set/images/real/157fe788a2212b22.jpg,0,sid_set_real,Real_OpenImages
corpora/sid_set/images/real/974f6f9c531a613c.jpg,0,sid_set_real,Real_OpenImages
corpora/sid_set/images/real/db99870895948a5c.jpg,0,sid_set_real,Real_OpenImages
corpora/sid_set/images/real/a304133b7f9bb9b0.jpg,0,sid_set_real,Real_OpenImages
corpora/sid_set/images/real/099109990d59dd86.jpg,0,sid_set_real,Real_OpenImages
corpora/sid_set/images/real/5321012011c9acd4.jpg,0,sid_set_real,Real_OpenImages
corpora/sid_set/images/real/cb2b141ed8f6f676.jpg,0,sid_set_real,Real_OpenImages
corpora/sid_set/images/real/dc689d0e7ab9e106.jpg,0,sid_set_real,Real_OpenImages
corpora/sid_set/images/real/a5fd6d0850dc9beb.jpg,0,sid_set_real,Real_OpenImages
corpora/sid_set/images/real/0d8d5a09166e56df.jpg,0,sid_set_real,Real_OpenImages
corpora/sid_set/images/real/f0dfccb80b745760.jpg,0,sid_set_real,Real_OpenImages
corpora/sid_set/images/real/e050f1db1ece4ada.jpg,0,sid_set_real,Real_OpenImages
corpora/sid_set/images/real/03f90cc8906fbb1e.jpg,0,sid_set_real,Real_OpenImages
corpora/sid_set/images/real/ac6ec84361ff6a7f.jpg,0,sid_set_real,Real_OpenImages
corpora/sid_set/images/real/4d8699f945697189.jpg,0,sid_set_real,Real_OpenImages
corpora/sid_set/images/real/ba1a8caf8d230d7f.jpg,0,sid_set_real,Real_OpenImages
corpora/sid_set/images/real/8826aff64b8633a3.jpg,0,sid_set_real,Real_OpenImages
corpora/sid_set/images/real/fb8af9c31ae185b4.jpg,0,sid_set_real,Real_OpenImages
corpora/sid_set/images/real/22d0aaadaace65ec.jpg,0,sid_set_real,Real_OpenImages
corpora/sid_set/images/real/7fca07daf5e9cebe.jpg,0,sid_set_real,Real_OpenImages
corpora/sid_set/images/real/d531f7cbb9478b9f.jpg,0,sid_set_real,Real_OpenImages
corpora/sid_set/images/real/8a853f30eaeda73e.jpg,0,sid_set_real,Real_OpenImages
corpora/sid_set/images/real/3ea14a3f0353b488.jpg,0,sid_set_real,Real_OpenImages
corpora/sid_set/images/real/ca4ecce0a0c12df5.jpg,0,sid_set_real,Real_OpenImages
corpora/sid_set/images/real/22c3d4a0bd1b0aac.jpg,0,sid_set_real,Real_OpenImages
corpora/sid_set/images/real/6f724bca2f15bcc3.jpg,0,sid_set_real,Real_OpenImages
corpora/sid_set/images/real/cbc0420675ad210f.jpg,0,sid_set_real,Real_OpenImages
corpora/sid_set/images/real/160b30b6656db10f.jpg,0,sid_set_real,Real_OpenImages
corpora/sid_set/images/real/a564a895a66412fe.jpg,0,sid_set_real,Real_OpenImages
corpora/sid_set/images/real/58b1e1e5f8b19522.jpg,0,sid_set_real,Real_OpenImages
corpora/sid_set/images/real/6070b94e29c223ff.jpg,0,sid_set_real,Real_OpenImages
corpora/sid_set/images/real/f57a3a54caa06f19.jpg,0,sid_set_real,Real_OpenImages
corpora/sid_set/images/real/5637d94f795e824b.jpg,0,sid_set_real,Real_OpenImages
corpora/sid_set/images/real/7055e5b3d090041f.jpg,0,sid_set_real,Real_OpenImages
corpora/sid_set/images/real/62cf5e8fc8160a7e.jpg,0,sid_set_real,Real_OpenImages
corpora/sid_set/images/real/1f9062592378327f.jpg,0,sid_set_real,Real_OpenImages
corpora/sid_set/images/real/4d739792e52b7e92.jpg,0,sid_set_real,Real_OpenImages
corpora/sid_set/images/real/d83490faeeffd1f2.jpg,0,sid_set_real,Real_OpenImages
corpora/sid_set/images/real/907f83def3f15d6a.jpg,0,sid_set_real,Real_OpenImages
corpora/sid_set/images/real/4ceb5caaf0bb8dec.jpg,0,sid_set_real,Real_OpenImages
corpora/sid_set/images/real/42a9d6e9679d44c0.jpg,0,sid_set_real,Real_OpenImages
corpora/sid_set/images/real/28c1771ea93cd828.jpg,0,sid_set_real,Real_OpenImages
corpora/sid_set/images/real/f36176a3ecca9a6e.jpg,0,sid_set_real,Real_OpenImages
corpora/sid_set/images/real/008776b672efda4d.jpg,0,sid_set_real,Real_OpenImages
corpora/sid_set/images/real/47de5ab31c3b73c8.jpg,0,sid_set_real,Real_OpenImages
corpora/sid_set/images/real/9dac4802531e136d.jpg,0,sid_set_real,Real_OpenImages
corpora/sid_set/images/real/256be951c5460071.jpg,0,sid_set_real,Real_OpenImages
corpora/sid_set/images/real/9ea785e7f366e132.jpg,0,sid_set_real,Real_OpenImages
corpora/sid_set/images/real/7083ab84796ead67.jpg,0,sid_set_real,Real_OpenImages
corpora/sid_set/images/real/aa79c34b48a6bb35.jpg,0,sid_set_real,Real_OpenImages
corpora/sid_set/images/real/86a2d7376fd15c3c.jpg,0,sid_set_real,Real_OpenImages
corpora/sid_set/images/real/05a5ea30888b68bd.jpg,0,sid_set_real,Real_OpenImages
corpora/sid_set/images/real/e6106ccfed736de5.jpg,0,sid_set_real,Real_OpenImages
corpora/sid_set/images/real/aa421b8111553269.jpg,0,sid_set_real,Real_OpenImages
corpora/sid_set/images/real/eea543c24fce8b8a.jpg,0,sid_set_real,Real_OpenImages
corpora/sid_set/images/real/4bd0c1fe4bf7ab4c.jpg,0,sid_set_real,Real_OpenImages
corpora/sid_set/images/real/d70e0556dee83397.jpg,0,sid_set_real,Real_OpenImages
corpora/sid_set/images/real/ca743aa3411dc753.jpg,0,sid_set_real,Real_OpenImages
corpora/sid_set/images/real/a64a2575cb1004da.jpg,0,sid_set_real,Real_OpenImages
corpora/sid_set/images/real/f55ff34c69568958.jpg,0,sid_set_real,Real_OpenImages
corpora/sid_set/images/real/149fd7f5b75fb9cd.jpg,0,sid_set_real,Real_OpenImages
corpora/sid_set/images/real/5641b2e61550b7f1.jpg,0,sid_set_real,Real_OpenImages
corpora/sid_set/images/real/f46b19435330eee7.jpg,0,sid_set_real,Real_OpenImages
corpora/sid_set/images/real/60630161aa695d9c.jpg,0,sid_set_real,Real_OpenImages
corpora/sid_set/images/real/92443bc2fbaaf4c4.jpg,0,sid_set_real,Real_OpenImages
corpora/sid_set/images/real/7db0f82baa410407.jpg,0,sid_set_real,Real_OpenImages
corpora/sid_set/images/real/bedeef9be3ac7306.jpg,0,sid_set_real,Real_OpenImages
corpora/sid_set/images/real/0c27bb9186bf8547.jpg,0,sid_set_real,Real_OpenImages
corpora/sid_set/images/real/8c4ed6786be324fc.jpg,0,sid_set_real,Real_OpenImages
corpora/sid_set/images/real/d4fb3e576a044f31.jpg,0,sid_set_real,Real_OpenImages
corpora/sid_set/images/real/0115111c6a54a4fb.jpg,0,sid_set_real,Real_OpenImages
corpora/sid_set/images/real/80229f5eb779c5a6.jpg,0,sid_set_real,Real_OpenImages
corpora/sid_set/images/real/a889fce63448d0d2.jpg,0,sid_set_real,Real_OpenImages
corpora/sid_set/images/real/42e9dd32e060893a.jpg,0,sid_set_real,Real_OpenImages
corpora/sid_set/images/real/eb88bc0950a5304c.jpg,0,sid_set_real,Real_OpenImages
corpora/sid_set/images/real/b7de7334789059c0.jpg,0,sid_set_real,Real_OpenImages
corpora/sid_set/images/real/e45e5f3e22b053d8.jpg,0,sid_set_real,Real_OpenImages
corpora/sid_set/images/real/19ea8f99e6ba17de.jpg,0,sid_set_real,Real_OpenImages
corpora/sid_set/images/real/6978affa575d3602.jpg,0,sid_set_real,Real_OpenImages
corpora/sid_set/images/real/c4f92f0fcb61f5a0.jpg,0,sid_set_real,Real_OpenImages
corpora/sid_set/images/real/531976181d098f4c.jpg,0,sid_set_real,Real_OpenImages
corpora/sid_set/images/real/e926bfe71a7f2084.jpg,0,sid_set_real,Real_OpenImages
corpora/sid_set/images/real/204ff7a9f5c40163.jpg,0,sid_set_real,Real_OpenImages
corpora/sid_set/images/real/1c55bc9ba9559bac.jpg,0,sid_set_real,Real_OpenImages
corpora/sid_set/images/real/4bea9bd55bf195bc.jpg,0,sid_set_real,Real_OpenImages
corpora/sid_set/images/real/b7ec5c909f1d6653.jpg,0,sid_set_real,Real_OpenImages
corpora/sid_set/images/real/bdc4581fc0e8ac41.jpg,0,sid_set_real,Real_OpenImages
corpora/sid_set/images/real/8ca1e53412a70b6c.jpg,0,sid_set_real,Real_OpenImages
corpora/sid_set/images/real/a02504f5e61ce6d6.jpg,0,sid_set_real,Real_OpenImages
corpora/sid_set/images/real/9620bc1bb4eee166.jpg,0,sid_set_real,Real_OpenImages
corpora/sid_set/images/real/e72dad6f99459525.jpg,0,sid_set_real,Real_OpenImages
corpora/sid_set/images/real/ddc282def55c7e18.jpg,0,sid_set_real,Real_OpenImages
corpora/sid_set/images/real/d6f5af36e6eec284.jpg,0,sid_set_real,Real_OpenImages
corpora/sid_set/images/real/6fc6e7a6d1656662.jpg,0,sid_set_real,Real_OpenImages
corpora/sid_set/images/real/c5173298046a0cdd.jpg,0,sid_set_real,Real_OpenImages
corpora/sid_set/images/real/276bfb1c62d4fca5.jpg,0,sid_set_real,Real_OpenImages
corpora/sid_set/images/real/6794e73fef2616b3.jpg,0,sid_set_real,Real_OpenImages
corpora/sid_set/images/real/2ee6c84ead523e16.jpg,0,sid_set_real,Real_OpenImages
corpora/sid_set/images/real/9597bc017b2506e5.jpg,0,sid_set_real,Real_OpenImages
corpora/sid_set/images/real/bf4e27e747d32a23.jpg,0,sid_set_real,Real_OpenImages
corpora/sid_set/images/real/c96a4bfdaf08868a.jpg,0,sid_set_real,Real_OpenImages
corpora/sid_set/images/real/9c54875291c54dfb.jpg,0,sid_set_real,Real_OpenImages
corpora/sid_set/images/real/247ae6676be07a86.jpg,0,sid_set_real,Real_OpenImages
corpora/sid_set/images/real/f06eed0bbd99ada8.jpg,0,sid_set_real,Real_OpenImages
corpora/sid_set/images/real/0391d4ca00a1009c.jpg,0,sid_set_real,Real_OpenImages
corpora/sid_set/images/real/31c0ab41d9127116.jpg,0,sid_set_real,Real_OpenImages
corpora/sid_set/images/real/51cbea019a039af4.jpg,0,sid_set_real,Real_OpenImages
corpora/sid_set/images/real/6149b4208401d774.jpg,0,sid_set_real,Real_OpenImages
corpora/sid_set/images/real/75e0060883fbf36d.jpg,0,sid_set_real,Real_OpenImages
corpora/sid_set/images/real/b44db2954498e7a3.jpg,0,sid_set_real,Real_OpenImages
corpora/sid_set/images/real/4da53cbb56d746c0.jpg,0,sid_set_real,Real_OpenImages
corpora/sid_set/images/real/34331bf410f0d770.jpg,0,sid_set_real,Real_OpenImages
corpora/sid_set/images/real/557dc70edb44ea49.jpg,0,sid_set_real,Real_OpenImages
corpora/sid_set/images/real/21ed8a6fe1ab74b8.jpg,0,sid_set_real,Real_OpenImages
corpora/sid_set/images/real/4321dafaa36a86d6.jpg,0,sid_set_real,Real_OpenImages
corpora/sid_set/images/real/2dd45a5321872dd3.jpg,0,sid_set_real,Real_OpenImages
corpora/sid_set/images/real/1f036f31bcfdae44.jpg,0,sid_set_real,Real_OpenImages
corpora/sid_set/images/real/7bfc51076e1a42f3.jpg,0,sid_set_real,Real_OpenImages
corpora/sid_set/images/real/450e707d00ef49d9.jpg,0,sid_set_real,Real_OpenImages
corpora/sid_set/images/real/5c2362f224a6dd09.jpg,0,sid_set_real,Real_OpenImages
corpora/sid_set/images/real/1518cb27034c1a28.jpg,0,sid_set_real,Real_OpenImages
corpora/sid_set/images/real/6265251f92004277.jpg,0,sid_set_real,Real_OpenImages
corpora/sid_set/images/real/7eb737fe9468d583.jpg,0,sid_set_real,Real_OpenImages
corpora/sid_set/images/real/93982cce339c5b82.jpg,0,sid_set_real,Real_OpenImages
corpora/sid_set/images/real/925e2181e34a6206.jpg,0,sid_set_real,Real_OpenImages
corpora/sid_set/images/real/73bb2e7ff1789a5a.jpg,0,sid_set_real,Real_OpenImages
corpora/sid_set/images/real/fa20a20ecfa1e011.jpg,0,sid_set_real,Real_OpenImages
corpora/sid_set/images/real/02924c5f3cbc4d46.jpg,0,sid_set_real,Real_OpenImages
corpora/sid_set/images/real/dd2f0b9711a87d0c.jpg,0,sid_set_real,Real_OpenImages
corpora/sid_set/images/real/58476b5bd515f7d6.jpg,0,sid_set_real,Real_OpenImages
corpora/sid_set/images/real/16c323b1a873a6ad.jpg,0,sid_set_real,Real_OpenImages
corpora/sid_set/images/real/1884b7bba9bfe479.jpg,0,sid_set_real,Real_OpenImages
corpora/sid_set/images/real/f73e39eeef974240.jpg,0,sid_set_real,Real_OpenImages
corpora/sid_set/images/real/71701ad4e7938a15.jpg,0,sid_set_real,Real_OpenImages
corpora/sid_set/images/real/b3ad0fcc7d0753d2.jpg,0,sid_set_real,Real_OpenImages
corpora/sid_set/images/real/81d7ca82b942162f.jpg,0,sid_set_real,Real_OpenImages
corpora/sid_set/images/real/8d062e39b7359969.jpg,0,sid_set_real,Real_OpenImages
corpora/sid_set/images/real/173ae2d1526c25a5.jpg,0,sid_set_real,Real_OpenImages
corpora/sid_set/images/real/7860f63c48187a54.jpg,0,sid_set_real,Real_OpenImages
corpora/sid_set/images/real/cf28e8e2b93c0bbc.jpg,0,sid_set_real,Real_OpenImages
corpora/sid_set/images/real/fd839a25d024d3c8.jpg,0,sid_set_real,Real_OpenImages
corpora/sid_set/images/real/8a5032e6e70d8458.jpg,0,sid_set_real,Real_OpenImages
corpora/sid_set/images/real/803dc9884286e976.jpg,0,sid_set_real,Real_OpenImages
corpora/sid_set/images/real/0018537c3364c30c.jpg,0,sid_set_real,Real_OpenImages
corpora/sid_set/images/real/594bafc3c5d2fd6b.jpg,0,sid_set_real,Real_OpenImages
corpora/sid_set/images/real/588495909e8e1102.jpg,0,sid_set_real,Real_OpenImages
corpora/sid_set/images/real/75697c5fdb3ab05f.jpg,0,sid_set_real,Real_OpenImages
corpora/sid_set/images/real/e3ce52acb24a2098.jpg,0,sid_set_real,Real_OpenImages
corpora/sid_set/images/real/1cd19efc91961f50.jpg,0,sid_set_real,Real_OpenImages
corpora/sid_set/images/real/4766c0d764b0e7d1.jpg,0,sid_set_real,Real_OpenImages
corpora/sid_set/images/real/6794bb00db26c98d.jpg,0,sid_set_real,Real_OpenImages
corpora/sid_set/images/real/e4e2f5ca68650c0b.jpg,0,sid_set_real,Real_OpenImages
corpora/sid_set/images/real/c6f716d232a68535.jpg,0,sid_set_real,Real_OpenImages
corpora/sid_set/images/real/96b830ea38e0477e.jpg,0,sid_set_real,Real_OpenImages
corpora/sid_set/images/real/7f2057fe649968d6.jpg,0,sid_set_real,Real_OpenImages
corpora/sid_set/images/real/58bae3a4ebe01e17.jpg,0,sid_set_real,Real_OpenImages
corpora/sid_set/images/real/6093836a868e926b.jpg,0,sid_set_real,Real_OpenImages
corpora/sid_set/images/real/1e95aa2208b71086.jpg,0,sid_set_real,Real_OpenImages
corpora/sid_set/images/real/8cadbe76aa7d436f.jpg,0,sid_set_real,Real_OpenImages
corpora/sid_set/images/real/a02cae994de47c55.jpg,0,sid_set_real,Real_OpenImages
corpora/sid_set/images/real/cf1c18065de32d47.jpg,0,sid_set_real,Real_OpenImages
corpora/sid_set/images/real/0dd8a5f1eed7cd22.jpg,0,sid_set_real,Real_OpenImages
corpora/sid_set/images/real/9f10ee5c2ad42fe3.jpg,0,sid_set_real,Real_OpenImages
corpora/sid_set/images/real/6e9516d6226f5ed6.jpg,0,sid_set_real,Real_OpenImages
corpora/sid_set/images/real/0020d9105abf3486.jpg,0,sid_set_real,Real_OpenImages
corpora/sid_set/images/real/182c3b821c6f1498.jpg,0,sid_set_real,Real_OpenImages
corpora/sid_set/images/real/9e34632e3829b6b5.jpg,0,sid_set_real,Real_OpenImages
corpora/sid_set/images/real/7d9882a20eba84e3.jpg,0,sid_set_real,Real_OpenImages
corpora/sid_set/images/real/40122c316255cbb6.jpg,0,sid_set_real,Real_OpenImages
corpora/sid_set/images/real/e82e80123ee2140a.jpg,0,sid_set_real,Real_OpenImages
corpora/sid_set/images/real/6e87dc6013ad3a62.jpg,0,sid_set_real,Real_OpenImages
corpora/sid_set/images/real/4a0da2ea77d20e0b.jpg,0,sid_set_real,Real_OpenImages
corpora/sid_set/images/real/0419f999a4bc8ab0.jpg,0,sid_set_real,Real_OpenImages
corpora/sid_set/images/real/6919c47658d308ca.jpg,0,sid_set_real,Real_OpenImages
corpora/sid_set/images/real/89cb53a0d22443f5.jpg,0,sid_set_real,Real_OpenImages
corpora/sid_set/images/real/63d160f138257b1b.jpg,0,sid_set_real,Real_OpenImages
corpora/sid_set/images/real/f872f2bdf10a0972.jpg,0,sid_set_real,Real_OpenImages
corpora/sid_set/images/real/bd18f64d78302283.jpg,0,sid_set_real,Real_OpenImages
corpora/sid_set/images/real/211c25581e26659a.jpg,0,sid_set_real,Real_OpenImages
corpora/sid_set/images/real/39e039139fcf00cc.jpg,0,sid_set_real,Real_OpenImages
corpora/sid_set/images/real/4092124ae34a68d0.jpg,0,sid_set_real,Real_OpenImages
corpora/sid_set/images/real/43d8fefcdaa74ea0.jpg,0,sid_set_real,Real_OpenImages
corpora/sid_set/images/real/02521941886ab95f.jpg,0,sid_set_real,Real_OpenImages
corpora/sid_set/images/real/729e075ceddda89c.jpg,0,sid_set_real,Real_OpenImages
corpora/sid_set/images/real/06712263c2bcd929.jpg,0,sid_set_real,Real_OpenImages
corpora/sid_set/images/real/298e918903ede891.jpg,0,sid_set_real,Real_OpenImages
corpora/sid_set/images/real/23c89550df82f2bc.jpg,0,sid_set_real,Real_OpenImages
corpora/sid_set/images/real/ea48066509c4a999.jpg,0,sid_set_real,Real_OpenImages
corpora/sid_set/images/real/32bac89353e0678e.jpg,0,sid_set_real,Real_OpenImages
corpora/sid_set/images/real/c0974c0ddd837b1e.jpg,0,sid_set_real,Real_OpenImages
corpora/sid_set/images/real/3b2f6df16b48fb10.jpg,0,sid_set_real,Real_OpenImages
corpora/sid_set/images/real/dfe7a3836387104f.jpg,0,sid_set_real,Real_OpenImages
corpora/sid_set/images/real/e81ca3102cf371df.jpg,0,sid_set_real,Real_OpenImages
corpora/sid_set/images/real/6a3debf6884f3e0e.jpg,0,sid_set_real,Real_OpenImages
corpora/sid_set/images/real/3e52920da1b59ed6.jpg,0,sid_set_real,Real_OpenImages
corpora/sid_set/images/real/9b98ce75f42d8fbe.jpg,0,sid_set_real,Real_OpenImages
corpora/sid_set/images/real/dbe3f2a7d495e38e.jpg,0,sid_set_real,Real_OpenImages
corpora/sid_set/images/real/8cbdfc5ac3deda6c.jpg,0,sid_set_real,Real_OpenImages
corpora/sid_set/images/real/3ee378ab40a2f772.jpg,0,sid_set_real,Real_OpenImages
corpora/sid_set/images/real/50919b506cccd7c9.jpg,0,sid_set_real,Real_OpenImages
corpora/sid_set/images/real/7f371863d3aae22c.jpg,0,sid_set_real,Real_OpenImages
corpora/sid_set/images/real/b4d7621e470a9d59.jpg,0,sid_set_real,Real_OpenImages
corpora/sid_set/images/real/139f71b959e3b3b3.jpg,0,sid_set_real,Real_OpenImages
corpora/sid_set/images/real/a95aff88dbb2f161.jpg,0,sid_set_real,Real_OpenImages
corpora/sid_set/images/real/c0cbbea705bb33aa.jpg,0,sid_set_real,Real_OpenImages
corpora/sid_set/images/real/b989e756a47e0896.jpg,0,sid_set_real,Real_OpenImages
corpora/sid_set/images/real/c629234b89b60161.jpg,0,sid_set_real,Real_OpenImages
corpora/sid_set/images/real/d2f7abfb29bc8c68.jpg,0,sid_set_real,Real_OpenImages
corpora/sid_set/images/real/1216ba0f3d297c43.jpg,0,sid_set_real,Real_OpenImages
corpora/sid_set/images/real/b89d9c8b824d4e87.jpg,0,sid_set_real,Real_OpenImages
corpora/sid_set/images/real/e66f2f537425d86f.jpg,0,sid_set_real,Real_OpenImages
corpora/sid_set/images/real/2cf377a12b9c0777.jpg,0,sid_set_real,Real_OpenImages
corpora/sid_set/images/real/3970a52e3fde223b.jpg,0,sid_set_real,Real_OpenImages
corpora/sid_set/images/real/5aed1da356724df6.jpg,0,sid_set_real,Real_OpenImages
corpora/sid_set/images/real/73a7ba56924dc76c.jpg,0,sid_set_real,Real_OpenImages
corpora/sid_set/images/real/5009eb692067d279.jpg,0,sid_set_real,Real_OpenImages
corpora/sid_set/images/real/b3775b4e5a7560c6.jpg,0,sid_set_real,Real_OpenImages
corpora/sid_set/images/real/2e61e0a4106cce5c.jpg,0,sid_set_real,Real_OpenImages
corpora/sid_set/images/real/b1069ac35501c617.jpg,0,sid_set_real,Real_OpenImages
corpora/sid_set/images/real/a026480a9ca82a13.jpg,0,sid_set_real,Real_OpenImages
corpora/sid_set/images/real/0fc79b43b6a8a1ce.jpg,0,sid_set_real,Real_OpenImages
corpora/sid_set/images/real/edbf32f01bf40cc9.jpg,0,sid_set_real,Real_OpenImages
corpora/sid_set/images/real/4765a06182c6116c.jpg,0,sid_set_real,Real_OpenImages
corpora/sid_set/images/real/67dc91d2e9e72c41.jpg,0,sid_set_real,Real_OpenImages
corpora/sid_set/images/real/26018fe2a92a1e1f.jpg,0,sid_set_real,Real_OpenImages
corpora/sid_set/images/real/5dbdecf0ef7daee3.jpg,0,sid_set_real,Real_OpenImages
corpora/sid_set/images/real/607008dc248d29a2.jpg,0,sid_set_real,Real_OpenImages
corpora/sid_set/images/real/9cf2453dfdd0b8ee.jpg,0,sid_set_real,Real_OpenImages
corpora/sid_set/images/real/8c9c0d298f6de40a.jpg,0,sid_set_real,Real_OpenImages
corpora/sid_set/images/real/aadbf90aa90c1e13.jpg,0,sid_set_real,Real_OpenImages
corpora/sid_set/images/real/4c993cac56a3d34e.jpg,0,sid_set_real,Real_OpenImages
corpora/sid_set/images/real/c35e985153e8c916.jpg,0,sid_set_real,Real_OpenImages
corpora/sid_set/images/real/5e559764f956a8d8.jpg,0,sid_set_real,Real_OpenImages
corpora/sid_set/images/real/a688b81050eeabd9.jpg,0,sid_set_real,Real_OpenImages
corpora/sid_set/images/real/7ae0f5a101041983.jpg,0,sid_set_real,Real_OpenImages
corpora/sid_set/images/real/221e82c494460d0a.jpg,0,sid_set_real,Real_OpenImages
corpora/sid_set/images/real/051d7592051ab985.jpg,0,sid_set_real,Real_OpenImages
corpora/sid_set/images/real/c57be7e595fb5d25.jpg,0,sid_set_real,Real_OpenImages
corpora/sid_set/images/real/530e96d247be34a6.jpg,0,sid_set_real,Real_OpenImages
corpora/sid_set/images/real/698d963bf87e3af2.jpg,0,sid_set_real,Real_OpenImages
corpora/sid_set/images/real/d1ea16c3f85844ee.jpg,0,sid_set_real,Real_OpenImages
corpora/sid_set/images/real/1c5593f07b3f15d8.jpg,0,sid_set_real,Real_OpenImages
corpora/sid_set/images/real/d8fdb6804efd6dd9.jpg,0,sid_set_real,Real_OpenImages
corpora/sid_set/images/real/8831294d87af9895.jpg,0,sid_set_real,Real_OpenImages
corpora/sid_set/images/real/332e494812fd9971.jpg,0,sid_set_real,Real_OpenImages
corpora/sid_set/images/real/7585223a0d5ad5b5.jpg,0,sid_set_real,Real_OpenImages
corpora/sid_set/images/real/59c3aa1c26484646.jpg,0,sid_set_real,Real_OpenImages
corpora/sid_set/images/real/a9c0d1cdffa3abfb.jpg,0,sid_set_real,Real_OpenImages
corpora/sid_set/images/real/6f0d78ad659e2c71.jpg,0,sid_set_real,Real_OpenImages
corpora/sid_set/images/real/cc265e7488c18757.jpg,0,sid_set_real,Real_OpenImages
corpora/sid_set/images/real/50ce08e6874544c6.jpg,0,sid_set_real,Real_OpenImages
corpora/sid_set/images/real/02a83d8659c234be.jpg,0,sid_set_real,Real_OpenImages
corpora/sid_set/images/real/ceadd825e514a7e0.jpg,0,sid_set_real,Real_OpenImages
corpora/sid_set/images/real/3995b83c0e5e9f68.jpg,0,sid_set_real,Real_OpenImages
corpora/sid_set/images/real/0d4db8b3fb27d66f.jpg,0,sid_set_real,Real_OpenImages
corpora/sid_set/images/real/83f31e4c5d3c259a.jpg,0,sid_set_real,Real_OpenImages
corpora/sid_set/images/real/94ced0a58b9a707d.jpg,0,sid_set_real,Real_OpenImages
corpora/sid_set/images/real/909968727be0bd0d.jpg,0,sid_set_real,Real_OpenImages
corpora/sid_set/images/real/52f01d32e12d97ca.jpg,0,sid_set_real,Real_OpenImages
corpora/sid_set/images/real/bae06461e3ae240d.jpg,0,sid_set_real,Real_OpenImages
corpora/sid_set/images/real/4c4f65d00b1ba2f3.jpg,0,sid_set_real,Real_OpenImages
corpora/sid_set/images/real/8c352fb0690ab096.jpg,0,sid_set_real,Real_OpenImages
corpora/sid_set/images/real/806915b52d7e3b64.jpg,0,sid_set_real,Real_OpenImages
corpora/sid_set/images/real/fee090ea39231f64.jpg,0,sid_set_real,Real_OpenImages
corpora/sid_set/images/real/2b094f4e9a98a0f2.jpg,0,sid_set_real,Real_OpenImages
corpora/sid_set/images/real/eb190242711725ce.jpg,0,sid_set_real,Real_OpenImages
corpora/sid_set/images/real/0c47a192521a69c0.jpg,0,sid_set_real,Real_OpenImages
corpora/sid_set/images/real/fcf0ca35cf60bef7.jpg,0,sid_set_real,Real_OpenImages
corpora/sid_set/images/real/276d00f6f7a726ad.jpg,0,sid_set_real,Real_OpenImages
corpora/sid_set/images/real/2bcf1d334bce7c52.jpg,0,sid_set_real,Real_OpenImages
corpora/sid_set/images/real/07e2d149d20fb9f5.jpg,0,sid_set_real,Real_OpenImages
corpora/sid_set/images/real/51b7bae3aeecbad6.jpg,0,sid_set_real,Real_OpenImages
corpora/sid_set/images/real/5121e4ff35039419.jpg,0,sid_set_real,Real_OpenImages
corpora/sid_set/images/real/39677d6c588eb31f.jpg,0,sid_set_real,Real_OpenImages
corpora/sid_set/images/real/2e23ef9512ce5817.jpg,0,sid_set_real,Real_OpenImages
corpora/sid_set/images/real/96967bb5011cb6c4.jpg,0,sid_set_real,Real_OpenImages
corpora/sid_set/images/real/44e79840c4e2ce9a.jpg,0,sid_set_real,Real_OpenImages
corpora/sid_set/images/real/e3842d399647571f.jpg,0,sid_set_real,Real_OpenImages
corpora/sid_set/images/real/d43ee95ffdf9653e.jpg,0,sid_set_real,Real_OpenImages
corpora/sid_set/images/real/0972d778270e738c.jpg,0,sid_set_real,Real_OpenImages
corpora/sid_set/images/real/32ac43a9de934f35.jpg,0,sid_set_real,Real_OpenImages
corpora/sid_set/images/real/b87cefd350b902e5.jpg,0,sid_set_real,Real_OpenImages
corpora/sid_set/images/real/d334ad5ac32017e3.jpg,0,sid_set_real,Real_OpenImages
corpora/sid_set/images/real/b24deedaff404232.jpg,0,sid_set_real,Real_OpenImages
corpora/sid_set/images/real/7920d1330b7cb735.jpg,0,sid_set_real,Real_OpenImages
corpora/sid_set/images/real/5de40e21f6d719cd.jpg,0,sid_set_real,Real_OpenImages
corpora/sid_set/images/real/2e9525ae6e3de6fa.jpg,0,sid_set_real,Real_OpenImages
corpora/sid_set/images/real/7286e89bc8498033.jpg,0,sid_set_real,Real_OpenImages
corpora/sid_set/images/real/061db4483bb5c5b8.jpg,0,sid_set_real,Real_OpenImages
corpora/sid_set/images/real/990f8ddb37763a09.jpg,0,sid_set_real,Real_OpenImages
corpora/sid_set/images/real/414a64a3a9e7b28a.jpg,0,sid_set_real,Real_OpenImages
corpora/sid_set/images/real/97cfc821fc004f3f.jpg,0,sid_set_real,Real_OpenImages
corpora/sid_set/images/real/e231abaa7fd20b7a.jpg,0,sid_set_real,Real_OpenImages
corpora/sid_set/images/real/fd6843c24ed22e2f.jpg,0,sid_set_real,Real_OpenImages
corpora/sid_set/images/real/13497f8d9b7b4045.jpg,0,sid_set_real,Real_OpenImages
corpora/sid_set/images/real/90889b8f0cdb7242.jpg,0,sid_set_real,Real_OpenImages
corpora/sid_set/images/real/5b09207b8ff2b2a1.jpg,0,sid_set_real,Real_OpenImages
corpora/sid_set/images/real/00936ecdeec72065.jpg,0,sid_set_real,Real_OpenImages
corpora/sid_set/images/real/1601b82b5819036a.jpg,0,sid_set_real,Real_OpenImages
corpora/sid_set/images/real/63bedbef6c16879d.jpg,0,sid_set_real,Real_OpenImages
corpora/sid_set/images/real/1ce0583e2c7f4e47.jpg,0,sid_set_real,Real_OpenImages
corpora/sid_set/images/real/744d06e42308c4a1.jpg,0,sid_set_real,Real_OpenImages
corpora/sid_set/images/real/327c8782fec365cd.jpg,0,sid_set_real,Real_OpenImages
corpora/sid_set/images/real/ae67d02a74b222e4.jpg,0,sid_set_real,Real_OpenImages
corpora/sid_set/images/real/7b1e5dc11fcd4ada.jpg,0,sid_set_real,Real_OpenImages
corpora/sid_set/images/real/02676508f0abcaa6.jpg,0,sid_set_real,Real_OpenImages
corpora/sid_set/images/real/a042e475a4429f8a.jpg,0,sid_set_real,Real_OpenImages
corpora/sid_set/images/real/8f7902177f1185ec.jpg,0,sid_set_real,Real_OpenImages
corpora/sid_set/images/real/348c450a5b1776e0.jpg,0,sid_set_real,Real_OpenImages
corpora/sid_set/images/real/31f85c297a4e104c.jpg,0,sid_set_real,Real_OpenImages
corpora/sid_set/images/real/b0f404f911d13a41.jpg,0,sid_set_real,Real_OpenImages
corpora/sid_set/images/real/68b605357809515e.jpg,0,sid_set_real,Real_OpenImages
corpora/sid_set/images/real/b5dedf8f227eba7e.jpg,0,sid_set_real,Real_OpenImages
corpora/sid_set/images/real/951a122793c9e153.jpg,0,sid_set_real,Real_OpenImages
corpora/sid_set/images/real/a4089e5874d7968c.jpg,0,sid_set_real,Real_OpenImages
corpora/sid_set/images/real/4e3e1659f146a4f6.jpg,0,sid_set_real,Real_OpenImages
corpora/sid_set/images/real/b8faf4ed32a3f798.jpg,0,sid_set_real,Real_OpenImages
corpora/sid_set/images/real/3403e91b68eaeed8.jpg,0,sid_set_real,Real_OpenImages
corpora/sid_set/images/real/36da77000ac1db6f.jpg,0,sid_set_real,Real_OpenImages
corpora/sid_set/images/real/734c9c5796d73fbe.jpg,0,sid_set_real,Real_OpenImages
corpora/sid_set/images/real/748f8c6b49f791e2.jpg,0,sid_set_real,Real_OpenImages
corpora/sid_set/images/real/84c6c73a8163f9b6.jpg,0,sid_set_real,Real_OpenImages
corpora/sid_set/images/real/6a71c6007791e43a.jpg,0,sid_set_real,Real_OpenImages
corpora/sid_set/images/real/58485c603bff747c.jpg,0,sid_set_real,Real_OpenImages
corpora/sid_set/images/real/96b601e99756cc8e.jpg,0,sid_set_real,Real_OpenImages
corpora/sid_set/images/real/aab0c768dad0ed16.jpg,0,sid_set_real,Real_OpenImages
corpora/sid_set/images/real/603694d50c0d49d3.jpg,0,sid_set_real,Real_OpenImages
corpora/sid_set/images/real/d09b0b0422674731.jpg,0,sid_set_real,Real_OpenImages
corpora/sid_set/images/real/d0944e147229e05e.jpg,0,sid_set_real,Real_OpenImages
corpora/sid_set/images/real/5f9fd94ede0064b5.jpg,0,sid_set_real,Real_OpenImages
corpora/sid_set/images/real/63204f39c58ce1d9.jpg,0,sid_set_real,Real_OpenImages
corpora/sid_set/images/real/43dd116a1595e196.jpg,0,sid_set_real,Real_OpenImages
corpora/sid_set/images/real/9a612fda69a88b83.jpg,0,sid_set_real,Real_OpenImages
corpora/sid_set/images/real/900df7f9e32675ae.jpg,0,sid_set_real,Real_OpenImages
corpora/sid_set/images/real/753f314661f0719c.jpg,0,sid_set_real,Real_OpenImages
corpora/sid_set/images/real/c2b8e28589853e63.jpg,0,sid_set_real,Real_OpenImages
corpora/sid_set/images/real/c713b0ec700a23bb.jpg,0,sid_set_real,Real_OpenImages
corpora/sid_set/images/real/6e39d9761eab9118.jpg,0,sid_set_real,Real_OpenImages
corpora/sid_set/images/real/027757eb37689dc6.jpg,0,sid_set_real,Real_OpenImages
corpora/sid_set/images/real/00308e0f381874b3.jpg,0,sid_set_real,Real_OpenImages
corpora/sid_set/images/real/17b5b86757b8132d.jpg,0,sid_set_real,Real_OpenImages
corpora/sid_set/images/real/d6a1030117d5e8d1.jpg,0,sid_set_real,Real_OpenImages
corpora/sid_set/images/real/7bfbfda1e630042c.jpg,0,sid_set_real,Real_OpenImages
corpora/sid_set/images/real/24ccfba80296ecaf.jpg,0,sid_set_real,Real_OpenImages
corpora/sid_set/images/real/8144961563c5974d.jpg,0,sid_set_real,Real_OpenImages
corpora/sid_set/images/real/bdf3600da7e32bc2.jpg,0,sid_set_real,Real_OpenImages
corpora/sid_set/images/real/c1566d45ed5c251f.jpg,0,sid_set_real,Real_OpenImages
corpora/sid_set/images/real/5a86ae51edaf2454.jpg,0,sid_set_real,Real_OpenImages
corpora/sid_set/images/real/39c7fb3220ceb71d.jpg,0,sid_set_real,Real_OpenImages
corpora/sid_set/images/real/92b84d86976e1485.jpg,0,sid_set_real,Real_OpenImages
corpora/sid_set/images/real/cf04165b872c4abd.jpg,0,sid_set_real,Real_OpenImages
corpora/sid_set/images/real/5be70bdc199ac940.jpg,0,sid_set_real,Real_OpenImages
corpora/sid_set/images/real/15390f74bab2d0b7.jpg,0,sid_set_real,Real_OpenImages
corpora/sid_set/images/real/599a6adcde0f4df1.jpg,0,sid_set_real,Real_OpenImages
corpora/sid_set/images/real/0e1c089dbfb997eb.jpg,0,sid_set_real,Real_OpenImages
corpora/sid_set/images/real/3c52ebfd37f97b11.jpg,0,sid_set_real,Real_OpenImages
corpora/sid_set/images/real/04a3ba9338a207d9.jpg,0,sid_set_real,Real_OpenImages
corpora/sid_set/images/real/9c99e711d51171db.jpg,0,sid_set_real,Real_OpenImages
corpora/sid_set/images/real/7278c4778669de5f.jpg,0,sid_set_real,Real_OpenImages
corpora/sid_set/images/real/b67be01ff4fe75af.jpg,0,sid_set_real,Real_OpenImages
corpora/sid_set/images/real/db675ba12c8de628.jpg,0,sid_set_real,Real_OpenImages
corpora/sid_set/images/real/42ac6dde31cedcc6.jpg,0,sid_set_real,Real_OpenImages
corpora/sid_set/images/real/0a27abbb407ddc47.jpg,0,sid_set_real,Real_OpenImages
corpora/sid_set/images/real/1adbd02359d8f0d5.jpg,0,sid_set_real,Real_OpenImages
corpora/sid_set/images/real/72dca80266c136d6.jpg,0,sid_set_real,Real_OpenImages
corpora/sid_set/images/real/5e159359a9e41fbb.jpg,0,sid_set_real,Real_OpenImages
corpora/sid_set/images/real/4e0109a29e16a2d6.jpg,0,sid_set_real,Real_OpenImages
corpora/sid_set/images/real/ba31476b30273071.jpg,0,sid_set_real,Real_OpenImages
corpora/sid_set/images/real/2b8f6d6d9c1bfe38.jpg,0,sid_set_real,Real_OpenImages
corpora/sid_set/images/real/39a2300b546becb5.jpg,0,sid_set_real,Real_OpenImages
corpora/sid_set/images/real/4fdeeaec8a6a1e81.jpg,0,sid_set_real,Real_OpenImages
corpora/sid_set/images/real/35afe83526b444c5.jpg,0,sid_set_real,Real_OpenImages
corpora/sid_set/images/real/eb6e160383e26bad.jpg,0,sid_set_real,Real_OpenImages
corpora/sid_set/images/real/a468c59e49f745f1.jpg,0,sid_set_real,Real_OpenImages
corpora/sid_set/images/real/e14b0e5cd592deea.jpg,0,sid_set_real,Real_OpenImages
corpora/sid_set/images/real/a12ba8ff9bd74a35.jpg,0,sid_set_real,Real_OpenImages
corpora/sid_set/images/real/171a281ffb06b07c.jpg,0,sid_set_real,Real_OpenImages
corpora/sid_set/images/real/5145aa04c896a5c6.jpg,0,sid_set_real,Real_OpenImages
corpora/sid_set/images/real/030f460981298280.jpg,0,sid_set_real,Real_OpenImages
corpora/sid_set/images/real/e5a19f107f9e44cc.jpg,0,sid_set_real,Real_OpenImages
corpora/sid_set/images/real/27d36b47bc07bf1e.jpg,0,sid_set_real,Real_OpenImages
corpora/sid_set/images/real/505e515cac03c2be.jpg,0,sid_set_real,Real_OpenImages
corpora/sid_set/images/real/753e34ac8609d946.jpg,0,sid_set_real,Real_OpenImages
corpora/sid_set/images/real/14114c43d3066e3a.jpg,0,sid_set_real,Real_OpenImages
corpora/sid_set/images/real/86b68fcbfc6237ca.jpg,0,sid_set_real,Real_OpenImages
corpora/sid_set/images/real/8d162a14bee8910e.jpg,0,sid_set_real,Real_OpenImages
corpora/sid_set/images/real/364ed2aab8f4a181.jpg,0,sid_set_real,Real_OpenImages
corpora/sid_set/images/real/0542cfad041a5317.jpg,0,sid_set_real,Real_OpenImages
corpora/sid_set/images/real/c6680bd2a902e068.jpg,0,sid_set_real,Real_OpenImages
corpora/sid_set/images/real/faaa04fcbe77fdcf.jpg,0,sid_set_real,Real_OpenImages
corpora/sid_set/images/real/cd4d08016d16bbb1.jpg,0,sid_set_real,Real_OpenImages
corpora/sid_set/images/real/bc7215edbf8531c9.jpg,0,sid_set_real,Real_OpenImages
corpora/sid_set/images/real/3626ec49e41b5aed.jpg,0,sid_set_real,Real_OpenImages
corpora/sid_set/images/real/388210c8f1e98580.jpg,0,sid_set_real,Real_OpenImages
corpora/sid_set/images/real/3fc5df35f902121b.jpg,0,sid_set_real,Real_OpenImages
corpora/sid_set/images/real/99333531dadc0b66.jpg,0,sid_set_real,Real_OpenImages
corpora/sid_set/images/real/784c89f5a6d9cc37.jpg,0,sid_set_real,Real_OpenImages
corpora/sid_set/images/real/deaeecdb55517c03.jpg,0,sid_set_real,Real_OpenImages
corpora/sid_set/images/real/2504c89fae1a9b7b.jpg,0,sid_set_real,Real_OpenImages
corpora/sid_set/images/real/87fd82dc0b6b1504.jpg,0,sid_set_real,Real_OpenImages
corpora/sid_set/images/real/eb9dfda22849e5e9.jpg,0,sid_set_real,Real_OpenImages
corpora/sid_set/images/real/b711d15f22840a49.jpg,0,sid_set_real,Real_OpenImages
corpora/sid_set/images/real/f31702208557618a.jpg,0,sid_set_real,Real_OpenImages
corpora/sid_set/images/real/633d12e733cd6174.jpg,0,sid_set_real,Real_OpenImages
corpora/sid_set/images/real/3fca37fc7add0c0e.jpg,0,sid_set_real,Real_OpenImages
corpora/sid_set/images/real/fc94b23eb5452945.jpg,0,sid_set_real,Real_OpenImages
corpora/sid_set/images/real/099e92850ab9c428.jpg,0,sid_set_real,Real_OpenImages
corpora/sid_set/images/real/0b86b8430976cdc5.jpg,0,sid_set_real,Real_OpenImages
corpora/sid_set/images/real/0f75d3aaff1c6c34.jpg,0,sid_set_real,Real_OpenImages
corpora/sid_set/images/real/bd240115dc318a4e.jpg,0,sid_set_real,Real_OpenImages
corpora/sid_set/images/real/99cc9520405d9fb8.jpg,0,sid_set_real,Real_OpenImages
corpora/sid_set/images/real/327dea81ee926d67.jpg,0,sid_set_real,Real_OpenImages
corpora/sid_set/images/real/234c013f42fe48b6.jpg,0,sid_set_real,Real_OpenImages
corpora/sid_set/images/real/7f7e9c45833cf9e2.jpg,0,sid_set_real,Real_OpenImages
corpora/sid_set/images/real/cf9e382c888472f4.jpg,0,sid_set_real,Real_OpenImages
corpora/sid_set/images/real/023b7e08392b9d0e.jpg,0,sid_set_real,Real_OpenImages
corpora/sid_set/images/real/8728e1150e200d6f.jpg,0,sid_set_real,Real_OpenImages
corpora/sid_set/images/real/33e5a1547676ea02.jpg,0,sid_set_real,Real_OpenImages
corpora/sid_set/images/real/3e514cee61f2afb5.jpg,0,sid_set_real,Real_OpenImages
corpora/sid_set/images/real/8aaf454f80d2fc44.jpg,0,sid_set_real,Real_OpenImages
corpora/sid_set/images/real/ff0e36166fa194e5.jpg,0,sid_set_real,Real_OpenImages
corpora/sid_set/images/real/517b081f3948ebe8.jpg,0,sid_set_real,Real_OpenImages
corpora/sid_set/images/real/0b179e0c08384a2a.jpg,0,sid_set_real,Real_OpenImages
corpora/sid_set/images/real/20a3f8baaaeb0178.jpg,0,sid_set_real,Real_OpenImages
corpora/sid_set/images/real/42030848e10dc4d6.jpg,0,sid_set_real,Real_OpenImages
corpora/sid_set/images/real/7475577f5ac1edfc.jpg,0,sid_set_real,Real_OpenImages
corpora/sid_set/images/real/f94b1be1106d8f73.jpg,0,sid_set_real,Real_OpenImages
corpora/sid_set/images/real/9f72be329e7aa2e2.jpg,0,sid_set_real,Real_OpenImages
corpora/sid_set/images/real/534228d25631b4b0.jpg,0,sid_set_real,Real_OpenImages
corpora/sid_set/images/real/7b7acf732be15b36.jpg,0,sid_set_real,Real_OpenImages
corpora/sid_set/images/real/b2c0c62dc08a70eb.jpg,0,sid_set_real,Real_OpenImages
corpora/sid_set/images/real/54f9a50fd4f8fd57.jpg,0,sid_set_real,Real_OpenImages
corpora/sid_set/images/real/c5a679a97a4098f5.jpg,0,sid_set_real,Real_OpenImages
corpora/sid_set/images/real/00df0c0242f9ca44.jpg,0,sid_set_real,Real_OpenImages
corpora/sid_set/images/real/9c03116584cf789c.jpg,0,sid_set_real,Real_OpenImages
corpora/sid_set/images/real/6a44c165c257c0e8.jpg,0,sid_set_real,Real_OpenImages
corpora/sid_set/images/real/b9e286a3e341a3cc.jpg,0,sid_set_real,Real_OpenImages
corpora/sid_set/images/real/6e769bb2579488a2.jpg,0,sid_set_real,Real_OpenImages
corpora/sid_set/images/real/d0913b76984c8223.jpg,0,sid_set_real,Real_OpenImages
corpora/sid_set/images/real/c76b184aa6bf917a.jpg,0,sid_set_real,Real_OpenImages
corpora/sid_set/images/real/2dbf044ecb6419e1.jpg,0,sid_set_real,Real_OpenImages
corpora/sid_set/images/real/fbc522aece085238.jpg,0,sid_set_real,Real_OpenImages
corpora/sid_set/images/real/30bd144c5dc1be7b.jpg,0,sid_set_real,Real_OpenImages
corpora/sid_set/images/real/5b706364d3b7e613.jpg,0,sid_set_real,Real_OpenImages
corpora/sid_set/images/real/6be74da4c89b15ab.jpg,0,sid_set_real,Real_OpenImages
corpora/sid_set/images/real/f54ad960f6cbcb1f.jpg,0,sid_set_real,Real_OpenImages
corpora/sid_set/images/real/dc56bc2153345228.jpg,0,sid_set_real,Real_OpenImages
corpora/sid_set/images/real/012a69e95e063457.jpg,0,sid_set_real,Real_OpenImages
corpora/sid_set/images/real/49c27575bd38872b.jpg,0,sid_set_real,Real_OpenImages
corpora/sid_set/images/real/e27d123e3b723263.jpg,0,sid_set_real,Real_OpenImages
corpora/sid_set/images/real/3bb519c3cd122cbc.jpg,0,sid_set_real,Real_OpenImages
corpora/sid_set/images/real/1fc1124c65e79bca.jpg,0,sid_set_real,Real_OpenImages
corpora/sid_set/images/real/1cef90c2007ec45c.jpg,0,sid_set_real,Real_OpenImages
corpora/sid_set/images/real/899da6b660a60a3c.jpg,0,sid_set_real,Real_OpenImages
corpora/sid_set/images/real/4a1b1fe53ba85707.jpg,0,sid_set_real,Real_OpenImages
corpora/sid_set/images/real/6188cc85526018e3.jpg,0,sid_set_real,Real_OpenImages
corpora/sid_set/images/real/e6b7b10aa8d9a369.jpg,0,sid_set_real,Real_OpenImages
corpora/sid_set/images/real/bfee473a4256569a.jpg,0,sid_set_real,Real_OpenImages
corpora/sid_set/images/real/aca0f842165ffe2c.jpg,0,sid_set_real,Real_OpenImages
corpora/sid_set/images/real/0b95f80ac0b0d534.jpg,0,sid_set_real,Real_OpenImages
corpora/sid_set/images/real/a45bc96b6795f96b.jpg,0,sid_set_real,Real_OpenImages
corpora/sid_set/images/real/b67fff8f7e4f9619.jpg,0,sid_set_real,Real_OpenImages
corpora/sid_set/images/real/951e5450c340f715.jpg,0,sid_set_real,Real_OpenImages
corpora/sid_set/images/real/0adf62f5bdd4792e.jpg,0,sid_set_real,Real_OpenImages
corpora/sid_set/images/real/74e1aa5d9d28e9ce.jpg,0,sid_set_real,Real_OpenImages
corpora/sid_set/images/real/d751847f52d1278a.jpg,0,sid_set_real,Real_OpenImages
corpora/sid_set/images/real/c46c4981e8c9af1b.jpg,0,sid_set_real,Real_OpenImages
corpora/sid_set/images/real/f1d1e16bb188ad6f.jpg,0,sid_set_real,Real_OpenImages
corpora/sid_set/images/real/707690ac8d21e057.jpg,0,sid_set_real,Real_OpenImages
corpora/sid_set/images/real/eacc27fcc28adbb7.jpg,0,sid_set_real,Real_OpenImages
corpora/sid_set/images/real/29e6c67ffc6526e6.jpg,0,sid_set_real,Real_OpenImages
corpora/sid_set/images/real/4ff7b90adbc658f6.jpg,0,sid_set_real,Real_OpenImages
corpora/sid_set/images/real/85ad442c7ee303d3.jpg,0,sid_set_real,Real_OpenImages
corpora/sid_set/images/real/0abbad78b4b9ca5a.jpg,0,sid_set_real,Real_OpenImages
corpora/sid_set/images/real/a131d39290ed0dea.jpg,0,sid_set_real,Real_OpenImages
corpora/sid_set/images/real/a237dee6329bf03b.jpg,0,sid_set_real,Real_OpenImages
corpora/sid_set/images/real/2f1668a83ed63a43.jpg,0,sid_set_real,Real_OpenImages
corpora/sid_set/images/real/58b363e37dfd17a6.jpg,0,sid_set_real,Real_OpenImages
corpora/sid_set/images/real/f4c0c342f869fe03.jpg,0,sid_set_real,Real_OpenImages
corpora/sid_set/images/real/d6af3ba0766cece9.jpg,0,sid_set_real,Real_OpenImages
corpora/sid_set/images/real/97dea572a5acccde.jpg,0,sid_set_real,Real_OpenImages
corpora/sid_set/images/real/e9479fdee172bd23.jpg,0,sid_set_real,Real_OpenImages
corpora/sid_set/images/real/3855c6b9d9f335e6.jpg,0,sid_set_real,Real_OpenImages
corpora/sid_set/images/real/d2fd7491607ffc16.jpg,0,sid_set_real,Real_OpenImages
corpora/sid_set/images/real/52874fbd414db5ee.jpg,0,sid_set_real,Real_OpenImages
corpora/sid_set/images/real/c262b8b7814cbf79.jpg,0,sid_set_real,Real_OpenImages
corpora/sid_set/images/real/37e0896b7b0bdd25.jpg,0,sid_set_real,Real_OpenImages
corpora/sid_set/images/real/a4eb946d17bfb286.jpg,0,sid_set_real,Real_OpenImages
corpora/sid_set/images/real/a1e537688f4016ed.jpg,0,sid_set_real,Real_OpenImages
corpora/sid_set/images/real/b0d5a1ebc3316ce6.jpg,0,sid_set_real,Real_OpenImages
corpora/sid_set/images/real/176d5b4a15cd549d.jpg,0,sid_set_real,Real_OpenImages
corpora/sid_set/images/real/669971532eeec37f.jpg,0,sid_set_real,Real_OpenImages
corpora/sid_set/images/real/7757a91f9f69ecba.jpg,0,sid_set_real,Real_OpenImages
corpora/sid_set/images/real/79ed10e483047115.jpg,0,sid_set_real,Real_OpenImages
corpora/sid_set/images/real/41db56354cd4cdae.jpg,0,sid_set_real,Real_OpenImages
corpora/sid_set/images/real/0f8beec270f64384.jpg,0,sid_set_real,Real_OpenImages
corpora/sid_set/images/real/cc5d6691d0169748.jpg,0,sid_set_real,Real_OpenImages
corpora/unsplash/images/unsplash_000000.jpg,0,unsplash_real,Real_Unsplash
corpora/unsplash/images/unsplash_000001.jpg,0,unsplash_real,Real_Unsplash
corpora/unsplash/images/unsplash_000002.jpg,0,unsplash_real,Real_Unsplash
corpora/unsplash/images/unsplash_000003.jpg,0,unsplash_real,Real_Unsplash
corpora/unsplash/images/unsplash_000004.jpg,0,unsplash_real,Real_Unsplash
corpora/unsplash/images/unsplash_000005.jpg,0,unsplash_real,Real_Unsplash
corpora/unsplash/images/unsplash_000006.jpg,0,unsplash_real,Real_Unsplash
corpora/unsplash/images/unsplash_000007.jpg,0,unsplash_real,Real_Unsplash
corpora/unsplash/images/unsplash_000008.jpg,0,unsplash_real,Real_Unsplash
corpora/unsplash/images/unsplash_000009.jpg,0,unsplash_real,Real_Unsplash
corpora/unsplash/images/unsplash_000010.jpg,0,unsplash_real,Real_Unsplash
corpora/unsplash/images/unsplash_000011.jpg,0,unsplash_real,Real_Unsplash
corpora/unsplash/images/unsplash_000012.jpg,0,unsplash_real,Real_Unsplash
corpora/unsplash/images/unsplash_000013.jpg,0,unsplash_real,Real_Unsplash
corpora/unsplash/images/unsplash_000014.jpg,0,unsplash_real,Real_Unsplash
corpora/unsplash/images/unsplash_000015.jpg,0,unsplash_real,Real_Unsplash
corpora/unsplash/images/unsplash_000016.jpg,0,unsplash_real,Real_Unsplash
corpora/unsplash/images/unsplash_000017.jpg,0,unsplash_real,Real_Unsplash
corpora/unsplash/images/unsplash_000018.jpg,0,unsplash_real,Real_Unsplash
corpora/unsplash/images/unsplash_000019.jpg,0,unsplash_real,Real_Unsplash
corpora/unsplash/images/unsplash_000020.jpg,0,unsplash_real,Real_Unsplash
corpora/unsplash/images/unsplash_000021.jpg,0,unsplash_real,Real_Unsplash
corpora/unsplash/images/unsplash_000022.jpg,0,unsplash_real,Real_Unsplash
corpora/unsplash/images/unsplash_000023.jpg,0,unsplash_real,Real_Unsplash
corpora/unsplash/images/unsplash_000024.jpg,0,unsplash_real,Real_Unsplash
corpora/unsplash/images/unsplash_000025.jpg,0,unsplash_real,Real_Unsplash
corpora/unsplash/images/unsplash_000026.jpg,0,unsplash_real,Real_Unsplash
corpora/unsplash/images/unsplash_000027.jpg,0,unsplash_real,Real_Unsplash
corpora/unsplash/images/unsplash_000028.jpg,0,unsplash_real,Real_Unsplash
corpora/unsplash/images/unsplash_000029.jpg,0,unsplash_real,Real_Unsplash
corpora/unsplash/images/unsplash_000030.jpg,0,unsplash_real,Real_Unsplash
corpora/unsplash/images/unsplash_000031.jpg,0,unsplash_real,Real_Unsplash
corpora/unsplash/images/unsplash_000032.jpg,0,unsplash_real,Real_Unsplash
corpora/unsplash/images/unsplash_000033.jpg,0,unsplash_real,Real_Unsplash
corpora/unsplash/images/unsplash_000034.jpg,0,unsplash_real,Real_Unsplash
corpora/unsplash/images/unsplash_000035.jpg,0,unsplash_real,Real_Unsplash
corpora/unsplash/images/unsplash_000036.jpg,0,unsplash_real,Real_Unsplash
corpora/unsplash/images/unsplash_000037.jpg,0,unsplash_real,Real_Unsplash
corpora/unsplash/images/unsplash_000038.jpg,0,unsplash_real,Real_Unsplash
corpora/unsplash/images/unsplash_000039.jpg,0,unsplash_real,Real_Unsplash
corpora/unsplash/images/unsplash_000040.jpg,0,unsplash_real,Real_Unsplash
corpora/unsplash/images/unsplash_000041.jpg,0,unsplash_real,Real_Unsplash
corpora/unsplash/images/unsplash_000042.jpg,0,unsplash_real,Real_Unsplash
corpora/unsplash/images/unsplash_000043.jpg,0,unsplash_real,Real_Unsplash
corpora/unsplash/images/unsplash_000044.jpg,0,unsplash_real,Real_Unsplash
corpora/unsplash/images/unsplash_000045.jpg,0,unsplash_real,Real_Unsplash
corpora/unsplash/images/unsplash_000046.jpg,0,unsplash_real,Real_Unsplash
corpora/unsplash/images/unsplash_000047.jpg,0,unsplash_real,Real_Unsplash
corpora/unsplash/images/unsplash_000048.jpg,0,unsplash_real,Real_Unsplash
corpora/unsplash/images/unsplash_000049.jpg,0,unsplash_real,Real_Unsplash
corpora/unsplash/images/unsplash_000050.jpg,0,unsplash_real,Real_Unsplash
corpora/unsplash/images/unsplash_000051.jpg,0,unsplash_real,Real_Unsplash
corpora/unsplash/images/unsplash_000052.jpg,0,unsplash_real,Real_Unsplash
corpora/unsplash/images/unsplash_000053.jpg,0,unsplash_real,Real_Unsplash
corpora/unsplash/images/unsplash_000054.jpg,0,unsplash_real,Real_Unsplash
corpora/unsplash/images/unsplash_000055.jpg,0,unsplash_real,Real_Unsplash
corpora/unsplash/images/unsplash_000056.jpg,0,unsplash_real,Real_Unsplash
corpora/unsplash/images/unsplash_000057.jpg,0,unsplash_real,Real_Unsplash
corpora/unsplash/images/unsplash_000058.jpg,0,unsplash_real,Real_Unsplash
corpora/unsplash/images/unsplash_000059.jpg,0,unsplash_real,Real_Unsplash
corpora/unsplash/images/unsplash_000060.jpg,0,unsplash_real,Real_Unsplash
corpora/unsplash/images/unsplash_000061.jpg,0,unsplash_real,Real_Unsplash
corpora/unsplash/images/unsplash_000062.jpg,0,unsplash_real,Real_Unsplash
corpora/unsplash/images/unsplash_000063.jpg,0,unsplash_real,Real_Unsplash
corpora/unsplash/images/unsplash_000064.jpg,0,unsplash_real,Real_Unsplash
corpora/unsplash/images/unsplash_000065.jpg,0,unsplash_real,Real_Unsplash
corpora/unsplash/images/unsplash_000066.jpg,0,unsplash_real,Real_Unsplash
corpora/unsplash/images/unsplash_000067.jpg,0,unsplash_real,Real_Unsplash
corpora/unsplash/images/unsplash_000068.jpg,0,unsplash_real,Real_Unsplash
corpora/unsplash/images/unsplash_000069.jpg,0,unsplash_real,Real_Unsplash
corpora/unsplash/images/unsplash_000070.jpg,0,unsplash_real,Real_Unsplash
corpora/unsplash/images/unsplash_000071.jpg,0,unsplash_real,Real_Unsplash
corpora/unsplash/images/unsplash_000072.jpg,0,unsplash_real,Real_Unsplash
corpora/unsplash/images/unsplash_000073.jpg,0,unsplash_real,Real_Unsplash
corpora/unsplash/images/unsplash_000074.jpg,0,unsplash_real,Real_Unsplash
corpora/unsplash/images/unsplash_000075.jpg,0,unsplash_real,Real_Unsplash
corpora/unsplash/images/unsplash_000076.jpg,0,unsplash_real,Real_Unsplash
corpora/unsplash/images/unsplash_000077.jpg,0,unsplash_real,Real_Unsplash
corpora/unsplash/images/unsplash_000078.jpg,0,unsplash_real,Real_Unsplash
corpora/unsplash/images/unsplash_000079.jpg,0,unsplash_real,Real_Unsplash
corpora/unsplash/images/unsplash_000080.jpg,0,unsplash_real,Real_Unsplash
corpora/unsplash/images/unsplash_000081.jpg,0,unsplash_real,Real_Unsplash
corpora/unsplash/images/unsplash_000082.jpg,0,unsplash_real,Real_Unsplash
corpora/unsplash/images/unsplash_000083.jpg,0,unsplash_real,Real_Unsplash
corpora/unsplash/images/unsplash_000084.jpg,0,unsplash_real,Real_Unsplash
corpora/unsplash/images/unsplash_000085.jpg,0,unsplash_real,Real_Unsplash
corpora/unsplash/images/unsplash_000086.jpg,0,unsplash_real,Real_Unsplash
corpora/unsplash/images/unsplash_000087.jpg,0,unsplash_real,Real_Unsplash
corpora/unsplash/images/unsplash_000088.jpg,0,unsplash_real,Real_Unsplash
corpora/unsplash/images/unsplash_000089.jpg,0,unsplash_real,Real_Unsplash
corpora/unsplash/images/unsplash_000090.jpg,0,unsplash_real,Real_Unsplash
corpora/unsplash/images/unsplash_000091.jpg,0,unsplash_real,Real_Unsplash
corpora/unsplash/images/unsplash_000092.jpg,0,unsplash_real,Real_Unsplash
corpora/unsplash/images/unsplash_000093.jpg,0,unsplash_real,Real_Unsplash
corpora/unsplash/images/unsplash_000094.jpg,0,unsplash_real,Real_Unsplash
corpora/unsplash/images/unsplash_000095.jpg,0,unsplash_real,Real_Unsplash
corpora/unsplash/images/unsplash_000096.jpg,0,unsplash_real,Real_Unsplash
corpora/unsplash/images/unsplash_000097.jpg,0,unsplash_real,Real_Unsplash
corpora/unsplash/images/unsplash_000098.jpg,0,unsplash_real,Real_Unsplash
corpora/unsplash/images/unsplash_000099.jpg,0,unsplash_real,Real_Unsplash
corpora/unsplash/images/unsplash_000100.jpg,0,unsplash_real,Real_Unsplash
corpora/unsplash/images/unsplash_000101.jpg,0,unsplash_real,Real_Unsplash
corpora/unsplash/images/unsplash_000102.jpg,0,unsplash_real,Real_Unsplash
corpora/unsplash/images/unsplash_000103.jpg,0,unsplash_real,Real_Unsplash
corpora/unsplash/images/unsplash_000104.jpg,0,unsplash_real,Real_Unsplash
corpora/unsplash/images/unsplash_000105.jpg,0,unsplash_real,Real_Unsplash
corpora/unsplash/images/unsplash_000106.jpg,0,unsplash_real,Real_Unsplash
corpora/unsplash/images/unsplash_000107.jpg,0,unsplash_real,Real_Unsplash
corpora/unsplash/images/unsplash_000108.jpg,0,unsplash_real,Real_Unsplash
corpora/unsplash/images/unsplash_000109.jpg,0,unsplash_real,Real_Unsplash
corpora/unsplash/images/unsplash_000110.jpg,0,unsplash_real,Real_Unsplash
corpora/unsplash/images/unsplash_000111.jpg,0,unsplash_real,Real_Unsplash
corpora/unsplash/images/unsplash_000112.jpg,0,unsplash_real,Real_Unsplash
corpora/unsplash/images/unsplash_000113.jpg,0,unsplash_real,Real_Unsplash
corpora/unsplash/images/unsplash_000114.jpg,0,unsplash_real,Real_Unsplash
corpora/unsplash/images/unsplash_000115.jpg,0,unsplash_real,Real_Unsplash
corpora/unsplash/images/unsplash_000116.jpg,0,unsplash_real,Real_Unsplash
corpora/unsplash/images/unsplash_000117.jpg,0,unsplash_real,Real_Unsplash
corpora/unsplash/images/unsplash_000118.jpg,0,unsplash_real,Real_Unsplash
corpora/unsplash/images/unsplash_000119.jpg,0,unsplash_real,Real_Unsplash
corpora/unsplash/images/unsplash_000120.jpg,0,unsplash_real,Real_Unsplash
corpora/unsplash/images/unsplash_000121.jpg,0,unsplash_real,Real_Unsplash
corpora/unsplash/images/unsplash_000122.jpg,0,unsplash_real,Real_Unsplash
corpora/unsplash/images/unsplash_000123.jpg,0,unsplash_real,Real_Unsplash
corpora/unsplash/images/unsplash_000124.jpg,0,unsplash_real,Real_Unsplash
corpora/unsplash/images/unsplash_000125.jpg,0,unsplash_real,Real_Unsplash
corpora/unsplash/images/unsplash_000126.jpg,0,unsplash_real,Real_Unsplash
corpora/unsplash/images/unsplash_000127.jpg,0,unsplash_real,Real_Unsplash
corpora/unsplash/images/unsplash_000128.jpg,0,unsplash_real,Real_Unsplash
corpora/unsplash/images/unsplash_000129.jpg,0,unsplash_real,Real_Unsplash
corpora/unsplash/images/unsplash_000130.jpg,0,unsplash_real,Real_Unsplash
corpora/unsplash/images/unsplash_000131.jpg,0,unsplash_real,Real_Unsplash
corpora/unsplash/images/unsplash_000132.jpg,0,unsplash_real,Real_Unsplash
corpora/unsplash/images/unsplash_000133.jpg,0,unsplash_real,Real_Unsplash
corpora/unsplash/images/unsplash_000134.jpg,0,unsplash_real,Real_Unsplash
corpora/unsplash/images/unsplash_000135.jpg,0,unsplash_real,Real_Unsplash
corpora/unsplash/images/unsplash_000136.jpg,0,unsplash_real,Real_Unsplash
corpora/unsplash/images/unsplash_000137.jpg,0,unsplash_real,Real_Unsplash
corpora/unsplash/images/unsplash_000138.jpg,0,unsplash_real,Real_Unsplash
corpora/unsplash/images/unsplash_000139.jpg,0,unsplash_real,Real_Unsplash
corpora/unsplash/images/unsplash_000140.jpg,0,unsplash_real,Real_Unsplash
corpora/unsplash/images/unsplash_000141.jpg,0,unsplash_real,Real_Unsplash
corpora/unsplash/images/unsplash_000142.jpg,0,unsplash_real,Real_Unsplash
corpora/unsplash/images/unsplash_000143.jpg,0,unsplash_real,Real_Unsplash
corpora/unsplash/images/unsplash_000144.jpg,0,unsplash_real,Real_Unsplash
corpora/unsplash/images/unsplash_000145.jpg,0,unsplash_real,Real_Unsplash
corpora/unsplash/images/unsplash_000146.jpg,0,unsplash_real,Real_Unsplash
corpora/unsplash/images/unsplash_000147.jpg,0,unsplash_real,Real_Unsplash
corpora/unsplash/images/unsplash_000148.jpg,0,unsplash_real,Real_Unsplash
corpora/unsplash/images/unsplash_000149.jpg,0,unsplash_real,Real_Unsplash
corpora/unsplash/images/unsplash_000150.jpg,0,unsplash_real,Real_Unsplash
corpora/unsplash/images/unsplash_000151.jpg,0,unsplash_real,Real_Unsplash
corpora/unsplash/images/unsplash_000152.jpg,0,unsplash_real,Real_Unsplash
corpora/unsplash/images/unsplash_000153.jpg,0,unsplash_real,Real_Unsplash
corpora/unsplash/images/unsplash_000154.jpg,0,unsplash_real,Real_Unsplash
corpora/unsplash/images/unsplash_000155.jpg,0,unsplash_real,Real_Unsplash
corpora/unsplash/images/unsplash_000156.jpg,0,unsplash_real,Real_Unsplash
corpora/unsplash/images/unsplash_000157.jpg,0,unsplash_real,Real_Unsplash
corpora/unsplash/images/unsplash_000158.jpg,0,unsplash_real,Real_Unsplash
corpora/unsplash/images/unsplash_000159.jpg,0,unsplash_real,Real_Unsplash
corpora/unsplash/images/unsplash_000160.jpg,0,unsplash_real,Real_Unsplash
corpora/unsplash/images/unsplash_000161.jpg,0,unsplash_real,Real_Unsplash
corpora/unsplash/images/unsplash_000162.jpg,0,unsplash_real,Real_Unsplash
corpora/unsplash/images/unsplash_000163.jpg,0,unsplash_real,Real_Unsplash
corpora/unsplash/images/unsplash_000164.jpg,0,unsplash_real,Real_Unsplash
corpora/unsplash/images/unsplash_000165.jpg,0,unsplash_real,Real_Unsplash
corpora/unsplash/images/unsplash_000166.jpg,0,unsplash_real,Real_Unsplash
corpora/unsplash/images/unsplash_000167.jpg,0,unsplash_real,Real_Unsplash
corpora/unsplash/images/unsplash_000168.jpg,0,unsplash_real,Real_Unsplash
corpora/unsplash/images/unsplash_000169.jpg,0,unsplash_real,Real_Unsplash
corpora/unsplash/images/unsplash_000170.jpg,0,unsplash_real,Real_Unsplash
corpora/unsplash/images/unsplash_000171.jpg,0,unsplash_real,Real_Unsplash
corpora/unsplash/images/unsplash_000172.jpg,0,unsplash_real,Real_Unsplash
corpora/unsplash/images/unsplash_000173.jpg,0,unsplash_real,Real_Unsplash
corpora/unsplash/images/unsplash_000174.jpg,0,unsplash_real,Real_Unsplash
corpora/unsplash/images/unsplash_000175.jpg,0,unsplash_real,Real_Unsplash
corpora/unsplash/images/unsplash_000176.jpg,0,unsplash_real,Real_Unsplash
corpora/unsplash/images/unsplash_000177.jpg,0,unsplash_real,Real_Unsplash
corpora/unsplash/images/unsplash_000178.jpg,0,unsplash_real,Real_Unsplash
corpora/unsplash/images/unsplash_000179.jpg,0,unsplash_real,Real_Unsplash
corpora/unsplash/images/unsplash_000180.jpg,0,unsplash_real,Real_Unsplash
corpora/unsplash/images/unsplash_000181.jpg,0,unsplash_real,Real_Unsplash
corpora/unsplash/images/unsplash_000182.jpg,0,unsplash_real,Real_Unsplash
corpora/unsplash/images/unsplash_000183.jpg,0,unsplash_real,Real_Unsplash
corpora/unsplash/images/unsplash_000184.jpg,0,unsplash_real,Real_Unsplash
corpora/unsplash/images/unsplash_000185.jpg,0,unsplash_real,Real_Unsplash
corpora/unsplash/images/unsplash_000186.jpg,0,unsplash_real,Real_Unsplash
corpora/unsplash/images/unsplash_000187.jpg,0,unsplash_real,Real_Unsplash
corpora/unsplash/images/unsplash_000188.jpg,0,unsplash_real,Real_Unsplash
corpora/unsplash/images/unsplash_000189.jpg,0,unsplash_real,Real_Unsplash
corpora/unsplash/images/unsplash_000190.jpg,0,unsplash_real,Real_Unsplash
corpora/unsplash/images/unsplash_000191.jpg,0,unsplash_real,Real_Unsplash
corpora/unsplash/images/unsplash_000192.jpg,0,unsplash_real,Real_Unsplash
corpora/unsplash/images/unsplash_000193.jpg,0,unsplash_real,Real_Unsplash
corpora/unsplash/images/unsplash_000194.jpg,0,unsplash_real,Real_Unsplash
corpora/unsplash/images/unsplash_000195.jpg,0,unsplash_real,Real_Unsplash
corpora/unsplash/images/unsplash_000196.jpg,0,unsplash_real,Real_Unsplash
corpora/unsplash/images/unsplash_000197.jpg,0,unsplash_real,Real_Unsplash
corpora/unsplash/images/unsplash_000198.jpg,0,unsplash_real,Real_Unsplash
corpora/unsplash/images/unsplash_000199.jpg,0,unsplash_real,Real_Unsplash
corpora/unsplash/images/unsplash_000200.jpg,0,unsplash_real,Real_Unsplash
corpora/unsplash/images/unsplash_000201.jpg,0,unsplash_real,Real_Unsplash
corpora/unsplash/images/unsplash_000202.jpg,0,unsplash_real,Real_Unsplash
corpora/unsplash/images/unsplash_000203.jpg,0,unsplash_real,Real_Unsplash
corpora/unsplash/images/unsplash_000204.jpg,0,unsplash_real,Real_Unsplash
corpora/unsplash/images/unsplash_000205.jpg,0,unsplash_real,Real_Unsplash
corpora/unsplash/images/unsplash_000206.jpg,0,unsplash_real,Real_Unsplash
corpora/unsplash/images/unsplash_000207.jpg,0,unsplash_real,Real_Unsplash
corpora/unsplash/images/unsplash_000208.jpg,0,unsplash_real,Real_Unsplash
corpora/unsplash/images/unsplash_000209.jpg,0,unsplash_real,Real_Unsplash
corpora/unsplash/images/unsplash_000210.jpg,0,unsplash_real,Real_Unsplash
corpora/unsplash/images/unsplash_000211.jpg,0,unsplash_real,Real_Unsplash
corpora/unsplash/images/unsplash_000212.jpg,0,unsplash_real,Real_Unsplash
corpora/unsplash/images/unsplash_000213.jpg,0,unsplash_real,Real_Unsplash
corpora/unsplash/images/unsplash_000214.jpg,0,unsplash_real,Real_Unsplash
corpora/unsplash/images/unsplash_000215.jpg,0,unsplash_real,Real_Unsplash
corpora/unsplash/images/unsplash_000216.jpg,0,unsplash_real,Real_Unsplash
corpora/unsplash/images/unsplash_000217.jpg,0,unsplash_real,Real_Unsplash
corpora/unsplash/images/unsplash_000218.jpg,0,unsplash_real,Real_Unsplash
corpora/unsplash/images/unsplash_000219.jpg,0,unsplash_real,Real_Unsplash
corpora/unsplash/images/unsplash_000220.jpg,0,unsplash_real,Real_Unsplash
corpora/unsplash/images/unsplash_000221.jpg,0,unsplash_real,Real_Unsplash
corpora/unsplash/images/unsplash_000222.jpg,0,unsplash_real,Real_Unsplash
corpora/unsplash/images/unsplash_000223.jpg,0,unsplash_real,Real_Unsplash
corpora/unsplash/images/unsplash_000224.jpg,0,unsplash_real,Real_Unsplash
corpora/unsplash/images/unsplash_000225.jpg,0,unsplash_real,Real_Unsplash
corpora/unsplash/images/unsplash_000226.jpg,0,unsplash_real,Real_Unsplash
corpora/unsplash/images/unsplash_000227.jpg,0,unsplash_real,Real_Unsplash
corpora/unsplash/images/unsplash_000228.jpg,0,unsplash_real,Real_Unsplash
corpora/unsplash/images/unsplash_000229.jpg,0,unsplash_real,Real_Unsplash
corpora/unsplash/images/unsplash_000230.jpg,0,unsplash_real,Real_Unsplash
corpora/unsplash/images/unsplash_000231.jpg,0,unsplash_real,Real_Unsplash
corpora/unsplash/images/unsplash_000232.jpg,0,unsplash_real,Real_Unsplash
corpora/unsplash/images/unsplash_000233.jpg,0,unsplash_real,Real_Unsplash
corpora/unsplash/images/unsplash_000234.jpg,0,unsplash_real,Real_Unsplash
corpora/unsplash/images/unsplash_000235.jpg,0,unsplash_real,Real_Unsplash
corpora/unsplash/images/unsplash_000236.jpg,0,unsplash_real,Real_Unsplash
corpora/unsplash/images/unsplash_000237.jpg,0,unsplash_real,Real_Unsplash
corpora/unsplash/images/unsplash_000238.jpg,0,unsplash_real,Real_Unsplash
corpora/unsplash/images/unsplash_000239.jpg,0,unsplash_real,Real_Unsplash
corpora/unsplash/images/unsplash_000240.jpg,0,unsplash_real,Real_Unsplash
corpora/unsplash/images/unsplash_000241.jpg,0,unsplash_real,Real_Unsplash
corpora/unsplash/images/unsplash_000242.jpg,0,unsplash_real,Real_Unsplash
corpora/unsplash/images/unsplash_000243.jpg,0,unsplash_real,Real_Unsplash
corpora/unsplash/images/unsplash_000244.jpg,0,unsplash_real,Real_Unsplash
corpora/unsplash/images/unsplash_000245.jpg,0,unsplash_real,Real_Unsplash
corpora/unsplash/images/unsplash_000246.jpg,0,unsplash_real,Real_Unsplash
corpora/unsplash/images/unsplash_000247.jpg,0,unsplash_real,Real_Unsplash
corpora/unsplash/images/unsplash_000248.jpg,0,unsplash_real,Real_Unsplash
corpora/unsplash/images/unsplash_000249.jpg,0,unsplash_real,Real_Unsplash
corpora/unsplash/images/unsplash_000250.jpg,0,unsplash_real,Real_Unsplash
corpora/unsplash/images/unsplash_000251.jpg,0,unsplash_real,Real_Unsplash
corpora/unsplash/images/unsplash_000252.jpg,0,unsplash_real,Real_Unsplash
corpora/unsplash/images/unsplash_000253.jpg,0,unsplash_real,Real_Unsplash
corpora/unsplash/images/unsplash_000254.jpg,0,unsplash_real,Real_Unsplash
corpora/unsplash/images/unsplash_000255.jpg,0,unsplash_real,Real_Unsplash
corpora/unsplash/images/unsplash_000256.jpg,0,unsplash_real,Real_Unsplash
corpora/unsplash/images/unsplash_000257.jpg,0,unsplash_real,Real_Unsplash
corpora/unsplash/images/unsplash_000258.jpg,0,unsplash_real,Real_Unsplash
corpora/unsplash/images/unsplash_000259.jpg,0,unsplash_real,Real_Unsplash
corpora/unsplash/images/unsplash_000260.jpg,0,unsplash_real,Real_Unsplash
corpora/unsplash/images/unsplash_000261.jpg,0,unsplash_real,Real_Unsplash
corpora/unsplash/images/unsplash_000262.jpg,0,unsplash_real,Real_Unsplash
corpora/unsplash/images/unsplash_000263.jpg,0,unsplash_real,Real_Unsplash
corpora/unsplash/images/unsplash_000264.jpg,0,unsplash_real,Real_Unsplash
corpora/unsplash/images/unsplash_000265.jpg,0,unsplash_real,Real_Unsplash
corpora/unsplash/images/unsplash_000266.jpg,0,unsplash_real,Real_Unsplash
corpora/unsplash/images/unsplash_000267.jpg,0,unsplash_real,Real_Unsplash
corpora/unsplash/images/unsplash_000268.jpg,0,unsplash_real,Real_Unsplash
corpora/unsplash/images/unsplash_000269.jpg,0,unsplash_real,Real_Unsplash
corpora/unsplash/images/unsplash_000270.jpg,0,unsplash_real,Real_Unsplash
corpora/unsplash/images/unsplash_000271.jpg,0,unsplash_real,Real_Unsplash
corpora/unsplash/images/unsplash_000272.jpg,0,unsplash_real,Real_Unsplash
corpora/unsplash/images/unsplash_000273.jpg,0,unsplash_real,Real_Unsplash
corpora/unsplash/images/unsplash_000274.jpg,0,unsplash_real,Real_Unsplash
corpora/unsplash/images/unsplash_000275.jpg,0,unsplash_real,Real_Unsplash
corpora/unsplash/images/unsplash_000276.jpg,0,unsplash_real,Real_Unsplash
corpora/unsplash/images/unsplash_000277.jpg,0,unsplash_real,Real_Unsplash
corpora/unsplash/images/unsplash_000278.jpg,0,unsplash_real,Real_Unsplash
corpora/unsplash/images/unsplash_000279.jpg,0,unsplash_real,Real_Unsplash
corpora/unsplash/images/unsplash_000280.jpg,0,unsplash_real,Real_Unsplash
corpora/unsplash/images/unsplash_000281.jpg,0,unsplash_real,Real_Unsplash
corpora/unsplash/images/unsplash_000282.jpg,0,unsplash_real,Real_Unsplash
corpora/unsplash/images/unsplash_000283.jpg,0,unsplash_real,Real_Unsplash
corpora/unsplash/images/unsplash_000284.jpg,0,unsplash_real,Real_Unsplash
corpora/unsplash/images/unsplash_000285.jpg,0,unsplash_real,Real_Unsplash
corpora/unsplash/images/unsplash_000286.jpg,0,unsplash_real,Real_Unsplash
corpora/unsplash/images/unsplash_000287.jpg,0,unsplash_real,Real_Unsplash
corpora/unsplash/images/unsplash_000288.jpg,0,unsplash_real,Real_Unsplash
corpora/unsplash/images/unsplash_000289.jpg,0,unsplash_real,Real_Unsplash
corpora/unsplash/images/unsplash_000290.jpg,0,unsplash_real,Real_Unsplash
corpora/unsplash/images/unsplash_000291.jpg,0,unsplash_real,Real_Unsplash
corpora/unsplash/images/unsplash_000292.jpg,0,unsplash_real,Real_Unsplash
corpora/unsplash/images/unsplash_000293.jpg,0,unsplash_real,Real_Unsplash
corpora/unsplash/images/unsplash_000294.jpg,0,unsplash_real,Real_Unsplash
corpora/unsplash/images/unsplash_000295.jpg,0,unsplash_real,Real_Unsplash
corpora/unsplash/images/unsplash_000296.jpg,0,unsplash_real,Real_Unsplash
corpora/unsplash/images/unsplash_000297.jpg,0,unsplash_real,Real_Unsplash
corpora/unsplash/images/unsplash_000298.jpg,0,unsplash_real,Real_Unsplash
corpora/unsplash/images/unsplash_000299.jpg,0,unsplash_real,Real_Unsplash
corpora/unsplash/images/unsplash_000300.jpg,0,unsplash_real,Real_Unsplash
corpora/unsplash/images/unsplash_000301.jpg,0,unsplash_real,Real_Unsplash
corpora/unsplash/images/unsplash_000302.jpg,0,unsplash_real,Real_Unsplash
corpora/unsplash/images/unsplash_000303.jpg,0,unsplash_real,Real_Unsplash
corpora/unsplash/images/unsplash_000304.jpg,0,unsplash_real,Real_Unsplash
corpora/unsplash/images/unsplash_000305.jpg,0,unsplash_real,Real_Unsplash
corpora/unsplash/images/unsplash_000306.jpg,0,unsplash_real,Real_Unsplash
corpora/unsplash/images/unsplash_000307.jpg,0,unsplash_real,Real_Unsplash
corpora/unsplash/images/unsplash_000308.jpg,0,unsplash_real,Real_Unsplash
corpora/unsplash/images/unsplash_000309.jpg,0,unsplash_real,Real_Unsplash
corpora/unsplash/images/unsplash_000310.jpg,0,unsplash_real,Real_Unsplash
corpora/unsplash/images/unsplash_000311.jpg,0,unsplash_real,Real_Unsplash
corpora/unsplash/images/unsplash_000312.jpg,0,unsplash_real,Real_Unsplash
corpora/unsplash/images/unsplash_000313.jpg,0,unsplash_real,Real_Unsplash
corpora/unsplash/images/unsplash_000314.jpg,0,unsplash_real,Real_Unsplash
corpora/unsplash/images/unsplash_000315.jpg,0,unsplash_real,Real_Unsplash
corpora/unsplash/images/unsplash_000316.jpg,0,unsplash_real,Real_Unsplash
corpora/unsplash/images/unsplash_000317.jpg,0,unsplash_real,Real_Unsplash
corpora/unsplash/images/unsplash_000318.jpg,0,unsplash_real,Real_Unsplash
corpora/unsplash/images/unsplash_000319.jpg,0,unsplash_real,Real_Unsplash
corpora/unsplash/images/unsplash_000320.jpg,0,unsplash_real,Real_Unsplash
corpora/unsplash/images/unsplash_000321.jpg,0,unsplash_real,Real_Unsplash
corpora/unsplash/images/unsplash_000322.jpg,0,unsplash_real,Real_Unsplash
corpora/unsplash/images/unsplash_000323.jpg,0,unsplash_real,Real_Unsplash
corpora/unsplash/images/unsplash_000324.jpg,0,unsplash_real,Real_Unsplash
corpora/unsplash/images/unsplash_000325.jpg,0,unsplash_real,Real_Unsplash
corpora/unsplash/images/unsplash_000326.jpg,0,unsplash_real,Real_Unsplash
corpora/unsplash/images/unsplash_000327.jpg,0,unsplash_real,Real_Unsplash
corpora/unsplash/images/unsplash_000328.jpg,0,unsplash_real,Real_Unsplash
corpora/unsplash/images/unsplash_000329.jpg,0,unsplash_real,Real_Unsplash
corpora/unsplash/images/unsplash_000330.jpg,0,unsplash_real,Real_Unsplash
corpora/unsplash/images/unsplash_000331.jpg,0,unsplash_real,Real_Unsplash
corpora/unsplash/images/unsplash_000332.jpg,0,unsplash_real,Real_Unsplash
corpora/unsplash/images/unsplash_000333.jpg,0,unsplash_real,Real_Unsplash
corpora/unsplash/images/unsplash_000334.jpg,0,unsplash_real,Real_Unsplash
corpora/unsplash/images/unsplash_000335.jpg,0,unsplash_real,Real_Unsplash
corpora/unsplash/images/unsplash_000336.jpg,0,unsplash_real,Real_Unsplash
corpora/unsplash/images/unsplash_000337.jpg,0,unsplash_real,Real_Unsplash
corpora/unsplash/images/unsplash_000338.jpg,0,unsplash_real,Real_Unsplash
corpora/unsplash/images/unsplash_000339.jpg,0,unsplash_real,Real_Unsplash
corpora/unsplash/images/unsplash_000340.jpg,0,unsplash_real,Real_Unsplash
corpora/unsplash/images/unsplash_000341.jpg,0,unsplash_real,Real_Unsplash
corpora/unsplash/images/unsplash_000342.jpg,0,unsplash_real,Real_Unsplash
corpora/unsplash/images/unsplash_000343.jpg,0,unsplash_real,Real_Unsplash
corpora/unsplash/images/unsplash_000344.jpg,0,unsplash_real,Real_Unsplash
corpora/unsplash/images/unsplash_000345.jpg,0,unsplash_real,Real_Unsplash
corpora/unsplash/images/unsplash_000346.jpg,0,unsplash_real,Real_Unsplash
corpora/unsplash/images/unsplash_000347.jpg,0,unsplash_real,Real_Unsplash
corpora/unsplash/images/unsplash_000348.jpg,0,unsplash_real,Real_Unsplash
corpora/unsplash/images/unsplash_000349.jpg,0,unsplash_real,Real_Unsplash
corpora/unsplash/images/unsplash_000350.jpg,0,unsplash_real,Real_Unsplash
corpora/unsplash/images/unsplash_000351.jpg,0,unsplash_real,Real_Unsplash
corpora/unsplash/images/unsplash_000352.jpg,0,unsplash_real,Real_Unsplash
corpora/unsplash/images/unsplash_000353.jpg,0,unsplash_real,Real_Unsplash
corpora/unsplash/images/unsplash_000354.jpg,0,unsplash_real,Real_Unsplash
corpora/unsplash/images/unsplash_000355.jpg,0,unsplash_real,Real_Unsplash
corpora/unsplash/images/unsplash_000356.jpg,0,unsplash_real,Real_Unsplash
corpora/unsplash/images/unsplash_000357.jpg,0,unsplash_real,Real_Unsplash
corpora/unsplash/images/unsplash_000358.jpg,0,unsplash_real,Real_Unsplash
corpora/unsplash/images/unsplash_000359.jpg,0,unsplash_real,Real_Unsplash
corpora/unsplash/images/unsplash_000360.jpg,0,unsplash_real,Real_Unsplash
corpora/unsplash/images/unsplash_000361.jpg,0,unsplash_real,Real_Unsplash
corpora/unsplash/images/unsplash_000362.jpg,0,unsplash_real,Real_Unsplash
corpora/unsplash/images/unsplash_000363.jpg,0,unsplash_real,Real_Unsplash
corpora/unsplash/images/unsplash_000364.jpg,0,unsplash_real,Real_Unsplash
corpora/unsplash/images/unsplash_000365.jpg,0,unsplash_real,Real_Unsplash
corpora/unsplash/images/unsplash_000366.jpg,0,unsplash_real,Real_Unsplash
corpora/unsplash/images/unsplash_000367.jpg,0,unsplash_real,Real_Unsplash
corpora/unsplash/images/unsplash_000368.jpg,0,unsplash_real,Real_Unsplash
corpora/unsplash/images/unsplash_000369.jpg,0,unsplash_real,Real_Unsplash
corpora/unsplash/images/unsplash_000370.jpg,0,unsplash_real,Real_Unsplash
corpora/unsplash/images/unsplash_000371.jpg,0,unsplash_real,Real_Unsplash
corpora/unsplash/images/unsplash_000372.jpg,0,unsplash_real,Real_Unsplash
corpora/unsplash/images/unsplash_000373.jpg,0,unsplash_real,Real_Unsplash
corpora/unsplash/images/unsplash_000374.jpg,0,unsplash_real,Real_Unsplash
corpora/unsplash/images/unsplash_000375.jpg,0,unsplash_real,Real_Unsplash
corpora/unsplash/images/unsplash_000376.jpg,0,unsplash_real,Real_Unsplash
corpora/unsplash/images/unsplash_000377.jpg,0,unsplash_real,Real_Unsplash
corpora/unsplash/images/unsplash_000378.jpg,0,unsplash_real,Real_Unsplash
corpora/unsplash/images/unsplash_000379.jpg,0,unsplash_real,Real_Unsplash
corpora/unsplash/images/unsplash_000380.jpg,0,unsplash_real,Real_Unsplash
corpora/unsplash/images/unsplash_000381.jpg,0,unsplash_real,Real_Unsplash
corpora/unsplash/images/unsplash_000382.jpg,0,unsplash_real,Real_Unsplash
corpora/unsplash/images/unsplash_000383.jpg,0,unsplash_real,Real_Unsplash
corpora/unsplash/images/unsplash_000384.jpg,0,unsplash_real,Real_Unsplash
corpora/unsplash/images/unsplash_000385.jpg,0,unsplash_real,Real_Unsplash
corpora/unsplash/images/unsplash_000386.jpg,0,unsplash_real,Real_Unsplash
corpora/unsplash/images/unsplash_000387.jpg,0,unsplash_real,Real_Unsplash
corpora/unsplash/images/unsplash_000388.jpg,0,unsplash_real,Real_Unsplash
corpora/unsplash/images/unsplash_000389.jpg,0,unsplash_real,Real_Unsplash
corpora/unsplash/images/unsplash_000390.jpg,0,unsplash_real,Real_Unsplash
corpora/unsplash/images/unsplash_000391.jpg,0,unsplash_real,Real_Unsplash
corpora/unsplash/images/unsplash_000392.jpg,0,unsplash_real,Real_Unsplash
corpora/unsplash/images/unsplash_000393.jpg,0,unsplash_real,Real_Unsplash
corpora/unsplash/images/unsplash_000394.jpg,0,unsplash_real,Real_Unsplash
corpora/unsplash/images/unsplash_000395.jpg,0,unsplash_real,Real_Unsplash
corpora/unsplash/images/unsplash_000396.jpg,0,unsplash_real,Real_Unsplash
corpora/unsplash/images/unsplash_000397.jpg,0,unsplash_real,Real_Unsplash
corpora/unsplash/images/unsplash_000398.jpg,0,unsplash_real,Real_Unsplash
corpora/unsplash/images/unsplash_000399.jpg,0,unsplash_real,Real_Unsplash
corpora/unsplash/images/unsplash_000400.jpg,0,unsplash_real,Real_Unsplash
corpora/unsplash/images/unsplash_000401.jpg,0,unsplash_real,Real_Unsplash
corpora/unsplash/images/unsplash_000402.jpg,0,unsplash_real,Real_Unsplash
corpora/unsplash/images/unsplash_000403.jpg,0,unsplash_real,Real_Unsplash
corpora/unsplash/images/unsplash_000404.jpg,0,unsplash_real,Real_Unsplash
corpora/unsplash/images/unsplash_000405.jpg,0,unsplash_real,Real_Unsplash
corpora/unsplash/images/unsplash_000406.jpg,0,unsplash_real,Real_Unsplash
corpora/unsplash/images/unsplash_000407.jpg,0,unsplash_real,Real_Unsplash
corpora/unsplash/images/unsplash_000408.jpg,0,unsplash_real,Real_Unsplash
corpora/unsplash/images/unsplash_000409.jpg,0,unsplash_real,Real_Unsplash
corpora/unsplash/images/unsplash_000410.jpg,0,unsplash_real,Real_Unsplash
corpora/unsplash/images/unsplash_000411.jpg,0,unsplash_real,Real_Unsplash
corpora/unsplash/images/unsplash_000412.jpg,0,unsplash_real,Real_Unsplash
corpora/unsplash/images/unsplash_000413.jpg,0,unsplash_real,Real_Unsplash
corpora/unsplash/images/unsplash_000414.jpg,0,unsplash_real,Real_Unsplash
corpora/unsplash/images/unsplash_000415.jpg,0,unsplash_real,Real_Unsplash
corpora/unsplash/images/unsplash_000416.jpg,0,unsplash_real,Real_Unsplash
corpora/unsplash/images/unsplash_000417.jpg,0,unsplash_real,Real_Unsplash
corpora/unsplash/images/unsplash_000418.jpg,0,unsplash_real,Real_Unsplash
corpora/unsplash/images/unsplash_000419.jpg,0,unsplash_real,Real_Unsplash
corpora/unsplash/images/unsplash_000420.jpg,0,unsplash_real,Real_Unsplash
corpora/unsplash/images/unsplash_000421.jpg,0,unsplash_real,Real_Unsplash
corpora/unsplash/images/unsplash_000422.jpg,0,unsplash_real,Real_Unsplash
corpora/unsplash/images/unsplash_000423.jpg,0,unsplash_real,Real_Unsplash
corpora/unsplash/images/unsplash_000424.jpg,0,unsplash_real,Real_Unsplash
corpora/unsplash/images/unsplash_000425.jpg,0,unsplash_real,Real_Unsplash
corpora/unsplash/images/unsplash_000426.jpg,0,unsplash_real,Real_Unsplash
corpora/unsplash/images/unsplash_000427.jpg,0,unsplash_real,Real_Unsplash
corpora/unsplash/images/unsplash_000428.jpg,0,unsplash_real,Real_Unsplash
corpora/unsplash/images/unsplash_000429.jpg,0,unsplash_real,Real_Unsplash
corpora/unsplash/images/unsplash_000430.jpg,0,unsplash_real,Real_Unsplash
corpora/unsplash/images/unsplash_000431.jpg,0,unsplash_real,Real_Unsplash
corpora/unsplash/images/unsplash_000432.jpg,0,unsplash_real,Real_Unsplash
corpora/unsplash/images/unsplash_000433.jpg,0,unsplash_real,Real_Unsplash
corpora/unsplash/images/unsplash_000434.jpg,0,unsplash_real,Real_Unsplash
corpora/unsplash/images/unsplash_000435.jpg,0,unsplash_real,Real_Unsplash
corpora/unsplash/images/unsplash_000436.jpg,0,unsplash_real,Real_Unsplash
corpora/unsplash/images/unsplash_000437.jpg,0,unsplash_real,Real_Unsplash
corpora/unsplash/images/unsplash_000438.jpg,0,unsplash_real,Real_Unsplash
corpora/unsplash/images/unsplash_000439.jpg,0,unsplash_real,Real_Unsplash
corpora/unsplash/images/unsplash_000440.jpg,0,unsplash_real,Real_Unsplash
corpora/unsplash/images/unsplash_000441.jpg,0,unsplash_real,Real_Unsplash
corpora/unsplash/images/unsplash_000442.jpg,0,unsplash_real,Real_Unsplash
corpora/unsplash/images/unsplash_000443.jpg,0,unsplash_real,Real_Unsplash
corpora/unsplash/images/unsplash_000444.jpg,0,unsplash_real,Real_Unsplash
corpora/unsplash/images/unsplash_000445.jpg,0,unsplash_real,Real_Unsplash
corpora/unsplash/images/unsplash_000446.jpg,0,unsplash_real,Real_Unsplash
corpora/unsplash/images/unsplash_000447.jpg,0,unsplash_real,Real_Unsplash
corpora/unsplash/images/unsplash_000448.jpg,0,unsplash_real,Real_Unsplash
corpora/unsplash/images/unsplash_000449.jpg,0,unsplash_real,Real_Unsplash
corpora/unsplash/images/unsplash_000450.jpg,0,unsplash_real,Real_Unsplash
corpora/unsplash/images/unsplash_000451.jpg,0,unsplash_real,Real_Unsplash
corpora/unsplash/images/unsplash_000452.jpg,0,unsplash_real,Real_Unsplash
corpora/unsplash/images/unsplash_000453.jpg,0,unsplash_real,Real_Unsplash
corpora/unsplash/images/unsplash_000454.jpg,0,unsplash_real,Real_Unsplash
corpora/unsplash/images/unsplash_000455.jpg,0,unsplash_real,Real_Unsplash
corpora/unsplash/images/unsplash_000456.jpg,0,unsplash_real,Real_Unsplash
corpora/unsplash/images/unsplash_000457.jpg,0,unsplash_real,Real_Unsplash
corpora/unsplash/images/unsplash_000458.jpg,0,unsplash_real,Real_Unsplash
corpora/unsplash/images/unsplash_000459.jpg,0,unsplash_real,Real_Unsplash
corpora/unsplash/images/unsplash_000460.jpg,0,unsplash_real,Real_Unsplash
corpora/unsplash/images/unsplash_000461.jpg,0,unsplash_real,Real_Unsplash
corpora/unsplash/images/unsplash_000462.jpg,0,unsplash_real,Real_Unsplash
corpora/unsplash/images/unsplash_000463.jpg,0,unsplash_real,Real_Unsplash
corpora/unsplash/images/unsplash_000464.jpg,0,unsplash_real,Real_Unsplash
corpora/unsplash/images/unsplash_000465.jpg,0,unsplash_real,Real_Unsplash
corpora/unsplash/images/unsplash_000466.jpg,0,unsplash_real,Real_Unsplash
corpora/unsplash/images/unsplash_000467.jpg,0,unsplash_real,Real_Unsplash
corpora/unsplash/images/unsplash_000468.jpg,0,unsplash_real,Real_Unsplash
corpora/unsplash/images/unsplash_000469.jpg,0,unsplash_real,Real_Unsplash
corpora/unsplash/images/unsplash_000470.jpg,0,unsplash_real,Real_Unsplash
corpora/unsplash/images/unsplash_000471.jpg,0,unsplash_real,Real_Unsplash
corpora/unsplash/images/unsplash_000472.jpg,0,unsplash_real,Real_Unsplash
corpora/unsplash/images/unsplash_000473.jpg,0,unsplash_real,Real_Unsplash
corpora/unsplash/images/unsplash_000474.jpg,0,unsplash_real,Real_Unsplash
corpora/unsplash/images/unsplash_000475.jpg,0,unsplash_real,Real_Unsplash
corpora/unsplash/images/unsplash_000476.jpg,0,unsplash_real,Real_Unsplash
corpora/unsplash/images/unsplash_000477.jpg,0,unsplash_real,Real_Unsplash
corpora/unsplash/images/unsplash_000478.jpg,0,unsplash_real,Real_Unsplash
corpora/unsplash/images/unsplash_000479.jpg,0,unsplash_real,Real_Unsplash
corpora/unsplash/images/unsplash_000480.jpg,0,unsplash_real,Real_Unsplash
corpora/unsplash/images/unsplash_000481.jpg,0,unsplash_real,Real_Unsplash
corpora/unsplash/images/unsplash_000482.jpg,0,unsplash_real,Real_Unsplash
corpora/unsplash/images/unsplash_000483.jpg,0,unsplash_real,Real_Unsplash
corpora/unsplash/images/unsplash_000484.jpg,0,unsplash_real,Real_Unsplash
corpora/unsplash/images/unsplash_000485.jpg,0,unsplash_real,Real_Unsplash
corpora/unsplash/images/unsplash_000486.jpg,0,unsplash_real,Real_Unsplash
corpora/unsplash/images/unsplash_000487.jpg,0,unsplash_real,Real_Unsplash
corpora/unsplash/images/unsplash_000488.jpg,0,unsplash_real,Real_Unsplash
corpora/unsplash/images/unsplash_000489.jpg,0,unsplash_real,Real_Unsplash
corpora/unsplash/images/unsplash_000490.jpg,0,unsplash_real,Real_Unsplash
corpora/unsplash/images/unsplash_000491.jpg,0,unsplash_real,Real_Unsplash
corpora/unsplash/images/unsplash_000492.jpg,0,unsplash_real,Real_Unsplash
corpora/unsplash/images/unsplash_000493.jpg,0,unsplash_real,Real_Unsplash
corpora/unsplash/images/unsplash_000494.jpg,0,unsplash_real,Real_Unsplash
corpora/unsplash/images/unsplash_000495.jpg,0,unsplash_real,Real_Unsplash
corpora/unsplash/images/unsplash_000496.jpg,0,unsplash_real,Real_Unsplash
corpora/unsplash/images/unsplash_000497.jpg,0,unsplash_real,Real_Unsplash
corpora/unsplash/images/unsplash_000498.jpg,0,unsplash_real,Real_Unsplash
corpora/unsplash/images/unsplash_000499.jpg,0,unsplash_real,Real_Unsplash
corpora/unsplash/images/unsplash_000500.jpg,0,unsplash_real,Real_Unsplash
corpora/unsplash/images/unsplash_000501.jpg,0,unsplash_real,Real_Unsplash
corpora/unsplash/images/unsplash_000502.jpg,0,unsplash_real,Real_Unsplash
corpora/unsplash/images/unsplash_000503.jpg,0,unsplash_real,Real_Unsplash
corpora/unsplash/images/unsplash_000504.jpg,0,unsplash_real,Real_Unsplash
corpora/unsplash/images/unsplash_000505.jpg,0,unsplash_real,Real_Unsplash
corpora/unsplash/images/unsplash_000506.jpg,0,unsplash_real,Real_Unsplash
corpora/unsplash/images/unsplash_000507.jpg,0,unsplash_real,Real_Unsplash
corpora/unsplash/images/unsplash_000508.jpg,0,unsplash_real,Real_Unsplash
corpora/unsplash/images/unsplash_000509.jpg,0,unsplash_real,Real_Unsplash
corpora/unsplash/images/unsplash_000510.jpg,0,unsplash_real,Real_Unsplash
corpora/unsplash/images/unsplash_000511.jpg,0,unsplash_real,Real_Unsplash
corpora/unsplash/images/unsplash_000512.jpg,0,unsplash_real,Real_Unsplash
corpora/unsplash/images/unsplash_000513.jpg,0,unsplash_real,Real_Unsplash
corpora/unsplash/images/unsplash_000514.jpg,0,unsplash_real,Real_Unsplash
corpora/unsplash/images/unsplash_000515.jpg,0,unsplash_real,Real_Unsplash
corpora/unsplash/images/unsplash_000516.jpg,0,unsplash_real,Real_Unsplash
corpora/unsplash/images/unsplash_000517.jpg,0,unsplash_real,Real_Unsplash
corpora/unsplash/images/unsplash_000518.jpg,0,unsplash_real,Real_Unsplash
corpora/unsplash/images/unsplash_000519.jpg,0,unsplash_real,Real_Unsplash
corpora/unsplash/images/unsplash_000520.jpg,0,unsplash_real,Real_Unsplash
corpora/unsplash/images/unsplash_000521.jpg,0,unsplash_real,Real_Unsplash
corpora/unsplash/images/unsplash_000522.jpg,0,unsplash_real,Real_Unsplash
corpora/unsplash/images/unsplash_000523.jpg,0,unsplash_real,Real_Unsplash
corpora/unsplash/images/unsplash_000524.jpg,0,unsplash_real,Real_Unsplash
corpora/unsplash/images/unsplash_000525.jpg,0,unsplash_real,Real_Unsplash
corpora/unsplash/images/unsplash_000526.jpg,0,unsplash_real,Real_Unsplash
corpora/unsplash/images/unsplash_000527.jpg,0,unsplash_real,Real_Unsplash
corpora/unsplash/images/unsplash_000528.jpg,0,unsplash_real,Real_Unsplash
corpora/unsplash/images/unsplash_000529.jpg,0,unsplash_real,Real_Unsplash
corpora/unsplash/images/unsplash_000530.jpg,0,unsplash_real,Real_Unsplash
corpora/unsplash/images/unsplash_000531.jpg,0,unsplash_real,Real_Unsplash
corpora/unsplash/images/unsplash_000532.jpg,0,unsplash_real,Real_Unsplash
corpora/unsplash/images/unsplash_000533.jpg,0,unsplash_real,Real_Unsplash
corpora/unsplash/images/unsplash_000534.jpg,0,unsplash_real,Real_Unsplash
corpora/unsplash/images/unsplash_000535.jpg,0,unsplash_real,Real_Unsplash
corpora/unsplash/images/unsplash_000536.jpg,0,unsplash_real,Real_Unsplash
corpora/unsplash/images/unsplash_000537.jpg,0,unsplash_real,Real_Unsplash
corpora/unsplash/images/unsplash_000538.jpg,0,unsplash_real,Real_Unsplash
corpora/unsplash/images/unsplash_000539.jpg,0,unsplash_real,Real_Unsplash
corpora/unsplash/images/unsplash_000540.jpg,0,unsplash_real,Real_Unsplash
corpora/unsplash/images/unsplash_000541.jpg,0,unsplash_real,Real_Unsplash
corpora/unsplash/images/unsplash_000542.jpg,0,unsplash_real,Real_Unsplash
corpora/unsplash/images/unsplash_000543.jpg,0,unsplash_real,Real_Unsplash
corpora/unsplash/images/unsplash_000544.jpg,0,unsplash_real,Real_Unsplash
corpora/unsplash/images/unsplash_000545.jpg,0,unsplash_real,Real_Unsplash
corpora/unsplash/images/unsplash_000546.jpg,0,unsplash_real,Real_Unsplash
corpora/unsplash/images/unsplash_000547.jpg,0,unsplash_real,Real_Unsplash
corpora/unsplash/images/unsplash_000548.jpg,0,unsplash_real,Real_Unsplash
corpora/unsplash/images/unsplash_000549.jpg,0,unsplash_real,Real_Unsplash
corpora/unsplash/images/unsplash_000550.jpg,0,unsplash_real,Real_Unsplash
corpora/unsplash/images/unsplash_000551.jpg,0,unsplash_real,Real_Unsplash
corpora/unsplash/images/unsplash_000552.jpg,0,unsplash_real,Real_Unsplash
corpora/unsplash/images/unsplash_000553.jpg,0,unsplash_real,Real_Unsplash
corpora/unsplash/images/unsplash_000554.jpg,0,unsplash_real,Real_Unsplash
corpora/unsplash/images/unsplash_000555.jpg,0,unsplash_real,Real_Unsplash
corpora/unsplash/images/unsplash_000556.jpg,0,unsplash_real,Real_Unsplash
corpora/unsplash/images/unsplash_000557.jpg,0,unsplash_real,Real_Unsplash
corpora/unsplash/images/unsplash_000558.jpg,0,unsplash_real,Real_Unsplash
corpora/unsplash/images/unsplash_000559.jpg,0,unsplash_real,Real_Unsplash
corpora/unsplash/images/unsplash_000560.jpg,0,unsplash_real,Real_Unsplash
corpora/unsplash/images/unsplash_000561.jpg,0,unsplash_real,Real_Unsplash
corpora/unsplash/images/unsplash_000562.jpg,0,unsplash_real,Real_Unsplash
corpora/unsplash/images/unsplash_000563.jpg,0,unsplash_real,Real_Unsplash
corpora/unsplash/images/unsplash_000564.jpg,0,unsplash_real,Real_Unsplash
corpora/unsplash/images/unsplash_000565.jpg,0,unsplash_real,Real_Unsplash
corpora/unsplash/images/unsplash_000566.jpg,0,unsplash_real,Real_Unsplash
corpora/unsplash/images/unsplash_000567.jpg,0,unsplash_real,Real_Unsplash
corpora/unsplash/images/unsplash_000568.jpg,0,unsplash_real,Real_Unsplash
corpora/unsplash/images/unsplash_000569.jpg,0,unsplash_real,Real_Unsplash
corpora/unsplash/images/unsplash_000570.jpg,0,unsplash_real,Real_Unsplash
corpora/unsplash/images/unsplash_000571.jpg,0,unsplash_real,Real_Unsplash
corpora/unsplash/images/unsplash_000572.jpg,0,unsplash_real,Real_Unsplash
corpora/unsplash/images/unsplash_000573.jpg,0,unsplash_real,Real_Unsplash
corpora/unsplash/images/unsplash_000574.jpg,0,unsplash_real,Real_Unsplash
corpora/unsplash/images/unsplash_000575.jpg,0,unsplash_real,Real_Unsplash
corpora/unsplash/images/unsplash_000576.jpg,0,unsplash_real,Real_Unsplash
corpora/unsplash/images/unsplash_000577.jpg,0,unsplash_real,Real_Unsplash
corpora/unsplash/images/unsplash_000578.jpg,0,unsplash_real,Real_Unsplash
corpora/unsplash/images/unsplash_000579.jpg,0,unsplash_real,Real_Unsplash
corpora/unsplash/images/unsplash_000580.jpg,0,unsplash_real,Real_Unsplash
corpora/unsplash/images/unsplash_000581.jpg,0,unsplash_real,Real_Unsplash
corpora/unsplash/images/unsplash_000582.jpg,0,unsplash_real,Real_Unsplash
corpora/unsplash/images/unsplash_000583.jpg,0,unsplash_real,Real_Unsplash
corpora/unsplash/images/unsplash_000584.jpg,0,unsplash_real,Real_Unsplash
corpora/unsplash/images/unsplash_000585.jpg,0,unsplash_real,Real_Unsplash
corpora/unsplash/images/unsplash_000586.jpg,0,unsplash_real,Real_Unsplash
corpora/unsplash/images/unsplash_000587.jpg,0,unsplash_real,Real_Unsplash
corpora/unsplash/images/unsplash_000588.jpg,0,unsplash_real,Real_Unsplash
corpora/unsplash/images/unsplash_000589.jpg,0,unsplash_real,Real_Unsplash
corpora/unsplash/images/unsplash_000590.jpg,0,unsplash_real,Real_Unsplash
corpora/unsplash/images/unsplash_000591.jpg,0,unsplash_real,Real_Unsplash
corpora/unsplash/images/unsplash_000592.jpg,0,unsplash_real,Real_Unsplash
corpora/unsplash/images/unsplash_000593.jpg,0,unsplash_real,Real_Unsplash
corpora/unsplash/images/unsplash_000594.jpg,0,unsplash_real,Real_Unsplash
corpora/unsplash/images/unsplash_000595.jpg,0,unsplash_real,Real_Unsplash
corpora/unsplash/images/unsplash_000596.jpg,0,unsplash_real,Real_Unsplash
corpora/unsplash/images/unsplash_000597.jpg,0,unsplash_real,Real_Unsplash
corpora/unsplash/images/unsplash_000598.jpg,0,unsplash_real,Real_Unsplash
corpora/unsplash/images/unsplash_000599.jpg,0,unsplash_real,Real_Unsplash
corpora/unsplash/images/unsplash_000600.jpg,0,unsplash_real,Real_Unsplash
corpora/unsplash/images/unsplash_000601.jpg,0,unsplash_real,Real_Unsplash
corpora/unsplash/images/unsplash_000602.jpg,0,unsplash_real,Real_Unsplash
corpora/unsplash/images/unsplash_000603.jpg,0,unsplash_real,Real_Unsplash
corpora/unsplash/images/unsplash_000604.jpg,0,unsplash_real,Real_Unsplash
corpora/unsplash/images/unsplash_000605.jpg,0,unsplash_real,Real_Unsplash
corpora/unsplash/images/unsplash_000606.jpg,0,unsplash_real,Real_Unsplash
corpora/unsplash/images/unsplash_000607.jpg,0,unsplash_real,Real_Unsplash
corpora/unsplash/images/unsplash_000608.jpg,0,unsplash_real,Real_Unsplash
corpora/unsplash/images/unsplash_000609.jpg,0,unsplash_real,Real_Unsplash
corpora/unsplash/images/unsplash_000610.jpg,0,unsplash_real,Real_Unsplash
corpora/unsplash/images/unsplash_000611.jpg,0,unsplash_real,Real_Unsplash
corpora/unsplash/images/unsplash_000612.jpg,0,unsplash_real,Real_Unsplash
corpora/unsplash/images/unsplash_000613.jpg,0,unsplash_real,Real_Unsplash
corpora/unsplash/images/unsplash_000614.jpg,0,unsplash_real,Real_Unsplash
corpora/unsplash/images/unsplash_000615.jpg,0,unsplash_real,Real_Unsplash
corpora/unsplash/images/unsplash_000616.jpg,0,unsplash_real,Real_Unsplash
corpora/unsplash/images/unsplash_000617.jpg,0,unsplash_real,Real_Unsplash
corpora/unsplash/images/unsplash_000618.jpg,0,unsplash_real,Real_Unsplash
corpora/unsplash/images/unsplash_000619.jpg,0,unsplash_real,Real_Unsplash
corpora/unsplash/images/unsplash_000620.jpg,0,unsplash_real,Real_Unsplash
corpora/unsplash/images/unsplash_000621.jpg,0,unsplash_real,Real_Unsplash
corpora/unsplash/images/unsplash_000622.jpg,0,unsplash_real,Real_Unsplash
corpora/unsplash/images/unsplash_000623.jpg,0,unsplash_real,Real_Unsplash
corpora/unsplash/images/unsplash_000624.jpg,0,unsplash_real,Real_Unsplash
corpora/unsplash/images/unsplash_000625.jpg,0,unsplash_real,Real_Unsplash
corpora/unsplash/images/unsplash_000626.jpg,0,unsplash_real,Real_Unsplash
corpora/unsplash/images/unsplash_000627.jpg,0,unsplash_real,Real_Unsplash
corpora/unsplash/images/unsplash_000628.jpg,0,unsplash_real,Real_Unsplash
corpora/unsplash/images/unsplash_000629.jpg,0,unsplash_real,Real_Unsplash
corpora/unsplash/images/unsplash_000630.jpg,0,unsplash_real,Real_Unsplash
corpora/unsplash/images/unsplash_000631.jpg,0,unsplash_real,Real_Unsplash
corpora/unsplash/images/unsplash_000632.jpg,0,unsplash_real,Real_Unsplash
corpora/unsplash/images/unsplash_000633.jpg,0,unsplash_real,Real_Unsplash
corpora/unsplash/images/unsplash_000634.jpg,0,unsplash_real,Real_Unsplash
corpora/unsplash/images/unsplash_000635.jpg,0,unsplash_real,Real_Unsplash
corpora/unsplash/images/unsplash_000636.jpg,0,unsplash_real,Real_Unsplash
corpora/unsplash/images/unsplash_000637.jpg,0,unsplash_real,Real_Unsplash
corpora/unsplash/images/unsplash_000638.jpg,0,unsplash_real,Real_Unsplash
corpora/unsplash/images/unsplash_000639.jpg,0,unsplash_real,Real_Unsplash
corpora/unsplash/images/unsplash_000640.jpg,0,unsplash_real,Real_Unsplash
corpora/unsplash/images/unsplash_000641.jpg,0,unsplash_real,Real_Unsplash
corpora/unsplash/images/unsplash_000642.jpg,0,unsplash_real,Real_Unsplash
corpora/unsplash/images/unsplash_000643.jpg,0,unsplash_real,Real_Unsplash
corpora/unsplash/images/unsplash_000644.jpg,0,unsplash_real,Real_Unsplash
corpora/unsplash/images/unsplash_000645.jpg,0,unsplash_real,Real_Unsplash
corpora/unsplash/images/unsplash_000646.jpg,0,unsplash_real,Real_Unsplash
corpora/unsplash/images/unsplash_000647.jpg,0,unsplash_real,Real_Unsplash
corpora/unsplash/images/unsplash_000648.jpg,0,unsplash_real,Real_Unsplash
corpora/unsplash/images/unsplash_000649.jpg,0,unsplash_real,Real_Unsplash
corpora/unsplash/images/unsplash_000650.jpg,0,unsplash_real,Real_Unsplash
corpora/unsplash/images/unsplash_000651.jpg,0,unsplash_real,Real_Unsplash
corpora/unsplash/images/unsplash_000652.jpg,0,unsplash_real,Real_Unsplash
corpora/unsplash/images/unsplash_000653.jpg,0,unsplash_real,Real_Unsplash
corpora/unsplash/images/unsplash_000654.jpg,0,unsplash_real,Real_Unsplash
corpora/unsplash/images/unsplash_000655.jpg,0,unsplash_real,Real_Unsplash
corpora/unsplash/images/unsplash_000656.jpg,0,unsplash_real,Real_Unsplash
corpora/unsplash/images/unsplash_000657.jpg,0,unsplash_real,Real_Unsplash
corpora/unsplash/images/unsplash_000658.jpg,0,unsplash_real,Real_Unsplash
corpora/unsplash/images/unsplash_000659.jpg,0,unsplash_real,Real_Unsplash
corpora/unsplash/images/unsplash_000660.jpg,0,unsplash_real,Real_Unsplash
corpora/unsplash/images/unsplash_000661.jpg,0,unsplash_real,Real_Unsplash
corpora/unsplash/images/unsplash_000662.jpg,0,unsplash_real,Real_Unsplash
corpora/unsplash/images/unsplash_000663.jpg,0,unsplash_real,Real_Unsplash
corpora/unsplash/images/unsplash_000664.jpg,0,unsplash_real,Real_Unsplash
corpora/unsplash/images/unsplash_000665.jpg,0,unsplash_real,Real_Unsplash
corpora/unsplash/images/unsplash_000666.jpg,0,unsplash_real,Real_Unsplash
corpora/unsplash/images/unsplash_000667.jpg,0,unsplash_real,Real_Unsplash
corpora/unsplash/images/unsplash_000668.jpg,0,unsplash_real,Real_Unsplash
corpora/unsplash/images/unsplash_000669.jpg,0,unsplash_real,Real_Unsplash
corpora/unsplash/images/unsplash_000670.jpg,0,unsplash_real,Real_Unsplash
corpora/unsplash/images/unsplash_000671.jpg,0,unsplash_real,Real_Unsplash
corpora/unsplash/images/unsplash_000672.jpg,0,unsplash_real,Real_Unsplash
corpora/unsplash/images/unsplash_000673.jpg,0,unsplash_real,Real_Unsplash
corpora/unsplash/images/unsplash_000674.jpg,0,unsplash_real,Real_Unsplash
corpora/unsplash/images/unsplash_000675.jpg,0,unsplash_real,Real_Unsplash
corpora/unsplash/images/unsplash_000676.jpg,0,unsplash_real,Real_Unsplash
corpora/unsplash/images/unsplash_000677.jpg,0,unsplash_real,Real_Unsplash
corpora/unsplash/images/unsplash_000678.jpg,0,unsplash_real,Real_Unsplash
corpora/unsplash/images/unsplash_000679.jpg,0,unsplash_real,Real_Unsplash
corpora/unsplash/images/unsplash_000680.jpg,0,unsplash_real,Real_Unsplash
corpora/unsplash/images/unsplash_000681.jpg,0,unsplash_real,Real_Unsplash
corpora/unsplash/images/unsplash_000682.jpg,0,unsplash_real,Real_Unsplash
corpora/unsplash/images/unsplash_000683.jpg,0,unsplash_real,Real_Unsplash
corpora/unsplash/images/unsplash_000684.jpg,0,unsplash_real,Real_Unsplash
corpora/unsplash/images/unsplash_000685.jpg,0,unsplash_real,Real_Unsplash
corpora/unsplash/images/unsplash_000686.jpg,0,unsplash_real,Real_Unsplash
corpora/unsplash/images/unsplash_000687.jpg,0,unsplash_real,Real_Unsplash
corpora/unsplash/images/unsplash_000688.jpg,0,unsplash_real,Real_Unsplash
corpora/unsplash/images/unsplash_000689.jpg,0,unsplash_real,Real_Unsplash
corpora/unsplash/images/unsplash_000690.jpg,0,unsplash_real,Real_Unsplash
corpora/unsplash/images/unsplash_000691.jpg,0,unsplash_real,Real_Unsplash
corpora/unsplash/images/unsplash_000692.jpg,0,unsplash_real,Real_Unsplash
corpora/unsplash/images/unsplash_000693.jpg,0,unsplash_real,Real_Unsplash
corpora/unsplash/images/unsplash_000694.jpg,0,unsplash_real,Real_Unsplash
corpora/unsplash/images/unsplash_000695.jpg,0,unsplash_real,Real_Unsplash
corpora/unsplash/images/unsplash_000696.jpg,0,unsplash_real,Real_Unsplash
corpora/unsplash/images/unsplash_000697.jpg,0,unsplash_real,Real_Unsplash
corpora/unsplash/images/unsplash_000698.jpg,0,unsplash_real,Real_Unsplash
corpora/unsplash/images/unsplash_000699.jpg,0,unsplash_real,Real_Unsplash
corpora/unsplash/images/unsplash_000700.jpg,0,unsplash_real,Real_Unsplash
corpora/unsplash/images/unsplash_000701.jpg,0,unsplash_real,Real_Unsplash
corpora/unsplash/images/unsplash_000702.jpg,0,unsplash_real,Real_Unsplash
corpora/unsplash/images/unsplash_000703.jpg,0,unsplash_real,Real_Unsplash
corpora/unsplash/images/unsplash_000704.jpg,0,unsplash_real,Real_Unsplash
corpora/unsplash/images/unsplash_000705.jpg,0,unsplash_real,Real_Unsplash
corpora/unsplash/images/unsplash_000706.jpg,0,unsplash_real,Real_Unsplash
corpora/unsplash/images/unsplash_000707.jpg,0,unsplash_real,Real_Unsplash
corpora/unsplash/images/unsplash_000708.jpg,0,unsplash_real,Real_Unsplash
corpora/unsplash/images/unsplash_000709.jpg,0,unsplash_real,Real_Unsplash
corpora/unsplash/images/unsplash_000710.jpg,0,unsplash_real,Real_Unsplash
corpora/unsplash/images/unsplash_000711.jpg,0,unsplash_real,Real_Unsplash
corpora/unsplash/images/unsplash_000712.jpg,0,unsplash_real,Real_Unsplash
corpora/unsplash/images/unsplash_000713.jpg,0,unsplash_real,Real_Unsplash
corpora/unsplash/images/unsplash_000714.jpg,0,unsplash_real,Real_Unsplash
corpora/unsplash/images/unsplash_000715.jpg,0,unsplash_real,Real_Unsplash
corpora/unsplash/images/unsplash_000716.jpg,0,unsplash_real,Real_Unsplash
corpora/unsplash/images/unsplash_000717.jpg,0,unsplash_real,Real_Unsplash
corpora/unsplash/images/unsplash_000718.jpg,0,unsplash_real,Real_Unsplash
corpora/unsplash/images/unsplash_000719.jpg,0,unsplash_real,Real_Unsplash
corpora/unsplash/images/unsplash_000720.jpg,0,unsplash_real,Real_Unsplash
corpora/unsplash/images/unsplash_000721.jpg,0,unsplash_real,Real_Unsplash
corpora/unsplash/images/unsplash_000722.jpg,0,unsplash_real,Real_Unsplash
corpora/unsplash/images/unsplash_000723.jpg,0,unsplash_real,Real_Unsplash
corpora/unsplash/images/unsplash_000724.jpg,0,unsplash_real,Real_Unsplash
corpora/unsplash/images/unsplash_000725.jpg,0,unsplash_real,Real_Unsplash
corpora/unsplash/images/unsplash_000726.jpg,0,unsplash_real,Real_Unsplash
corpora/unsplash/images/unsplash_000727.jpg,0,unsplash_real,Real_Unsplash
corpora/unsplash/images/unsplash_000728.jpg,0,unsplash_real,Real_Unsplash
corpora/unsplash/images/unsplash_000729.jpg,0,unsplash_real,Real_Unsplash
corpora/unsplash/images/unsplash_000730.jpg,0,unsplash_real,Real_Unsplash
corpora/unsplash/images/unsplash_000731.jpg,0,unsplash_real,Real_Unsplash
corpora/unsplash/images/unsplash_000732.jpg,0,unsplash_real,Real_Unsplash
corpora/unsplash/images/unsplash_000733.jpg,0,unsplash_real,Real_Unsplash
corpora/unsplash/images/unsplash_000734.jpg,0,unsplash_real,Real_Unsplash
corpora/unsplash/images/unsplash_000735.jpg,0,unsplash_real,Real_Unsplash
corpora/unsplash/images/unsplash_000736.jpg,0,unsplash_real,Real_Unsplash
corpora/unsplash/images/unsplash_000737.jpg,0,unsplash_real,Real_Unsplash
corpora/unsplash/images/unsplash_000738.jpg,0,unsplash_real,Real_Unsplash
corpora/unsplash/images/unsplash_000739.jpg,0,unsplash_real,Real_Unsplash
corpora/unsplash/images/unsplash_000740.jpg,0,unsplash_real,Real_Unsplash
corpora/unsplash/images/unsplash_000741.jpg,0,unsplash_real,Real_Unsplash
corpora/unsplash/images/unsplash_000742.jpg,0,unsplash_real,Real_Unsplash
corpora/unsplash/images/unsplash_000743.jpg,0,unsplash_real,Real_Unsplash
corpora/unsplash/images/unsplash_000744.jpg,0,unsplash_real,Real_Unsplash
corpora/unsplash/images/unsplash_000745.jpg,0,unsplash_real,Real_Unsplash
corpora/unsplash/images/unsplash_000746.jpg,0,unsplash_real,Real_Unsplash
corpora/unsplash/images/unsplash_000747.jpg,0,unsplash_real,Real_Unsplash
corpora/unsplash/images/unsplash_000748.jpg,0,unsplash_real,Real_Unsplash
corpora/unsplash/images/unsplash_000749.jpg,0,unsplash_real,Real_Unsplash
corpora/unsplash/images/unsplash_000750.jpg,0,unsplash_real,Real_Unsplash
corpora/unsplash/images/unsplash_000751.jpg,0,unsplash_real,Real_Unsplash
corpora/unsplash/images/unsplash_000752.jpg,0,unsplash_real,Real_Unsplash
corpora/unsplash/images/unsplash_000753.jpg,0,unsplash_real,Real_Unsplash
corpora/unsplash/images/unsplash_000754.jpg,0,unsplash_real,Real_Unsplash
corpora/unsplash/images/unsplash_000755.jpg,0,unsplash_real,Real_Unsplash
corpora/unsplash/images/unsplash_000756.jpg,0,unsplash_real,Real_Unsplash
corpora/unsplash/images/unsplash_000757.jpg,0,unsplash_real,Real_Unsplash
corpora/unsplash/images/unsplash_000758.jpg,0,unsplash_real,Real_Unsplash
corpora/unsplash/images/unsplash_000759.jpg,0,unsplash_real,Real_Unsplash
corpora/unsplash/images/unsplash_000760.jpg,0,unsplash_real,Real_Unsplash
corpora/unsplash/images/unsplash_000761.jpg,0,unsplash_real,Real_Unsplash
corpora/unsplash/images/unsplash_000762.jpg,0,unsplash_real,Real_Unsplash
corpora/unsplash/images/unsplash_000763.jpg,0,unsplash_real,Real_Unsplash
corpora/unsplash/images/unsplash_000764.jpg,0,unsplash_real,Real_Unsplash
corpora/unsplash/images/unsplash_000765.jpg,0,unsplash_real,Real_Unsplash
corpora/unsplash/images/unsplash_000766.jpg,0,unsplash_real,Real_Unsplash
corpora/unsplash/images/unsplash_000767.jpg,0,unsplash_real,Real_Unsplash
corpora/unsplash/images/unsplash_000768.jpg,0,unsplash_real,Real_Unsplash
corpora/unsplash/images/unsplash_000769.jpg,0,unsplash_real,Real_Unsplash
corpora/unsplash/images/unsplash_000770.jpg,0,unsplash_real,Real_Unsplash
corpora/unsplash/images/unsplash_000771.jpg,0,unsplash_real,Real_Unsplash
corpora/unsplash/images/unsplash_000772.jpg,0,unsplash_real,Real_Unsplash
corpora/unsplash/images/unsplash_000773.jpg,0,unsplash_real,Real_Unsplash
corpora/unsplash/images/unsplash_000774.jpg,0,unsplash_real,Real_Unsplash
corpora/unsplash/images/unsplash_000775.jpg,0,unsplash_real,Real_Unsplash
corpora/unsplash/images/unsplash_000776.jpg,0,unsplash_real,Real_Unsplash
corpora/unsplash/images/unsplash_000777.jpg,0,unsplash_real,Real_Unsplash
corpora/unsplash/images/unsplash_000778.jpg,0,unsplash_real,Real_Unsplash
corpora/unsplash/images/unsplash_000779.jpg,0,unsplash_real,Real_Unsplash
corpora/unsplash/images/unsplash_000780.jpg,0,unsplash_real,Real_Unsplash
corpora/unsplash/images/unsplash_000781.jpg,0,unsplash_real,Real_Unsplash
corpora/unsplash/images/unsplash_000782.jpg,0,unsplash_real,Real_Unsplash
corpora/unsplash/images/unsplash_000783.jpg,0,unsplash_real,Real_Unsplash
corpora/unsplash/images/unsplash_000784.jpg,0,unsplash_real,Real_Unsplash
corpora/unsplash/images/unsplash_000785.jpg,0,unsplash_real,Real_Unsplash
corpora/unsplash/images/unsplash_000786.jpg,0,unsplash_real,Real_Unsplash
corpora/unsplash/images/unsplash_000787.jpg,0,unsplash_real,Real_Unsplash
corpora/unsplash/images/unsplash_000788.jpg,0,unsplash_real,Real_Unsplash
corpora/unsplash/images/unsplash_000789.jpg,0,unsplash_real,Real_Unsplash
corpora/unsplash/images/unsplash_000790.jpg,0,unsplash_real,Real_Unsplash
corpora/unsplash/images/unsplash_000791.jpg,0,unsplash_real,Real_Unsplash
corpora/unsplash/images/unsplash_000792.jpg,0,unsplash_real,Real_Unsplash
corpora/unsplash/images/unsplash_000793.jpg,0,unsplash_real,Real_Unsplash
corpora/unsplash/images/unsplash_000794.jpg,0,unsplash_real,Real_Unsplash
corpora/unsplash/images/unsplash_000795.jpg,0,unsplash_real,Real_Unsplash
corpora/unsplash/images/unsplash_000796.jpg,0,unsplash_real,Real_Unsplash
corpora/unsplash/images/unsplash_000797.jpg,0,unsplash_real,Real_Unsplash
corpora/unsplash/images/unsplash_000798.jpg,0,unsplash_real,Real_Unsplash
corpora/unsplash/images/unsplash_000799.jpg,0,unsplash_real,Real_Unsplash
corpora/unsplash/images/unsplash_000800.jpg,0,unsplash_real,Real_Unsplash
corpora/unsplash/images/unsplash_000801.jpg,0,unsplash_real,Real_Unsplash
corpora/unsplash/images/unsplash_000802.jpg,0,unsplash_real,Real_Unsplash
corpora/unsplash/images/unsplash_000803.jpg,0,unsplash_real,Real_Unsplash
corpora/unsplash/images/unsplash_000804.jpg,0,unsplash_real,Real_Unsplash
corpora/unsplash/images/unsplash_000805.jpg,0,unsplash_real,Real_Unsplash
corpora/unsplash/images/unsplash_000806.jpg,0,unsplash_real,Real_Unsplash
corpora/unsplash/images/unsplash_000807.jpg,0,unsplash_real,Real_Unsplash
corpora/unsplash/images/unsplash_000808.jpg,0,unsplash_real,Real_Unsplash
corpora/unsplash/images/unsplash_000809.jpg,0,unsplash_real,Real_Unsplash
corpora/unsplash/images/unsplash_000810.jpg,0,unsplash_real,Real_Unsplash
corpora/unsplash/images/unsplash_000811.jpg,0,unsplash_real,Real_Unsplash
corpora/unsplash/images/unsplash_000812.jpg,0,unsplash_real,Real_Unsplash
corpora/unsplash/images/unsplash_000813.jpg,0,unsplash_real,Real_Unsplash
corpora/unsplash/images/unsplash_000814.jpg,0,unsplash_real,Real_Unsplash
corpora/unsplash/images/unsplash_000815.jpg,0,unsplash_real,Real_Unsplash
corpora/unsplash/images/unsplash_000816.jpg,0,unsplash_real,Real_Unsplash
corpora/unsplash/images/unsplash_000817.jpg,0,unsplash_real,Real_Unsplash
corpora/unsplash/images/unsplash_000818.jpg,0,unsplash_real,Real_Unsplash
corpora/unsplash/images/unsplash_000819.jpg,0,unsplash_real,Real_Unsplash
corpora/unsplash/images/unsplash_000820.jpg,0,unsplash_real,Real_Unsplash
corpora/unsplash/images/unsplash_000821.jpg,0,unsplash_real,Real_Unsplash
corpora/unsplash/images/unsplash_000822.jpg,0,unsplash_real,Real_Unsplash
corpora/unsplash/images/unsplash_000823.jpg,0,unsplash_real,Real_Unsplash
corpora/unsplash/images/unsplash_000824.jpg,0,unsplash_real,Real_Unsplash
corpora/unsplash/images/unsplash_000825.jpg,0,unsplash_real,Real_Unsplash
corpora/unsplash/images/unsplash_000826.jpg,0,unsplash_real,Real_Unsplash
corpora/unsplash/images/unsplash_000827.jpg,0,unsplash_real,Real_Unsplash
corpora/unsplash/images/unsplash_000828.jpg,0,unsplash_real,Real_Unsplash
corpora/unsplash/images/unsplash_000829.jpg,0,unsplash_real,Real_Unsplash
corpora/unsplash/images/unsplash_000830.jpg,0,unsplash_real,Real_Unsplash
corpora/unsplash/images/unsplash_000831.jpg,0,unsplash_real,Real_Unsplash
corpora/unsplash/images/unsplash_000832.jpg,0,unsplash_real,Real_Unsplash
corpora/unsplash/images/unsplash_000833.jpg,0,unsplash_real,Real_Unsplash
corpora/unsplash/images/unsplash_000834.jpg,0,unsplash_real,Real_Unsplash
corpora/unsplash/images/unsplash_000835.jpg,0,unsplash_real,Real_Unsplash
corpora/unsplash/images/unsplash_000836.jpg,0,unsplash_real,Real_Unsplash
corpora/unsplash/images/unsplash_000837.jpg,0,unsplash_real,Real_Unsplash
corpora/unsplash/images/unsplash_000838.jpg,0,unsplash_real,Real_Unsplash
corpora/unsplash/images/unsplash_000839.jpg,0,unsplash_real,Real_Unsplash
corpora/unsplash/images/unsplash_000840.jpg,0,unsplash_real,Real_Unsplash
corpora/unsplash/images/unsplash_000841.jpg,0,unsplash_real,Real_Unsplash
corpora/unsplash/images/unsplash_000842.jpg,0,unsplash_real,Real_Unsplash
corpora/unsplash/images/unsplash_000843.jpg,0,unsplash_real,Real_Unsplash
corpora/unsplash/images/unsplash_000844.jpg,0,unsplash_real,Real_Unsplash
corpora/unsplash/images/unsplash_000845.jpg,0,unsplash_real,Real_Unsplash
corpora/unsplash/images/unsplash_000846.jpg,0,unsplash_real,Real_Unsplash
corpora/unsplash/images/unsplash_000847.jpg,0,unsplash_real,Real_Unsplash
corpora/unsplash/images/unsplash_000848.jpg,0,unsplash_real,Real_Unsplash
corpora/unsplash/images/unsplash_000849.jpg,0,unsplash_real,Real_Unsplash
corpora/unsplash/images/unsplash_000850.jpg,0,unsplash_real,Real_Unsplash
corpora/unsplash/images/unsplash_000851.jpg,0,unsplash_real,Real_Unsplash
corpora/unsplash/images/unsplash_000852.jpg,0,unsplash_real,Real_Unsplash
corpora/unsplash/images/unsplash_000853.jpg,0,unsplash_real,Real_Unsplash
corpora/unsplash/images/unsplash_000854.jpg,0,unsplash_real,Real_Unsplash
corpora/unsplash/images/unsplash_000855.jpg,0,unsplash_real,Real_Unsplash
corpora/unsplash/images/unsplash_000856.jpg,0,unsplash_real,Real_Unsplash
corpora/unsplash/images/unsplash_000857.jpg,0,unsplash_real,Real_Unsplash
corpora/unsplash/images/unsplash_000858.jpg,0,unsplash_real,Real_Unsplash
corpora/unsplash/images/unsplash_000859.jpg,0,unsplash_real,Real_Unsplash
corpora/unsplash/images/unsplash_000860.jpg,0,unsplash_real,Real_Unsplash
corpora/unsplash/images/unsplash_000861.jpg,0,unsplash_real,Real_Unsplash
corpora/unsplash/images/unsplash_000862.jpg,0,unsplash_real,Real_Unsplash
corpora/unsplash/images/unsplash_000863.jpg,0,unsplash_real,Real_Unsplash
corpora/unsplash/images/unsplash_000864.jpg,0,unsplash_real,Real_Unsplash
corpora/unsplash/images/unsplash_000865.jpg,0,unsplash_real,Real_Unsplash
corpora/unsplash/images/unsplash_000866.jpg,0,unsplash_real,Real_Unsplash
corpora/unsplash/images/unsplash_000867.jpg,0,unsplash_real,Real_Unsplash
corpora/unsplash/images/unsplash_000868.jpg,0,unsplash_real,Real_Unsplash
corpora/unsplash/images/unsplash_000869.jpg,0,unsplash_real,Real_Unsplash
corpora/unsplash/images/unsplash_000870.jpg,0,unsplash_real,Real_Unsplash
corpora/unsplash/images/unsplash_000871.jpg,0,unsplash_real,Real_Unsplash
corpora/unsplash/images/unsplash_000872.jpg,0,unsplash_real,Real_Unsplash
corpora/unsplash/images/unsplash_000873.jpg,0,unsplash_real,Real_Unsplash
corpora/unsplash/images/unsplash_000874.jpg,0,unsplash_real,Real_Unsplash
corpora/unsplash/images/unsplash_000875.jpg,0,unsplash_real,Real_Unsplash
corpora/unsplash/images/unsplash_000876.jpg,0,unsplash_real,Real_Unsplash
corpora/unsplash/images/unsplash_000877.jpg,0,unsplash_real,Real_Unsplash
corpora/unsplash/images/unsplash_000878.jpg,0,unsplash_real,Real_Unsplash
corpora/unsplash/images/unsplash_000879.jpg,0,unsplash_real,Real_Unsplash
corpora/unsplash/images/unsplash_000880.jpg,0,unsplash_real,Real_Unsplash
corpora/unsplash/images/unsplash_000881.jpg,0,unsplash_real,Real_Unsplash
corpora/unsplash/images/unsplash_000882.jpg,0,unsplash_real,Real_Unsplash
corpora/unsplash/images/unsplash_000883.jpg,0,unsplash_real,Real_Unsplash
corpora/unsplash/images/unsplash_000884.jpg,0,unsplash_real,Real_Unsplash
corpora/unsplash/images/unsplash_000885.jpg,0,unsplash_real,Real_Unsplash
corpora/unsplash/images/unsplash_000886.jpg,0,unsplash_real,Real_Unsplash
corpora/unsplash/images/unsplash_000887.jpg,0,unsplash_real,Real_Unsplash
corpora/unsplash/images/unsplash_000888.jpg,0,unsplash_real,Real_Unsplash
corpora/unsplash/images/unsplash_000889.jpg,0,unsplash_real,Real_Unsplash
corpora/unsplash/images/unsplash_000890.jpg,0,unsplash_real,Real_Unsplash
corpora/unsplash/images/unsplash_000891.jpg,0,unsplash_real,Real_Unsplash
corpora/unsplash/images/unsplash_000892.jpg,0,unsplash_real,Real_Unsplash
corpora/unsplash/images/unsplash_000893.jpg,0,unsplash_real,Real_Unsplash
corpora/unsplash/images/unsplash_000894.jpg,0,unsplash_real,Real_Unsplash
corpora/unsplash/images/unsplash_000895.jpg,0,unsplash_real,Real_Unsplash
corpora/unsplash/images/unsplash_000896.jpg,0,unsplash_real,Real_Unsplash
corpora/unsplash/images/unsplash_000897.jpg,0,unsplash_real,Real_Unsplash
corpora/unsplash/images/unsplash_000898.jpg,0,unsplash_real,Real_Unsplash
corpora/unsplash/images/unsplash_000899.jpg,0,unsplash_real,Real_Unsplash
corpora/unsplash/images/unsplash_000900.jpg,0,unsplash_real,Real_Unsplash
corpora/unsplash/images/unsplash_000901.jpg,0,unsplash_real,Real_Unsplash
corpora/unsplash/images/unsplash_000902.jpg,0,unsplash_real,Real_Unsplash
corpora/unsplash/images/unsplash_000903.jpg,0,unsplash_real,Real_Unsplash
corpora/unsplash/images/unsplash_000904.jpg,0,unsplash_real,Real_Unsplash
corpora/unsplash/images/unsplash_000905.jpg,0,unsplash_real,Real_Unsplash
corpora/unsplash/images/unsplash_000906.jpg,0,unsplash_real,Real_Unsplash
corpora/unsplash/images/unsplash_000907.jpg,0,unsplash_real,Real_Unsplash
corpora/unsplash/images/unsplash_000908.jpg,0,unsplash_real,Real_Unsplash
corpora/unsplash/images/unsplash_000909.jpg,0,unsplash_real,Real_Unsplash
corpora/unsplash/images/unsplash_000910.jpg,0,unsplash_real,Real_Unsplash
corpora/unsplash/images/unsplash_000911.jpg,0,unsplash_real,Real_Unsplash
corpora/unsplash/images/unsplash_000912.jpg,0,unsplash_real,Real_Unsplash
corpora/unsplash/images/unsplash_000913.jpg,0,unsplash_real,Real_Unsplash
corpora/unsplash/images/unsplash_000914.jpg,0,unsplash_real,Real_Unsplash
corpora/unsplash/images/unsplash_000915.jpg,0,unsplash_real,Real_Unsplash
corpora/unsplash/images/unsplash_000916.jpg,0,unsplash_real,Real_Unsplash
corpora/unsplash/images/unsplash_000917.jpg,0,unsplash_real,Real_Unsplash
corpora/unsplash/images/unsplash_000918.jpg,0,unsplash_real,Real_Unsplash
corpora/unsplash/images/unsplash_000919.jpg,0,unsplash_real,Real_Unsplash
corpora/unsplash/images/unsplash_000920.jpg,0,unsplash_real,Real_Unsplash
corpora/unsplash/images/unsplash_000921.jpg,0,unsplash_real,Real_Unsplash
corpora/unsplash/images/unsplash_000922.jpg,0,unsplash_real,Real_Unsplash
corpora/unsplash/images/unsplash_000923.jpg,0,unsplash_real,Real_Unsplash
corpora/unsplash/images/unsplash_000924.jpg,0,unsplash_real,Real_Unsplash
corpora/unsplash/images/unsplash_000925.jpg,0,unsplash_real,Real_Unsplash
corpora/unsplash/images/unsplash_000926.jpg,0,unsplash_real,Real_Unsplash
corpora/unsplash/images/unsplash_000927.jpg,0,unsplash_real,Real_Unsplash
corpora/unsplash/images/unsplash_000928.jpg,0,unsplash_real,Real_Unsplash
corpora/unsplash/images/unsplash_000929.jpg,0,unsplash_real,Real_Unsplash
corpora/unsplash/images/unsplash_000930.jpg,0,unsplash_real,Real_Unsplash
corpora/unsplash/images/unsplash_000931.jpg,0,unsplash_real,Real_Unsplash
corpora/unsplash/images/unsplash_000932.jpg,0,unsplash_real,Real_Unsplash
corpora/unsplash/images/unsplash_000933.jpg,0,unsplash_real,Real_Unsplash
corpora/unsplash/images/unsplash_000934.jpg,0,unsplash_real,Real_Unsplash
corpora/unsplash/images/unsplash_000935.jpg,0,unsplash_real,Real_Unsplash
corpora/unsplash/images/unsplash_000936.jpg,0,unsplash_real,Real_Unsplash
corpora/unsplash/images/unsplash_000937.jpg,0,unsplash_real,Real_Unsplash
corpora/unsplash/images/unsplash_000938.jpg,0,unsplash_real,Real_Unsplash
corpora/unsplash/images/unsplash_000939.jpg,0,unsplash_real,Real_Unsplash
corpora/unsplash/images/unsplash_000940.jpg,0,unsplash_real,Real_Unsplash
corpora/unsplash/images/unsplash_000941.jpg,0,unsplash_real,Real_Unsplash
corpora/unsplash/images/unsplash_000942.jpg,0,unsplash_real,Real_Unsplash
corpora/unsplash/images/unsplash_000943.jpg,0,unsplash_real,Real_Unsplash
corpora/unsplash/images/unsplash_000944.jpg,0,unsplash_real,Real_Unsplash
corpora/unsplash/images/unsplash_000945.jpg,0,unsplash_real,Real_Unsplash
corpora/unsplash/images/unsplash_000946.jpg,0,unsplash_real,Real_Unsplash
corpora/unsplash/images/unsplash_000947.jpg,0,unsplash_real,Real_Unsplash
corpora/unsplash/images/unsplash_000948.jpg,0,unsplash_real,Real_Unsplash
corpora/unsplash/images/unsplash_000949.jpg,0,unsplash_real,Real_Unsplash
corpora/unsplash/images/unsplash_000950.jpg,0,unsplash_real,Real_Unsplash
corpora/unsplash/images/unsplash_000951.jpg,0,unsplash_real,Real_Unsplash
corpora/unsplash/images/unsplash_000952.jpg,0,unsplash_real,Real_Unsplash
corpora/unsplash/images/unsplash_000953.jpg,0,unsplash_real,Real_Unsplash
corpora/unsplash/images/unsplash_000954.jpg,0,unsplash_real,Real_Unsplash
corpora/unsplash/images/unsplash_000955.jpg,0,unsplash_real,Real_Unsplash
corpora/unsplash/images/unsplash_000956.jpg,0,unsplash_real,Real_Unsplash
corpora/unsplash/images/unsplash_000957.jpg,0,unsplash_real,Real_Unsplash
corpora/unsplash/images/unsplash_000958.jpg,0,unsplash_real,Real_Unsplash
corpora/unsplash/images/unsplash_000959.jpg,0,unsplash_real,Real_Unsplash
corpora/unsplash/images/unsplash_000960.jpg,0,unsplash_real,Real_Unsplash
corpora/unsplash/images/unsplash_000961.jpg,0,unsplash_real,Real_Unsplash
corpora/unsplash/images/unsplash_000962.jpg,0,unsplash_real,Real_Unsplash
corpora/unsplash/images/unsplash_000963.jpg,0,unsplash_real,Real_Unsplash
corpora/unsplash/images/unsplash_000964.jpg,0,unsplash_real,Real_Unsplash
corpora/unsplash/images/unsplash_000965.jpg,0,unsplash_real,Real_Unsplash
corpora/unsplash/images/unsplash_000966.jpg,0,unsplash_real,Real_Unsplash
corpora/unsplash/images/unsplash_000967.jpg,0,unsplash_real,Real_Unsplash
corpora/unsplash/images/unsplash_000968.jpg,0,unsplash_real,Real_Unsplash
corpora/unsplash/images/unsplash_000969.jpg,0,unsplash_real,Real_Unsplash
corpora/unsplash/images/unsplash_000970.jpg,0,unsplash_real,Real_Unsplash
corpora/unsplash/images/unsplash_000971.jpg,0,unsplash_real,Real_Unsplash
corpora/unsplash/images/unsplash_000972.jpg,0,unsplash_real,Real_Unsplash
corpora/unsplash/images/unsplash_000973.jpg,0,unsplash_real,Real_Unsplash
corpora/unsplash/images/unsplash_000974.jpg,0,unsplash_real,Real_Unsplash
corpora/unsplash/images/unsplash_000975.jpg,0,unsplash_real,Real_Unsplash
corpora/unsplash/images/unsplash_000976.jpg,0,unsplash_real,Real_Unsplash
corpora/unsplash/images/unsplash_000977.jpg,0,unsplash_real,Real_Unsplash
corpora/unsplash/images/unsplash_000978.jpg,0,unsplash_real,Real_Unsplash
corpora/unsplash/images/unsplash_000979.jpg,0,unsplash_real,Real_Unsplash
corpora/unsplash/images/unsplash_000980.jpg,0,unsplash_real,Real_Unsplash
corpora/unsplash/images/unsplash_000981.jpg,0,unsplash_real,Real_Unsplash
corpora/unsplash/images/unsplash_000982.jpg,0,unsplash_real,Real_Unsplash
corpora/unsplash/images/unsplash_000983.jpg,0,unsplash_real,Real_Unsplash
corpora/unsplash/images/unsplash_000984.jpg,0,unsplash_real,Real_Unsplash
corpora/unsplash/images/unsplash_000985.jpg,0,unsplash_real,Real_Unsplash
corpora/unsplash/images/unsplash_000986.jpg,0,unsplash_real,Real_Unsplash
corpora/unsplash/images/unsplash_000987.jpg,0,unsplash_real,Real_Unsplash
corpora/unsplash/images/unsplash_000988.jpg,0,unsplash_real,Real_Unsplash
corpora/unsplash/images/unsplash_000989.jpg,0,unsplash_real,Real_Unsplash
corpora/unsplash/images/unsplash_000990.jpg,0,unsplash_real,Real_Unsplash
corpora/unsplash/images/unsplash_000991.jpg,0,unsplash_real,Real_Unsplash
corpora/unsplash/images/unsplash_000992.jpg,0,unsplash_real,Real_Unsplash
corpora/unsplash/images/unsplash_000993.jpg,0,unsplash_real,Real_Unsplash
corpora/unsplash/images/unsplash_000994.jpg,0,unsplash_real,Real_Unsplash
corpora/unsplash/images/unsplash_000995.jpg,0,unsplash_real,Real_Unsplash
corpora/unsplash/images/unsplash_000996.jpg,0,unsplash_real,Real_Unsplash
corpora/unsplash/images/unsplash_000997.jpg,0,unsplash_real,Real_Unsplash
corpora/unsplash/images/unsplash_000998.jpg,0,unsplash_real,Real_Unsplash
corpora/unsplash/images/unsplash_000999.jpg,0,unsplash_real,Real_Unsplash
corpora/unsplash/images/unsplash_001000.jpg,0,unsplash_real,Real_Unsplash
corpora/unsplash/images/unsplash_001001.jpg,0,unsplash_real,Real_Unsplash
corpora/unsplash/images/unsplash_001002.jpg,0,unsplash_real,Real_Unsplash
corpora/unsplash/images/unsplash_001003.jpg,0,unsplash_real,Real_Unsplash
corpora/unsplash/images/unsplash_001004.jpg,0,unsplash_real,Real_Unsplash
corpora/unsplash/images/unsplash_001005.jpg,0,unsplash_real,Real_Unsplash
corpora/unsplash/images/unsplash_001006.jpg,0,unsplash_real,Real_Unsplash
corpora/unsplash/images/unsplash_001007.jpg,0,unsplash_real,Real_Unsplash
corpora/unsplash/images/unsplash_001008.jpg,0,unsplash_real,Real_Unsplash
corpora/unsplash/images/unsplash_001009.jpg,0,unsplash_real,Real_Unsplash
corpora/unsplash/images/unsplash_001010.jpg,0,unsplash_real,Real_Unsplash
corpora/unsplash/images/unsplash_001011.jpg,0,unsplash_real,Real_Unsplash
corpora/unsplash/images/unsplash_001012.jpg,0,unsplash_real,Real_Unsplash
corpora/unsplash/images/unsplash_001013.jpg,0,unsplash_real,Real_Unsplash
corpora/unsplash/images/unsplash_001014.jpg,0,unsplash_real,Real_Unsplash
corpora/unsplash/images/unsplash_001015.jpg,0,unsplash_real,Real_Unsplash
corpora/unsplash/images/unsplash_001016.jpg,0,unsplash_real,Real_Unsplash
corpora/unsplash/images/unsplash_001017.jpg,0,unsplash_real,Real_Unsplash
corpora/unsplash/images/unsplash_001018.jpg,0,unsplash_real,Real_Unsplash
corpora/unsplash/images/unsplash_001019.jpg,0,unsplash_real,Real_Unsplash
corpora/unsplash/images/unsplash_001020.jpg,0,unsplash_real,Real_Unsplash
corpora/unsplash/images/unsplash_001021.jpg,0,unsplash_real,Real_Unsplash
corpora/unsplash/images/unsplash_001022.jpg,0,unsplash_real,Real_Unsplash
corpora/unsplash/images/unsplash_001023.jpg,0,unsplash_real,Real_Unsplash
corpora/unsplash/images/unsplash_001024.jpg,0,unsplash_real,Real_Unsplash
corpora/unsplash/images/unsplash_001025.jpg,0,unsplash_real,Real_Unsplash
corpora/unsplash/images/unsplash_001026.jpg,0,unsplash_real,Real_Unsplash
corpora/unsplash/images/unsplash_001027.jpg,0,unsplash_real,Real_Unsplash
corpora/unsplash/images/unsplash_001028.jpg,0,unsplash_real,Real_Unsplash
corpora/unsplash/images/unsplash_001029.jpg,0,unsplash_real,Real_Unsplash
corpora/unsplash/images/unsplash_001030.jpg,0,unsplash_real,Real_Unsplash
corpora/unsplash/images/unsplash_001031.jpg,0,unsplash_real,Real_Unsplash
corpora/unsplash/images/unsplash_001032.jpg,0,unsplash_real,Real_Unsplash
corpora/unsplash/images/unsplash_001033.jpg,0,unsplash_real,Real_Unsplash
corpora/unsplash/images/unsplash_001034.jpg,0,unsplash_real,Real_Unsplash
corpora/unsplash/images/unsplash_001035.jpg,0,unsplash_real,Real_Unsplash
corpora/unsplash/images/unsplash_001036.jpg,0,unsplash_real,Real_Unsplash
corpora/unsplash/images/unsplash_001037.jpg,0,unsplash_real,Real_Unsplash
corpora/unsplash/images/unsplash_001038.jpg,0,unsplash_real,Real_Unsplash
corpora/unsplash/images/unsplash_001039.jpg,0,unsplash_real,Real_Unsplash
corpora/unsplash/images/unsplash_001040.jpg,0,unsplash_real,Real_Unsplash
corpora/unsplash/images/unsplash_001041.jpg,0,unsplash_real,Real_Unsplash
corpora/unsplash/images/unsplash_001042.jpg,0,unsplash_real,Real_Unsplash
corpora/unsplash/images/unsplash_001043.jpg,0,unsplash_real,Real_Unsplash
corpora/unsplash/images/unsplash_001044.jpg,0,unsplash_real,Real_Unsplash
corpora/unsplash/images/unsplash_001045.jpg,0,unsplash_real,Real_Unsplash
corpora/unsplash/images/unsplash_001046.jpg,0,unsplash_real,Real_Unsplash
corpora/unsplash/images/unsplash_001047.jpg,0,unsplash_real,Real_Unsplash
corpora/unsplash/images/unsplash_001048.jpg,0,unsplash_real,Real_Unsplash
corpora/unsplash/images/unsplash_001049.jpg,0,unsplash_real,Real_Unsplash
corpora/unsplash/images/unsplash_001050.jpg,0,unsplash_real,Real_Unsplash
corpora/unsplash/images/unsplash_001051.jpg,0,unsplash_real,Real_Unsplash
corpora/unsplash/images/unsplash_001052.jpg,0,unsplash_real,Real_Unsplash
corpora/unsplash/images/unsplash_001053.jpg,0,unsplash_real,Real_Unsplash
corpora/unsplash/images/unsplash_001054.jpg,0,unsplash_real,Real_Unsplash
corpora/unsplash/images/unsplash_001055.jpg,0,unsplash_real,Real_Unsplash
corpora/unsplash/images/unsplash_001056.jpg,0,unsplash_real,Real_Unsplash
corpora/unsplash/images/unsplash_001057.jpg,0,unsplash_real,Real_Unsplash
corpora/unsplash/images/unsplash_001058.jpg,0,unsplash_real,Real_Unsplash
corpora/unsplash/images/unsplash_001059.jpg,0,unsplash_real,Real_Unsplash
corpora/unsplash/images/unsplash_001060.jpg,0,unsplash_real,Real_Unsplash
corpora/unsplash/images/unsplash_001061.jpg,0,unsplash_real,Real_Unsplash
corpora/unsplash/images/unsplash_001062.jpg,0,unsplash_real,Real_Unsplash
corpora/unsplash/images/unsplash_001063.jpg,0,unsplash_real,Real_Unsplash
corpora/unsplash/images/unsplash_001064.jpg,0,unsplash_real,Real_Unsplash
corpora/unsplash/images/unsplash_001065.jpg,0,unsplash_real,Real_Unsplash
corpora/unsplash/images/unsplash_001066.jpg,0,unsplash_real,Real_Unsplash
corpora/unsplash/images/unsplash_001067.jpg,0,unsplash_real,Real_Unsplash
corpora/unsplash/images/unsplash_001068.jpg,0,unsplash_real,Real_Unsplash
corpora/unsplash/images/unsplash_001069.jpg,0,unsplash_real,Real_Unsplash
corpora/unsplash/images/unsplash_001070.jpg,0,unsplash_real,Real_Unsplash
corpora/unsplash/images/unsplash_001071.jpg,0,unsplash_real,Real_Unsplash
corpora/unsplash/images/unsplash_001072.jpg,0,unsplash_real,Real_Unsplash
corpora/unsplash/images/unsplash_001073.jpg,0,unsplash_real,Real_Unsplash
corpora/unsplash/images/unsplash_001074.jpg,0,unsplash_real,Real_Unsplash
corpora/unsplash/images/unsplash_001075.jpg,0,unsplash_real,Real_Unsplash
corpora/unsplash/images/unsplash_001076.jpg,0,unsplash_real,Real_Unsplash
corpora/unsplash/images/unsplash_001077.jpg,0,unsplash_real,Real_Unsplash
corpora/unsplash/images/unsplash_001078.jpg,0,unsplash_real,Real_Unsplash
corpora/unsplash/images/unsplash_001079.jpg,0,unsplash_real,Real_Unsplash
corpora/unsplash/images/unsplash_001080.jpg,0,unsplash_real,Real_Unsplash
corpora/unsplash/images/unsplash_001081.jpg,0,unsplash_real,Real_Unsplash
corpora/unsplash/images/unsplash_001082.jpg,0,unsplash_real,Real_Unsplash
corpora/unsplash/images/unsplash_001083.jpg,0,unsplash_real,Real_Unsplash
corpora/unsplash/images/unsplash_001084.jpg,0,unsplash_real,Real_Unsplash
corpora/unsplash/images/unsplash_001085.jpg,0,unsplash_real,Real_Unsplash
corpora/unsplash/images/unsplash_001086.jpg,0,unsplash_real,Real_Unsplash
corpora/unsplash/images/unsplash_001087.jpg,0,unsplash_real,Real_Unsplash
corpora/unsplash/images/unsplash_001088.jpg,0,unsplash_real,Real_Unsplash
corpora/unsplash/images/unsplash_001089.jpg,0,unsplash_real,Real_Unsplash
corpora/unsplash/images/unsplash_001090.jpg,0,unsplash_real,Real_Unsplash
corpora/unsplash/images/unsplash_001091.jpg,0,unsplash_real,Real_Unsplash
corpora/unsplash/images/unsplash_001092.jpg,0,unsplash_real,Real_Unsplash
corpora/unsplash/images/unsplash_001093.jpg,0,unsplash_real,Real_Unsplash
corpora/unsplash/images/unsplash_001094.jpg,0,unsplash_real,Real_Unsplash
corpora/unsplash/images/unsplash_001095.jpg,0,unsplash_real,Real_Unsplash
corpora/unsplash/images/unsplash_001096.jpg,0,unsplash_real,Real_Unsplash
corpora/unsplash/images/unsplash_001097.jpg,0,unsplash_real,Real_Unsplash
corpora/unsplash/images/unsplash_001098.jpg,0,unsplash_real,Real_Unsplash
corpora/unsplash/images/unsplash_001099.jpg,0,unsplash_real,Real_Unsplash
corpora/unsplash/images/unsplash_001100.jpg,0,unsplash_real,Real_Unsplash
corpora/unsplash/images/unsplash_001101.jpg,0,unsplash_real,Real_Unsplash
corpora/unsplash/images/unsplash_001102.jpg,0,unsplash_real,Real_Unsplash
corpora/unsplash/images/unsplash_001103.jpg,0,unsplash_real,Real_Unsplash
corpora/unsplash/images/unsplash_001104.jpg,0,unsplash_real,Real_Unsplash
corpora/unsplash/images/unsplash_001105.jpg,0,unsplash_real,Real_Unsplash
corpora/unsplash/images/unsplash_001106.jpg,0,unsplash_real,Real_Unsplash
corpora/unsplash/images/unsplash_001107.jpg,0,unsplash_real,Real_Unsplash
corpora/unsplash/images/unsplash_001108.jpg,0,unsplash_real,Real_Unsplash
corpora/unsplash/images/unsplash_001109.jpg,0,unsplash_real,Real_Unsplash
corpora/unsplash/images/unsplash_001110.jpg,0,unsplash_real,Real_Unsplash
corpora/unsplash/images/unsplash_001111.jpg,0,unsplash_real,Real_Unsplash
corpora/unsplash/images/unsplash_001112.jpg,0,unsplash_real,Real_Unsplash
corpora/unsplash/images/unsplash_001113.jpg,0,unsplash_real,Real_Unsplash
corpora/unsplash/images/unsplash_001114.jpg,0,unsplash_real,Real_Unsplash
corpora/unsplash/images/unsplash_001115.jpg,0,unsplash_real,Real_Unsplash
corpora/unsplash/images/unsplash_001116.jpg,0,unsplash_real,Real_Unsplash
corpora/unsplash/images/unsplash_001117.jpg,0,unsplash_real,Real_Unsplash
corpora/unsplash/images/unsplash_001118.jpg,0,unsplash_real,Real_Unsplash
corpora/unsplash/images/unsplash_001119.jpg,0,unsplash_real,Real_Unsplash
corpora/unsplash/images/unsplash_001120.jpg,0,unsplash_real,Real_Unsplash
corpora/unsplash/images/unsplash_001121.jpg,0,unsplash_real,Real_Unsplash
corpora/unsplash/images/unsplash_001122.jpg,0,unsplash_real,Real_Unsplash
corpora/unsplash/images/unsplash_001123.jpg,0,unsplash_real,Real_Unsplash
corpora/unsplash/images/unsplash_001124.jpg,0,unsplash_real,Real_Unsplash
corpora/unsplash/images/unsplash_001125.jpg,0,unsplash_real,Real_Unsplash
corpora/unsplash/images/unsplash_001126.jpg,0,unsplash_real,Real_Unsplash
corpora/unsplash/images/unsplash_001127.jpg,0,unsplash_real,Real_Unsplash
corpora/unsplash/images/unsplash_001128.jpg,0,unsplash_real,Real_Unsplash
corpora/unsplash/images/unsplash_001129.jpg,0,unsplash_real,Real_Unsplash
corpora/unsplash/images/unsplash_001130.jpg,0,unsplash_real,Real_Unsplash
corpora/unsplash/images/unsplash_001131.jpg,0,unsplash_real,Real_Unsplash
corpora/unsplash/images/unsplash_001132.jpg,0,unsplash_real,Real_Unsplash
corpora/unsplash/images/unsplash_001133.jpg,0,unsplash_real,Real_Unsplash
corpora/unsplash/images/unsplash_001134.jpg,0,unsplash_real,Real_Unsplash
corpora/unsplash/images/unsplash_001135.jpg,0,unsplash_real,Real_Unsplash
corpora/unsplash/images/unsplash_001136.jpg,0,unsplash_real,Real_Unsplash
corpora/unsplash/images/unsplash_001137.jpg,0,unsplash_real,Real_Unsplash
corpora/unsplash/images/unsplash_001138.jpg,0,unsplash_real,Real_Unsplash
corpora/unsplash/images/unsplash_001139.jpg,0,unsplash_real,Real_Unsplash
corpora/unsplash/images/unsplash_001140.jpg,0,unsplash_real,Real_Unsplash
corpora/unsplash/images/unsplash_001141.jpg,0,unsplash_real,Real_Unsplash
corpora/unsplash/images/unsplash_001142.jpg,0,unsplash_real,Real_Unsplash
corpora/unsplash/images/unsplash_001143.jpg,0,unsplash_real,Real_Unsplash
corpora/unsplash/images/unsplash_001144.jpg,0,unsplash_real,Real_Unsplash
corpora/unsplash/images/unsplash_001145.jpg,0,unsplash_real,Real_Unsplash
corpora/unsplash/images/unsplash_001146.jpg,0,unsplash_real,Real_Unsplash
corpora/unsplash/images/unsplash_001147.jpg,0,unsplash_real,Real_Unsplash
corpora/unsplash/images/unsplash_001148.jpg,0,unsplash_real,Real_Unsplash
corpora/unsplash/images/unsplash_001149.jpg,0,unsplash_real,Real_Unsplash
corpora/unsplash/images/unsplash_001150.jpg,0,unsplash_real,Real_Unsplash
corpora/unsplash/images/unsplash_001151.jpg,0,unsplash_real,Real_Unsplash
corpora/unsplash/images/unsplash_001152.jpg,0,unsplash_real,Real_Unsplash
corpora/unsplash/images/unsplash_001153.jpg,0,unsplash_real,Real_Unsplash
corpora/unsplash/images/unsplash_001154.jpg,0,unsplash_real,Real_Unsplash
corpora/unsplash/images/unsplash_001155.jpg,0,unsplash_real,Real_Unsplash
corpora/unsplash/images/unsplash_001156.jpg,0,unsplash_real,Real_Unsplash
corpora/unsplash/images/unsplash_001157.jpg,0,unsplash_real,Real_Unsplash
corpora/unsplash/images/unsplash_001158.jpg,0,unsplash_real,Real_Unsplash
corpora/unsplash/images/unsplash_001159.jpg,0,unsplash_real,Real_Unsplash
corpora/unsplash/images/unsplash_001160.jpg,0,unsplash_real,Real_Unsplash
corpora/unsplash/images/unsplash_001161.jpg,0,unsplash_real,Real_Unsplash
corpora/unsplash/images/unsplash_001162.jpg,0,unsplash_real,Real_Unsplash
corpora/unsplash/images/unsplash_001163.jpg,0,unsplash_real,Real_Unsplash
corpora/unsplash/images/unsplash_001164.jpg,0,unsplash_real,Real_Unsplash
corpora/unsplash/images/unsplash_001165.jpg,0,unsplash_real,Real_Unsplash
corpora/unsplash/images/unsplash_001166.jpg,0,unsplash_real,Real_Unsplash
corpora/unsplash/images/unsplash_001167.jpg,0,unsplash_real,Real_Unsplash
corpora/unsplash/images/unsplash_001168.jpg,0,unsplash_real,Real_Unsplash
corpora/unsplash/images/unsplash_001169.jpg,0,unsplash_real,Real_Unsplash
corpora/unsplash/images/unsplash_001170.jpg,0,unsplash_real,Real_Unsplash
corpora/unsplash/images/unsplash_001171.jpg,0,unsplash_real,Real_Unsplash
corpora/unsplash/images/unsplash_001172.jpg,0,unsplash_real,Real_Unsplash
corpora/unsplash/images/unsplash_001173.jpg,0,unsplash_real,Real_Unsplash
corpora/unsplash/images/unsplash_001174.jpg,0,unsplash_real,Real_Unsplash
corpora/unsplash/images/unsplash_001175.jpg,0,unsplash_real,Real_Unsplash
corpora/unsplash/images/unsplash_001176.jpg,0,unsplash_real,Real_Unsplash
corpora/unsplash/images/unsplash_001177.jpg,0,unsplash_real,Real_Unsplash
corpora/unsplash/images/unsplash_001178.jpg,0,unsplash_real,Real_Unsplash
corpora/unsplash/images/unsplash_001179.jpg,0,unsplash_real,Real_Unsplash
corpora/unsplash/images/unsplash_001180.jpg,0,unsplash_real,Real_Unsplash
corpora/unsplash/images/unsplash_001181.jpg,0,unsplash_real,Real_Unsplash
corpora/unsplash/images/unsplash_001182.jpg,0,unsplash_real,Real_Unsplash
corpora/unsplash/images/unsplash_001183.jpg,0,unsplash_real,Real_Unsplash
corpora/unsplash/images/unsplash_001184.jpg,0,unsplash_real,Real_Unsplash
corpora/unsplash/images/unsplash_001185.jpg,0,unsplash_real,Real_Unsplash
corpora/unsplash/images/unsplash_001186.jpg,0,unsplash_real,Real_Unsplash
corpora/unsplash/images/unsplash_001187.jpg,0,unsplash_real,Real_Unsplash
corpora/unsplash/images/unsplash_001188.jpg,0,unsplash_real,Real_Unsplash
corpora/unsplash/images/unsplash_001189.jpg,0,unsplash_real,Real_Unsplash
corpora/unsplash/images/unsplash_001190.jpg,0,unsplash_real,Real_Unsplash
corpora/unsplash/images/unsplash_001191.jpg,0,unsplash_real,Real_Unsplash
corpora/unsplash/images/unsplash_001192.jpg,0,unsplash_real,Real_Unsplash
corpora/unsplash/images/unsplash_001193.jpg,0,unsplash_real,Real_Unsplash
corpora/unsplash/images/unsplash_001194.jpg,0,unsplash_real,Real_Unsplash
corpora/unsplash/images/unsplash_001195.jpg,0,unsplash_real,Real_Unsplash
corpora/unsplash/images/unsplash_001196.jpg,0,unsplash_real,Real_Unsplash
corpora/unsplash/images/unsplash_001197.jpg,0,unsplash_real,Real_Unsplash
corpora/unsplash/images/unsplash_001198.jpg,0,unsplash_real,Real_Unsplash
corpora/unsplash/images/unsplash_001199.jpg,0,unsplash_real,Real_Unsplash
corpora/unsplash/images/unsplash_001200.jpg,0,unsplash_real,Real_Unsplash
corpora/unsplash/images/unsplash_001201.jpg,0,unsplash_real,Real_Unsplash
corpora/unsplash/images/unsplash_001202.jpg,0,unsplash_real,Real_Unsplash
corpora/unsplash/images/unsplash_001203.jpg,0,unsplash_real,Real_Unsplash
corpora/unsplash/images/unsplash_001204.jpg,0,unsplash_real,Real_Unsplash
corpora/unsplash/images/unsplash_001205.jpg,0,unsplash_real,Real_Unsplash
corpora/unsplash/images/unsplash_001206.jpg,0,unsplash_real,Real_Unsplash
corpora/unsplash/images/unsplash_001207.jpg,0,unsplash_real,Real_Unsplash
corpora/unsplash/images/unsplash_001208.jpg,0,unsplash_real,Real_Unsplash
corpora/unsplash/images/unsplash_001209.jpg,0,unsplash_real,Real_Unsplash
corpora/unsplash/images/unsplash_001210.jpg,0,unsplash_real,Real_Unsplash
corpora/unsplash/images/unsplash_001211.jpg,0,unsplash_real,Real_Unsplash
corpora/unsplash/images/unsplash_001212.jpg,0,unsplash_real,Real_Unsplash
corpora/unsplash/images/unsplash_001213.jpg,0,unsplash_real,Real_Unsplash
corpora/unsplash/images/unsplash_001214.jpg,0,unsplash_real,Real_Unsplash
corpora/unsplash/images/unsplash_001215.jpg,0,unsplash_real,Real_Unsplash
corpora/unsplash/images/unsplash_001216.jpg,0,unsplash_real,Real_Unsplash
corpora/unsplash/images/unsplash_001217.jpg,0,unsplash_real,Real_Unsplash
corpora/unsplash/images/unsplash_001218.jpg,0,unsplash_real,Real_Unsplash
corpora/unsplash/images/unsplash_001219.jpg,0,unsplash_real,Real_Unsplash
corpora/unsplash/images/unsplash_001220.jpg,0,unsplash_real,Real_Unsplash
corpora/unsplash/images/unsplash_001221.jpg,0,unsplash_real,Real_Unsplash
corpora/unsplash/images/unsplash_001222.jpg,0,unsplash_real,Real_Unsplash
corpora/unsplash/images/unsplash_001223.jpg,0,unsplash_real,Real_Unsplash
corpora/unsplash/images/unsplash_001224.jpg,0,unsplash_real,Real_Unsplash
corpora/unsplash/images/unsplash_001225.jpg,0,unsplash_real,Real_Unsplash
corpora/unsplash/images/unsplash_001226.jpg,0,unsplash_real,Real_Unsplash
corpora/unsplash/images/unsplash_001227.jpg,0,unsplash_real,Real_Unsplash
corpora/unsplash/images/unsplash_001228.jpg,0,unsplash_real,Real_Unsplash
corpora/unsplash/images/unsplash_001229.jpg,0,unsplash_real,Real_Unsplash
corpora/unsplash/images/unsplash_001230.jpg,0,unsplash_real,Real_Unsplash
corpora/unsplash/images/unsplash_001231.jpg,0,unsplash_real,Real_Unsplash
corpora/unsplash/images/unsplash_001232.jpg,0,unsplash_real,Real_Unsplash
corpora/unsplash/images/unsplash_001233.jpg,0,unsplash_real,Real_Unsplash
corpora/unsplash/images/unsplash_001234.jpg,0,unsplash_real,Real_Unsplash
corpora/unsplash/images/unsplash_001235.jpg,0,unsplash_real,Real_Unsplash
corpora/unsplash/images/unsplash_001236.jpg,0,unsplash_real,Real_Unsplash
corpora/unsplash/images/unsplash_001237.jpg,0,unsplash_real,Real_Unsplash
corpora/unsplash/images/unsplash_001238.jpg,0,unsplash_real,Real_Unsplash
corpora/unsplash/images/unsplash_001239.jpg,0,unsplash_real,Real_Unsplash
corpora/unsplash/images/unsplash_001240.jpg,0,unsplash_real,Real_Unsplash
corpora/unsplash/images/unsplash_001241.jpg,0,unsplash_real,Real_Unsplash
corpora/unsplash/images/unsplash_001242.jpg,0,unsplash_real,Real_Unsplash
corpora/unsplash/images/unsplash_001243.jpg,0,unsplash_real,Real_Unsplash
corpora/unsplash/images/unsplash_001244.jpg,0,unsplash_real,Real_Unsplash
corpora/unsplash/images/unsplash_001245.jpg,0,unsplash_real,Real_Unsplash
corpora/unsplash/images/unsplash_001246.jpg,0,unsplash_real,Real_Unsplash
corpora/unsplash/images/unsplash_001247.jpg,0,unsplash_real,Real_Unsplash
corpora/unsplash/images/unsplash_001248.jpg,0,unsplash_real,Real_Unsplash
corpora/unsplash/images/unsplash_001249.jpg,0,unsplash_real,Real_Unsplash
corpora/unsplash/images/unsplash_001250.jpg,0,unsplash_real,Real_Unsplash
corpora/unsplash/images/unsplash_001251.jpg,0,unsplash_real,Real_Unsplash
corpora/unsplash/images/unsplash_001252.jpg,0,unsplash_real,Real_Unsplash
corpora/unsplash/images/unsplash_001253.jpg,0,unsplash_real,Real_Unsplash
corpora/unsplash/images/unsplash_001254.jpg,0,unsplash_real,Real_Unsplash
corpora/unsplash/images/unsplash_001255.jpg,0,unsplash_real,Real_Unsplash
corpora/unsplash/images/unsplash_001256.jpg,0,unsplash_real,Real_Unsplash
corpora/unsplash/images/unsplash_001257.jpg,0,unsplash_real,Real_Unsplash
corpora/unsplash/images/unsplash_001258.jpg,0,unsplash_real,Real_Unsplash
corpora/unsplash/images/unsplash_001259.jpg,0,unsplash_real,Real_Unsplash
corpora/unsplash/images/unsplash_001260.jpg,0,unsplash_real,Real_Unsplash
corpora/unsplash/images/unsplash_001261.jpg,0,unsplash_real,Real_Unsplash
corpora/unsplash/images/unsplash_001262.jpg,0,unsplash_real,Real_Unsplash
corpora/unsplash/images/unsplash_001263.jpg,0,unsplash_real,Real_Unsplash
corpora/unsplash/images/unsplash_001264.jpg,0,unsplash_real,Real_Unsplash
corpora/unsplash/images/unsplash_001265.jpg,0,unsplash_real,Real_Unsplash
corpora/unsplash/images/unsplash_001266.jpg,0,unsplash_real,Real_Unsplash
corpora/unsplash/images/unsplash_001267.jpg,0,unsplash_real,Real_Unsplash
corpora/unsplash/images/unsplash_001268.jpg,0,unsplash_real,Real_Unsplash
corpora/unsplash/images/unsplash_001269.jpg,0,unsplash_real,Real_Unsplash
corpora/unsplash/images/unsplash_001270.jpg,0,unsplash_real,Real_Unsplash
corpora/unsplash/images/unsplash_001271.jpg,0,unsplash_real,Real_Unsplash
corpora/unsplash/images/unsplash_001272.jpg,0,unsplash_real,Real_Unsplash
corpora/unsplash/images/unsplash_001273.jpg,0,unsplash_real,Real_Unsplash
corpora/unsplash/images/unsplash_001274.jpg,0,unsplash_real,Real_Unsplash
corpora/unsplash/images/unsplash_001275.jpg,0,unsplash_real,Real_Unsplash
corpora/unsplash/images/unsplash_001276.jpg,0,unsplash_real,Real_Unsplash
corpora/unsplash/images/unsplash_001277.jpg,0,unsplash_real,Real_Unsplash
corpora/unsplash/images/unsplash_001278.jpg,0,unsplash_real,Real_Unsplash
corpora/unsplash/images/unsplash_001279.jpg,0,unsplash_real,Real_Unsplash
corpora/unsplash/images/unsplash_001280.jpg,0,unsplash_real,Real_Unsplash
corpora/unsplash/images/unsplash_001281.jpg,0,unsplash_real,Real_Unsplash
corpora/unsplash/images/unsplash_001282.jpg,0,unsplash_real,Real_Unsplash
corpora/unsplash/images/unsplash_001283.jpg,0,unsplash_real,Real_Unsplash
corpora/unsplash/images/unsplash_001284.jpg,0,unsplash_real,Real_Unsplash
corpora/unsplash/images/unsplash_001285.jpg,0,unsplash_real,Real_Unsplash
corpora/unsplash/images/unsplash_001286.jpg,0,unsplash_real,Real_Unsplash
corpora/unsplash/images/unsplash_001287.jpg,0,unsplash_real,Real_Unsplash
corpora/unsplash/images/unsplash_001288.jpg,0,unsplash_real,Real_Unsplash
corpora/unsplash/images/unsplash_001289.jpg,0,unsplash_real,Real_Unsplash
corpora/unsplash/images/unsplash_001290.jpg,0,unsplash_real,Real_Unsplash
corpora/unsplash/images/unsplash_001291.jpg,0,unsplash_real,Real_Unsplash
corpora/unsplash/images/unsplash_001292.jpg,0,unsplash_real,Real_Unsplash
corpora/unsplash/images/unsplash_001293.jpg,0,unsplash_real,Real_Unsplash
corpora/unsplash/images/unsplash_001294.jpg,0,unsplash_real,Real_Unsplash
corpora/unsplash/images/unsplash_001295.jpg,0,unsplash_real,Real_Unsplash
corpora/unsplash/images/unsplash_001296.jpg,0,unsplash_real,Real_Unsplash
corpora/unsplash/images/unsplash_001297.jpg,0,unsplash_real,Real_Unsplash
corpora/unsplash/images/unsplash_001298.jpg,0,unsplash_real,Real_Unsplash
corpora/unsplash/images/unsplash_001299.jpg,0,unsplash_real,Real_Unsplash
corpora/unsplash/images/unsplash_001300.jpg,0,unsplash_real,Real_Unsplash
corpora/unsplash/images/unsplash_001301.jpg,0,unsplash_real,Real_Unsplash
corpora/unsplash/images/unsplash_001302.jpg,0,unsplash_real,Real_Unsplash
corpora/unsplash/images/unsplash_001303.jpg,0,unsplash_real,Real_Unsplash
corpora/unsplash/images/unsplash_001304.jpg,0,unsplash_real,Real_Unsplash
corpora/unsplash/images/unsplash_001305.jpg,0,unsplash_real,Real_Unsplash
corpora/unsplash/images/unsplash_001306.jpg,0,unsplash_real,Real_Unsplash
corpora/unsplash/images/unsplash_001307.jpg,0,unsplash_real,Real_Unsplash
corpora/unsplash/images/unsplash_001308.jpg,0,unsplash_real,Real_Unsplash
corpora/unsplash/images/unsplash_001309.jpg,0,unsplash_real,Real_Unsplash
corpora/unsplash/images/unsplash_001310.jpg,0,unsplash_real,Real_Unsplash
corpora/unsplash/images/unsplash_001311.jpg,0,unsplash_real,Real_Unsplash
corpora/unsplash/images/unsplash_001312.jpg,0,unsplash_real,Real_Unsplash
corpora/unsplash/images/unsplash_001313.jpg,0,unsplash_real,Real_Unsplash
corpora/unsplash/images/unsplash_001314.jpg,0,unsplash_real,Real_Unsplash
corpora/unsplash/images/unsplash_001315.jpg,0,unsplash_real,Real_Unsplash
corpora/unsplash/images/unsplash_001316.jpg,0,unsplash_real,Real_Unsplash
corpora/unsplash/images/unsplash_001317.jpg,0,unsplash_real,Real_Unsplash
corpora/unsplash/images/unsplash_001318.jpg,0,unsplash_real,Real_Unsplash
corpora/unsplash/images/unsplash_001319.jpg,0,unsplash_real,Real_Unsplash
corpora/unsplash/images/unsplash_001320.jpg,0,unsplash_real,Real_Unsplash
corpora/unsplash/images/unsplash_001321.jpg,0,unsplash_real,Real_Unsplash
corpora/unsplash/images/unsplash_001322.jpg,0,unsplash_real,Real_Unsplash
corpora/unsplash/images/unsplash_001323.jpg,0,unsplash_real,Real_Unsplash
corpora/unsplash/images/unsplash_001324.jpg,0,unsplash_real,Real_Unsplash
corpora/unsplash/images/unsplash_001325.jpg,0,unsplash_real,Real_Unsplash
corpora/unsplash/images/unsplash_001326.jpg,0,unsplash_real,Real_Unsplash
corpora/unsplash/images/unsplash_001327.jpg,0,unsplash_real,Real_Unsplash
corpora/unsplash/images/unsplash_001328.jpg,0,unsplash_real,Real_Unsplash
corpora/unsplash/images/unsplash_001329.jpg,0,unsplash_real,Real_Unsplash
corpora/unsplash/images/unsplash_001330.jpg,0,unsplash_real,Real_Unsplash
corpora/unsplash/images/unsplash_001331.jpg,0,unsplash_real,Real_Unsplash
corpora/unsplash/images/unsplash_001332.jpg,0,unsplash_real,Real_Unsplash
corpora/unsplash/images/unsplash_001333.jpg,0,unsplash_real,Real_Unsplash
corpora/unsplash/images/unsplash_001334.jpg,0,unsplash_real,Real_Unsplash
corpora/unsplash/images/unsplash_001335.jpg,0,unsplash_real,Real_Unsplash
corpora/unsplash/images/unsplash_001336.jpg,0,unsplash_real,Real_Unsplash
corpora/unsplash/images/unsplash_001337.jpg,0,unsplash_real,Real_Unsplash
corpora/unsplash/images/unsplash_001338.jpg,0,unsplash_real,Real_Unsplash
corpora/unsplash/images/unsplash_001339.jpg,0,unsplash_real,Real_Unsplash
corpora/unsplash/images/unsplash_001340.jpg,0,unsplash_real,Real_Unsplash
corpora/unsplash/images/unsplash_001341.jpg,0,unsplash_real,Real_Unsplash
corpora/unsplash/images/unsplash_001342.jpg,0,unsplash_real,Real_Unsplash
corpora/unsplash/images/unsplash_001343.jpg,0,unsplash_real,Real_Unsplash
corpora/unsplash/images/unsplash_001344.jpg,0,unsplash_real,Real_Unsplash
corpora/unsplash/images/unsplash_001345.jpg,0,unsplash_real,Real_Unsplash
corpora/unsplash/images/unsplash_001346.jpg,0,unsplash_real,Real_Unsplash
corpora/unsplash/images/unsplash_001347.jpg,0,unsplash_real,Real_Unsplash
corpora/unsplash/images/unsplash_001348.jpg,0,unsplash_real,Real_Unsplash
corpora/unsplash/images/unsplash_001349.jpg,0,unsplash_real,Real_Unsplash
corpora/unsplash/images/unsplash_001350.jpg,0,unsplash_real,Real_Unsplash
corpora/unsplash/images/unsplash_001351.jpg,0,unsplash_real,Real_Unsplash
corpora/unsplash/images/unsplash_001352.jpg,0,unsplash_real,Real_Unsplash
corpora/unsplash/images/unsplash_001353.jpg,0,unsplash_real,Real_Unsplash
corpora/unsplash/images/unsplash_001354.jpg,0,unsplash_real,Real_Unsplash
corpora/unsplash/images/unsplash_001355.jpg,0,unsplash_real,Real_Unsplash
corpora/unsplash/images/unsplash_001356.jpg,0,unsplash_real,Real_Unsplash
corpora/unsplash/images/unsplash_001357.jpg,0,unsplash_real,Real_Unsplash
corpora/unsplash/images/unsplash_001358.jpg,0,unsplash_real,Real_Unsplash
corpora/unsplash/images/unsplash_001359.jpg,0,unsplash_real,Real_Unsplash
corpora/unsplash/images/unsplash_001360.jpg,0,unsplash_real,Real_Unsplash
corpora/unsplash/images/unsplash_001361.jpg,0,unsplash_real,Real_Unsplash
corpora/unsplash/images/unsplash_001362.jpg,0,unsplash_real,Real_Unsplash
corpora/unsplash/images/unsplash_001363.jpg,0,unsplash_real,Real_Unsplash
corpora/unsplash/images/unsplash_001364.jpg,0,unsplash_real,Real_Unsplash
corpora/unsplash/images/unsplash_001365.jpg,0,unsplash_real,Real_Unsplash
corpora/unsplash/images/unsplash_001366.jpg,0,unsplash_real,Real_Unsplash
corpora/unsplash/images/unsplash_001367.jpg,0,unsplash_real,Real_Unsplash
corpora/unsplash/images/unsplash_001368.jpg,0,unsplash_real,Real_Unsplash
corpora/unsplash/images/unsplash_001369.jpg,0,unsplash_real,Real_Unsplash
corpora/unsplash/images/unsplash_001370.jpg,0,unsplash_real,Real_Unsplash
corpora/unsplash/images/unsplash_001371.jpg,0,unsplash_real,Real_Unsplash
corpora/unsplash/images/unsplash_001372.jpg,0,unsplash_real,Real_Unsplash
corpora/unsplash/images/unsplash_001373.jpg,0,unsplash_real,Real_Unsplash
corpora/unsplash/images/unsplash_001374.jpg,0,unsplash_real,Real_Unsplash
corpora/unsplash/images/unsplash_001375.jpg,0,unsplash_real,Real_Unsplash
corpora/unsplash/images/unsplash_001376.jpg,0,unsplash_real,Real_Unsplash
corpora/unsplash/images/unsplash_001377.jpg,0,unsplash_real,Real_Unsplash
corpora/unsplash/images/unsplash_001378.jpg,0,unsplash_real,Real_Unsplash
corpora/unsplash/images/unsplash_001379.jpg,0,unsplash_real,Real_Unsplash
corpora/unsplash/images/unsplash_001380.jpg,0,unsplash_real,Real_Unsplash
corpora/unsplash/images/unsplash_001381.jpg,0,unsplash_real,Real_Unsplash
corpora/unsplash/images/unsplash_001382.jpg,0,unsplash_real,Real_Unsplash
corpora/unsplash/images/unsplash_001383.jpg,0,unsplash_real,Real_Unsplash
corpora/unsplash/images/unsplash_001384.jpg,0,unsplash_real,Real_Unsplash
corpora/unsplash/images/unsplash_001385.jpg,0,unsplash_real,Real_Unsplash
corpora/unsplash/images/unsplash_001386.jpg,0,unsplash_real,Real_Unsplash
corpora/unsplash/images/unsplash_001387.jpg,0,unsplash_real,Real_Unsplash
corpora/unsplash/images/unsplash_001388.jpg,0,unsplash_real,Real_Unsplash
corpora/unsplash/images/unsplash_001389.jpg,0,unsplash_real,Real_Unsplash
corpora/unsplash/images/unsplash_001390.jpg,0,unsplash_real,Real_Unsplash
corpora/unsplash/images/unsplash_001391.jpg,0,unsplash_real,Real_Unsplash
corpora/unsplash/images/unsplash_001392.jpg,0,unsplash_real,Real_Unsplash
corpora/unsplash/images/unsplash_001393.jpg,0,unsplash_real,Real_Unsplash
corpora/unsplash/images/unsplash_001394.jpg,0,unsplash_real,Real_Unsplash
corpora/unsplash/images/unsplash_001395.jpg,0,unsplash_real,Real_Unsplash
corpora/unsplash/images/unsplash_001396.jpg,0,unsplash_real,Real_Unsplash
corpora/unsplash/images/unsplash_001397.jpg,0,unsplash_real,Real_Unsplash
corpora/unsplash/images/unsplash_001398.jpg,0,unsplash_real,Real_Unsplash
corpora/unsplash/images/unsplash_001399.jpg,0,unsplash_real,Real_Unsplash
corpora/unsplash/images/unsplash_001400.jpg,0,unsplash_real,Real_Unsplash
corpora/unsplash/images/unsplash_001401.jpg,0,unsplash_real,Real_Unsplash
corpora/unsplash/images/unsplash_001402.jpg,0,unsplash_real,Real_Unsplash
corpora/unsplash/images/unsplash_001403.jpg,0,unsplash_real,Real_Unsplash
corpora/unsplash/images/unsplash_001404.jpg,0,unsplash_real,Real_Unsplash
corpora/unsplash/images/unsplash_001405.jpg,0,unsplash_real,Real_Unsplash
corpora/unsplash/images/unsplash_001406.jpg,0,unsplash_real,Real_Unsplash
corpora/unsplash/images/unsplash_001407.jpg,0,unsplash_real,Real_Unsplash
corpora/unsplash/images/unsplash_001408.jpg,0,unsplash_real,Real_Unsplash
corpora/unsplash/images/unsplash_001409.jpg,0,unsplash_real,Real_Unsplash
corpora/unsplash/images/unsplash_001410.jpg,0,unsplash_real,Real_Unsplash
corpora/unsplash/images/unsplash_001411.jpg,0,unsplash_real,Real_Unsplash
corpora/unsplash/images/unsplash_001412.jpg,0,unsplash_real,Real_Unsplash
corpora/unsplash/images/unsplash_001413.jpg,0,unsplash_real,Real_Unsplash
corpora/unsplash/images/unsplash_001414.jpg,0,unsplash_real,Real_Unsplash
corpora/unsplash/images/unsplash_001415.jpg,0,unsplash_real,Real_Unsplash
corpora/unsplash/images/unsplash_001416.jpg,0,unsplash_real,Real_Unsplash
corpora/unsplash/images/unsplash_001417.jpg,0,unsplash_real,Real_Unsplash
corpora/unsplash/images/unsplash_001418.jpg,0,unsplash_real,Real_Unsplash
corpora/unsplash/images/unsplash_001419.jpg,0,unsplash_real,Real_Unsplash
corpora/unsplash/images/unsplash_001420.jpg,0,unsplash_real,Real_Unsplash
corpora/unsplash/images/unsplash_001421.jpg,0,unsplash_real,Real_Unsplash
corpora/unsplash/images/unsplash_001422.jpg,0,unsplash_real,Real_Unsplash
corpora/unsplash/images/unsplash_001423.jpg,0,unsplash_real,Real_Unsplash
corpora/unsplash/images/unsplash_001424.jpg,0,unsplash_real,Real_Unsplash
corpora/unsplash/images/unsplash_001425.jpg,0,unsplash_real,Real_Unsplash
corpora/unsplash/images/unsplash_001426.jpg,0,unsplash_real,Real_Unsplash
corpora/unsplash/images/unsplash_001427.jpg,0,unsplash_real,Real_Unsplash
corpora/unsplash/images/unsplash_001428.jpg,0,unsplash_real,Real_Unsplash
corpora/unsplash/images/unsplash_001429.jpg,0,unsplash_real,Real_Unsplash
corpora/unsplash/images/unsplash_001430.jpg,0,unsplash_real,Real_Unsplash
corpora/unsplash/images/unsplash_001431.jpg,0,unsplash_real,Real_Unsplash
corpora/unsplash/images/unsplash_001432.jpg,0,unsplash_real,Real_Unsplash
corpora/unsplash/images/unsplash_001433.jpg,0,unsplash_real,Real_Unsplash
corpora/unsplash/images/unsplash_001434.jpg,0,unsplash_real,Real_Unsplash
corpora/unsplash/images/unsplash_001435.jpg,0,unsplash_real,Real_Unsplash
corpora/unsplash/images/unsplash_001436.jpg,0,unsplash_real,Real_Unsplash
corpora/unsplash/images/unsplash_001437.jpg,0,unsplash_real,Real_Unsplash
corpora/unsplash/images/unsplash_001438.jpg,0,unsplash_real,Real_Unsplash
corpora/unsplash/images/unsplash_001439.jpg,0,unsplash_real,Real_Unsplash
corpora/unsplash/images/unsplash_001440.jpg,0,unsplash_real,Real_Unsplash
corpora/unsplash/images/unsplash_001441.jpg,0,unsplash_real,Real_Unsplash
corpora/unsplash/images/unsplash_001442.jpg,0,unsplash_real,Real_Unsplash
corpora/unsplash/images/unsplash_001443.jpg,0,unsplash_real,Real_Unsplash
corpora/unsplash/images/unsplash_001444.jpg,0,unsplash_real,Real_Unsplash
corpora/unsplash/images/unsplash_001445.jpg,0,unsplash_real,Real_Unsplash
corpora/unsplash/images/unsplash_001446.jpg,0,unsplash_real,Real_Unsplash
corpora/unsplash/images/unsplash_001447.jpg,0,unsplash_real,Real_Unsplash
corpora/unsplash/images/unsplash_001448.jpg,0,unsplash_real,Real_Unsplash
corpora/unsplash/images/unsplash_001449.jpg,0,unsplash_real,Real_Unsplash
corpora/unsplash/images/unsplash_001450.jpg,0,unsplash_real,Real_Unsplash
corpora/unsplash/images/unsplash_001451.jpg,0,unsplash_real,Real_Unsplash
corpora/unsplash/images/unsplash_001452.jpg,0,unsplash_real,Real_Unsplash
corpora/unsplash/images/unsplash_001453.jpg,0,unsplash_real,Real_Unsplash
corpora/unsplash/images/unsplash_001454.jpg,0,unsplash_real,Real_Unsplash
corpora/unsplash/images/unsplash_001455.jpg,0,unsplash_real,Real_Unsplash
corpora/unsplash/images/unsplash_001456.jpg,0,unsplash_real,Real_Unsplash
corpora/unsplash/images/unsplash_001457.jpg,0,unsplash_real,Real_Unsplash
corpora/unsplash/images/unsplash_001458.jpg,0,unsplash_real,Real_Unsplash
corpora/unsplash/images/unsplash_001459.jpg,0,unsplash_real,Real_Unsplash
corpora/unsplash/images/unsplash_001460.jpg,0,unsplash_real,Real_Unsplash
corpora/unsplash/images/unsplash_001461.jpg,0,unsplash_real,Real_Unsplash
corpora/unsplash/images/unsplash_001462.jpg,0,unsplash_real,Real_Unsplash
corpora/unsplash/images/unsplash_001463.jpg,0,unsplash_real,Real_Unsplash
corpora/unsplash/images/unsplash_001464.jpg,0,unsplash_real,Real_Unsplash
corpora/unsplash/images/unsplash_001465.jpg,0,unsplash_real,Real_Unsplash
corpora/unsplash/images/unsplash_001466.jpg,0,unsplash_real,Real_Unsplash
corpora/unsplash/images/unsplash_001467.jpg,0,unsplash_real,Real_Unsplash
corpora/unsplash/images/unsplash_001468.jpg,0,unsplash_real,Real_Unsplash
corpora/unsplash/images/unsplash_001469.jpg,0,unsplash_real,Real_Unsplash
corpora/unsplash/images/unsplash_001470.jpg,0,unsplash_real,Real_Unsplash
corpora/unsplash/images/unsplash_001471.jpg,0,unsplash_real,Real_Unsplash
corpora/unsplash/images/unsplash_001472.jpg,0,unsplash_real,Real_Unsplash
corpora/unsplash/images/unsplash_001473.jpg,0,unsplash_real,Real_Unsplash
corpora/unsplash/images/unsplash_001474.jpg,0,unsplash_real,Real_Unsplash
corpora/unsplash/images/unsplash_001475.jpg,0,unsplash_real,Real_Unsplash
corpora/unsplash/images/unsplash_001476.jpg,0,unsplash_real,Real_Unsplash
corpora/unsplash/images/unsplash_001477.jpg,0,unsplash_real,Real_Unsplash
corpora/unsplash/images/unsplash_001478.jpg,0,unsplash_real,Real_Unsplash
corpora/unsplash/images/unsplash_001479.jpg,0,unsplash_real,Real_Unsplash
corpora/unsplash/images/unsplash_001480.jpg,0,unsplash_real,Real_Unsplash
corpora/unsplash/images/unsplash_001481.jpg,0,unsplash_real,Real_Unsplash
corpora/unsplash/images/unsplash_001482.jpg,0,unsplash_real,Real_Unsplash
corpora/unsplash/images/unsplash_001483.jpg,0,unsplash_real,Real_Unsplash
corpora/unsplash/images/unsplash_001484.jpg,0,unsplash_real,Real_Unsplash
corpora/unsplash/images/unsplash_001485.jpg,0,unsplash_real,Real_Unsplash
corpora/unsplash/images/unsplash_001486.jpg,0,unsplash_real,Real_Unsplash
corpora/unsplash/images/unsplash_001487.jpg,0,unsplash_real,Real_Unsplash
corpora/unsplash/images/unsplash_001488.jpg,0,unsplash_real,Real_Unsplash
corpora/unsplash/images/unsplash_001489.jpg,0,unsplash_real,Real_Unsplash
corpora/unsplash/images/unsplash_001490.jpg,0,unsplash_real,Real_Unsplash
corpora/unsplash/images/unsplash_001491.jpg,0,unsplash_real,Real_Unsplash
corpora/unsplash/images/unsplash_001492.jpg,0,unsplash_real,Real_Unsplash
corpora/unsplash/images/unsplash_001493.jpg,0,unsplash_real,Real_Unsplash
corpora/unsplash/images/unsplash_001494.jpg,0,unsplash_real,Real_Unsplash
corpora/unsplash/images/unsplash_001495.jpg,0,unsplash_real,Real_Unsplash
corpora/unsplash/images/unsplash_001496.jpg,0,unsplash_real,Real_Unsplash
corpora/unsplash/images/unsplash_001497.jpg,0,unsplash_real,Real_Unsplash
corpora/unsplash/images/unsplash_001498.jpg,0,unsplash_real,Real_Unsplash
corpora/unsplash/images/unsplash_001499.jpg,0,unsplash_real,Real_Unsplash
corpora/unsplash/images/unsplash_001500.jpg,0,unsplash_real,Real_Unsplash
corpora/unsplash/images/unsplash_001501.jpg,0,unsplash_real,Real_Unsplash
corpora/unsplash/images/unsplash_001502.jpg,0,unsplash_real,Real_Unsplash
corpora/unsplash/images/unsplash_001503.jpg,0,unsplash_real,Real_Unsplash
corpora/unsplash/images/unsplash_001504.jpg,0,unsplash_real,Real_Unsplash
corpora/unsplash/images/unsplash_001505.jpg,0,unsplash_real,Real_Unsplash
corpora/unsplash/images/unsplash_001506.jpg,0,unsplash_real,Real_Unsplash
corpora/unsplash/images/unsplash_001507.jpg,0,unsplash_real,Real_Unsplash
corpora/unsplash/images/unsplash_001508.jpg,0,unsplash_real,Real_Unsplash
corpora/unsplash/images/unsplash_001509.jpg,0,unsplash_real,Real_Unsplash
corpora/unsplash/images/unsplash_001510.jpg,0,unsplash_real,Real_Unsplash
corpora/unsplash/images/unsplash_001511.jpg,0,unsplash_real,Real_Unsplash
corpora/unsplash/images/unsplash_001512.jpg,0,unsplash_real,Real_Unsplash
corpora/unsplash/images/unsplash_001513.jpg,0,unsplash_real,Real_Unsplash
corpora/unsplash/images/unsplash_001514.jpg,0,unsplash_real,Real_Unsplash
corpora/unsplash/images/unsplash_001515.jpg,0,unsplash_real,Real_Unsplash
corpora/unsplash/images/unsplash_001516.jpg,0,unsplash_real,Real_Unsplash
corpora/unsplash/images/unsplash_001517.jpg,0,unsplash_real,Real_Unsplash
corpora/unsplash/images/unsplash_001518.jpg,0,unsplash_real,Real_Unsplash
corpora/unsplash/images/unsplash_001519.jpg,0,unsplash_real,Real_Unsplash
corpora/unsplash/images/unsplash_001520.jpg,0,unsplash_real,Real_Unsplash
corpora/unsplash/images/unsplash_001521.jpg,0,unsplash_real,Real_Unsplash
corpora/unsplash/images/unsplash_001522.jpg,0,unsplash_real,Real_Unsplash
corpora/unsplash/images/unsplash_001523.jpg,0,unsplash_real,Real_Unsplash
corpora/unsplash/images/unsplash_001524.jpg,0,unsplash_real,Real_Unsplash
corpora/unsplash/images/unsplash_001525.jpg,0,unsplash_real,Real_Unsplash
corpora/unsplash/images/unsplash_001526.jpg,0,unsplash_real,Real_Unsplash
corpora/unsplash/images/unsplash_001527.jpg,0,unsplash_real,Real_Unsplash
corpora/unsplash/images/unsplash_001528.jpg,0,unsplash_real,Real_Unsplash
corpora/unsplash/images/unsplash_001529.jpg,0,unsplash_real,Real_Unsplash
corpora/unsplash/images/unsplash_001530.jpg,0,unsplash_real,Real_Unsplash
corpora/unsplash/images/unsplash_001531.jpg,0,unsplash_real,Real_Unsplash
corpora/unsplash/images/unsplash_001532.jpg,0,unsplash_real,Real_Unsplash
corpora/unsplash/images/unsplash_001533.jpg,0,unsplash_real,Real_Unsplash
corpora/unsplash/images/unsplash_001534.jpg,0,unsplash_real,Real_Unsplash
corpora/unsplash/images/unsplash_001535.jpg,0,unsplash_real,Real_Unsplash
corpora/unsplash/images/unsplash_001536.jpg,0,unsplash_real,Real_Unsplash
corpora/unsplash/images/unsplash_001537.jpg,0,unsplash_real,Real_Unsplash
corpora/unsplash/images/unsplash_001538.jpg,0,unsplash_real,Real_Unsplash
corpora/unsplash/images/unsplash_001539.jpg,0,unsplash_real,Real_Unsplash
corpora/unsplash/images/unsplash_001540.jpg,0,unsplash_real,Real_Unsplash
corpora/unsplash/images/unsplash_001541.jpg,0,unsplash_real,Real_Unsplash
corpora/unsplash/images/unsplash_001542.jpg,0,unsplash_real,Real_Unsplash
corpora/unsplash/images/unsplash_001543.jpg,0,unsplash_real,Real_Unsplash
corpora/unsplash/images/unsplash_001544.jpg,0,unsplash_real,Real_Unsplash
corpora/unsplash/images/unsplash_001545.jpg,0,unsplash_real,Real_Unsplash
corpora/unsplash/images/unsplash_001546.jpg,0,unsplash_real,Real_Unsplash
corpora/unsplash/images/unsplash_001547.jpg,0,unsplash_real,Real_Unsplash
corpora/unsplash/images/unsplash_001548.jpg,0,unsplash_real,Real_Unsplash
corpora/unsplash/images/unsplash_001549.jpg,0,unsplash_real,Real_Unsplash
corpora/unsplash/images/unsplash_001550.jpg,0,unsplash_real,Real_Unsplash
corpora/unsplash/images/unsplash_001551.jpg,0,unsplash_real,Real_Unsplash
corpora/unsplash/images/unsplash_001552.jpg,0,unsplash_real,Real_Unsplash
corpora/unsplash/images/unsplash_001553.jpg,0,unsplash_real,Real_Unsplash
corpora/unsplash/images/unsplash_001554.jpg,0,unsplash_real,Real_Unsplash
corpora/unsplash/images/unsplash_001555.jpg,0,unsplash_real,Real_Unsplash
corpora/unsplash/images/unsplash_001556.jpg,0,unsplash_real,Real_Unsplash
corpora/unsplash/images/unsplash_001557.jpg,0,unsplash_real,Real_Unsplash
corpora/unsplash/images/unsplash_001558.jpg,0,unsplash_real,Real_Unsplash
corpora/unsplash/images/unsplash_001559.jpg,0,unsplash_real,Real_Unsplash
corpora/unsplash/images/unsplash_001560.jpg,0,unsplash_real,Real_Unsplash
corpora/unsplash/images/unsplash_001561.jpg,0,unsplash_real,Real_Unsplash
corpora/unsplash/images/unsplash_001562.jpg,0,unsplash_real,Real_Unsplash
corpora/unsplash/images/unsplash_001563.jpg,0,unsplash_real,Real_Unsplash
corpora/unsplash/images/unsplash_001564.jpg,0,unsplash_real,Real_Unsplash
corpora/unsplash/images/unsplash_001565.jpg,0,unsplash_real,Real_Unsplash
corpora/unsplash/images/unsplash_001566.jpg,0,unsplash_real,Real_Unsplash
corpora/unsplash/images/unsplash_001567.jpg,0,unsplash_real,Real_Unsplash
corpora/unsplash/images/unsplash_001568.jpg,0,unsplash_real,Real_Unsplash
corpora/unsplash/images/unsplash_001569.jpg,0,unsplash_real,Real_Unsplash
corpora/unsplash/images/unsplash_001570.jpg,0,unsplash_real,Real_Unsplash
corpora/unsplash/images/unsplash_001571.jpg,0,unsplash_real,Real_Unsplash
corpora/unsplash/images/unsplash_001572.jpg,0,unsplash_real,Real_Unsplash
corpora/unsplash/images/unsplash_001573.jpg,0,unsplash_real,Real_Unsplash
corpora/unsplash/images/unsplash_001574.jpg,0,unsplash_real,Real_Unsplash
corpora/unsplash/images/unsplash_001575.jpg,0,unsplash_real,Real_Unsplash
corpora/unsplash/images/unsplash_001576.jpg,0,unsplash_real,Real_Unsplash
corpora/unsplash/images/unsplash_001577.jpg,0,unsplash_real,Real_Unsplash
corpora/unsplash/images/unsplash_001578.jpg,0,unsplash_real,Real_Unsplash
corpora/unsplash/images/unsplash_001579.jpg,0,unsplash_real,Real_Unsplash
corpora/unsplash/images/unsplash_001580.jpg,0,unsplash_real,Real_Unsplash
corpora/unsplash/images/unsplash_001581.jpg,0,unsplash_real,Real_Unsplash
corpora/unsplash/images/unsplash_001582.jpg,0,unsplash_real,Real_Unsplash
corpora/unsplash/images/unsplash_001583.jpg,0,unsplash_real,Real_Unsplash
corpora/unsplash/images/unsplash_001584.jpg,0,unsplash_real,Real_Unsplash
corpora/unsplash/images/unsplash_001585.jpg,0,unsplash_real,Real_Unsplash
corpora/unsplash/images/unsplash_001586.jpg,0,unsplash_real,Real_Unsplash
corpora/unsplash/images/unsplash_001587.jpg,0,unsplash_real,Real_Unsplash
corpora/unsplash/images/unsplash_001588.jpg,0,unsplash_real,Real_Unsplash
corpora/unsplash/images/unsplash_001589.jpg,0,unsplash_real,Real_Unsplash
corpora/unsplash/images/unsplash_001590.jpg,0,unsplash_real,Real_Unsplash
corpora/unsplash/images/unsplash_001591.jpg,0,unsplash_real,Real_Unsplash
corpora/unsplash/images/unsplash_001592.jpg,0,unsplash_real,Real_Unsplash
corpora/unsplash/images/unsplash_001593.jpg,0,unsplash_real,Real_Unsplash
corpora/unsplash/images/unsplash_001594.jpg,0,unsplash_real,Real_Unsplash
corpora/unsplash/images/unsplash_001595.jpg,0,unsplash_real,Real_Unsplash
corpora/unsplash/images/unsplash_001596.jpg,0,unsplash_real,Real_Unsplash
corpora/unsplash/images/unsplash_001597.jpg,0,unsplash_real,Real_Unsplash
corpora/unsplash/images/unsplash_001598.jpg,0,unsplash_real,Real_Unsplash
corpora/unsplash/images/unsplash_001599.jpg,0,unsplash_real,Real_Unsplash
corpora/unsplash/images/unsplash_001600.jpg,0,unsplash_real,Real_Unsplash
corpora/unsplash/images/unsplash_001601.jpg,0,unsplash_real,Real_Unsplash
corpora/unsplash/images/unsplash_001602.jpg,0,unsplash_real,Real_Unsplash
corpora/unsplash/images/unsplash_001603.jpg,0,unsplash_real,Real_Unsplash
corpora/unsplash/images/unsplash_001604.jpg,0,unsplash_real,Real_Unsplash
corpora/unsplash/images/unsplash_001605.jpg,0,unsplash_real,Real_Unsplash
corpora/unsplash/images/unsplash_001606.jpg,0,unsplash_real,Real_Unsplash
corpora/unsplash/images/unsplash_001607.jpg,0,unsplash_real,Real_Unsplash
corpora/unsplash/images/unsplash_001608.jpg,0,unsplash_real,Real_Unsplash
corpora/unsplash/images/unsplash_001609.jpg,0,unsplash_real,Real_Unsplash
corpora/unsplash/images/unsplash_001610.jpg,0,unsplash_real,Real_Unsplash
corpora/unsplash/images/unsplash_001611.jpg,0,unsplash_real,Real_Unsplash
corpora/unsplash/images/unsplash_001612.jpg,0,unsplash_real,Real_Unsplash
corpora/unsplash/images/unsplash_001613.jpg,0,unsplash_real,Real_Unsplash
corpora/unsplash/images/unsplash_001614.jpg,0,unsplash_real,Real_Unsplash
corpora/unsplash/images/unsplash_001615.jpg,0,unsplash_real,Real_Unsplash
corpora/unsplash/images/unsplash_001616.jpg,0,unsplash_real,Real_Unsplash
corpora/unsplash/images/unsplash_001617.jpg,0,unsplash_real,Real_Unsplash
corpora/unsplash/images/unsplash_001618.jpg,0,unsplash_real,Real_Unsplash
corpora/unsplash/images/unsplash_001619.jpg,0,unsplash_real,Real_Unsplash
corpora/unsplash/images/unsplash_001620.jpg,0,unsplash_real,Real_Unsplash
corpora/unsplash/images/unsplash_001621.jpg,0,unsplash_real,Real_Unsplash
corpora/unsplash/images/unsplash_001622.jpg,0,unsplash_real,Real_Unsplash
corpora/unsplash/images/unsplash_001623.jpg,0,unsplash_real,Real_Unsplash
corpora/unsplash/images/unsplash_001624.jpg,0,unsplash_real,Real_Unsplash
corpora/unsplash/images/unsplash_001625.jpg,0,unsplash_real,Real_Unsplash
corpora/unsplash/images/unsplash_001626.jpg,0,unsplash_real,Real_Unsplash
corpora/unsplash/images/unsplash_001627.jpg,0,unsplash_real,Real_Unsplash
corpora/unsplash/images/unsplash_001628.jpg,0,unsplash_real,Real_Unsplash
corpora/unsplash/images/unsplash_001629.jpg,0,unsplash_real,Real_Unsplash
corpora/unsplash/images/unsplash_001630.jpg,0,unsplash_real,Real_Unsplash
corpora/unsplash/images/unsplash_001631.jpg,0,unsplash_real,Real_Unsplash
corpora/unsplash/images/unsplash_001632.jpg,0,unsplash_real,Real_Unsplash
corpora/unsplash/images/unsplash_001633.jpg,0,unsplash_real,Real_Unsplash
corpora/unsplash/images/unsplash_001634.jpg,0,unsplash_real,Real_Unsplash
corpora/unsplash/images/unsplash_001635.jpg,0,unsplash_real,Real_Unsplash
corpora/unsplash/images/unsplash_001636.jpg,0,unsplash_real,Real_Unsplash
corpora/unsplash/images/unsplash_001637.jpg,0,unsplash_real,Real_Unsplash
corpora/unsplash/images/unsplash_001638.jpg,0,unsplash_real,Real_Unsplash
corpora/unsplash/images/unsplash_001639.jpg,0,unsplash_real,Real_Unsplash
corpora/unsplash/images/unsplash_001640.jpg,0,unsplash_real,Real_Unsplash
corpora/unsplash/images/unsplash_001641.jpg,0,unsplash_real,Real_Unsplash
corpora/unsplash/images/unsplash_001642.jpg,0,unsplash_real,Real_Unsplash
corpora/unsplash/images/unsplash_001643.jpg,0,unsplash_real,Real_Unsplash
corpora/unsplash/images/unsplash_001644.jpg,0,unsplash_real,Real_Unsplash
corpora/unsplash/images/unsplash_001645.jpg,0,unsplash_real,Real_Unsplash
corpora/unsplash/images/unsplash_001646.jpg,0,unsplash_real,Real_Unsplash
corpora/unsplash/images/unsplash_001647.jpg,0,unsplash_real,Real_Unsplash
corpora/unsplash/images/unsplash_001648.jpg,0,unsplash_real,Real_Unsplash
corpora/unsplash/images/unsplash_001649.jpg,0,unsplash_real,Real_Unsplash
corpora/unsplash/images/unsplash_001650.jpg,0,unsplash_real,Real_Unsplash
corpora/unsplash/images/unsplash_001651.jpg,0,unsplash_real,Real_Unsplash
corpora/unsplash/images/unsplash_001652.jpg,0,unsplash_real,Real_Unsplash
corpora/unsplash/images/unsplash_001653.jpg,0,unsplash_real,Real_Unsplash
corpora/unsplash/images/unsplash_001654.jpg,0,unsplash_real,Real_Unsplash
corpora/unsplash/images/unsplash_001655.jpg,0,unsplash_real,Real_Unsplash
corpora/unsplash/images/unsplash_001656.jpg,0,unsplash_real,Real_Unsplash
corpora/unsplash/images/unsplash_001657.jpg,0,unsplash_real,Real_Unsplash
corpora/unsplash/images/unsplash_001658.jpg,0,unsplash_real,Real_Unsplash
corpora/unsplash/images/unsplash_001659.jpg,0,unsplash_real,Real_Unsplash
corpora/unsplash/images/unsplash_001660.jpg,0,unsplash_real,Real_Unsplash
corpora/unsplash/images/unsplash_001661.jpg,0,unsplash_real,Real_Unsplash
corpora/unsplash/images/unsplash_001662.jpg,0,unsplash_real,Real_Unsplash
corpora/unsplash/images/unsplash_001663.jpg,0,unsplash_real,Real_Unsplash
corpora/unsplash/images/unsplash_001664.jpg,0,unsplash_real,Real_Unsplash
corpora/unsplash/images/unsplash_001665.jpg,0,unsplash_real,Real_Unsplash
corpora/unsplash/images/unsplash_001666.jpg,0,unsplash_real,Real_Unsplash
corpora/unsplash/images/unsplash_001667.jpg,0,unsplash_real,Real_Unsplash
corpora/unsplash/images/unsplash_001668.jpg,0,unsplash_real,Real_Unsplash
corpora/unsplash/images/unsplash_001669.jpg,0,unsplash_real,Real_Unsplash
corpora/unsplash/images/unsplash_001670.jpg,0,unsplash_real,Real_Unsplash
corpora/unsplash/images/unsplash_001671.jpg,0,unsplash_real,Real_Unsplash
corpora/unsplash/images/unsplash_001672.jpg,0,unsplash_real,Real_Unsplash
corpora/unsplash/images/unsplash_001673.jpg,0,unsplash_real,Real_Unsplash
corpora/unsplash/images/unsplash_001674.jpg,0,unsplash_real,Real_Unsplash
corpora/unsplash/images/unsplash_001675.jpg,0,unsplash_real,Real_Unsplash
corpora/unsplash/images/unsplash_001676.jpg,0,unsplash_real,Real_Unsplash
corpora/unsplash/images/unsplash_001677.jpg,0,unsplash_real,Real_Unsplash
corpora/unsplash/images/unsplash_001678.jpg,0,unsplash_real,Real_Unsplash
corpora/unsplash/images/unsplash_001679.jpg,0,unsplash_real,Real_Unsplash
corpora/unsplash/images/unsplash_001680.jpg,0,unsplash_real,Real_Unsplash
corpora/unsplash/images/unsplash_001681.jpg,0,unsplash_real,Real_Unsplash
corpora/unsplash/images/unsplash_001682.jpg,0,unsplash_real,Real_Unsplash
corpora/unsplash/images/unsplash_001683.jpg,0,unsplash_real,Real_Unsplash
corpora/unsplash/images/unsplash_001684.jpg,0,unsplash_real,Real_Unsplash
corpora/unsplash/images/unsplash_001685.jpg,0,unsplash_real,Real_Unsplash
corpora/unsplash/images/unsplash_001686.jpg,0,unsplash_real,Real_Unsplash
corpora/unsplash/images/unsplash_001687.jpg,0,unsplash_real,Real_Unsplash
corpora/unsplash/images/unsplash_001688.jpg,0,unsplash_real,Real_Unsplash
corpora/unsplash/images/unsplash_001689.jpg,0,unsplash_real,Real_Unsplash
corpora/unsplash/images/unsplash_001690.jpg,0,unsplash_real,Real_Unsplash
corpora/unsplash/images/unsplash_001691.jpg,0,unsplash_real,Real_Unsplash
corpora/unsplash/images/unsplash_001692.jpg,0,unsplash_real,Real_Unsplash
corpora/unsplash/images/unsplash_001693.jpg,0,unsplash_real,Real_Unsplash
corpora/unsplash/images/unsplash_001694.jpg,0,unsplash_real,Real_Unsplash
corpora/unsplash/images/unsplash_001695.jpg,0,unsplash_real,Real_Unsplash
corpora/unsplash/images/unsplash_001696.jpg,0,unsplash_real,Real_Unsplash
corpora/unsplash/images/unsplash_001697.jpg,0,unsplash_real,Real_Unsplash
corpora/unsplash/images/unsplash_001698.jpg,0,unsplash_real,Real_Unsplash
corpora/unsplash/images/unsplash_001699.jpg,0,unsplash_real,Real_Unsplash
corpora/unsplash/images/unsplash_001700.jpg,0,unsplash_real,Real_Unsplash
corpora/unsplash/images/unsplash_001701.jpg,0,unsplash_real,Real_Unsplash
corpora/unsplash/images/unsplash_001702.jpg,0,unsplash_real,Real_Unsplash
corpora/unsplash/images/unsplash_001703.jpg,0,unsplash_real,Real_Unsplash
corpora/unsplash/images/unsplash_001704.jpg,0,unsplash_real,Real_Unsplash
corpora/unsplash/images/unsplash_001705.jpg,0,unsplash_real,Real_Unsplash
corpora/unsplash/images/unsplash_001706.jpg,0,unsplash_real,Real_Unsplash
corpora/unsplash/images/unsplash_001707.jpg,0,unsplash_real,Real_Unsplash
corpora/unsplash/images/unsplash_001708.jpg,0,unsplash_real,Real_Unsplash
corpora/unsplash/images/unsplash_001709.jpg,0,unsplash_real,Real_Unsplash
corpora/unsplash/images/unsplash_001710.jpg,0,unsplash_real,Real_Unsplash
corpora/unsplash/images/unsplash_001711.jpg,0,unsplash_real,Real_Unsplash
corpora/unsplash/images/unsplash_001712.jpg,0,unsplash_real,Real_Unsplash
corpora/unsplash/images/unsplash_001713.jpg,0,unsplash_real,Real_Unsplash
corpora/unsplash/images/unsplash_001714.jpg,0,unsplash_real,Real_Unsplash
corpora/unsplash/images/unsplash_001715.jpg,0,unsplash_real,Real_Unsplash
corpora/unsplash/images/unsplash_001716.jpg,0,unsplash_real,Real_Unsplash
corpora/unsplash/images/unsplash_001717.jpg,0,unsplash_real,Real_Unsplash
corpora/unsplash/images/unsplash_001718.jpg,0,unsplash_real,Real_Unsplash
corpora/unsplash/images/unsplash_001719.jpg,0,unsplash_real,Real_Unsplash
corpora/unsplash/images/unsplash_001720.jpg,0,unsplash_real,Real_Unsplash
corpora/unsplash/images/unsplash_001721.jpg,0,unsplash_real,Real_Unsplash
corpora/unsplash/images/unsplash_001722.jpg,0,unsplash_real,Real_Unsplash
corpora/unsplash/images/unsplash_001723.jpg,0,unsplash_real,Real_Unsplash
corpora/unsplash/images/unsplash_001724.jpg,0,unsplash_real,Real_Unsplash
corpora/unsplash/images/unsplash_001725.jpg,0,unsplash_real,Real_Unsplash
corpora/unsplash/images/unsplash_001726.jpg,0,unsplash_real,Real_Unsplash
corpora/unsplash/images/unsplash_001727.jpg,0,unsplash_real,Real_Unsplash
corpora/unsplash/images/unsplash_001728.jpg,0,unsplash_real,Real_Unsplash
corpora/unsplash/images/unsplash_001729.jpg,0,unsplash_real,Real_Unsplash
corpora/unsplash/images/unsplash_001730.jpg,0,unsplash_real,Real_Unsplash
corpora/unsplash/images/unsplash_001731.jpg,0,unsplash_real,Real_Unsplash
corpora/unsplash/images/unsplash_001732.jpg,0,unsplash_real,Real_Unsplash
corpora/unsplash/images/unsplash_001733.jpg,0,unsplash_real,Real_Unsplash
corpora/unsplash/images/unsplash_001734.jpg,0,unsplash_real,Real_Unsplash
corpora/unsplash/images/unsplash_001735.jpg,0,unsplash_real,Real_Unsplash
corpora/unsplash/images/unsplash_001736.jpg,0,unsplash_real,Real_Unsplash
corpora/unsplash/images/unsplash_001737.jpg,0,unsplash_real,Real_Unsplash
corpora/unsplash/images/unsplash_001738.jpg,0,unsplash_real,Real_Unsplash
corpora/unsplash/images/unsplash_001739.jpg,0,unsplash_real,Real_Unsplash
corpora/unsplash/images/unsplash_001740.jpg,0,unsplash_real,Real_Unsplash
corpora/unsplash/images/unsplash_001741.jpg,0,unsplash_real,Real_Unsplash
corpora/unsplash/images/unsplash_001742.jpg,0,unsplash_real,Real_Unsplash
corpora/unsplash/images/unsplash_001743.jpg,0,unsplash_real,Real_Unsplash
corpora/unsplash/images/unsplash_001744.jpg,0,unsplash_real,Real_Unsplash
corpora/unsplash/images/unsplash_001745.jpg,0,unsplash_real,Real_Unsplash
corpora/unsplash/images/unsplash_001746.jpg,0,unsplash_real,Real_Unsplash
corpora/unsplash/images/unsplash_001747.jpg,0,unsplash_real,Real_Unsplash
corpora/unsplash/images/unsplash_001748.jpg,0,unsplash_real,Real_Unsplash
corpora/unsplash/images/unsplash_001749.jpg,0,unsplash_real,Real_Unsplash
corpora/unsplash/images/unsplash_001750.jpg,0,unsplash_real,Real_Unsplash
corpora/unsplash/images/unsplash_001751.jpg,0,unsplash_real,Real_Unsplash
corpora/unsplash/images/unsplash_001752.jpg,0,unsplash_real,Real_Unsplash
corpora/unsplash/images/unsplash_001753.jpg,0,unsplash_real,Real_Unsplash
corpora/unsplash/images/unsplash_001754.jpg,0,unsplash_real,Real_Unsplash
corpora/unsplash/images/unsplash_001755.jpg,0,unsplash_real,Real_Unsplash
corpora/unsplash/images/unsplash_001756.jpg,0,unsplash_real,Real_Unsplash
corpora/unsplash/images/unsplash_001757.jpg,0,unsplash_real,Real_Unsplash
corpora/unsplash/images/unsplash_001758.jpg,0,unsplash_real,Real_Unsplash
corpora/unsplash/images/unsplash_001759.jpg,0,unsplash_real,Real_Unsplash
corpora/unsplash/images/unsplash_001760.jpg,0,unsplash_real,Real_Unsplash
corpora/unsplash/images/unsplash_001761.jpg,0,unsplash_real,Real_Unsplash
corpora/unsplash/images/unsplash_001762.jpg,0,unsplash_real,Real_Unsplash
corpora/unsplash/images/unsplash_001763.jpg,0,unsplash_real,Real_Unsplash
corpora/unsplash/images/unsplash_001764.jpg,0,unsplash_real,Real_Unsplash
corpora/unsplash/images/unsplash_001765.jpg,0,unsplash_real,Real_Unsplash
corpora/unsplash/images/unsplash_001766.jpg,0,unsplash_real,Real_Unsplash
corpora/unsplash/images/unsplash_001767.jpg,0,unsplash_real,Real_Unsplash
corpora/unsplash/images/unsplash_001768.jpg,0,unsplash_real,Real_Unsplash
corpora/unsplash/images/unsplash_001769.jpg,0,unsplash_real,Real_Unsplash
corpora/unsplash/images/unsplash_001770.jpg,0,unsplash_real,Real_Unsplash
corpora/unsplash/images/unsplash_001771.jpg,0,unsplash_real,Real_Unsplash
corpora/unsplash/images/unsplash_001772.jpg,0,unsplash_real,Real_Unsplash
corpora/unsplash/images/unsplash_001773.jpg,0,unsplash_real,Real_Unsplash
corpora/unsplash/images/unsplash_001774.jpg,0,unsplash_real,Real_Unsplash
corpora/unsplash/images/unsplash_001775.jpg,0,unsplash_real,Real_Unsplash
corpora/unsplash/images/unsplash_001776.jpg,0,unsplash_real,Real_Unsplash
corpora/unsplash/images/unsplash_001777.jpg,0,unsplash_real,Real_Unsplash
corpora/unsplash/images/unsplash_001778.jpg,0,unsplash_real,Real_Unsplash
corpora/unsplash/images/unsplash_001779.jpg,0,unsplash_real,Real_Unsplash
corpora/unsplash/images/unsplash_001780.jpg,0,unsplash_real,Real_Unsplash
corpora/unsplash/images/unsplash_001781.jpg,0,unsplash_real,Real_Unsplash
corpora/unsplash/images/unsplash_001782.jpg,0,unsplash_real,Real_Unsplash
corpora/unsplash/images/unsplash_001783.jpg,0,unsplash_real,Real_Unsplash
corpora/unsplash/images/unsplash_001784.jpg,0,unsplash_real,Real_Unsplash
corpora/unsplash/images/unsplash_001785.jpg,0,unsplash_real,Real_Unsplash
corpora/unsplash/images/unsplash_001786.jpg,0,unsplash_real,Real_Unsplash
corpora/unsplash/images/unsplash_001787.jpg,0,unsplash_real,Real_Unsplash
corpora/unsplash/images/unsplash_001788.jpg,0,unsplash_real,Real_Unsplash
corpora/unsplash/images/unsplash_001789.jpg,0,unsplash_real,Real_Unsplash
corpora/unsplash/images/unsplash_001790.jpg,0,unsplash_real,Real_Unsplash
corpora/unsplash/images/unsplash_001791.jpg,0,unsplash_real,Real_Unsplash
corpora/unsplash/images/unsplash_001792.jpg,0,unsplash_real,Real_Unsplash
corpora/unsplash/images/unsplash_001793.jpg,0,unsplash_real,Real_Unsplash
corpora/unsplash/images/unsplash_001794.jpg,0,unsplash_real,Real_Unsplash
corpora/unsplash/images/unsplash_001795.jpg,0,unsplash_real,Real_Unsplash
corpora/unsplash/images/unsplash_001796.jpg,0,unsplash_real,Real_Unsplash
corpora/unsplash/images/unsplash_001797.jpg,0,unsplash_real,Real_Unsplash
corpora/unsplash/images/unsplash_001798.jpg,0,unsplash_real,Real_Unsplash
corpora/unsplash/images/unsplash_001799.jpg,0,unsplash_real,Real_Unsplash
corpora/unsplash/images/unsplash_001800.jpg,0,unsplash_real,Real_Unsplash
corpora/unsplash/images/unsplash_001801.jpg,0,unsplash_real,Real_Unsplash
corpora/unsplash/images/unsplash_001802.jpg,0,unsplash_real,Real_Unsplash
corpora/unsplash/images/unsplash_001803.jpg,0,unsplash_real,Real_Unsplash
corpora/unsplash/images/unsplash_001804.jpg,0,unsplash_real,Real_Unsplash
corpora/unsplash/images/unsplash_001805.jpg,0,unsplash_real,Real_Unsplash
corpora/unsplash/images/unsplash_001806.jpg,0,unsplash_real,Real_Unsplash
corpora/unsplash/images/unsplash_001807.jpg,0,unsplash_real,Real_Unsplash
corpora/unsplash/images/unsplash_001808.jpg,0,unsplash_real,Real_Unsplash
corpora/unsplash/images/unsplash_001809.jpg,0,unsplash_real,Real_Unsplash
corpora/unsplash/images/unsplash_001810.jpg,0,unsplash_real,Real_Unsplash
corpora/unsplash/images/unsplash_001811.jpg,0,unsplash_real,Real_Unsplash
corpora/unsplash/images/unsplash_001812.jpg,0,unsplash_real,Real_Unsplash
corpora/unsplash/images/unsplash_001813.jpg,0,unsplash_real,Real_Unsplash
corpora/unsplash/images/unsplash_001814.jpg,0,unsplash_real,Real_Unsplash
corpora/unsplash/images/unsplash_001815.jpg,0,unsplash_real,Real_Unsplash
corpora/unsplash/images/unsplash_001816.jpg,0,unsplash_real,Real_Unsplash
corpora/unsplash/images/unsplash_001817.jpg,0,unsplash_real,Real_Unsplash
corpora/unsplash/images/unsplash_001818.jpg,0,unsplash_real,Real_Unsplash
corpora/unsplash/images/unsplash_001819.jpg,0,unsplash_real,Real_Unsplash
corpora/unsplash/images/unsplash_001820.jpg,0,unsplash_real,Real_Unsplash
corpora/unsplash/images/unsplash_001821.jpg,0,unsplash_real,Real_Unsplash
corpora/unsplash/images/unsplash_001822.jpg,0,unsplash_real,Real_Unsplash
corpora/unsplash/images/unsplash_001823.jpg,0,unsplash_real,Real_Unsplash
corpora/unsplash/images/unsplash_001824.jpg,0,unsplash_real,Real_Unsplash
corpora/unsplash/images/unsplash_001825.jpg,0,unsplash_real,Real_Unsplash
corpora/unsplash/images/unsplash_001826.jpg,0,unsplash_real,Real_Unsplash
corpora/unsplash/images/unsplash_001827.jpg,0,unsplash_real,Real_Unsplash
corpora/unsplash/images/unsplash_001828.jpg,0,unsplash_real,Real_Unsplash
corpora/unsplash/images/unsplash_001829.jpg,0,unsplash_real,Real_Unsplash
corpora/unsplash/images/unsplash_001830.jpg,0,unsplash_real,Real_Unsplash
corpora/unsplash/images/unsplash_001831.jpg,0,unsplash_real,Real_Unsplash
corpora/unsplash/images/unsplash_001832.jpg,0,unsplash_real,Real_Unsplash
corpora/unsplash/images/unsplash_001833.jpg,0,unsplash_real,Real_Unsplash
corpora/unsplash/images/unsplash_001834.jpg,0,unsplash_real,Real_Unsplash
corpora/unsplash/images/unsplash_001835.jpg,0,unsplash_real,Real_Unsplash
corpora/unsplash/images/unsplash_001836.jpg,0,unsplash_real,Real_Unsplash
corpora/unsplash/images/unsplash_001837.jpg,0,unsplash_real,Real_Unsplash
corpora/unsplash/images/unsplash_001838.jpg,0,unsplash_real,Real_Unsplash
corpora/unsplash/images/unsplash_001839.jpg,0,unsplash_real,Real_Unsplash
corpora/unsplash/images/unsplash_001840.jpg,0,unsplash_real,Real_Unsplash
corpora/unsplash/images/unsplash_001841.jpg,0,unsplash_real,Real_Unsplash
corpora/unsplash/images/unsplash_001842.jpg,0,unsplash_real,Real_Unsplash
corpora/unsplash/images/unsplash_001843.jpg,0,unsplash_real,Real_Unsplash
corpora/unsplash/images/unsplash_001844.jpg,0,unsplash_real,Real_Unsplash
corpora/unsplash/images/unsplash_001845.jpg,0,unsplash_real,Real_Unsplash
corpora/unsplash/images/unsplash_001846.jpg,0,unsplash_real,Real_Unsplash
corpora/unsplash/images/unsplash_001847.jpg,0,unsplash_real,Real_Unsplash
corpora/unsplash/images/unsplash_001848.jpg,0,unsplash_real,Real_Unsplash
corpora/unsplash/images/unsplash_001849.jpg,0,unsplash_real,Real_Unsplash
corpora/unsplash/images/unsplash_001850.jpg,0,unsplash_real,Real_Unsplash
corpora/unsplash/images/unsplash_001851.jpg,0,unsplash_real,Real_Unsplash
corpora/unsplash/images/unsplash_001852.jpg,0,unsplash_real,Real_Unsplash
corpora/unsplash/images/unsplash_001853.jpg,0,unsplash_real,Real_Unsplash
corpora/unsplash/images/unsplash_001854.jpg,0,unsplash_real,Real_Unsplash
corpora/unsplash/images/unsplash_001855.jpg,0,unsplash_real,Real_Unsplash
corpora/unsplash/images/unsplash_001856.jpg,0,unsplash_real,Real_Unsplash
corpora/unsplash/images/unsplash_001857.jpg,0,unsplash_real,Real_Unsplash
corpora/unsplash/images/unsplash_001858.jpg,0,unsplash_real,Real_Unsplash
corpora/unsplash/images/unsplash_001859.jpg,0,unsplash_real,Real_Unsplash
corpora/unsplash/images/unsplash_001860.jpg,0,unsplash_real,Real_Unsplash
corpora/unsplash/images/unsplash_001861.jpg,0,unsplash_real,Real_Unsplash
corpora/unsplash/images/unsplash_001862.jpg,0,unsplash_real,Real_Unsplash
corpora/unsplash/images/unsplash_001863.jpg,0,unsplash_real,Real_Unsplash
corpora/unsplash/images/unsplash_001864.jpg,0,unsplash_real,Real_Unsplash
corpora/unsplash/images/unsplash_001865.jpg,0,unsplash_real,Real_Unsplash
corpora/unsplash/images/unsplash_001866.jpg,0,unsplash_real,Real_Unsplash
corpora/unsplash/images/unsplash_001867.jpg,0,unsplash_real,Real_Unsplash
corpora/unsplash/images/unsplash_001868.jpg,0,unsplash_real,Real_Unsplash
corpora/unsplash/images/unsplash_001869.jpg,0,unsplash_real,Real_Unsplash
corpora/unsplash/images/unsplash_001870.jpg,0,unsplash_real,Real_Unsplash
corpora/unsplash/images/unsplash_001871.jpg,0,unsplash_real,Real_Unsplash
corpora/unsplash/images/unsplash_001872.jpg,0,unsplash_real,Real_Unsplash
corpora/unsplash/images/unsplash_001873.jpg,0,unsplash_real,Real_Unsplash
corpora/unsplash/images/unsplash_001874.jpg,0,unsplash_real,Real_Unsplash
corpora/unsplash/images/unsplash_001875.jpg,0,unsplash_real,Real_Unsplash
corpora/unsplash/images/unsplash_001876.jpg,0,unsplash_real,Real_Unsplash
corpora/unsplash/images/unsplash_001877.jpg,0,unsplash_real,Real_Unsplash
corpora/unsplash/images/unsplash_001878.jpg,0,unsplash_real,Real_Unsplash
corpora/unsplash/images/unsplash_001879.jpg,0,unsplash_real,Real_Unsplash
corpora/unsplash/images/unsplash_001880.jpg,0,unsplash_real,Real_Unsplash
corpora/unsplash/images/unsplash_001881.jpg,0,unsplash_real,Real_Unsplash
corpora/unsplash/images/unsplash_001882.jpg,0,unsplash_real,Real_Unsplash
corpora/unsplash/images/unsplash_001883.jpg,0,unsplash_real,Real_Unsplash
corpora/unsplash/images/unsplash_001884.jpg,0,unsplash_real,Real_Unsplash
corpora/unsplash/images/unsplash_001885.jpg,0,unsplash_real,Real_Unsplash
corpora/unsplash/images/unsplash_001886.jpg,0,unsplash_real,Real_Unsplash
corpora/unsplash/images/unsplash_001887.jpg,0,unsplash_real,Real_Unsplash
corpora/unsplash/images/unsplash_001888.jpg,0,unsplash_real,Real_Unsplash
corpora/unsplash/images/unsplash_001889.jpg,0,unsplash_real,Real_Unsplash
corpora/unsplash/images/unsplash_001890.jpg,0,unsplash_real,Real_Unsplash
corpora/unsplash/images/unsplash_001891.jpg,0,unsplash_real,Real_Unsplash
corpora/unsplash/images/unsplash_001892.jpg,0,unsplash_real,Real_Unsplash
corpora/unsplash/images/unsplash_001893.jpg,0,unsplash_real,Real_Unsplash
corpora/unsplash/images/unsplash_001894.jpg,0,unsplash_real,Real_Unsplash
corpora/unsplash/images/unsplash_001895.jpg,0,unsplash_real,Real_Unsplash
corpora/unsplash/images/unsplash_001896.jpg,0,unsplash_real,Real_Unsplash
corpora/unsplash/images/unsplash_001897.jpg,0,unsplash_real,Real_Unsplash
corpora/unsplash/images/unsplash_001898.jpg,0,unsplash_real,Real_Unsplash
corpora/unsplash/images/unsplash_001899.jpg,0,unsplash_real,Real_Unsplash
corpora/unsplash/images/unsplash_001900.jpg,0,unsplash_real,Real_Unsplash
corpora/unsplash/images/unsplash_001901.jpg,0,unsplash_real,Real_Unsplash
corpora/unsplash/images/unsplash_001902.jpg,0,unsplash_real,Real_Unsplash
corpora/unsplash/images/unsplash_001903.jpg,0,unsplash_real,Real_Unsplash
corpora/unsplash/images/unsplash_001904.jpg,0,unsplash_real,Real_Unsplash
corpora/unsplash/images/unsplash_001905.jpg,0,unsplash_real,Real_Unsplash
corpora/unsplash/images/unsplash_001906.jpg,0,unsplash_real,Real_Unsplash
corpora/unsplash/images/unsplash_001907.jpg,0,unsplash_real,Real_Unsplash
corpora/unsplash/images/unsplash_001908.jpg,0,unsplash_real,Real_Unsplash
corpora/unsplash/images/unsplash_001909.jpg,0,unsplash_real,Real_Unsplash
corpora/unsplash/images/unsplash_001910.jpg,0,unsplash_real,Real_Unsplash
corpora/unsplash/images/unsplash_001911.jpg,0,unsplash_real,Real_Unsplash
corpora/unsplash/images/unsplash_001912.jpg,0,unsplash_real,Real_Unsplash
corpora/unsplash/images/unsplash_001913.jpg,0,unsplash_real,Real_Unsplash
corpora/unsplash/images/unsplash_001914.jpg,0,unsplash_real,Real_Unsplash
corpora/unsplash/images/unsplash_001915.jpg,0,unsplash_real,Real_Unsplash
corpora/unsplash/images/unsplash_001916.jpg,0,unsplash_real,Real_Unsplash
corpora/unsplash/images/unsplash_001917.jpg,0,unsplash_real,Real_Unsplash
corpora/unsplash/images/unsplash_001918.jpg,0,unsplash_real,Real_Unsplash
corpora/unsplash/images/unsplash_001919.jpg,0,unsplash_real,Real_Unsplash
corpora/unsplash/images/unsplash_001920.jpg,0,unsplash_real,Real_Unsplash
corpora/unsplash/images/unsplash_001921.jpg,0,unsplash_real,Real_Unsplash
corpora/unsplash/images/unsplash_001922.jpg,0,unsplash_real,Real_Unsplash
corpora/unsplash/images/unsplash_001923.jpg,0,unsplash_real,Real_Unsplash
corpora/unsplash/images/unsplash_001924.jpg,0,unsplash_real,Real_Unsplash
corpora/unsplash/images/unsplash_001925.jpg,0,unsplash_real,Real_Unsplash
corpora/unsplash/images/unsplash_001926.jpg,0,unsplash_real,Real_Unsplash
corpora/unsplash/images/unsplash_001927.jpg,0,unsplash_real,Real_Unsplash
corpora/unsplash/images/unsplash_001928.jpg,0,unsplash_real,Real_Unsplash
corpora/unsplash/images/unsplash_001929.jpg,0,unsplash_real,Real_Unsplash
corpora/unsplash/images/unsplash_001930.jpg,0,unsplash_real,Real_Unsplash
corpora/unsplash/images/unsplash_001931.jpg,0,unsplash_real,Real_Unsplash
corpora/unsplash/images/unsplash_001932.jpg,0,unsplash_real,Real_Unsplash
corpora/unsplash/images/unsplash_001933.jpg,0,unsplash_real,Real_Unsplash
corpora/unsplash/images/unsplash_001934.jpg,0,unsplash_real,Real_Unsplash
corpora/unsplash/images/unsplash_001935.jpg,0,unsplash_real,Real_Unsplash
corpora/unsplash/images/unsplash_001936.jpg,0,unsplash_real,Real_Unsplash
corpora/unsplash/images/unsplash_001937.jpg,0,unsplash_real,Real_Unsplash
corpora/unsplash/images/unsplash_001938.jpg,0,unsplash_real,Real_Unsplash
corpora/unsplash/images/unsplash_001939.jpg,0,unsplash_real,Real_Unsplash
corpora/unsplash/images/unsplash_001940.jpg,0,unsplash_real,Real_Unsplash
corpora/unsplash/images/unsplash_001941.jpg,0,unsplash_real,Real_Unsplash
corpora/unsplash/images/unsplash_001942.jpg,0,unsplash_real,Real_Unsplash
corpora/unsplash/images/unsplash_001943.jpg,0,unsplash_real,Real_Unsplash
corpora/unsplash/images/unsplash_001944.jpg,0,unsplash_real,Real_Unsplash
corpora/unsplash/images/unsplash_001945.jpg,0,unsplash_real,Real_Unsplash
corpora/unsplash/images/unsplash_001946.jpg,0,unsplash_real,Real_Unsplash
corpora/unsplash/images/unsplash_001947.jpg,0,unsplash_real,Real_Unsplash
corpora/unsplash/images/unsplash_001948.jpg,0,unsplash_real,Real_Unsplash
corpora/unsplash/images/unsplash_001949.jpg,0,unsplash_real,Real_Unsplash
corpora/unsplash/images/unsplash_001950.jpg,0,unsplash_real,Real_Unsplash
corpora/unsplash/images/unsplash_001951.jpg,0,unsplash_real,Real_Unsplash
corpora/unsplash/images/unsplash_001952.jpg,0,unsplash_real,Real_Unsplash
corpora/unsplash/images/unsplash_001953.jpg,0,unsplash_real,Real_Unsplash
corpora/unsplash/images/unsplash_001954.jpg,0,unsplash_real,Real_Unsplash
corpora/unsplash/images/unsplash_001955.jpg,0,unsplash_real,Real_Unsplash
corpora/unsplash/images/unsplash_001956.jpg,0,unsplash_real,Real_Unsplash
corpora/unsplash/images/unsplash_001957.jpg,0,unsplash_real,Real_Unsplash
corpora/unsplash/images/unsplash_001958.jpg,0,unsplash_real,Real_Unsplash
corpora/unsplash/images/unsplash_001959.jpg,0,unsplash_real,Real_Unsplash
corpora/unsplash/images/unsplash_001960.jpg,0,unsplash_real,Real_Unsplash
corpora/unsplash/images/unsplash_001961.jpg,0,unsplash_real,Real_Unsplash
corpora/unsplash/images/unsplash_001962.jpg,0,unsplash_real,Real_Unsplash
corpora/unsplash/images/unsplash_001963.jpg,0,unsplash_real,Real_Unsplash
corpora/unsplash/images/unsplash_001964.jpg,0,unsplash_real,Real_Unsplash
corpora/unsplash/images/unsplash_001965.jpg,0,unsplash_real,Real_Unsplash
corpora/unsplash/images/unsplash_001966.jpg,0,unsplash_real,Real_Unsplash
corpora/unsplash/images/unsplash_001967.jpg,0,unsplash_real,Real_Unsplash
corpora/unsplash/images/unsplash_001968.jpg,0,unsplash_real,Real_Unsplash
corpora/unsplash/images/unsplash_001969.jpg,0,unsplash_real,Real_Unsplash
corpora/unsplash/images/unsplash_001970.jpg,0,unsplash_real,Real_Unsplash
corpora/unsplash/images/unsplash_001971.jpg,0,unsplash_real,Real_Unsplash
corpora/unsplash/images/unsplash_001972.jpg,0,unsplash_real,Real_Unsplash
corpora/unsplash/images/unsplash_001973.jpg,0,unsplash_real,Real_Unsplash
corpora/unsplash/images/unsplash_001974.jpg,0,unsplash_real,Real_Unsplash
corpora/unsplash/images/unsplash_001975.jpg,0,unsplash_real,Real_Unsplash
corpora/unsplash/images/unsplash_001976.jpg,0,unsplash_real,Real_Unsplash
corpora/unsplash/images/unsplash_001977.jpg,0,unsplash_real,Real_Unsplash
corpora/unsplash/images/unsplash_001978.jpg,0,unsplash_real,Real_Unsplash
corpora/unsplash/images/unsplash_001979.jpg,0,unsplash_real,Real_Unsplash
corpora/unsplash/images/unsplash_001980.jpg,0,unsplash_real,Real_Unsplash
corpora/unsplash/images/unsplash_001981.jpg,0,unsplash_real,Real_Unsplash
corpora/unsplash/images/unsplash_001982.jpg,0,unsplash_real,Real_Unsplash
corpora/unsplash/images/unsplash_001983.jpg,0,unsplash_real,Real_Unsplash
corpora/unsplash/images/unsplash_001984.jpg,0,unsplash_real,Real_Unsplash
corpora/unsplash/images/unsplash_001985.jpg,0,unsplash_real,Real_Unsplash
corpora/unsplash/images/unsplash_001986.jpg,0,unsplash_real,Real_Unsplash
corpora/unsplash/images/unsplash_001987.jpg,0,unsplash_real,Real_Unsplash
corpora/unsplash/images/unsplash_001988.jpg,0,unsplash_real,Real_Unsplash
corpora/unsplash/images/unsplash_001989.jpg,0,unsplash_real,Real_Unsplash
corpora/unsplash/images/unsplash_001990.jpg,0,unsplash_real,Real_Unsplash
corpora/unsplash/images/unsplash_001991.jpg,0,unsplash_real,Real_Unsplash
corpora/unsplash/images/unsplash_001992.jpg,0,unsplash_real,Real_Unsplash
corpora/unsplash/images/unsplash_001993.jpg,0,unsplash_real,Real_Unsplash
corpora/unsplash/images/unsplash_001994.jpg,0,unsplash_real,Real_Unsplash
corpora/unsplash/images/unsplash_001995.jpg,0,unsplash_real,Real_Unsplash
corpora/unsplash/images/unsplash_001996.jpg,0,unsplash_real,Real_Unsplash
corpora/unsplash/images/unsplash_001997.jpg,0,unsplash_real,Real_Unsplash
corpora/unsplash/images/unsplash_001998.jpg,0,unsplash_real,Real_Unsplash
corpora/unsplash/images/unsplash_001999.jpg,0,unsplash_real,Real_Unsplash
corpora/unsplash/images/unsplash_002000.jpg,0,unsplash_real,Real_Unsplash
corpora/unsplash/images/unsplash_002001.jpg,0,unsplash_real,Real_Unsplash
corpora/unsplash/images/unsplash_002002.jpg,0,unsplash_real,Real_Unsplash
corpora/unsplash/images/unsplash_002003.jpg,0,unsplash_real,Real_Unsplash
corpora/unsplash/images/unsplash_002004.jpg,0,unsplash_real,Real_Unsplash
corpora/unsplash/images/unsplash_002005.jpg,0,unsplash_real,Real_Unsplash
corpora/unsplash/images/unsplash_002006.jpg,0,unsplash_real,Real_Unsplash
corpora/unsplash/images/unsplash_002007.jpg,0,unsplash_real,Real_Unsplash
corpora/unsplash/images/unsplash_002008.jpg,0,unsplash_real,Real_Unsplash
corpora/unsplash/images/unsplash_002009.jpg,0,unsplash_real,Real_Unsplash
corpora/unsplash/images/unsplash_002010.jpg,0,unsplash_real,Real_Unsplash
corpora/unsplash/images/unsplash_002011.jpg,0,unsplash_real,Real_Unsplash
corpora/unsplash/images/unsplash_002012.jpg,0,unsplash_real,Real_Unsplash
corpora/unsplash/images/unsplash_002013.jpg,0,unsplash_real,Real_Unsplash
corpora/unsplash/images/unsplash_002014.jpg,0,unsplash_real,Real_Unsplash
corpora/unsplash/images/unsplash_002015.jpg,0,unsplash_real,Real_Unsplash
corpora/unsplash/images/unsplash_002016.jpg,0,unsplash_real,Real_Unsplash
corpora/unsplash/images/unsplash_002017.jpg,0,unsplash_real,Real_Unsplash
corpora/unsplash/images/unsplash_002018.jpg,0,unsplash_real,Real_Unsplash
corpora/unsplash/images/unsplash_002019.jpg,0,unsplash_real,Real_Unsplash
corpora/unsplash/images/unsplash_002020.jpg,0,unsplash_real,Real_Unsplash
corpora/unsplash/images/unsplash_002021.jpg,0,unsplash_real,Real_Unsplash
corpora/unsplash/images/unsplash_002022.jpg,0,unsplash_real,Real_Unsplash
corpora/unsplash/images/unsplash_002023.jpg,0,unsplash_real,Real_Unsplash
corpora/unsplash/images/unsplash_002024.jpg,0,unsplash_real,Real_Unsplash
corpora/unsplash/images/unsplash_002025.jpg,0,unsplash_real,Real_Unsplash
corpora/unsplash/images/unsplash_002026.jpg,0,unsplash_real,Real_Unsplash
corpora/unsplash/images/unsplash_002027.jpg,0,unsplash_real,Real_Unsplash
corpora/unsplash/images/unsplash_002028.jpg,0,unsplash_real,Real_Unsplash
corpora/unsplash/images/unsplash_002029.jpg,0,unsplash_real,Real_Unsplash
corpora/unsplash/images/unsplash_002030.jpg,0,unsplash_real,Real_Unsplash
corpora/unsplash/images/unsplash_002031.jpg,0,unsplash_real,Real_Unsplash
corpora/unsplash/images/unsplash_002032.jpg,0,unsplash_real,Real_Unsplash
corpora/unsplash/images/unsplash_002033.jpg,0,unsplash_real,Real_Unsplash
corpora/unsplash/images/unsplash_002034.jpg,0,unsplash_real,Real_Unsplash
corpora/unsplash/images/unsplash_002035.jpg,0,unsplash_real,Real_Unsplash
corpora/unsplash/images/unsplash_002036.jpg,0,unsplash_real,Real_Unsplash
corpora/unsplash/images/unsplash_002037.jpg,0,unsplash_real,Real_Unsplash
corpora/unsplash/images/unsplash_002038.jpg,0,unsplash_real,Real_Unsplash
corpora/unsplash/images/unsplash_002039.jpg,0,unsplash_real,Real_Unsplash
corpora/unsplash/images/unsplash_002040.jpg,0,unsplash_real,Real_Unsplash
corpora/unsplash/images/unsplash_002041.jpg,0,unsplash_real,Real_Unsplash
corpora/unsplash/images/unsplash_002042.jpg,0,unsplash_real,Real_Unsplash
corpora/unsplash/images/unsplash_002043.jpg,0,unsplash_real,Real_Unsplash
corpora/unsplash/images/unsplash_002044.jpg,0,unsplash_real,Real_Unsplash
corpora/unsplash/images/unsplash_002045.jpg,0,unsplash_real,Real_Unsplash
corpora/unsplash/images/unsplash_002046.jpg,0,unsplash_real,Real_Unsplash
corpora/unsplash/images/unsplash_002047.jpg,0,unsplash_real,Real_Unsplash
corpora/unsplash/images/unsplash_002048.jpg,0,unsplash_real,Real_Unsplash
corpora/unsplash/images/unsplash_002049.jpg,0,unsplash_real,Real_Unsplash
corpora/unsplash/images/unsplash_002050.jpg,0,unsplash_real,Real_Unsplash
corpora/unsplash/images/unsplash_002051.jpg,0,unsplash_real,Real_Unsplash
corpora/unsplash/images/unsplash_002052.jpg,0,unsplash_real,Real_Unsplash
corpora/unsplash/images/unsplash_002053.jpg,0,unsplash_real,Real_Unsplash
corpora/unsplash/images/unsplash_002054.jpg,0,unsplash_real,Real_Unsplash
corpora/unsplash/images/unsplash_002055.jpg,0,unsplash_real,Real_Unsplash
corpora/unsplash/images/unsplash_002056.jpg,0,unsplash_real,Real_Unsplash
corpora/unsplash/images/unsplash_002057.jpg,0,unsplash_real,Real_Unsplash
corpora/unsplash/images/unsplash_002058.jpg,0,unsplash_real,Real_Unsplash
corpora/unsplash/images/unsplash_002059.jpg,0,unsplash_real,Real_Unsplash
corpora/unsplash/images/unsplash_002060.jpg,0,unsplash_real,Real_Unsplash
corpora/unsplash/images/unsplash_002061.jpg,0,unsplash_real,Real_Unsplash
corpora/unsplash/images/unsplash_002062.jpg,0,unsplash_real,Real_Unsplash
corpora/unsplash/images/unsplash_002063.jpg,0,unsplash_real,Real_Unsplash
corpora/unsplash/images/unsplash_002064.jpg,0,unsplash_real,Real_Unsplash
corpora/unsplash/images/unsplash_002065.jpg,0,unsplash_real,Real_Unsplash
corpora/unsplash/images/unsplash_002066.jpg,0,unsplash_real,Real_Unsplash
corpora/unsplash/images/unsplash_002067.jpg,0,unsplash_real,Real_Unsplash
corpora/unsplash/images/unsplash_002068.jpg,0,unsplash_real,Real_Unsplash
corpora/unsplash/images/unsplash_002069.jpg,0,unsplash_real,Real_Unsplash
corpora/unsplash/images/unsplash_002070.jpg,0,unsplash_real,Real_Unsplash
corpora/unsplash/images/unsplash_002071.jpg,0,unsplash_real,Real_Unsplash
corpora/unsplash/images/unsplash_002072.jpg,0,unsplash_real,Real_Unsplash
corpora/unsplash/images/unsplash_002073.jpg,0,unsplash_real,Real_Unsplash
corpora/unsplash/images/unsplash_002074.jpg,0,unsplash_real,Real_Unsplash
corpora/unsplash/images/unsplash_002075.jpg,0,unsplash_real,Real_Unsplash
corpora/unsplash/images/unsplash_002076.jpg,0,unsplash_real,Real_Unsplash
corpora/unsplash/images/unsplash_002077.jpg,0,unsplash_real,Real_Unsplash
corpora/unsplash/images/unsplash_002078.jpg,0,unsplash_real,Real_Unsplash
corpora/unsplash/images/unsplash_002079.jpg,0,unsplash_real,Real_Unsplash
corpora/unsplash/images/unsplash_002080.jpg,0,unsplash_real,Real_Unsplash
corpora/unsplash/images/unsplash_002081.jpg,0,unsplash_real,Real_Unsplash
corpora/unsplash/images/unsplash_002082.jpg,0,unsplash_real,Real_Unsplash
corpora/unsplash/images/unsplash_002083.jpg,0,unsplash_real,Real_Unsplash
corpora/unsplash/images/unsplash_002084.jpg,0,unsplash_real,Real_Unsplash
corpora/unsplash/images/unsplash_002085.jpg,0,unsplash_real,Real_Unsplash
corpora/unsplash/images/unsplash_002086.jpg,0,unsplash_real,Real_Unsplash
corpora/unsplash/images/unsplash_002087.jpg,0,unsplash_real,Real_Unsplash
corpora/unsplash/images/unsplash_002088.jpg,0,unsplash_real,Real_Unsplash
corpora/unsplash/images/unsplash_002089.jpg,0,unsplash_real,Real_Unsplash
corpora/unsplash/images/unsplash_002090.jpg,0,unsplash_real,Real_Unsplash
corpora/unsplash/images/unsplash_002091.jpg,0,unsplash_real,Real_Unsplash
corpora/unsplash/images/unsplash_002092.jpg,0,unsplash_real,Real_Unsplash
corpora/unsplash/images/unsplash_002093.jpg,0,unsplash_real,Real_Unsplash
corpora/unsplash/images/unsplash_002094.jpg,0,unsplash_real,Real_Unsplash
corpora/unsplash/images/unsplash_002095.jpg,0,unsplash_real,Real_Unsplash
corpora/unsplash/images/unsplash_002096.jpg,0,unsplash_real,Real_Unsplash
corpora/unsplash/images/unsplash_002097.jpg,0,unsplash_real,Real_Unsplash
corpora/unsplash/images/unsplash_002098.jpg,0,unsplash_real,Real_Unsplash
corpora/unsplash/images/unsplash_002099.jpg,0,unsplash_real,Real_Unsplash
corpora/unsplash/images/unsplash_002100.jpg,0,unsplash_real,Real_Unsplash
corpora/unsplash/images/unsplash_002101.jpg,0,unsplash_real,Real_Unsplash
corpora/unsplash/images/unsplash_002102.jpg,0,unsplash_real,Real_Unsplash
corpora/unsplash/images/unsplash_002103.jpg,0,unsplash_real,Real_Unsplash
corpora/unsplash/images/unsplash_002104.jpg,0,unsplash_real,Real_Unsplash
corpora/unsplash/images/unsplash_002105.jpg,0,unsplash_real,Real_Unsplash
corpora/unsplash/images/unsplash_002106.jpg,0,unsplash_real,Real_Unsplash
corpora/unsplash/images/unsplash_002107.jpg,0,unsplash_real,Real_Unsplash
corpora/unsplash/images/unsplash_002108.jpg,0,unsplash_real,Real_Unsplash
corpora/unsplash/images/unsplash_002109.jpg,0,unsplash_real,Real_Unsplash
corpora/unsplash/images/unsplash_002110.jpg,0,unsplash_real,Real_Unsplash
corpora/unsplash/images/unsplash_002111.jpg,0,unsplash_real,Real_Unsplash
corpora/unsplash/images/unsplash_002112.jpg,0,unsplash_real,Real_Unsplash
corpora/unsplash/images/unsplash_002113.jpg,0,unsplash_real,Real_Unsplash
corpora/unsplash/images/unsplash_002114.jpg,0,unsplash_real,Real_Unsplash
corpora/unsplash/images/unsplash_002115.jpg,0,unsplash_real,Real_Unsplash
corpora/unsplash/images/unsplash_002116.jpg,0,unsplash_real,Real_Unsplash
corpora/unsplash/images/unsplash_002117.jpg,0,unsplash_real,Real_Unsplash
corpora/unsplash/images/unsplash_002118.jpg,0,unsplash_real,Real_Unsplash
corpora/unsplash/images/unsplash_002119.jpg,0,unsplash_real,Real_Unsplash
corpora/unsplash/images/unsplash_002120.jpg,0,unsplash_real,Real_Unsplash
corpora/unsplash/images/unsplash_002121.jpg,0,unsplash_real,Real_Unsplash
corpora/unsplash/images/unsplash_002122.jpg,0,unsplash_real,Real_Unsplash
corpora/unsplash/images/unsplash_002123.jpg,0,unsplash_real,Real_Unsplash
corpora/unsplash/images/unsplash_002124.jpg,0,unsplash_real,Real_Unsplash
corpora/unsplash/images/unsplash_002125.jpg,0,unsplash_real,Real_Unsplash
corpora/unsplash/images/unsplash_002126.jpg,0,unsplash_real,Real_Unsplash
corpora/unsplash/images/unsplash_002127.jpg,0,unsplash_real,Real_Unsplash
corpora/unsplash/images/unsplash_002128.jpg,0,unsplash_real,Real_Unsplash
corpora/unsplash/images/unsplash_002129.jpg,0,unsplash_real,Real_Unsplash
corpora/unsplash/images/unsplash_002130.jpg,0,unsplash_real,Real_Unsplash
corpora/unsplash/images/unsplash_002131.jpg,0,unsplash_real,Real_Unsplash
corpora/unsplash/images/unsplash_002132.jpg,0,unsplash_real,Real_Unsplash
corpora/unsplash/images/unsplash_002133.jpg,0,unsplash_real,Real_Unsplash
corpora/unsplash/images/unsplash_002134.jpg,0,unsplash_real,Real_Unsplash
corpora/unsplash/images/unsplash_002135.jpg,0,unsplash_real,Real_Unsplash
corpora/unsplash/images/unsplash_002136.jpg,0,unsplash_real,Real_Unsplash
corpora/unsplash/images/unsplash_002137.jpg,0,unsplash_real,Real_Unsplash
corpora/unsplash/images/unsplash_002138.jpg,0,unsplash_real,Real_Unsplash
corpora/unsplash/images/unsplash_002139.jpg,0,unsplash_real,Real_Unsplash
corpora/unsplash/images/unsplash_002140.jpg,0,unsplash_real,Real_Unsplash
corpora/unsplash/images/unsplash_002141.jpg,0,unsplash_real,Real_Unsplash
corpora/unsplash/images/unsplash_002142.jpg,0,unsplash_real,Real_Unsplash
corpora/unsplash/images/unsplash_002143.jpg,0,unsplash_real,Real_Unsplash
corpora/unsplash/images/unsplash_002144.jpg,0,unsplash_real,Real_Unsplash
corpora/unsplash/images/unsplash_002145.jpg,0,unsplash_real,Real_Unsplash
corpora/unsplash/images/unsplash_002146.jpg,0,unsplash_real,Real_Unsplash
corpora/unsplash/images/unsplash_002147.jpg,0,unsplash_real,Real_Unsplash
corpora/unsplash/images/unsplash_002148.jpg,0,unsplash_real,Real_Unsplash
corpora/unsplash/images/unsplash_002149.jpg,0,unsplash_real,Real_Unsplash
corpora/unsplash/images/unsplash_002150.jpg,0,unsplash_real,Real_Unsplash
corpora/unsplash/images/unsplash_002151.jpg,0,unsplash_real,Real_Unsplash
corpora/unsplash/images/unsplash_002152.jpg,0,unsplash_real,Real_Unsplash
corpora/unsplash/images/unsplash_002153.jpg,0,unsplash_real,Real_Unsplash
corpora/unsplash/images/unsplash_002154.jpg,0,unsplash_real,Real_Unsplash
corpora/unsplash/images/unsplash_002155.jpg,0,unsplash_real,Real_Unsplash
corpora/unsplash/images/unsplash_002156.jpg,0,unsplash_real,Real_Unsplash
corpora/unsplash/images/unsplash_002157.jpg,0,unsplash_real,Real_Unsplash
corpora/unsplash/images/unsplash_002158.jpg,0,unsplash_real,Real_Unsplash
corpora/unsplash/images/unsplash_002159.jpg,0,unsplash_real,Real_Unsplash
corpora/unsplash/images/unsplash_002160.jpg,0,unsplash_real,Real_Unsplash
corpora/unsplash/images/unsplash_002161.jpg,0,unsplash_real,Real_Unsplash
corpora/unsplash/images/unsplash_002162.jpg,0,unsplash_real,Real_Unsplash
corpora/unsplash/images/unsplash_002163.jpg,0,unsplash_real,Real_Unsplash
corpora/unsplash/images/unsplash_002164.jpg,0,unsplash_real,Real_Unsplash
corpora/unsplash/images/unsplash_002165.jpg,0,unsplash_real,Real_Unsplash
corpora/unsplash/images/unsplash_002166.jpg,0,unsplash_real,Real_Unsplash
corpora/unsplash/images/unsplash_002167.jpg,0,unsplash_real,Real_Unsplash
corpora/unsplash/images/unsplash_002168.jpg,0,unsplash_real,Real_Unsplash
corpora/unsplash/images/unsplash_002169.jpg,0,unsplash_real,Real_Unsplash
corpora/unsplash/images/unsplash_002170.jpg,0,unsplash_real,Real_Unsplash
corpora/unsplash/images/unsplash_002171.jpg,0,unsplash_real,Real_Unsplash
corpora/unsplash/images/unsplash_002172.jpg,0,unsplash_real,Real_Unsplash
corpora/unsplash/images/unsplash_002173.jpg,0,unsplash_real,Real_Unsplash
corpora/unsplash/images/unsplash_002174.jpg,0,unsplash_real,Real_Unsplash
corpora/unsplash/images/unsplash_002175.jpg,0,unsplash_real,Real_Unsplash
corpora/unsplash/images/unsplash_002176.jpg,0,unsplash_real,Real_Unsplash
corpora/unsplash/images/unsplash_002177.jpg,0,unsplash_real,Real_Unsplash
corpora/unsplash/images/unsplash_002178.jpg,0,unsplash_real,Real_Unsplash
corpora/unsplash/images/unsplash_002179.jpg,0,unsplash_real,Real_Unsplash
corpora/unsplash/images/unsplash_002180.jpg,0,unsplash_real,Real_Unsplash
corpora/unsplash/images/unsplash_002181.jpg,0,unsplash_real,Real_Unsplash
corpora/unsplash/images/unsplash_002182.jpg,0,unsplash_real,Real_Unsplash
corpora/unsplash/images/unsplash_002183.jpg,0,unsplash_real,Real_Unsplash
corpora/unsplash/images/unsplash_002184.jpg,0,unsplash_real,Real_Unsplash
corpora/unsplash/images/unsplash_002185.jpg,0,unsplash_real,Real_Unsplash
corpora/unsplash/images/unsplash_002186.jpg,0,unsplash_real,Real_Unsplash
corpora/unsplash/images/unsplash_002187.jpg,0,unsplash_real,Real_Unsplash
corpora/unsplash/images/unsplash_002188.jpg,0,unsplash_real,Real_Unsplash
corpora/unsplash/images/unsplash_002189.jpg,0,unsplash_real,Real_Unsplash
corpora/unsplash/images/unsplash_002190.jpg,0,unsplash_real,Real_Unsplash
corpora/unsplash/images/unsplash_002191.jpg,0,unsplash_real,Real_Unsplash
corpora/unsplash/images/unsplash_002192.jpg,0,unsplash_real,Real_Unsplash
corpora/unsplash/images/unsplash_002193.jpg,0,unsplash_real,Real_Unsplash
corpora/unsplash/images/unsplash_002194.jpg,0,unsplash_real,Real_Unsplash
corpora/unsplash/images/unsplash_002195.jpg,0,unsplash_real,Real_Unsplash
corpora/unsplash/images/unsplash_002196.jpg,0,unsplash_real,Real_Unsplash
corpora/unsplash/images/unsplash_002197.jpg,0,unsplash_real,Real_Unsplash
corpora/unsplash/images/unsplash_002198.jpg,0,unsplash_real,Real_Unsplash
corpora/unsplash/images/unsplash_002199.jpg,0,unsplash_real,Real_Unsplash
corpora/unsplash/images/unsplash_002200.jpg,0,unsplash_real,Real_Unsplash
corpora/unsplash/images/unsplash_002201.jpg,0,unsplash_real,Real_Unsplash
corpora/unsplash/images/unsplash_002202.jpg,0,unsplash_real,Real_Unsplash
corpora/unsplash/images/unsplash_002203.jpg,0,unsplash_real,Real_Unsplash
corpora/unsplash/images/unsplash_002204.jpg,0,unsplash_real,Real_Unsplash
corpora/unsplash/images/unsplash_002205.jpg,0,unsplash_real,Real_Unsplash
corpora/unsplash/images/unsplash_002206.jpg,0,unsplash_real,Real_Unsplash
corpora/unsplash/images/unsplash_002207.jpg,0,unsplash_real,Real_Unsplash
corpora/unsplash/images/unsplash_002208.jpg,0,unsplash_real,Real_Unsplash
corpora/unsplash/images/unsplash_002209.jpg,0,unsplash_real,Real_Unsplash
corpora/unsplash/images/unsplash_002210.jpg,0,unsplash_real,Real_Unsplash
corpora/unsplash/images/unsplash_002211.jpg,0,unsplash_real,Real_Unsplash
corpora/unsplash/images/unsplash_002212.jpg,0,unsplash_real,Real_Unsplash
corpora/unsplash/images/unsplash_002213.jpg,0,unsplash_real,Real_Unsplash
corpora/unsplash/images/unsplash_002214.jpg,0,unsplash_real,Real_Unsplash
corpora/unsplash/images/unsplash_002215.jpg,0,unsplash_real,Real_Unsplash
corpora/unsplash/images/unsplash_002216.jpg,0,unsplash_real,Real_Unsplash
corpora/unsplash/images/unsplash_002217.jpg,0,unsplash_real,Real_Unsplash
corpora/unsplash/images/unsplash_002218.jpg,0,unsplash_real,Real_Unsplash
corpora/unsplash/images/unsplash_002219.jpg,0,unsplash_real,Real_Unsplash
corpora/unsplash/images/unsplash_002220.jpg,0,unsplash_real,Real_Unsplash
corpora/unsplash/images/unsplash_002221.jpg,0,unsplash_real,Real_Unsplash
corpora/unsplash/images/unsplash_002222.jpg,0,unsplash_real,Real_Unsplash
corpora/unsplash/images/unsplash_002223.jpg,0,unsplash_real,Real_Unsplash
corpora/unsplash/images/unsplash_002224.jpg,0,unsplash_real,Real_Unsplash
corpora/unsplash/images/unsplash_002225.jpg,0,unsplash_real,Real_Unsplash
corpora/unsplash/images/unsplash_002226.jpg,0,unsplash_real,Real_Unsplash
corpora/unsplash/images/unsplash_002227.jpg,0,unsplash_real,Real_Unsplash
corpora/unsplash/images/unsplash_002228.jpg,0,unsplash_real,Real_Unsplash
corpora/unsplash/images/unsplash_002229.jpg,0,unsplash_real,Real_Unsplash
corpora/unsplash/images/unsplash_002230.jpg,0,unsplash_real,Real_Unsplash
corpora/unsplash/images/unsplash_002231.jpg,0,unsplash_real,Real_Unsplash
corpora/unsplash/images/unsplash_002232.jpg,0,unsplash_real,Real_Unsplash
corpora/unsplash/images/unsplash_002233.jpg,0,unsplash_real,Real_Unsplash
corpora/unsplash/images/unsplash_002234.jpg,0,unsplash_real,Real_Unsplash
corpora/unsplash/images/unsplash_002235.jpg,0,unsplash_real,Real_Unsplash
corpora/unsplash/images/unsplash_002236.jpg,0,unsplash_real,Real_Unsplash
corpora/unsplash/images/unsplash_002237.jpg,0,unsplash_real,Real_Unsplash
corpora/unsplash/images/unsplash_002238.jpg,0,unsplash_real,Real_Unsplash
corpora/unsplash/images/unsplash_002239.jpg,0,unsplash_real,Real_Unsplash
corpora/unsplash/images/unsplash_002240.jpg,0,unsplash_real,Real_Unsplash
corpora/unsplash/images/unsplash_002241.jpg,0,unsplash_real,Real_Unsplash
corpora/unsplash/images/unsplash_002242.jpg,0,unsplash_real,Real_Unsplash
corpora/unsplash/images/unsplash_002243.jpg,0,unsplash_real,Real_Unsplash
corpora/unsplash/images/unsplash_002244.jpg,0,unsplash_real,Real_Unsplash
corpora/unsplash/images/unsplash_002245.jpg,0,unsplash_real,Real_Unsplash
corpora/unsplash/images/unsplash_002246.jpg,0,unsplash_real,Real_Unsplash
corpora/unsplash/images/unsplash_002247.jpg,0,unsplash_real,Real_Unsplash
corpora/unsplash/images/unsplash_002248.jpg,0,unsplash_real,Real_Unsplash
corpora/unsplash/images/unsplash_002249.jpg,0,unsplash_real,Real_Unsplash
corpora/unsplash/images/unsplash_002250.jpg,0,unsplash_real,Real_Unsplash
corpora/unsplash/images/unsplash_002251.jpg,0,unsplash_real,Real_Unsplash
corpora/unsplash/images/unsplash_002252.jpg,0,unsplash_real,Real_Unsplash
corpora/unsplash/images/unsplash_002253.jpg,0,unsplash_real,Real_Unsplash
corpora/unsplash/images/unsplash_002254.jpg,0,unsplash_real,Real_Unsplash
corpora/unsplash/images/unsplash_002255.jpg,0,unsplash_real,Real_Unsplash
corpora/unsplash/images/unsplash_002256.jpg,0,unsplash_real,Real_Unsplash
corpora/unsplash/images/unsplash_002257.jpg,0,unsplash_real,Real_Unsplash
corpora/unsplash/images/unsplash_002258.jpg,0,unsplash_real,Real_Unsplash
corpora/unsplash/images/unsplash_002259.jpg,0,unsplash_real,Real_Unsplash
corpora/unsplash/images/unsplash_002260.jpg,0,unsplash_real,Real_Unsplash
corpora/unsplash/images/unsplash_002261.jpg,0,unsplash_real,Real_Unsplash
corpora/unsplash/images/unsplash_002262.jpg,0,unsplash_real,Real_Unsplash
corpora/unsplash/images/unsplash_002263.jpg,0,unsplash_real,Real_Unsplash
corpora/unsplash/images/unsplash_002264.jpg,0,unsplash_real,Real_Unsplash
corpora/unsplash/images/unsplash_002265.jpg,0,unsplash_real,Real_Unsplash
corpora/unsplash/images/unsplash_002266.jpg,0,unsplash_real,Real_Unsplash
corpora/unsplash/images/unsplash_002267.jpg,0,unsplash_real,Real_Unsplash
corpora/unsplash/images/unsplash_002268.jpg,0,unsplash_real,Real_Unsplash
corpora/unsplash/images/unsplash_002269.jpg,0,unsplash_real,Real_Unsplash
corpora/unsplash/images/unsplash_002270.jpg,0,unsplash_real,Real_Unsplash
corpora/unsplash/images/unsplash_002271.jpg,0,unsplash_real,Real_Unsplash
corpora/unsplash/images/unsplash_002272.jpg,0,unsplash_real,Real_Unsplash
corpora/unsplash/images/unsplash_002273.jpg,0,unsplash_real,Real_Unsplash
corpora/unsplash/images/unsplash_002274.jpg,0,unsplash_real,Real_Unsplash
corpora/unsplash/images/unsplash_002275.jpg,0,unsplash_real,Real_Unsplash
corpora/unsplash/images/unsplash_002276.jpg,0,unsplash_real,Real_Unsplash
corpora/unsplash/images/unsplash_002277.jpg,0,unsplash_real,Real_Unsplash
corpora/unsplash/images/unsplash_002278.jpg,0,unsplash_real,Real_Unsplash
corpora/unsplash/images/unsplash_002279.jpg,0,unsplash_real,Real_Unsplash
corpora/unsplash/images/unsplash_002280.jpg,0,unsplash_real,Real_Unsplash
corpora/unsplash/images/unsplash_002281.jpg,0,unsplash_real,Real_Unsplash
corpora/unsplash/images/unsplash_002282.jpg,0,unsplash_real,Real_Unsplash
corpora/unsplash/images/unsplash_002283.jpg,0,unsplash_real,Real_Unsplash
corpora/unsplash/images/unsplash_002284.jpg,0,unsplash_real,Real_Unsplash
corpora/unsplash/images/unsplash_002285.jpg,0,unsplash_real,Real_Unsplash
corpora/unsplash/images/unsplash_002286.jpg,0,unsplash_real,Real_Unsplash
corpora/unsplash/images/unsplash_002287.jpg,0,unsplash_real,Real_Unsplash
corpora/unsplash/images/unsplash_002288.jpg,0,unsplash_real,Real_Unsplash
corpora/unsplash/images/unsplash_002289.jpg,0,unsplash_real,Real_Unsplash
corpora/unsplash/images/unsplash_002290.jpg,0,unsplash_real,Real_Unsplash
corpora/unsplash/images/unsplash_002291.jpg,0,unsplash_real,Real_Unsplash
corpora/unsplash/images/unsplash_002292.jpg,0,unsplash_real,Real_Unsplash
corpora/unsplash/images/unsplash_002293.jpg,0,unsplash_real,Real_Unsplash
corpora/unsplash/images/unsplash_002294.jpg,0,unsplash_real,Real_Unsplash
corpora/unsplash/images/unsplash_002295.jpg,0,unsplash_real,Real_Unsplash
corpora/unsplash/images/unsplash_002296.jpg,0,unsplash_real,Real_Unsplash
corpora/unsplash/images/unsplash_002297.jpg,0,unsplash_real,Real_Unsplash
corpora/unsplash/images/unsplash_002298.jpg,0,unsplash_real,Real_Unsplash
corpora/unsplash/images/unsplash_002299.jpg,0,unsplash_real,Real_Unsplash
corpora/unsplash/images/unsplash_002300.jpg,0,unsplash_real,Real_Unsplash
corpora/unsplash/images/unsplash_002301.jpg,0,unsplash_real,Real_Unsplash
corpora/unsplash/images/unsplash_002302.jpg,0,unsplash_real,Real_Unsplash
corpora/unsplash/images/unsplash_002303.jpg,0,unsplash_real,Real_Unsplash
corpora/unsplash/images/unsplash_002304.jpg,0,unsplash_real,Real_Unsplash
corpora/unsplash/images/unsplash_002305.jpg,0,unsplash_real,Real_Unsplash
corpora/unsplash/images/unsplash_002306.jpg,0,unsplash_real,Real_Unsplash
corpora/unsplash/images/unsplash_002307.jpg,0,unsplash_real,Real_Unsplash
corpora/unsplash/images/unsplash_002308.jpg,0,unsplash_real,Real_Unsplash
corpora/unsplash/images/unsplash_002309.jpg,0,unsplash_real,Real_Unsplash
corpora/unsplash/images/unsplash_002310.jpg,0,unsplash_real,Real_Unsplash
corpora/unsplash/images/unsplash_002311.jpg,0,unsplash_real,Real_Unsplash
corpora/unsplash/images/unsplash_002312.jpg,0,unsplash_real,Real_Unsplash
corpora/unsplash/images/unsplash_002313.jpg,0,unsplash_real,Real_Unsplash
corpora/unsplash/images/unsplash_002314.jpg,0,unsplash_real,Real_Unsplash
corpora/unsplash/images/unsplash_002315.jpg,0,unsplash_real,Real_Unsplash
corpora/unsplash/images/unsplash_002316.jpg,0,unsplash_real,Real_Unsplash
corpora/unsplash/images/unsplash_002317.jpg,0,unsplash_real,Real_Unsplash
corpora/unsplash/images/unsplash_002318.jpg,0,unsplash_real,Real_Unsplash
corpora/unsplash/images/unsplash_002319.jpg,0,unsplash_real,Real_Unsplash
corpora/unsplash/images/unsplash_002320.jpg,0,unsplash_real,Real_Unsplash
corpora/unsplash/images/unsplash_002321.jpg,0,unsplash_real,Real_Unsplash
corpora/unsplash/images/unsplash_002322.jpg,0,unsplash_real,Real_Unsplash
corpora/unsplash/images/unsplash_002323.jpg,0,unsplash_real,Real_Unsplash
corpora/unsplash/images/unsplash_002324.jpg,0,unsplash_real,Real_Unsplash
corpora/unsplash/images/unsplash_002325.jpg,0,unsplash_real,Real_Unsplash
corpora/unsplash/images/unsplash_002326.jpg,0,unsplash_real,Real_Unsplash
corpora/unsplash/images/unsplash_002327.jpg,0,unsplash_real,Real_Unsplash
corpora/unsplash/images/unsplash_002328.jpg,0,unsplash_real,Real_Unsplash
corpora/unsplash/images/unsplash_002329.jpg,0,unsplash_real,Real_Unsplash
corpora/unsplash/images/unsplash_002330.jpg,0,unsplash_real,Real_Unsplash
corpora/unsplash/images/unsplash_002331.jpg,0,unsplash_real,Real_Unsplash
corpora/unsplash/images/unsplash_002332.jpg,0,unsplash_real,Real_Unsplash
corpora/unsplash/images/unsplash_002333.jpg,0,unsplash_real,Real_Unsplash
corpora/unsplash/images/unsplash_002334.jpg,0,unsplash_real,Real_Unsplash
corpora/unsplash/images/unsplash_002335.jpg,0,unsplash_real,Real_Unsplash
corpora/unsplash/images/unsplash_002336.jpg,0,unsplash_real,Real_Unsplash
corpora/unsplash/images/unsplash_002337.jpg,0,unsplash_real,Real_Unsplash
corpora/unsplash/images/unsplash_002338.jpg,0,unsplash_real,Real_Unsplash
corpora/unsplash/images/unsplash_002339.jpg,0,unsplash_real,Real_Unsplash
corpora/unsplash/images/unsplash_002340.jpg,0,unsplash_real,Real_Unsplash
corpora/unsplash/images/unsplash_002341.jpg,0,unsplash_real,Real_Unsplash
corpora/unsplash/images/unsplash_002342.jpg,0,unsplash_real,Real_Unsplash
corpora/unsplash/images/unsplash_002343.jpg,0,unsplash_real,Real_Unsplash
corpora/unsplash/images/unsplash_002344.jpg,0,unsplash_real,Real_Unsplash
corpora/unsplash/images/unsplash_002345.jpg,0,unsplash_real,Real_Unsplash
corpora/unsplash/images/unsplash_002346.jpg,0,unsplash_real,Real_Unsplash
corpora/unsplash/images/unsplash_002347.jpg,0,unsplash_real,Real_Unsplash
corpora/unsplash/images/unsplash_002348.jpg,0,unsplash_real,Real_Unsplash
corpora/unsplash/images/unsplash_002349.jpg,0,unsplash_real,Real_Unsplash
corpora/unsplash/images/unsplash_002350.jpg,0,unsplash_real,Real_Unsplash
corpora/unsplash/images/unsplash_002351.jpg,0,unsplash_real,Real_Unsplash
corpora/unsplash/images/unsplash_002352.jpg,0,unsplash_real,Real_Unsplash
corpora/unsplash/images/unsplash_002353.jpg,0,unsplash_real,Real_Unsplash
corpora/unsplash/images/unsplash_002354.jpg,0,unsplash_real,Real_Unsplash
corpora/unsplash/images/unsplash_002355.jpg,0,unsplash_real,Real_Unsplash
corpora/unsplash/images/unsplash_002356.jpg,0,unsplash_real,Real_Unsplash
corpora/unsplash/images/unsplash_002357.jpg,0,unsplash_real,Real_Unsplash
corpora/unsplash/images/unsplash_002358.jpg,0,unsplash_real,Real_Unsplash
corpora/unsplash/images/unsplash_002359.jpg,0,unsplash_real,Real_Unsplash
corpora/unsplash/images/unsplash_002360.jpg,0,unsplash_real,Real_Unsplash
corpora/unsplash/images/unsplash_002361.jpg,0,unsplash_real,Real_Unsplash
corpora/unsplash/images/unsplash_002362.jpg,0,unsplash_real,Real_Unsplash
corpora/unsplash/images/unsplash_002363.jpg,0,unsplash_real,Real_Unsplash
corpora/unsplash/images/unsplash_002364.jpg,0,unsplash_real,Real_Unsplash
corpora/unsplash/images/unsplash_002365.jpg,0,unsplash_real,Real_Unsplash
corpora/unsplash/images/unsplash_002366.jpg,0,unsplash_real,Real_Unsplash
corpora/unsplash/images/unsplash_002367.jpg,0,unsplash_real,Real_Unsplash
corpora/unsplash/images/unsplash_002368.jpg,0,unsplash_real,Real_Unsplash
corpora/unsplash/images/unsplash_002369.jpg,0,unsplash_real,Real_Unsplash
corpora/unsplash/images/unsplash_002370.jpg,0,unsplash_real,Real_Unsplash
corpora/unsplash/images/unsplash_002371.jpg,0,unsplash_real,Real_Unsplash
corpora/unsplash/images/unsplash_002372.jpg,0,unsplash_real,Real_Unsplash
corpora/unsplash/images/unsplash_002373.jpg,0,unsplash_real,Real_Unsplash
corpora/unsplash/images/unsplash_002374.jpg,0,unsplash_real,Real_Unsplash
corpora/unsplash/images/unsplash_002375.jpg,0,unsplash_real,Real_Unsplash
corpora/unsplash/images/unsplash_002376.jpg,0,unsplash_real,Real_Unsplash
corpora/unsplash/images/unsplash_002377.jpg,0,unsplash_real,Real_Unsplash
corpora/unsplash/images/unsplash_002378.jpg,0,unsplash_real,Real_Unsplash
corpora/unsplash/images/unsplash_002379.jpg,0,unsplash_real,Real_Unsplash
corpora/unsplash/images/unsplash_002380.jpg,0,unsplash_real,Real_Unsplash
corpora/unsplash/images/unsplash_002381.jpg,0,unsplash_real,Real_Unsplash
corpora/unsplash/images/unsplash_002382.jpg,0,unsplash_real,Real_Unsplash
corpora/unsplash/images/unsplash_002383.jpg,0,unsplash_real,Real_Unsplash
corpora/unsplash/images/unsplash_002384.jpg,0,unsplash_real,Real_Unsplash
corpora/unsplash/images/unsplash_002385.jpg,0,unsplash_real,Real_Unsplash
corpora/unsplash/images/unsplash_002386.jpg,0,unsplash_real,Real_Unsplash
corpora/unsplash/images/unsplash_002387.jpg,0,unsplash_real,Real_Unsplash
corpora/unsplash/images/unsplash_002388.jpg,0,unsplash_real,Real_Unsplash
corpora/unsplash/images/unsplash_002389.jpg,0,unsplash_real,Real_Unsplash
corpora/unsplash/images/unsplash_002390.jpg,0,unsplash_real,Real_Unsplash
corpora/unsplash/images/unsplash_002391.jpg,0,unsplash_real,Real_Unsplash
corpora/unsplash/images/unsplash_002392.jpg,0,unsplash_real,Real_Unsplash
corpora/unsplash/images/unsplash_002393.jpg,0,unsplash_real,Real_Unsplash
corpora/unsplash/images/unsplash_002394.jpg,0,unsplash_real,Real_Unsplash
corpora/unsplash/images/unsplash_002395.jpg,0,unsplash_real,Real_Unsplash
corpora/unsplash/images/unsplash_002396.jpg,0,unsplash_real,Real_Unsplash
corpora/unsplash/images/unsplash_002397.jpg,0,unsplash_real,Real_Unsplash
corpora/unsplash/images/unsplash_002398.jpg,0,unsplash_real,Real_Unsplash
corpora/unsplash/images/unsplash_002399.jpg,0,unsplash_real,Real_Unsplash
corpora/unsplash/images/unsplash_002400.jpg,0,unsplash_real,Real_Unsplash
corpora/unsplash/images/unsplash_002401.jpg,0,unsplash_real,Real_Unsplash
corpora/unsplash/images/unsplash_002402.jpg,0,unsplash_real,Real_Unsplash
corpora/unsplash/images/unsplash_002403.jpg,0,unsplash_real,Real_Unsplash
corpora/unsplash/images/unsplash_002404.jpg,0,unsplash_real,Real_Unsplash
corpora/unsplash/images/unsplash_002405.jpg,0,unsplash_real,Real_Unsplash
corpora/unsplash/images/unsplash_002406.jpg,0,unsplash_real,Real_Unsplash
corpora/unsplash/images/unsplash_002407.jpg,0,unsplash_real,Real_Unsplash
corpora/unsplash/images/unsplash_002408.jpg,0,unsplash_real,Real_Unsplash
corpora/unsplash/images/unsplash_002409.jpg,0,unsplash_real,Real_Unsplash
corpora/unsplash/images/unsplash_002410.jpg,0,unsplash_real,Real_Unsplash
corpora/unsplash/images/unsplash_002411.jpg,0,unsplash_real,Real_Unsplash
corpora/unsplash/images/unsplash_002412.jpg,0,unsplash_real,Real_Unsplash
corpora/unsplash/images/unsplash_002413.jpg,0,unsplash_real,Real_Unsplash
corpora/unsplash/images/unsplash_002414.jpg,0,unsplash_real,Real_Unsplash
corpora/unsplash/images/unsplash_002415.jpg,0,unsplash_real,Real_Unsplash
corpora/unsplash/images/unsplash_002416.jpg,0,unsplash_real,Real_Unsplash
corpora/unsplash/images/unsplash_002417.jpg,0,unsplash_real,Real_Unsplash
corpora/unsplash/images/unsplash_002418.jpg,0,unsplash_real,Real_Unsplash
corpora/unsplash/images/unsplash_002419.jpg,0,unsplash_real,Real_Unsplash
corpora/unsplash/images/unsplash_002420.jpg,0,unsplash_real,Real_Unsplash
corpora/unsplash/images/unsplash_002421.jpg,0,unsplash_real,Real_Unsplash
corpora/unsplash/images/unsplash_002422.jpg,0,unsplash_real,Real_Unsplash
corpora/unsplash/images/unsplash_002423.jpg,0,unsplash_real,Real_Unsplash
corpora/unsplash/images/unsplash_002424.jpg,0,unsplash_real,Real_Unsplash
corpora/unsplash/images/unsplash_002425.jpg,0,unsplash_real,Real_Unsplash
corpora/unsplash/images/unsplash_002426.jpg,0,unsplash_real,Real_Unsplash
corpora/unsplash/images/unsplash_002427.jpg,0,unsplash_real,Real_Unsplash
corpora/unsplash/images/unsplash_002428.jpg,0,unsplash_real,Real_Unsplash
corpora/unsplash/images/unsplash_002429.jpg,0,unsplash_real,Real_Unsplash
corpora/unsplash/images/unsplash_002430.jpg,0,unsplash_real,Real_Unsplash
corpora/unsplash/images/unsplash_002431.jpg,0,unsplash_real,Real_Unsplash
corpora/unsplash/images/unsplash_002432.jpg,0,unsplash_real,Real_Unsplash
corpora/unsplash/images/unsplash_002433.jpg,0,unsplash_real,Real_Unsplash
corpora/unsplash/images/unsplash_002434.jpg,0,unsplash_real,Real_Unsplash
corpora/unsplash/images/unsplash_002435.jpg,0,unsplash_real,Real_Unsplash
corpora/unsplash/images/unsplash_002436.jpg,0,unsplash_real,Real_Unsplash
corpora/unsplash/images/unsplash_002437.jpg,0,unsplash_real,Real_Unsplash
corpora/unsplash/images/unsplash_002438.jpg,0,unsplash_real,Real_Unsplash
corpora/unsplash/images/unsplash_002439.jpg,0,unsplash_real,Real_Unsplash
corpora/unsplash/images/unsplash_002440.jpg,0,unsplash_real,Real_Unsplash
corpora/unsplash/images/unsplash_002441.jpg,0,unsplash_real,Real_Unsplash
corpora/unsplash/images/unsplash_002442.jpg,0,unsplash_real,Real_Unsplash
corpora/unsplash/images/unsplash_002443.jpg,0,unsplash_real,Real_Unsplash
corpora/unsplash/images/unsplash_002444.jpg,0,unsplash_real,Real_Unsplash
corpora/unsplash/images/unsplash_002445.jpg,0,unsplash_real,Real_Unsplash
corpora/unsplash/images/unsplash_002446.jpg,0,unsplash_real,Real_Unsplash
corpora/unsplash/images/unsplash_002447.jpg,0,unsplash_real,Real_Unsplash
corpora/unsplash/images/unsplash_002448.jpg,0,unsplash_real,Real_Unsplash
corpora/unsplash/images/unsplash_002449.jpg,0,unsplash_real,Real_Unsplash
corpora/unsplash/images/unsplash_002450.jpg,0,unsplash_real,Real_Unsplash
corpora/unsplash/images/unsplash_002451.jpg,0,unsplash_real,Real_Unsplash
corpora/unsplash/images/unsplash_002452.jpg,0,unsplash_real,Real_Unsplash
corpora/unsplash/images/unsplash_002453.jpg,0,unsplash_real,Real_Unsplash
corpora/unsplash/images/unsplash_002454.jpg,0,unsplash_real,Real_Unsplash
corpora/unsplash/images/unsplash_002455.jpg,0,unsplash_real,Real_Unsplash
corpora/unsplash/images/unsplash_002456.jpg,0,unsplash_real,Real_Unsplash
corpora/unsplash/images/unsplash_002457.jpg,0,unsplash_real,Real_Unsplash
corpora/unsplash/images/unsplash_002458.jpg,0,unsplash_real,Real_Unsplash
corpora/unsplash/images/unsplash_002459.jpg,0,unsplash_real,Real_Unsplash
corpora/unsplash/images/unsplash_002460.jpg,0,unsplash_real,Real_Unsplash
corpora/unsplash/images/unsplash_002461.jpg,0,unsplash_real,Real_Unsplash
corpora/unsplash/images/unsplash_002462.jpg,0,unsplash_real,Real_Unsplash
corpora/unsplash/images/unsplash_002463.jpg,0,unsplash_real,Real_Unsplash
corpora/unsplash/images/unsplash_002464.jpg,0,unsplash_real,Real_Unsplash
corpora/unsplash/images/unsplash_002465.jpg,0,unsplash_real,Real_Unsplash
corpora/unsplash/images/unsplash_002466.jpg,0,unsplash_real,Real_Unsplash
corpora/unsplash/images/unsplash_002467.jpg,0,unsplash_real,Real_Unsplash
corpora/unsplash/images/unsplash_002468.jpg,0,unsplash_real,Real_Unsplash
corpora/unsplash/images/unsplash_002469.jpg,0,unsplash_real,Real_Unsplash
corpora/unsplash/images/unsplash_002470.jpg,0,unsplash_real,Real_Unsplash
corpora/unsplash/images/unsplash_002471.jpg,0,unsplash_real,Real_Unsplash
corpora/unsplash/images/unsplash_002472.jpg,0,unsplash_real,Real_Unsplash
corpora/unsplash/images/unsplash_002473.jpg,0,unsplash_real,Real_Unsplash
corpora/unsplash/images/unsplash_002474.jpg,0,unsplash_real,Real_Unsplash
corpora/unsplash/images/unsplash_002475.jpg,0,unsplash_real,Real_Unsplash
corpora/unsplash/images/unsplash_002476.jpg,0,unsplash_real,Real_Unsplash
corpora/unsplash/images/unsplash_002477.jpg,0,unsplash_real,Real_Unsplash
corpora/unsplash/images/unsplash_002478.jpg,0,unsplash_real,Real_Unsplash
corpora/unsplash/images/unsplash_002479.jpg,0,unsplash_real,Real_Unsplash
corpora/unsplash/images/unsplash_002480.jpg,0,unsplash_real,Real_Unsplash
corpora/unsplash/images/unsplash_002481.jpg,0,unsplash_real,Real_Unsplash
corpora/unsplash/images/unsplash_002482.jpg,0,unsplash_real,Real_Unsplash
corpora/unsplash/images/unsplash_002483.jpg,0,unsplash_real,Real_Unsplash
corpora/unsplash/images/unsplash_002484.jpg,0,unsplash_real,Real_Unsplash
corpora/unsplash/images/unsplash_002485.jpg,0,unsplash_real,Real_Unsplash
corpora/unsplash/images/unsplash_002486.jpg,0,unsplash_real,Real_Unsplash
corpora/unsplash/images/unsplash_002487.jpg,0,unsplash_real,Real_Unsplash
corpora/unsplash/images/unsplash_002488.jpg,0,unsplash_real,Real_Unsplash
corpora/unsplash/images/unsplash_002489.jpg,0,unsplash_real,Real_Unsplash
corpora/unsplash/images/unsplash_002490.jpg,0,unsplash_real,Real_Unsplash
corpora/unsplash/images/unsplash_002491.jpg,0,unsplash_real,Real_Unsplash
corpora/unsplash/images/unsplash_002492.jpg,0,unsplash_real,Real_Unsplash
corpora/unsplash/images/unsplash_002493.jpg,0,unsplash_real,Real_Unsplash
corpora/unsplash/images/unsplash_002494.jpg,0,unsplash_real,Real_Unsplash
corpora/unsplash/images/unsplash_002495.jpg,0,unsplash_real,Real_Unsplash
corpora/unsplash/images/unsplash_002496.jpg,0,unsplash_real,Real_Unsplash
corpora/unsplash/images/unsplash_002497.jpg,0,unsplash_real,Real_Unsplash
corpora/unsplash/images/unsplash_002498.jpg,0,unsplash_real,Real_Unsplash
corpora/unsplash/images/unsplash_002499.jpg,0,unsplash_real,Real_Unsplash
corpora/unsplash/images/unsplash_002500.jpg,0,unsplash_real,Real_Unsplash
corpora/unsplash/images/unsplash_002501.jpg,0,unsplash_real,Real_Unsplash
corpora/unsplash/images/unsplash_002502.jpg,0,unsplash_real,Real_Unsplash
corpora/unsplash/images/unsplash_002503.jpg,0,unsplash_real,Real_Unsplash
corpora/unsplash/images/unsplash_002504.jpg,0,unsplash_real,Real_Unsplash
corpora/unsplash/images/unsplash_002505.jpg,0,unsplash_real,Real_Unsplash
corpora/unsplash/images/unsplash_002506.jpg,0,unsplash_real,Real_Unsplash
corpora/unsplash/images/unsplash_002507.jpg,0,unsplash_real,Real_Unsplash
corpora/unsplash/images/unsplash_002508.jpg,0,unsplash_real,Real_Unsplash
corpora/unsplash/images/unsplash_002509.jpg,0,unsplash_real,Real_Unsplash
corpora/unsplash/images/unsplash_002510.jpg,0,unsplash_real,Real_Unsplash
corpora/unsplash/images/unsplash_002511.jpg,0,unsplash_real,Real_Unsplash
corpora/unsplash/images/unsplash_002512.jpg,0,unsplash_real,Real_Unsplash
corpora/unsplash/images/unsplash_002513.jpg,0,unsplash_real,Real_Unsplash
corpora/unsplash/images/unsplash_002514.jpg,0,unsplash_real,Real_Unsplash
corpora/unsplash/images/unsplash_002515.jpg,0,unsplash_real,Real_Unsplash
corpora/unsplash/images/unsplash_002516.jpg,0,unsplash_real,Real_Unsplash
corpora/unsplash/images/unsplash_002517.jpg,0,unsplash_real,Real_Unsplash
corpora/unsplash/images/unsplash_002518.jpg,0,unsplash_real,Real_Unsplash
corpora/unsplash/images/unsplash_002519.jpg,0,unsplash_real,Real_Unsplash
corpora/unsplash/images/unsplash_002520.jpg,0,unsplash_real,Real_Unsplash
corpora/unsplash/images/unsplash_002521.jpg,0,unsplash_real,Real_Unsplash
corpora/unsplash/images/unsplash_002522.jpg,0,unsplash_real,Real_Unsplash
corpora/unsplash/images/unsplash_002523.jpg,0,unsplash_real,Real_Unsplash
corpora/unsplash/images/unsplash_002524.jpg,0,unsplash_real,Real_Unsplash
corpora/unsplash/images/unsplash_002525.jpg,0,unsplash_real,Real_Unsplash
corpora/unsplash/images/unsplash_002526.jpg,0,unsplash_real,Real_Unsplash
corpora/unsplash/images/unsplash_002527.jpg,0,unsplash_real,Real_Unsplash
corpora/unsplash/images/unsplash_002528.jpg,0,unsplash_real,Real_Unsplash
corpora/unsplash/images/unsplash_002529.jpg,0,unsplash_real,Real_Unsplash
corpora/unsplash/images/unsplash_002530.jpg,0,unsplash_real,Real_Unsplash
corpora/unsplash/images/unsplash_002531.jpg,0,unsplash_real,Real_Unsplash
corpora/unsplash/images/unsplash_002532.jpg,0,unsplash_real,Real_Unsplash
corpora/unsplash/images/unsplash_002533.jpg,0,unsplash_real,Real_Unsplash
corpora/unsplash/images/unsplash_002534.jpg,0,unsplash_real,Real_Unsplash
corpora/unsplash/images/unsplash_002535.jpg,0,unsplash_real,Real_Unsplash
corpora/unsplash/images/unsplash_002536.jpg,0,unsplash_real,Real_Unsplash
corpora/unsplash/images/unsplash_002537.jpg,0,unsplash_real,Real_Unsplash
corpora/unsplash/images/unsplash_002538.jpg,0,unsplash_real,Real_Unsplash
corpora/unsplash/images/unsplash_002539.jpg,0,unsplash_real,Real_Unsplash
corpora/unsplash/images/unsplash_002540.jpg,0,unsplash_real,Real_Unsplash
corpora/unsplash/images/unsplash_002541.jpg,0,unsplash_real,Real_Unsplash
corpora/unsplash/images/unsplash_002542.jpg,0,unsplash_real,Real_Unsplash
corpora/unsplash/images/unsplash_002543.jpg,0,unsplash_real,Real_Unsplash
corpora/unsplash/images/unsplash_002544.jpg,0,unsplash_real,Real_Unsplash
corpora/unsplash/images/unsplash_002545.jpg,0,unsplash_real,Real_Unsplash
corpora/unsplash/images/unsplash_002546.jpg,0,unsplash_real,Real_Unsplash
corpora/unsplash/images/unsplash_002547.jpg,0,unsplash_real,Real_Unsplash
corpora/unsplash/images/unsplash_002548.jpg,0,unsplash_real,Real_Unsplash
corpora/unsplash/images/unsplash_002549.jpg,0,unsplash_real,Real_Unsplash
corpora/unsplash/images/unsplash_002550.jpg,0,unsplash_real,Real_Unsplash
corpora/unsplash/images/unsplash_002551.jpg,0,unsplash_real,Real_Unsplash
corpora/unsplash/images/unsplash_002552.jpg,0,unsplash_real,Real_Unsplash
corpora/unsplash/images/unsplash_002553.jpg,0,unsplash_real,Real_Unsplash
corpora/unsplash/images/unsplash_002554.jpg,0,unsplash_real,Real_Unsplash
corpora/unsplash/images/unsplash_002555.jpg,0,unsplash_real,Real_Unsplash
corpora/unsplash/images/unsplash_002556.jpg,0,unsplash_real,Real_Unsplash
corpora/unsplash/images/unsplash_002557.jpg,0,unsplash_real,Real_Unsplash
corpora/unsplash/images/unsplash_002558.jpg,0,unsplash_real,Real_Unsplash
corpora/unsplash/images/unsplash_002559.jpg,0,unsplash_real,Real_Unsplash
corpora/unsplash/images/unsplash_002560.jpg,0,unsplash_real,Real_Unsplash
corpora/unsplash/images/unsplash_002561.jpg,0,unsplash_real,Real_Unsplash
corpora/unsplash/images/unsplash_002562.jpg,0,unsplash_real,Real_Unsplash
corpora/unsplash/images/unsplash_002563.jpg,0,unsplash_real,Real_Unsplash
corpora/unsplash/images/unsplash_002564.jpg,0,unsplash_real,Real_Unsplash
corpora/unsplash/images/unsplash_002565.jpg,0,unsplash_real,Real_Unsplash
corpora/unsplash/images/unsplash_002566.jpg,0,unsplash_real,Real_Unsplash
corpora/unsplash/images/unsplash_002567.jpg,0,unsplash_real,Real_Unsplash
corpora/unsplash/images/unsplash_002568.jpg,0,unsplash_real,Real_Unsplash
corpora/unsplash/images/unsplash_002569.jpg,0,unsplash_real,Real_Unsplash
corpora/unsplash/images/unsplash_002570.jpg,0,unsplash_real,Real_Unsplash
corpora/unsplash/images/unsplash_002571.jpg,0,unsplash_real,Real_Unsplash
corpora/unsplash/images/unsplash_002572.jpg,0,unsplash_real,Real_Unsplash
corpora/unsplash/images/unsplash_002573.jpg,0,unsplash_real,Real_Unsplash
corpora/unsplash/images/unsplash_002574.jpg,0,unsplash_real,Real_Unsplash
corpora/unsplash/images/unsplash_002575.jpg,0,unsplash_real,Real_Unsplash
corpora/unsplash/images/unsplash_002576.jpg,0,unsplash_real,Real_Unsplash
corpora/unsplash/images/unsplash_002577.jpg,0,unsplash_real,Real_Unsplash
corpora/unsplash/images/unsplash_002578.jpg,0,unsplash_real,Real_Unsplash
corpora/unsplash/images/unsplash_002579.jpg,0,unsplash_real,Real_Unsplash
corpora/unsplash/images/unsplash_002580.jpg,0,unsplash_real,Real_Unsplash
corpora/unsplash/images/unsplash_002581.jpg,0,unsplash_real,Real_Unsplash
corpora/unsplash/images/unsplash_002582.jpg,0,unsplash_real,Real_Unsplash
corpora/unsplash/images/unsplash_002583.jpg,0,unsplash_real,Real_Unsplash
corpora/unsplash/images/unsplash_002584.jpg,0,unsplash_real,Real_Unsplash
corpora/unsplash/images/unsplash_002585.jpg,0,unsplash_real,Real_Unsplash
corpora/unsplash/images/unsplash_002586.jpg,0,unsplash_real,Real_Unsplash
corpora/unsplash/images/unsplash_002587.jpg,0,unsplash_real,Real_Unsplash
corpora/unsplash/images/unsplash_002588.jpg,0,unsplash_real,Real_Unsplash
corpora/unsplash/images/unsplash_002589.jpg,0,unsplash_real,Real_Unsplash
corpora/unsplash/images/unsplash_002590.jpg,0,unsplash_real,Real_Unsplash
corpora/unsplash/images/unsplash_002591.jpg,0,unsplash_real,Real_Unsplash
corpora/unsplash/images/unsplash_002592.jpg,0,unsplash_real,Real_Unsplash
corpora/unsplash/images/unsplash_002593.jpg,0,unsplash_real,Real_Unsplash
corpora/unsplash/images/unsplash_002594.jpg,0,unsplash_real,Real_Unsplash
corpora/unsplash/images/unsplash_002595.jpg,0,unsplash_real,Real_Unsplash
corpora/unsplash/images/unsplash_002596.jpg,0,unsplash_real,Real_Unsplash
corpora/unsplash/images/unsplash_002597.jpg,0,unsplash_real,Real_Unsplash
corpora/unsplash/images/unsplash_002598.jpg,0,unsplash_real,Real_Unsplash
corpora/unsplash/images/unsplash_002599.jpg,0,unsplash_real,Real_Unsplash
corpora/unsplash/images/unsplash_002600.jpg,0,unsplash_real,Real_Unsplash
corpora/unsplash/images/unsplash_002601.jpg,0,unsplash_real,Real_Unsplash
corpora/unsplash/images/unsplash_002602.jpg,0,unsplash_real,Real_Unsplash
corpora/unsplash/images/unsplash_002603.jpg,0,unsplash_real,Real_Unsplash
corpora/unsplash/images/unsplash_002604.jpg,0,unsplash_real,Real_Unsplash
corpora/unsplash/images/unsplash_002605.jpg,0,unsplash_real,Real_Unsplash
corpora/unsplash/images/unsplash_002606.jpg,0,unsplash_real,Real_Unsplash
corpora/unsplash/images/unsplash_002607.jpg,0,unsplash_real,Real_Unsplash
corpora/unsplash/images/unsplash_002608.jpg,0,unsplash_real,Real_Unsplash
corpora/unsplash/images/unsplash_002609.jpg,0,unsplash_real,Real_Unsplash
corpora/unsplash/images/unsplash_002610.jpg,0,unsplash_real,Real_Unsplash
corpora/unsplash/images/unsplash_002611.jpg,0,unsplash_real,Real_Unsplash
corpora/unsplash/images/unsplash_002612.jpg,0,unsplash_real,Real_Unsplash
corpora/unsplash/images/unsplash_002613.jpg,0,unsplash_real,Real_Unsplash
corpora/unsplash/images/unsplash_002614.jpg,0,unsplash_real,Real_Unsplash
corpora/unsplash/images/unsplash_002615.jpg,0,unsplash_real,Real_Unsplash
corpora/unsplash/images/unsplash_002616.jpg,0,unsplash_real,Real_Unsplash
corpora/unsplash/images/unsplash_002617.jpg,0,unsplash_real,Real_Unsplash
corpora/unsplash/images/unsplash_002618.jpg,0,unsplash_real,Real_Unsplash
corpora/unsplash/images/unsplash_002619.jpg,0,unsplash_real,Real_Unsplash
corpora/unsplash/images/unsplash_002620.jpg,0,unsplash_real,Real_Unsplash
corpora/unsplash/images/unsplash_002621.jpg,0,unsplash_real,Real_Unsplash
corpora/unsplash/images/unsplash_002622.jpg,0,unsplash_real,Real_Unsplash
corpora/unsplash/images/unsplash_002623.jpg,0,unsplash_real,Real_Unsplash
corpora/unsplash/images/unsplash_002624.jpg,0,unsplash_real,Real_Unsplash
corpora/unsplash/images/unsplash_002625.jpg,0,unsplash_real,Real_Unsplash
corpora/unsplash/images/unsplash_002626.jpg,0,unsplash_real,Real_Unsplash
corpora/unsplash/images/unsplash_002627.jpg,0,unsplash_real,Real_Unsplash
corpora/unsplash/images/unsplash_002628.jpg,0,unsplash_real,Real_Unsplash
corpora/unsplash/images/unsplash_002629.jpg,0,unsplash_real,Real_Unsplash
corpora/unsplash/images/unsplash_002630.jpg,0,unsplash_real,Real_Unsplash
corpora/unsplash/images/unsplash_002631.jpg,0,unsplash_real,Real_Unsplash
corpora/unsplash/images/unsplash_002632.jpg,0,unsplash_real,Real_Unsplash
corpora/unsplash/images/unsplash_002633.jpg,0,unsplash_real,Real_Unsplash
corpora/unsplash/images/unsplash_002634.jpg,0,unsplash_real,Real_Unsplash
corpora/unsplash/images/unsplash_002635.jpg,0,unsplash_real,Real_Unsplash
corpora/unsplash/images/unsplash_002636.jpg,0,unsplash_real,Real_Unsplash
corpora/unsplash/images/unsplash_002637.jpg,0,unsplash_real,Real_Unsplash
corpora/unsplash/images/unsplash_002638.jpg,0,unsplash_real,Real_Unsplash
corpora/unsplash/images/unsplash_002639.jpg,0,unsplash_real,Real_Unsplash
corpora/unsplash/images/unsplash_002640.jpg,0,unsplash_real,Real_Unsplash
corpora/unsplash/images/unsplash_002641.jpg,0,unsplash_real,Real_Unsplash
corpora/unsplash/images/unsplash_002642.jpg,0,unsplash_real,Real_Unsplash
corpora/unsplash/images/unsplash_002643.jpg,0,unsplash_real,Real_Unsplash
corpora/unsplash/images/unsplash_002644.jpg,0,unsplash_real,Real_Unsplash
corpora/unsplash/images/unsplash_002645.jpg,0,unsplash_real,Real_Unsplash
corpora/unsplash/images/unsplash_002646.jpg,0,unsplash_real,Real_Unsplash
corpora/unsplash/images/unsplash_002647.jpg,0,unsplash_real,Real_Unsplash
corpora/unsplash/images/unsplash_002648.jpg,0,unsplash_real,Real_Unsplash
corpora/unsplash/images/unsplash_002649.jpg,0,unsplash_real,Real_Unsplash
corpora/unsplash/images/unsplash_002650.jpg,0,unsplash_real,Real_Unsplash
corpora/unsplash/images/unsplash_002651.jpg,0,unsplash_real,Real_Unsplash
corpora/unsplash/images/unsplash_002652.jpg,0,unsplash_real,Real_Unsplash
corpora/unsplash/images/unsplash_002653.jpg,0,unsplash_real,Real_Unsplash
corpora/unsplash/images/unsplash_002654.jpg,0,unsplash_real,Real_Unsplash
corpora/unsplash/images/unsplash_002655.jpg,0,unsplash_real,Real_Unsplash
corpora/unsplash/images/unsplash_002656.jpg,0,unsplash_real,Real_Unsplash
corpora/unsplash/images/unsplash_002657.jpg,0,unsplash_real,Real_Unsplash
corpora/unsplash/images/unsplash_002658.jpg,0,unsplash_real,Real_Unsplash
corpora/unsplash/images/unsplash_002659.jpg,0,unsplash_real,Real_Unsplash
corpora/unsplash/images/unsplash_002660.jpg,0,unsplash_real,Real_Unsplash
corpora/unsplash/images/unsplash_002661.jpg,0,unsplash_real,Real_Unsplash
corpora/unsplash/images/unsplash_002662.jpg,0,unsplash_real,Real_Unsplash
corpora/unsplash/images/unsplash_002663.jpg,0,unsplash_real,Real_Unsplash
corpora/unsplash/images/unsplash_002664.jpg,0,unsplash_real,Real_Unsplash
corpora/unsplash/images/unsplash_002665.jpg,0,unsplash_real,Real_Unsplash
corpora/unsplash/images/unsplash_002666.jpg,0,unsplash_real,Real_Unsplash
corpora/unsplash/images/unsplash_002667.jpg,0,unsplash_real,Real_Unsplash
corpora/unsplash/images/unsplash_002668.jpg,0,unsplash_real,Real_Unsplash
corpora/unsplash/images/unsplash_002669.jpg,0,unsplash_real,Real_Unsplash
corpora/unsplash/images/unsplash_002670.jpg,0,unsplash_real,Real_Unsplash
corpora/unsplash/images/unsplash_002671.jpg,0,unsplash_real,Real_Unsplash
corpora/unsplash/images/unsplash_002672.jpg,0,unsplash_real,Real_Unsplash
corpora/unsplash/images/unsplash_002673.jpg,0,unsplash_real,Real_Unsplash
corpora/unsplash/images/unsplash_002674.jpg,0,unsplash_real,Real_Unsplash
corpora/unsplash/images/unsplash_002675.jpg,0,unsplash_real,Real_Unsplash
corpora/unsplash/images/unsplash_002676.jpg,0,unsplash_real,Real_Unsplash
corpora/unsplash/images/unsplash_002677.jpg,0,unsplash_real,Real_Unsplash
corpora/unsplash/images/unsplash_002678.jpg,0,unsplash_real,Real_Unsplash
corpora/unsplash/images/unsplash_002679.jpg,0,unsplash_real,Real_Unsplash
corpora/unsplash/images/unsplash_002680.jpg,0,unsplash_real,Real_Unsplash
corpora/unsplash/images/unsplash_002681.jpg,0,unsplash_real,Real_Unsplash
corpora/unsplash/images/unsplash_002682.jpg,0,unsplash_real,Real_Unsplash
corpora/unsplash/images/unsplash_002683.jpg,0,unsplash_real,Real_Unsplash
corpora/unsplash/images/unsplash_002684.jpg,0,unsplash_real,Real_Unsplash
corpora/unsplash/images/unsplash_002685.jpg,0,unsplash_real,Real_Unsplash
corpora/unsplash/images/unsplash_002686.jpg,0,unsplash_real,Real_Unsplash
corpora/unsplash/images/unsplash_002687.jpg,0,unsplash_real,Real_Unsplash
corpora/unsplash/images/unsplash_002688.jpg,0,unsplash_real,Real_Unsplash
corpora/unsplash/images/unsplash_002689.jpg,0,unsplash_real,Real_Unsplash
corpora/unsplash/images/unsplash_002690.jpg,0,unsplash_real,Real_Unsplash
corpora/unsplash/images/unsplash_002691.jpg,0,unsplash_real,Real_Unsplash
corpora/unsplash/images/unsplash_002692.jpg,0,unsplash_real,Real_Unsplash
corpora/unsplash/images/unsplash_002693.jpg,0,unsplash_real,Real_Unsplash
corpora/unsplash/images/unsplash_002694.jpg,0,unsplash_real,Real_Unsplash
corpora/unsplash/images/unsplash_002695.jpg,0,unsplash_real,Real_Unsplash
corpora/unsplash/images/unsplash_002696.jpg,0,unsplash_real,Real_Unsplash
corpora/unsplash/images/unsplash_002697.jpg,0,unsplash_real,Real_Unsplash
corpora/unsplash/images/unsplash_002698.jpg,0,unsplash_real,Real_Unsplash
corpora/unsplash/images/unsplash_002699.jpg,0,unsplash_real,Real_Unsplash
corpora/unsplash/images/unsplash_002700.jpg,0,unsplash_real,Real_Unsplash
corpora/unsplash/images/unsplash_002701.jpg,0,unsplash_real,Real_Unsplash
corpora/unsplash/images/unsplash_002702.jpg,0,unsplash_real,Real_Unsplash
corpora/unsplash/images/unsplash_002703.jpg,0,unsplash_real,Real_Unsplash
corpora/unsplash/images/unsplash_002704.jpg,0,unsplash_real,Real_Unsplash
corpora/unsplash/images/unsplash_002705.jpg,0,unsplash_real,Real_Unsplash
corpora/unsplash/images/unsplash_002706.jpg,0,unsplash_real,Real_Unsplash
corpora/unsplash/images/unsplash_002707.jpg,0,unsplash_real,Real_Unsplash
corpora/unsplash/images/unsplash_002708.jpg,0,unsplash_real,Real_Unsplash
corpora/unsplash/images/unsplash_002709.jpg,0,unsplash_real,Real_Unsplash
corpora/unsplash/images/unsplash_002710.jpg,0,unsplash_real,Real_Unsplash
corpora/unsplash/images/unsplash_002711.jpg,0,unsplash_real,Real_Unsplash
corpora/unsplash/images/unsplash_002712.jpg,0,unsplash_real,Real_Unsplash
corpora/unsplash/images/unsplash_002713.jpg,0,unsplash_real,Real_Unsplash
corpora/unsplash/images/unsplash_002714.jpg,0,unsplash_real,Real_Unsplash
corpora/unsplash/images/unsplash_002715.jpg,0,unsplash_real,Real_Unsplash
corpora/unsplash/images/unsplash_002716.jpg,0,unsplash_real,Real_Unsplash
corpora/unsplash/images/unsplash_002717.jpg,0,unsplash_real,Real_Unsplash
corpora/unsplash/images/unsplash_002718.jpg,0,unsplash_real,Real_Unsplash
corpora/unsplash/images/unsplash_002719.jpg,0,unsplash_real,Real_Unsplash
corpora/unsplash/images/unsplash_002720.jpg,0,unsplash_real,Real_Unsplash
corpora/unsplash/images/unsplash_002721.jpg,0,unsplash_real,Real_Unsplash
corpora/unsplash/images/unsplash_002722.jpg,0,unsplash_real,Real_Unsplash
corpora/unsplash/images/unsplash_002723.jpg,0,unsplash_real,Real_Unsplash
corpora/unsplash/images/unsplash_002724.jpg,0,unsplash_real,Real_Unsplash
corpora/unsplash/images/unsplash_002725.jpg,0,unsplash_real,Real_Unsplash
corpora/unsplash/images/unsplash_002726.jpg,0,unsplash_real,Real_Unsplash
corpora/unsplash/images/unsplash_002727.jpg,0,unsplash_real,Real_Unsplash
corpora/unsplash/images/unsplash_002728.jpg,0,unsplash_real,Real_Unsplash
corpora/unsplash/images/unsplash_002729.jpg,0,unsplash_real,Real_Unsplash
corpora/unsplash/images/unsplash_002730.jpg,0,unsplash_real,Real_Unsplash
corpora/unsplash/images/unsplash_002731.jpg,0,unsplash_real,Real_Unsplash
corpora/unsplash/images/unsplash_002732.jpg,0,unsplash_real,Real_Unsplash
corpora/unsplash/images/unsplash_002733.jpg,0,unsplash_real,Real_Unsplash
corpora/unsplash/images/unsplash_002734.jpg,0,unsplash_real,Real_Unsplash
corpora/unsplash/images/unsplash_002735.jpg,0,unsplash_real,Real_Unsplash
corpora/unsplash/images/unsplash_002736.jpg,0,unsplash_real,Real_Unsplash
corpora/unsplash/images/unsplash_002737.jpg,0,unsplash_real,Real_Unsplash
corpora/unsplash/images/unsplash_002738.jpg,0,unsplash_real,Real_Unsplash
corpora/unsplash/images/unsplash_002739.jpg,0,unsplash_real,Real_Unsplash
corpora/unsplash/images/unsplash_002740.jpg,0,unsplash_real,Real_Unsplash
corpora/unsplash/images/unsplash_002741.jpg,0,unsplash_real,Real_Unsplash
corpora/unsplash/images/unsplash_002742.jpg,0,unsplash_real,Real_Unsplash
corpora/unsplash/images/unsplash_002743.jpg,0,unsplash_real,Real_Unsplash
corpora/unsplash/images/unsplash_002744.jpg,0,unsplash_real,Real_Unsplash
corpora/unsplash/images/unsplash_002745.jpg,0,unsplash_real,Real_Unsplash
corpora/unsplash/images/unsplash_002746.jpg,0,unsplash_real,Real_Unsplash
corpora/unsplash/images/unsplash_002747.jpg,0,unsplash_real,Real_Unsplash
corpora/unsplash/images/unsplash_002748.jpg,0,unsplash_real,Real_Unsplash
corpora/unsplash/images/unsplash_002749.jpg,0,unsplash_real,Real_Unsplash
corpora/unsplash/images/unsplash_002750.jpg,0,unsplash_real,Real_Unsplash
corpora/unsplash/images/unsplash_002751.jpg,0,unsplash_real,Real_Unsplash
corpora/unsplash/images/unsplash_002752.jpg,0,unsplash_real,Real_Unsplash
corpora/unsplash/images/unsplash_002753.jpg,0,unsplash_real,Real_Unsplash
corpora/unsplash/images/unsplash_002754.jpg,0,unsplash_real,Real_Unsplash
corpora/unsplash/images/unsplash_002755.jpg,0,unsplash_real,Real_Unsplash
corpora/unsplash/images/unsplash_002756.jpg,0,unsplash_real,Real_Unsplash
corpora/unsplash/images/unsplash_002757.jpg,0,unsplash_real,Real_Unsplash
corpora/unsplash/images/unsplash_002758.jpg,0,unsplash_real,Real_Unsplash
corpora/unsplash/images/unsplash_002759.jpg,0,unsplash_real,Real_Unsplash
corpora/unsplash/images/unsplash_002760.jpg,0,unsplash_real,Real_Unsplash
corpora/unsplash/images/unsplash_002761.jpg,0,unsplash_real,Real_Unsplash
corpora/unsplash/images/unsplash_002762.jpg,0,unsplash_real,Real_Unsplash
corpora/unsplash/images/unsplash_002763.jpg,0,unsplash_real,Real_Unsplash
corpora/unsplash/images/unsplash_002764.jpg,0,unsplash_real,Real_Unsplash
corpora/unsplash/images/unsplash_002765.jpg,0,unsplash_real,Real_Unsplash
corpora/unsplash/images/unsplash_002766.jpg,0,unsplash_real,Real_Unsplash
corpora/unsplash/images/unsplash_002767.jpg,0,unsplash_real,Real_Unsplash
corpora/unsplash/images/unsplash_002768.jpg,0,unsplash_real,Real_Unsplash
corpora/unsplash/images/unsplash_002769.jpg,0,unsplash_real,Real_Unsplash
corpora/unsplash/images/unsplash_002770.jpg,0,unsplash_real,Real_Unsplash
corpora/unsplash/images/unsplash_002771.jpg,0,unsplash_real,Real_Unsplash
corpora/unsplash/images/unsplash_002772.jpg,0,unsplash_real,Real_Unsplash
corpora/unsplash/images/unsplash_002773.jpg,0,unsplash_real,Real_Unsplash
corpora/unsplash/images/unsplash_002774.jpg,0,unsplash_real,Real_Unsplash
corpora/unsplash/images/unsplash_002775.jpg,0,unsplash_real,Real_Unsplash
corpora/unsplash/images/unsplash_002776.jpg,0,unsplash_real,Real_Unsplash
corpora/unsplash/images/unsplash_002777.jpg,0,unsplash_real,Real_Unsplash
corpora/unsplash/images/unsplash_002778.jpg,0,unsplash_real,Real_Unsplash
corpora/unsplash/images/unsplash_002779.jpg,0,unsplash_real,Real_Unsplash
corpora/unsplash/images/unsplash_002780.jpg,0,unsplash_real,Real_Unsplash
corpora/unsplash/images/unsplash_002781.jpg,0,unsplash_real,Real_Unsplash
corpora/unsplash/images/unsplash_002782.jpg,0,unsplash_real,Real_Unsplash
corpora/unsplash/images/unsplash_002783.jpg,0,unsplash_real,Real_Unsplash
corpora/unsplash/images/unsplash_002784.jpg,0,unsplash_real,Real_Unsplash
corpora/unsplash/images/unsplash_002785.jpg,0,unsplash_real,Real_Unsplash
corpora/unsplash/images/unsplash_002786.jpg,0,unsplash_real,Real_Unsplash
corpora/unsplash/images/unsplash_002787.jpg,0,unsplash_real,Real_Unsplash
corpora/unsplash/images/unsplash_002788.jpg,0,unsplash_real,Real_Unsplash
corpora/unsplash/images/unsplash_002789.jpg,0,unsplash_real,Real_Unsplash
corpora/unsplash/images/unsplash_002790.jpg,0,unsplash_real,Real_Unsplash
corpora/unsplash/images/unsplash_002791.jpg,0,unsplash_real,Real_Unsplash
corpora/unsplash/images/unsplash_002792.jpg,0,unsplash_real,Real_Unsplash
corpora/unsplash/images/unsplash_002793.jpg,0,unsplash_real,Real_Unsplash
corpora/unsplash/images/unsplash_002794.jpg,0,unsplash_real,Real_Unsplash
corpora/unsplash/images/unsplash_002795.jpg,0,unsplash_real,Real_Unsplash
corpora/unsplash/images/unsplash_002796.jpg,0,unsplash_real,Real_Unsplash
corpora/unsplash/images/unsplash_002797.jpg,0,unsplash_real,Real_Unsplash
corpora/unsplash/images/unsplash_002798.jpg,0,unsplash_real,Real_Unsplash
corpora/unsplash/images/unsplash_002799.jpg,0,unsplash_real,Real_Unsplash
corpora/unsplash/images/unsplash_002800.jpg,0,unsplash_real,Real_Unsplash
corpora/unsplash/images/unsplash_002801.jpg,0,unsplash_real,Real_Unsplash
corpora/unsplash/images/unsplash_002802.jpg,0,unsplash_real,Real_Unsplash
corpora/unsplash/images/unsplash_002803.jpg,0,unsplash_real,Real_Unsplash
corpora/unsplash/images/unsplash_002804.jpg,0,unsplash_real,Real_Unsplash
corpora/unsplash/images/unsplash_002805.jpg,0,unsplash_real,Real_Unsplash
corpora/unsplash/images/unsplash_002806.jpg,0,unsplash_real,Real_Unsplash
corpora/unsplash/images/unsplash_002807.jpg,0,unsplash_real,Real_Unsplash
corpora/unsplash/images/unsplash_002808.jpg,0,unsplash_real,Real_Unsplash
corpora/unsplash/images/unsplash_002809.jpg,0,unsplash_real,Real_Unsplash
corpora/unsplash/images/unsplash_002810.jpg,0,unsplash_real,Real_Unsplash
corpora/unsplash/images/unsplash_002811.jpg,0,unsplash_real,Real_Unsplash
corpora/unsplash/images/unsplash_002812.jpg,0,unsplash_real,Real_Unsplash
corpora/unsplash/images/unsplash_002813.jpg,0,unsplash_real,Real_Unsplash
corpora/unsplash/images/unsplash_002814.jpg,0,unsplash_real,Real_Unsplash
corpora/unsplash/images/unsplash_002815.jpg,0,unsplash_real,Real_Unsplash
corpora/unsplash/images/unsplash_002816.jpg,0,unsplash_real,Real_Unsplash
corpora/unsplash/images/unsplash_002817.jpg,0,unsplash_real,Real_Unsplash
corpora/unsplash/images/unsplash_002818.jpg,0,unsplash_real,Real_Unsplash
corpora/unsplash/images/unsplash_002819.jpg,0,unsplash_real,Real_Unsplash
corpora/unsplash/images/unsplash_002820.jpg,0,unsplash_real,Real_Unsplash
corpora/unsplash/images/unsplash_002821.jpg,0,unsplash_real,Real_Unsplash
corpora/unsplash/images/unsplash_002822.jpg,0,unsplash_real,Real_Unsplash
corpora/unsplash/images/unsplash_002823.jpg,0,unsplash_real,Real_Unsplash
corpora/unsplash/images/unsplash_002824.jpg,0,unsplash_real,Real_Unsplash
corpora/unsplash/images/unsplash_002825.jpg,0,unsplash_real,Real_Unsplash
corpora/unsplash/images/unsplash_002826.jpg,0,unsplash_real,Real_Unsplash
corpora/unsplash/images/unsplash_002827.jpg,0,unsplash_real,Real_Unsplash
corpora/unsplash/images/unsplash_002828.jpg,0,unsplash_real,Real_Unsplash
corpora/unsplash/images/unsplash_002829.jpg,0,unsplash_real,Real_Unsplash
corpora/unsplash/images/unsplash_002830.jpg,0,unsplash_real,Real_Unsplash
corpora/unsplash/images/unsplash_002831.jpg,0,unsplash_real,Real_Unsplash
corpora/unsplash/images/unsplash_002832.jpg,0,unsplash_real,Real_Unsplash
corpora/unsplash/images/unsplash_002833.jpg,0,unsplash_real,Real_Unsplash
corpora/unsplash/images/unsplash_002834.jpg,0,unsplash_real,Real_Unsplash
corpora/unsplash/images/unsplash_002835.jpg,0,unsplash_real,Real_Unsplash
corpora/unsplash/images/unsplash_002836.jpg,0,unsplash_real,Real_Unsplash
corpora/unsplash/images/unsplash_002837.jpg,0,unsplash_real,Real_Unsplash
corpora/unsplash/images/unsplash_002838.jpg,0,unsplash_real,Real_Unsplash
corpora/unsplash/images/unsplash_002839.jpg,0,unsplash_real,Real_Unsplash
corpora/unsplash/images/unsplash_002840.jpg,0,unsplash_real,Real_Unsplash
corpora/unsplash/images/unsplash_002841.jpg,0,unsplash_real,Real_Unsplash
corpora/unsplash/images/unsplash_002842.jpg,0,unsplash_real,Real_Unsplash
corpora/unsplash/images/unsplash_002843.jpg,0,unsplash_real,Real_Unsplash
corpora/unsplash/images/unsplash_002844.jpg,0,unsplash_real,Real_Unsplash
corpora/unsplash/images/unsplash_002845.jpg,0,unsplash_real,Real_Unsplash
corpora/unsplash/images/unsplash_002846.jpg,0,unsplash_real,Real_Unsplash
corpora/unsplash/images/unsplash_002847.jpg,0,unsplash_real,Real_Unsplash
corpora/unsplash/images/unsplash_002848.jpg,0,unsplash_real,Real_Unsplash
corpora/unsplash/images/unsplash_002849.jpg,0,unsplash_real,Real_Unsplash
corpora/unsplash/images/unsplash_002850.jpg,0,unsplash_real,Real_Unsplash
corpora/unsplash/images/unsplash_002851.jpg,0,unsplash_real,Real_Unsplash
corpora/unsplash/images/unsplash_002852.jpg,0,unsplash_real,Real_Unsplash
corpora/unsplash/images/unsplash_002853.jpg,0,unsplash_real,Real_Unsplash
corpora/unsplash/images/unsplash_002854.jpg,0,unsplash_real,Real_Unsplash
corpora/unsplash/images/unsplash_002855.jpg,0,unsplash_real,Real_Unsplash
corpora/unsplash/images/unsplash_002856.jpg,0,unsplash_real,Real_Unsplash
corpora/unsplash/images/unsplash_002857.jpg,0,unsplash_real,Real_Unsplash
corpora/unsplash/images/unsplash_002858.jpg,0,unsplash_real,Real_Unsplash
corpora/unsplash/images/unsplash_002859.jpg,0,unsplash_real,Real_Unsplash
corpora/unsplash/images/unsplash_002860.jpg,0,unsplash_real,Real_Unsplash
corpora/unsplash/images/unsplash_002861.jpg,0,unsplash_real,Real_Unsplash
corpora/unsplash/images/unsplash_002862.jpg,0,unsplash_real,Real_Unsplash
corpora/unsplash/images/unsplash_002863.jpg,0,unsplash_real,Real_Unsplash
corpora/unsplash/images/unsplash_002864.jpg,0,unsplash_real,Real_Unsplash
corpora/unsplash/images/unsplash_002865.jpg,0,unsplash_real,Real_Unsplash
corpora/unsplash/images/unsplash_002866.jpg,0,unsplash_real,Real_Unsplash
corpora/unsplash/images/unsplash_002867.jpg,0,unsplash_real,Real_Unsplash
corpora/unsplash/images/unsplash_002868.jpg,0,unsplash_real,Real_Unsplash
corpora/unsplash/images/unsplash_002869.jpg,0,unsplash_real,Real_Unsplash
corpora/unsplash/images/unsplash_002870.jpg,0,unsplash_real,Real_Unsplash
corpora/unsplash/images/unsplash_002871.jpg,0,unsplash_real,Real_Unsplash
corpora/unsplash/images/unsplash_002872.jpg,0,unsplash_real,Real_Unsplash
corpora/unsplash/images/unsplash_002873.jpg,0,unsplash_real,Real_Unsplash
corpora/unsplash/images/unsplash_002874.jpg,0,unsplash_real,Real_Unsplash
corpora/unsplash/images/unsplash_002875.jpg,0,unsplash_real,Real_Unsplash
corpora/unsplash/images/unsplash_002876.jpg,0,unsplash_real,Real_Unsplash
corpora/unsplash/images/unsplash_002877.jpg,0,unsplash_real,Real_Unsplash
corpora/unsplash/images/unsplash_002878.jpg,0,unsplash_real,Real_Unsplash
corpora/unsplash/images/unsplash_002879.jpg,0,unsplash_real,Real_Unsplash
corpora/unsplash/images/unsplash_002880.jpg,0,unsplash_real,Real_Unsplash
corpora/unsplash/images/unsplash_002881.jpg,0,unsplash_real,Real_Unsplash
corpora/unsplash/images/unsplash_002882.jpg,0,unsplash_real,Real_Unsplash
corpora/unsplash/images/unsplash_002883.jpg,0,unsplash_real,Real_Unsplash
corpora/unsplash/images/unsplash_002884.jpg,0,unsplash_real,Real_Unsplash
corpora/unsplash/images/unsplash_002885.jpg,0,unsplash_real,Real_Unsplash
corpora/unsplash/images/unsplash_002886.jpg,0,unsplash_real,Real_Unsplash
corpora/unsplash/images/unsplash_002887.jpg,0,unsplash_real,Real_Unsplash
corpora/unsplash/images/unsplash_002888.jpg,0,unsplash_real,Real_Unsplash
corpora/unsplash/images/unsplash_002889.jpg,0,unsplash_real,Real_Unsplash
corpora/unsplash/images/unsplash_002890.jpg,0,unsplash_real,Real_Unsplash
corpora/unsplash/images/unsplash_002891.jpg,0,unsplash_real,Real_Unsplash
corpora/unsplash/images/unsplash_002892.jpg,0,unsplash_real,Real_Unsplash
corpora/unsplash/images/unsplash_002893.jpg,0,unsplash_real,Real_Unsplash
corpora/unsplash/images/unsplash_002894.jpg,0,unsplash_real,Real_Unsplash
corpora/unsplash/images/unsplash_002895.jpg,0,unsplash_real,Real_Unsplash
corpora/unsplash/images/unsplash_002896.jpg,0,unsplash_real,Real_Unsplash
corpora/unsplash/images/unsplash_002897.jpg,0,unsplash_real,Real_Unsplash
corpora/unsplash/images/unsplash_002898.jpg,0,unsplash_real,Real_Unsplash
corpora/unsplash/images/unsplash_002899.jpg,0,unsplash_real,Real_Unsplash
corpora/unsplash/images/unsplash_002900.jpg,0,unsplash_real,Real_Unsplash
corpora/unsplash/images/unsplash_002901.jpg,0,unsplash_real,Real_Unsplash
corpora/unsplash/images/unsplash_002902.jpg,0,unsplash_real,Real_Unsplash
corpora/unsplash/images/unsplash_002903.jpg,0,unsplash_real,Real_Unsplash
corpora/unsplash/images/unsplash_002904.jpg,0,unsplash_real,Real_Unsplash
corpora/unsplash/images/unsplash_002905.jpg,0,unsplash_real,Real_Unsplash
corpora/unsplash/images/unsplash_002906.jpg,0,unsplash_real,Real_Unsplash
corpora/unsplash/images/unsplash_002907.jpg,0,unsplash_real,Real_Unsplash
corpora/unsplash/images/unsplash_002908.jpg,0,unsplash_real,Real_Unsplash
corpora/unsplash/images/unsplash_002909.jpg,0,unsplash_real,Real_Unsplash
corpora/unsplash/images/unsplash_002910.jpg,0,unsplash_real,Real_Unsplash
corpora/unsplash/images/unsplash_002911.jpg,0,unsplash_real,Real_Unsplash
corpora/unsplash/images/unsplash_002912.jpg,0,unsplash_real,Real_Unsplash
corpora/unsplash/images/unsplash_002913.jpg,0,unsplash_real,Real_Unsplash
corpora/unsplash/images/unsplash_002914.jpg,0,unsplash_real,Real_Unsplash
corpora/unsplash/images/unsplash_002915.jpg,0,unsplash_real,Real_Unsplash
corpora/unsplash/images/unsplash_002916.jpg,0,unsplash_real,Real_Unsplash
corpora/unsplash/images/unsplash_002917.jpg,0,unsplash_real,Real_Unsplash
corpora/unsplash/images/unsplash_002918.jpg,0,unsplash_real,Real_Unsplash
corpora/unsplash/images/unsplash_002919.jpg,0,unsplash_real,Real_Unsplash
corpora/unsplash/images/unsplash_002920.jpg,0,unsplash_real,Real_Unsplash
corpora/unsplash/images/unsplash_002921.jpg,0,unsplash_real,Real_Unsplash
corpora/unsplash/images/unsplash_002922.jpg,0,unsplash_real,Real_Unsplash
corpora/unsplash/images/unsplash_002923.jpg,0,unsplash_real,Real_Unsplash
corpora/unsplash/images/unsplash_002924.jpg,0,unsplash_real,Real_Unsplash
corpora/unsplash/images/unsplash_002925.jpg,0,unsplash_real,Real_Unsplash
corpora/unsplash/images/unsplash_002926.jpg,0,unsplash_real,Real_Unsplash
corpora/unsplash/images/unsplash_002927.jpg,0,unsplash_real,Real_Unsplash
corpora/unsplash/images/unsplash_002928.jpg,0,unsplash_real,Real_Unsplash
corpora/unsplash/images/unsplash_002929.jpg,0,unsplash_real,Real_Unsplash
corpora/unsplash/images/unsplash_002930.jpg,0,unsplash_real,Real_Unsplash
corpora/unsplash/images/unsplash_002931.jpg,0,unsplash_real,Real_Unsplash
corpora/unsplash/images/unsplash_002932.jpg,0,unsplash_real,Real_Unsplash
corpora/unsplash/images/unsplash_002933.jpg,0,unsplash_real,Real_Unsplash
corpora/unsplash/images/unsplash_002934.jpg,0,unsplash_real,Real_Unsplash
corpora/unsplash/images/unsplash_002935.jpg,0,unsplash_real,Real_Unsplash
corpora/unsplash/images/unsplash_002936.jpg,0,unsplash_real,Real_Unsplash
corpora/unsplash/images/unsplash_002937.jpg,0,unsplash_real,Real_Unsplash
corpora/unsplash/images/unsplash_002938.jpg,0,unsplash_real,Real_Unsplash
corpora/unsplash/images/unsplash_002939.jpg,0,unsplash_real,Real_Unsplash
corpora/unsplash/images/unsplash_002940.jpg,0,unsplash_real,Real_Unsplash
corpora/unsplash/images/unsplash_002941.jpg,0,unsplash_real,Real_Unsplash
corpora/unsplash/images/unsplash_002942.jpg,0,unsplash_real,Real_Unsplash
corpora/unsplash/images/unsplash_002943.jpg,0,unsplash_real,Real_Unsplash
corpora/unsplash/images/unsplash_002944.jpg,0,unsplash_real,Real_Unsplash
corpora/unsplash/images/unsplash_002945.jpg,0,unsplash_real,Real_Unsplash
corpora/unsplash/images/unsplash_002946.jpg,0,unsplash_real,Real_Unsplash
corpora/unsplash/images/unsplash_002947.jpg,0,unsplash_real,Real_Unsplash
corpora/unsplash/images/unsplash_002948.jpg,0,unsplash_real,Real_Unsplash
corpora/unsplash/images/unsplash_002949.jpg,0,unsplash_real,Real_Unsplash
corpora/unsplash/images/unsplash_002950.jpg,0,unsplash_real,Real_Unsplash
corpora/unsplash/images/unsplash_002951.jpg,0,unsplash_real,Real_Unsplash
corpora/unsplash/images/unsplash_002952.jpg,0,unsplash_real,Real_Unsplash
corpora/unsplash/images/unsplash_002953.jpg,0,unsplash_real,Real_Unsplash
corpora/unsplash/images/unsplash_002954.jpg,0,unsplash_real,Real_Unsplash
corpora/unsplash/images/unsplash_002955.jpg,0,unsplash_real,Real_Unsplash
corpora/unsplash/images/unsplash_002956.jpg,0,unsplash_real,Real_Unsplash
corpora/unsplash/images/unsplash_002957.jpg,0,unsplash_real,Real_Unsplash
corpora/unsplash/images/unsplash_002958.jpg,0,unsplash_real,Real_Unsplash
corpora/unsplash/images/unsplash_002959.jpg,0,unsplash_real,Real_Unsplash
corpora/unsplash/images/unsplash_002960.jpg,0,unsplash_real,Real_Unsplash
corpora/unsplash/images/unsplash_002961.jpg,0,unsplash_real,Real_Unsplash
corpora/unsplash/images/unsplash_002962.jpg,0,unsplash_real,Real_Unsplash
corpora/unsplash/images/unsplash_002963.jpg,0,unsplash_real,Real_Unsplash
corpora/unsplash/images/unsplash_002964.jpg,0,unsplash_real,Real_Unsplash
corpora/unsplash/images/unsplash_002965.jpg,0,unsplash_real,Real_Unsplash
corpora/unsplash/images/unsplash_002966.jpg,0,unsplash_real,Real_Unsplash
corpora/unsplash/images/unsplash_002967.jpg,0,unsplash_real,Real_Unsplash
corpora/unsplash/images/unsplash_002968.jpg,0,unsplash_real,Real_Unsplash
corpora/unsplash/images/unsplash_002969.jpg,0,unsplash_real,Real_Unsplash
corpora/unsplash/images/unsplash_002970.jpg,0,unsplash_real,Real_Unsplash
corpora/unsplash/images/unsplash_002971.jpg,0,unsplash_real,Real_Unsplash
corpora/unsplash/images/unsplash_002972.jpg,0,unsplash_real,Real_Unsplash
corpora/unsplash/images/unsplash_002973.jpg,0,unsplash_real,Real_Unsplash
corpora/unsplash/images/unsplash_002974.jpg,0,unsplash_real,Real_Unsplash
corpora/unsplash/images/unsplash_002975.jpg,0,unsplash_real,Real_Unsplash
corpora/unsplash/images/unsplash_002976.jpg,0,unsplash_real,Real_Unsplash
corpora/unsplash/images/unsplash_002977.jpg,0,unsplash_real,Real_Unsplash
corpora/unsplash/images/unsplash_002978.jpg,0,unsplash_real,Real_Unsplash
corpora/unsplash/images/unsplash_002979.jpg,0,unsplash_real,Real_Unsplash
corpora/unsplash/images/unsplash_002980.jpg,0,unsplash_real,Real_Unsplash
corpora/unsplash/images/unsplash_002981.jpg,0,unsplash_real,Real_Unsplash
corpora/unsplash/images/unsplash_002982.jpg,0,unsplash_real,Real_Unsplash
corpora/unsplash/images/unsplash_002983.jpg,0,unsplash_real,Real_Unsplash
corpora/unsplash/images/unsplash_002984.jpg,0,unsplash_real,Real_Unsplash
corpora/unsplash/images/unsplash_002985.jpg,0,unsplash_real,Real_Unsplash
corpora/unsplash/images/unsplash_002986.jpg,0,unsplash_real,Real_Unsplash
corpora/unsplash/images/unsplash_002987.jpg,0,unsplash_real,Real_Unsplash
corpora/unsplash/images/unsplash_002988.jpg,0,unsplash_real,Real_Unsplash
corpora/unsplash/images/unsplash_002989.jpg,0,unsplash_real,Real_Unsplash
corpora/unsplash/images/unsplash_002990.jpg,0,unsplash_real,Real_Unsplash
corpora/unsplash/images/unsplash_002991.jpg,0,unsplash_real,Real_Unsplash
corpora/unsplash/images/unsplash_002992.jpg,0,unsplash_real,Real_Unsplash
corpora/unsplash/images/unsplash_002993.jpg,0,unsplash_real,Real_Unsplash
corpora/unsplash/images/unsplash_002994.jpg,0,unsplash_real,Real_Unsplash
corpora/unsplash/images/unsplash_002995.jpg,0,unsplash_real,Real_Unsplash
corpora/unsplash/images/unsplash_002996.jpg,0,unsplash_real,Real_Unsplash
corpora/unsplash/images/unsplash_002997.jpg,0,unsplash_real,Real_Unsplash
corpora/unsplash/images/unsplash_002998.jpg,0,unsplash_real,Real_Unsplash
corpora/unsplash/images/unsplash_002999.jpg,0,unsplash_real,Real_Unsplash
corpora/unsplash/images/unsplash_003000.jpg,0,unsplash_real,Real_Unsplash
corpora/unsplash/images/unsplash_003001.jpg,0,unsplash_real,Real_Unsplash
corpora/unsplash/images/unsplash_003002.jpg,0,unsplash_real,Real_Unsplash
corpora/unsplash/images/unsplash_003003.jpg,0,unsplash_real,Real_Unsplash
corpora/unsplash/images/unsplash_003004.jpg,0,unsplash_real,Real_Unsplash
corpora/unsplash/images/unsplash_003005.jpg,0,unsplash_real,Real_Unsplash
corpora/unsplash/images/unsplash_003006.jpg,0,unsplash_real,Real_Unsplash
corpora/unsplash/images/unsplash_003007.jpg,0,unsplash_real,Real_Unsplash
corpora/unsplash/images/unsplash_003008.jpg,0,unsplash_real,Real_Unsplash
corpora/unsplash/images/unsplash_003009.jpg,0,unsplash_real,Real_Unsplash
corpora/unsplash/images/unsplash_003010.jpg,0,unsplash_real,Real_Unsplash
corpora/unsplash/images/unsplash_003011.jpg,0,unsplash_real,Real_Unsplash
corpora/unsplash/images/unsplash_003012.jpg,0,unsplash_real,Real_Unsplash
corpora/unsplash/images/unsplash_003013.jpg,0,unsplash_real,Real_Unsplash
corpora/unsplash/images/unsplash_003014.jpg,0,unsplash_real,Real_Unsplash
corpora/unsplash/images/unsplash_003015.jpg,0,unsplash_real,Real_Unsplash
corpora/unsplash/images/unsplash_003016.jpg,0,unsplash_real,Real_Unsplash
corpora/unsplash/images/unsplash_003017.jpg,0,unsplash_real,Real_Unsplash
corpora/unsplash/images/unsplash_003018.jpg,0,unsplash_real,Real_Unsplash
corpora/unsplash/images/unsplash_003019.jpg,0,unsplash_real,Real_Unsplash
corpora/unsplash/images/unsplash_003020.jpg,0,unsplash_real,Real_Unsplash
corpora/unsplash/images/unsplash_003021.jpg,0,unsplash_real,Real_Unsplash
corpora/unsplash/images/unsplash_003022.jpg,0,unsplash_real,Real_Unsplash
corpora/unsplash/images/unsplash_003023.jpg,0,unsplash_real,Real_Unsplash
corpora/unsplash/images/unsplash_003024.jpg,0,unsplash_real,Real_Unsplash
corpora/unsplash/images/unsplash_003025.jpg,0,unsplash_real,Real_Unsplash
corpora/unsplash/images/unsplash_003026.jpg,0,unsplash_real,Real_Unsplash
corpora/unsplash/images/unsplash_003027.jpg,0,unsplash_real,Real_Unsplash
corpora/unsplash/images/unsplash_003028.jpg,0,unsplash_real,Real_Unsplash
corpora/unsplash/images/unsplash_003029.jpg,0,unsplash_real,Real_Unsplash
corpora/unsplash/images/unsplash_003030.jpg,0,unsplash_real,Real_Unsplash
corpora/unsplash/images/unsplash_003031.jpg,0,unsplash_real,Real_Unsplash
corpora/unsplash/images/unsplash_003032.jpg,0,unsplash_real,Real_Unsplash
corpora/unsplash/images/unsplash_003033.jpg,0,unsplash_real,Real_Unsplash
corpora/unsplash/images/unsplash_003034.jpg,0,unsplash_real,Real_Unsplash
corpora/unsplash/images/unsplash_003035.jpg,0,unsplash_real,Real_Unsplash
corpora/unsplash/images/unsplash_003036.jpg,0,unsplash_real,Real_Unsplash
corpora/unsplash/images/unsplash_003037.jpg,0,unsplash_real,Real_Unsplash
corpora/unsplash/images/unsplash_003038.jpg,0,unsplash_real,Real_Unsplash
corpora/unsplash/images/unsplash_003039.jpg,0,unsplash_real,Real_Unsplash
corpora/unsplash/images/unsplash_003040.jpg,0,unsplash_real,Real_Unsplash
corpora/unsplash/images/unsplash_003041.jpg,0,unsplash_real,Real_Unsplash
corpora/unsplash/images/unsplash_003042.jpg,0,unsplash_real,Real_Unsplash
corpora/unsplash/images/unsplash_003043.jpg,0,unsplash_real,Real_Unsplash
corpora/unsplash/images/unsplash_003044.jpg,0,unsplash_real,Real_Unsplash
corpora/unsplash/images/unsplash_003045.jpg,0,unsplash_real,Real_Unsplash
corpora/unsplash/images/unsplash_003046.jpg,0,unsplash_real,Real_Unsplash
corpora/unsplash/images/unsplash_003047.jpg,0,unsplash_real,Real_Unsplash
corpora/unsplash/images/unsplash_003048.jpg,0,unsplash_real,Real_Unsplash
corpora/unsplash/images/unsplash_003049.jpg,0,unsplash_real,Real_Unsplash
corpora/unsplash/images/unsplash_003050.jpg,0,unsplash_real,Real_Unsplash
corpora/unsplash/images/unsplash_003051.jpg,0,unsplash_real,Real_Unsplash
corpora/unsplash/images/unsplash_003052.jpg,0,unsplash_real,Real_Unsplash
corpora/unsplash/images/unsplash_003053.jpg,0,unsplash_real,Real_Unsplash
corpora/unsplash/images/unsplash_003054.jpg,0,unsplash_real,Real_Unsplash
corpora/unsplash/images/unsplash_003055.jpg,0,unsplash_real,Real_Unsplash
corpora/unsplash/images/unsplash_003056.jpg,0,unsplash_real,Real_Unsplash
corpora/unsplash/images/unsplash_003057.jpg,0,unsplash_real,Real_Unsplash
corpora/unsplash/images/unsplash_003058.jpg,0,unsplash_real,Real_Unsplash
corpora/unsplash/images/unsplash_003059.jpg,0,unsplash_real,Real_Unsplash
corpora/unsplash/images/unsplash_003060.jpg,0,unsplash_real,Real_Unsplash
corpora/unsplash/images/unsplash_003061.jpg,0,unsplash_real,Real_Unsplash
corpora/unsplash/images/unsplash_003062.jpg,0,unsplash_real,Real_Unsplash
corpora/unsplash/images/unsplash_003063.jpg,0,unsplash_real,Real_Unsplash
corpora/unsplash/images/unsplash_003064.jpg,0,unsplash_real,Real_Unsplash
corpora/unsplash/images/unsplash_003065.jpg,0,unsplash_real,Real_Unsplash
corpora/unsplash/images/unsplash_003066.jpg,0,unsplash_real,Real_Unsplash
corpora/unsplash/images/unsplash_003067.jpg,0,unsplash_real,Real_Unsplash
corpora/unsplash/images/unsplash_003068.jpg,0,unsplash_real,Real_Unsplash
corpora/unsplash/images/unsplash_003069.jpg,0,unsplash_real,Real_Unsplash
corpora/unsplash/images/unsplash_003070.jpg,0,unsplash_real,Real_Unsplash
corpora/unsplash/images/unsplash_003071.jpg,0,unsplash_real,Real_Unsplash
corpora/unsplash/images/unsplash_003072.jpg,0,unsplash_real,Real_Unsplash
corpora/unsplash/images/unsplash_003073.jpg,0,unsplash_real,Real_Unsplash
corpora/unsplash/images/unsplash_003074.jpg,0,unsplash_real,Real_Unsplash
corpora/unsplash/images/unsplash_003075.jpg,0,unsplash_real,Real_Unsplash
corpora/unsplash/images/unsplash_003076.jpg,0,unsplash_real,Real_Unsplash
corpora/unsplash/images/unsplash_003077.jpg,0,unsplash_real,Real_Unsplash
corpora/unsplash/images/unsplash_003078.jpg,0,unsplash_real,Real_Unsplash
corpora/unsplash/images/unsplash_003079.jpg,0,unsplash_real,Real_Unsplash
corpora/unsplash/images/unsplash_003080.jpg,0,unsplash_real,Real_Unsplash
corpora/unsplash/images/unsplash_003081.jpg,0,unsplash_real,Real_Unsplash
corpora/unsplash/images/unsplash_003082.jpg,0,unsplash_real,Real_Unsplash
corpora/unsplash/images/unsplash_003083.jpg,0,unsplash_real,Real_Unsplash
corpora/unsplash/images/unsplash_003084.jpg,0,unsplash_real,Real_Unsplash
corpora/unsplash/images/unsplash_003085.jpg,0,unsplash_real,Real_Unsplash
corpora/unsplash/images/unsplash_003086.jpg,0,unsplash_real,Real_Unsplash
corpora/unsplash/images/unsplash_003087.jpg,0,unsplash_real,Real_Unsplash
corpora/unsplash/images/unsplash_003088.jpg,0,unsplash_real,Real_Unsplash
corpora/unsplash/images/unsplash_003089.jpg,0,unsplash_real,Real_Unsplash
corpora/unsplash/images/unsplash_003090.jpg,0,unsplash_real,Real_Unsplash
corpora/unsplash/images/unsplash_003091.jpg,0,unsplash_real,Real_Unsplash
corpora/unsplash/images/unsplash_003092.jpg,0,unsplash_real,Real_Unsplash
corpora/unsplash/images/unsplash_003093.jpg,0,unsplash_real,Real_Unsplash
corpora/unsplash/images/unsplash_003094.jpg,0,unsplash_real,Real_Unsplash
corpora/unsplash/images/unsplash_003095.jpg,0,unsplash_real,Real_Unsplash
corpora/unsplash/images/unsplash_003096.jpg,0,unsplash_real,Real_Unsplash
corpora/unsplash/images/unsplash_003097.jpg,0,unsplash_real,Real_Unsplash
corpora/unsplash/images/unsplash_003098.jpg,0,unsplash_real,Real_Unsplash
corpora/unsplash/images/unsplash_003099.jpg,0,unsplash_real,Real_Unsplash
corpora/unsplash/images/unsplash_003100.jpg,0,unsplash_real,Real_Unsplash
corpora/unsplash/images/unsplash_003101.jpg,0,unsplash_real,Real_Unsplash
corpora/unsplash/images/unsplash_003102.jpg,0,unsplash_real,Real_Unsplash
corpora/unsplash/images/unsplash_003103.jpg,0,unsplash_real,Real_Unsplash
corpora/unsplash/images/unsplash_003104.jpg,0,unsplash_real,Real_Unsplash
corpora/unsplash/images/unsplash_003105.jpg,0,unsplash_real,Real_Unsplash
corpora/unsplash/images/unsplash_003106.jpg,0,unsplash_real,Real_Unsplash
corpora/unsplash/images/unsplash_003107.jpg,0,unsplash_real,Real_Unsplash
corpora/unsplash/images/unsplash_003108.jpg,0,unsplash_real,Real_Unsplash
corpora/unsplash/images/unsplash_003109.jpg,0,unsplash_real,Real_Unsplash
corpora/unsplash/images/unsplash_003110.jpg,0,unsplash_real,Real_Unsplash
corpora/unsplash/images/unsplash_003111.jpg,0,unsplash_real,Real_Unsplash
corpora/unsplash/images/unsplash_003112.jpg,0,unsplash_real,Real_Unsplash
corpora/unsplash/images/unsplash_003113.jpg,0,unsplash_real,Real_Unsplash
corpora/unsplash/images/unsplash_003114.jpg,0,unsplash_real,Real_Unsplash
corpora/unsplash/images/unsplash_003115.jpg,0,unsplash_real,Real_Unsplash
corpora/unsplash/images/unsplash_003116.jpg,0,unsplash_real,Real_Unsplash
corpora/unsplash/images/unsplash_003117.jpg,0,unsplash_real,Real_Unsplash
corpora/unsplash/images/unsplash_003118.jpg,0,unsplash_real,Real_Unsplash
corpora/unsplash/images/unsplash_003119.jpg,0,unsplash_real,Real_Unsplash
corpora/unsplash/images/unsplash_003120.jpg,0,unsplash_real,Real_Unsplash
corpora/unsplash/images/unsplash_003121.jpg,0,unsplash_real,Real_Unsplash
corpora/unsplash/images/unsplash_003122.jpg,0,unsplash_real,Real_Unsplash
corpora/unsplash/images/unsplash_003123.jpg,0,unsplash_real,Real_Unsplash
corpora/unsplash/images/unsplash_003124.jpg,0,unsplash_real,Real_Unsplash
corpora/unsplash/images/unsplash_003125.jpg,0,unsplash_real,Real_Unsplash
corpora/unsplash/images/unsplash_003126.jpg,0,unsplash_real,Real_Unsplash
corpora/unsplash/images/unsplash_003127.jpg,0,unsplash_real,Real_Unsplash
corpora/unsplash/images/unsplash_003128.jpg,0,unsplash_real,Real_Unsplash
corpora/unsplash/images/unsplash_003129.jpg,0,unsplash_real,Real_Unsplash
corpora/unsplash/images/unsplash_003130.jpg,0,unsplash_real,Real_Unsplash
corpora/unsplash/images/unsplash_003131.jpg,0,unsplash_real,Real_Unsplash
corpora/unsplash/images/unsplash_003132.jpg,0,unsplash_real,Real_Unsplash
corpora/unsplash/images/unsplash_003133.jpg,0,unsplash_real,Real_Unsplash
corpora/unsplash/images/unsplash_003134.jpg,0,unsplash_real,Real_Unsplash
corpora/unsplash/images/unsplash_003135.jpg,0,unsplash_real,Real_Unsplash
corpora/unsplash/images/unsplash_003136.jpg,0,unsplash_real,Real_Unsplash
corpora/unsplash/images/unsplash_003137.jpg,0,unsplash_real,Real_Unsplash
corpora/unsplash/images/unsplash_003138.jpg,0,unsplash_real,Real_Unsplash
corpora/unsplash/images/unsplash_003139.jpg,0,unsplash_real,Real_Unsplash
corpora/unsplash/images/unsplash_003140.jpg,0,unsplash_real,Real_Unsplash
corpora/unsplash/images/unsplash_003141.jpg,0,unsplash_real,Real_Unsplash
corpora/unsplash/images/unsplash_003142.jpg,0,unsplash_real,Real_Unsplash
corpora/unsplash/images/unsplash_003143.jpg,0,unsplash_real,Real_Unsplash
corpora/unsplash/images/unsplash_003144.jpg,0,unsplash_real,Real_Unsplash
corpora/unsplash/images/unsplash_003145.jpg,0,unsplash_real,Real_Unsplash
corpora/unsplash/images/unsplash_003146.jpg,0,unsplash_real,Real_Unsplash
corpora/unsplash/images/unsplash_003147.jpg,0,unsplash_real,Real_Unsplash
corpora/unsplash/images/unsplash_003148.jpg,0,unsplash_real,Real_Unsplash
corpora/unsplash/images/unsplash_003149.jpg,0,unsplash_real,Real_Unsplash
corpora/unsplash/images/unsplash_003150.jpg,0,unsplash_real,Real_Unsplash
corpora/unsplash/images/unsplash_003151.jpg,0,unsplash_real,Real_Unsplash
corpora/unsplash/images/unsplash_003152.jpg,0,unsplash_real,Real_Unsplash
corpora/unsplash/images/unsplash_003153.jpg,0,unsplash_real,Real_Unsplash
corpora/unsplash/images/unsplash_003154.jpg,0,unsplash_real,Real_Unsplash
corpora/unsplash/images/unsplash_003155.jpg,0,unsplash_real,Real_Unsplash
corpora/unsplash/images/unsplash_003156.jpg,0,unsplash_real,Real_Unsplash
corpora/unsplash/images/unsplash_003157.jpg,0,unsplash_real,Real_Unsplash
corpora/unsplash/images/unsplash_003158.jpg,0,unsplash_real,Real_Unsplash
corpora/unsplash/images/unsplash_003159.jpg,0,unsplash_real,Real_Unsplash
corpora/unsplash/images/unsplash_003160.jpg,0,unsplash_real,Real_Unsplash
corpora/unsplash/images/unsplash_003161.jpg,0,unsplash_real,Real_Unsplash
corpora/unsplash/images/unsplash_003162.jpg,0,unsplash_real,Real_Unsplash
corpora/unsplash/images/unsplash_003163.jpg,0,unsplash_real,Real_Unsplash
corpora/unsplash/images/unsplash_003164.jpg,0,unsplash_real,Real_Unsplash
corpora/unsplash/images/unsplash_003165.jpg,0,unsplash_real,Real_Unsplash
corpora/unsplash/images/unsplash_003166.jpg,0,unsplash_real,Real_Unsplash
corpora/unsplash/images/unsplash_003167.jpg,0,unsplash_real,Real_Unsplash
corpora/unsplash/images/unsplash_003168.jpg,0,unsplash_real,Real_Unsplash
corpora/unsplash/images/unsplash_003169.jpg,0,unsplash_real,Real_Unsplash
corpora/unsplash/images/unsplash_003170.jpg,0,unsplash_real,Real_Unsplash
corpora/unsplash/images/unsplash_003171.jpg,0,unsplash_real,Real_Unsplash
corpora/unsplash/images/unsplash_003172.jpg,0,unsplash_real,Real_Unsplash
corpora/unsplash/images/unsplash_003173.jpg,0,unsplash_real,Real_Unsplash
corpora/unsplash/images/unsplash_003174.jpg,0,unsplash_real,Real_Unsplash
corpora/unsplash/images/unsplash_003175.jpg,0,unsplash_real,Real_Unsplash
corpora/unsplash/images/unsplash_003176.jpg,0,unsplash_real,Real_Unsplash
corpora/unsplash/images/unsplash_003177.jpg,0,unsplash_real,Real_Unsplash
corpora/unsplash/images/unsplash_003178.jpg,0,unsplash_real,Real_Unsplash
corpora/unsplash/images/unsplash_003179.jpg,0,unsplash_real,Real_Unsplash
corpora/unsplash/images/unsplash_003180.jpg,0,unsplash_real,Real_Unsplash
corpora/unsplash/images/unsplash_003181.jpg,0,unsplash_real,Real_Unsplash
corpora/unsplash/images/unsplash_003182.jpg,0,unsplash_real,Real_Unsplash
corpora/unsplash/images/unsplash_003183.jpg,0,unsplash_real,Real_Unsplash
corpora/unsplash/images/unsplash_003184.jpg,0,unsplash_real,Real_Unsplash
corpora/unsplash/images/unsplash_003185.jpg,0,unsplash_real,Real_Unsplash
corpora/unsplash/images/unsplash_003186.jpg,0,unsplash_real,Real_Unsplash
corpora/unsplash/images/unsplash_003187.jpg,0,unsplash_real,Real_Unsplash
corpora/unsplash/images/unsplash_003188.jpg,0,unsplash_real,Real_Unsplash
corpora/unsplash/images/unsplash_003189.jpg,0,unsplash_real,Real_Unsplash
corpora/unsplash/images/unsplash_003190.jpg,0,unsplash_real,Real_Unsplash
corpora/unsplash/images/unsplash_003191.jpg,0,unsplash_real,Real_Unsplash
corpora/unsplash/images/unsplash_003192.jpg,0,unsplash_real,Real_Unsplash
corpora/unsplash/images/unsplash_003193.jpg,0,unsplash_real,Real_Unsplash
corpora/unsplash/images/unsplash_003194.jpg,0,unsplash_real,Real_Unsplash
corpora/unsplash/images/unsplash_003195.jpg,0,unsplash_real,Real_Unsplash
corpora/unsplash/images/unsplash_003196.jpg,0,unsplash_real,Real_Unsplash
corpora/unsplash/images/unsplash_003197.jpg,0,unsplash_real,Real_Unsplash
corpora/unsplash/images/unsplash_003198.jpg,0,unsplash_real,Real_Unsplash
corpora/unsplash/images/unsplash_003199.jpg,0,unsplash_real,Real_Unsplash
corpora/unsplash/images/unsplash_003200.jpg,0,unsplash_real,Real_Unsplash
corpora/unsplash/images/unsplash_003201.jpg,0,unsplash_real,Real_Unsplash
corpora/unsplash/images/unsplash_003202.jpg,0,unsplash_real,Real_Unsplash
corpora/unsplash/images/unsplash_003203.jpg,0,unsplash_real,Real_Unsplash
corpora/unsplash/images/unsplash_003204.jpg,0,unsplash_real,Real_Unsplash
corpora/unsplash/images/unsplash_003205.jpg,0,unsplash_real,Real_Unsplash
corpora/unsplash/images/unsplash_003206.jpg,0,unsplash_real,Real_Unsplash
corpora/unsplash/images/unsplash_003207.jpg,0,unsplash_real,Real_Unsplash
corpora/unsplash/images/unsplash_003208.jpg,0,unsplash_real,Real_Unsplash
corpora/unsplash/images/unsplash_003209.jpg,0,unsplash_real,Real_Unsplash
corpora/unsplash/images/unsplash_003210.jpg,0,unsplash_real,Real_Unsplash
corpora/unsplash/images/unsplash_003211.jpg,0,unsplash_real,Real_Unsplash
corpora/unsplash/images/unsplash_003212.jpg,0,unsplash_real,Real_Unsplash
corpora/unsplash/images/unsplash_003213.jpg,0,unsplash_real,Real_Unsplash
corpora/unsplash/images/unsplash_003214.jpg,0,unsplash_real,Real_Unsplash
corpora/unsplash/images/unsplash_003215.jpg,0,unsplash_real,Real_Unsplash
corpora/unsplash/images/unsplash_003216.jpg,0,unsplash_real,Real_Unsplash
corpora/unsplash/images/unsplash_003217.jpg,0,unsplash_real,Real_Unsplash
corpora/unsplash/images/unsplash_003218.jpg,0,unsplash_real,Real_Unsplash
corpora/unsplash/images/unsplash_003219.jpg,0,unsplash_real,Real_Unsplash
corpora/unsplash/images/unsplash_003220.jpg,0,unsplash_real,Real_Unsplash
corpora/unsplash/images/unsplash_003221.jpg,0,unsplash_real,Real_Unsplash
corpora/unsplash/images/unsplash_003222.jpg,0,unsplash_real,Real_Unsplash
corpora/unsplash/images/unsplash_003223.jpg,0,unsplash_real,Real_Unsplash
corpora/unsplash/images/unsplash_003224.jpg,0,unsplash_real,Real_Unsplash
corpora/unsplash/images/unsplash_003225.jpg,0,unsplash_real,Real_Unsplash
corpora/unsplash/images/unsplash_003226.jpg,0,unsplash_real,Real_Unsplash
corpora/unsplash/images/unsplash_003227.jpg,0,unsplash_real,Real_Unsplash
corpora/unsplash/images/unsplash_003228.jpg,0,unsplash_real,Real_Unsplash
corpora/unsplash/images/unsplash_003229.jpg,0,unsplash_real,Real_Unsplash
corpora/unsplash/images/unsplash_003230.jpg,0,unsplash_real,Real_Unsplash
corpora/unsplash/images/unsplash_003231.jpg,0,unsplash_real,Real_Unsplash
corpora/unsplash/images/unsplash_003232.jpg,0,unsplash_real,Real_Unsplash
corpora/unsplash/images/unsplash_003233.jpg,0,unsplash_real,Real_Unsplash
corpora/unsplash/images/unsplash_003234.jpg,0,unsplash_real,Real_Unsplash
corpora/unsplash/images/unsplash_003235.jpg,0,unsplash_real,Real_Unsplash
corpora/unsplash/images/unsplash_003236.jpg,0,unsplash_real,Real_Unsplash
corpora/unsplash/images/unsplash_003237.jpg,0,unsplash_real,Real_Unsplash
corpora/unsplash/images/unsplash_003238.jpg,0,unsplash_real,Real_Unsplash
corpora/unsplash/images/unsplash_003239.jpg,0,unsplash_real,Real_Unsplash
corpora/unsplash/images/unsplash_003240.jpg,0,unsplash_real,Real_Unsplash
corpora/unsplash/images/unsplash_003241.jpg,0,unsplash_real,Real_Unsplash
corpora/unsplash/images/unsplash_003242.jpg,0,unsplash_real,Real_Unsplash
corpora/unsplash/images/unsplash_003243.jpg,0,unsplash_real,Real_Unsplash
corpora/unsplash/images/unsplash_003244.jpg,0,unsplash_real,Real_Unsplash
corpora/unsplash/images/unsplash_003245.jpg,0,unsplash_real,Real_Unsplash
corpora/unsplash/images/unsplash_003246.jpg,0,unsplash_real,Real_Unsplash
corpora/unsplash/images/unsplash_003247.jpg,0,unsplash_real,Real_Unsplash
corpora/unsplash/images/unsplash_003248.jpg,0,unsplash_real,Real_Unsplash
corpora/unsplash/images/unsplash_003249.jpg,0,unsplash_real,Real_Unsplash
corpora/unsplash/images/unsplash_003250.jpg,0,unsplash_real,Real_Unsplash
corpora/unsplash/images/unsplash_003251.jpg,0,unsplash_real,Real_Unsplash
corpora/unsplash/images/unsplash_003252.jpg,0,unsplash_real,Real_Unsplash
corpora/unsplash/images/unsplash_003253.jpg,0,unsplash_real,Real_Unsplash
corpora/unsplash/images/unsplash_003254.jpg,0,unsplash_real,Real_Unsplash
corpora/unsplash/images/unsplash_003255.jpg,0,unsplash_real,Real_Unsplash
corpora/unsplash/images/unsplash_003256.jpg,0,unsplash_real,Real_Unsplash
corpora/unsplash/images/unsplash_003257.jpg,0,unsplash_real,Real_Unsplash
corpora/unsplash/images/unsplash_003258.jpg,0,unsplash_real,Real_Unsplash
corpora/unsplash/images/unsplash_003259.jpg,0,unsplash_real,Real_Unsplash
corpora/unsplash/images/unsplash_003260.jpg,0,unsplash_real,Real_Unsplash
corpora/unsplash/images/unsplash_003261.jpg,0,unsplash_real,Real_Unsplash
corpora/unsplash/images/unsplash_003262.jpg,0,unsplash_real,Real_Unsplash
corpora/unsplash/images/unsplash_003263.jpg,0,unsplash_real,Real_Unsplash
corpora/unsplash/images/unsplash_003264.jpg,0,unsplash_real,Real_Unsplash
corpora/unsplash/images/unsplash_003265.jpg,0,unsplash_real,Real_Unsplash
corpora/unsplash/images/unsplash_003266.jpg,0,unsplash_real,Real_Unsplash
corpora/unsplash/images/unsplash_003267.jpg,0,unsplash_real,Real_Unsplash
corpora/unsplash/images/unsplash_003268.jpg,0,unsplash_real,Real_Unsplash
corpora/unsplash/images/unsplash_003269.jpg,0,unsplash_real,Real_Unsplash
corpora/unsplash/images/unsplash_003270.jpg,0,unsplash_real,Real_Unsplash
corpora/unsplash/images/unsplash_003271.jpg,0,unsplash_real,Real_Unsplash
corpora/unsplash/images/unsplash_003272.jpg,0,unsplash_real,Real_Unsplash
corpora/unsplash/images/unsplash_003273.jpg,0,unsplash_real,Real_Unsplash
corpora/unsplash/images/unsplash_003274.jpg,0,unsplash_real,Real_Unsplash
corpora/unsplash/images/unsplash_003275.jpg,0,unsplash_real,Real_Unsplash
corpora/unsplash/images/unsplash_003276.jpg,0,unsplash_real,Real_Unsplash
corpora/unsplash/images/unsplash_003277.jpg,0,unsplash_real,Real_Unsplash
corpora/unsplash/images/unsplash_003278.jpg,0,unsplash_real,Real_Unsplash
corpora/unsplash/images/unsplash_003279.jpg,0,unsplash_real,Real_Unsplash
corpora/unsplash/images/unsplash_003280.jpg,0,unsplash_real,Real_Unsplash
corpora/unsplash/images/unsplash_003281.jpg,0,unsplash_real,Real_Unsplash
corpora/unsplash/images/unsplash_003282.jpg,0,unsplash_real,Real_Unsplash
corpora/unsplash/images/unsplash_003283.jpg,0,unsplash_real,Real_Unsplash
corpora/unsplash/images/unsplash_003284.jpg,0,unsplash_real,Real_Unsplash
corpora/unsplash/images/unsplash_003285.jpg,0,unsplash_real,Real_Unsplash
corpora/unsplash/images/unsplash_003286.jpg,0,unsplash_real,Real_Unsplash
corpora/unsplash/images/unsplash_003287.jpg,0,unsplash_real,Real_Unsplash
corpora/unsplash/images/unsplash_003288.jpg,0,unsplash_real,Real_Unsplash
corpora/unsplash/images/unsplash_003289.jpg,0,unsplash_real,Real_Unsplash
corpora/unsplash/images/unsplash_003290.jpg,0,unsplash_real,Real_Unsplash
corpora/unsplash/images/unsplash_003291.jpg,0,unsplash_real,Real_Unsplash
corpora/unsplash/images/unsplash_003292.jpg,0,unsplash_real,Real_Unsplash
corpora/unsplash/images/unsplash_003293.jpg,0,unsplash_real,Real_Unsplash
corpora/unsplash/images/unsplash_003294.jpg,0,unsplash_real,Real_Unsplash
corpora/unsplash/images/unsplash_003295.jpg,0,unsplash_real,Real_Unsplash
corpora/unsplash/images/unsplash_003296.jpg,0,unsplash_real,Real_Unsplash
corpora/unsplash/images/unsplash_003297.jpg,0,unsplash_real,Real_Unsplash
corpora/unsplash/images/unsplash_003298.jpg,0,unsplash_real,Real_Unsplash
corpora/unsplash/images/unsplash_003299.jpg,0,unsplash_real,Real_Unsplash
corpora/unsplash/images/unsplash_003300.jpg,0,unsplash_real,Real_Unsplash
corpora/unsplash/images/unsplash_003301.jpg,0,unsplash_real,Real_Unsplash
corpora/unsplash/images/unsplash_003302.jpg,0,unsplash_real,Real_Unsplash
corpora/unsplash/images/unsplash_003303.jpg,0,unsplash_real,Real_Unsplash
corpora/unsplash/images/unsplash_003304.jpg,0,unsplash_real,Real_Unsplash
corpora/unsplash/images/unsplash_003305.jpg,0,unsplash_real,Real_Unsplash
corpora/unsplash/images/unsplash_003306.jpg,0,unsplash_real,Real_Unsplash
corpora/unsplash/images/unsplash_003307.jpg,0,unsplash_real,Real_Unsplash
corpora/unsplash/images/unsplash_003308.jpg,0,unsplash_real,Real_Unsplash
corpora/unsplash/images/unsplash_003309.jpg,0,unsplash_real,Real_Unsplash
corpora/unsplash/images/unsplash_003310.jpg,0,unsplash_real,Real_Unsplash
corpora/unsplash/images/unsplash_003311.jpg,0,unsplash_real,Real_Unsplash
corpora/unsplash/images/unsplash_003312.jpg,0,unsplash_real,Real_Unsplash
corpora/unsplash/images/unsplash_003313.jpg,0,unsplash_real,Real_Unsplash
corpora/unsplash/images/unsplash_003314.jpg,0,unsplash_real,Real_Unsplash
corpora/unsplash/images/unsplash_003315.jpg,0,unsplash_real,Real_Unsplash
corpora/unsplash/images/unsplash_003316.jpg,0,unsplash_real,Real_Unsplash
corpora/unsplash/images/unsplash_003317.jpg,0,unsplash_real,Real_Unsplash
corpora/unsplash/images/unsplash_003318.jpg,0,unsplash_real,Real_Unsplash
corpora/unsplash/images/unsplash_003319.jpg,0,unsplash_real,Real_Unsplash
corpora/unsplash/images/unsplash_003320.jpg,0,unsplash_real,Real_Unsplash
corpora/unsplash/images/unsplash_003321.jpg,0,unsplash_real,Real_Unsplash
corpora/unsplash/images/unsplash_003322.jpg,0,unsplash_real,Real_Unsplash
corpora/unsplash/images/unsplash_003323.jpg,0,unsplash_real,Real_Unsplash
corpora/unsplash/images/unsplash_003324.jpg,0,unsplash_real,Real_Unsplash
corpora/unsplash/images/unsplash_003325.jpg,0,unsplash_real,Real_Unsplash
corpora/unsplash/images/unsplash_003326.jpg,0,unsplash_real,Real_Unsplash
corpora/unsplash/images/unsplash_003327.jpg,0,unsplash_real,Real_Unsplash
corpora/unsplash/images/unsplash_003328.jpg,0,unsplash_real,Real_Unsplash
corpora/unsplash/images/unsplash_003329.jpg,0,unsplash_real,Real_Unsplash
corpora/unsplash/images/unsplash_003330.jpg,0,unsplash_real,Real_Unsplash
corpora/unsplash/images/unsplash_003331.jpg,0,unsplash_real,Real_Unsplash
corpora/unsplash/images/unsplash_003332.jpg,0,unsplash_real,Real_Unsplash
corpora/unsplash/images/unsplash_003333.jpg,0,unsplash_real,Real_Unsplash
corpora/unsplash/images/unsplash_003334.jpg,0,unsplash_real,Real_Unsplash
corpora/unsplash/images/unsplash_003335.jpg,0,unsplash_real,Real_Unsplash
corpora/unsplash/images/unsplash_003336.jpg,0,unsplash_real,Real_Unsplash
corpora/unsplash/images/unsplash_003337.jpg,0,unsplash_real,Real_Unsplash
corpora/unsplash/images/unsplash_003338.jpg,0,unsplash_real,Real_Unsplash
corpora/unsplash/images/unsplash_003339.jpg,0,unsplash_real,Real_Unsplash
corpora/unsplash/images/unsplash_003340.jpg,0,unsplash_real,Real_Unsplash
corpora/unsplash/images/unsplash_003341.jpg,0,unsplash_real,Real_Unsplash
corpora/unsplash/images/unsplash_003342.jpg,0,unsplash_real,Real_Unsplash
corpora/unsplash/images/unsplash_003343.jpg,0,unsplash_real,Real_Unsplash
corpora/unsplash/images/unsplash_003344.jpg,0,unsplash_real,Real_Unsplash
corpora/unsplash/images/unsplash_003345.jpg,0,unsplash_real,Real_Unsplash
corpora/unsplash/images/unsplash_003346.jpg,0,unsplash_real,Real_Unsplash
corpora/unsplash/images/unsplash_003347.jpg,0,unsplash_real,Real_Unsplash
corpora/unsplash/images/unsplash_003348.jpg,0,unsplash_real,Real_Unsplash
corpora/unsplash/images/unsplash_003349.jpg,0,unsplash_real,Real_Unsplash
corpora/unsplash/images/unsplash_003350.jpg,0,unsplash_real,Real_Unsplash
corpora/unsplash/images/unsplash_003351.jpg,0,unsplash_real,Real_Unsplash
corpora/unsplash/images/unsplash_003352.jpg,0,unsplash_real,Real_Unsplash
corpora/unsplash/images/unsplash_003353.jpg,0,unsplash_real,Real_Unsplash
corpora/unsplash/images/unsplash_003354.jpg,0,unsplash_real,Real_Unsplash
corpora/unsplash/images/unsplash_003355.jpg,0,unsplash_real,Real_Unsplash
corpora/unsplash/images/unsplash_003356.jpg,0,unsplash_real,Real_Unsplash
corpora/unsplash/images/unsplash_003357.jpg,0,unsplash_real,Real_Unsplash
corpora/unsplash/images/unsplash_003358.jpg,0,unsplash_real,Real_Unsplash
corpora/unsplash/images/unsplash_003359.jpg,0,unsplash_real,Real_Unsplash
corpora/unsplash/images/unsplash_003360.jpg,0,unsplash_real,Real_Unsplash
corpora/unsplash/images/unsplash_003361.jpg,0,unsplash_real,Real_Unsplash
corpora/unsplash/images/unsplash_003362.jpg,0,unsplash_real,Real_Unsplash
corpora/unsplash/images/unsplash_003363.jpg,0,unsplash_real,Real_Unsplash
corpora/unsplash/images/unsplash_003364.jpg,0,unsplash_real,Real_Unsplash
corpora/unsplash/images/unsplash_003365.jpg,0,unsplash_real,Real_Unsplash
corpora/unsplash/images/unsplash_003366.jpg,0,unsplash_real,Real_Unsplash
corpora/unsplash/images/unsplash_003367.jpg,0,unsplash_real,Real_Unsplash
corpora/unsplash/images/unsplash_003368.jpg,0,unsplash_real,Real_Unsplash
corpora/unsplash/images/unsplash_003369.jpg,0,unsplash_real,Real_Unsplash
corpora/unsplash/images/unsplash_003370.jpg,0,unsplash_real,Real_Unsplash
corpora/unsplash/images/unsplash_003371.jpg,0,unsplash_real,Real_Unsplash
corpora/unsplash/images/unsplash_003372.jpg,0,unsplash_real,Real_Unsplash
corpora/unsplash/images/unsplash_003373.jpg,0,unsplash_real,Real_Unsplash
corpora/unsplash/images/unsplash_003374.jpg,0,unsplash_real,Real_Unsplash
corpora/unsplash/images/unsplash_003375.jpg,0,unsplash_real,Real_Unsplash
corpora/unsplash/images/unsplash_003376.jpg,0,unsplash_real,Real_Unsplash
corpora/unsplash/images/unsplash_003377.jpg,0,unsplash_real,Real_Unsplash
corpora/unsplash/images/unsplash_003378.jpg,0,unsplash_real,Real_Unsplash
corpora/unsplash/images/unsplash_003379.jpg,0,unsplash_real,Real_Unsplash
corpora/unsplash/images/unsplash_003380.jpg,0,unsplash_real,Real_Unsplash
corpora/unsplash/images/unsplash_003381.jpg,0,unsplash_real,Real_Unsplash
corpora/unsplash/images/unsplash_003382.jpg,0,unsplash_real,Real_Unsplash
corpora/unsplash/images/unsplash_003383.jpg,0,unsplash_real,Real_Unsplash
corpora/unsplash/images/unsplash_003384.jpg,0,unsplash_real,Real_Unsplash
corpora/unsplash/images/unsplash_003385.jpg,0,unsplash_real,Real_Unsplash
corpora/unsplash/images/unsplash_003386.jpg,0,unsplash_real,Real_Unsplash
corpora/unsplash/images/unsplash_003387.jpg,0,unsplash_real,Real_Unsplash
corpora/unsplash/images/unsplash_003388.jpg,0,unsplash_real,Real_Unsplash
corpora/unsplash/images/unsplash_003389.jpg,0,unsplash_real,Real_Unsplash
corpora/unsplash/images/unsplash_003390.jpg,0,unsplash_real,Real_Unsplash
corpora/unsplash/images/unsplash_003391.jpg,0,unsplash_real,Real_Unsplash
corpora/unsplash/images/unsplash_003392.jpg,0,unsplash_real,Real_Unsplash
corpora/unsplash/images/unsplash_003393.jpg,0,unsplash_real,Real_Unsplash
corpora/unsplash/images/unsplash_003394.jpg,0,unsplash_real,Real_Unsplash
corpora/unsplash/images/unsplash_003395.jpg,0,unsplash_real,Real_Unsplash
corpora/unsplash/images/unsplash_003396.jpg,0,unsplash_real,Real_Unsplash
corpora/unsplash/images/unsplash_003397.jpg,0,unsplash_real,Real_Unsplash
corpora/unsplash/images/unsplash_003398.jpg,0,unsplash_real,Real_Unsplash
corpora/unsplash/images/unsplash_003399.jpg,0,unsplash_real,Real_Unsplash
corpora/unsplash/images/unsplash_003400.jpg,0,unsplash_real,Real_Unsplash
corpora/unsplash/images/unsplash_003401.jpg,0,unsplash_real,Real_Unsplash
corpora/unsplash/images/unsplash_003402.jpg,0,unsplash_real,Real_Unsplash
corpora/unsplash/images/unsplash_003403.jpg,0,unsplash_real,Real_Unsplash
corpora/unsplash/images/unsplash_003404.jpg,0,unsplash_real,Real_Unsplash
corpora/unsplash/images/unsplash_003405.jpg,0,unsplash_real,Real_Unsplash
corpora/unsplash/images/unsplash_003406.jpg,0,unsplash_real,Real_Unsplash
corpora/unsplash/images/unsplash_003407.jpg,0,unsplash_real,Real_Unsplash
corpora/unsplash/images/unsplash_003408.jpg,0,unsplash_real,Real_Unsplash
corpora/unsplash/images/unsplash_003409.jpg,0,unsplash_real,Real_Unsplash
corpora/unsplash/images/unsplash_003410.jpg,0,unsplash_real,Real_Unsplash
corpora/unsplash/images/unsplash_003411.jpg,0,unsplash_real,Real_Unsplash
corpora/unsplash/images/unsplash_003412.jpg,0,unsplash_real,Real_Unsplash
corpora/unsplash/images/unsplash_003413.jpg,0,unsplash_real,Real_Unsplash
corpora/unsplash/images/unsplash_003414.jpg,0,unsplash_real,Real_Unsplash
corpora/unsplash/images/unsplash_003415.jpg,0,unsplash_real,Real_Unsplash
corpora/unsplash/images/unsplash_003416.jpg,0,unsplash_real,Real_Unsplash
corpora/unsplash/images/unsplash_003417.jpg,0,unsplash_real,Real_Unsplash
corpora/unsplash/images/unsplash_003418.jpg,0,unsplash_real,Real_Unsplash
corpora/unsplash/images/unsplash_003419.jpg,0,unsplash_real,Real_Unsplash
corpora/unsplash/images/unsplash_003420.jpg,0,unsplash_real,Real_Unsplash
corpora/unsplash/images/unsplash_003421.jpg,0,unsplash_real,Real_Unsplash
corpora/unsplash/images/unsplash_003422.jpg,0,unsplash_real,Real_Unsplash
corpora/unsplash/images/unsplash_003423.jpg,0,unsplash_real,Real_Unsplash
corpora/unsplash/images/unsplash_003424.jpg,0,unsplash_real,Real_Unsplash
corpora/unsplash/images/unsplash_003425.jpg,0,unsplash_real,Real_Unsplash
corpora/unsplash/images/unsplash_003426.jpg,0,unsplash_real,Real_Unsplash
corpora/unsplash/images/unsplash_003427.jpg,0,unsplash_real,Real_Unsplash
corpora/unsplash/images/unsplash_003428.jpg,0,unsplash_real,Real_Unsplash
corpora/unsplash/images/unsplash_003429.jpg,0,unsplash_real,Real_Unsplash
corpora/unsplash/images/unsplash_003430.jpg,0,unsplash_real,Real_Unsplash
corpora/unsplash/images/unsplash_003431.jpg,0,unsplash_real,Real_Unsplash
corpora/unsplash/images/unsplash_003432.jpg,0,unsplash_real,Real_Unsplash
corpora/unsplash/images/unsplash_003433.jpg,0,unsplash_real,Real_Unsplash
corpora/unsplash/images/unsplash_003434.jpg,0,unsplash_real,Real_Unsplash
corpora/unsplash/images/unsplash_003435.jpg,0,unsplash_real,Real_Unsplash
corpora/unsplash/images/unsplash_003436.jpg,0,unsplash_real,Real_Unsplash
corpora/unsplash/images/unsplash_003437.jpg,0,unsplash_real,Real_Unsplash
corpora/unsplash/images/unsplash_003438.jpg,0,unsplash_real,Real_Unsplash
corpora/unsplash/images/unsplash_003439.jpg,0,unsplash_real,Real_Unsplash
corpora/unsplash/images/unsplash_003440.jpg,0,unsplash_real,Real_Unsplash
corpora/unsplash/images/unsplash_003441.jpg,0,unsplash_real,Real_Unsplash
corpora/unsplash/images/unsplash_003442.jpg,0,unsplash_real,Real_Unsplash
corpora/unsplash/images/unsplash_003443.jpg,0,unsplash_real,Real_Unsplash
corpora/unsplash/images/unsplash_003444.jpg,0,unsplash_real,Real_Unsplash
corpora/unsplash/images/unsplash_003445.jpg,0,unsplash_real,Real_Unsplash
corpora/unsplash/images/unsplash_003446.jpg,0,unsplash_real,Real_Unsplash
corpora/unsplash/images/unsplash_003447.jpg,0,unsplash_real,Real_Unsplash
corpora/unsplash/images/unsplash_003448.jpg,0,unsplash_real,Real_Unsplash
corpora/unsplash/images/unsplash_003449.jpg,0,unsplash_real,Real_Unsplash
corpora/unsplash/images/unsplash_003450.jpg,0,unsplash_real,Real_Unsplash
corpora/unsplash/images/unsplash_003451.jpg,0,unsplash_real,Real_Unsplash
corpora/unsplash/images/unsplash_003452.jpg,0,unsplash_real,Real_Unsplash
corpora/unsplash/images/unsplash_003453.jpg,0,unsplash_real,Real_Unsplash
corpora/unsplash/images/unsplash_003454.jpg,0,unsplash_real,Real_Unsplash
corpora/unsplash/images/unsplash_003455.jpg,0,unsplash_real,Real_Unsplash
corpora/unsplash/images/unsplash_003456.jpg,0,unsplash_real,Real_Unsplash
corpora/unsplash/images/unsplash_003457.jpg,0,unsplash_real,Real_Unsplash
corpora/unsplash/images/unsplash_003458.jpg,0,unsplash_real,Real_Unsplash
corpora/unsplash/images/unsplash_003459.jpg,0,unsplash_real,Real_Unsplash
corpora/unsplash/images/unsplash_003460.jpg,0,unsplash_real,Real_Unsplash
corpora/unsplash/images/unsplash_003461.jpg,0,unsplash_real,Real_Unsplash
corpora/unsplash/images/unsplash_003462.jpg,0,unsplash_real,Real_Unsplash
corpora/unsplash/images/unsplash_003463.jpg,0,unsplash_real,Real_Unsplash
corpora/unsplash/images/unsplash_003464.jpg,0,unsplash_real,Real_Unsplash
corpora/unsplash/images/unsplash_003465.jpg,0,unsplash_real,Real_Unsplash
corpora/unsplash/images/unsplash_003466.jpg,0,unsplash_real,Real_Unsplash
corpora/unsplash/images/unsplash_003467.jpg,0,unsplash_real,Real_Unsplash
corpora/unsplash/images/unsplash_003468.jpg,0,unsplash_real,Real_Unsplash
corpora/unsplash/images/unsplash_003469.jpg,0,unsplash_real,Real_Unsplash
corpora/unsplash/images/unsplash_003470.jpg,0,unsplash_real,Real_Unsplash
corpora/unsplash/images/unsplash_003471.jpg,0,unsplash_real,Real_Unsplash
corpora/unsplash/images/unsplash_003472.jpg,0,unsplash_real,Real_Unsplash
corpora/unsplash/images/unsplash_003473.jpg,0,unsplash_real,Real_Unsplash
corpora/unsplash/images/unsplash_003474.jpg,0,unsplash_real,Real_Unsplash
corpora/unsplash/images/unsplash_003475.jpg,0,unsplash_real,Real_Unsplash
corpora/unsplash/images/unsplash_003476.jpg,0,unsplash_real,Real_Unsplash
corpora/unsplash/images/unsplash_003477.jpg,0,unsplash_real,Real_Unsplash
corpora/unsplash/images/unsplash_003478.jpg,0,unsplash_real,Real_Unsplash
corpora/unsplash/images/unsplash_003479.jpg,0,unsplash_real,Real_Unsplash
corpora/unsplash/images/unsplash_003480.jpg,0,unsplash_real,Real_Unsplash
corpora/unsplash/images/unsplash_003481.jpg,0,unsplash_real,Real_Unsplash
corpora/unsplash/images/unsplash_003482.jpg,0,unsplash_real,Real_Unsplash
corpora/unsplash/images/unsplash_003483.jpg,0,unsplash_real,Real_Unsplash
corpora/unsplash/images/unsplash_003484.jpg,0,unsplash_real,Real_Unsplash
corpora/unsplash/images/unsplash_003485.jpg,0,unsplash_real,Real_Unsplash
corpora/unsplash/images/unsplash_003486.jpg,0,unsplash_real,Real_Unsplash
corpora/unsplash/images/unsplash_003487.jpg,0,unsplash_real,Real_Unsplash
corpora/unsplash/images/unsplash_003488.jpg,0,unsplash_real,Real_Unsplash
corpora/unsplash/images/unsplash_003489.jpg,0,unsplash_real,Real_Unsplash
corpora/unsplash/images/unsplash_003490.jpg,0,unsplash_real,Real_Unsplash
corpora/unsplash/images/unsplash_003491.jpg,0,unsplash_real,Real_Unsplash
corpora/unsplash/images/unsplash_003492.jpg,0,unsplash_real,Real_Unsplash
corpora/unsplash/images/unsplash_003493.jpg,0,unsplash_real,Real_Unsplash
corpora/unsplash/images/unsplash_003494.jpg,0,unsplash_real,Real_Unsplash
corpora/unsplash/images/unsplash_003495.jpg,0,unsplash_real,Real_Unsplash
corpora/unsplash/images/unsplash_003496.jpg,0,unsplash_real,Real_Unsplash
corpora/unsplash/images/unsplash_003497.jpg,0,unsplash_real,Real_Unsplash
corpora/unsplash/images/unsplash_003498.jpg,0,unsplash_real,Real_Unsplash
corpora/unsplash/images/unsplash_003499.jpg,0,unsplash_real,Real_Unsplash
corpora/unsplash/images/unsplash_003500.jpg,0,unsplash_real,Real_Unsplash
corpora/unsplash/images/unsplash_003501.jpg,0,unsplash_real,Real_Unsplash
corpora/unsplash/images/unsplash_003502.jpg,0,unsplash_real,Real_Unsplash
corpora/unsplash/images/unsplash_003503.jpg,0,unsplash_real,Real_Unsplash
corpora/unsplash/images/unsplash_003504.jpg,0,unsplash_real,Real_Unsplash
corpora/unsplash/images/unsplash_003505.jpg,0,unsplash_real,Real_Unsplash
corpora/unsplash/images/unsplash_003506.jpg,0,unsplash_real,Real_Unsplash
corpora/unsplash/images/unsplash_003507.jpg,0,unsplash_real,Real_Unsplash
corpora/unsplash/images/unsplash_003508.jpg,0,unsplash_real,Real_Unsplash
corpora/unsplash/images/unsplash_003509.jpg,0,unsplash_real,Real_Unsplash
corpora/unsplash/images/unsplash_003510.jpg,0,unsplash_real,Real_Unsplash
corpora/unsplash/images/unsplash_003511.jpg,0,unsplash_real,Real_Unsplash
corpora/unsplash/images/unsplash_003512.jpg,0,unsplash_real,Real_Unsplash
corpora/unsplash/images/unsplash_003513.jpg,0,unsplash_real,Real_Unsplash
corpora/unsplash/images/unsplash_003514.jpg,0,unsplash_real,Real_Unsplash
corpora/unsplash/images/unsplash_003515.jpg,0,unsplash_real,Real_Unsplash
corpora/unsplash/images/unsplash_003516.jpg,0,unsplash_real,Real_Unsplash
corpora/unsplash/images/unsplash_003517.jpg,0,unsplash_real,Real_Unsplash
corpora/unsplash/images/unsplash_003518.jpg,0,unsplash_real,Real_Unsplash
corpora/unsplash/images/unsplash_003519.jpg,0,unsplash_real,Real_Unsplash
corpora/unsplash/images/unsplash_003520.jpg,0,unsplash_real,Real_Unsplash
corpora/unsplash/images/unsplash_003521.jpg,0,unsplash_real,Real_Unsplash
corpora/unsplash/images/unsplash_003522.jpg,0,unsplash_real,Real_Unsplash
corpora/unsplash/images/unsplash_003523.jpg,0,unsplash_real,Real_Unsplash
corpora/unsplash/images/unsplash_003524.jpg,0,unsplash_real,Real_Unsplash
corpora/unsplash/images/unsplash_003525.jpg,0,unsplash_real,Real_Unsplash
corpora/unsplash/images/unsplash_003526.jpg,0,unsplash_real,Real_Unsplash
corpora/unsplash/images/unsplash_003527.jpg,0,unsplash_real,Real_Unsplash
corpora/unsplash/images/unsplash_003528.jpg,0,unsplash_real,Real_Unsplash
corpora/unsplash/images/unsplash_003529.jpg,0,unsplash_real,Real_Unsplash
corpora/unsplash/images/unsplash_003530.jpg,0,unsplash_real,Real_Unsplash
corpora/unsplash/images/unsplash_003531.jpg,0,unsplash_real,Real_Unsplash
corpora/unsplash/images/unsplash_003532.jpg,0,unsplash_real,Real_Unsplash
corpora/unsplash/images/unsplash_003533.jpg,0,unsplash_real,Real_Unsplash
corpora/unsplash/images/unsplash_003534.jpg,0,unsplash_real,Real_Unsplash
corpora/unsplash/images/unsplash_003535.jpg,0,unsplash_real,Real_Unsplash
corpora/unsplash/images/unsplash_003536.jpg,0,unsplash_real,Real_Unsplash
corpora/unsplash/images/unsplash_003537.jpg,0,unsplash_real,Real_Unsplash
corpora/unsplash/images/unsplash_003538.jpg,0,unsplash_real,Real_Unsplash
corpora/unsplash/images/unsplash_003539.jpg,0,unsplash_real,Real_Unsplash
corpora/unsplash/images/unsplash_003540.jpg,0,unsplash_real,Real_Unsplash
corpora/unsplash/images/unsplash_003541.jpg,0,unsplash_real,Real_Unsplash
corpora/unsplash/images/unsplash_003542.jpg,0,unsplash_real,Real_Unsplash
corpora/unsplash/images/unsplash_003543.jpg,0,unsplash_real,Real_Unsplash
corpora/unsplash/images/unsplash_003544.jpg,0,unsplash_real,Real_Unsplash
corpora/unsplash/images/unsplash_003545.jpg,0,unsplash_real,Real_Unsplash
corpora/unsplash/images/unsplash_003546.jpg,0,unsplash_real,Real_Unsplash
corpora/unsplash/images/unsplash_003547.jpg,0,unsplash_real,Real_Unsplash
corpora/unsplash/images/unsplash_003548.jpg,0,unsplash_real,Real_Unsplash
corpora/unsplash/images/unsplash_003549.jpg,0,unsplash_real,Real_Unsplash
corpora/unsplash/images/unsplash_003550.jpg,0,unsplash_real,Real_Unsplash
corpora/unsplash/images/unsplash_003551.jpg,0,unsplash_real,Real_Unsplash
corpora/unsplash/images/unsplash_003552.jpg,0,unsplash_real,Real_Unsplash
corpora/unsplash/images/unsplash_003553.jpg,0,unsplash_real,Real_Unsplash
corpora/unsplash/images/unsplash_003554.jpg,0,unsplash_real,Real_Unsplash
corpora/unsplash/images/unsplash_003555.jpg,0,unsplash_real,Real_Unsplash
corpora/unsplash/images/unsplash_003556.jpg,0,unsplash_real,Real_Unsplash
corpora/unsplash/images/unsplash_003557.jpg,0,unsplash_real,Real_Unsplash
corpora/unsplash/images/unsplash_003558.jpg,0,unsplash_real,Real_Unsplash
corpora/unsplash/images/unsplash_003559.jpg,0,unsplash_real,Real_Unsplash
corpora/unsplash/images/unsplash_003560.jpg,0,unsplash_real,Real_Unsplash
corpora/unsplash/images/unsplash_003561.jpg,0,unsplash_real,Real_Unsplash
corpora/unsplash/images/unsplash_003562.jpg,0,unsplash_real,Real_Unsplash
corpora/unsplash/images/unsplash_003563.jpg,0,unsplash_real,Real_Unsplash
corpora/unsplash/images/unsplash_003564.jpg,0,unsplash_real,Real_Unsplash
corpora/unsplash/images/unsplash_003565.jpg,0,unsplash_real,Real_Unsplash
corpora/unsplash/images/unsplash_003566.jpg,0,unsplash_real,Real_Unsplash
corpora/unsplash/images/unsplash_003567.jpg,0,unsplash_real,Real_Unsplash
corpora/unsplash/images/unsplash_003568.jpg,0,unsplash_real,Real_Unsplash
corpora/unsplash/images/unsplash_003569.jpg,0,unsplash_real,Real_Unsplash
corpora/unsplash/images/unsplash_003570.jpg,0,unsplash_real,Real_Unsplash
corpora/unsplash/images/unsplash_003571.jpg,0,unsplash_real,Real_Unsplash
corpora/unsplash/images/unsplash_003572.jpg,0,unsplash_real,Real_Unsplash
corpora/unsplash/images/unsplash_003573.jpg,0,unsplash_real,Real_Unsplash
corpora/unsplash/images/unsplash_003574.jpg,0,unsplash_real,Real_Unsplash
corpora/unsplash/images/unsplash_003575.jpg,0,unsplash_real,Real_Unsplash
corpora/unsplash/images/unsplash_003576.jpg,0,unsplash_real,Real_Unsplash
corpora/unsplash/images/unsplash_003577.jpg,0,unsplash_real,Real_Unsplash
corpora/unsplash/images/unsplash_003578.jpg,0,unsplash_real,Real_Unsplash
corpora/unsplash/images/unsplash_003579.jpg,0,unsplash_real,Real_Unsplash
corpora/unsplash/images/unsplash_003580.jpg,0,unsplash_real,Real_Unsplash
corpora/unsplash/images/unsplash_003581.jpg,0,unsplash_real,Real_Unsplash
corpora/unsplash/images/unsplash_003582.jpg,0,unsplash_real,Real_Unsplash
corpora/unsplash/images/unsplash_003583.jpg,0,unsplash_real,Real_Unsplash
corpora/unsplash/images/unsplash_003584.jpg,0,unsplash_real,Real_Unsplash
corpora/unsplash/images/unsplash_003585.jpg,0,unsplash_real,Real_Unsplash
corpora/unsplash/images/unsplash_003586.jpg,0,unsplash_real,Real_Unsplash
corpora/unsplash/images/unsplash_003587.jpg,0,unsplash_real,Real_Unsplash
corpora/unsplash/images/unsplash_003588.jpg,0,unsplash_real,Real_Unsplash
corpora/unsplash/images/unsplash_003589.jpg,0,unsplash_real,Real_Unsplash
corpora/unsplash/images/unsplash_003590.jpg,0,unsplash_real,Real_Unsplash
corpora/unsplash/images/unsplash_003591.jpg,0,unsplash_real,Real_Unsplash
corpora/unsplash/images/unsplash_003592.jpg,0,unsplash_real,Real_Unsplash
corpora/unsplash/images/unsplash_003593.jpg,0,unsplash_real,Real_Unsplash
corpora/unsplash/images/unsplash_003594.jpg,0,unsplash_real,Real_Unsplash
corpora/unsplash/images/unsplash_003595.jpg,0,unsplash_real,Real_Unsplash
corpora/unsplash/images/unsplash_003596.jpg,0,unsplash_real,Real_Unsplash
corpora/unsplash/images/unsplash_003597.jpg,0,unsplash_real,Real_Unsplash
corpora/unsplash/images/unsplash_003598.jpg,0,unsplash_real,Real_Unsplash
corpora/unsplash/images/unsplash_003599.jpg,0,unsplash_real,Real_Unsplash
corpora/unsplash/images/unsplash_003600.jpg,0,unsplash_real,Real_Unsplash
corpora/unsplash/images/unsplash_003601.jpg,0,unsplash_real,Real_Unsplash
corpora/unsplash/images/unsplash_003602.jpg,0,unsplash_real,Real_Unsplash
corpora/unsplash/images/unsplash_003603.jpg,0,unsplash_real,Real_Unsplash
corpora/unsplash/images/unsplash_003604.jpg,0,unsplash_real,Real_Unsplash
corpora/unsplash/images/unsplash_003605.jpg,0,unsplash_real,Real_Unsplash
corpora/unsplash/images/unsplash_003606.jpg,0,unsplash_real,Real_Unsplash
corpora/unsplash/images/unsplash_003607.jpg,0,unsplash_real,Real_Unsplash
corpora/unsplash/images/unsplash_003608.jpg,0,unsplash_real,Real_Unsplash
corpora/unsplash/images/unsplash_003609.jpg,0,unsplash_real,Real_Unsplash
corpora/unsplash/images/unsplash_003610.jpg,0,unsplash_real,Real_Unsplash
corpora/unsplash/images/unsplash_003611.jpg,0,unsplash_real,Real_Unsplash
corpora/unsplash/images/unsplash_003612.jpg,0,unsplash_real,Real_Unsplash
corpora/unsplash/images/unsplash_003613.jpg,0,unsplash_real,Real_Unsplash
corpora/unsplash/images/unsplash_003614.jpg,0,unsplash_real,Real_Unsplash
corpora/unsplash/images/unsplash_003615.jpg,0,unsplash_real,Real_Unsplash
corpora/unsplash/images/unsplash_003616.jpg,0,unsplash_real,Real_Unsplash
corpora/unsplash/images/unsplash_003617.jpg,0,unsplash_real,Real_Unsplash
corpora/unsplash/images/unsplash_003618.jpg,0,unsplash_real,Real_Unsplash
corpora/unsplash/images/unsplash_003619.jpg,0,unsplash_real,Real_Unsplash
corpora/unsplash/images/unsplash_003620.jpg,0,unsplash_real,Real_Unsplash
corpora/unsplash/images/unsplash_003621.jpg,0,unsplash_real,Real_Unsplash
corpora/unsplash/images/unsplash_003622.jpg,0,unsplash_real,Real_Unsplash
corpora/unsplash/images/unsplash_003623.jpg,0,unsplash_real,Real_Unsplash
corpora/unsplash/images/unsplash_003624.jpg,0,unsplash_real,Real_Unsplash
corpora/unsplash/images/unsplash_003625.jpg,0,unsplash_real,Real_Unsplash
corpora/unsplash/images/unsplash_003626.jpg,0,unsplash_real,Real_Unsplash
corpora/unsplash/images/unsplash_003627.jpg,0,unsplash_real,Real_Unsplash
corpora/unsplash/images/unsplash_003628.jpg,0,unsplash_real,Real_Unsplash
corpora/unsplash/images/unsplash_003629.jpg,0,unsplash_real,Real_Unsplash
corpora/unsplash/images/unsplash_003630.jpg,0,unsplash_real,Real_Unsplash
corpora/unsplash/images/unsplash_003631.jpg,0,unsplash_real,Real_Unsplash
corpora/unsplash/images/unsplash_003632.jpg,0,unsplash_real,Real_Unsplash
corpora/unsplash/images/unsplash_003633.jpg,0,unsplash_real,Real_Unsplash
corpora/unsplash/images/unsplash_003634.jpg,0,unsplash_real,Real_Unsplash
corpora/unsplash/images/unsplash_003635.jpg,0,unsplash_real,Real_Unsplash
corpora/unsplash/images/unsplash_003636.jpg,0,unsplash_real,Real_Unsplash
corpora/unsplash/images/unsplash_003637.jpg,0,unsplash_real,Real_Unsplash
corpora/unsplash/images/unsplash_003638.jpg,0,unsplash_real,Real_Unsplash
corpora/unsplash/images/unsplash_003639.jpg,0,unsplash_real,Real_Unsplash
corpora/unsplash/images/unsplash_003640.jpg,0,unsplash_real,Real_Unsplash
corpora/unsplash/images/unsplash_003641.jpg,0,unsplash_real,Real_Unsplash
corpora/unsplash/images/unsplash_003642.jpg,0,unsplash_real,Real_Unsplash
corpora/unsplash/images/unsplash_003643.jpg,0,unsplash_real,Real_Unsplash
corpora/unsplash/images/unsplash_003644.jpg,0,unsplash_real,Real_Unsplash
corpora/unsplash/images/unsplash_003645.jpg,0,unsplash_real,Real_Unsplash
corpora/unsplash/images/unsplash_003646.jpg,0,unsplash_real,Real_Unsplash
corpora/unsplash/images/unsplash_003647.jpg,0,unsplash_real,Real_Unsplash
corpora/unsplash/images/unsplash_003648.jpg,0,unsplash_real,Real_Unsplash
corpora/unsplash/images/unsplash_003649.jpg,0,unsplash_real,Real_Unsplash
corpora/unsplash/images/unsplash_003650.jpg,0,unsplash_real,Real_Unsplash
corpora/unsplash/images/unsplash_003651.jpg,0,unsplash_real,Real_Unsplash
corpora/unsplash/images/unsplash_003652.jpg,0,unsplash_real,Real_Unsplash
corpora/unsplash/images/unsplash_003653.jpg,0,unsplash_real,Real_Unsplash
corpora/unsplash/images/unsplash_003654.jpg,0,unsplash_real,Real_Unsplash
corpora/unsplash/images/unsplash_003655.jpg,0,unsplash_real,Real_Unsplash
corpora/unsplash/images/unsplash_003656.jpg,0,unsplash_real,Real_Unsplash
corpora/unsplash/images/unsplash_003657.jpg,0,unsplash_real,Real_Unsplash
corpora/unsplash/images/unsplash_003658.jpg,0,unsplash_real,Real_Unsplash
corpora/unsplash/images/unsplash_003659.jpg,0,unsplash_real,Real_Unsplash
corpora/unsplash/images/unsplash_003660.jpg,0,unsplash_real,Real_Unsplash
corpora/unsplash/images/unsplash_003661.jpg,0,unsplash_real,Real_Unsplash
corpora/unsplash/images/unsplash_003662.jpg,0,unsplash_real,Real_Unsplash
corpora/unsplash/images/unsplash_003663.jpg,0,unsplash_real,Real_Unsplash
corpora/unsplash/images/unsplash_003664.jpg,0,unsplash_real,Real_Unsplash
corpora/unsplash/images/unsplash_003665.jpg,0,unsplash_real,Real_Unsplash
corpora/unsplash/images/unsplash_003666.jpg,0,unsplash_real,Real_Unsplash
corpora/unsplash/images/unsplash_003667.jpg,0,unsplash_real,Real_Unsplash
corpora/unsplash/images/unsplash_003668.jpg,0,unsplash_real,Real_Unsplash
corpora/unsplash/images/unsplash_003669.jpg,0,unsplash_real,Real_Unsplash
corpora/unsplash/images/unsplash_003670.jpg,0,unsplash_real,Real_Unsplash
corpora/unsplash/images/unsplash_003671.jpg,0,unsplash_real,Real_Unsplash
corpora/unsplash/images/unsplash_003672.jpg,0,unsplash_real,Real_Unsplash
corpora/unsplash/images/unsplash_003673.jpg,0,unsplash_real,Real_Unsplash
corpora/unsplash/images/unsplash_003674.jpg,0,unsplash_real,Real_Unsplash
corpora/unsplash/images/unsplash_003675.jpg,0,unsplash_real,Real_Unsplash
corpora/unsplash/images/unsplash_003676.jpg,0,unsplash_real,Real_Unsplash
corpora/unsplash/images/unsplash_003677.jpg,0,unsplash_real,Real_Unsplash
corpora/unsplash/images/unsplash_003678.jpg,0,unsplash_real,Real_Unsplash
corpora/unsplash/images/unsplash_003679.jpg,0,unsplash_real,Real_Unsplash
corpora/unsplash/images/unsplash_003680.jpg,0,unsplash_real,Real_Unsplash
corpora/unsplash/images/unsplash_003681.jpg,0,unsplash_real,Real_Unsplash
corpora/unsplash/images/unsplash_003682.jpg,0,unsplash_real,Real_Unsplash
corpora/unsplash/images/unsplash_003683.jpg,0,unsplash_real,Real_Unsplash
corpora/unsplash/images/unsplash_003684.jpg,0,unsplash_real,Real_Unsplash
corpora/unsplash/images/unsplash_003685.jpg,0,unsplash_real,Real_Unsplash
corpora/unsplash/images/unsplash_003686.jpg,0,unsplash_real,Real_Unsplash
corpora/unsplash/images/unsplash_003687.jpg,0,unsplash_real,Real_Unsplash
corpora/unsplash/images/unsplash_003688.jpg,0,unsplash_real,Real_Unsplash
corpora/unsplash/images/unsplash_003689.jpg,0,unsplash_real,Real_Unsplash
corpora/unsplash/images/unsplash_003690.jpg,0,unsplash_real,Real_Unsplash
corpora/unsplash/images/unsplash_003691.jpg,0,unsplash_real,Real_Unsplash
corpora/unsplash/images/unsplash_003692.jpg,0,unsplash_real,Real_Unsplash
corpora/unsplash/images/unsplash_003693.jpg,0,unsplash_real,Real_Unsplash
corpora/unsplash/images/unsplash_003694.jpg,0,unsplash_real,Real_Unsplash
corpora/unsplash/images/unsplash_003695.jpg,0,unsplash_real,Real_Unsplash
corpora/unsplash/images/unsplash_003696.jpg,0,unsplash_real,Real_Unsplash
corpora/unsplash/images/unsplash_003697.jpg,0,unsplash_real,Real_Unsplash
corpora/unsplash/images/unsplash_003698.jpg,0,unsplash_real,Real_Unsplash
corpora/unsplash/images/unsplash_003699.jpg,0,unsplash_real,Real_Unsplash
corpora/unsplash/images/unsplash_003700.jpg,0,unsplash_real,Real_Unsplash
corpora/unsplash/images/unsplash_003701.jpg,0,unsplash_real,Real_Unsplash
corpora/unsplash/images/unsplash_003702.jpg,0,unsplash_real,Real_Unsplash
corpora/unsplash/images/unsplash_003703.jpg,0,unsplash_real,Real_Unsplash
corpora/unsplash/images/unsplash_003704.jpg,0,unsplash_real,Real_Unsplash
corpora/unsplash/images/unsplash_003705.jpg,0,unsplash_real,Real_Unsplash
corpora/unsplash/images/unsplash_003706.jpg,0,unsplash_real,Real_Unsplash
corpora/unsplash/images/unsplash_003707.jpg,0,unsplash_real,Real_Unsplash
corpora/unsplash/images/unsplash_003708.jpg,0,unsplash_real,Real_Unsplash
corpora/unsplash/images/unsplash_003709.jpg,0,unsplash_real,Real_Unsplash
corpora/unsplash/images/unsplash_003710.jpg,0,unsplash_real,Real_Unsplash
corpora/unsplash/images/unsplash_003711.jpg,0,unsplash_real,Real_Unsplash
corpora/unsplash/images/unsplash_003712.jpg,0,unsplash_real,Real_Unsplash
corpora/unsplash/images/unsplash_003713.jpg,0,unsplash_real,Real_Unsplash
corpora/unsplash/images/unsplash_003714.jpg,0,unsplash_real,Real_Unsplash
corpora/unsplash/images/unsplash_003715.jpg,0,unsplash_real,Real_Unsplash
corpora/unsplash/images/unsplash_003716.jpg,0,unsplash_real,Real_Unsplash
corpora/unsplash/images/unsplash_003717.jpg,0,unsplash_real,Real_Unsplash
corpora/unsplash/images/unsplash_003718.jpg,0,unsplash_real,Real_Unsplash
corpora/unsplash/images/unsplash_003719.jpg,0,unsplash_real,Real_Unsplash
corpora/unsplash/images/unsplash_003720.jpg,0,unsplash_real,Real_Unsplash
corpora/unsplash/images/unsplash_003721.jpg,0,unsplash_real,Real_Unsplash
corpora/unsplash/images/unsplash_003722.jpg,0,unsplash_real,Real_Unsplash
corpora/unsplash/images/unsplash_003723.jpg,0,unsplash_real,Real_Unsplash
corpora/unsplash/images/unsplash_003724.jpg,0,unsplash_real,Real_Unsplash
corpora/unsplash/images/unsplash_003725.jpg,0,unsplash_real,Real_Unsplash
corpora/unsplash/images/unsplash_003726.jpg,0,unsplash_real,Real_Unsplash
corpora/unsplash/images/unsplash_003727.jpg,0,unsplash_real,Real_Unsplash
corpora/unsplash/images/unsplash_003728.jpg,0,unsplash_real,Real_Unsplash
corpora/unsplash/images/unsplash_003729.jpg,0,unsplash_real,Real_Unsplash
corpora/unsplash/images/unsplash_003730.jpg,0,unsplash_real,Real_Unsplash
corpora/unsplash/images/unsplash_003731.jpg,0,unsplash_real,Real_Unsplash
corpora/unsplash/images/unsplash_003732.jpg,0,unsplash_real,Real_Unsplash
corpora/unsplash/images/unsplash_003733.jpg,0,unsplash_real,Real_Unsplash
corpora/unsplash/images/unsplash_003734.jpg,0,unsplash_real,Real_Unsplash
corpora/unsplash/images/unsplash_003735.jpg,0,unsplash_real,Real_Unsplash
corpora/unsplash/images/unsplash_003736.jpg,0,unsplash_real,Real_Unsplash
corpora/unsplash/images/unsplash_003737.jpg,0,unsplash_real,Real_Unsplash
corpora/unsplash/images/unsplash_003738.jpg,0,unsplash_real,Real_Unsplash
corpora/unsplash/images/unsplash_003739.jpg,0,unsplash_real,Real_Unsplash
corpora/unsplash/images/unsplash_003740.jpg,0,unsplash_real,Real_Unsplash
corpora/unsplash/images/unsplash_003741.jpg,0,unsplash_real,Real_Unsplash
corpora/unsplash/images/unsplash_003742.jpg,0,unsplash_real,Real_Unsplash
corpora/unsplash/images/unsplash_003743.jpg,0,unsplash_real,Real_Unsplash
corpora/unsplash/images/unsplash_003744.jpg,0,unsplash_real,Real_Unsplash
corpora/unsplash/images/unsplash_003745.jpg,0,unsplash_real,Real_Unsplash
corpora/unsplash/images/unsplash_003746.jpg,0,unsplash_real,Real_Unsplash
corpora/unsplash/images/unsplash_003747.jpg,0,unsplash_real,Real_Unsplash
corpora/unsplash/images/unsplash_003748.jpg,0,unsplash_real,Real_Unsplash
corpora/unsplash/images/unsplash_003749.jpg,0,unsplash_real,Real_Unsplash
corpora/unsplash/images/unsplash_003750.jpg,0,unsplash_real,Real_Unsplash
corpora/unsplash/images/unsplash_003751.jpg,0,unsplash_real,Real_Unsplash
corpora/unsplash/images/unsplash_003752.jpg,0,unsplash_real,Real_Unsplash
corpora/unsplash/images/unsplash_003753.jpg,0,unsplash_real,Real_Unsplash
corpora/unsplash/images/unsplash_003754.jpg,0,unsplash_real,Real_Unsplash
corpora/unsplash/images/unsplash_003755.jpg,0,unsplash_real,Real_Unsplash
corpora/unsplash/images/unsplash_003756.jpg,0,unsplash_real,Real_Unsplash
corpora/unsplash/images/unsplash_003757.jpg,0,unsplash_real,Real_Unsplash
corpora/unsplash/images/unsplash_003758.jpg,0,unsplash_real,Real_Unsplash
corpora/unsplash/images/unsplash_003759.jpg,0,unsplash_real,Real_Unsplash
corpora/unsplash/images/unsplash_003760.jpg,0,unsplash_real,Real_Unsplash
corpora/unsplash/images/unsplash_003761.jpg,0,unsplash_real,Real_Unsplash
corpora/unsplash/images/unsplash_003762.jpg,0,unsplash_real,Real_Unsplash
corpora/unsplash/images/unsplash_003763.jpg,0,unsplash_real,Real_Unsplash
corpora/unsplash/images/unsplash_003764.jpg,0,unsplash_real,Real_Unsplash
corpora/unsplash/images/unsplash_003765.jpg,0,unsplash_real,Real_Unsplash
corpora/unsplash/images/unsplash_003766.jpg,0,unsplash_real,Real_Unsplash
corpora/unsplash/images/unsplash_003767.jpg,0,unsplash_real,Real_Unsplash
corpora/unsplash/images/unsplash_003768.jpg,0,unsplash_real,Real_Unsplash
corpora/unsplash/images/unsplash_003769.jpg,0,unsplash_real,Real_Unsplash
corpora/unsplash/images/unsplash_003770.jpg,0,unsplash_real,Real_Unsplash
corpora/unsplash/images/unsplash_003771.jpg,0,unsplash_real,Real_Unsplash
corpora/unsplash/images/unsplash_003772.jpg,0,unsplash_real,Real_Unsplash
corpora/unsplash/images/unsplash_003773.jpg,0,unsplash_real,Real_Unsplash
corpora/unsplash/images/unsplash_003774.jpg,0,unsplash_real,Real_Unsplash
corpora/unsplash/images/unsplash_003775.jpg,0,unsplash_real,Real_Unsplash
corpora/unsplash/images/unsplash_003776.jpg,0,unsplash_real,Real_Unsplash
corpora/unsplash/images/unsplash_003777.jpg,0,unsplash_real,Real_Unsplash
corpora/unsplash/images/unsplash_003778.jpg,0,unsplash_real,Real_Unsplash
corpora/unsplash/images/unsplash_003779.jpg,0,unsplash_real,Real_Unsplash
corpora/unsplash/images/unsplash_003780.jpg,0,unsplash_real,Real_Unsplash
corpora/unsplash/images/unsplash_003781.jpg,0,unsplash_real,Real_Unsplash
corpora/unsplash/images/unsplash_003782.jpg,0,unsplash_real,Real_Unsplash
corpora/unsplash/images/unsplash_003783.jpg,0,unsplash_real,Real_Unsplash
corpora/unsplash/images/unsplash_003784.jpg,0,unsplash_real,Real_Unsplash
corpora/unsplash/images/unsplash_003785.jpg,0,unsplash_real,Real_Unsplash
corpora/unsplash/images/unsplash_003786.jpg,0,unsplash_real,Real_Unsplash
corpora/unsplash/images/unsplash_003787.jpg,0,unsplash_real,Real_Unsplash
corpora/unsplash/images/unsplash_003788.jpg,0,unsplash_real,Real_Unsplash
corpora/unsplash/images/unsplash_003789.jpg,0,unsplash_real,Real_Unsplash
corpora/unsplash/images/unsplash_003790.jpg,0,unsplash_real,Real_Unsplash
corpora/unsplash/images/unsplash_003791.jpg,0,unsplash_real,Real_Unsplash
corpora/unsplash/images/unsplash_003792.jpg,0,unsplash_real,Real_Unsplash
corpora/unsplash/images/unsplash_003793.jpg,0,unsplash_real,Real_Unsplash
corpora/unsplash/images/unsplash_003794.jpg,0,unsplash_real,Real_Unsplash
corpora/unsplash/images/unsplash_003795.jpg,0,unsplash_real,Real_Unsplash
corpora/unsplash/images/unsplash_003796.jpg,0,unsplash_real,Real_Unsplash
corpora/unsplash/images/unsplash_003797.jpg,0,unsplash_real,Real_Unsplash
corpora/unsplash/images/unsplash_003798.jpg,0,unsplash_real,Real_Unsplash
corpora/unsplash/images/unsplash_003799.jpg,0,unsplash_real,Real_Unsplash
corpora/unsplash/images/unsplash_003800.jpg,0,unsplash_real,Real_Unsplash
corpora/unsplash/images/unsplash_003801.jpg,0,unsplash_real,Real_Unsplash
corpora/unsplash/images/unsplash_003802.jpg,0,unsplash_real,Real_Unsplash
corpora/unsplash/images/unsplash_003803.jpg,0,unsplash_real,Real_Unsplash
corpora/unsplash/images/unsplash_003804.jpg,0,unsplash_real,Real_Unsplash
corpora/unsplash/images/unsplash_003805.jpg,0,unsplash_real,Real_Unsplash
corpora/unsplash/images/unsplash_003806.jpg,0,unsplash_real,Real_Unsplash
corpora/unsplash/images/unsplash_003807.jpg,0,unsplash_real,Real_Unsplash
corpora/unsplash/images/unsplash_003808.jpg,0,unsplash_real,Real_Unsplash
corpora/unsplash/images/unsplash_003809.jpg,0,unsplash_real,Real_Unsplash
corpora/unsplash/images/unsplash_003810.jpg,0,unsplash_real,Real_Unsplash
corpora/unsplash/images/unsplash_003811.jpg,0,unsplash_real,Real_Unsplash
corpora/unsplash/images/unsplash_003812.jpg,0,unsplash_real,Real_Unsplash
corpora/unsplash/images/unsplash_003813.jpg,0,unsplash_real,Real_Unsplash
corpora/unsplash/images/unsplash_003814.jpg,0,unsplash_real,Real_Unsplash
corpora/unsplash/images/unsplash_003815.jpg,0,unsplash_real,Real_Unsplash
corpora/unsplash/images/unsplash_003816.jpg,0,unsplash_real,Real_Unsplash
corpora/unsplash/images/unsplash_003817.jpg,0,unsplash_real,Real_Unsplash
corpora/unsplash/images/unsplash_003818.jpg,0,unsplash_real,Real_Unsplash
corpora/unsplash/images/unsplash_003819.jpg,0,unsplash_real,Real_Unsplash
corpora/unsplash/images/unsplash_003820.jpg,0,unsplash_real,Real_Unsplash
corpora/unsplash/images/unsplash_003821.jpg,0,unsplash_real,Real_Unsplash
corpora/unsplash/images/unsplash_003822.jpg,0,unsplash_real,Real_Unsplash
corpora/unsplash/images/unsplash_003823.jpg,0,unsplash_real,Real_Unsplash
corpora/unsplash/images/unsplash_003824.jpg,0,unsplash_real,Real_Unsplash
corpora/unsplash/images/unsplash_003825.jpg,0,unsplash_real,Real_Unsplash
corpora/unsplash/images/unsplash_003826.jpg,0,unsplash_real,Real_Unsplash
corpora/unsplash/images/unsplash_003827.jpg,0,unsplash_real,Real_Unsplash
corpora/unsplash/images/unsplash_003828.jpg,0,unsplash_real,Real_Unsplash
corpora/unsplash/images/unsplash_003829.jpg,0,unsplash_real,Real_Unsplash
corpora/unsplash/images/unsplash_003830.jpg,0,unsplash_real,Real_Unsplash
corpora/unsplash/images/unsplash_003831.jpg,0,unsplash_real,Real_Unsplash
corpora/unsplash/images/unsplash_003832.jpg,0,unsplash_real,Real_Unsplash
corpora/unsplash/images/unsplash_003833.jpg,0,unsplash_real,Real_Unsplash
corpora/unsplash/images/unsplash_003834.jpg,0,unsplash_real,Real_Unsplash
corpora/unsplash/images/unsplash_003835.jpg,0,unsplash_real,Real_Unsplash
corpora/unsplash/images/unsplash_003836.jpg,0,unsplash_real,Real_Unsplash
corpora/unsplash/images/unsplash_003837.jpg,0,unsplash_real,Real_Unsplash
corpora/unsplash/images/unsplash_003838.jpg,0,unsplash_real,Real_Unsplash
corpora/unsplash/images/unsplash_003839.jpg,0,unsplash_real,Real_Unsplash
corpora/unsplash/images/unsplash_003840.jpg,0,unsplash_real,Real_Unsplash
corpora/unsplash/images/unsplash_003841.jpg,0,unsplash_real,Real_Unsplash
corpora/unsplash/images/unsplash_003842.jpg,0,unsplash_real,Real_Unsplash
corpora/unsplash/images/unsplash_003843.jpg,0,unsplash_real,Real_Unsplash
corpora/unsplash/images/unsplash_003844.jpg,0,unsplash_real,Real_Unsplash
corpora/unsplash/images/unsplash_003845.jpg,0,unsplash_real,Real_Unsplash
corpora/unsplash/images/unsplash_003846.jpg,0,unsplash_real,Real_Unsplash
corpora/unsplash/images/unsplash_003847.jpg,0,unsplash_real,Real_Unsplash
corpora/unsplash/images/unsplash_003848.jpg,0,unsplash_real,Real_Unsplash
corpora/unsplash/images/unsplash_003849.jpg,0,unsplash_real,Real_Unsplash
corpora/unsplash/images/unsplash_003850.jpg,0,unsplash_real,Real_Unsplash
corpora/unsplash/images/unsplash_003851.jpg,0,unsplash_real,Real_Unsplash
corpora/unsplash/images/unsplash_003852.jpg,0,unsplash_real,Real_Unsplash
corpora/unsplash/images/unsplash_003853.jpg,0,unsplash_real,Real_Unsplash
corpora/unsplash/images/unsplash_003854.jpg,0,unsplash_real,Real_Unsplash
corpora/unsplash/images/unsplash_003855.jpg,0,unsplash_real,Real_Unsplash
corpora/unsplash/images/unsplash_003856.jpg,0,unsplash_real,Real_Unsplash
corpora/unsplash/images/unsplash_003857.jpg,0,unsplash_real,Real_Unsplash
corpora/unsplash/images/unsplash_003858.jpg,0,unsplash_real,Real_Unsplash
corpora/unsplash/images/unsplash_003859.jpg,0,unsplash_real,Real_Unsplash
corpora/unsplash/images/unsplash_003860.jpg,0,unsplash_real,Real_Unsplash
corpora/unsplash/images/unsplash_003861.jpg,0,unsplash_real,Real_Unsplash
corpora/unsplash/images/unsplash_003862.jpg,0,unsplash_real,Real_Unsplash
corpora/unsplash/images/unsplash_003863.jpg,0,unsplash_real,Real_Unsplash
corpora/unsplash/images/unsplash_003864.jpg,0,unsplash_real,Real_Unsplash
corpora/unsplash/images/unsplash_003865.jpg,0,unsplash_real,Real_Unsplash
corpora/unsplash/images/unsplash_003866.jpg,0,unsplash_real,Real_Unsplash
corpora/unsplash/images/unsplash_003867.jpg,0,unsplash_real,Real_Unsplash
corpora/unsplash/images/unsplash_003868.jpg,0,unsplash_real,Real_Unsplash
corpora/unsplash/images/unsplash_003869.jpg,0,unsplash_real,Real_Unsplash
corpora/unsplash/images/unsplash_003870.jpg,0,unsplash_real,Real_Unsplash
corpora/unsplash/images/unsplash_003871.jpg,0,unsplash_real,Real_Unsplash
corpora/unsplash/images/unsplash_003872.jpg,0,unsplash_real,Real_Unsplash
corpora/unsplash/images/unsplash_003873.jpg,0,unsplash_real,Real_Unsplash
corpora/unsplash/images/unsplash_003874.jpg,0,unsplash_real,Real_Unsplash
corpora/unsplash/images/unsplash_003875.jpg,0,unsplash_real,Real_Unsplash
corpora/unsplash/images/unsplash_003876.jpg,0,unsplash_real,Real_Unsplash
corpora/unsplash/images/unsplash_003877.jpg,0,unsplash_real,Real_Unsplash
corpora/unsplash/images/unsplash_003878.jpg,0,unsplash_real,Real_Unsplash
corpora/unsplash/images/unsplash_003879.jpg,0,unsplash_real,Real_Unsplash
corpora/unsplash/images/unsplash_003880.jpg,0,unsplash_real,Real_Unsplash
corpora/unsplash/images/unsplash_003881.jpg,0,unsplash_real,Real_Unsplash
corpora/unsplash/images/unsplash_003882.jpg,0,unsplash_real,Real_Unsplash
corpora/unsplash/images/unsplash_003883.jpg,0,unsplash_real,Real_Unsplash
corpora/unsplash/images/unsplash_003884.jpg,0,unsplash_real,Real_Unsplash
corpora/unsplash/images/unsplash_003885.jpg,0,unsplash_real,Real_Unsplash
corpora/unsplash/images/unsplash_003886.jpg,0,unsplash_real,Real_Unsplash
corpora/unsplash/images/unsplash_003887.jpg,0,unsplash_real,Real_Unsplash
corpora/unsplash/images/unsplash_003888.jpg,0,unsplash_real,Real_Unsplash
corpora/unsplash/images/unsplash_003889.jpg,0,unsplash_real,Real_Unsplash
corpora/unsplash/images/unsplash_003890.jpg,0,unsplash_real,Real_Unsplash
corpora/unsplash/images/unsplash_003891.jpg,0,unsplash_real,Real_Unsplash
corpora/unsplash/images/unsplash_003892.jpg,0,unsplash_real,Real_Unsplash
corpora/unsplash/images/unsplash_003893.jpg,0,unsplash_real,Real_Unsplash
corpora/unsplash/images/unsplash_003894.jpg,0,unsplash_real,Real_Unsplash
corpora/unsplash/images/unsplash_003895.jpg,0,unsplash_real,Real_Unsplash
corpora/unsplash/images/unsplash_003896.jpg,0,unsplash_real,Real_Unsplash
corpora/unsplash/images/unsplash_003897.jpg,0,unsplash_real,Real_Unsplash
corpora/unsplash/images/unsplash_003898.jpg,0,unsplash_real,Real_Unsplash
corpora/unsplash/images/unsplash_003899.jpg,0,unsplash_real,Real_Unsplash
corpora/unsplash/images/unsplash_003900.jpg,0,unsplash_real,Real_Unsplash
corpora/unsplash/images/unsplash_003901.jpg,0,unsplash_real,Real_Unsplash
corpora/unsplash/images/unsplash_003902.jpg,0,unsplash_real,Real_Unsplash
corpora/unsplash/images/unsplash_003903.jpg,0,unsplash_real,Real_Unsplash
corpora/unsplash/images/unsplash_003904.jpg,0,unsplash_real,Real_Unsplash
corpora/unsplash/images/unsplash_003905.jpg,0,unsplash_real,Real_Unsplash
corpora/unsplash/images/unsplash_003906.jpg,0,unsplash_real,Real_Unsplash
corpora/unsplash/images/unsplash_003907.jpg,0,unsplash_real,Real_Unsplash
corpora/unsplash/images/unsplash_003908.jpg,0,unsplash_real,Real_Unsplash
corpora/unsplash/images/unsplash_003909.jpg,0,unsplash_real,Real_Unsplash
corpora/unsplash/images/unsplash_003910.jpg,0,unsplash_real,Real_Unsplash
corpora/unsplash/images/unsplash_003911.jpg,0,unsplash_real,Real_Unsplash
corpora/unsplash/images/unsplash_003912.jpg,0,unsplash_real,Real_Unsplash
corpora/unsplash/images/unsplash_003913.jpg,0,unsplash_real,Real_Unsplash
corpora/unsplash/images/unsplash_003914.jpg,0,unsplash_real,Real_Unsplash
corpora/unsplash/images/unsplash_003915.jpg,0,unsplash_real,Real_Unsplash
corpora/unsplash/images/unsplash_003916.jpg,0,unsplash_real,Real_Unsplash
corpora/unsplash/images/unsplash_003917.jpg,0,unsplash_real,Real_Unsplash
corpora/unsplash/images/unsplash_003918.jpg,0,unsplash_real,Real_Unsplash
corpora/unsplash/images/unsplash_003919.jpg,0,unsplash_real,Real_Unsplash
corpora/unsplash/images/unsplash_003920.jpg,0,unsplash_real,Real_Unsplash
corpora/unsplash/images/unsplash_003921.jpg,0,unsplash_real,Real_Unsplash
corpora/unsplash/images/unsplash_003922.jpg,0,unsplash_real,Real_Unsplash
corpora/unsplash/images/unsplash_003923.jpg,0,unsplash_real,Real_Unsplash
corpora/unsplash/images/unsplash_003924.jpg,0,unsplash_real,Real_Unsplash
corpora/unsplash/images/unsplash_003925.jpg,0,unsplash_real,Real_Unsplash
corpora/unsplash/images/unsplash_003926.jpg,0,unsplash_real,Real_Unsplash
corpora/unsplash/images/unsplash_003927.jpg,0,unsplash_real,Real_Unsplash
corpora/unsplash/images/unsplash_003928.jpg,0,unsplash_real,Real_Unsplash
corpora/unsplash/images/unsplash_003929.jpg,0,unsplash_real,Real_Unsplash
corpora/unsplash/images/unsplash_003930.jpg,0,unsplash_real,Real_Unsplash
corpora/unsplash/images/unsplash_003931.jpg,0,unsplash_real,Real_Unsplash
corpora/unsplash/images/unsplash_003932.jpg,0,unsplash_real,Real_Unsplash
corpora/unsplash/images/unsplash_003933.jpg,0,unsplash_real,Real_Unsplash
corpora/unsplash/images/unsplash_003934.jpg,0,unsplash_real,Real_Unsplash
corpora/unsplash/images/unsplash_003935.jpg,0,unsplash_real,Real_Unsplash
corpora/unsplash/images/unsplash_003936.jpg,0,unsplash_real,Real_Unsplash
corpora/unsplash/images/unsplash_003937.jpg,0,unsplash_real,Real_Unsplash
corpora/unsplash/images/unsplash_003938.jpg,0,unsplash_real,Real_Unsplash
corpora/unsplash/images/unsplash_003939.jpg,0,unsplash_real,Real_Unsplash
corpora/unsplash/images/unsplash_003940.jpg,0,unsplash_real,Real_Unsplash
corpora/unsplash/images/unsplash_003941.jpg,0,unsplash_real,Real_Unsplash
corpora/unsplash/images/unsplash_003942.jpg,0,unsplash_real,Real_Unsplash
corpora/unsplash/images/unsplash_003943.jpg,0,unsplash_real,Real_Unsplash
corpora/unsplash/images/unsplash_003944.jpg,0,unsplash_real,Real_Unsplash
corpora/unsplash/images/unsplash_003945.jpg,0,unsplash_real,Real_Unsplash
corpora/unsplash/images/unsplash_003946.jpg,0,unsplash_real,Real_Unsplash
corpora/unsplash/images/unsplash_003947.jpg,0,unsplash_real,Real_Unsplash
corpora/unsplash/images/unsplash_003948.jpg,0,unsplash_real,Real_Unsplash
corpora/unsplash/images/unsplash_003949.jpg,0,unsplash_real,Real_Unsplash
corpora/unsplash/images/unsplash_003950.jpg,0,unsplash_real,Real_Unsplash
corpora/unsplash/images/unsplash_003951.jpg,0,unsplash_real,Real_Unsplash
corpora/unsplash/images/unsplash_003952.jpg,0,unsplash_real,Real_Unsplash
corpora/unsplash/images/unsplash_003953.jpg,0,unsplash_real,Real_Unsplash
corpora/unsplash/images/unsplash_003954.jpg,0,unsplash_real,Real_Unsplash
corpora/unsplash/images/unsplash_003955.jpg,0,unsplash_real,Real_Unsplash
corpora/unsplash/images/unsplash_003956.jpg,0,unsplash_real,Real_Unsplash
corpora/unsplash/images/unsplash_003957.jpg,0,unsplash_real,Real_Unsplash
corpora/unsplash/images/unsplash_003958.jpg,0,unsplash_real,Real_Unsplash
corpora/unsplash/images/unsplash_003959.jpg,0,unsplash_real,Real_Unsplash
corpora/unsplash/images/unsplash_003960.jpg,0,unsplash_real,Real_Unsplash
corpora/unsplash/images/unsplash_003961.jpg,0,unsplash_real,Real_Unsplash
corpora/unsplash/images/unsplash_003962.jpg,0,unsplash_real,Real_Unsplash
corpora/unsplash/images/unsplash_003963.jpg,0,unsplash_real,Real_Unsplash
corpora/unsplash/images/unsplash_003964.jpg,0,unsplash_real,Real_Unsplash
corpora/unsplash/images/unsplash_003965.jpg,0,unsplash_real,Real_Unsplash
corpora/unsplash/images/unsplash_003966.jpg,0,unsplash_real,Real_Unsplash
corpora/unsplash/images/unsplash_003967.jpg,0,unsplash_real,Real_Unsplash
corpora/unsplash/images/unsplash_003968.jpg,0,unsplash_real,Real_Unsplash
corpora/unsplash/images/unsplash_003969.jpg,0,unsplash_real,Real_Unsplash
corpora/unsplash/images/unsplash_003970.jpg,0,unsplash_real,Real_Unsplash
corpora/unsplash/images/unsplash_003971.jpg,0,unsplash_real,Real_Unsplash
corpora/unsplash/images/unsplash_003972.jpg,0,unsplash_real,Real_Unsplash
corpora/unsplash/images/unsplash_003973.jpg,0,unsplash_real,Real_Unsplash
corpora/unsplash/images/unsplash_003974.jpg,0,unsplash_real,Real_Unsplash
corpora/unsplash/images/unsplash_003975.jpg,0,unsplash_real,Real_Unsplash
corpora/unsplash/images/unsplash_003976.jpg,0,unsplash_real,Real_Unsplash
corpora/unsplash/images/unsplash_003977.jpg,0,unsplash_real,Real_Unsplash
corpora/unsplash/images/unsplash_003978.jpg,0,unsplash_real,Real_Unsplash
corpora/unsplash/images/unsplash_003979.jpg,0,unsplash_real,Real_Unsplash
corpora/unsplash/images/unsplash_003980.jpg,0,unsplash_real,Real_Unsplash
corpora/unsplash/images/unsplash_003981.jpg,0,unsplash_real,Real_Unsplash
corpora/unsplash/images/unsplash_003982.jpg,0,unsplash_real,Real_Unsplash
corpora/unsplash/images/unsplash_003983.jpg,0,unsplash_real,Real_Unsplash
corpora/unsplash/images/unsplash_003984.jpg,0,unsplash_real,Real_Unsplash
corpora/unsplash/images/unsplash_003985.jpg,0,unsplash_real,Real_Unsplash
corpora/unsplash/images/unsplash_003986.jpg,0,unsplash_real,Real_Unsplash
corpora/unsplash/images/unsplash_003987.jpg,0,unsplash_real,Real_Unsplash
corpora/unsplash/images/unsplash_003988.jpg,0,unsplash_real,Real_Unsplash
corpora/unsplash/images/unsplash_003989.jpg,0,unsplash_real,Real_Unsplash
corpora/unsplash/images/unsplash_003990.jpg,0,unsplash_real,Real_Unsplash
corpora/unsplash/images/unsplash_003991.jpg,0,unsplash_real,Real_Unsplash
corpora/unsplash/images/unsplash_003992.jpg,0,unsplash_real,Real_Unsplash
corpora/unsplash/images/unsplash_003993.jpg,0,unsplash_real,Real_Unsplash
corpora/unsplash/images/unsplash_003994.jpg,0,unsplash_real,Real_Unsplash
corpora/unsplash/images/unsplash_003995.jpg,0,unsplash_real,Real_Unsplash
corpora/unsplash/images/unsplash_003996.jpg,0,unsplash_real,Real_Unsplash
corpora/unsplash/images/unsplash_003997.jpg,0,unsplash_real,Real_Unsplash
corpora/unsplash/images/unsplash_003998.jpg,0,unsplash_real,Real_Unsplash
corpora/unsplash/images/unsplash_003999.jpg,0,unsplash_real,Real_Unsplash
